{"type":"FeatureCollection","features":[{"type":"Feature","properties":{"REMARK":"Jalan Lain","_cls":"Jalan Lain"},"geometry":{"type":"MultiLineString","coordinates":[[[111.6441,-7.96812],[111.64401,-7.96761],[111.64402,-7.96727],[111.64437,-7.96687],[111.64441,-7.96671],[111.64431,-7.96626],[111.64435,-7.96615],[111.64468,-7.96572],[111.64495,-7.96549],[111.64564,-7.96588],[111.64581,-7.96591],[111.64603,-7.96579],[111.64618,-7.96559],[111.64646,-7.96483],[111.64664,-7.96449],[111.6468,-7.96435],[111.64703,-7.96425],[111.64717,-7.96415],[111.6481,-7.96286],[111.64821,-7.96228],[111.64822,-7.96177],[111.64818,-7.96163],[111.6478,-7.96184],[111.64773,-7.9618],[111.6476,-7.96118],[111.64749,-7.96114],[111.64703,-7.9613],[111.64638,-7.96113],[111.64532,-7.96129],[111.64513,-7.96127],[111.64505,-7.96084],[111.64492,-7.96072],[111.64481,-7.96069],[111.64421,-7.96085],[111.64332,-7.96093],[111.64259,-7.96137],[111.64255,-7.96132],[111.64285,-7.96098],[111.64289,-7.9609],[111.64277,-7.96086]],[[111.64234,-7.96095],[111.64224,-7.96092],[111.64209,-7.96081]]]}},{"type":"Feature","properties":{"REMARK":"Jalan Lain","_cls":"Jalan Lain"},"geometry":{"type":"LineString","coordinates":[[111.53629,-7.97218],[111.53636,-7.97388]]}},{"type":"Feature","properties":{"REMARK":"Jalan Lain","_cls":"Jalan Lain"},"geometry":{"type":"LineString","coordinates":[[111.56219,-7.94449],[111.5627,-7.94438],[111.56305,-7.9444]]}},{"type":"Feature","properties":{"REMARK":"Jalan Lain","_cls":"Jalan Lain"},"geometry":{"type":"LineString","coordinates":[[111.56432,-8.03631],[111.5643,-8.03584],[111.56367,-8.03509],[111.56308,-8.03414],[111.56279,-8.03413],[111.56217,-8.03481],[111.56198,-8.03512],[111.56146,-8.03545],[111.56091,-8.03548],[111.56012,-8.03452],[111.55972,-8.03427],[111.55935,-8.03454],[111.55892,-8.03543],[111.5583,-8.03496],[111.55801,-8.03488],[111.55766,-8.03451],[111.5573,-8.0347],[111.55694,-8.0351],[111.55643,-8.03512],[111.55593,-8.03502],[111.55554,-8.03517],[111.55504,-8.03483],[111.55385,-8.03506],[111.55365,-8.03541],[111.5535,-8.03558],[111.55298,-8.0358],[111.55233,-8.03615],[111.55197,-8.03556],[111.55166,-8.03553],[111.55111,-8.03613],[111.55109,-8.03702],[111.5509,-8.03753],[111.55036,-8.03751]]}},{"type":"Feature","properties":{"REMARK":"Jalan Setapak","_cls":"Jalan Setapak"},"geometry":{"type":"MultiLineString","coordinates":[[[111.58036,-7.92963],[111.57936,-7.92965]],[[111.58904,-7.93157],[111.58783,-7.9316],[111.58706,-7.93152],[111.58534,-7.9311],[111.58507,-7.93093],[111.58481,-7.93065],[111.58414,-7.93007],[111.58269,-7.93017],[111.58161,-7.92992]],[[111.59245,-7.93167],[111.59158,-7.9315],[111.59009,-7.93153]]]}},{"type":"Feature","properties":{"REMARK":"Jalan Lain","_cls":"Jalan Lain"},"geometry":{"type":"LineString","coordinates":[[111.58713,-8.02315],[111.58704,-8.02306]]}},{"type":"Feature","properties":{"REMARK":"Jalan Lain","_cls":"Jalan Lain"},"geometry":{"type":"LineString","coordinates":[[111.63948,-7.97392],[111.63906,-7.974]]}},{"type":"Feature","properties":{"REMARK":"Jalan Lain","_cls":"Jalan Lain"},"geometry":{"type":"LineString","coordinates":[[111.56112,-7.94151],[111.56099,-7.94041],[111.56082,-7.94016],[111.55963,-7.93923],[111.5594,-7.93897],[111.55889,-7.93889]]}},{"type":"Feature","properties":{"REMARK":"Jalan Lain","_cls":"Jalan Lain"},"geometry":{"type":"LineString","coordinates":[[111.53962,-7.94026],[111.53749,-7.94053]]}},{"type":"Feature","properties":{"REMARK":"Jalan Lain","_cls":"Jalan Lain"},"geometry":{"type":"LineString","coordinates":[[111.63108,-7.96164],[111.63103,-7.96131],[111.63153,-7.96069],[111.63169,-7.96058],[111.6319,-7.96022],[111.63186,-7.95989],[111.63188,-7.9596],[111.63161,-7.95921],[111.63133,-7.95905],[111.6314,-7.9584]]}},{"type":"Feature","properties":{"REMARK":"Jalan Lain","_cls":"Jalan Lain"},"geometry":{"type":"LineString","coordinates":[[111.53676,-7.98155],[111.53674,-7.98008]]}},{"type":"Feature","properties":{"REMARK":"Jalan Setapak","_cls":"Jalan Setapak"},"geometry":{"type":"LineString","coordinates":[[111.62435,-7.94842],[111.62436,-7.9473],[111.62434,-7.94705],[111.62428,-7.9469],[111.62408,-7.94662]]}},{"type":"Feature","properties":{"REMARK":"Jalan Lain","_cls":"Jalan Lain"},"geometry":{"type":"LineString","coordinates":[[111.61238,-7.96269],[111.61234,-7.96241],[111.6122,-7.96192],[111.61204,-7.96157],[111.61291,-7.96142],[111.6141,-7.96106],[111.61436,-7.96093],[111.61518,-7.96079]]}},{"type":"Feature","properties":{"REMARK":"Jalan Lain","_cls":"Jalan Lain"},"geometry":{"type":"LineString","coordinates":[[111.64306,-7.99854],[111.64356,-7.99822],[111.64387,-7.99813],[111.64433,-7.99791],[111.64468,-7.99771],[111.64485,-7.99756],[111.64486,-7.99751],[111.64445,-7.99709],[111.64418,-7.99658],[111.64414,-7.99624],[111.64423,-7.99582],[111.64425,-7.99556],[111.64449,-7.99513]]}},{"type":"Feature","properties":{"REMARK":"Jalan Setapak","_cls":"Jalan Setapak"},"geometry":{"type":"LineString","coordinates":[[111.65201,-7.9665],[111.65217,-7.96665],[111.6524,-7.96709],[111.65258,-7.96735],[111.65266,-7.96805],[111.65273,-7.96819],[111.65279,-7.9685],[111.65278,-7.96895],[111.65267,-7.96915],[111.65199,-7.96967],[111.65188,-7.96982],[111.65183,-7.9702]]}},{"type":"Feature","properties":{"REMARK":"Jalan Lain","_cls":"Jalan Lain"},"geometry":{"type":"LineString","coordinates":[[111.53409,-7.95345],[111.53381,-7.95345]]}},{"type":"Feature","properties":{"REMARK":"Jalan Lain","_cls":"Jalan Lain"},"geometry":{"type":"LineString","coordinates":[[111.5898,-8.01568],[111.58953,-8.01618],[111.58943,-8.01624],[111.58892,-8.01636],[111.58876,-8.01649],[111.58853,-8.01681],[111.58836,-8.01717],[111.58837,-8.0174],[111.58849,-8.01792]]}},{"type":"Feature","properties":{"REMARK":"Jalan Setapak","_cls":"Jalan Setapak"},"geometry":{"type":"LineString","coordinates":[[111.64906,-7.97056],[111.64889,-7.97079],[111.64865,-7.97085],[111.64856,-7.97091],[111.64852,-7.97113],[111.64864,-7.97183],[111.64861,-7.972],[111.64857,-7.97204],[111.64648,-7.97259],[111.64595,-7.97266],[111.64584,-7.97264],[111.64575,-7.97257],[111.64571,-7.97222],[111.64573,-7.97144],[111.6452,-7.97076],[111.64501,-7.97017]]}},{"type":"Feature","properties":{"REMARK":"Jalan Lain","_cls":"Jalan Lain"},"geometry":{"type":"LineString","coordinates":[[111.55574,-7.95221],[111.55572,-7.9525],[111.55584,-7.95325]]}},{"type":"Feature","properties":{"REMARK":"Jalan Lain","_cls":"Jalan Lain"},"geometry":{"type":"LineString","coordinates":[[111.64372,-8.00394],[111.644,-8.00295],[111.64399,-8.00219],[111.64387,-8.00197],[111.64374,-8.00179],[111.64369,-8.00133],[111.64323,-8.00069],[111.64314,-8.00051],[111.64313,-7.99902],[111.64306,-7.99854]]}},{"type":"Feature","properties":{"REMARK":"Jalan Lokal","_cls":"Jalan Lokal"},"geometry":{"type":"LineString","coordinates":[[111.65283,-7.99788],[111.65287,-7.99738]]}},{"type":"Feature","properties":{"REMARK":"Jalan Setapak","_cls":"Jalan Setapak"},"geometry":{"type":"LineString","coordinates":[[111.65269,-8.00298],[111.65248,-8.00305],[111.65208,-8.0031],[111.65196,-8.003],[111.65174,-8.00272],[111.65157,-8.00257],[111.65073,-8.00215],[111.65048,-8.00198],[111.65009,-8.0016],[111.65007,-8.00148],[111.65014,-8.0013],[111.65038,-8.00091],[111.65045,-8.00036],[111.65055,-8.0001],[111.65138,-7.99884],[111.65153,-7.99871],[111.6519,-7.99857],[111.65229,-7.99851],[111.65295,-7.99854]]}},{"type":"Feature","properties":{"REMARK":"Jalan Lain","_cls":"Jalan Lain"},"geometry":{"type":"LineString","coordinates":[[111.57863,-7.98675],[111.57786,-7.98579],[111.57779,-7.98571],[111.57771,-7.98568],[111.57576,-7.9863],[111.57546,-7.98634],[111.57478,-7.98681],[111.5746,-7.98682],[111.57451,-7.98679]]}},{"type":"Feature","properties":{"REMARK":"Jalan Setapak","_cls":"Jalan Setapak"},"geometry":{"type":"LineString","coordinates":[[111.56649,-8.00404],[111.56655,-8.0043],[111.56654,-8.00473]]}},{"type":"Feature","properties":{"REMARK":"Jalan Lain","_cls":"Jalan Lain"},"geometry":{"type":"LineString","coordinates":[[111.55303,-7.93236],[111.55302,-7.93205]]}},{"type":"Feature","properties":{"REMARK":"Jalan Setapak","_cls":"Jalan Setapak"},"geometry":{"type":"LineString","coordinates":[[111.64779,-7.96016],[111.64783,-7.96024],[111.64794,-7.96029],[111.64817,-7.96031],[111.64835,-7.96028]]}},{"type":"Feature","properties":{"REMARK":"Jalan Lain","_cls":"Jalan Lain"},"geometry":{"type":"LineString","coordinates":[[111.61399,-8.0109],[111.61373,-8.01082],[111.61337,-8.01078],[111.61222,-8.01097],[111.612,-8.01105],[111.6117,-8.01121],[111.61151,-8.01138],[111.61134,-8.01187],[111.61086,-8.01234]]}},{"type":"Feature","properties":{"REMARK":"Jalan Lain","_cls":"Jalan Lain"},"geometry":{"type":"LineString","coordinates":[[111.56768,-7.96864],[111.56797,-7.96872],[111.56868,-7.96913],[111.56843,-7.97016]]}},{"type":"Feature","properties":{"REMARK":"Jalan Setapak","_cls":"Jalan Setapak"},"geometry":{"type":"LineString","coordinates":[[111.55538,-7.94964],[111.55534,-7.94759]]}},{"type":"Feature","properties":{"REMARK":"Jalan Setapak","_cls":"Jalan Setapak"},"geometry":{"type":"LineString","coordinates":[[111.55237,-7.94547],[111.55219,-7.94543],[111.55176,-7.94541],[111.55126,-7.94543],[111.55065,-7.94554],[111.5504,-7.94551],[111.55031,-7.94545],[111.55025,-7.94533],[111.55011,-7.94419]]}},{"type":"Feature","properties":{"REMARK":"Jalan Lain","_cls":"Jalan Lain"},"geometry":{"type":"LineString","coordinates":[[111.54066,-7.98676],[111.54061,-7.98715],[111.54052,-7.98877],[111.54062,-7.98913],[111.54063,-7.98933]]}},{"type":"Feature","properties":{"REMARK":"Jalan Lain","_cls":"Jalan Lain"},"geometry":{"type":"LineString","coordinates":[[111.5499,-7.95303],[111.54985,-7.95314],[111.5494,-7.95332],[111.54888,-7.95363],[111.54858,-7.95373],[111.54712,-7.95404],[111.54645,-7.9541]]}},{"type":"Feature","properties":{"REMARK":"Jalan Lokal","_cls":"Jalan Lokal"},"geometry":{"type":"LineString","coordinates":[[111.6374,-7.99141],[111.63723,-7.99041],[111.63726,-7.99013],[111.63763,-7.98945],[111.63783,-7.98923]]}},{"type":"Feature","properties":{"REMARK":"Jalan Setapak","_cls":"Jalan Setapak"},"geometry":{"type":"LineString","coordinates":[[111.63822,-7.98395],[111.63844,-7.984],[111.64082,-7.98536],[111.64098,-7.98565],[111.6411,-7.98567],[111.64162,-7.98565],[111.64177,-7.98593],[111.64184,-7.98595],[111.64256,-7.9857],[111.6433,-7.98568],[111.64345,-7.98574],[111.64358,-7.98585],[111.64394,-7.98577],[111.64444,-7.98572],[111.6447,-7.98559],[111.64501,-7.98515],[111.64536,-7.98398],[111.64564,-7.98298],[111.6458,-7.98221],[111.64578,-7.98183],[111.64569,-7.98178],[111.64559,-7.98182],[111.64475,-7.98235],[111.64457,-7.98237],[111.64434,-7.98203],[111.64342,-7.98198],[111.64361,-7.98131],[111.64382,-7.98087],[111.64394,-7.98079],[111.64438,-7.98063],[111.64509,-7.98059],[111.64523,-7.98048],[111.6453,-7.98035],[111.64533,-7.9802],[111.64531,-7.97979],[111.64543,-7.97959],[111.64604,-7.97908],[111.64652,-7.97901],[111.64686,-7.97886],[111.64705,-7.97863],[111.64709,-7.9785],[111.64705,-7.97805],[111.64689,-7.97763],[111.64696,-7.9771],[111.64678,-7.97674],[111.6468,-7.9764],[111.64696,-7.97602]]}},{"type":"Feature","properties":{"REMARK":"Jalan Lain","_cls":"Jalan Lain"},"geometry":{"type":"LineString","coordinates":[[111.55144,-7.93022],[111.55144,-7.92964],[111.55234,-7.92945],[111.55242,-7.92902],[111.55244,-7.92826],[111.55248,-7.9281],[111.55428,-7.92812]]}},{"type":"Feature","properties":{"REMARK":"Jalan Lain","_cls":"Jalan Lain"},"geometry":{"type":"LineString","coordinates":[[111.5647,-7.94907],[111.5646,-7.9491],[111.56376,-7.94916],[111.56328,-7.94912]]}},{"type":"Feature","properties":{"REMARK":"Jalan Lain","_cls":"Jalan Lain"},"geometry":{"type":"LineString","coordinates":[[111.56422,-8.02839],[111.56461,-8.02826],[111.5664,-8.02905],[111.56781,-8.02916],[111.56928,-8.02948],[111.57027,-8.02996],[111.57027,-8.03063]]}},{"type":"Feature","properties":{"REMARK":"Jalan Lain","_cls":"Jalan Lain"},"geometry":{"type":"LineString","coordinates":[[111.54808,-7.96395],[111.54709,-7.96384],[111.54713,-7.96322],[111.54726,-7.96259],[111.5474,-7.96236]]}},{"type":"Feature","properties":{"REMARK":"Jalan Lain","_cls":"Jalan Lain"},"geometry":{"type":"LineString","coordinates":[[111.53612,-7.95349],[111.53639,-7.95344],[111.53761,-7.95341],[111.53862,-7.95357],[111.53885,-7.95358],[111.53896,-7.95355],[111.53898,-7.95351]]}},{"type":"Feature","properties":{"REMARK":"Jalan Lain","_cls":"Jalan Lain"},"geometry":{"type":"MultiLineString","coordinates":[[[111.54105,-7.97044],[111.54101,-7.97051],[111.54059,-7.97047],[111.53982,-7.97034],[111.53891,-7.97023]],[[111.54271,-7.97028],[111.54113,-7.9703],[111.54111,-7.97035]]]}},{"type":"Feature","properties":{"REMARK":"Jalan Lain","_cls":"Jalan Lain"},"geometry":{"type":"LineString","coordinates":[[111.53943,-7.93939],[111.53962,-7.94026]]}},{"type":"Feature","properties":{"REMARK":"Jalan Setapak","_cls":"Jalan Setapak"},"geometry":{"type":"LineString","coordinates":[[111.61686,-8.00433],[111.61749,-8.00467],[111.61773,-8.00476],[111.61804,-8.00476],[111.61819,-8.00473],[111.61885,-8.00439],[111.61923,-8.00447],[111.61972,-8.00481],[111.62008,-8.005],[111.62092,-8.00524],[111.62109,-8.00522],[111.62146,-8.00497],[111.62152,-8.00483],[111.6216,-8.00425]]}},{"type":"Feature","properties":{"REMARK":"Jalan Setapak","_cls":"Jalan Setapak"},"geometry":{"type":"LineString","coordinates":[[111.58092,-7.96309],[111.58152,-7.96103]]}},{"type":"Feature","properties":{"REMARK":"Jalan Lain","_cls":"Jalan Lain"},"geometry":{"type":"LineString","coordinates":[[111.52944,-7.96764],[111.52948,-7.97086]]}},{"type":"Feature","properties":{"REMARK":"Jalan Lokal","_cls":"Jalan Lokal"},"geometry":{"type":"LineString","coordinates":[[111.61925,-7.98037],[111.61963,-7.98022],[111.61989,-7.97997],[111.62008,-7.97949],[111.62011,-7.97897],[111.61995,-7.97881],[111.6198,-7.97872],[111.6198,-7.97864],[111.61993,-7.97854],[111.62009,-7.97847],[111.621,-7.97814],[111.62134,-7.97792],[111.62162,-7.97769],[111.62253,-7.97733],[111.62329,-7.97694],[111.62336,-7.97687],[111.62349,-7.97639]]}},{"type":"Feature","properties":{"REMARK":"Jalan Lain","_cls":"Jalan Lain"},"geometry":{"type":"LineString","coordinates":[[111.53648,-7.94061],[111.53749,-7.94053]]}},{"type":"Feature","properties":{"REMARK":"Jalan Lain","_cls":"Jalan Lain"},"geometry":{"type":"LineString","coordinates":[[111.53647,-7.97551],[111.53806,-7.97542],[111.53847,-7.97531]]}},{"type":"Feature","properties":{"REMARK":"Jalan Lain","_cls":"Jalan Lain"},"geometry":{"type":"LineString","coordinates":[[111.60264,-7.98914],[111.60241,-7.98872],[111.60218,-7.98839],[111.60202,-7.98825],[111.60191,-7.98808],[111.60159,-7.98778],[111.60077,-7.98746]]}},{"type":"Feature","properties":{"REMARK":"Jalan Lain","_cls":"Jalan Lain"},"geometry":{"type":"LineString","coordinates":[[111.61124,-7.98702],[111.61125,-7.98684],[111.61121,-7.98641],[111.61106,-7.98544],[111.61028,-7.98493],[111.60967,-7.9841]]}},{"type":"Feature","properties":{"REMARK":"Jalan Lain","_cls":"Jalan Lain"},"geometry":{"type":"LineString","coordinates":[[111.53521,-7.94189],[111.53427,-7.94205]]}},{"type":"Feature","properties":{"REMARK":"Jalan Setapak","_cls":"Jalan Setapak"},"geometry":{"type":"LineString","coordinates":[[111.62455,-7.95398],[111.62445,-7.95405],[111.62415,-7.95392],[111.6241,-7.95393],[111.62399,-7.9542],[111.62371,-7.95444],[111.62333,-7.95441],[111.6232,-7.95449],[111.62301,-7.95484],[111.62274,-7.95513],[111.62187,-7.95551],[111.62157,-7.95569],[111.62141,-7.95594],[111.6213,-7.95602]]}},{"type":"Feature","properties":{"REMARK":"Jalan Lain","_cls":"Jalan Lain"},"geometry":{"type":"LineString","coordinates":[[111.61148,-8.00866],[111.61119,-8.00924],[111.61154,-8.00965],[111.6116,-8.00993],[111.61147,-8.01025],[111.61106,-8.01051],[111.61053,-8.01128],[111.61051,-8.01176],[111.61086,-8.01234],[111.61096,-8.01243]]}},{"type":"Feature","properties":{"REMARK":"Jalan Lingkungan","_cls":"Jalan Lingkungan"},"geometry":{"type":"LineString","coordinates":[[111.62407,-7.98826],[111.62418,-7.98755],[111.62461,-7.98751],[111.62598,-7.98749],[111.62719,-7.98729],[111.62835,-7.98725],[111.62856,-7.98718],[111.62858,-7.98665],[111.62942,-7.98656],[111.63058,-7.98652]]}},{"type":"Feature","properties":{"REMARK":"Jalan Lain","_cls":"Jalan Lain"},"geometry":{"type":"LineString","coordinates":[[111.59854,-7.98409],[111.59839,-7.98406],[111.59763,-7.98416],[111.59717,-7.98415],[111.59698,-7.98421],[111.59678,-7.98434],[111.59631,-7.98492],[111.59626,-7.98491],[111.59582,-7.98474],[111.59519,-7.98466],[111.59497,-7.9845],[111.59476,-7.98416],[111.59457,-7.98399],[111.5943,-7.98396],[111.59401,-7.98401],[111.59379,-7.98409],[111.59299,-7.98426],[111.59239,-7.98407],[111.59154,-7.98385],[111.59074,-7.98357],[111.59019,-7.98324],[111.5896,-7.98281]]}},{"type":"Feature","properties":{"REMARK":"Jalan Lokal","_cls":"Jalan Lokal"},"geometry":{"type":"LineString","coordinates":[[111.63816,-7.98619],[111.63819,-7.98428]]}},{"type":"Feature","properties":{"REMARK":"Jalan Lain","_cls":"Jalan Lain"},"geometry":{"type":"LineString","coordinates":[[111.5698,-7.97308],[111.56951,-7.97407],[111.56941,-7.97484],[111.5701,-7.97507],[111.57089,-7.97523],[111.57117,-7.97525],[111.5717,-7.97381]]}},{"type":"Feature","properties":{"REMARK":"Jalan Lain","_cls":"Jalan Lain"},"geometry":{"type":"LineString","coordinates":[[111.54652,-7.93695],[111.54615,-7.93709],[111.54409,-7.93802],[111.54168,-7.93934]]}},{"type":"Feature","properties":{"REMARK":"Jalan Setapak","_cls":"Jalan Setapak"},"geometry":{"type":"LineString","coordinates":[[111.5552,-8.04335],[111.55584,-8.04376]]}},{"type":"Feature","properties":{"REMARK":"Jalan Lain","_cls":"Jalan Lain"},"geometry":{"type":"LineString","coordinates":[[111.57212,-8.00916],[111.57118,-8.00904],[111.57055,-8.00891],[111.5704,-8.008],[111.5699,-8.00745],[111.57014,-8.00676],[111.57063,-8.00682],[111.57105,-8.00707],[111.57144,-8.00689],[111.57197,-8.00685],[111.57207,-8.00654],[111.57173,-8.00612],[111.57138,-8.00595],[111.57086,-8.00556]]}},{"type":"Feature","properties":{"REMARK":"Jalan Lain","_cls":"Jalan Lain"},"geometry":{"type":"LineString","coordinates":[[111.54863,-7.95854],[111.54872,-7.95804],[111.54882,-7.95696],[111.54877,-7.95592],[111.54878,-7.9552]]}},{"type":"Feature","properties":{"REMARK":"Jalan Lain","_cls":"Jalan Lain"},"geometry":{"type":"LineString","coordinates":[[111.56055,-7.97141],[111.56204,-7.97171],[111.56237,-7.97173]]}},{"type":"Feature","properties":{"REMARK":"Jalan Setapak","_cls":"Jalan Setapak"},"geometry":{"type":"LineString","coordinates":[[111.55617,-7.94616],[111.55615,-7.94748],[111.55618,-7.94749]]}},{"type":"Feature","properties":{"REMARK":"Jalan Lokal","_cls":"Jalan Lokal"},"geometry":{"type":"LineString","coordinates":[[111.62369,-7.97586],[111.6238,-7.97601],[111.62403,-7.9762],[111.62461,-7.97678],[111.62491,-7.97713],[111.62497,-7.97731],[111.6254,-7.97729],[111.62611,-7.97768],[111.62665,-7.97784],[111.62717,-7.97795]]}},{"type":"Feature","properties":{"REMARK":"Jalan Lain","_cls":"Jalan Lain"},"geometry":{"type":"LineString","coordinates":[[111.59931,-7.98691],[111.59893,-7.98639],[111.59867,-7.98587],[111.59868,-7.98549],[111.59859,-7.98423],[111.59854,-7.98409]]}},{"type":"Feature","properties":{"REMARK":"Jalan Lain","_cls":"Jalan Lain"},"geometry":{"type":"LineString","coordinates":[[111.56201,-7.94789],[111.56204,-7.94897]]}},{"type":"Feature","properties":{"REMARK":"Jalan Lain","_cls":"Jalan Lain"},"geometry":{"type":"LineString","coordinates":[[111.54609,-8.02999],[111.54574,-8.03045],[111.54565,-8.03104],[111.5454,-8.03115],[111.54518,-8.03173],[111.54514,-8.03221],[111.5448,-8.03386],[111.54478,-8.03471],[111.54549,-8.03476],[111.54724,-8.03475]]}},{"type":"Feature","properties":{"REMARK":"Jalan Lain","_cls":"Jalan Lain"},"geometry":{"type":"LineString","coordinates":[[111.57973,-8.00348],[111.57961,-8.00446]]}},{"type":"Feature","properties":{"REMARK":"Jalan Setapak","_cls":"Jalan Setapak"},"geometry":{"type":"LineString","coordinates":[[111.55351,-7.94735],[111.55348,-7.94717],[111.55344,-7.94556],[111.55237,-7.94547]]}},{"type":"Feature","properties":{"REMARK":"Jalan Setapak","_cls":"Jalan Setapak"},"geometry":{"type":"LineString","coordinates":[[111.53974,-7.996],[111.53974,-7.99646],[111.53964,-7.99845],[111.54029,-7.99852],[111.54204,-7.99856]]}},{"type":"Feature","properties":{"REMARK":"Jalan Lain","_cls":"Jalan Lain"},"geometry":{"type":"LineString","coordinates":[[111.57351,-7.93167],[111.5746,-7.93198],[111.57498,-7.93202],[111.57611,-7.93191],[111.57678,-7.93175],[111.57702,-7.93164],[111.57751,-7.93123],[111.5788,-7.9303],[111.57913,-7.92996],[111.57936,-7.92965]]}},{"type":"Feature","properties":{"REMARK":"Jalan Lain","_cls":"Jalan Lain"},"geometry":{"type":"LineString","coordinates":[[111.54243,-7.94816],[111.54311,-7.94805]]}},{"type":"Feature","properties":{"REMARK":"Jalan Lain","_cls":"Jalan Lain"},"geometry":{"type":"LineString","coordinates":[[111.58799,-8.00076],[111.58763,-8.00068],[111.58726,-8.00054],[111.58721,-8.00043],[111.58736,-7.99983],[111.58684,-7.9997]]}},{"type":"Feature","properties":{"REMARK":"Jalan Lain","_cls":"Jalan Lain"},"geometry":{"type":"LineString","coordinates":[[111.62317,-8.00651],[111.62293,-8.00618]]}},{"type":"Feature","properties":{"REMARK":"Jalan Lain","_cls":"Jalan Lain"},"geometry":{"type":"LineString","coordinates":[[111.53957,-7.97407],[111.54061,-7.97419],[111.54094,-7.97605]]}},{"type":"Feature","properties":{"REMARK":"Jalan Lingkungan","_cls":"Jalan Lingkungan"},"geometry":{"type":"LineString","coordinates":[[111.57322,-8.01333],[111.573,-8.01332],[111.57262,-8.01312],[111.57247,-8.01255],[111.57275,-8.01241],[111.57299,-8.01219],[111.57273,-8.01193],[111.57221,-8.01184],[111.57219,-8.01119],[111.5724,-8.01029],[111.57249,-8.01005],[111.57257,-8.00953],[111.57257,-8.00912],[111.57273,-8.00885],[111.57271,-8.00862],[111.57318,-8.0084]]}},{"type":"Feature","properties":{"REMARK":"Jalan Setapak","_cls":"Jalan Setapak"},"geometry":{"type":"LineString","coordinates":[[111.58704,-7.93676],[111.58688,-7.93732],[111.58693,-7.93743],[111.58702,-7.93749],[111.58728,-7.93746],[111.58739,-7.93749],[111.58769,-7.93771],[111.58786,-7.93788],[111.58804,-7.93817],[111.58839,-7.93853],[111.58932,-7.93912],[111.58951,-7.93933],[111.59009,-7.94048],[111.59027,-7.94076],[111.5905,-7.941],[111.59108,-7.94134],[111.59147,-7.94146],[111.59194,-7.94152],[111.5921,-7.94165]]}},{"type":"Feature","properties":{"REMARK":"Jalan Setapak","_cls":"Jalan Setapak"},"geometry":{"type":"LineString","coordinates":[[111.62087,-7.96134],[111.62129,-7.9604],[111.62143,-7.95994],[111.62155,-7.95918],[111.62181,-7.95814]]}},{"type":"Feature","properties":{"REMARK":"Jalan Setapak","_cls":"Jalan Setapak"},"geometry":{"type":"LineString","coordinates":[[111.61495,-7.95425],[111.61499,-7.95437],[111.61497,-7.95495],[111.61473,-7.95588],[111.61465,-7.95637]]}},{"type":"Feature","properties":{"REMARK":"Jalan Lain","_cls":"Jalan Lain"},"geometry":{"type":"LineString","coordinates":[[111.54066,-7.98676],[111.53965,-7.98669],[111.53932,-7.98654],[111.53916,-7.98632],[111.53902,-7.98599]]}},{"type":"Feature","properties":{"REMARK":"Jalan Setapak","_cls":"Jalan Setapak"},"geometry":{"type":"LineString","coordinates":[[111.54494,-7.94691],[111.54493,-7.94656]]}},{"type":"Feature","properties":{"REMARK":"Jalan Lain","_cls":"Jalan Lain"},"geometry":{"type":"LineString","coordinates":[[111.63853,-7.99222],[111.63866,-7.99239],[111.63884,-7.9928],[111.639,-7.99373],[111.63914,-7.99418],[111.63955,-7.99523],[111.63973,-7.99554]]}},{"type":"Feature","properties":{"REMARK":"Jalan Lain","_cls":"Jalan Lain"},"geometry":{"type":"LineString","coordinates":[[111.5518,-7.96235],[111.55167,-7.96262],[111.55131,-7.96406]]}},{"type":"Feature","properties":{"REMARK":"Jalan Lingkungan","_cls":"Jalan Lingkungan"},"geometry":{"type":"LineString","coordinates":[[111.56857,-8.01036],[111.56827,-8.01086],[111.56855,-8.01119],[111.5686,-8.0116],[111.56843,-8.01243],[111.56827,-8.01285],[111.56829,-8.01342]]}},{"type":"Feature","properties":{"REMARK":"Jalan Lain","_cls":"Jalan Lain"},"geometry":{"type":"LineString","coordinates":[[111.54494,-7.94792],[111.54509,-7.94791],[111.5459,-7.94859],[111.54653,-7.94935],[111.54671,-7.94932],[111.54741,-7.94906],[111.54825,-7.94866]]}},{"type":"Feature","properties":{"REMARK":"Jalan Lain","_cls":"Jalan Lain"},"geometry":{"type":"LineString","coordinates":[[111.54292,-7.98453],[111.5411,-7.98447],[111.53916,-7.98429]]}},{"type":"Feature","properties":{"REMARK":"Jalan Lain","_cls":"Jalan Lain"},"geometry":{"type":"LineString","coordinates":[[111.64449,-7.99513],[111.64453,-7.99494],[111.64449,-7.99477],[111.64426,-7.99451],[111.64422,-7.99441],[111.64454,-7.99427],[111.64468,-7.99429],[111.64508,-7.99415],[111.64545,-7.99425],[111.64601,-7.99417],[111.64643,-7.99433],[111.64684,-7.99436],[111.64747,-7.99408]]}},{"type":"Feature","properties":{"REMARK":"Jalan Lain","_cls":"Jalan Lain"},"geometry":{"type":"LineString","coordinates":[[111.5399,-7.94291],[111.54012,-7.94529],[111.54033,-7.94693]]}},{"type":"Feature","properties":{"REMARK":"Jalan Setapak","_cls":"Jalan Setapak"},"geometry":{"type":"LineString","coordinates":[[111.54961,-8.03786],[111.55007,-8.03808],[111.55108,-8.03813],[111.55224,-8.03835],[111.55248,-8.03844],[111.55275,-8.03865],[111.55282,-8.03884],[111.55275,-8.03912],[111.55313,-8.04003],[111.55326,-8.04059],[111.55407,-8.04239],[111.55475,-8.04307],[111.5552,-8.04335]]}},{"type":"Feature","properties":{"REMARK":"Jalan Setapak","_cls":"Jalan Setapak"},"geometry":{"type":"LineString","coordinates":[[111.54311,-7.94805],[111.54295,-7.94708]]}},{"type":"Feature","properties":{"REMARK":"Jalan Setapak","_cls":"Jalan Setapak"},"geometry":{"type":"LineString","coordinates":[[111.59399,-7.99155],[111.59422,-7.99126],[111.59426,-7.99113],[111.59483,-7.99009],[111.59498,-7.98991],[111.59531,-7.98967],[111.59582,-7.98942],[111.59636,-7.98872],[111.59669,-7.98841],[111.59696,-7.98828],[111.59747,-7.98842],[111.5976,-7.98839],[111.59778,-7.9881],[111.59786,-7.98786],[111.59794,-7.98742],[111.59856,-7.987],[111.59888,-7.98687],[111.59931,-7.98691]]}},{"type":"Feature","properties":{"REMARK":"Jalan Lain","_cls":"Jalan Lain"},"geometry":{"type":"LineString","coordinates":[[111.54292,-7.96313],[111.54292,-7.96315]]}},{"type":"Feature","properties":{"REMARK":"Jalan Lain","_cls":"Jalan Lain"},"geometry":{"type":"LineString","coordinates":[[111.53274,-7.96767],[111.53281,-7.96824]]}},{"type":"Feature","properties":{"REMARK":"Jalan Setapak","_cls":"Jalan Setapak"},"geometry":{"type":"LineString","coordinates":[[111.53994,-7.93602],[111.54006,-7.93595],[111.54024,-7.93594],[111.54042,-7.93598],[111.54067,-7.93616],[111.54088,-7.93678]]}},{"type":"Feature","properties":{"REMARK":"Jalan Setapak","_cls":"Jalan Setapak"},"geometry":{"type":"LineString","coordinates":[[111.62158,-7.95201],[111.62162,-7.95207],[111.62163,-7.9522],[111.62158,-7.95297],[111.62167,-7.95317],[111.62183,-7.95337],[111.62199,-7.95347],[111.62208,-7.95344],[111.62282,-7.95284]]}},{"type":"Feature","properties":{"REMARK":"Jalan Lain","_cls":"Jalan Lain"},"geometry":{"type":"LineString","coordinates":[[111.58039,-7.97536],[111.58015,-7.97661],[111.5795,-7.97836],[111.57899,-7.97947]]}},{"type":"Feature","properties":{"REMARK":"Jalan Lain","_cls":"Jalan Lain"},"geometry":{"type":"LineString","coordinates":[[111.5717,-7.97381],[111.57201,-7.97284],[111.57214,-7.97256],[111.57202,-7.97242],[111.57152,-7.97216],[111.57087,-7.97191],[111.57053,-7.97183]]}},{"type":"Feature","properties":{"REMARK":"Jalan Lain","_cls":"Jalan Lain"},"geometry":{"type":"LineString","coordinates":[[111.54425,-7.959],[111.54389,-7.95885],[111.54333,-7.95854],[111.54317,-7.95839],[111.54313,-7.95824],[111.54315,-7.95783],[111.54285,-7.95665],[111.54289,-7.95473],[111.54273,-7.95397],[111.5424,-7.95326]]}},{"type":"Feature","properties":{"REMARK":"Jalan Lain","_cls":"Jalan Lain"},"geometry":{"type":"LineString","coordinates":[[111.53325,-7.95608],[111.53421,-7.95601]]}},{"type":"Feature","properties":{"REMARK":"Jalan Setapak","_cls":"Jalan Setapak"},"geometry":{"type":"LineString","coordinates":[[111.56897,-7.96538],[111.56899,-7.96492],[111.56917,-7.96417],[111.5693,-7.96394],[111.56944,-7.96382],[111.56973,-7.96363],[111.57034,-7.96345],[111.57051,-7.96317],[111.57065,-7.96312],[111.57085,-7.96311],[111.57184,-7.96318],[111.57275,-7.96311],[111.57295,-7.96317],[111.57294,-7.96345],[111.57302,-7.96361]]}},{"type":"Feature","properties":{"REMARK":"Jalan Setapak","_cls":"Jalan Setapak"},"geometry":{"type":"LineString","coordinates":[[111.55233,-7.96945],[111.55191,-7.96935],[111.55165,-7.96901],[111.55071,-7.96794],[111.55055,-7.96767],[111.55017,-7.96721],[111.54982,-7.96701]]}},{"type":"Feature","properties":{"REMARK":"Jalan Setapak","_cls":"Jalan Setapak"},"geometry":{"type":"LineString","coordinates":[[111.58497,-7.98545],[111.58533,-7.98552],[111.58612,-7.98591],[111.58655,-7.98592],[111.58767,-7.98605],[111.58889,-7.98615],[111.589,-7.98618],[111.58907,-7.98629],[111.58909,-7.98639],[111.58895,-7.98656],[111.5888,-7.98692],[111.58863,-7.9877],[111.58843,-7.98779],[111.58824,-7.98865],[111.58799,-7.98882],[111.5878,-7.98889],[111.58748,-7.98894]]}},{"type":"Feature","properties":{"REMARK":"Jalan Lain","_cls":"Jalan Lain"},"geometry":{"type":"LineString","coordinates":[[111.61316,-7.96135],[111.61295,-7.95934],[111.61293,-7.95862],[111.61286,-7.958],[111.61231,-7.95762],[111.61212,-7.95648]]}},{"type":"Feature","properties":{"REMARK":"Jalan Lain","_cls":"Jalan Lain"},"geometry":{"type":"LineString","coordinates":[[111.53926,-7.98158],[111.5393,-7.98026]]}},{"type":"Feature","properties":{"REMARK":"Jalan Lingkungan","_cls":"Jalan Lingkungan"},"geometry":{"type":"LineString","coordinates":[[111.617,-7.95689],[111.61722,-7.95792],[111.61667,-7.95799],[111.61643,-7.95895],[111.61486,-7.95893]]}},{"type":"Feature","properties":{"REMARK":"Jalan Lingkungan","_cls":"Jalan Lingkungan"},"geometry":{"type":"LineString","coordinates":[[111.57518,-8.03166],[111.57593,-8.03125],[111.57628,-8.03151],[111.57681,-8.03146],[111.57718,-8.03202],[111.57758,-8.03182],[111.57771,-8.03118],[111.57784,-8.03099],[111.57837,-8.03082],[111.57869,-8.03096],[111.57968,-8.03038],[111.57974,-8.03031],[111.57972,-8.03003],[111.57989,-8.02955],[111.58031,-8.02874],[111.58025,-8.02848],[111.57995,-8.02774],[111.57974,-8.02688],[111.57964,-8.02662],[111.57927,-8.02592],[111.57928,-8.02554],[111.57952,-8.02494],[111.57997,-8.02263],[111.58,-8.02164]]}},{"type":"Feature","properties":{"REMARK":"Jalan Lain","_cls":"Jalan Lain"},"geometry":{"type":"LineString","coordinates":[[111.53305,-7.99427],[111.53302,-7.99395]]}},{"type":"Feature","properties":{"REMARK":"Jalan Setapak","_cls":"Jalan Setapak"},"geometry":{"type":"LineString","coordinates":[[111.55635,-8.04982],[111.55665,-8.0496],[111.55737,-8.0493]]}},{"type":"Feature","properties":{"REMARK":"Jalan Lain","_cls":"Jalan Lain"},"geometry":{"type":"LineString","coordinates":[[111.57279,-7.96874],[111.57287,-7.96905],[111.573,-7.9692],[111.5735,-7.96928],[111.57408,-7.96928],[111.57416,-7.96933],[111.57435,-7.97057]]}},{"type":"Feature","properties":{"REMARK":"Jalan Setapak","_cls":"Jalan Setapak"},"geometry":{"type":"LineString","coordinates":[[111.54433,-7.94707],[111.54434,-7.94795]]}},{"type":"Feature","properties":{"REMARK":"Jalan Setapak","_cls":"Jalan Setapak"},"geometry":{"type":"LineString","coordinates":[[111.61435,-7.94734],[111.61449,-7.94717],[111.61471,-7.94641],[111.61467,-7.94611],[111.61453,-7.9458],[111.61447,-7.94553],[111.61453,-7.94507],[111.61469,-7.9443]]}},{"type":"Feature","properties":{"REMARK":"Jalan Setapak","_cls":"Jalan Setapak"},"geometry":{"type":"LineString","coordinates":[[111.57933,-7.99788],[111.57755,-7.99749],[111.57714,-7.99743],[111.57623,-7.99735]]}},{"type":"Feature","properties":{"REMARK":"Jalan Lokal","_cls":"Jalan Lokal"},"geometry":{"type":"LineString","coordinates":[[111.57746,-7.9791],[111.57688,-7.97869]]}},{"type":"Feature","properties":{"REMARK":"Jalan Lain","_cls":"Jalan Lain"},"geometry":{"type":"LineString","coordinates":[[111.54305,-7.98043],[111.54233,-7.98045],[111.54008,-7.98028],[111.5393,-7.98026]]}},{"type":"Feature","properties":{"REMARK":"Jalan Setapak","_cls":"Jalan Setapak"},"geometry":{"type":"LineString","coordinates":[[111.61281,-7.96398],[111.61269,-7.96391],[111.61258,-7.96363],[111.61249,-7.96348],[111.61238,-7.96269]]}},{"type":"Feature","properties":{"REMARK":"Jalan Lain","_cls":"Jalan Lain"},"geometry":{"type":"LineString","coordinates":[[111.60836,-7.99291],[111.608,-7.99284],[111.60769,-7.9927]]}},{"type":"Feature","properties":{"REMARK":"Jalan Setapak","_cls":"Jalan Setapak"},"geometry":{"type":"LineString","coordinates":[[111.55577,-8.02387],[111.55594,-8.02367],[111.55614,-8.02353],[111.55677,-8.02324],[111.55704,-8.02319],[111.5574,-8.02347],[111.55754,-8.02344],[111.5577,-8.02333],[111.55776,-8.02325],[111.55796,-8.02258],[111.55804,-8.0221],[111.5583,-8.02104],[111.55838,-8.02051],[111.55847,-8.0203],[111.55877,-8.01996],[111.55889,-8.01998],[111.55954,-8.02029],[111.56044,-8.02101],[111.5608,-8.02115]]}},{"type":"Feature","properties":{"REMARK":"Jalan Lain","_cls":"Jalan Lain"},"geometry":{"type":"LineString","coordinates":[[111.57961,-8.00446],[111.5795,-8.0052],[111.57919,-8.00663],[111.57907,-8.0069],[111.579,-8.00697],[111.57875,-8.00676],[111.57867,-8.00699],[111.57856,-8.0079],[111.57841,-8.00823],[111.57825,-8.00849],[111.57819,-8.00872]]}},{"type":"Feature","properties":{"REMARK":"Jalan Lingkungan","_cls":"Jalan Lingkungan"},"geometry":{"type":"LineString","coordinates":[[111.62723,-7.97521],[111.62732,-7.97494],[111.62733,-7.97439],[111.62777,-7.97423],[111.62807,-7.97426],[111.6286,-7.97415],[111.62908,-7.97344],[111.62957,-7.97353],[111.62984,-7.97354]]}},{"type":"Feature","properties":{"REMARK":"Jalan Lain","_cls":"Jalan Lain"},"geometry":{"type":"LineString","coordinates":[[111.5723,-7.96602],[111.57236,-7.96668],[111.57269,-7.96836],[111.57279,-7.96874]]}},{"type":"Feature","properties":{"REMARK":"Jalan Lain","_cls":"Jalan Lain"},"geometry":{"type":"LineString","coordinates":[[111.58049,-7.9913],[111.57947,-7.99151],[111.57948,-7.99282]]}},{"type":"Feature","properties":{"REMARK":"Jalan Lain","_cls":"Jalan Lain"},"geometry":{"type":"LineString","coordinates":[[111.56388,-8.02986],[111.56409,-8.03001],[111.56435,-8.03026],[111.56477,-8.03049],[111.56498,-8.03068],[111.5656,-8.03176],[111.56635,-8.032],[111.56654,-8.03212],[111.56735,-8.03246],[111.5675,-8.03246],[111.56805,-8.03216],[111.56835,-8.03204]]}},{"type":"Feature","properties":{"REMARK":"Jalan Lain","_cls":"Jalan Lain"},"geometry":{"type":"LineString","coordinates":[[111.57336,-7.96303],[111.57392,-7.96274],[111.57416,-7.96255],[111.57469,-7.96191],[111.57497,-7.96166],[111.57622,-7.96095],[111.57682,-7.96064],[111.57734,-7.9604],[111.57787,-7.96026],[111.5784,-7.96054],[111.57871,-7.96061],[111.57949,-7.96056],[111.5808,-7.96059],[111.58103,-7.96067],[111.58142,-7.961],[111.58152,-7.96103]]}},{"type":"Feature","properties":{"REMARK":"Jalan Setapak","_cls":"Jalan Setapak"},"geometry":{"type":"LineString","coordinates":[[111.54494,-7.94691],[111.54441,-7.94697],[111.54433,-7.94707]]}},{"type":"Feature","properties":{"REMARK":"Jalan Lain","_cls":"Jalan Lain"},"geometry":{"type":"LineString","coordinates":[[111.53957,-7.97407],[111.539,-7.974],[111.53848,-7.97397]]}},{"type":"Feature","properties":{"REMARK":"Jalan Lain","_cls":"Jalan Lain"},"geometry":{"type":"LineString","coordinates":[[111.54036,-7.94722],[111.54048,-7.9482]]}},{"type":"Feature","properties":{"REMARK":"Jalan Lain","_cls":"Jalan Lain"},"geometry":{"type":"LineString","coordinates":[[111.53935,-7.97781],[111.5393,-7.98026]]}},{"type":"Feature","properties":{"REMARK":"Jalan Lain","_cls":"Jalan Lain"},"geometry":{"type":"LineString","coordinates":[[111.54823,-7.98999],[111.54686,-7.98948],[111.54605,-7.98913],[111.54502,-7.98861],[111.54371,-7.98827],[111.54297,-7.98821]]}},{"type":"Feature","properties":{"REMARK":"Jalan Lain","_cls":"Jalan Lain"},"geometry":{"type":"LineString","coordinates":[[111.55788,-7.962],[111.55792,-7.96202],[111.55803,-7.96252],[111.55813,-7.96276],[111.55843,-7.96329],[111.55911,-7.96401],[111.56015,-7.96496],[111.56092,-7.96557]]}},{"type":"Feature","properties":{"REMARK":"Jalan Setapak","_cls":"Jalan Setapak"},"geometry":{"type":"LineString","coordinates":[[111.57928,-7.97228],[111.57887,-7.97331],[111.57872,-7.97361],[111.57857,-7.97374],[111.57851,-7.97378],[111.5775,-7.9738],[111.57735,-7.97383]]}},{"type":"Feature","properties":{"REMARK":"Jalan Lain","_cls":"Jalan Lain"},"geometry":{"type":"LineString","coordinates":[[111.55936,-7.95257],[111.55957,-7.95339]]}},{"type":"Feature","properties":{"REMARK":"Jalan Lain","_cls":"Jalan Lain"},"geometry":{"type":"LineString","coordinates":[[111.64696,-7.97602],[111.64677,-7.97593],[111.64627,-7.97581],[111.64616,-7.97573],[111.64602,-7.97556],[111.64585,-7.9755],[111.64571,-7.97548],[111.64562,-7.97552],[111.6453,-7.97579],[111.64492,-7.97582],[111.64459,-7.97572],[111.64423,-7.97551],[111.64399,-7.97545],[111.64303,-7.97543],[111.64273,-7.97538]]}},{"type":"Feature","properties":{"REMARK":"Jalan Lain","_cls":"Jalan Lain"},"geometry":{"type":"LineString","coordinates":[[111.54703,-7.97708],[111.54644,-7.97701],[111.54367,-7.97621],[111.54313,-7.9761]]}},{"type":"Feature","properties":{"REMARK":"Jalan Lain","_cls":"Jalan Lain"},"geometry":{"type":"LineString","coordinates":[[111.54088,-7.93678],[111.54113,-7.93752]]}},{"type":"Feature","properties":{"REMARK":"Jalan Lingkungan","_cls":"Jalan Lingkungan"},"geometry":{"type":"LineString","coordinates":[[111.57714,-8.02278],[111.57713,-8.02293],[111.57771,-8.02301],[111.5783,-8.02299],[111.57941,-8.02281],[111.57997,-8.02263]]}},{"type":"Feature","properties":{"REMARK":"Jalan Lain","_cls":"Jalan Lain"},"geometry":{"type":"LineString","coordinates":[[111.63939,-7.96535],[111.63941,-7.96516],[111.63961,-7.96452],[111.63991,-7.96423],[111.64049,-7.96346],[111.64067,-7.96305],[111.641,-7.96271],[111.64109,-7.9625],[111.64103,-7.962],[111.64111,-7.96186],[111.64147,-7.96154],[111.64159,-7.96134],[111.64161,-7.9612],[111.6416,-7.96103],[111.64164,-7.96092],[111.64173,-7.96086],[111.64208,-7.9608]]}},{"type":"Feature","properties":{"REMARK":"Jalan Lain","_cls":"Jalan Lain"},"geometry":{"type":"LineString","coordinates":[[111.54652,-7.93695],[111.54769,-7.93652],[111.54893,-7.93616],[111.55048,-7.93595],[111.55133,-7.93592],[111.55304,-7.93601],[111.55387,-7.93598],[111.55584,-7.93573],[111.55783,-7.93559]]}},{"type":"Feature","properties":{"REMARK":"Jalan Lain","_cls":"Jalan Lain"},"geometry":{"type":"LineString","coordinates":[[111.56785,-7.97457],[111.56814,-7.97342]]}},{"type":"Feature","properties":{"REMARK":"Jalan Lain","_cls":"Jalan Lain"},"geometry":{"type":"LineString","coordinates":[[111.5915,-8.00249],[111.59146,-8.0023],[111.59136,-8.00212],[111.59121,-8.002],[111.59029,-8.00166],[111.58935,-8.00139],[111.58899,-8.00113],[111.58879,-8.00102],[111.58799,-8.00076]]}},{"type":"Feature","properties":{"REMARK":"Jalan Lokal","_cls":"Jalan Lokal"},"geometry":{"type":"LineString","coordinates":[[111.63351,-7.97369],[111.63454,-7.97341],[111.63489,-7.97315],[111.63506,-7.97307],[111.6358,-7.97289],[111.63615,-7.97289],[111.6365,-7.97295],[111.63743,-7.97357],[111.63851,-7.97374],[111.63906,-7.974]]}},{"type":"Feature","properties":{"REMARK":"Jalan Lain","_cls":"Jalan Lain"},"geometry":{"type":"LineString","coordinates":[[111.64136,-7.971],[111.64156,-7.97059],[111.64165,-7.9702],[111.64175,-7.96922],[111.64172,-7.96887]]}},{"type":"Feature","properties":{"REMARK":"Jalan Lain","_cls":"Jalan Lain"},"geometry":{"type":"LineString","coordinates":[[111.54311,-7.97794],[111.5442,-7.97792],[111.54582,-7.97804],[111.54675,-7.97805],[111.54695,-7.97723],[111.54703,-7.97708]]}},{"type":"Feature","properties":{"REMARK":"Jalan Setapak","_cls":"Jalan Setapak"},"geometry":{"type":"LineString","coordinates":[[111.62528,-8.00556],[111.62542,-8.00557],[111.62547,-8.00563],[111.62533,-8.00593],[111.62516,-8.00647],[111.62512,-8.0068]]}},{"type":"Feature","properties":{"REMARK":"Jalan Setapak","_cls":"Jalan Setapak"},"geometry":{"type":"LineString","coordinates":[[111.57352,-7.92304],[111.57326,-7.9232],[111.57276,-7.92364],[111.57216,-7.92422],[111.57102,-7.92495],[111.56969,-7.9252],[111.56909,-7.92527],[111.56858,-7.92528],[111.56779,-7.92523],[111.56735,-7.92528],[111.56691,-7.92538],[111.56604,-7.92571],[111.56414,-7.92671],[111.56353,-7.92683],[111.563,-7.92681],[111.56241,-7.92667],[111.56143,-7.92653],[111.56105,-7.92662],[111.56069,-7.92679],[111.5601,-7.92729]]}},{"type":"Feature","properties":{"REMARK":"Jalan Lain","_cls":"Jalan Lain"},"geometry":{"type":"LineString","coordinates":[[111.57932,-7.98777],[111.57927,-7.98763],[111.57863,-7.98675]]}},{"type":"Feature","properties":{"REMARK":"Jalan Lain","_cls":"Jalan Lain"},"geometry":{"type":"LineString","coordinates":[[111.53647,-7.98688],[111.53656,-7.9861],[111.53666,-7.98427]]}},{"type":"Feature","properties":{"REMARK":"Jalan Lingkungan","_cls":"Jalan Lingkungan"},"geometry":{"type":"LineString","coordinates":[[111.56299,-8.04053],[111.56355,-8.0405],[111.56419,-8.04042],[111.56445,-8.04057],[111.56473,-8.04106],[111.56504,-8.04138],[111.56583,-8.04152],[111.5666,-8.04137],[111.56768,-8.0418],[111.56865,-8.04214],[111.56953,-8.04231],[111.56989,-8.0423],[111.57004,-8.04262],[111.57007,-8.04335],[111.57024,-8.0439],[111.57061,-8.04422],[111.57084,-8.04446],[111.57082,-8.04486],[111.57092,-8.04498],[111.57077,-8.04541],[111.57048,-8.04541],[111.56997,-8.04515],[111.56979,-8.04515],[111.5696,-8.04533],[111.56937,-8.04529],[111.56929,-8.04535],[111.5695,-8.0458],[111.56936,-8.04601]]}},{"type":"Feature","properties":{"REMARK":"Jalan Setapak","_cls":"Jalan Setapak"},"geometry":{"type":"LineString","coordinates":[[111.65423,-7.99294],[111.65383,-7.99309],[111.65353,-7.99331],[111.65306,-7.99343]]}},{"type":"Feature","properties":{"REMARK":"Jalan Lain","_cls":"Jalan Lain"},"geometry":{"type":"LineString","coordinates":[[111.57798,-7.97192],[111.57796,-7.97237],[111.57749,-7.97252],[111.57712,-7.97293],[111.57708,-7.97325],[111.57735,-7.97383],[111.57781,-7.97391],[111.57834,-7.97413],[111.57968,-7.97438],[111.58038,-7.9743],[111.58083,-7.9743],[111.58158,-7.97437],[111.58214,-7.97402],[111.58226,-7.97453],[111.5828,-7.97473],[111.58402,-7.97491]]}},{"type":"Feature","properties":{"REMARK":"Jalan Lain","_cls":"Jalan Lain"},"geometry":{"type":"LineString","coordinates":[[111.53198,-7.97985],[111.53283,-7.97983]]}},{"type":"Feature","properties":{"REMARK":"Jalan Lain","_cls":"Jalan Lain"},"geometry":{"type":"LineString","coordinates":[[111.54434,-7.94795],[111.54494,-7.94792]]}},{"type":"Feature","properties":{"REMARK":"Jalan Lain","_cls":"Jalan Lain"},"geometry":{"type":"LineString","coordinates":[[111.58849,-8.01792],[111.58855,-8.01817],[111.58845,-8.01872],[111.58801,-8.01953],[111.58781,-8.02083],[111.58756,-8.02145],[111.58747,-8.02212],[111.5873,-8.02271],[111.58704,-8.02306]]}},{"type":"Feature","properties":{"REMARK":"Jalan Lain","_cls":"Jalan Lain"},"geometry":{"type":"LineString","coordinates":[[111.54954,-7.96592],[111.54972,-7.96385],[111.54913,-7.96374],[111.54896,-7.96404],[111.54808,-7.96395]]}},{"type":"Feature","properties":{"REMARK":"Jalan Setapak","_cls":"Jalan Setapak"},"geometry":{"type":"LineString","coordinates":[[111.58092,-7.96309],[111.58147,-7.96377],[111.58271,-7.96449]]}},{"type":"Feature","properties":{"REMARK":"Jalan Lain","_cls":"Jalan Lain"},"geometry":{"type":"LineString","coordinates":[[111.62062,-7.96199],[111.62064,-7.96212]]}},{"type":"Feature","properties":{"REMARK":"Jalan Lain","_cls":"Jalan Lain"},"geometry":{"type":"LineString","coordinates":[[111.6151,-7.96485],[111.61523,-7.96419],[111.61531,-7.96257],[111.6153,-7.96162],[111.61518,-7.96079]]}},{"type":"Feature","properties":{"REMARK":"Jalan Lain","_cls":"Jalan Lain"},"geometry":{"type":"LineString","coordinates":[[111.56813,-7.93274],[111.5682,-7.93303],[111.56821,-7.93348],[111.56814,-7.93375],[111.56807,-7.93384],[111.56755,-7.93421],[111.56744,-7.93435],[111.56739,-7.93459]]}},{"type":"Feature","properties":{"REMARK":"Jalan Lokal","_cls":"Jalan Lokal"},"geometry":{"type":"LineString","coordinates":[[111.62349,-7.97639],[111.62369,-7.97586]]}},{"type":"Feature","properties":{"REMARK":"Jalan Lingkungan","_cls":"Jalan Lingkungan"},"geometry":{"type":"LineString","coordinates":[[111.63108,-7.96164],[111.63054,-7.96238],[111.63014,-7.96283],[111.63013,-7.96311]]}},{"type":"Feature","properties":{"REMARK":"Jalan Lain","_cls":"Jalan Lain"},"geometry":{"type":"LineString","coordinates":[[111.53912,-7.9526],[111.53922,-7.95129]]}},{"type":"Feature","properties":{"REMARK":"Jalan Setapak","_cls":"Jalan Setapak"},"geometry":{"type":"LineString","coordinates":[[111.54987,-7.94297],[111.55002,-7.94341],[111.55007,-7.94364],[111.55011,-7.94419]]}},{"type":"Feature","properties":{"REMARK":"Jalan Setapak","_cls":"Jalan Setapak"},"geometry":{"type":"LineString","coordinates":[[111.61452,-7.95733],[111.61459,-7.95711],[111.61459,-7.95676],[111.61465,-7.95637]]}},{"type":"Feature","properties":{"REMARK":"Jalan Lain","_cls":"Jalan Lain"},"geometry":{"type":"LineString","coordinates":[[111.54943,-7.9481],[111.55092,-7.94747],[111.55235,-7.94741]]}},{"type":"Feature","properties":{"REMARK":"Jalan Lain","_cls":"Jalan Lain"},"geometry":{"type":"LineString","coordinates":[[111.60693,-7.99322],[111.6068,-7.99331],[111.60666,-7.99379],[111.60628,-7.99446],[111.606,-7.99452],[111.60576,-7.99453],[111.60565,-7.99467],[111.6054,-7.99511],[111.60504,-7.99508],[111.60482,-7.99499]]}},{"type":"Feature","properties":{"REMARK":"Jalan Lain","_cls":"Jalan Lain"},"geometry":{"type":"LineString","coordinates":[[111.55469,-8.0349],[111.55454,-8.03459],[111.55421,-8.0343],[111.55398,-8.03383],[111.55423,-8.03345],[111.55489,-8.03272],[111.55523,-8.03264],[111.55689,-8.03235],[111.55646,-8.03167]]}},{"type":"Feature","properties":{"REMARK":"Jalan Lain","_cls":"Jalan Lain"},"geometry":{"type":"LineString","coordinates":[[111.55109,-8.03702],[111.55169,-8.03723],[111.55193,-8.03748],[111.55239,-8.03754],[111.55257,-8.03743],[111.55318,-8.03743],[111.55349,-8.0377],[111.55414,-8.03803],[111.55523,-8.03827],[111.55565,-8.03799],[111.55597,-8.03811],[111.55629,-8.03829],[111.55678,-8.03832],[111.55814,-8.0381],[111.55846,-8.03797],[111.55907,-8.03766],[111.55969,-8.03787],[111.56041,-8.03796],[111.56068,-8.03788],[111.56135,-8.03786],[111.56181,-8.03771],[111.56201,-8.03803],[111.56272,-8.03801],[111.56349,-8.03787]]}},{"type":"Feature","properties":{"REMARK":"Jalan Setapak","_cls":"Jalan Setapak"},"geometry":{"type":"LineString","coordinates":[[111.62287,-8.00532],[111.62293,-8.00618]]}},{"type":"Feature","properties":{"REMARK":"Jalan Lain","_cls":"Jalan Lain"},"geometry":{"type":"LineString","coordinates":[[111.60573,-7.9887],[111.60635,-7.98861],[111.60672,-7.98848],[111.60823,-7.98779]]}},{"type":"Feature","properties":{"REMARK":"Jalan Setapak","_cls":"Jalan Setapak"},"geometry":{"type":"LineString","coordinates":[[111.55936,-7.95257],[111.56018,-7.9524],[111.56097,-7.9521],[111.5617,-7.95168],[111.56226,-7.95152]]}},{"type":"Feature","properties":{"REMARK":"Jalan Lain","_cls":"Jalan Lain"},"geometry":{"type":"LineString","coordinates":[[111.5706,-8.0312],[111.57069,-8.03113],[111.57075,-8.03115],[111.57164,-8.03192],[111.57185,-8.03216],[111.57206,-8.03253],[111.57224,-8.03249],[111.57267,-8.03225],[111.57306,-8.03212],[111.57332,-8.03214],[111.57342,-8.0321],[111.57345,-8.032],[111.57348,-8.03165],[111.5736,-8.03158],[111.57369,-8.0316],[111.57398,-8.03185],[111.57424,-8.03179],[111.57447,-8.03179]]}},{"type":"Feature","properties":{"REMARK":"Jalan Setapak","_cls":"Jalan Setapak"},"geometry":{"type":"LineString","coordinates":[[111.53648,-7.94061],[111.53634,-7.93951],[111.53397,-7.93981]]}},{"type":"Feature","properties":{"REMARK":"Jalan Lain","_cls":"Jalan Lain"},"geometry":{"type":"LineString","coordinates":[[111.53666,-7.98427],[111.53484,-7.98416],[111.53453,-7.98409],[111.53421,-7.9839],[111.53391,-7.98386]]}},{"type":"Feature","properties":{"REMARK":"Jalan Lain","_cls":"Jalan Lain"},"geometry":{"type":"LineString","coordinates":[[111.54243,-7.94816],[111.54245,-7.94917]]}},{"type":"Feature","properties":{"REMARK":"Jalan Setapak","_cls":"Jalan Setapak"},"geometry":{"type":"LineString","coordinates":[[111.54369,-7.9437],[111.54362,-7.94346],[111.5436,-7.94224]]}},{"type":"Feature","properties":{"REMARK":"Jalan Lain","_cls":"Jalan Lain"},"geometry":{"type":"LineString","coordinates":[[111.54477,-7.96013],[111.54532,-7.95944]]}},{"type":"Feature","properties":{"REMARK":"Jalan Lain","_cls":"Jalan Lain"},"geometry":{"type":"LineString","coordinates":[[111.53636,-7.97388],[111.53647,-7.97551]]}},{"type":"Feature","properties":{"REMARK":"Jalan Lain","_cls":"Jalan Lain"},"geometry":{"type":"LineString","coordinates":[[111.55868,-7.93837],[111.55834,-7.9382]]}},{"type":"Feature","properties":{"REMARK":"Jalan Lain","_cls":"Jalan Lain"},"geometry":{"type":"LineString","coordinates":[[111.55957,-7.95339],[111.56112,-7.953],[111.56253,-7.95255]]}},{"type":"Feature","properties":{"REMARK":"Jalan Setapak","_cls":"Jalan Setapak"},"geometry":{"type":"LineString","coordinates":[[111.53739,-7.93958],[111.53943,-7.93939]]}},{"type":"Feature","properties":{"REMARK":"Jalan Lingkungan","_cls":"Jalan Lingkungan"},"geometry":{"type":"LineString","coordinates":[[111.62868,-7.99912],[111.6294,-7.99922],[111.62966,-7.9991],[111.62988,-7.99844],[111.63031,-7.99802],[111.63185,-7.99714],[111.63178,-7.99663],[111.63161,-7.99613],[111.63193,-7.99523],[111.632,-7.99484],[111.63191,-7.99461],[111.63208,-7.99425],[111.63295,-7.99405],[111.63388,-7.99372],[111.63429,-7.99372],[111.63387,-7.99266],[111.63397,-7.99199],[111.63406,-7.99101]]}},{"type":"Feature","properties":{"REMARK":"Jalan Lokal","_cls":"Jalan Lokal"},"geometry":{"type":"LineString","coordinates":[[111.61484,-7.9828],[111.61516,-7.98274],[111.61529,-7.98249],[111.61545,-7.98237],[111.61568,-7.98233],[111.61631,-7.98229],[111.6167,-7.98205],[111.61703,-7.98175],[111.61737,-7.98134],[111.61753,-7.98123],[111.61801,-7.98117],[111.6184,-7.98105],[111.61845,-7.98097],[111.61831,-7.98078],[111.61826,-7.98061],[111.61882,-7.98052],[111.61925,-7.98037]]}},{"type":"Feature","properties":{"REMARK":"Jalan Lain","_cls":"Jalan Lain"},"geometry":{"type":"LineString","coordinates":[[111.53922,-7.95129],[111.53608,-7.95105]]}},{"type":"Feature","properties":{"REMARK":"Jalan Setapak","_cls":"Jalan Setapak"},"geometry":{"type":"LineString","coordinates":[[111.55197,-7.95376],[111.55271,-7.95372],[111.55386,-7.95342],[111.55568,-7.95329],[111.55584,-7.95325]]}},{"type":"Feature","properties":{"REMARK":"Jalan Lain","_cls":"Jalan Lain"},"geometry":{"type":"LineString","coordinates":[[111.53902,-7.98625],[111.53902,-7.98599]]}},{"type":"Feature","properties":{"REMARK":"Jalan Lain","_cls":"Jalan Lain"},"geometry":{"type":"LineString","coordinates":[[111.54109,-7.9514],[111.54073,-7.95142],[111.53922,-7.95129]]}},{"type":"Feature","properties":{"REMARK":"Jalan Nasional","_cls":"Jalan Nasional"},"geometry":{"type":"LineString","coordinates":[[111.54284,-7.9653],[111.54104,-7.96511]]}},{"type":"Feature","properties":{"REMARK":"Jalan Lain","_cls":"Jalan Lain"},"geometry":{"type":"LineString","coordinates":[[111.53616,-7.95458],[111.53613,-7.9544],[111.53612,-7.95349]]}},{"type":"Feature","properties":{"REMARK":"Jalan Lain","_cls":"Jalan Lain"},"geometry":{"type":"LineString","coordinates":[[111.56912,-7.93913],[111.56862,-7.93976],[111.56804,-7.94007]]}},{"type":"Feature","properties":{"REMARK":"Jalan Setapak","_cls":"Jalan Setapak"},"geometry":{"type":"LineString","coordinates":[[111.64422,-7.9707],[111.64394,-7.97046],[111.64343,-7.97053],[111.64326,-7.97043],[111.64313,-7.97021],[111.64292,-7.96964],[111.64288,-7.96831]]}},{"type":"Feature","properties":{"REMARK":"Jalan Lain","_cls":"Jalan Lain"},"geometry":{"type":"LineString","coordinates":[[111.55574,-7.95221],[111.55562,-7.95205],[111.5554,-7.95189],[111.55463,-7.95147],[111.5536,-7.95051],[111.55344,-7.95053],[111.55258,-7.95084],[111.55133,-7.95095],[111.55113,-7.95104],[111.55099,-7.95113]]}},{"type":"Feature","properties":{"REMARK":"Jalan Lain","_cls":"Jalan Lain"},"geometry":{"type":"LineString","coordinates":[[111.54802,-7.96598],[111.5481,-7.96446],[111.54808,-7.96395]]}},{"type":"Feature","properties":{"REMARK":"Jalan Lokal","_cls":"Jalan Lokal"},"geometry":{"type":"LineString","coordinates":[[111.63783,-7.98923],[111.63809,-7.98893],[111.6382,-7.98849],[111.63836,-7.98828],[111.63848,-7.98805]]}},{"type":"Feature","properties":{"REMARK":"Jalan Lain","_cls":"Jalan Lain"},"geometry":{"type":"LineString","coordinates":[[111.62144,-7.94852],[111.62086,-7.94799],[111.62039,-7.94739],[111.6194,-7.94693],[111.61911,-7.9469],[111.61888,-7.94696],[111.61682,-7.94791],[111.61651,-7.94802],[111.61602,-7.94763],[111.61554,-7.9474]]}},{"type":"Feature","properties":{"REMARK":"Jalan Lingkungan","_cls":"Jalan Lingkungan"},"geometry":{"type":"LineString","coordinates":[[111.63034,-7.97293],[111.62833,-7.97151],[111.62793,-7.97142],[111.62655,-7.97125],[111.62664,-7.97049]]}},{"type":"Feature","properties":{"REMARK":"Jalan Lain","_cls":"Jalan Lain"},"geometry":{"type":"LineString","coordinates":[[111.53607,-7.96921],[111.53573,-7.96922],[111.53281,-7.96824]]}},{"type":"Feature","properties":{"REMARK":"Jalan Setapak","_cls":"Jalan Setapak"},"geometry":{"type":"LineString","coordinates":[[111.54295,-7.94708],[111.54289,-7.94661],[111.54089,-7.94702],[111.54083,-7.94707],[111.5408,-7.94719],[111.54036,-7.94722]]}},{"type":"Feature","properties":{"REMARK":"Jalan Lain","_cls":"Jalan Lain"},"geometry":{"type":"LineString","coordinates":[[111.55234,-7.92945],[111.55274,-7.92975],[111.55346,-7.92977],[111.55445,-7.92946]]}},{"type":"Feature","properties":{"REMARK":"Jalan Lain","_cls":"Jalan Lain"},"geometry":{"type":"LineString","coordinates":[[111.61208,-7.97253],[111.61193,-7.97289],[111.6119,-7.97306],[111.61214,-7.9736],[111.61224,-7.97372],[111.6123,-7.97386],[111.61225,-7.97401],[111.61173,-7.97434],[111.61105,-7.97483],[111.61084,-7.97509],[111.61084,-7.97526]]}},{"type":"Feature","properties":{"REMARK":"Jalan Setapak","_cls":"Jalan Setapak"},"geometry":{"type":"LineString","coordinates":[[111.61217,-7.96587],[111.61204,-7.96592],[111.61193,-7.96621],[111.61154,-7.96681],[111.61147,-7.96715],[111.61147,-7.96729],[111.61159,-7.9674],[111.61261,-7.96767],[111.61269,-7.96774],[111.6127,-7.96791],[111.6126,-7.96824],[111.61271,-7.9683],[111.61298,-7.96832],[111.61381,-7.96813],[111.61441,-7.9682]]}},{"type":"Feature","properties":{"REMARK":"Jalan Lain","_cls":"Jalan Lain"},"geometry":{"type":"LineString","coordinates":[[111.53935,-7.97781],[111.53867,-7.97779]]}},{"type":"Feature","properties":{"REMARK":"Jalan Setapak","_cls":"Jalan Setapak"},"geometry":{"type":"LineString","coordinates":[[111.61723,-7.94492],[111.61756,-7.94493]]}},{"type":"Feature","properties":{"REMARK":"Jalan Lain","_cls":"Jalan Lain"},"geometry":{"type":"LineString","coordinates":[[111.63302,-8.00463],[111.63304,-8.00461]]}},{"type":"Feature","properties":{"REMARK":"Jalan Lain","_cls":"Jalan Lain"},"geometry":{"type":"LineString","coordinates":[[111.58415,-7.97762],[111.58426,-7.97699],[111.58422,-7.97579],[111.58425,-7.97535],[111.58405,-7.97512],[111.58402,-7.97491]]}},{"type":"Feature","properties":{"REMARK":"Jalan Setapak","_cls":"Jalan Setapak"},"geometry":{"type":"LineString","coordinates":[[111.59335,-7.97668],[111.59219,-7.97657]]}},{"type":"Feature","properties":{"REMARK":"Jalan Lain","_cls":"Jalan Lain"},"geometry":{"type":"LineString","coordinates":[[111.61497,-7.99288],[111.61526,-7.9935],[111.61583,-7.99442],[111.616,-7.99455],[111.61627,-7.9946],[111.61753,-7.99449],[111.61804,-7.99457],[111.61963,-7.99498]]}},{"type":"Feature","properties":{"REMARK":"Jalan Setapak","_cls":"Jalan Setapak"},"geometry":{"type":"LineString","coordinates":[[111.61723,-7.94492],[111.61697,-7.94486],[111.61593,-7.94487],[111.61576,-7.94482],[111.61563,-7.94456],[111.61555,-7.94445],[111.61545,-7.9444],[111.61493,-7.94442],[111.61479,-7.94438],[111.61469,-7.9443]]}},{"type":"Feature","properties":{"REMARK":"Jalan Lain","_cls":"Jalan Lain"},"geometry":{"type":"LineString","coordinates":[[111.53323,-7.97403],[111.53267,-7.97402]]}},{"type":"Feature","properties":{"REMARK":"Jalan Lain","_cls":"Jalan Lain"},"geometry":{"type":"LineString","coordinates":[[111.58049,-7.9913],[111.5804,-7.99117],[111.58003,-7.98999],[111.57987,-7.9892],[111.57959,-7.98864]]}},{"type":"Feature","properties":{"REMARK":"Jalan Lain","_cls":"Jalan Lain"},"geometry":{"type":"LineString","coordinates":[[111.54094,-7.97605],[111.54147,-7.97607],[111.54272,-7.97601],[111.5428,-7.97603]]}},{"type":"Feature","properties":{"REMARK":"Jalan Lain","_cls":"Jalan Lain"},"geometry":{"type":"LineString","coordinates":[[111.56617,-7.94574],[111.56535,-7.94582],[111.5644,-7.94597]]}},{"type":"Feature","properties":{"REMARK":"Jalan Lain","_cls":"Jalan Lain"},"geometry":{"type":"LineString","coordinates":[[111.5723,-7.96602],[111.57221,-7.96498],[111.57225,-7.96477],[111.57271,-7.96414],[111.57302,-7.96361]]}},{"type":"Feature","properties":{"REMARK":"Jalan Lain","_cls":"Jalan Lain"},"geometry":{"type":"LineString","coordinates":[[111.54113,-7.93752],[111.53918,-7.93796]]}},{"type":"Feature","properties":{"REMARK":"Jalan Setapak","_cls":"Jalan Setapak"},"geometry":{"type":"LineString","coordinates":[[111.65319,-7.99664],[111.65369,-7.99664],[111.654,-7.9966],[111.65503,-7.99645],[111.65567,-7.99631],[111.6562,-7.99637],[111.65631,-7.99633]]}},{"type":"Feature","properties":{"REMARK":"Jalan Lain","_cls":"Jalan Lain"},"geometry":{"type":"LineString","coordinates":[[111.61441,-7.9682],[111.61462,-7.96777],[111.6147,-7.9671]]}},{"type":"Feature","properties":{"REMARK":"Jalan Lingkungan","_cls":"Jalan Lingkungan"},"geometry":{"type":"LineString","coordinates":[[111.5795,-7.97836],[111.57794,-7.97746]]}},{"type":"Feature","properties":{"REMARK":"Jalan Lain","_cls":"Jalan Lain"},"geometry":{"type":"LineString","coordinates":[[111.53391,-7.98386],[111.53208,-7.98372]]}},{"type":"Feature","properties":{"REMARK":"Jalan Lain","_cls":"Jalan Lain"},"geometry":{"type":"LineString","coordinates":[[111.534,-7.98207],[111.53677,-7.98257]]}},{"type":"Feature","properties":{"REMARK":"Jalan Setapak","_cls":"Jalan Setapak"},"geometry":{"type":"LineString","coordinates":[[111.62225,-7.9432],[111.62171,-7.94308],[111.62168,-7.94198],[111.62174,-7.94166]]}},{"type":"Feature","properties":{"REMARK":"Jalan Lain","_cls":"Jalan Lain"},"geometry":{"type":"LineString","coordinates":[[111.5868,-7.99627],[111.58617,-7.99596],[111.5858,-7.99585],[111.58536,-7.9958],[111.58474,-7.99577],[111.58466,-7.9957]]}},{"type":"Feature","properties":{"REMARK":"Jalan Setapak","_cls":"Jalan Setapak"},"geometry":{"type":"LineString","coordinates":[[111.56654,-8.00473],[111.56653,-8.0051],[111.56714,-8.00511],[111.5678,-8.00507],[111.56828,-8.00516],[111.56846,-8.00515],[111.56855,-8.00519],[111.56889,-8.00563],[111.56909,-8.0058],[111.56954,-8.00613],[111.56984,-8.00629]]}},{"type":"Feature","properties":{"REMARK":"Jalan Lain","_cls":"Jalan Lain"},"geometry":{"type":"LineString","coordinates":[[111.61435,-7.94734],[111.61416,-7.94736],[111.61389,-7.94746],[111.61308,-7.9482],[111.61284,-7.94846],[111.61275,-7.94874]]}},{"type":"Feature","properties":{"REMARK":"Jalan Lain","_cls":"Jalan Lain"},"geometry":{"type":"LineString","coordinates":[[111.53198,-7.98184],[111.53304,-7.98192],[111.534,-7.98207]]}},{"type":"Feature","properties":{"REMARK":"Jalan Lain","_cls":"Jalan Lain"},"geometry":{"type":"LineString","coordinates":[[111.56092,-7.96557],[111.56116,-7.96581]]}},{"type":"Feature","properties":{"REMARK":"Jalan Lain","_cls":"Jalan Lain"},"geometry":{"type":"LineString","coordinates":[[111.56092,-7.96557],[111.56156,-7.9653],[111.56172,-7.96494],[111.562,-7.96398],[111.56262,-7.96402],[111.56359,-7.96433],[111.56366,-7.96429],[111.5642,-7.96348],[111.56517,-7.96228],[111.56579,-7.96161],[111.56669,-7.96045]]}},{"type":"Feature","properties":{"REMARK":"Jalan Lain","_cls":"Jalan Lain"},"geometry":{"type":"LineString","coordinates":[[111.60947,-7.98293],[111.60931,-7.98304],[111.60926,-7.98318],[111.60931,-7.98345],[111.60939,-7.98361]]}},{"type":"Feature","properties":{"REMARK":"Jalan Lingkungan","_cls":"Jalan Lingkungan"},"geometry":{"type":"LineString","coordinates":[[111.56432,-8.03631],[111.56435,-8.0367],[111.56452,-8.0369],[111.56456,-8.03756],[111.56468,-8.03766],[111.56516,-8.03731],[111.56527,-8.03712],[111.56561,-8.03695],[111.56697,-8.03684],[111.56736,-8.03669],[111.5675,-8.03615],[111.56782,-8.03609],[111.568,-8.03609],[111.5681,-8.03596],[111.5683,-8.03559]]}},{"type":"Feature","properties":{"REMARK":"Jalan Lain","_cls":"Jalan Lain"},"geometry":{"type":"LineString","coordinates":[[111.54953,-7.96618],[111.54954,-7.96592]]}},{"type":"Feature","properties":{"REMARK":"Jalan Lain","_cls":"Jalan Lain"},"geometry":{"type":"LineString","coordinates":[[111.62495,-7.94822],[111.62435,-7.94842]]}},{"type":"Feature","properties":{"REMARK":"Jalan Lain","_cls":"Jalan Lain"},"geometry":{"type":"LineString","coordinates":[[111.53311,-7.9777],[111.53278,-7.97773]]}},{"type":"Feature","properties":{"REMARK":"Jalan Setapak","_cls":"Jalan Setapak"},"geometry":{"type":"LineString","coordinates":[[111.62225,-7.9432],[111.62236,-7.94235],[111.62241,-7.94221]]}},{"type":"Feature","properties":{"REMARK":"Jalan Lain","_cls":"Jalan Lain"},"geometry":{"type":"LineString","coordinates":[[111.58152,-7.96103],[111.58218,-7.96118],[111.58253,-7.96136],[111.58245,-7.96209],[111.58254,-7.96235],[111.58274,-7.96279],[111.58291,-7.96374],[111.5829,-7.96399],[111.58271,-7.96449]]}},{"type":"Feature","properties":{"REMARK":"Jalan Lain","_cls":"Jalan Lain"},"geometry":{"type":"LineString","coordinates":[[111.53964,-7.94039],[111.53975,-7.941]]}},{"type":"Feature","properties":{"REMARK":"Jalan Lain","_cls":"Jalan Lain"},"geometry":{"type":"LineString","coordinates":[[111.53834,-7.94908],[111.53854,-7.94925],[111.53872,-7.94931],[111.53955,-7.94925],[111.54033,-7.94945],[111.54135,-7.94962],[111.54174,-7.94961],[111.54199,-7.94948],[111.54238,-7.94918],[111.54245,-7.94917]]}},{"type":"Feature","properties":{"REMARK":"Jalan Lain","_cls":"Jalan Lain"},"geometry":{"type":"LineString","coordinates":[[111.56085,-7.94481],[111.56078,-7.94488],[111.56074,-7.94507],[111.56083,-7.94601],[111.56081,-7.94657],[111.56075,-7.94683],[111.5596,-7.94847]]}},{"type":"Feature","properties":{"REMARK":"Jalan Lain","_cls":"Jalan Lain"},"geometry":{"type":"LineString","coordinates":[[111.54823,-7.98999],[111.54892,-7.99024],[111.54971,-7.99041]]}},{"type":"Feature","properties":{"REMARK":"Jalan Lain","_cls":"Jalan Lain"},"geometry":{"type":"LineString","coordinates":[[111.62525,-7.98257],[111.62504,-7.9824],[111.62493,-7.98204],[111.62488,-7.9817],[111.62482,-7.98155],[111.62483,-7.98083],[111.62492,-7.98063],[111.625,-7.98056],[111.62534,-7.98044],[111.62575,-7.9804],[111.62585,-7.98033],[111.62618,-7.97944],[111.62647,-7.97898],[111.62694,-7.97836],[111.62717,-7.97795]]}},{"type":"Feature","properties":{"REMARK":"Jalan Lain","_cls":"Jalan Lain"},"geometry":{"type":"LineString","coordinates":[[111.5361,-7.95229],[111.53611,-7.9528]]}},{"type":"Feature","properties":{"REMARK":"Jalan Lain","_cls":"Jalan Lain"},"geometry":{"type":"LineString","coordinates":[[111.60549,-8.00698],[111.60472,-8.00669],[111.60446,-8.00661],[111.60422,-8.00659],[111.60359,-8.00636],[111.60339,-8.00632],[111.60326,-8.00638],[111.60303,-8.00655],[111.60267,-8.00697],[111.60264,-8.00712],[111.60273,-8.00746],[111.60292,-8.00766],[111.60328,-8.0078]]}},{"type":"Feature","properties":{"REMARK":"Jalan Lain","_cls":"Jalan Lain"},"geometry":{"type":"LineString","coordinates":[[111.55889,-7.93889],[111.55868,-7.93837]]}},{"type":"Feature","properties":{"REMARK":"Jalan Lain","_cls":"Jalan Lain"},"geometry":{"type":"LineString","coordinates":[[111.5661,-7.9689],[111.56843,-7.97016]]}},{"type":"Feature","properties":{"REMARK":"Jalan Lain","_cls":"Jalan Lain"},"geometry":{"type":"LineString","coordinates":[[111.60919,-7.95058],[111.60895,-7.9508],[111.60846,-7.95113]]}},{"type":"Feature","properties":{"REMARK":"Jalan Setapak","_cls":"Jalan Setapak"},"geometry":{"type":"LineString","coordinates":[[111.55,-7.95373],[111.55072,-7.95377],[111.55197,-7.95376]]}},{"type":"Feature","properties":{"REMARK":"Jalan Setapak","_cls":"Jalan Setapak"},"geometry":{"type":"LineString","coordinates":[[111.54972,-7.97196],[111.54917,-7.97182],[111.5487,-7.97181],[111.54859,-7.97183],[111.54824,-7.97244],[111.54528,-7.9721],[111.54307,-7.97189],[111.54276,-7.97181],[111.54281,-7.97028]]}},{"type":"Feature","properties":{"REMARK":"Jalan Lain","_cls":"Jalan Lain"},"geometry":{"type":"LineString","coordinates":[[111.538,-7.99582],[111.53607,-7.99557]]}},{"type":"Feature","properties":{"REMARK":"Jalan Setapak","_cls":"Jalan Setapak"},"geometry":{"type":"LineString","coordinates":[[111.63601,-8.00084],[111.63611,-8.00091],[111.63618,-8.00109],[111.63618,-8.00127],[111.63605,-8.00149],[111.63573,-8.00178],[111.63444,-8.0026],[111.63421,-8.00279],[111.63385,-8.0032],[111.63378,-8.00339],[111.63376,-8.00353]]}},{"type":"Feature","properties":{"REMARK":"Jalan Lain","_cls":"Jalan Lain"},"geometry":{"type":"LineString","coordinates":[[111.57713,-7.9898],[111.57651,-7.99004],[111.57625,-7.99022],[111.57617,-7.9907],[111.5759,-7.99128],[111.57564,-7.9917],[111.57543,-7.99187],[111.57477,-7.99211],[111.57434,-7.99241],[111.5737,-7.99303],[111.57327,-7.99318],[111.57316,-7.99315],[111.57301,-7.99273],[111.57283,-7.9918],[111.57287,-7.99159],[111.57324,-7.99146],[111.57342,-7.99059],[111.57337,-7.99051],[111.57363,-7.98946],[111.57374,-7.98877],[111.57385,-7.98853],[111.5742,-7.98807]]}},{"type":"Feature","properties":{"REMARK":"Jalan Lain","_cls":"Jalan Lain"},"geometry":{"type":"LineString","coordinates":[[111.60932,-7.9563],[111.60918,-7.9565],[111.60862,-7.95706],[111.60741,-7.95819],[111.60729,-7.95837],[111.60705,-7.95893],[111.60684,-7.95995],[111.60662,-7.96059]]}},{"type":"Feature","properties":{"REMARK":"Jalan Lain","_cls":"Jalan Lain"},"geometry":{"type":"LineString","coordinates":[[111.54602,-7.93466],[111.5472,-7.93423],[111.54925,-7.93376],[111.54963,-7.93371],[111.55066,-7.93366],[111.55253,-7.93377],[111.55264,-7.93363],[111.55286,-7.93324],[111.55304,-7.9328],[111.55303,-7.93236]]}},{"type":"Feature","properties":{"REMARK":"Jalan Lain","_cls":"Jalan Lain"},"geometry":{"type":"LineString","coordinates":[[111.53867,-7.97622],[111.53867,-7.97779]]}},{"type":"Feature","properties":{"REMARK":"Jalan Setapak","_cls":"Jalan Setapak"},"geometry":{"type":"LineString","coordinates":[[111.6213,-7.95602],[111.62097,-7.95686],[111.62079,-7.95797],[111.62083,-7.95806],[111.62181,-7.95814]]}},{"type":"Feature","properties":{"REMARK":"Jalan Lain","_cls":"Jalan Lain"},"geometry":{"type":"LineString","coordinates":[[111.53013,-7.94631],[111.53386,-7.94589]]}},{"type":"Feature","properties":{"REMARK":"Jalan Setapak","_cls":"Jalan Setapak"},"geometry":{"type":"LineString","coordinates":[[111.60893,-7.96786],[111.60952,-7.96796],[111.60986,-7.96807],[111.6103,-7.96836],[111.61062,-7.96897],[111.61115,-7.96974],[111.61152,-7.97053],[111.61172,-7.97107],[111.61178,-7.97135],[111.61181,-7.97229],[111.61188,-7.97242],[111.61208,-7.97253]]}},{"type":"Feature","properties":{"REMARK":"Jalan Lokal","_cls":"Jalan Lokal"},"geometry":{"type":"LineString","coordinates":[[111.65269,-8.00298],[111.65265,-8.00309],[111.65266,-8.00329],[111.65296,-8.00421],[111.6531,-8.00446],[111.65314,-8.00467],[111.65309,-8.00478],[111.65295,-8.00484],[111.65252,-8.00478],[111.6522,-8.00468],[111.65189,-8.0047],[111.65159,-8.00483],[111.65163,-8.00513],[111.65187,-8.00584],[111.65204,-8.00615],[111.65185,-8.00651],[111.65183,-8.00683],[111.65248,-8.00691],[111.65265,-8.00699],[111.65291,-8.00721],[111.65341,-8.0077],[111.65394,-8.00843],[111.65413,-8.00885],[111.65409,-8.00894],[111.65378,-8.00924],[111.65346,-8.00945],[111.65336,-8.00959],[111.65337,-8.00969],[111.65367,-8.01],[111.6538,-8.0102],[111.65383,-8.01038],[111.65381,-8.01048],[111.65351,-8.01069],[111.65345,-8.01084],[111.65344,-8.01102],[111.65351,-8.01115],[111.65389,-8.01144],[111.65401,-8.01159],[111.65408,-8.01186],[111.65408,-8.01212],[111.65397,-8.01255],[111.65393,-8.01315],[111.65404,-8.01446],[111.65358,-8.01629],[111.65342,-8.01773],[111.6528,-8.01857],[111.65276,-8.01925]]}},{"type":"Feature","properties":{"REMARK":"Jalan Lain","_cls":"Jalan Lain"},"geometry":{"type":"LineString","coordinates":[[111.55235,-7.94741],[111.55329,-7.94733],[111.55351,-7.94735]]}},{"type":"Feature","properties":{"REMARK":"Jalan Setapak","_cls":"Jalan Setapak"},"geometry":{"type":"LineString","coordinates":[[111.55504,-8.02108],[111.55519,-8.02258],[111.55552,-8.02338],[111.55577,-8.02387]]}},{"type":"Feature","properties":{"REMARK":"Jalan Lain","_cls":"Jalan Lain"},"geometry":{"type":"LineString","coordinates":[[111.56669,-7.96045],[111.5657,-7.95885],[111.56535,-7.95839],[111.56502,-7.95746],[111.56474,-7.95688],[111.56423,-7.95616],[111.56381,-7.95531]]}},{"type":"Feature","properties":{"REMARK":"Jalan Lingkungan","_cls":"Jalan Lingkungan"},"geometry":{"type":"LineString","coordinates":[[111.57984,-7.97741],[111.57805,-7.97676]]}},{"type":"Feature","properties":{"REMARK":"Jalan Lain","_cls":"Jalan Lain"},"geometry":{"type":"LineString","coordinates":[[111.57973,-7.97238],[111.58035,-7.97252],[111.58098,-7.97288],[111.58122,-7.9729],[111.58165,-7.97286],[111.58217,-7.97276]]}},{"type":"Feature","properties":{"REMARK":"Jalan Setapak","_cls":"Jalan Setapak"},"geometry":{"type":"LineString","coordinates":[[111.54295,-7.94708],[111.54368,-7.94703],[111.54433,-7.94707]]}},{"type":"Feature","properties":{"REMARK":"Jalan Lain","_cls":"Jalan Lain"},"geometry":{"type":"LineString","coordinates":[[111.62585,-7.95462],[111.62564,-7.95482],[111.62529,-7.95425],[111.62516,-7.95411],[111.6246,-7.95404],[111.62455,-7.95398]]}},{"type":"Feature","properties":{"REMARK":"Jalan Lain","_cls":"Jalan Lain"},"geometry":{"type":"LineString","coordinates":[[111.53974,-7.996],[111.53976,-7.9955],[111.53973,-7.9953],[111.5393,-7.99524],[111.5385,-7.99519],[111.53828,-7.99523],[111.53806,-7.9956],[111.538,-7.99582]]}},{"type":"Feature","properties":{"REMARK":"Jalan Lain","_cls":"Jalan Lain"},"geometry":{"type":"LineString","coordinates":[[111.56813,-7.93274],[111.56849,-7.93261],[111.57152,-7.93137],[111.57179,-7.93131],[111.57285,-7.93149],[111.57351,-7.93167]]}},{"type":"Feature","properties":{"REMARK":"Jalan Lingkungan","_cls":"Jalan Lingkungan"},"geometry":{"type":"LineString","coordinates":[[111.6198,-7.97864],[111.61944,-7.97851],[111.61913,-7.978],[111.61901,-7.97726]]}},{"type":"Feature","properties":{"REMARK":"Jalan Lain","_cls":"Jalan Lain"},"geometry":{"type":"LineString","coordinates":[[111.534,-7.98207],[111.53402,-7.98118]]}},{"type":"Feature","properties":{"REMARK":"Jalan Lain","_cls":"Jalan Lain"},"geometry":{"type":"LineString","coordinates":[[111.55014,-7.96942],[111.54991,-7.96854],[111.54983,-7.96764],[111.54982,-7.96701]]}},{"type":"Feature","properties":{"REMARK":"Jalan Lain","_cls":"Jalan Lain"},"geometry":{"type":"LineString","coordinates":[[111.62435,-7.94842],[111.62418,-7.94848]]}},{"type":"Feature","properties":{"REMARK":"Jalan Lain","_cls":"Jalan Lain"},"geometry":{"type":"LineString","coordinates":[[111.53421,-7.95601],[111.53639,-7.95584]]}},{"type":"Feature","properties":{"REMARK":"Jalan Lokal","_cls":"Jalan Lokal"},"geometry":{"type":"LineString","coordinates":[[111.63899,-7.97591],[111.6392,-7.9766]]}},{"type":"Feature","properties":{"REMARK":"Jalan Lain","_cls":"Jalan Lain"},"geometry":{"type":"LineString","coordinates":[[111.60662,-7.96059],[111.60639,-7.96104],[111.60588,-7.9615],[111.60543,-7.96181],[111.60451,-7.96258],[111.6042,-7.96302],[111.60367,-7.96345],[111.60345,-7.96374],[111.60325,-7.96384],[111.60269,-7.96385],[111.60246,-7.96394],[111.60195,-7.96421],[111.60128,-7.96476],[111.6009,-7.96521],[111.60058,-7.96545],[111.60036,-7.96548],[111.59998,-7.96543],[111.59963,-7.96534],[111.59928,-7.96532],[111.59879,-7.96548],[111.5987,-7.96555],[111.59849,-7.96587],[111.59841,-7.96594],[111.59783,-7.96634],[111.59695,-7.96732],[111.59598,-7.96755],[111.59571,-7.96765],[111.59544,-7.96782],[111.59459,-7.96777],[111.59366,-7.96794],[111.59322,-7.96793],[111.59297,-7.96796],[111.5925,-7.96823]]}},{"type":"Feature","properties":{"REMARK":"Jalan Lokal","_cls":"Jalan Lokal"},"geometry":{"type":"LineString","coordinates":[[111.63853,-7.99222],[111.63822,-7.99227],[111.63798,-7.99225],[111.63784,-7.99217],[111.6374,-7.99141]]}},{"type":"Feature","properties":{"REMARK":"Jalan Setapak","_cls":"Jalan Setapak"},"geometry":{"type":"LineString","coordinates":[[111.5552,-8.04335],[111.55525,-8.04302],[111.55537,-8.04285],[111.55579,-8.04258],[111.5561,-8.04193],[111.55644,-8.04101],[111.55651,-8.04075],[111.5565,-8.04059],[111.55641,-8.04042],[111.55623,-8.03969],[111.55623,-8.03961],[111.55641,-8.03948]]}},{"type":"Feature","properties":{"REMARK":"Jalan Lain","_cls":"Jalan Lain"},"geometry":{"type":"LineString","coordinates":[[111.62064,-7.96212],[111.62058,-7.96232],[111.6202,-7.96276],[111.61991,-7.96303],[111.61943,-7.96332],[111.61898,-7.96366],[111.61879,-7.96376],[111.61815,-7.96448],[111.61779,-7.96482],[111.61732,-7.96539],[111.61711,-7.96574],[111.61695,-7.96609],[111.61657,-7.96768],[111.6164,-7.96787],[111.6159,-7.96821],[111.61567,-7.96831],[111.61543,-7.96837],[111.61526,-7.96839],[111.61481,-7.96826],[111.61441,-7.9682]]}},{"type":"Feature","properties":{"REMARK":"Jalan Lain","_cls":"Jalan Lain"},"geometry":{"type":"LineString","coordinates":[[111.53739,-7.93958],[111.53725,-7.93836]]}},{"type":"Feature","properties":{"REMARK":"Jalan Lain","_cls":"Jalan Lain"},"geometry":{"type":"LineString","coordinates":[[111.54825,-7.94866],[111.54928,-7.94818]]}},{"type":"Feature","properties":{"REMARK":"Jalan Setapak","_cls":"Jalan Setapak"},"geometry":{"type":"LineString","coordinates":[[111.59376,-7.99151],[111.59369,-7.99213],[111.59358,-7.99238],[111.59296,-7.99299],[111.59289,-7.99318],[111.59289,-7.99332]]}},{"type":"Feature","properties":{"REMARK":"Jalan Lain","_cls":"Jalan Lain"},"geometry":{"type":"LineString","coordinates":[[111.56661,-7.97188],[111.56629,-7.97295]]}},{"type":"Feature","properties":{"REMARK":"Jalan Setapak","_cls":"Jalan Setapak"},"geometry":{"type":"LineString","coordinates":[[111.53425,-7.95473],[111.53428,-7.95451],[111.53409,-7.95345]]}},{"type":"Feature","properties":{"REMARK":"Jalan Setapak","_cls":"Jalan Setapak"},"geometry":{"type":"LineString","coordinates":[[111.60631,-7.9683],[111.60641,-7.96828],[111.60694,-7.96839],[111.60723,-7.96833],[111.60751,-7.96814],[111.60777,-7.96812],[111.60846,-7.96785],[111.60879,-7.96784],[111.60893,-7.96786]]}},{"type":"Feature","properties":{"REMARK":"Jalan Setapak","_cls":"Jalan Setapak"},"geometry":{"type":"LineString","coordinates":[[111.64906,-7.97056],[111.64993,-7.97045],[111.65034,-7.97054],[111.65046,-7.97061],[111.65071,-7.97098],[111.65082,-7.97102],[111.65095,-7.97097],[111.65114,-7.97074],[111.65134,-7.9702],[111.65183,-7.9702]]}},{"type":"Feature","properties":{"REMARK":"Jalan Setapak","_cls":"Jalan Setapak"},"geometry":{"type":"LineString","coordinates":[[111.63601,-8.00084],[111.63582,-8.00082],[111.63564,-8.00086],[111.63532,-8.0008],[111.63496,-8.0004],[111.63492,-8.00026],[111.63501,-7.99999],[111.63519,-7.99971],[111.63559,-7.99931],[111.6356,-7.99838],[111.63578,-7.99718]]}},{"type":"Feature","properties":{"REMARK":"Jalan Lain","_cls":"Jalan Lain"},"geometry":{"type":"LineString","coordinates":[[111.53623,-7.97142],[111.53607,-7.96921]]}},{"type":"Feature","properties":{"REMARK":"Jalan Lain","_cls":"Jalan Lain"},"geometry":{"type":"LineString","coordinates":[[111.53633,-7.98907],[111.53865,-7.98919]]}},{"type":"Feature","properties":{"REMARK":"Jalan Setapak","_cls":"Jalan Setapak"},"geometry":{"type":"LineString","coordinates":[[111.56769,-8.03445],[111.56811,-8.0347],[111.56842,-8.03481],[111.56825,-8.03527],[111.5683,-8.03559],[111.5687,-8.036],[111.56883,-8.03624],[111.56909,-8.03647]]}},{"type":"Feature","properties":{"REMARK":"Jalan Setapak","_cls":"Jalan Setapak"},"geometry":{"type":"LineString","coordinates":[[111.61488,-7.94369],[111.61468,-7.94365],[111.61459,-7.94359],[111.61453,-7.94293],[111.61456,-7.94274]]}},{"type":"Feature","properties":{"REMARK":"Jalan Lain","_cls":"Jalan Lain"},"geometry":{"type":"LineString","coordinates":[[111.56739,-7.93459],[111.56741,-7.93487],[111.56764,-7.9352],[111.56774,-7.93542],[111.56774,-7.93584],[111.56788,-7.9367],[111.56798,-7.93711],[111.56812,-7.93748],[111.56826,-7.93768],[111.56831,-7.93786],[111.56805,-7.93828],[111.56805,-7.93848],[111.56829,-7.93914],[111.56815,-7.93994],[111.56804,-7.94007]]}},{"type":"Feature","properties":{"REMARK":"Jalan Setapak","_cls":"Jalan Setapak"},"geometry":{"type":"LineString","coordinates":[[111.62225,-7.9432],[111.62204,-7.94487],[111.62212,-7.945],[111.62213,-7.94528],[111.62209,-7.94574],[111.62202,-7.94612],[111.62156,-7.94743],[111.62152,-7.94776],[111.62156,-7.94801],[111.62203,-7.94851]]}},{"type":"Feature","properties":{"REMARK":"Jalan Setapak","_cls":"Jalan Setapak"},"geometry":{"type":"LineString","coordinates":[[111.55181,-7.94529],[111.55177,-7.94463],[111.55187,-7.94419],[111.55179,-7.94389]]}},{"type":"Feature","properties":{"REMARK":"Jalan Lain","_cls":"Jalan Lain"},"geometry":{"type":"LineString","coordinates":[[111.56877,-7.97034],[111.56946,-7.97081],[111.56998,-7.97122],[111.57053,-7.97178],[111.57053,-7.97183]]}},{"type":"Feature","properties":{"REMARK":"Jalan Lain","_cls":"Jalan Lain"},"geometry":{"type":"LineString","coordinates":[[111.57959,-7.98864],[111.57932,-7.98777]]}},{"type":"Feature","properties":{"REMARK":"Jalan Setapak","_cls":"Jalan Setapak"},"geometry":{"type":"LineString","coordinates":[[111.54915,-7.94745],[111.54902,-7.94685],[111.54868,-7.9465],[111.5483,-7.94604],[111.5482,-7.9447],[111.5483,-7.94346],[111.54828,-7.94327]]}},{"type":"Feature","properties":{"REMARK":"Jalan Setapak","_cls":"Jalan Setapak"},"geometry":{"type":"LineString","coordinates":[[111.5399,-7.94291],[111.54224,-7.94251],[111.5436,-7.94224]]}},{"type":"Feature","properties":{"REMARK":"Jalan Lain","_cls":"Jalan Lain"},"geometry":{"type":"LineString","coordinates":[[111.53975,-7.941],[111.5399,-7.94291]]}},{"type":"Feature","properties":{"REMARK":"Jalan Lain","_cls":"Jalan Lain"},"geometry":{"type":"LineString","coordinates":[[111.5395,-7.99596],[111.538,-7.99582]]}},{"type":"Feature","properties":{"REMARK":"Jalan Lain","_cls":"Jalan Lain"},"geometry":{"type":"LineString","coordinates":[[111.5596,-7.94847],[111.55985,-7.9486],[111.55997,-7.94872],[111.55983,-7.94932],[111.55988,-7.95043],[111.5598,-7.95067],[111.5596,-7.95095],[111.55955,-7.95113],[111.55974,-7.9519],[111.55969,-7.95199],[111.55929,-7.9523],[111.55936,-7.95257]]}},{"type":"Feature","properties":{"REMARK":"Jalan Setapak","_cls":"Jalan Setapak"},"geometry":{"type":"LineString","coordinates":[[111.65467,-7.97092],[111.65403,-7.9707],[111.65339,-7.97026],[111.65325,-7.9702],[111.65308,-7.97022],[111.65263,-7.9704],[111.65244,-7.97038],[111.65218,-7.97026],[111.65183,-7.9702]]}},{"type":"Feature","properties":{"REMARK":"Jalan Lain","_cls":"Jalan Lain"},"geometry":{"type":"LineString","coordinates":[[111.60549,-8.00698],[111.6057,-8.00717],[111.60624,-8.00777],[111.60638,-8.0079],[111.60666,-8.00807]]}},{"type":"Feature","properties":{"REMARK":"Jalan Lokal","_cls":"Jalan Lokal"},"geometry":{"type":"LineString","coordinates":[[111.65295,-7.99854],[111.65283,-7.99788]]}},{"type":"Feature","properties":{"REMARK":"Jalan Lain","_cls":"Jalan Lain"},"geometry":{"type":"LineString","coordinates":[[111.57973,-8.00348],[111.57982,-8.00342],[111.5801,-8.00273],[111.58033,-8.00244],[111.58067,-8.0019],[111.58121,-8.0013],[111.58133,-8.00104]]}},{"type":"Feature","properties":{"REMARK":"Jalan Lain","_cls":"Jalan Lain"},"geometry":{"type":"LineString","coordinates":[[111.58651,-7.93621],[111.58562,-7.93536],[111.58531,-7.93514],[111.58458,-7.93492],[111.58427,-7.93488],[111.5838,-7.93492],[111.58308,-7.9356],[111.58294,-7.93565]]}},{"type":"Feature","properties":{"REMARK":"Jalan Lain","_cls":"Jalan Lain"},"geometry":{"type":"LineString","coordinates":[[111.54862,-8.01384],[111.54832,-8.01438],[111.54832,-8.01463],[111.54839,-8.01481],[111.54843,-8.01527],[111.54862,-8.01611],[111.54858,-8.0164],[111.54837,-8.01672],[111.54832,-8.01685],[111.54832,-8.01703],[111.5484,-8.01733],[111.54835,-8.01785],[111.5484,-8.01805],[111.54845,-8.01812],[111.54854,-8.01811]]}},{"type":"Feature","properties":{"REMARK":"Jalan Lain","_cls":"Jalan Lain"},"geometry":{"type":"LineString","coordinates":[[111.61497,-7.99288],[111.61459,-7.99208],[111.61418,-7.99189],[111.61406,-7.99177],[111.61336,-7.99099],[111.61301,-7.99035]]}},{"type":"Feature","properties":{"REMARK":"Jalan Lain","_cls":"Jalan Lain"},"geometry":{"type":"LineString","coordinates":[[111.6027,-7.98389],[111.60257,-7.98414],[111.60247,-7.98417],[111.60222,-7.98412],[111.60132,-7.98381]]}},{"type":"Feature","properties":{"REMARK":"Jalan Lain","_cls":"Jalan Lain"},"geometry":{"type":"LineString","coordinates":[[111.53323,-7.97313],[111.53227,-7.97319]]}},{"type":"Feature","properties":{"REMARK":"Jalan Nasional","_cls":"Jalan Nasional"},"geometry":{"type":"LineString","coordinates":[[111.56306,-8.01049],[111.56304,-8.01045],[111.56333,-8.01008],[111.56367,-8.00984],[111.56461,-8.00958],[111.56558,-8.00926],[111.56654,-8.00904],[111.56724,-8.00879],[111.56749,-8.00866],[111.56934,-8.00725],[111.56959,-8.00699],[111.56974,-8.00662],[111.56984,-8.00629],[111.57002,-8.00602],[111.57053,-8.00585],[111.57108,-8.00539],[111.57143,-8.00529],[111.57204,-8.00528],[111.57371,-8.00509],[111.57519,-8.00513],[111.57541,-8.00501],[111.57594,-8.00429],[111.57707,-8.0031],[111.57772,-8.00218],[111.57821,-8.00111],[111.57824,-8.00068],[111.57812,-7.99971],[111.57816,-7.99949],[111.57829,-7.99905],[111.5784,-7.9989],[111.57854,-7.9988],[111.57903,-7.99853],[111.57921,-7.99832],[111.57929,-7.99814],[111.57949,-7.99669],[111.57952,-7.99639],[111.57951,-7.9957],[111.57944,-7.99561],[111.57926,-7.99552],[111.57902,-7.9955],[111.57824,-7.99553],[111.57784,-7.99538],[111.57759,-7.99499],[111.57758,-7.99473],[111.57784,-7.994],[111.57762,-7.99338],[111.57734,-7.99277],[111.57734,-7.99237],[111.5775,-7.99118],[111.5774,-7.99098],[111.57728,-7.99081],[111.57697,-7.99047],[111.57725,-7.98938],[111.57732,-7.98899],[111.57727,-7.98879],[111.57713,-7.98864],[111.57698,-7.98861],[111.57666,-7.98865],[111.57631,-7.98879],[111.57615,-7.98891],[111.57573,-7.98953],[111.57556,-7.98969],[111.57541,-7.98972],[111.57519,-7.98969],[111.57502,-7.98957],[111.57496,-7.98948],[111.57487,-7.98917],[111.57489,-7.98856],[111.5743,-7.9882],[111.57409,-7.98793],[111.57397,-7.98725],[111.57408,-7.98709],[111.57419,-7.98699],[111.57465,-7.98669],[111.57473,-7.98651],[111.57468,-7.9853],[111.57482,-7.98492],[111.57558,-7.98365],[111.57562,-7.98354],[111.57561,-7.98322],[111.57556,-7.98297],[111.57546,-7.98273],[111.57513,-7.98239],[111.57492,-7.98224],[111.57422,-7.98211],[111.5739,-7.98195],[111.57421,-7.98104]]}},{"type":"Feature","properties":{"REMARK":"Jalan Lain","_cls":"Jalan Lain"},"geometry":{"type":"LineString","coordinates":[[111.61295,-7.98406],[111.6121,-7.98421],[111.61143,-7.98426],[111.6112,-7.98421],[111.6106,-7.98399],[111.60991,-7.98369],[111.60957,-7.9836],[111.60939,-7.98361]]}},{"type":"Feature","properties":{"REMARK":"Jalan Setapak","_cls":"Jalan Setapak"},"geometry":{"type":"LineString","coordinates":[[111.57932,-7.98777],[111.57971,-7.98766]]}},{"type":"Feature","properties":{"REMARK":"Jalan Setapak","_cls":"Jalan Setapak"},"geometry":{"type":"LineString","coordinates":[[111.62525,-7.98257],[111.62472,-7.98248],[111.62451,-7.98239],[111.62345,-7.98153],[111.62331,-7.98146],[111.62239,-7.98139],[111.6223,-7.98134],[111.62217,-7.98098],[111.62192,-7.9809],[111.62089,-7.98112],[111.62067,-7.98111],[111.6203,-7.98103],[111.62,-7.98103],[111.61983,-7.98096],[111.61961,-7.98076],[111.61925,-7.98037]]}},{"type":"Feature","properties":{"REMARK":"Jalan Lain","_cls":"Jalan Lain"},"geometry":{"type":"LineString","coordinates":[[111.54452,-7.98309],[111.54451,-7.98291],[111.54299,-7.98277]]}},{"type":"Feature","properties":{"REMARK":"Jalan Lain","_cls":"Jalan Lain"},"geometry":{"type":"LineString","coordinates":[[111.53677,-7.98257],[111.53676,-7.98155]]}},{"type":"Feature","properties":{"REMARK":"Jalan Lokal","_cls":"Jalan Lokal"},"geometry":{"type":"LineString","coordinates":[[111.63906,-7.974],[111.63877,-7.97464],[111.6387,-7.97484],[111.63872,-7.97507],[111.63899,-7.97591]]}},{"type":"Feature","properties":{"REMARK":"Jalan Lain","_cls":"Jalan Lain"},"geometry":{"type":"LineString","coordinates":[[111.55618,-7.94749],[111.55641,-7.94745],[111.5567,-7.94729],[111.55725,-7.94684],[111.55766,-7.94644],[111.55784,-7.9462],[111.5579,-7.94596],[111.55797,-7.94547],[111.55805,-7.94428],[111.55868,-7.94309],[111.55905,-7.94225],[111.55967,-7.94198],[111.56112,-7.94151]]}},{"type":"Feature","properties":{"REMARK":"Jalan Lain","_cls":"Jalan Lain"},"geometry":{"type":"LineString","coordinates":[[111.56085,-7.94481],[111.56107,-7.94467],[111.56219,-7.94449]]}},{"type":"Feature","properties":{"REMARK":"Jalan Lain","_cls":"Jalan Lain"},"geometry":{"type":"LineString","coordinates":[[111.61452,-7.95733],[111.61392,-7.95718],[111.61357,-7.95703],[111.61347,-7.95694],[111.61276,-7.95674],[111.61212,-7.95648],[111.61139,-7.95635],[111.61133,-7.95631],[111.61129,-7.95531]]}},{"type":"Feature","properties":{"REMARK":"Jalan Lain","_cls":"Jalan Lain"},"geometry":{"type":"LineString","coordinates":[[111.64172,-7.96887],[111.64144,-7.96868],[111.64132,-7.96851],[111.64099,-7.96799],[111.64101,-7.96785]]}},{"type":"Feature","properties":{"REMARK":"Jalan Setapak","_cls":"Jalan Setapak"},"geometry":{"type":"LineString","coordinates":[[111.618,-7.98465],[111.61735,-7.98521],[111.61681,-7.98551],[111.61644,-7.98628],[111.61614,-7.98662],[111.61604,-7.98719],[111.61573,-7.98766],[111.61517,-7.98828],[111.61513,-7.9884],[111.61511,-7.9889],[111.61448,-7.98913],[111.61444,-7.98958],[111.61408,-7.99006],[111.61396,-7.99016],[111.61301,-7.99035]]}},{"type":"Feature","properties":{"REMARK":"Jalan Lain","_cls":"Jalan Lain"},"geometry":{"type":"LineString","coordinates":[[111.53208,-7.98372],[111.53207,-7.98372]]}},{"type":"Feature","properties":{"REMARK":"Jalan Setapak","_cls":"Jalan Setapak"},"geometry":{"type":"LineString","coordinates":[[111.60298,-8.01567],[111.60286,-8.01585],[111.60284,-8.01636],[111.60277,-8.01662],[111.60226,-8.01699]]}},{"type":"Feature","properties":{"REMARK":"Jalan Setapak","_cls":"Jalan Setapak"},"geometry":{"type":"LineString","coordinates":[[111.55667,-7.96758],[111.55658,-7.96757],[111.55616,-7.96738],[111.55455,-7.96678],[111.55389,-7.96642],[111.55313,-7.96587],[111.55275,-7.96575],[111.55108,-7.96547],[111.55074,-7.96552],[111.55022,-7.96567],[111.54954,-7.96592]]}},{"type":"Feature","properties":{"REMARK":"Jalan Setapak","_cls":"Jalan Setapak"},"geometry":{"type":"LineString","coordinates":[[111.65349,-8.01976],[111.65343,-8.01975],[111.65305,-8.01956],[111.65276,-8.01925]]}},{"type":"Feature","properties":{"REMARK":"Jalan Lain","_cls":"Jalan Lain"},"geometry":{"type":"LineString","coordinates":[[111.62455,-7.95398],[111.62464,-7.95308],[111.62461,-7.95303],[111.62391,-7.95305],[111.62326,-7.95296],[111.62282,-7.95284]]}},{"type":"Feature","properties":{"REMARK":"Jalan Lain","_cls":"Jalan Lain"},"geometry":{"type":"LineString","coordinates":[[111.59095,-7.98247],[111.5909,-7.98186],[111.59097,-7.98097],[111.59094,-7.98041],[111.5908,-7.9802],[111.59072,-7.98003],[111.59071,-7.97991],[111.58899,-7.97952],[111.58839,-7.97934],[111.58769,-7.97906],[111.58726,-7.97893],[111.58691,-7.97876],[111.58513,-7.97816],[111.58473,-7.97787],[111.58415,-7.97762]]}},{"type":"Feature","properties":{"REMARK":"Jalan Lain","_cls":"Jalan Lain"},"geometry":{"type":"LineString","coordinates":[[111.60662,-7.96059],[111.60669,-7.96058],[111.60687,-7.96029],[111.6071,-7.96005],[111.60775,-7.96047],[111.60787,-7.96079],[111.60788,-7.96089],[111.60807,-7.96098],[111.60892,-7.96104],[111.60937,-7.96122],[111.60947,-7.96115],[111.60958,-7.96081],[111.60963,-7.96019],[111.60981,-7.9591],[111.60968,-7.95853],[111.60958,-7.9579],[111.60915,-7.95748],[111.60932,-7.9563]]}},{"type":"Feature","properties":{"REMARK":"Jalan Lain","_cls":"Jalan Lain"},"geometry":{"type":"LineString","coordinates":[[111.55039,-7.97047],[111.55034,-7.96999],[111.55014,-7.96942]]}},{"type":"Feature","properties":{"REMARK":"Jalan Lingkungan","_cls":"Jalan Lingkungan"},"geometry":{"type":"LineString","coordinates":[[111.63448,-7.98032],[111.63326,-7.98009]]}},{"type":"Feature","properties":{"REMARK":"Jalan Setapak","_cls":"Jalan Setapak"},"geometry":{"type":"LineString","coordinates":[[111.54494,-7.94792],[111.54494,-7.94691]]}},{"type":"Feature","properties":{"REMARK":"Jalan Setapak","_cls":"Jalan Setapak"},"geometry":{"type":"LineString","coordinates":[[111.57936,-7.92965],[111.57849,-7.92959],[111.57822,-7.92953],[111.57784,-7.92931],[111.57747,-7.92915],[111.5771,-7.92914],[111.57703,-7.92921],[111.57662,-7.93008],[111.57601,-7.93026],[111.57517,-7.93069],[111.57463,-7.93112],[111.57371,-7.93147],[111.57351,-7.93161],[111.57351,-7.93167]]}},{"type":"Feature","properties":{"REMARK":"Jalan Lain","_cls":"Jalan Lain"},"geometry":{"type":"LineString","coordinates":[[111.54447,-7.96009],[111.54396,-7.95983],[111.54425,-7.959]]}},{"type":"Feature","properties":{"REMARK":"Jalan Lain","_cls":"Jalan Lain"},"geometry":{"type":"LineString","coordinates":[[111.55788,-7.962],[111.55712,-7.96221],[111.55653,-7.96231]]}},{"type":"Feature","properties":{"REMARK":"Jalan Setapak","_cls":"Jalan Setapak"},"geometry":{"type":"LineString","coordinates":[[111.53975,-7.941],[111.53917,-7.94114],[111.53828,-7.94161],[111.53769,-7.94181],[111.53721,-7.94205],[111.53658,-7.94225],[111.53589,-7.94239],[111.53455,-7.94257],[111.53442,-7.94254],[111.53435,-7.94239],[111.53427,-7.94205]]}},{"type":"Feature","properties":{"REMARK":"Jalan Lain","_cls":"Jalan Lain"},"geometry":{"type":"LineString","coordinates":[[111.5621,-7.95027],[111.56204,-7.94978],[111.56204,-7.94897]]}},{"type":"Feature","properties":{"REMARK":"Jalan Lain","_cls":"Jalan Lain"},"geometry":{"type":"LineString","coordinates":[[111.54862,-8.01384],[111.54871,-8.01349],[111.54873,-8.01318],[111.54868,-8.01278],[111.54859,-8.01247],[111.54849,-8.01231],[111.54814,-8.01189],[111.54706,-8.01136],[111.54673,-8.01113],[111.54654,-8.01094],[111.54635,-8.01055],[111.54634,-8.01025],[111.54615,-8.00998],[111.5458,-8.00963],[111.54563,-8.00932],[111.54539,-8.00827],[111.54516,-8.00781],[111.54524,-8.00731],[111.54502,-8.00669],[111.54487,-8.00639],[111.54476,-8.00632],[111.54383,-8.00615],[111.54352,-8.00591],[111.54308,-8.00522],[111.5427,-8.00412],[111.54252,-8.00388],[111.54219,-8.0036],[111.54189,-8.00326],[111.54184,-8.00311],[111.54184,-8.00244],[111.54177,-8.00205],[111.54169,-8.00191],[111.54149,-8.00173],[111.54101,-8.0015],[111.5409,-8.00136],[111.54093,-8.00083],[111.54089,-8.00063],[111.54081,-8.0005],[111.54071,-8.00046],[111.54024,-8.00043],[111.53973,-8.00025],[111.53859,-8.0001]]}},{"type":"Feature","properties":{"REMARK":"Jalan Setapak","_cls":"Jalan Setapak"},"geometry":{"type":"LineString","coordinates":[[111.56304,-8.02455],[111.56226,-8.02505],[111.562,-8.02512],[111.56139,-8.02513]]}},{"type":"Feature","properties":{"REMARK":"Jalan Lain","_cls":"Jalan Lain"},"geometry":{"type":"LineString","coordinates":[[111.5661,-7.9689],[111.56591,-7.96974],[111.56538,-7.97141]]}},{"type":"Feature","properties":{"REMARK":"Jalan Lain","_cls":"Jalan Lain"},"geometry":{"type":"LineString","coordinates":[[111.54232,-7.95294],[111.54234,-7.95283],[111.5425,-7.95289],[111.54265,-7.9529],[111.54271,-7.95257],[111.54267,-7.95215],[111.54253,-7.95199],[111.54258,-7.95142],[111.54257,-7.95107],[111.54245,-7.94917]]}},{"type":"Feature","properties":{"REMARK":"Jalan Lingkungan","_cls":"Jalan Lingkungan"},"geometry":{"type":"LineString","coordinates":[[111.56359,-7.96433],[111.56412,-7.96443],[111.56448,-7.96456],[111.56496,-7.96458],[111.5652,-7.9645],[111.56566,-7.96451],[111.56643,-7.9651],[111.56662,-7.96514],[111.56718,-7.96512],[111.56737,-7.96492],[111.56897,-7.96538]]}},{"type":"Feature","properties":{"REMARK":"Jalan Setapak","_cls":"Jalan Setapak"},"geometry":{"type":"LineString","coordinates":[[111.61084,-7.97526],[111.61044,-7.97513],[111.61002,-7.97492],[111.60979,-7.97475],[111.60966,-7.97458],[111.60943,-7.97321],[111.60916,-7.9731]]}},{"type":"Feature","properties":{"REMARK":"Jalan Lain","_cls":"Jalan Lain"},"geometry":{"type":"LineString","coordinates":[[111.53898,-7.95351],[111.53903,-7.95343],[111.53912,-7.9526]]}},{"type":"Feature","properties":{"REMARK":"Jalan Lain","_cls":"Jalan Lain"},"geometry":{"type":"LineString","coordinates":[[111.6441,-7.96812],[111.64449,-7.96823],[111.64483,-7.96816],[111.64497,-7.96817],[111.64528,-7.96837]]}},{"type":"Feature","properties":{"REMARK":"Jalan Setapak","_cls":"Jalan Setapak"},"geometry":{"type":"LineString","coordinates":[[111.58294,-7.93565],[111.58322,-7.93586],[111.58377,-7.93601],[111.58454,-7.93607],[111.58485,-7.93615],[111.58495,-7.93628],[111.585,-7.93643],[111.58505,-7.93648],[111.58533,-7.93666],[111.5857,-7.93679],[111.58635,-7.93638],[111.58651,-7.93621]]}},{"type":"Feature","properties":{"REMARK":"Jalan Lain","_cls":"Jalan Lain"},"geometry":{"type":"LineString","coordinates":[[111.54576,-7.97027],[111.54794,-7.97033],[111.55039,-7.97047]]}},{"type":"Feature","properties":{"REMARK":"Jalan Lain","_cls":"Jalan Lain"},"geometry":{"type":"LineString","coordinates":[[111.53847,-7.97531],[111.53848,-7.97397]]}},{"type":"Feature","properties":{"REMARK":"Jalan Lain","_cls":"Jalan Lain"},"geometry":{"type":"LineString","coordinates":[[111.56835,-8.03204],[111.56972,-8.03123],[111.56992,-8.03123],[111.57054,-8.03131],[111.5706,-8.0312]]}},{"type":"Feature","properties":{"REMARK":"Jalan Lain","_cls":"Jalan Lain"},"geometry":{"type":"LineString","coordinates":[[111.55302,-7.93205],[111.55157,-7.93221],[111.55117,-7.93221]]}},{"type":"Feature","properties":{"REMARK":"Jalan Lain","_cls":"Jalan Lain"},"geometry":{"type":"LineString","coordinates":[[111.57053,-7.97183],[111.5701,-7.9732]]}},{"type":"Feature","properties":{"REMARK":"Jalan Setapak","_cls":"Jalan Setapak"},"geometry":{"type":"MultiLineString","coordinates":[[[111.54961,-8.03786],[111.54897,-8.03755],[111.54865,-8.03757],[111.5486,-8.0378],[111.54858,-8.03812],[111.5485,-8.03829],[111.54814,-8.03833],[111.54738,-8.03819],[111.5473,-8.03822],[111.54716,-8.03837],[111.54703,-8.03843],[111.54645,-8.03839],[111.54612,-8.03846],[111.54597,-8.03883],[111.54608,-8.03926],[111.54614,-8.03964],[111.54616,-8.03989],[111.54611,-8.04018],[111.54546,-8.04069],[111.54502,-8.04124]],[[111.54306,-8.041],[111.54299,-8.04104],[111.54285,-8.04133]],[[111.54261,-8.04171],[111.54236,-8.04187],[111.54226,-8.04189]],[[111.542,-8.04183],[111.54186,-8.04174]],[[111.54133,-8.04197],[111.54129,-8.042]],[[111.53983,-8.04225],[111.53979,-8.04225]]]}},{"type":"Feature","properties":{"REMARK":"Jalan Lain","_cls":"Jalan Lain"},"geometry":{"type":"LineString","coordinates":[[111.63973,-7.99554],[111.63987,-7.99575],[111.63995,-7.99597],[111.64011,-7.99699],[111.64027,-7.99777],[111.64043,-7.9982],[111.64056,-7.99839],[111.6413,-7.99879],[111.64147,-7.99886],[111.64172,-7.99888],[111.6423,-7.99882],[111.64271,-7.99871],[111.64306,-7.99854]]}},{"type":"Feature","properties":{"REMARK":"Jalan Lokal","_cls":"Jalan Lokal"},"geometry":{"type":"LineString","coordinates":[[111.63835,-7.98299],[111.63822,-7.98395]]}},{"type":"Feature","properties":{"REMARK":"Jalan Lain","_cls":"Jalan Lain"},"geometry":{"type":"LineString","coordinates":[[111.56877,-7.97034],[111.5681,-7.9718],[111.56794,-7.97237]]}},{"type":"Feature","properties":{"REMARK":"Jalan Lain","_cls":"Jalan Lain"},"geometry":{"type":"LineString","coordinates":[[111.54452,-7.98309],[111.54439,-7.98422]]}},{"type":"Feature","properties":{"REMARK":"Jalan Lain","_cls":"Jalan Lain"},"geometry":{"type":"LineString","coordinates":[[111.53391,-7.98386],[111.534,-7.98207]]}},{"type":"Feature","properties":{"REMARK":"Jalan Lain","_cls":"Jalan Lain"},"geometry":{"type":"LineString","coordinates":[[111.55659,-7.96365],[111.55659,-7.96388]]}},{"type":"Feature","properties":{"REMARK":"Jalan Lain","_cls":"Jalan Lain"},"geometry":{"type":"LineString","coordinates":[[111.53749,-7.94053],[111.53739,-7.93958]]}},{"type":"Feature","properties":{"REMARK":"Jalan Lain","_cls":"Jalan Lain"},"geometry":{"type":"LineString","coordinates":[[111.58704,-8.02306],[111.5863,-8.02365],[111.58606,-8.02374],[111.58559,-8.02366],[111.58536,-8.02371],[111.58513,-8.02381],[111.58461,-8.02418],[111.58442,-8.0241],[111.58405,-8.02402],[111.58374,-8.02402],[111.58331,-8.02409],[111.5828,-8.02408],[111.58232,-8.02387],[111.58148,-8.02282],[111.5811,-8.02253],[111.58062,-8.02206],[111.58,-8.02164]]}},{"type":"Feature","properties":{"REMARK":"Jalan Lain","_cls":"Jalan Lain"},"geometry":{"type":"LineString","coordinates":[[111.5543,-8.04856],[111.5545,-8.04844],[111.55484,-8.04837],[111.55472,-8.0479],[111.55438,-8.04765],[111.55405,-8.04735],[111.55409,-8.04682],[111.55395,-8.04647],[111.55354,-8.04623],[111.55332,-8.04562],[111.55332,-8.04543],[111.55375,-8.04469],[111.55404,-8.0444],[111.55442,-8.04443],[111.5554,-8.04502]]}},{"type":"Feature","properties":{"REMARK":"Jalan Lain","_cls":"Jalan Lain"},"geometry":{"type":"LineString","coordinates":[[111.55587,-7.95385],[111.55587,-7.9539],[111.55627,-7.95466],[111.55633,-7.95586],[111.55644,-7.95622],[111.55682,-7.95727],[111.55703,-7.95835],[111.55708,-7.95911]]}},{"type":"Feature","properties":{"REMARK":"Jalan Setapak","_cls":"Jalan Setapak"},"geometry":{"type":"LineString","coordinates":[[111.62868,-7.99912],[111.62856,-7.99902],[111.62845,-7.99888],[111.62846,-7.99842],[111.62852,-7.99808],[111.62917,-7.99735],[111.62928,-7.9971],[111.62928,-7.9967],[111.62922,-7.99651],[111.62906,-7.99638],[111.62819,-7.99597],[111.62787,-7.99567],[111.62778,-7.99554],[111.62779,-7.99535],[111.62828,-7.99441],[111.62836,-7.99416],[111.62836,-7.994],[111.62853,-7.99361],[111.62857,-7.99336],[111.62855,-7.99302],[111.62857,-7.99284],[111.62874,-7.99267],[111.62888,-7.99259]]}},{"type":"Feature","properties":{"REMARK":"Jalan Lain","_cls":"Jalan Lain"},"geometry":{"type":"LineString","coordinates":[[111.56897,-7.96538],[111.56889,-7.96542],[111.56884,-7.96548],[111.56889,-7.96575],[111.56892,-7.96656],[111.56925,-7.96705],[111.57077,-7.96811],[111.57098,-7.96858],[111.57101,-7.9686]]}},{"type":"Feature","properties":{"REMARK":"Jalan Lain","_cls":"Jalan Lain"},"geometry":{"type":"LineString","coordinates":[[111.55389,-7.96261],[111.55387,-7.96415],[111.55415,-7.96417],[111.55542,-7.96402],[111.55659,-7.96365]]}},{"type":"Feature","properties":{"REMARK":"Jalan Setapak","_cls":"Jalan Setapak"},"geometry":{"type":"LineString","coordinates":[[111.6216,-8.00425],[111.62199,-8.0037]]}},{"type":"Feature","properties":{"REMARK":"Jalan Lain","_cls":"Jalan Lain"},"geometry":{"type":"LineString","coordinates":[[111.57401,-7.98746],[111.57376,-7.98765],[111.57323,-7.98819],[111.57302,-7.98829],[111.57271,-7.98849],[111.5725,-7.98869],[111.57189,-7.98936],[111.57158,-7.98976],[111.57115,-7.99053]]}},{"type":"Feature","properties":{"REMARK":"Jalan Setapak","_cls":"Jalan Setapak"},"geometry":{"type":"LineString","coordinates":[[111.61963,-7.99498],[111.61951,-7.99521],[111.61907,-7.99572],[111.61899,-7.99588]]}},{"type":"Feature","properties":{"REMARK":"Jalan Lain","_cls":"Jalan Lain"},"geometry":{"type":"LineString","coordinates":[[111.55783,-7.93559],[111.55775,-7.93495],[111.55697,-7.93233],[111.55688,-7.93187]]}},{"type":"Feature","properties":{"REMARK":"Jalan Lain","_cls":"Jalan Lain"},"geometry":{"type":"LineString","coordinates":[[111.55534,-7.94759],[111.55564,-7.94759],[111.55618,-7.94749]]}},{"type":"Feature","properties":{"REMARK":"Jalan Lain","_cls":"Jalan Lain"},"geometry":{"type":"LineString","coordinates":[[111.61301,-7.99035],[111.61286,-7.99013],[111.61229,-7.98959]]}},{"type":"Feature","properties":{"REMARK":"Jalan Lain","_cls":"Jalan Lain"},"geometry":{"type":"LineString","coordinates":[[111.53867,-7.97622],[111.53862,-7.97616]]}},{"type":"Feature","properties":{"REMARK":"Jalan Lain","_cls":"Jalan Lain"},"geometry":{"type":"LineString","coordinates":[[111.54048,-7.9482],[111.53991,-7.9483],[111.53953,-7.94843],[111.53834,-7.94908]]}},{"type":"Feature","properties":{"REMARK":"Jalan Lain","_cls":"Jalan Lain"},"geometry":{"type":"LineString","coordinates":[[111.56201,-7.94789],[111.56187,-7.94654],[111.56178,-7.9462],[111.56144,-7.94563],[111.56101,-7.94534],[111.56088,-7.94512],[111.56085,-7.94481]]}},{"type":"Feature","properties":{"REMARK":"Jalan Lain","_cls":"Jalan Lain"},"geometry":{"type":"LineString","coordinates":[[111.56112,-7.94151],[111.56164,-7.94138],[111.56188,-7.94128],[111.56218,-7.94127],[111.56379,-7.94162],[111.5643,-7.94156],[111.56575,-7.941],[111.56605,-7.94058],[111.56617,-7.94051],[111.56804,-7.94007]]}},{"type":"Feature","properties":{"REMARK":"Jalan Lain","_cls":"Jalan Lain"},"geometry":{"type":"LineString","coordinates":[[111.54652,-7.93695],[111.54619,-7.93535],[111.54602,-7.93466]]}},{"type":"Feature","properties":{"REMARK":"Jalan Setapak","_cls":"Jalan Setapak"},"geometry":{"type":"LineString","coordinates":[[111.52944,-7.96764],[111.52923,-7.96761],[111.52807,-7.9683],[111.52764,-7.9683],[111.527,-7.96816],[111.52535,-7.96818],[111.5237,-7.96831],[111.52293,-7.96852],[111.52292,-7.96861]]}},{"type":"Feature","properties":{"REMARK":"Jalan Setapak","_cls":"Jalan Setapak"},"geometry":{"type":"LineString","coordinates":[[111.57149,-8.00934],[111.57175,-8.00924],[111.57247,-8.00908],[111.57273,-8.0091],[111.57292,-8.00915]]}},{"type":"Feature","properties":{"REMARK":"Jalan Lingkungan","_cls":"Jalan Lingkungan"},"geometry":{"type":"LineString","coordinates":[[111.56217,-8.03481],[111.56216,-8.03432],[111.56223,-8.03412],[111.56239,-8.03385],[111.56325,-8.03349],[111.5639,-8.0336],[111.56395,-8.03326],[111.56406,-8.03314],[111.5643,-8.03319],[111.56464,-8.03312],[111.56537,-8.03323],[111.56596,-8.03317],[111.56636,-8.03341]]}},{"type":"Feature","properties":{"REMARK":"Jalan Lain","_cls":"Jalan Lain"},"geometry":{"type":"LineString","coordinates":[[111.58039,-7.97536],[111.58052,-7.97409],[111.58058,-7.97402],[111.58085,-7.97394],[111.58111,-7.97379],[111.58154,-7.97342],[111.58217,-7.97276]]}},{"type":"Feature","properties":{"REMARK":"Jalan Setapak","_cls":"Jalan Setapak"},"geometry":{"type":"LineString","coordinates":[[111.65283,-7.99788],[111.65336,-7.99815],[111.65374,-7.9985],[111.65396,-7.99854],[111.65417,-7.99851],[111.65431,-7.99841],[111.65465,-7.99805],[111.65479,-7.99797],[111.65515,-7.99787],[111.65551,-7.99766]]}},{"type":"Feature","properties":{"REMARK":"Jalan Lain","_cls":"Jalan Lain"},"geometry":{"type":"LineString","coordinates":[[111.53621,-7.99179],[111.53615,-7.99275]]}},{"type":"Feature","properties":{"REMARK":"Jalan Setapak","_cls":"Jalan Setapak"},"geometry":{"type":"LineString","coordinates":[[111.64528,-7.96837],[111.64502,-7.96865],[111.64492,-7.96919],[111.6449,-7.9696],[111.64501,-7.97017]]}},{"type":"Feature","properties":{"REMARK":"Jalan Setapak","_cls":"Jalan Setapak"},"geometry":{"type":"LineString","coordinates":[[111.57952,-7.99617],[111.58108,-7.99639]]}},{"type":"Feature","properties":{"REMARK":"Jalan Lain","_cls":"Jalan Lain"},"geometry":{"type":"LineString","coordinates":[[111.54079,-7.99151],[111.54069,-7.99116],[111.54062,-7.9907],[111.54063,-7.98933]]}},{"type":"Feature","properties":{"REMARK":"Jalan Lain","_cls":"Jalan Lain"},"geometry":{"type":"LineString","coordinates":[[111.6147,-7.9671],[111.61476,-7.96639],[111.61501,-7.96543],[111.6151,-7.96485]]}},{"type":"Feature","properties":{"REMARK":"Jalan Lain","_cls":"Jalan Lain"},"geometry":{"type":"LineString","coordinates":[[111.55323,-7.95973],[111.5539,-7.95994],[111.55478,-7.96027],[111.55607,-7.96087],[111.55686,-7.96131],[111.55788,-7.962]]}},{"type":"Feature","properties":{"REMARK":"Jalan Lain","_cls":"Jalan Lain"},"geometry":{"type":"LineString","coordinates":[[111.59854,-7.98409],[111.59867,-7.98409],[111.59934,-7.98399]]}},{"type":"Feature","properties":{"REMARK":"Jalan Lain","_cls":"Jalan Lain"},"geometry":{"type":"LineString","coordinates":[[111.61518,-7.96079],[111.61658,-7.96065]]}},{"type":"Feature","properties":{"REMARK":"Jalan Setapak","_cls":"Jalan Setapak"},"geometry":{"type":"LineString","coordinates":[[111.65287,-7.99738],[111.65273,-7.99737],[111.6526,-7.99731],[111.65248,-7.99718],[111.6523,-7.99682],[111.65215,-7.99669],[111.65162,-7.99656],[111.65142,-7.99643],[111.65122,-7.99621],[111.65113,-7.99593],[111.65107,-7.99587],[111.65008,-7.99525],[111.64939,-7.99525],[111.64867,-7.99539],[111.64807,-7.99564],[111.64772,-7.99588],[111.64704,-7.99639],[111.64687,-7.99648],[111.64644,-7.99636],[111.64615,-7.99664],[111.64605,-7.99655],[111.64583,-7.99617],[111.64571,-7.99612],[111.64523,-7.99616],[111.64512,-7.99608],[111.64511,-7.99597],[111.64529,-7.99574],[111.64524,-7.99564],[111.64512,-7.99554],[111.64459,-7.99523],[111.64449,-7.99513]]}},{"type":"Feature","properties":{"REMARK":"Jalan Setapak","_cls":"Jalan Setapak"},"geometry":{"type":"LineString","coordinates":[[111.54828,-7.94327],[111.54838,-7.94329],[111.54987,-7.94297]]}},{"type":"Feature","properties":{"REMARK":"Jalan Lain","_cls":"Jalan Lain"},"geometry":{"type":"LineString","coordinates":[[111.55428,-7.92812],[111.55447,-7.92957],[111.55467,-7.93047],[111.55302,-7.93117],[111.55298,-7.93128],[111.55302,-7.93205]]}},{"type":"Feature","properties":{"REMARK":"Jalan Lain","_cls":"Jalan Lain"},"geometry":{"type":"LineString","coordinates":[[111.53951,-7.97605],[111.53953,-7.97611],[111.54094,-7.97605]]}},{"type":"Feature","properties":{"REMARK":"Jalan Lain","_cls":"Jalan Lain"},"geometry":{"type":"LineString","coordinates":[[111.60573,-7.9887],[111.60533,-7.98875]]}},{"type":"Feature","properties":{"REMARK":"Jalan Lain","_cls":"Jalan Lain"},"geometry":{"type":"LineString","coordinates":[[111.56201,-7.94789],[111.56259,-7.94782],[111.5629,-7.94772],[111.56296,-7.94744],[111.56297,-7.94691],[111.56287,-7.9467],[111.56291,-7.94602]]}},{"type":"Feature","properties":{"REMARK":"Jalan Lain","_cls":"Jalan Lain"},"geometry":{"type":"LineString","coordinates":[[111.5868,-7.99627],[111.587,-7.99579],[111.58709,-7.99568],[111.58768,-7.99534]]}},{"type":"Feature","properties":{"REMARK":"Jalan Setapak","_cls":"Jalan Setapak"},"geometry":{"type":"LineString","coordinates":[[111.62181,-7.95814],[111.62212,-7.95804],[111.62261,-7.95808],[111.62272,-7.95803],[111.62291,-7.95775],[111.62395,-7.95815],[111.62425,-7.95823],[111.62446,-7.95834],[111.62452,-7.95836],[111.62493,-7.95811],[111.62508,-7.95812],[111.62544,-7.95836]]}},{"type":"Feature","properties":{"REMARK":"Jalan Setapak","_cls":"Jalan Setapak"},"geometry":{"type":"LineString","coordinates":[[111.58426,-8.01157],[111.5843,-8.01136],[111.58427,-8.01119],[111.58401,-8.0107],[111.58377,-8.00998],[111.58354,-8.00947],[111.58347,-8.00936],[111.58331,-8.00931],[111.58203,-8.00924],[111.5818,-8.00891],[111.58073,-8.00865],[111.58027,-8.00872],[111.58001,-8.00872],[111.57983,-8.0087],[111.57947,-8.00857],[111.57819,-8.00872]]}},{"type":"Feature","properties":{"REMARK":"Jalan Lain","_cls":"Jalan Lain"},"geometry":{"type":"LineString","coordinates":[[111.61295,-7.98406],[111.61285,-7.98434],[111.61273,-7.98514],[111.61246,-7.9857],[111.61201,-7.98622],[111.6115,-7.98664],[111.61124,-7.98702]]}},{"type":"Feature","properties":{"REMARK":"Jalan Setapak","_cls":"Jalan Setapak"},"geometry":{"type":"LineString","coordinates":[[111.60967,-7.9841],[111.60948,-7.98422],[111.60936,-7.98437],[111.60922,-7.98446],[111.60838,-7.98476],[111.60795,-7.98473],[111.60757,-7.98464],[111.60668,-7.98462],[111.60634,-7.98467],[111.60614,-7.98473]]}},{"type":"Feature","properties":{"REMARK":"Jalan Lain","_cls":"Jalan Lain"},"geometry":{"type":"LineString","coordinates":[[111.56204,-7.94897],[111.56223,-7.94895],[111.56328,-7.94912]]}},{"type":"Feature","properties":{"REMARK":"Jalan Setapak","_cls":"Jalan Setapak"},"geometry":{"type":"LineString","coordinates":[[111.56271,-8.01044],[111.56306,-8.01049]]}},{"type":"Feature","properties":{"REMARK":"Jalan Setapak","_cls":"Jalan Setapak"},"geometry":{"type":"LineString","coordinates":[[111.54854,-8.01811],[111.54852,-8.01858],[111.54854,-8.01878],[111.54848,-8.0189],[111.54812,-8.01903],[111.5479,-8.01914],[111.54745,-8.01949],[111.54728,-8.01969],[111.5472,-8.01989],[111.54719,-8.02005],[111.5473,-8.02033],[111.547,-8.02059],[111.5469,-8.02064],[111.54551,-8.02046],[111.54517,-8.02038],[111.54464,-8.02042],[111.54456,-8.02048],[111.54479,-8.02088],[111.54473,-8.021],[111.54462,-8.02103],[111.54441,-8.021],[111.54401,-8.02091]]}},{"type":"Feature","properties":{"REMARK":"Jalan Lain","_cls":"Jalan Lain"},"geometry":{"type":"LineString","coordinates":[[111.55612,-7.92824],[111.55428,-7.92812]]}},{"type":"Feature","properties":{"REMARK":"Jalan Lain","_cls":"Jalan Lain"},"geometry":{"type":"LineString","coordinates":[[111.53795,-7.98152],[111.53926,-7.98158]]}},{"type":"Feature","properties":{"REMARK":"Jalan Lain","_cls":"Jalan Lain"},"geometry":{"type":"LineString","coordinates":[[111.55667,-7.96758],[111.55661,-7.96672],[111.55636,-7.9659]]}},{"type":"Feature","properties":{"REMARK":"Jalan Setapak","_cls":"Jalan Setapak"},"geometry":{"type":"LineString","coordinates":[[111.54915,-7.94745],[111.54928,-7.94818]]}},{"type":"Feature","properties":{"REMARK":"Jalan Lain","_cls":"Jalan Lain"},"geometry":{"type":"LineString","coordinates":[[111.53381,-7.95345],[111.53371,-7.95339],[111.53355,-7.95307],[111.53345,-7.95302],[111.53322,-7.95302],[111.53219,-7.95314],[111.53199,-7.95319],[111.53154,-7.95369]]}},{"type":"Feature","properties":{"REMARK":"Jalan Lain","_cls":"Jalan Lain"},"geometry":{"type":"LineString","coordinates":[[111.54878,-7.9552],[111.54879,-7.95498],[111.54894,-7.95444],[111.54901,-7.95439],[111.54974,-7.95446],[111.54985,-7.95442],[111.54995,-7.9543],[111.55002,-7.95385],[111.55,-7.95373]]}},{"type":"Feature","properties":{"REMARK":"Jalan Lain","_cls":"Jalan Lain"},"geometry":{"type":"LineString","coordinates":[[111.55834,-7.9382],[111.55822,-7.93788],[111.55783,-7.93559]]}},{"type":"Feature","properties":{"REMARK":"Jalan Lain","_cls":"Jalan Lain"},"geometry":{"type":"LineString","coordinates":[[111.58402,-7.97491],[111.58406,-7.97444]]}},{"type":"Feature","properties":{"REMARK":"Jalan Setapak","_cls":"Jalan Setapak"},"geometry":{"type":"LineString","coordinates":[[111.61488,-7.94369],[111.61512,-7.94297],[111.61529,-7.94235]]}},{"type":"Feature","properties":{"REMARK":"Jalan Lain","_cls":"Jalan Lain"},"geometry":{"type":"MultiLineString","coordinates":[[[111.54246,-7.96321],[111.54292,-7.96315]],[[111.5419,-7.96355],[111.542,-7.96346]]]}},{"type":"Feature","properties":{"REMARK":"Jalan Lain","_cls":"Jalan Lain"},"geometry":{"type":"LineString","coordinates":[[111.56253,-7.95255],[111.56242,-7.95234],[111.56229,-7.9518],[111.56226,-7.95152]]}},{"type":"Feature","properties":{"REMARK":"Jalan Lain","_cls":"Jalan Lain"},"geometry":{"type":"LineString","coordinates":[[111.56733,-7.96951],[111.56749,-7.9692],[111.56768,-7.96864]]}},{"type":"Feature","properties":{"REMARK":"Jalan Lain","_cls":"Jalan Lain"},"geometry":{"type":"LineString","coordinates":[[111.60454,-7.9517],[111.60446,-7.95206],[111.60469,-7.95353]]}},{"type":"Feature","properties":{"REMARK":"Jalan Setapak","_cls":"Jalan Setapak"},"geometry":{"type":"LineString","coordinates":[[111.61429,-8.01073],[111.61442,-8.00992],[111.61434,-8.00954],[111.6142,-8.00922],[111.61404,-8.00899],[111.61382,-8.0088],[111.61356,-8.00874],[111.61259,-8.00882],[111.61189,-8.0087],[111.61117,-8.00864],[111.61078,-8.00864],[111.61052,-8.0087],[111.60981,-8.00874],[111.60895,-8.00909],[111.6089,-8.00892],[111.60891,-8.0088],[111.60924,-8.0079],[111.60959,-8.00707],[111.60922,-8.00677],[111.60906,-8.00639],[111.60893,-8.00621],[111.60868,-8.00609],[111.60844,-8.00603],[111.60826,-8.00605],[111.6081,-8.00602],[111.60771,-8.00564],[111.60745,-8.00557],[111.60729,-8.00547],[111.60726,-8.00538],[111.60731,-8.00492],[111.60729,-8.00448],[111.60751,-8.00393],[111.60753,-8.00359],[111.60749,-8.0032],[111.60752,-8.00254],[111.60761,-8.00239],[111.60781,-8.00222],[111.60798,-8.00137]]}},{"type":"Feature","properties":{"REMARK":"Jalan Lain","_cls":"Jalan Lain"},"geometry":{"type":"LineString","coordinates":[[111.58731,-7.93694],[111.58704,-7.93676]]}},{"type":"Feature","properties":{"REMARK":"Jalan Lain","_cls":"Jalan Lain"},"geometry":{"type":"LineString","coordinates":[[111.55351,-7.94735],[111.55477,-7.94758],[111.55534,-7.94759]]}},{"type":"Feature","properties":{"REMARK":"Jalan Lain","_cls":"Jalan Lain"},"geometry":{"type":"LineString","coordinates":[[111.55039,-7.97047],[111.55087,-7.97049],[111.5511,-7.97043],[111.55142,-7.97017],[111.55196,-7.96964],[111.55218,-7.9695],[111.55233,-7.96945]]}},{"type":"Feature","properties":{"REMARK":"Jalan Setapak","_cls":"Jalan Setapak"},"geometry":{"type":"LineString","coordinates":[[111.53232,-7.98685],[111.5334,-7.98684],[111.53493,-7.98672],[111.53548,-7.98675],[111.53614,-7.98686],[111.53647,-7.98688]]}},{"type":"Feature","properties":{"REMARK":"Jalan Lain","_cls":"Jalan Lain"},"geometry":{"type":"LineString","coordinates":[[111.55653,-7.96231],[111.55659,-7.96365]]}},{"type":"Feature","properties":{"REMARK":"Jalan Lingkungan","_cls":"Jalan Lingkungan"},"geometry":{"type":"LineString","coordinates":[[111.56909,-8.03647],[111.56935,-8.03643],[111.5698,-8.03661],[111.56995,-8.03692],[111.57007,-8.03733],[111.56992,-8.03821],[111.56974,-8.0385],[111.56967,-8.03905],[111.56952,-8.0397],[111.56925,-8.04004],[111.56912,-8.04036],[111.5695,-8.04052],[111.56975,-8.04085],[111.56973,-8.04136],[111.569,-8.04221]]}},{"type":"Feature","properties":{"REMARK":"Jalan Lain","_cls":"Jalan Lain"},"geometry":{"type":"LineString","coordinates":[[111.65268,-8.02081],[111.65292,-8.02058],[111.65349,-8.01976]]}},{"type":"Feature","properties":{"REMARK":"Jalan Setapak","_cls":"Jalan Setapak"},"geometry":{"type":"LineString","coordinates":[[111.5706,-8.0312],[111.57038,-8.03098],[111.57025,-8.03072],[111.57027,-8.03063],[111.5707,-8.0299],[111.57068,-8.02981],[111.57038,-8.02929],[111.57016,-8.02907]]}},{"type":"Feature","properties":{"REMARK":"Jalan Lain","_cls":"Jalan Lain"},"geometry":{"type":"LineString","coordinates":[[111.53323,-7.97313],[111.53321,-7.97181]]}},{"type":"Feature","properties":{"REMARK":"Jalan Lain","_cls":"Jalan Lain"},"geometry":{"type":"LineString","coordinates":[[111.56839,-7.97253],[111.56814,-7.97342]]}},{"type":"Feature","properties":{"REMARK":"Jalan Lain","_cls":"Jalan Lain"},"geometry":{"type":"LineString","coordinates":[[111.54066,-7.98676],[111.54219,-7.98688],[111.54283,-7.98698]]}},{"type":"Feature","properties":{"REMARK":"Jalan Lain","_cls":"Jalan Lain"},"geometry":{"type":"LineString","coordinates":[[111.53019,-7.97414],[111.53046,-7.97637],[111.53051,-7.97765]]}},{"type":"Feature","properties":{"REMARK":"Jalan Lain","_cls":"Jalan Lain"},"geometry":{"type":"LineString","coordinates":[[111.58,-8.02164],[111.57976,-8.02149],[111.57916,-8.0212]]}},{"type":"Feature","properties":{"REMARK":"Jalan Lingkungan","_cls":"Jalan Lingkungan"},"geometry":{"type":"LineString","coordinates":[[111.57301,-8.01409],[111.57322,-8.01333],[111.57332,-8.0128],[111.57336,-8.01234],[111.57378,-8.012],[111.57383,-8.0114],[111.57409,-8.01117],[111.5743,-8.01102],[111.57418,-8.01012],[111.57375,-8.00997]]}},{"type":"Feature","properties":{"REMARK":"Jalan Lokal","_cls":"Jalan Lokal"},"geometry":{"type":"LineString","coordinates":[[111.63848,-7.98805],[111.63815,-7.98742],[111.63811,-7.98716],[111.63816,-7.98619]]}},{"type":"Feature","properties":{"REMARK":"Jalan Lain","_cls":"Jalan Lain"},"geometry":{"type":"LineString","coordinates":[[111.58466,-7.9957],[111.58436,-7.99498]]}},{"type":"Feature","properties":{"REMARK":"Jalan Lain","_cls":"Jalan Lain"},"geometry":{"type":"LineString","coordinates":[[111.53916,-7.98429],[111.53921,-7.98302]]}},{"type":"Feature","properties":{"REMARK":"Jalan Setapak","_cls":"Jalan Setapak"},"geometry":{"type":"LineString","coordinates":[[111.61281,-7.96398],[111.61257,-7.96456],[111.61247,-7.96472],[111.61227,-7.96495],[111.61222,-7.96516],[111.61217,-7.96587]]}},{"type":"Feature","properties":{"REMARK":"Jalan Setapak","_cls":"Jalan Setapak"},"geometry":{"type":"MultiLineString","coordinates":[[[111.53208,-7.98372],[111.53211,-7.98434]],[[111.53216,-7.98514],[111.53232,-7.98685]]]}},{"type":"Feature","properties":{"REMARK":"Jalan Setapak","_cls":"Jalan Setapak"},"geometry":{"type":"LineString","coordinates":[[111.56769,-8.03445],[111.56716,-8.03491],[111.56669,-8.03518],[111.56623,-8.03564],[111.56577,-8.03593],[111.56564,-8.03596],[111.56549,-8.03586],[111.5652,-8.0358],[111.56496,-8.03585],[111.56467,-8.03601],[111.56432,-8.03631]]}},{"type":"Feature","properties":{"REMARK":"Jalan Lain","_cls":"Jalan Lain"},"geometry":{"type":"LineString","coordinates":[[111.58145,-7.97612],[111.58108,-7.97575],[111.58065,-7.97547],[111.58039,-7.97536]]}},{"type":"Feature","properties":{"REMARK":"Jalan Setapak","_cls":"Jalan Setapak"},"geometry":{"type":"LineString","coordinates":[[111.62888,-7.99259],[111.62891,-7.99247],[111.62882,-7.99218]]}},{"type":"Feature","properties":{"REMARK":"Jalan Lingkungan","_cls":"Jalan Lingkungan"},"geometry":{"type":"LineString","coordinates":[[111.59366,-8.01865],[111.59368,-8.01857],[111.59363,-8.01797],[111.59395,-8.0178],[111.59423,-8.01752],[111.59495,-8.01722]]}},{"type":"Feature","properties":{"REMARK":"Jalan Lain","_cls":"Jalan Lain"},"geometry":{"type":"LineString","coordinates":[[111.60928,-7.9612],[111.60996,-7.96133],[111.61039,-7.96124],[111.6112,-7.96122],[111.61205,-7.96157]]}},{"type":"Feature","properties":{"REMARK":"Jalan Lain","_cls":"Jalan Lain"},"geometry":{"type":"LineString","coordinates":[[111.5443,-7.98493],[111.54323,-7.9845],[111.54292,-7.98442]]}},{"type":"Feature","properties":{"REMARK":"Jalan Lain","_cls":"Jalan Lain"},"geometry":{"type":"LineString","coordinates":[[111.60469,-7.95353],[111.60472,-7.95374],[111.60469,-7.95421],[111.60457,-7.9553],[111.60429,-7.95627],[111.60422,-7.95643],[111.60384,-7.95697],[111.60353,-7.95733],[111.60329,-7.95749],[111.60299,-7.95755],[111.60255,-7.95772],[111.60226,-7.95801],[111.60197,-7.95802],[111.60163,-7.95809],[111.60142,-7.95825],[111.60127,-7.95845],[111.60105,-7.95866],[111.6007,-7.95886],[111.6003,-7.95922],[111.59961,-7.95963],[111.59928,-7.95974],[111.59829,-7.95995],[111.59818,-7.96038],[111.59815,-7.96062],[111.59836,-7.96156],[111.59853,-7.9621]]}},{"type":"Feature","properties":{"REMARK":"Jalan Lokal","_cls":"Jalan Lokal"},"geometry":{"type":"LineString","coordinates":[[111.59399,-7.99155],[111.59376,-7.99151]]}},{"type":"Feature","properties":{"REMARK":"Jalan Lain","_cls":"Jalan Lain"},"geometry":{"type":"LineString","coordinates":[[111.53957,-7.97407],[111.53951,-7.97605]]}},{"type":"Feature","properties":{"REMARK":"Jalan Setapak","_cls":"Jalan Setapak"},"geometry":{"type":"LineString","coordinates":[[111.55179,-7.94389],[111.55011,-7.94419]]}},{"type":"Feature","properties":{"REMARK":"Jalan Setapak","_cls":"Jalan Setapak"},"geometry":{"type":"LineString","coordinates":[[111.60718,-8.00734],[111.607,-8.0077],[111.60679,-8.00798],[111.60666,-8.00807]]}},{"type":"Feature","properties":{"REMARK":"Jalan Lain","_cls":"Jalan Lain"},"geometry":{"type":"LineString","coordinates":[[111.5518,-7.96235],[111.55254,-7.96248],[111.55389,-7.96261]]}},{"type":"Feature","properties":{"REMARK":"Jalan Lain","_cls":"Jalan Lain"},"geometry":{"type":"LineString","coordinates":[[111.60124,-7.98373],[111.60124,-7.98357],[111.60129,-7.98331],[111.60155,-7.98245],[111.60163,-7.98162],[111.6017,-7.98123],[111.60168,-7.98085],[111.60135,-7.9807],[111.60084,-7.98058],[111.60045,-7.98053],[111.60038,-7.98043],[111.60038,-7.98001],[111.60027,-7.97992],[111.60014,-7.9799],[111.60009,-7.97994],[111.59998,-7.9802],[111.59973,-7.98112],[111.59958,-7.98228],[111.59929,-7.98298],[111.59934,-7.98399]]}},{"type":"Feature","properties":{"REMARK":"Jalan Lain","_cls":"Jalan Lain"},"geometry":{"type":"LineString","coordinates":[[111.61658,-7.96065],[111.61861,-7.9606]]}},{"type":"Feature","properties":{"REMARK":"Jalan Lain","_cls":"Jalan Lain"},"geometry":{"type":"LineString","coordinates":[[111.53311,-7.9777],[111.53302,-7.97891],[111.53283,-7.97983]]}},{"type":"Feature","properties":{"REMARK":"Jalan Setapak","_cls":"Jalan Setapak"},"geometry":{"type":"LineString","coordinates":[[111.60454,-7.9517],[111.60442,-7.95166],[111.60391,-7.95132],[111.60297,-7.95115],[111.60135,-7.95056],[111.6007,-7.95045],[111.60038,-7.95044],[111.60019,-7.95036],[111.60006,-7.95024],[111.59996,-7.95009],[111.5998,-7.94974],[111.59954,-7.94948]]}},{"type":"Feature","properties":{"REMARK":"Jalan Setapak","_cls":"Jalan Setapak"},"geometry":{"type":"LineString","coordinates":[[111.55737,-8.0493],[111.55808,-8.04878],[111.55864,-8.04848],[111.55916,-8.04804],[111.55954,-8.04784],[111.56048,-8.04724],[111.5621,-8.04604],[111.5628,-8.04613],[111.56373,-8.04616],[111.5638,-8.0461],[111.56381,-8.04604],[111.56374,-8.04582],[111.5628,-8.04489],[111.56273,-8.04469],[111.56268,-8.04368],[111.56271,-8.04313],[111.56269,-8.04282],[111.56274,-8.04232],[111.56278,-8.04215],[111.56301,-8.04185],[111.56311,-8.04167],[111.56312,-8.04138],[111.56299,-8.04053]]}},{"type":"Feature","properties":{"REMARK":"Jalan Lain","_cls":"Jalan Lain"},"geometry":{"type":"LineString","coordinates":[[111.55653,-7.96231],[111.55462,-7.96262],[111.5543,-7.96264],[111.55389,-7.96261]]}},{"type":"Feature","properties":{"REMARK":"Jalan Lain","_cls":"Jalan Lain"},"geometry":{"type":"LineString","coordinates":[[111.53623,-7.97142],[111.53629,-7.97218]]}},{"type":"Feature","properties":{"REMARK":"Jalan Setapak","_cls":"Jalan Setapak"},"geometry":{"type":"LineString","coordinates":[[111.60916,-7.9731],[111.60907,-7.97252],[111.60915,-7.9718],[111.6091,-7.97127],[111.60899,-7.97076],[111.60896,-7.97039],[111.60899,-7.97018],[111.60917,-7.97001],[111.60894,-7.96972],[111.60881,-7.96924],[111.60879,-7.96886],[111.60892,-7.96853],[111.60895,-7.96807],[111.60893,-7.96786]]}},{"type":"Feature","properties":{"REMARK":"Jalan Lain","_cls":"Jalan Lain"},"geometry":{"type":"LineString","coordinates":[[111.53378,-7.93909],[111.53397,-7.93981]]}},{"type":"Feature","properties":{"REMARK":"Jalan Lain","_cls":"Jalan Lain"},"geometry":{"type":"LineString","coordinates":[[111.55636,-7.96912],[111.55791,-7.96858]]}},{"type":"Feature","properties":{"REMARK":"Jalan Lain","_cls":"Jalan Lain"},"geometry":{"type":"LineString","coordinates":[[111.54634,-7.95803],[111.54615,-7.95806],[111.54567,-7.95894],[111.54532,-7.95944]]}},{"type":"Feature","properties":{"REMARK":"Jalan Lain","_cls":"Jalan Lain"},"geometry":{"type":"LineString","coordinates":[[111.56459,-7.95008],[111.56328,-7.95013]]}},{"type":"Feature","properties":{"REMARK":"Jalan Lain","_cls":"Jalan Lain"},"geometry":{"type":"LineString","coordinates":[[111.62203,-7.94851],[111.62144,-7.94852]]}},{"type":"Feature","properties":{"REMARK":"Jalan Lain","_cls":"Jalan Lain"},"geometry":{"type":"LineString","coordinates":[[111.60132,-7.98381],[111.60124,-7.98373]]}},{"type":"Feature","properties":{"REMARK":"Jalan Lain","_cls":"Jalan Lain"},"geometry":{"type":"LineString","coordinates":[[111.55889,-7.93889],[111.5587,-7.93886]]}},{"type":"Feature","properties":{"REMARK":"Jalan Lain","_cls":"Jalan Lain"},"geometry":{"type":"LineString","coordinates":[[111.53608,-7.99452],[111.53489,-7.99442],[111.53402,-7.99427],[111.53305,-7.99427]]}},{"type":"Feature","properties":{"REMARK":"Jalan Lokal","_cls":"Jalan Lokal"},"geometry":{"type":"LineString","coordinates":[[111.65319,-7.99664],[111.65353,-7.99592],[111.6536,-7.99556],[111.65354,-7.99515],[111.65332,-7.99459],[111.65313,-7.99384],[111.65306,-7.99343]]}},{"type":"Feature","properties":{"REMARK":"Jalan Setapak","_cls":"Jalan Setapak"},"geometry":{"type":"LineString","coordinates":[[111.56329,-7.9729],[111.56265,-7.97473],[111.56292,-7.97505],[111.56325,-7.97565],[111.56327,-7.97595],[111.56319,-7.97637]]}},{"type":"Feature","properties":{"REMARK":"Jalan Lokal","_cls":"Jalan Lokal"},"geometry":{"type":"LineString","coordinates":[[111.62717,-7.97795],[111.6274,-7.97791],[111.62758,-7.97784],[111.62805,-7.97732],[111.62821,-7.97698],[111.62879,-7.97665],[111.62903,-7.97656]]}},{"type":"Feature","properties":{"REMARK":"Jalan Lain","_cls":"Jalan Lain"},"geometry":{"type":"LineString","coordinates":[[111.53139,-7.94287],[111.53139,-7.94287]]}},{"type":"Feature","properties":{"REMARK":"Jalan Lain","_cls":"Jalan Lain"},"geometry":{"type":"LineString","coordinates":[[111.53964,-7.94039],[111.53808,-7.94124],[111.53736,-7.94152],[111.53521,-7.94189]]}},{"type":"Feature","properties":{"REMARK":"Jalan Lain","_cls":"Jalan Lain"},"geometry":{"type":"LineString","coordinates":[[111.59429,-8.01191],[111.59409,-8.01191],[111.59341,-8.01169],[111.59307,-8.01165],[111.5926,-8.01173],[111.59204,-8.01176],[111.59192,-8.01203],[111.59168,-8.01314],[111.5916,-8.0137],[111.59145,-8.01401],[111.5906,-8.01481],[111.59032,-8.01513],[111.59003,-8.01539],[111.5898,-8.01568]]}},{"type":"Feature","properties":{"REMARK":"Jalan Lingkungan","_cls":"Jalan Lingkungan"},"geometry":{"type":"LineString","coordinates":[[111.60322,-8.01232],[111.60255,-8.01257],[111.60221,-8.0128],[111.60178,-8.01278],[111.60068,-8.01299],[111.60059,-8.01354],[111.60014,-8.01395],[111.60002,-8.01444],[111.6001,-8.01498],[111.59972,-8.01591]]}},{"type":"Feature","properties":{"REMARK":"Jalan Lain","_cls":"Jalan Lain"},"geometry":{"type":"LineString","coordinates":[[111.53505,-7.94071],[111.53521,-7.94189]]}},{"type":"Feature","properties":{"REMARK":"Jalan Setapak","_cls":"Jalan Setapak"},"geometry":{"type":"LineString","coordinates":[[111.61899,-7.99588],[111.61956,-7.99602],[111.61961,-7.99607],[111.61965,-7.99618],[111.61964,-7.99636],[111.61949,-7.99675],[111.61952,-7.99679],[111.61975,-7.9968],[111.6204,-7.99674],[111.62059,-7.9968],[111.62092,-7.99709],[111.6215,-7.99747],[111.62242,-7.99797],[111.62276,-7.99807],[111.62282,-7.99814],[111.62237,-7.99846],[111.62222,-7.99862],[111.62204,-7.99891],[111.62177,-7.99971],[111.6216,-7.99984],[111.62141,-8.00007],[111.62118,-8.00008],[111.62084,-8.00001],[111.62053,-7.99985],[111.62042,-7.99985],[111.62029,-8.0002],[111.62015,-8.00093],[111.62019,-8.0017],[111.62028,-8.00202],[111.62043,-8.0023],[111.62092,-8.00287],[111.62112,-8.00305],[111.62125,-8.00312],[111.62178,-8.00328],[111.62199,-8.0037]]}},{"type":"Feature","properties":{"REMARK":"Jalan Setapak","_cls":"Jalan Setapak"},"geometry":{"type":"LineString","coordinates":[[111.62512,-8.0068],[111.62517,-8.00695],[111.62528,-8.00699],[111.62594,-8.00693],[111.62611,-8.007],[111.62598,-8.00773],[111.62625,-8.008]]}},{"type":"Feature","properties":{"REMARK":"Jalan Lain","_cls":"Jalan Lain"},"geometry":{"type":"LineString","coordinates":[[111.61441,-7.9682],[111.61424,-7.9685],[111.61418,-7.96884],[111.61392,-7.96944],[111.61373,-7.97018],[111.61367,-7.9703],[111.61349,-7.97047],[111.61287,-7.97077],[111.61239,-7.9717],[111.61208,-7.97253]]}},{"type":"Feature","properties":{"REMARK":"Jalan Lain","_cls":"Jalan Lain"},"geometry":{"type":"LineString","coordinates":[[111.54079,-7.99151],[111.54127,-7.99314],[111.54196,-7.99323],[111.54205,-7.99333],[111.5421,-7.99347],[111.54231,-7.99457],[111.54244,-7.99619],[111.54243,-7.99631],[111.54121,-7.99651],[111.54089,-7.99645],[111.54068,-7.99632],[111.53974,-7.996]]}},{"type":"Feature","properties":{"REMARK":"Jalan Lain","_cls":"Jalan Lain"},"geometry":{"type":"LineString","coordinates":[[111.58145,-7.97612],[111.58191,-7.97625],[111.58226,-7.97646],[111.58337,-7.97725],[111.58415,-7.97762]]}},{"type":"Feature","properties":{"REMARK":"Jalan Lain","_cls":"Jalan Lain"},"geometry":{"type":"LineString","coordinates":[[111.62418,-7.94848],[111.62378,-7.94861],[111.62324,-7.94866],[111.62269,-7.94854],[111.62203,-7.94851]]}},{"type":"Feature","properties":{"REMARK":"Jalan Lain","_cls":"Jalan Lain"},"geometry":{"type":"LineString","coordinates":[[111.53666,-7.98427],[111.53677,-7.98325],[111.53677,-7.98257]]}},{"type":"Feature","properties":{"REMARK":"Jalan Lain","_cls":"Jalan Lain"},"geometry":{"type":"LineString","coordinates":[[111.5428,-7.97603],[111.54313,-7.9761]]}},{"type":"Feature","properties":{"REMARK":"Jalan Lain","_cls":"Jalan Lain"},"geometry":{"type":"LineString","coordinates":[[111.53859,-8.0001],[111.53721,-7.99994],[111.5371,-7.99984],[111.53707,-7.99975],[111.53707,-7.99913],[111.53694,-7.99865],[111.53684,-7.99844],[111.53673,-7.99836],[111.53632,-7.99834],[111.53612,-7.99828]]}},{"type":"Feature","properties":{"REMARK":"Jalan Setapak","_cls":"Jalan Setapak"},"geometry":{"type":"LineString","coordinates":[[111.56966,-8.02167],[111.57018,-8.02123],[111.57101,-8.0208],[111.57155,-8.02057],[111.57205,-8.02022],[111.57258,-8.02003],[111.5732,-8.01939],[111.57463,-8.01842],[111.57482,-8.01855],[111.57509,-8.01884],[111.5755,-8.01894],[111.5765,-8.01928],[111.57727,-8.01943],[111.57749,-8.01942],[111.57786,-8.01922]]}},{"type":"Feature","properties":{"REMARK":"Jalan Setapak","_cls":"Jalan Setapak"},"geometry":{"type":"LineString","coordinates":[[111.56299,-8.04053],[111.56301,-8.04008],[111.56321,-8.03926],[111.56321,-8.03885],[111.56331,-8.03866],[111.56347,-8.03787],[111.56376,-8.03723],[111.56418,-8.03665],[111.56432,-8.03631]]}},{"type":"Feature","properties":{"REMARK":"Jalan Setapak","_cls":"Jalan Setapak"},"geometry":{"type":"LineString","coordinates":[[111.62499,-8.00779],[111.62468,-8.00808],[111.62458,-8.00812],[111.62434,-8.00812]]}},{"type":"Feature","properties":{"REMARK":"Jalan Setapak","_cls":"Jalan Setapak"},"geometry":{"type":"LineString","coordinates":[[111.53101,-7.95013],[111.53209,-7.94951],[111.53253,-7.94932],[111.53472,-7.94881],[111.53457,-7.94818],[111.53388,-7.94603],[111.53386,-7.94589],[111.53388,-7.94575],[111.53314,-7.94342]]}},{"type":"Feature","properties":{"REMARK":"Jalan Lain","_cls":"Jalan Lain"},"geometry":{"type":"LineString","coordinates":[[111.58271,-7.96449],[111.58333,-7.96522],[111.58349,-7.96564],[111.58389,-7.96638],[111.58407,-7.9666],[111.58446,-7.96697],[111.58472,-7.96715],[111.58538,-7.96703],[111.58553,-7.96709],[111.58576,-7.96728],[111.58619,-7.96788],[111.58655,-7.96826],[111.58706,-7.96868],[111.58726,-7.96879],[111.58751,-7.9688],[111.58799,-7.96865],[111.58816,-7.96867],[111.58863,-7.96913],[111.589,-7.96941],[111.58924,-7.9695],[111.58949,-7.96951],[111.58983,-7.96942],[111.59092,-7.96889],[111.59121,-7.96881],[111.59131,-7.96884],[111.59148,-7.96896],[111.59161,-7.96898],[111.59183,-7.96891],[111.59215,-7.96863],[111.5925,-7.96823]]}},{"type":"Feature","properties":{"REMARK":"Jalan Lain","_cls":"Jalan Lain"},"geometry":{"type":"LineString","coordinates":[[111.57959,-7.98864],[111.57877,-7.98919],[111.57789,-7.98949],[111.57713,-7.9898]]}},{"type":"Feature","properties":{"REMARK":"Jalan Setapak","_cls":"Jalan Setapak"},"geometry":{"type":"LineString","coordinates":[[111.61293,-7.95321],[111.61315,-7.95347],[111.61363,-7.95376],[111.61415,-7.95387],[111.6145,-7.954],[111.61495,-7.95425]]}},{"type":"Feature","properties":{"REMARK":"Jalan Lain","_cls":"Jalan Lain"},"geometry":{"type":"LineString","coordinates":[[111.64288,-7.96831],[111.64204,-7.96835],[111.64192,-7.96844],[111.6418,-7.96862],[111.64172,-7.96887]]}},{"type":"Feature","properties":{"REMARK":"Jalan Lain","_cls":"Jalan Lain"},"geometry":{"type":"LineString","coordinates":[[111.55233,-7.96945],[111.55255,-7.96938],[111.55321,-7.96929],[111.55545,-7.96927],[111.55606,-7.96922],[111.55636,-7.96912]]}},{"type":"Feature","properties":{"REMARK":"Jalan Setapak","_cls":"Jalan Setapak"},"geometry":{"type":"LineString","coordinates":[[111.56739,-7.93459],[111.56669,-7.9349],[111.5663,-7.93513],[111.56599,-7.93536],[111.5656,-7.93578],[111.56511,-7.93606],[111.56364,-7.93666],[111.56171,-7.93725],[111.56104,-7.93739],[111.56041,-7.93756],[111.5599,-7.93782],[111.55868,-7.93837]]}},{"type":"Feature","properties":{"REMARK":"Jalan Setapak","_cls":"Jalan Setapak"},"geometry":{"type":"LineString","coordinates":[[111.56381,-7.95531],[111.56524,-7.9537],[111.56542,-7.95355],[111.56662,-7.95328],[111.56678,-7.95319],[111.56689,-7.95304],[111.56735,-7.95191],[111.56769,-7.95137],[111.5688,-7.95003],[111.56954,-7.94936],[111.5708,-7.94835],[111.57136,-7.94801],[111.57146,-7.9479],[111.57153,-7.94753],[111.57149,-7.94693],[111.57154,-7.94561],[111.57172,-7.94562],[111.57204,-7.9457],[111.57284,-7.94601],[111.57316,-7.94626],[111.57352,-7.94674],[111.57382,-7.94755],[111.57395,-7.94811],[111.57408,-7.95007],[111.57412,-7.95013],[111.57404,-7.95043],[111.57396,-7.95164]]}},{"type":"Feature","properties":{"REMARK":"Jalan Lain","_cls":"Jalan Lain"},"geometry":{"type":"LineString","coordinates":[[111.57928,-7.97228],[111.57973,-7.97238]]}},{"type":"Feature","properties":{"REMARK":"Jalan Lain","_cls":"Jalan Lain"},"geometry":{"type":"LineString","coordinates":[[111.62892,-7.96287],[111.6295,-7.96234],[111.63021,-7.96192],[111.63178,-7.96144],[111.63241,-7.96118],[111.63257,-7.96088],[111.63284,-7.96064],[111.6335,-7.96081],[111.63377,-7.96104],[111.63423,-7.96134]]}},{"type":"Feature","properties":{"REMARK":"Jalan Lain","_cls":"Jalan Lain"},"geometry":{"type":"LineString","coordinates":[[111.6247,-7.96318],[111.62477,-7.96322],[111.62503,-7.96322],[111.62536,-7.96314],[111.62556,-7.96302],[111.62573,-7.96282],[111.62586,-7.96255],[111.62673,-7.96237],[111.62704,-7.96237],[111.62747,-7.96246],[111.62789,-7.96287],[111.62809,-7.96292],[111.62855,-7.96317],[111.62872,-7.96311],[111.62883,-7.96302],[111.62892,-7.96287]]}},{"type":"Feature","properties":{"REMARK":"Jalan Lain","_cls":"Jalan Lain"},"geometry":{"type":"LineString","coordinates":[[111.54299,-7.98277],[111.54305,-7.98043]]}},{"type":"Feature","properties":{"REMARK":"Jalan Lokal","_cls":"Jalan Lokal"},"geometry":{"type":"LineString","coordinates":[[111.58449,-7.98489],[111.58412,-7.98444],[111.58256,-7.98278],[111.58092,-7.98135],[111.57983,-7.98007],[111.57956,-7.97983],[111.57899,-7.97947]]}},{"type":"Feature","properties":{"REMARK":"Jalan Setapak","_cls":"Jalan Setapak"},"geometry":{"type":"LineString","coordinates":[[111.5361,-7.95229],[111.5387,-7.9526],[111.53912,-7.9526]]}},{"type":"Feature","properties":{"REMARK":"Jalan Lain","_cls":"Jalan Lain"},"geometry":{"type":"LineString","coordinates":[[111.53611,-7.9528],[111.53554,-7.95295],[111.53473,-7.95329],[111.53442,-7.95339],[111.53409,-7.95345]]}},{"type":"Feature","properties":{"REMARK":"Jalan Lokal","_cls":"Jalan Lokal"},"geometry":{"type":"LineString","coordinates":[[111.58497,-7.98545],[111.58449,-7.98489]]}},{"type":"Feature","properties":{"REMARK":"Jalan Lain","_cls":"Jalan Lain"},"geometry":{"type":"LineString","coordinates":[[111.54634,-7.95803],[111.54679,-7.95809],[111.5479,-7.95839],[111.54863,-7.95854]]}},{"type":"Feature","properties":{"REMARK":"Jalan Lain","_cls":"Jalan Lain"},"geometry":{"type":"LineString","coordinates":[[111.54271,-7.97028],[111.54281,-7.97028]]}},{"type":"Feature","properties":{"REMARK":"Jalan Lain","_cls":"Jalan Lain"},"geometry":{"type":"LineString","coordinates":[[111.56475,-7.97536],[111.56496,-7.975],[111.56514,-7.97453],[111.56562,-7.9727]]}},{"type":"Feature","properties":{"REMARK":"Jalan Lain","_cls":"Jalan Lain"},"geometry":{"type":"LineString","coordinates":[[111.62064,-7.96212],[111.62072,-7.96219],[111.62121,-7.96315],[111.62181,-7.96446],[111.62246,-7.96517],[111.62277,-7.96565],[111.62297,-7.96583],[111.62316,-7.96586],[111.6234,-7.96602],[111.62364,-7.96624],[111.62399,-7.96679],[111.62459,-7.96732],[111.62471,-7.96737],[111.62513,-7.96742],[111.6249,-7.96773],[111.62502,-7.96819],[111.62502,-7.96834],[111.62485,-7.96864],[111.62506,-7.96923],[111.62556,-7.96965],[111.62569,-7.97029],[111.62572,-7.97066],[111.62566,-7.97097],[111.62564,-7.97141],[111.6256,-7.97156],[111.62554,-7.97161],[111.62521,-7.97169],[111.62507,-7.97185],[111.6249,-7.97236],[111.62492,-7.97266],[111.625,-7.97286],[111.62457,-7.97343],[111.62474,-7.97415],[111.62479,-7.97454],[111.6247,-7.97478],[111.62427,-7.97518],[111.62391,-7.97547],[111.62369,-7.97586]]}},{"type":"Feature","properties":{"REMARK":"Jalan Lain","_cls":"Jalan Lain"},"geometry":{"type":"LineString","coordinates":[[111.54293,-7.98417],[111.54296,-7.98348]]}},{"type":"Feature","properties":{"REMARK":"Jalan Lingkungan","_cls":"Jalan Lingkungan"},"geometry":{"type":"LineString","coordinates":[[111.60226,-8.01699],[111.60333,-8.01764],[111.60322,-8.01795],[111.60293,-8.01834],[111.603,-8.01859]]}},{"type":"Feature","properties":{"REMARK":"Jalan Lokal","_cls":"Jalan Lokal"},"geometry":{"type":"LineString","coordinates":[[111.64347,-7.99172],[111.64333,-7.99159],[111.64314,-7.99155],[111.64239,-7.99162],[111.64184,-7.99176],[111.64153,-7.99195],[111.64138,-7.99194],[111.64063,-7.99173],[111.64031,-7.99181],[111.63986,-7.99203],[111.63903,-7.99197],[111.63853,-7.99222]]}},{"type":"Feature","properties":{"REMARK":"Jalan Setapak","_cls":"Jalan Setapak"},"geometry":{"type":"LineString","coordinates":[[111.57986,-7.98763],[111.5803,-7.98756],[111.58072,-7.9876],[111.58076,-7.98754],[111.5808,-7.98719]]}},{"type":"Feature","properties":{"REMARK":"Jalan Setapak","_cls":"Jalan Setapak"},"geometry":{"type":"LineString","coordinates":[[111.54878,-7.9552],[111.54924,-7.95527],[111.55022,-7.95531],[111.55101,-7.95545],[111.55147,-7.95546],[111.55175,-7.95539],[111.55197,-7.95376]]}},{"type":"Feature","properties":{"REMARK":"Jalan Lain","_cls":"Jalan Lain"},"geometry":{"type":"LineString","coordinates":[[111.53267,-7.97402],[111.5325,-7.97401]]}},{"type":"Feature","properties":{"REMARK":"Jalan Lain","_cls":"Jalan Lain"},"geometry":{"type":"LineString","coordinates":[[111.57688,-7.97869],[111.57672,-7.97918],[111.57611,-7.97904],[111.57585,-7.97924],[111.57571,-7.97952],[111.57555,-7.98023],[111.57541,-7.98068],[111.57528,-7.98166],[111.57513,-7.98238]]}},{"type":"Feature","properties":{"REMARK":"Jalan Lain","_cls":"Jalan Lain"},"geometry":{"type":"LineString","coordinates":[[111.54305,-7.98043],[111.54311,-7.97794]]}},{"type":"Feature","properties":{"REMARK":"Jalan Setapak","_cls":"Jalan Setapak"},"geometry":{"type":"LineString","coordinates":[[111.56444,-8.02498],[111.56422,-8.02487],[111.5638,-8.02494],[111.56314,-8.02451],[111.56304,-8.02455]]}},{"type":"Feature","properties":{"REMARK":"Jalan Lain","_cls":"Jalan Lain"},"geometry":{"type":"LineString","coordinates":[[111.54602,-7.93466],[111.54461,-7.93539],[111.54395,-7.93566],[111.54088,-7.93678]]}},{"type":"Feature","properties":{"REMARK":"Jalan Lain","_cls":"Jalan Lain"},"geometry":{"type":"LineString","coordinates":[[111.54645,-7.9541],[111.54635,-7.95408],[111.54486,-7.95425],[111.54419,-7.9544],[111.54354,-7.95428],[111.54298,-7.95407],[111.54279,-7.95403]]}},{"type":"Feature","properties":{"REMARK":"Jalan Lain","_cls":"Jalan Lain"},"geometry":{"type":"LineString","coordinates":[[111.5443,-7.98493],[111.54429,-7.98498]]}},{"type":"Feature","properties":{"REMARK":"Jalan Lain","_cls":"Jalan Lain"},"geometry":{"type":"MultiLineString","coordinates":[[[111.53934,-8.03658],[111.5391,-8.0366],[111.53897,-8.03655],[111.53878,-8.03632]],[[111.54072,-8.03959],[111.5409,-8.03921],[111.54089,-8.03902],[111.54081,-8.03878]],[[111.5393,-8.04142],[111.53952,-8.0412],[111.54003,-8.04084]]]}},{"type":"Feature","properties":{"REMARK":"Jalan Setapak","_cls":"Jalan Setapak"},"geometry":{"type":"LineString","coordinates":[[111.55834,-7.9382],[111.55806,-7.93828],[111.55704,-7.93844],[111.55671,-7.93889],[111.5565,-7.93897],[111.55563,-7.93916],[111.55576,-7.93998],[111.5563,-7.94233],[111.55616,-7.94298],[111.55607,-7.94397]]}},{"type":"Feature","properties":{"REMARK":"Jalan Lain","_cls":"Jalan Lain"},"geometry":{"type":"LineString","coordinates":[[111.54425,-7.959],[111.54532,-7.95944]]}},{"type":"Feature","properties":{"REMARK":"Jalan Lain","_cls":"Jalan Lain"},"geometry":{"type":"LineString","coordinates":[[111.57551,-8.00159],[111.57622,-8.00217],[111.57674,-8.00238],[111.5773,-8.00277]]}},{"type":"Feature","properties":{"REMARK":"Jalan Lain","_cls":"Jalan Lain"},"geometry":{"type":"LineString","coordinates":[[111.58075,-7.99173],[111.58056,-7.99184],[111.58021,-7.99232],[111.58009,-7.99245],[111.57948,-7.99282]]}},{"type":"Feature","properties":{"REMARK":"Jalan Lain","_cls":"Jalan Lain"},"geometry":{"type":"LineString","coordinates":[[111.53636,-7.97388],[111.53581,-7.97387],[111.53548,-7.97393],[111.53491,-7.97396],[111.53323,-7.97403]]}},{"type":"Feature","properties":{"REMARK":"Jalan Lain","_cls":"Jalan Lain"},"geometry":{"type":"LineString","coordinates":[[111.56346,-7.96749],[111.56445,-7.9679],[111.56498,-7.9683],[111.5661,-7.9689]]}},{"type":"Feature","properties":{"REMARK":"Jalan Lain","_cls":"Jalan Lain"},"geometry":{"type":"LineString","coordinates":[[111.60298,-7.99271],[111.60343,-7.99255],[111.60408,-7.99243],[111.60447,-7.99224],[111.60469,-7.99244],[111.60512,-7.99264],[111.60536,-7.9927],[111.60565,-7.99269],[111.60628,-7.99236]]}},{"type":"Feature","properties":{"REMARK":"Jalan Setapak","_cls":"Jalan Setapak"},"geometry":{"type":"LineString","coordinates":[[111.54555,-7.94545],[111.54536,-7.9461],[111.54527,-7.94685],[111.54494,-7.94691]]}},{"type":"Feature","properties":{"REMARK":"Jalan Lain","_cls":"Jalan Lain"},"geometry":{"type":"LineString","coordinates":[[111.5518,-7.96235],[111.55036,-7.96197],[111.54952,-7.96185],[111.54846,-7.9618],[111.54786,-7.96169],[111.54761,-7.9616]]}},{"type":"Feature","properties":{"REMARK":"Jalan Setapak","_cls":"Jalan Setapak"},"geometry":{"type":"LineString","coordinates":[[111.57351,-7.93167],[111.57355,-7.93237],[111.57379,-7.93333],[111.57386,-7.93412],[111.57373,-7.93543],[111.57353,-7.93663],[111.57329,-7.93724],[111.57292,-7.93765],[111.5728,-7.93786],[111.57269,-7.93796],[111.57206,-7.93813],[111.57179,-7.93841]]}},{"type":"Feature","properties":{"REMARK":"Jalan Lain","_cls":"Jalan Lain"},"geometry":{"type":"LineString","coordinates":[[111.60617,-8.0],[111.60632,-7.99978],[111.6064,-7.99912],[111.60642,-7.9986],[111.60652,-7.99834],[111.60675,-7.99793],[111.60683,-7.99771],[111.60684,-7.9975],[111.6068,-7.9972],[111.6069,-7.99678],[111.60731,-7.99564]]}},{"type":"Feature","properties":{"REMARK":"Jalan Lain","_cls":"Jalan Lain"},"geometry":{"type":"LineString","coordinates":[[111.53834,-7.94908],[111.53812,-7.94915],[111.53793,-7.94911],[111.53786,-7.94906]]}},{"type":"Feature","properties":{"REMARK":"Jalan Lain","_cls":"Jalan Lain"},"geometry":{"type":"LineString","coordinates":[[111.53865,-7.98919],[111.53878,-7.98849],[111.5388,-7.98779],[111.53886,-7.9872],[111.53902,-7.98625]]}},{"type":"Feature","properties":{"REMARK":"Jalan Lain","_cls":"Jalan Lain"},"geometry":{"type":"LineString","coordinates":[[111.55869,-7.95371],[111.55957,-7.95339]]}},{"type":"Feature","properties":{"REMARK":"Jalan Lain","_cls":"Jalan Lain"},"geometry":{"type":"MultiLineString","coordinates":[[[111.63973,-7.99554],[111.63939,-7.99591],[111.63888,-7.99763],[111.6386,-7.99829],[111.63859,-7.9984],[111.63879,-7.99916],[111.63882,-7.99959],[111.63877,-7.9998],[111.63833,-8.00045],[111.63823,-8.00067],[111.63784,-8.00106],[111.63765,-8.00134],[111.63694,-8.00189],[111.63661,-8.00196],[111.63625,-8.00213],[111.63613,-8.00215]],[[111.6361,-8.00215],[111.63596,-8.00217],[111.63527,-8.00259]],[[111.63511,-8.0027],[111.63484,-8.00278],[111.6343,-8.00326]]]}},{"type":"Feature","properties":{"REMARK":"Jalan Setapak","_cls":"Jalan Setapak"},"geometry":{"type":"LineString","coordinates":[[111.56769,-8.03445],[111.5674,-8.0341],[111.56719,-8.03398],[111.56664,-8.03377],[111.56654,-8.03369],[111.56634,-8.0335],[111.56636,-8.03341],[111.56644,-8.03333],[111.56683,-8.0331],[111.5675,-8.03276],[111.56808,-8.0327],[111.56835,-8.03204]]}},{"type":"Feature","properties":{"REMARK":"Jalan Lain","_cls":"Jalan Lain"},"geometry":{"type":"LineString","coordinates":[[111.53591,-7.96685],[111.53592,-7.967]]}},{"type":"Feature","properties":{"REMARK":"Jalan Lingkungan","_cls":"Jalan Lingkungan"},"geometry":{"type":"LineString","coordinates":[[111.59395,-8.01699],[111.59409,-8.01599],[111.59424,-8.01527],[111.59398,-8.01507],[111.59369,-8.01496],[111.59378,-8.01464],[111.59349,-8.01406],[111.59253,-8.01355],[111.59165,-8.01337]]}},{"type":"Feature","properties":{"REMARK":"Jalan Setapak","_cls":"Jalan Setapak"},"geometry":{"type":"LineString","coordinates":[[111.61531,-7.99258],[111.6163,-7.99216],[111.61652,-7.99201],[111.6168,-7.99203],[111.61719,-7.99198],[111.61745,-7.99192],[111.61758,-7.99183],[111.61794,-7.99115],[111.61806,-7.99109],[111.61814,-7.99093],[111.61848,-7.99068],[111.61861,-7.99063],[111.61877,-7.99067],[111.6189,-7.99076],[111.61897,-7.99086],[111.619,-7.99114],[111.61899,-7.99127]]}},{"type":"Feature","properties":{"REMARK":"Jalan Lain","_cls":"Jalan Lain"},"geometry":{"type":"LineString","coordinates":[[111.5443,-7.98493],[111.54456,-7.98505],[111.54444,-7.98602],[111.54486,-7.98621],[111.54489,-7.98627],[111.54485,-7.9864],[111.54471,-7.98669],[111.54473,-7.98675],[111.54545,-7.98701],[111.54566,-7.98717],[111.54583,-7.9874],[111.54839,-7.98854],[111.54829,-7.98967],[111.54823,-7.98999]]}},{"type":"Feature","properties":{"REMARK":"Jalan Lain","_cls":"Jalan Lain"},"geometry":{"type":"LineString","coordinates":[[111.53274,-7.96767],[111.5327,-7.96733],[111.53279,-7.96687]]}},{"type":"Feature","properties":{"REMARK":"Jalan Lain","_cls":"Jalan Lain"},"geometry":{"type":"LineString","coordinates":[[111.54311,-7.94805],[111.54374,-7.94797],[111.54434,-7.94795]]}},{"type":"Feature","properties":{"REMARK":"Jalan Setapak","_cls":"Jalan Setapak"},"geometry":{"type":"LineString","coordinates":[[111.61723,-7.94492],[111.61702,-7.94575],[111.61704,-7.94604],[111.61642,-7.94627],[111.6162,-7.94643],[111.61595,-7.94671],[111.61576,-7.94707],[111.61554,-7.9474]]}},{"type":"Feature","properties":{"REMARK":"Jalan Lain","_cls":"Jalan Lain"},"geometry":{"type":"LineString","coordinates":[[111.55584,-7.95325],[111.55587,-7.95385]]}},{"type":"Feature","properties":{"REMARK":"Jalan Lain","_cls":"Jalan Lain"},"geometry":{"type":"LineString","coordinates":[[111.62015,-7.96117],[111.62036,-7.96147],[111.62062,-7.96199]]}},{"type":"Feature","properties":{"REMARK":"Jalan Lain","_cls":"Jalan Lain"},"geometry":{"type":"LineString","coordinates":[[111.54602,-7.93466],[111.54589,-7.93406],[111.54578,-7.93341]]}},{"type":"Feature","properties":{"REMARK":"Jalan Lingkungan","_cls":"Jalan Lingkungan"},"geometry":{"type":"LineString","coordinates":[[111.57763,-7.93825],[111.57628,-7.93866],[111.57601,-7.93911],[111.57557,-7.94051],[111.57516,-7.94124],[111.5735,-7.94312],[111.57288,-7.94403],[111.573,-7.9455],[111.57316,-7.94626]]}},{"type":"Feature","properties":{"REMARK":"Jalan Lingkungan","_cls":"Jalan Lingkungan"},"geometry":{"type":"LineString","coordinates":[[111.572,-8.02448],[111.57176,-8.02516],[111.57175,-8.02611],[111.57247,-8.0264]]}},{"type":"Feature","properties":{"REMARK":"Jalan Setapak","_cls":"Jalan Setapak"},"geometry":{"type":"LineString","coordinates":[[111.54081,-7.95299],[111.54002,-7.95338],[111.53898,-7.95351]]}},{"type":"Feature","properties":{"REMARK":"Jalan Lain","_cls":"Jalan Lain"},"geometry":{"type":"LineString","coordinates":[[111.53629,-7.97218],[111.53764,-7.97211],[111.53942,-7.97224]]}},{"type":"Feature","properties":{"REMARK":"Jalan Lain","_cls":"Jalan Lain"},"geometry":{"type":"LineString","coordinates":[[111.55044,-8.0146],[111.55006,-8.01453],[111.54971,-8.01432],[111.54938,-8.01406],[111.54862,-8.01384]]}},{"type":"Feature","properties":{"REMARK":"Jalan Setapak","_cls":"Jalan Setapak"},"geometry":{"type":"LineString","coordinates":[[111.55953,-7.97281],[111.5603,-7.97283],[111.56034,-7.97275],[111.56037,-7.97249],[111.56044,-7.97228],[111.56055,-7.97141]]}},{"type":"Feature","properties":{"REMARK":"Jalan Lain","_cls":"Jalan Lain"},"geometry":{"type":"LineString","coordinates":[[111.60628,-7.99236],[111.60646,-7.99255],[111.60693,-7.99322]]}},{"type":"Feature","properties":{"REMARK":"Jalan Lain","_cls":"Jalan Lain"},"geometry":{"type":"LineString","coordinates":[[111.53397,-7.93981],[111.53413,-7.94042],[111.53421,-7.94064],[111.53428,-7.94072],[111.53468,-7.94074],[111.53505,-7.94071]]}},{"type":"Feature","properties":{"REMARK":"Jalan Lain","_cls":"Jalan Lain"},"geometry":{"type":"LineString","coordinates":[[111.54943,-7.9481],[111.54986,-7.94975],[111.55022,-7.95029],[111.55099,-7.95113]]}},{"type":"Feature","properties":{"REMARK":"Jalan Lain","_cls":"Jalan Lain"},"geometry":{"type":"LineString","coordinates":[[111.5317,-7.95617],[111.53325,-7.95608]]}},{"type":"Feature","properties":{"REMARK":"Jalan Lain","_cls":"Jalan Lain"},"geometry":{"type":"LineString","coordinates":[[111.60731,-7.99564],[111.60754,-7.99474],[111.60812,-7.9942],[111.6078,-7.99382]]}},{"type":"Feature","properties":{"REMARK":"Jalan Setapak","_cls":"Jalan Setapak"},"geometry":{"type":"LineString","coordinates":[[111.55235,-7.94741],[111.55242,-7.9459],[111.55237,-7.94547]]}},{"type":"Feature","properties":{"REMARK":"Jalan Lokal","_cls":"Jalan Lokal"},"geometry":{"type":"LineString","coordinates":[[111.53834,-7.94908],[111.53747,-7.94856],[111.53666,-7.94833],[111.53626,-7.94848],[111.53609,-7.94864],[111.53611,-7.94879],[111.53607,-7.94951],[111.53593,-7.94959],[111.53559,-7.94965],[111.53476,-7.94971],[111.53354,-7.94998],[111.53297,-7.95007],[111.53252,-7.95019],[111.53209,-7.95043]]}},{"type":"Feature","properties":{"REMARK":"Jalan Lain","_cls":"Jalan Lain"},"geometry":{"type":"LineString","coordinates":[[111.58294,-7.93565],[111.5826,-7.93563],[111.58241,-7.93556],[111.58184,-7.93531],[111.58163,-7.93513],[111.58146,-7.93505],[111.58117,-7.93514],[111.58094,-7.93571],[111.58003,-7.93656],[111.57975,-7.93678],[111.57954,-7.93691],[111.57851,-7.93701],[111.5783,-7.93708],[111.57806,-7.9373],[111.57788,-7.93758],[111.57773,-7.93812],[111.57768,-7.93823],[111.57763,-7.93825],[111.57696,-7.93801],[111.57655,-7.93777],[111.57549,-7.93809],[111.57483,-7.93825],[111.57446,-7.93831],[111.57317,-7.93878],[111.57231,-7.93877],[111.57159,-7.93854],[111.57123,-7.93857],[111.57076,-7.93871],[111.57065,-7.9388],[111.57036,-7.93927],[111.57027,-7.93965],[111.57012,-7.93997],[111.56988,-7.94035],[111.56971,-7.94048],[111.56944,-7.94059],[111.56914,-7.94061],[111.56856,-7.94055],[111.56821,-7.9406],[111.56794,-7.94079],[111.56781,-7.94093],[111.56769,-7.94116],[111.56758,-7.94162],[111.56747,-7.94192],[111.56724,-7.94227],[111.56654,-7.94287],[111.56637,-7.94306],[111.56592,-7.94381],[111.56507,-7.94426],[111.56427,-7.9444],[111.56327,-7.94443],[111.56305,-7.9444]]}},{"type":"Feature","properties":{"REMARK":"Jalan Setapak","_cls":"Jalan Setapak"},"geometry":{"type":"LineString","coordinates":[[111.61465,-7.95637],[111.61481,-7.95641],[111.61693,-7.95664],[111.617,-7.95689]]}},{"type":"Feature","properties":{"REMARK":"Jalan Lain","_cls":"Jalan Lain"},"geometry":{"type":"LineString","coordinates":[[111.57819,-8.00872],[111.57822,-8.009],[111.57837,-8.00963],[111.57836,-8.00984],[111.57831,-8.00996],[111.5779,-8.01024],[111.57781,-8.01039],[111.57761,-8.0124],[111.57771,-8.01302],[111.57786,-8.0137],[111.57805,-8.01416],[111.57816,-8.01458],[111.5782,-8.01538],[111.57807,-8.01571]]}},{"type":"Feature","properties":{"REMARK":"Jalan Lain","_cls":"Jalan Lain"},"geometry":{"type":"LineString","coordinates":[[111.555,-8.02778],[111.55421,-8.02737],[111.5538,-8.02721],[111.55335,-8.02713],[111.5528,-8.02728],[111.55272,-8.02734],[111.55268,-8.0275],[111.5527,-8.02766],[111.55286,-8.02793],[111.55426,-8.02905],[111.55473,-8.02946],[111.55517,-8.0299],[111.55551,-8.02997],[111.55584,-8.02998],[111.55615,-8.02989],[111.55627,-8.02969],[111.55652,-8.02896],[111.55662,-8.02855],[111.5567,-8.02845],[111.55683,-8.02842],[111.55694,-8.02861],[111.55742,-8.02898],[111.55752,-8.0291],[111.55787,-8.02919],[111.55817,-8.0292],[111.55866,-8.02986],[111.55895,-8.03006],[111.55915,-8.0301],[111.55972,-8.03013],[111.56024,-8.02985],[111.56076,-8.02987],[111.56108,-8.02955],[111.56129,-8.02952],[111.56295,-8.0298],[111.56388,-8.02986]]}},{"type":"Feature","properties":{"REMARK":"Jalan Lain","_cls":"Jalan Lain"},"geometry":{"type":"LineString","coordinates":[[111.59095,-7.98247],[111.59181,-7.98249]]}},{"type":"Feature","properties":{"REMARK":"Jalan Setapak","_cls":"Jalan Setapak"},"geometry":{"type":"LineString","coordinates":[[111.61217,-7.96587],[111.61234,-7.96601],[111.61335,-7.96658],[111.6147,-7.9671]]}},{"type":"Feature","properties":{"REMARK":"Jalan Lain","_cls":"Jalan Lain"},"geometry":{"type":"LineString","coordinates":[[111.54292,-7.98453],[111.5429,-7.98557],[111.54283,-7.98698]]}},{"type":"Feature","properties":{"REMARK":"Jalan Lain","_cls":"Jalan Lain"},"geometry":{"type":"LineString","coordinates":[[111.57219,-7.97],[111.57242,-7.96975],[111.57264,-7.96902],[111.57279,-7.96874]]}},{"type":"Feature","properties":{"REMARK":"Jalan Lain","_cls":"Jalan Lain"},"geometry":{"type":"LineString","coordinates":[[111.53848,-7.97397],[111.53636,-7.97388]]}},{"type":"Feature","properties":{"REMARK":"Jalan Lain","_cls":"Jalan Lain"},"geometry":{"type":"LineString","coordinates":[[111.55658,-7.96812],[111.55667,-7.96758]]}},{"type":"Feature","properties":{"REMARK":"Jalan Lain","_cls":"Jalan Lain"},"geometry":{"type":"LineString","coordinates":[[111.54982,-7.96701],[111.54987,-7.96626]]}},{"type":"Feature","properties":{"REMARK":"Jalan Lain","_cls":"Jalan Lain"},"geometry":{"type":"LineString","coordinates":[[111.53596,-7.96701],[111.53592,-7.967]]}},{"type":"Feature","properties":{"REMARK":"Jalan Lain","_cls":"Jalan Lain"},"geometry":{"type":"LineString","coordinates":[[111.54033,-7.94693],[111.54036,-7.94722]]}},{"type":"Feature","properties":{"REMARK":"Jalan Lain","_cls":"Jalan Lain"},"geometry":{"type":"LineString","coordinates":[[111.57341,-7.98342],[111.5733,-7.98388],[111.57276,-7.98378],[111.57228,-7.98374]]}},{"type":"Feature","properties":{"REMARK":"Jalan Lain","_cls":"Jalan Lain"},"geometry":{"type":"LineString","coordinates":[[111.63187,-7.9856],[111.6316,-7.98567],[111.63116,-7.98567],[111.63061,-7.98562],[111.63046,-7.98552],[111.63045,-7.98545],[111.63073,-7.98453],[111.63064,-7.98444],[111.63008,-7.98429],[111.62945,-7.98406],[111.62859,-7.98385],[111.62834,-7.98371],[111.62813,-7.98349],[111.62802,-7.98326],[111.62776,-7.98168],[111.62757,-7.98128],[111.62744,-7.98112]]}},{"type":"Feature","properties":{"REMARK":"Jalan Lain","_cls":"Jalan Lain"},"geometry":{"type":"LineString","coordinates":[[111.55109,-8.03702],[111.55033,-8.03652],[111.55013,-8.03627],[111.55037,-8.03519],[111.55067,-8.03461],[111.55089,-8.03429],[111.5505,-8.03431],[111.55016,-8.03465],[111.54976,-8.03594],[111.54934,-8.03624],[111.54866,-8.0361],[111.5477,-8.03571],[111.54741,-8.03518],[111.54724,-8.03475],[111.54737,-8.03433],[111.54761,-8.03378],[111.54774,-8.03312],[111.54808,-8.03266],[111.54805,-8.03218],[111.54824,-8.032],[111.54867,-8.03206],[111.54903,-8.03177],[111.54886,-8.03123],[111.54834,-8.03105],[111.54805,-8.03015],[111.54823,-8.02964],[111.5487,-8.02908],[111.54959,-8.02833],[111.55011,-8.02848],[111.55096,-8.02931],[111.55182,-8.02976],[111.55244,-8.03075],[111.55268,-8.03085],[111.55363,-8.03084],[111.55473,-8.03126],[111.55518,-8.03162],[111.55551,-8.03173],[111.5551,-8.03225],[111.55489,-8.03272]]}},{"type":"Feature","properties":{"REMARK":"Jalan Lain","_cls":"Jalan Lain"},"geometry":{"type":"LineString","coordinates":[[111.61565,-7.99117],[111.61559,-7.99222],[111.61545,-7.99246],[111.61531,-7.99258]]}},{"type":"Feature","properties":{"REMARK":"Jalan Lain","_cls":"Jalan Lain"},"geometry":{"type":"LineString","coordinates":[[111.54373,-7.99163],[111.54311,-7.9915],[111.54309,-7.99141]]}},{"type":"Feature","properties":{"REMARK":"Jalan Lain","_cls":"Jalan Lain"},"geometry":{"type":"LineString","coordinates":[[111.63111,-7.99151],[111.63247,-7.99121]]}},{"type":"Feature","properties":{"REMARK":"Jalan Lain","_cls":"Jalan Lain"},"geometry":{"type":"LineString","coordinates":[[111.61275,-7.94874],[111.61268,-7.94875],[111.61246,-7.94898],[111.61232,-7.94931],[111.61211,-7.94989],[111.61199,-7.95059],[111.61191,-7.95071],[111.61142,-7.95088],[111.61101,-7.95097],[111.61052,-7.95103],[111.6098,-7.95103],[111.60948,-7.951],[111.60924,-7.95092],[111.60918,-7.9508],[111.60916,-7.95064],[111.60919,-7.95058]]}},{"type":"Feature","properties":{"REMARK":"Jalan Setapak","_cls":"Jalan Setapak"},"geometry":{"type":"LineString","coordinates":[[111.64906,-7.97056],[111.64904,-7.97038],[111.64906,-7.96924],[111.64885,-7.96876],[111.64867,-7.96854]]}},{"type":"Feature","properties":{"REMARK":"Jalan Lain","_cls":"Jalan Lain"},"geometry":{"type":"LineString","coordinates":[[111.53741,-7.9466],[111.53839,-7.94684],[111.54011,-7.94695],[111.54033,-7.94693]]}},{"type":"Feature","properties":{"REMARK":"Jalan Lain","_cls":"Jalan Lain"},"geometry":{"type":"LineString","coordinates":[[111.53608,-7.95105],[111.5361,-7.95126],[111.5361,-7.95229]]}},{"type":"Feature","properties":{"REMARK":"Jalan Setapak","_cls":"Jalan Setapak"},"geometry":{"type":"LineString","coordinates":[[111.59429,-8.01191],[111.59426,-8.01221],[111.59429,-8.01259],[111.59448,-8.013],[111.59464,-8.01388]]}},{"type":"Feature","properties":{"REMARK":"Jalan Lain","_cls":"Jalan Lain"},"geometry":{"type":"LineString","coordinates":[[111.53867,-7.97779],[111.5366,-7.97767]]}},{"type":"Feature","properties":{"REMARK":"Jalan Lain","_cls":"Jalan Lain"},"geometry":{"type":"LineString","coordinates":[[111.62062,-7.96199],[111.62087,-7.96134]]}},{"type":"Feature","properties":{"REMARK":"Jalan Lain","_cls":"Jalan Lain"},"geometry":{"type":"LineString","coordinates":[[111.6441,-7.96812],[111.64349,-7.96816],[111.64316,-7.96832],[111.64288,-7.96831]]}},{"type":"Feature","properties":{"REMARK":"Jalan Lain","_cls":"Jalan Lain"},"geometry":{"type":"LineString","coordinates":[[111.53313,-7.99505],[111.53305,-7.99427]]}},{"type":"Feature","properties":{"REMARK":"Jalan Lain","_cls":"Jalan Lain"},"geometry":{"type":"LineString","coordinates":[[111.65717,-7.96714],[111.65746,-7.96723],[111.65761,-7.96724],[111.65771,-7.96721],[111.65793,-7.96706],[111.65799,-7.96688]]}},{"type":"Feature","properties":{"REMARK":"Jalan Lain","_cls":"Jalan Lain"},"geometry":{"type":"LineString","coordinates":[[111.57435,-7.97057],[111.57431,-7.97087],[111.57423,-7.97118],[111.57396,-7.9718],[111.5739,-7.97218],[111.57398,-7.97462]]}},{"type":"Feature","properties":{"REMARK":"Jalan Lain","_cls":"Jalan Lain"},"geometry":{"type":"LineString","coordinates":[[111.56219,-7.94449],[111.56229,-7.94474],[111.56258,-7.94495],[111.56295,-7.94529],[111.56291,-7.94602]]}},{"type":"Feature","properties":{"REMARK":"Jalan Lain","_cls":"Jalan Lain"},"geometry":{"type":"LineString","coordinates":[[111.6078,-7.99382],[111.60755,-7.9937],[111.60749,-7.99364],[111.60749,-7.99356],[111.60752,-7.99354],[111.60737,-7.99331],[111.60693,-7.99322]]}},{"type":"Feature","properties":{"REMARK":"Jalan Setapak","_cls":"Jalan Setapak"},"geometry":{"type":"LineString","coordinates":[[111.56147,-8.02305],[111.56109,-8.02353],[111.56092,-8.02361],[111.56043,-8.02367],[111.56019,-8.02376],[111.55984,-8.02396],[111.55934,-8.02426],[111.5581,-8.02526]]}},{"type":"Feature","properties":{"REMARK":"Jalan Lokal","_cls":"Jalan Lokal"},"geometry":{"type":"LineString","coordinates":[[111.58748,-7.98894],[111.58706,-7.98808],[111.58695,-7.98799],[111.58643,-7.98777],[111.58616,-7.98758],[111.58525,-7.98588],[111.58497,-7.98545]]}},{"type":"Feature","properties":{"REMARK":"Jalan Lain","_cls":"Jalan Lain"},"geometry":{"type":"LineString","coordinates":[[111.58704,-7.93676],[111.58651,-7.93621]]}},{"type":"Feature","properties":{"REMARK":"Jalan Setapak","_cls":"Jalan Setapak"},"geometry":{"type":"LineString","coordinates":[[111.59219,-7.97657],[111.59203,-7.97652],[111.59174,-7.97616],[111.59122,-7.97577],[111.59014,-7.97525],[111.58983,-7.97513],[111.58934,-7.97525],[111.58913,-7.97524],[111.58832,-7.97488],[111.58758,-7.97485],[111.58661,-7.9745],[111.5862,-7.97471],[111.58613,-7.97479],[111.58605,-7.97504],[111.58499,-7.97504],[111.58402,-7.97491]]}},{"type":"Feature","properties":{"REMARK":"Jalan Lain","_cls":"Jalan Lain"},"geometry":{"type":"LineString","coordinates":[[111.54079,-7.99151],[111.54309,-7.99141]]}},{"type":"Feature","properties":{"REMARK":"Jalan Lain","_cls":"Jalan Lain"},"geometry":{"type":"LineString","coordinates":[[111.60769,-7.9927],[111.60768,-7.99346],[111.60771,-7.99365],[111.6078,-7.99382]]}},{"type":"Feature","properties":{"REMARK":"Jalan Lain","_cls":"Jalan Lain"},"geometry":{"type":"LineString","coordinates":[[111.53338,-7.99818],[111.53416,-7.99828],[111.53531,-7.99835],[111.53612,-7.99828]]}},{"type":"Feature","properties":{"REMARK":"Jalan Setapak","_cls":"Jalan Setapak"},"geometry":{"type":"LineString","coordinates":[[111.56329,-7.9729],[111.56311,-7.97281],[111.56271,-7.97254],[111.56291,-7.97159],[111.56334,-7.97053]]}},{"type":"Feature","properties":{"REMARK":"Jalan Lain","_cls":"Jalan Lain"},"geometry":{"type":"LineString","coordinates":[[111.53921,-7.98302],[111.53926,-7.98158]]}},{"type":"Feature","properties":{"REMARK":"Jalan Lain","_cls":"Jalan Lain"},"geometry":{"type":"LineString","coordinates":[[111.58214,-7.97402],[111.5823,-7.97391],[111.58274,-7.97375],[111.58302,-7.97395],[111.58345,-7.97414],[111.58399,-7.97417],[111.58438,-7.97361],[111.58489,-7.97358],[111.58513,-7.97371],[111.58631,-7.97354],[111.58677,-7.97352],[111.58689,-7.97343],[111.58689,-7.9731],[111.58695,-7.9728],[111.58708,-7.97252],[111.58702,-7.97195]]}},{"type":"Feature","properties":{"REMARK":"Jalan Lain","_cls":"Jalan Lain"},"geometry":{"type":"LineString","coordinates":[[111.56843,-7.97016],[111.56877,-7.97034]]}},{"type":"Feature","properties":{"REMARK":"Jalan Setapak","_cls":"Jalan Setapak"},"geometry":{"type":"LineString","coordinates":[[111.54987,-7.94297],[111.55036,-7.9429],[111.55144,-7.94262],[111.55179,-7.94389]]}},{"type":"Feature","properties":{"REMARK":"Jalan Lain","_cls":"Jalan Lain"},"geometry":{"type":"LineString","coordinates":[[111.61554,-7.9474],[111.61544,-7.94735],[111.61462,-7.94732],[111.61435,-7.94734]]}},{"type":"Feature","properties":{"REMARK":"Jalan Lain","_cls":"Jalan Lain"},"geometry":{"type":"LineString","coordinates":[[111.60077,-7.98746],[111.60023,-7.98725],[111.59944,-7.98701],[111.59931,-7.98691]]}},{"type":"Feature","properties":{"REMARK":"Jalan Setapak","_cls":"Jalan Setapak"},"geometry":{"type":"LineString","coordinates":[[111.56669,-7.96045],[111.56734,-7.95942],[111.56812,-7.95841],[111.5689,-7.95724],[111.56997,-7.95597],[111.57123,-7.95474],[111.57135,-7.95448],[111.57164,-7.95404],[111.57232,-7.95271],[111.5732,-7.95208],[111.57396,-7.95164]]}},{"type":"Feature","properties":{"REMARK":"Jalan Setapak","_cls":"Jalan Setapak"},"geometry":{"type":"LineString","coordinates":[[111.64422,-7.9707],[111.64436,-7.9706],[111.64462,-7.97051],[111.64501,-7.97017]]}},{"type":"Feature","properties":{"REMARK":"Jalan Setapak","_cls":"Jalan Setapak"},"geometry":{"type":"LineString","coordinates":[[111.61686,-8.00433],[111.61719,-8.00581],[111.61734,-8.00629],[111.61742,-8.00683],[111.61726,-8.00777],[111.6172,-8.00806],[111.61711,-8.00819],[111.61665,-8.00849],[111.6165,-8.00864],[111.61629,-8.00894],[111.61593,-8.00958]]}},{"type":"Feature","properties":{"REMARK":"Jalan Lain","_cls":"Jalan Lain"},"geometry":{"type":"LineString","coordinates":[[111.60932,-7.9563],[111.6096,-7.95593],[111.6097,-7.95584],[111.61015,-7.95569]]}},{"type":"Feature","properties":{"REMARK":"Jalan Lain","_cls":"Jalan Lain"},"geometry":{"type":"LineString","coordinates":[[111.53025,-7.97764],[111.52939,-7.97761]]}},{"type":"Feature","properties":{"REMARK":"Jalan Lain","_cls":"Jalan Lain"},"geometry":{"type":"LineString","coordinates":[[111.55788,-7.962],[111.55774,-7.96153],[111.55758,-7.96118],[111.55709,-7.96033],[111.55702,-7.9601],[111.557,-7.95985],[111.55703,-7.95968]]}},{"type":"Feature","properties":{"REMARK":"Jalan Lain","_cls":"Jalan Lain"},"geometry":{"type":"LineString","coordinates":[[111.61293,-7.95321],[111.61241,-7.95401],[111.61138,-7.95528],[111.61129,-7.95531]]}},{"type":"Feature","properties":{"REMARK":"Jalan Lain","_cls":"Jalan Lain"},"geometry":{"type":"LineString","coordinates":[[111.57175,-7.9704],[111.57107,-7.97089],[111.57078,-7.97136],[111.57053,-7.97183]]}},{"type":"Feature","properties":{"REMARK":"Jalan Lain","_cls":"Jalan Lain"},"geometry":{"type":"LineString","coordinates":[[111.60298,-7.99271],[111.60298,-7.99238],[111.60261,-7.99144],[111.60259,-7.99105],[111.60265,-7.9906],[111.60289,-7.98972],[111.60321,-7.98912]]}},{"type":"Feature","properties":{"REMARK":"Jalan Lokal","_cls":"Jalan Lokal"},"geometry":{"type":"LineString","coordinates":[[111.65269,-8.00298],[111.65328,-8.00252],[111.65352,-8.00185],[111.65352,-8.00119],[111.65346,-8.001],[111.65321,-8.00079],[111.65303,-8.00058],[111.6529,-8.00025],[111.65291,-7.99966],[111.65301,-7.99894],[111.65295,-7.99854]]}},{"type":"Feature","properties":{"REMARK":"Jalan Lain","_cls":"Jalan Lain"},"geometry":{"type":"LineString","coordinates":[[111.5366,-7.97767],[111.5345,-7.97769],[111.534,-7.97767],[111.53311,-7.9777]]}},{"type":"Feature","properties":{"REMARK":"Jalan Lingkungan","_cls":"Jalan Lingkungan"},"geometry":{"type":"LineString","coordinates":[[111.53666,-7.98427],[111.53916,-7.98429]]}},{"type":"Feature","properties":{"REMARK":"Jalan Setapak","_cls":"Jalan Setapak"},"geometry":{"type":"LineString","coordinates":[[111.5436,-7.94224],[111.54359,-7.9414],[111.54352,-7.94068],[111.54341,-7.94027],[111.54217,-7.94034],[111.54201,-7.94032],[111.54179,-7.94036],[111.54145,-7.94048],[111.54109,-7.94066],[111.53975,-7.941]]}},{"type":"Feature","properties":{"REMARK":"Jalan Setapak","_cls":"Jalan Setapak"},"geometry":{"type":"LineString","coordinates":[[111.55534,-7.94759],[111.55533,-7.9468],[111.55551,-7.94633],[111.55558,-7.94624],[111.55617,-7.94616]]}},{"type":"Feature","properties":{"REMARK":"Jalan Lain","_cls":"Jalan Lain"},"geometry":{"type":"LineString","coordinates":[[111.5739,-7.98195],[111.57349,-7.98273],[111.57341,-7.98342]]}},{"type":"Feature","properties":{"REMARK":"Jalan Setapak","_cls":"Jalan Setapak"},"geometry":{"type":"LineString","coordinates":[[111.56444,-8.02498],[111.56546,-8.02462],[111.56611,-8.02499],[111.56627,-8.02495],[111.56653,-8.02481],[111.56684,-8.0246],[111.56715,-8.02415],[111.5678,-8.02335],[111.56818,-8.02275],[111.56848,-8.02244],[111.56931,-8.02197],[111.56966,-8.02167]]}},{"type":"Feature","properties":{"REMARK":"Jalan Setapak","_cls":"Jalan Setapak"},"geometry":{"type":"LineString","coordinates":[[111.60666,-8.00807],[111.60593,-8.00851],[111.60411,-8.00863],[111.60338,-8.00893],[111.60322,-8.00907],[111.60353,-8.00937],[111.60371,-8.00961],[111.60381,-8.0099],[111.60384,-8.01018],[111.60377,-8.01039],[111.60365,-8.01049],[111.60353,-8.01051],[111.60304,-8.01039],[111.60288,-8.01054],[111.60288,-8.0107],[111.60299,-8.01105],[111.60328,-8.01142],[111.6033,-8.01169],[111.60318,-8.0126],[111.6029,-8.01334],[111.60299,-8.0136],[111.60319,-8.01392],[111.60348,-8.01424],[111.60347,-8.01437],[111.60306,-8.01533],[111.60298,-8.01567]]}},{"type":"Feature","properties":{"REMARK":"Jalan Lain","_cls":"Jalan Lain"},"geometry":{"type":"LineString","coordinates":[[111.54703,-7.97708],[111.54703,-7.97708]]}},{"type":"Feature","properties":{"REMARK":"Jalan Lain","_cls":"Jalan Lain"},"geometry":{"type":"LineString","coordinates":[[111.53615,-7.99275],[111.5361,-7.99349],[111.53608,-7.99452]]}},{"type":"Feature","properties":{"REMARK":"Jalan Lain","_cls":"Jalan Lain"},"geometry":{"type":"LineString","coordinates":[[111.61275,-7.94874],[111.61271,-7.94891],[111.61277,-7.94909],[111.61325,-7.95011],[111.61323,-7.95039],[111.613,-7.95066],[111.61296,-7.9509],[111.6129,-7.95212],[111.61298,-7.95313],[111.61293,-7.95321]]}},{"type":"Feature","properties":{"REMARK":"Jalan Lain","_cls":"Jalan Lain"},"geometry":{"type":"LineString","coordinates":[[111.53505,-7.94071],[111.53648,-7.94061]]}},{"type":"Feature","properties":{"REMARK":"Jalan Setapak","_cls":"Jalan Setapak"},"geometry":{"type":"LineString","coordinates":[[111.53615,-7.99275],[111.53574,-7.99269],[111.53524,-7.99254],[111.53523,-7.99237],[111.5354,-7.99117],[111.53595,-7.99116],[111.53625,-7.99122]]}},{"type":"Feature","properties":{"REMARK":"Jalan Setapak","_cls":"Jalan Setapak"},"geometry":{"type":"LineString","coordinates":[[111.56147,-8.02305],[111.56177,-8.02416],[111.56159,-8.02443],[111.56139,-8.02513]]}},{"type":"Feature","properties":{"REMARK":"Jalan Lokal","_cls":"Jalan Lokal"},"geometry":{"type":"LineString","coordinates":[[111.62903,-7.97656],[111.62939,-7.97642],[111.62972,-7.97633],[111.63049,-7.97623],[111.6311,-7.97591],[111.63172,-7.97576],[111.632,-7.97563],[111.63221,-7.97549],[111.63248,-7.97478],[111.63256,-7.97466],[111.63351,-7.97369]]}},{"type":"Feature","properties":{"REMARK":"Jalan Lain","_cls":"Jalan Lain"},"geometry":{"type":"LineString","coordinates":[[111.57421,-7.98104],[111.57385,-7.98107],[111.57205,-7.98078]]}},{"type":"Feature","properties":{"REMARK":"Jalan Lain","_cls":"Jalan Lain"},"geometry":{"type":"LineString","coordinates":[[111.63747,-7.96573],[111.6378,-7.96589],[111.638,-7.96592],[111.63892,-7.96563],[111.63939,-7.96535]]}},{"type":"Feature","properties":{"REMARK":"Jalan Lain","_cls":"Jalan Lain"},"geometry":{"type":"LineString","coordinates":[[111.53607,-7.99557],[111.53608,-7.99452]]}},{"type":"Feature","properties":{"REMARK":"Jalan Lain","_cls":"Jalan Lain"},"geometry":{"type":"LineString","coordinates":[[111.5644,-7.94597],[111.56433,-7.94573],[111.56424,-7.94555],[111.56327,-7.94542],[111.56294,-7.94527],[111.56311,-7.94493],[111.56305,-7.94458],[111.56305,-7.9444]]}},{"type":"Feature","properties":{"REMARK":"Jalan Lain","_cls":"Jalan Lain"},"geometry":{"type":"LineString","coordinates":[[111.56638,-7.96726],[111.56622,-7.96826]]}},{"type":"Feature","properties":{"REMARK":"Jalan Lain","_cls":"Jalan Lain"},"geometry":{"type":"LineString","coordinates":[[111.58294,-7.99322],[111.58254,-7.99307],[111.5823,-7.99307],[111.58174,-7.99321],[111.58141,-7.99321],[111.58117,-7.99312],[111.58112,-7.99305],[111.58075,-7.99173]]}},{"type":"Feature","properties":{"REMARK":"Jalan Lain","_cls":"Jalan Lain"},"geometry":{"type":"LineString","coordinates":[[111.61124,-7.98702],[111.61107,-7.98815],[111.61099,-7.98844],[111.61093,-7.98844]]}},{"type":"Feature","properties":{"REMARK":"Jalan Setapak","_cls":"Jalan Setapak"},"geometry":{"type":"LineString","coordinates":[[111.55641,-8.03948],[111.55661,-8.03938],[111.55708,-8.03927],[111.55736,-8.03925],[111.55826,-8.03938],[111.55867,-8.0393],[111.55965,-8.03932],[111.55988,-8.03935],[111.56011,-8.03948],[111.56036,-8.03993],[111.56062,-8.04014],[111.56088,-8.04026],[111.5621,-8.0403],[111.56299,-8.04053]]}},{"type":"Feature","properties":{"REMARK":"Jalan Lain","_cls":"Jalan Lain"},"geometry":{"type":"LineString","coordinates":[[111.57948,-7.99282],[111.57909,-7.99306],[111.57838,-7.99357],[111.57779,-7.99381]]}},{"type":"Feature","properties":{"REMARK":"Jalan Lain","_cls":"Jalan Lain"},"geometry":{"type":"LineString","coordinates":[[111.56291,-7.94602],[111.56294,-7.94599],[111.56351,-7.94606],[111.56403,-7.94604],[111.5644,-7.94597]]}},{"type":"Feature","properties":{"REMARK":"Jalan Lain","_cls":"Jalan Lain"},"geometry":{"type":"LineString","coordinates":[[111.60298,-7.99271],[111.60298,-7.99292],[111.60267,-7.99352],[111.60261,-7.99435],[111.60254,-7.9947],[111.60242,-7.99498],[111.60186,-7.99566],[111.60164,-7.99704],[111.60141,-7.99785],[111.60071,-7.99972],[111.60013,-8.00084],[111.59996,-8.00127],[111.59969,-8.00243],[111.59956,-8.00279],[111.59966,-8.00331],[111.59967,-8.00358],[111.59957,-8.00396],[111.59919,-8.0047],[111.599,-8.00527],[111.59889,-8.00628],[111.59852,-8.00674],[111.59842,-8.00705],[111.59843,-8.00762],[111.5982,-8.00817],[111.59794,-8.00863],[111.59759,-8.00898]]}},{"type":"Feature","properties":{"REMARK":"Jalan Lain","_cls":"Jalan Lain"},"geometry":{"type":"LineString","coordinates":[[111.56629,-7.97295],[111.5677,-7.97337],[111.56814,-7.97342]]}},{"type":"Feature","properties":{"REMARK":"Jalan Lokal","_cls":"Jalan Lokal"},"geometry":{"type":"LineString","coordinates":[[111.60264,-7.98914],[111.60247,-7.98916],[111.60232,-7.98924],[111.60223,-7.98938],[111.60213,-7.98989],[111.60202,-7.98997],[111.60181,-7.99005],[111.60155,-7.99007],[111.6013,-7.99002],[111.60133,-7.98992],[111.60154,-7.98961],[111.60148,-7.98955],[111.60084,-7.98939],[111.59999,-7.98975],[111.59923,-7.99052],[111.59897,-7.99073],[111.59879,-7.99079],[111.59848,-7.99079],[111.59811,-7.99088],[111.5978,-7.99106],[111.59749,-7.99129],[111.59679,-7.9919],[111.59655,-7.99203],[111.59626,-7.99203],[111.59511,-7.99183],[111.59463,-7.99165],[111.59399,-7.99155]]}},{"type":"Feature","properties":{"REMARK":"Jalan Lain","_cls":"Jalan Lain"},"geometry":{"type":"LineString","coordinates":[[111.56622,-7.96826],[111.5661,-7.9689]]}},{"type":"Feature","properties":{"REMARK":"Jalan Lain","_cls":"Jalan Lain"},"geometry":{"type":"LineString","coordinates":[[111.61229,-7.98959],[111.61173,-7.99015],[111.61138,-7.99066],[111.61127,-7.99091],[111.61098,-7.99216],[111.61077,-7.99354],[111.61076,-7.99441],[111.61063,-7.99488]]}},{"type":"Feature","properties":{"REMARK":"Jalan Lain","_cls":"Jalan Lain"},"geometry":{"type":"LineString","coordinates":[[111.53935,-7.97781],[111.54141,-7.97786],[111.54311,-7.97794]]}},{"type":"Feature","properties":{"REMARK":"Jalan Setapak","_cls":"Jalan Setapak"},"geometry":{"type":"LineString","coordinates":[[111.5608,-8.02115],[111.56088,-8.02119],[111.56092,-8.02133],[111.56084,-8.02171],[111.5609,-8.02188],[111.56147,-8.02305]]}},{"type":"Feature","properties":{"REMARK":"Jalan Lain","_cls":"Jalan Lain"},"geometry":{"type":"LineString","coordinates":[[111.54048,-7.9482],[111.54104,-7.94813],[111.54243,-7.94816]]}},{"type":"Feature","properties":{"REMARK":"Jalan Lain","_cls":"Jalan Lain"},"geometry":{"type":"LineString","coordinates":[[111.63351,-7.97369],[111.63198,-7.97302],[111.6316,-7.97294],[111.63126,-7.97298],[111.63043,-7.97297],[111.63034,-7.97293]]}},{"type":"Feature","properties":{"REMARK":"Jalan Setapak","_cls":"Jalan Setapak"},"geometry":{"type":"LineString","coordinates":[[111.53261,-7.98964],[111.53232,-7.98685]]}},{"type":"Feature","properties":{"REMARK":"Jalan Setapak","_cls":"Jalan Setapak"},"geometry":{"type":"LineString","coordinates":[[111.6151,-7.96485],[111.61428,-7.96466],[111.61315,-7.96417],[111.61281,-7.96398]]}},{"type":"Feature","properties":{"REMARK":"Jalan Lain","_cls":"Jalan Lain"},"geometry":{"type":"LineString","coordinates":[[111.58799,-8.00076],[111.58804,-8.00035],[111.58789,-7.99958],[111.58783,-7.99888],[111.58772,-7.99864],[111.58752,-7.99836],[111.5873,-7.99828],[111.58721,-7.99819],[111.58728,-7.99762],[111.58729,-7.99658],[111.58723,-7.99652],[111.58709,-7.99649],[111.58673,-7.99644]]}},{"type":"Feature","properties":{"REMARK":"Jalan Setapak","_cls":"Jalan Setapak"},"geometry":{"type":"LineString","coordinates":[[111.55584,-8.04376],[111.5558,-8.04402],[111.55552,-8.04458],[111.5554,-8.04502],[111.5555,-8.04571],[111.5556,-8.04599],[111.55582,-8.0462],[111.55601,-8.04623],[111.55628,-8.04622],[111.55646,-8.04628],[111.5567,-8.04648],[111.55678,-8.04662],[111.55683,-8.04674],[111.55684,-8.04694],[111.55671,-8.04757],[111.55669,-8.048],[111.55672,-8.0482],[111.55698,-8.04885],[111.55737,-8.0493]]}},{"type":"Feature","properties":{"REMARK":"Jalan Lain","_cls":"Jalan Lain"},"geometry":{"type":"LineString","coordinates":[[111.53674,-7.98008],[111.5366,-7.97767]]}},{"type":"Feature","properties":{"REMARK":"Jalan Lain","_cls":"Jalan Lain"},"geometry":{"type":"LineString","coordinates":[[111.53918,-7.93796],[111.53725,-7.93836]]}},{"type":"Feature","properties":{"REMARK":"Jalan Lain","_cls":"Jalan Lain"},"geometry":{"type":"LineString","coordinates":[[111.61229,-7.98959],[111.61171,-7.98906],[111.61111,-7.98876],[111.61093,-7.98844]]}},{"type":"Feature","properties":{"REMARK":"Jalan Lain","_cls":"Jalan Lain"},"geometry":{"type":"LineString","coordinates":[[111.57197,-7.98182],[111.57234,-7.98169],[111.57262,-7.98172],[111.57359,-7.98196],[111.5739,-7.98195]]}},{"type":"Feature","properties":{"REMARK":"Jalan Lain","_cls":"Jalan Lain"},"geometry":{"type":"LineString","coordinates":[[111.63835,-7.98299],[111.63817,-7.98287],[111.63796,-7.98263],[111.63723,-7.98087],[111.63693,-7.98068],[111.63661,-7.98032],[111.63632,-7.98012],[111.63603,-7.98001],[111.63532,-7.97989],[111.6352,-7.97993],[111.63487,-7.98023],[111.6347,-7.98035],[111.63448,-7.98032],[111.63476,-7.97872],[111.63492,-7.97848],[111.6354,-7.97827],[111.63624,-7.978],[111.63783,-7.97728],[111.6381,-7.97702],[111.63867,-7.97623],[111.63899,-7.97591]]}},{"type":"Feature","properties":{"REMARK":"Jalan Lokal","_cls":"Jalan Lokal"},"geometry":{"type":"LineString","coordinates":[[111.57768,-7.97925],[111.57746,-7.9791]]}},{"type":"Feature","properties":{"REMARK":"Jalan Lain","_cls":"Jalan Lain"},"geometry":{"type":"LineString","coordinates":[[111.54854,-8.01811],[111.5493,-8.01802],[111.55035,-8.01807],[111.55063,-8.01795],[111.55042,-8.01679],[111.55058,-8.01655],[111.55071,-8.01642],[111.5509,-8.01609],[111.55185,-8.01486],[111.55208,-8.01445],[111.55235,-8.0136],[111.55244,-8.01344],[111.5523,-8.01305],[111.55233,-8.01292],[111.55241,-8.01283],[111.55286,-8.01263],[111.55285,-8.01255],[111.55258,-8.01216],[111.55245,-8.01183],[111.55247,-8.01154],[111.55281,-8.01099],[111.55292,-8.01063],[111.55292,-8.01036],[111.55286,-8.01009],[111.55279,-8.00997],[111.55276,-8.00975],[111.55277,-8.00916],[111.55283,-8.0089],[111.55283,-8.00851],[111.55274,-8.0083],[111.5523,-8.00793],[111.55231,-8.00784],[111.55297,-8.00698],[111.55315,-8.00682],[111.55371,-8.00675],[111.55413,-8.00655],[111.55436,-8.00649],[111.55457,-8.00635],[111.55487,-8.0061],[111.55555,-8.00541],[111.55567,-8.00475],[111.55569,-8.00402]]}},{"type":"Feature","properties":{"REMARK":"Jalan Lain","_cls":"Jalan Lain"},"geometry":{"type":"LineString","coordinates":[[111.53607,-7.99577],[111.53607,-7.99557]]}},{"type":"Feature","properties":{"REMARK":"Jalan Lain","_cls":"Jalan Lain"},"geometry":{"type":"LineString","coordinates":[[111.60573,-7.9887],[111.60582,-7.98907],[111.6059,-7.98978],[111.60615,-7.99101],[111.60668,-7.99171],[111.60693,-7.9922],[111.60705,-7.99237]]}},{"type":"Feature","properties":{"REMARK":"Jalan Lain","_cls":"Jalan Lain"},"geometry":{"type":"LineString","coordinates":[[111.53323,-7.97313],[111.53323,-7.97403]]}},{"type":"Feature","properties":{"REMARK":"Jalan Lain","_cls":"Jalan Lain"},"geometry":{"type":"LineString","coordinates":[[111.57435,-7.97057],[111.57446,-7.97073],[111.57463,-7.97081],[111.57515,-7.97091],[111.57625,-7.971],[111.57646,-7.97107],[111.57667,-7.97166],[111.57688,-7.97178],[111.57721,-7.97188],[111.57761,-7.97194],[111.57798,-7.97192],[111.57867,-7.97199],[111.57904,-7.97222],[111.57928,-7.97228]]}},{"type":"Feature","properties":{"REMARK":"Jalan Lain","_cls":"Jalan Lain"},"geometry":{"type":"LineString","coordinates":[[111.54439,-7.98422],[111.54293,-7.98417]]}},{"type":"Feature","properties":{"REMARK":"Jalan Lain","_cls":"Jalan Lain"},"geometry":{"type":"LineString","coordinates":[[111.53918,-7.93796],[111.53943,-7.93939]]}},{"type":"Feature","properties":{"REMARK":"Jalan Lain","_cls":"Jalan Lain"},"geometry":{"type":"LineString","coordinates":[[111.52944,-7.9674],[111.52986,-7.96749],[111.5309,-7.96761],[111.53274,-7.96767]]}},{"type":"Feature","properties":{"REMARK":"Jalan Lain","_cls":"Jalan Lain"},"geometry":{"type":"LineString","coordinates":[[111.53607,-7.99577],[111.53532,-7.99566],[111.53521,-7.99546],[111.53499,-7.99542],[111.53424,-7.99542],[111.53392,-7.99538],[111.53313,-7.99512]]}},{"type":"Feature","properties":{"REMARK":"Jalan Setapak","_cls":"Jalan Setapak"},"geometry":{"type":"LineString","coordinates":[[111.59759,-8.00898],[111.59781,-8.00906],[111.598,-8.00953],[111.59807,-8.01002],[111.59816,-8.01014],[111.59838,-8.01024],[111.59849,-8.01034],[111.59836,-8.01151],[111.59826,-8.01204],[111.59812,-8.01236],[111.59805,-8.01268],[111.59804,-8.01353],[111.5981,-8.01393],[111.59854,-8.01447],[111.59881,-8.01473],[111.59932,-8.01587],[111.59939,-8.01593],[111.5995,-8.01594],[111.59972,-8.01591],[111.60002,-8.0158],[111.60073,-8.01595],[111.60098,-8.01595],[111.60131,-8.01584],[111.60183,-8.01555],[111.60207,-8.0155],[111.60267,-8.01555],[111.60298,-8.01567]]}},{"type":"Feature","properties":{"REMARK":"Jalan Lain","_cls":"Jalan Lain"},"geometry":{"type":"LineString","coordinates":[[111.64347,-7.99172],[111.64354,-7.9921],[111.64351,-7.99309],[111.64354,-7.99339],[111.64386,-7.99379],[111.64438,-7.99432]]}},{"type":"Feature","properties":{"REMARK":"Jalan Nasional","_cls":"Jalan Nasional"},"geometry":{"type":"LineString","coordinates":[[111.57759,-8.03593],[111.57731,-8.03592],[111.57718,-8.03605],[111.57706,-8.03613],[111.57699,-8.03614],[111.57682,-8.03593],[111.57666,-8.03549],[111.57586,-8.03462],[111.57548,-8.03366],[111.57513,-8.03332],[111.57506,-8.03307],[111.57507,-8.03293],[111.57517,-8.03282],[111.57545,-8.03268],[111.57564,-8.03249],[111.57576,-8.03228],[111.57575,-8.03217],[111.57569,-8.03207],[111.57526,-8.03202],[111.57449,-8.03217],[111.57439,-8.03213],[111.57437,-8.03201],[111.57455,-8.03161],[111.57463,-8.03157],[111.57518,-8.03166],[111.57531,-8.03158],[111.57537,-8.03142],[111.5754,-8.0312],[111.5753,-8.03091],[111.57503,-8.03053],[111.575,-8.0304],[111.57504,-8.03024],[111.57588,-8.02933],[111.57618,-8.02874],[111.57658,-8.02782],[111.57701,-8.02731],[111.57707,-8.02712],[111.57705,-8.02651],[111.57697,-8.02546],[111.57671,-8.02524],[111.57653,-8.02493],[111.57652,-8.02486],[111.57676,-8.02461],[111.57707,-8.02421],[111.57714,-8.02406],[111.57715,-8.02385],[111.57708,-8.02337],[111.57709,-8.02297],[111.57714,-8.02278],[111.57722,-8.02265],[111.5774,-8.02244],[111.57884,-8.02205],[111.57896,-8.02197],[111.57914,-8.02157],[111.57916,-8.0212],[111.57911,-8.02102],[111.57826,-8.02019],[111.57786,-8.01922],[111.57783,-8.01898],[111.57784,-8.01888],[111.57809,-8.01839],[111.57838,-8.01701],[111.57826,-8.01674],[111.57787,-8.01642],[111.57787,-8.01625],[111.57807,-8.01571],[111.57777,-8.01557],[111.57769,-8.01561],[111.57727,-8.01601],[111.57698,-8.01617],[111.57678,-8.01619],[111.57575,-8.01611],[111.57452,-8.01615],[111.57439,-8.01605],[111.57419,-8.01576],[111.57393,-8.01517],[111.57389,-8.01496],[111.57392,-8.01442],[111.57389,-8.01429],[111.57327,-8.01405],[111.57301,-8.01409],[111.57157,-8.01468],[111.57131,-8.01458],[111.57118,-8.01449],[111.57057,-8.01384],[111.56952,-8.01338],[111.56906,-8.0133],[111.56881,-8.01331],[111.56754,-8.01358],[111.56689,-8.01343],[111.56665,-8.01349],[111.56651,-8.01364],[111.56589,-8.01469],[111.56578,-8.01481],[111.56538,-8.01495],[111.56527,-8.01491],[111.56507,-8.01477],[111.56492,-8.0146],[111.56465,-8.01407],[111.56474,-8.01329],[111.56464,-8.01293],[111.56445,-8.01257],[111.56379,-8.01191],[111.56337,-8.01135],[111.56316,-8.01084],[111.56306,-8.01049]]}},{"type":"Feature","properties":{"REMARK":"Jalan Setapak","_cls":"Jalan Setapak"},"geometry":{"type":"LineString","coordinates":[[111.62525,-7.98257],[111.62518,-7.98285],[111.62519,-7.98307],[111.62551,-7.98345],[111.62566,-7.98418],[111.62581,-7.98441],[111.62584,-7.98465],[111.62579,-7.98486],[111.62571,-7.98496],[111.62547,-7.98513],[111.62509,-7.98532],[111.62478,-7.98537],[111.62416,-7.98527]]}},{"type":"Feature","properties":{"REMARK":"Jalan Lain","_cls":"Jalan Lain"},"geometry":{"type":"LineString","coordinates":[[111.53378,-7.93909],[111.53535,-7.93881],[111.53725,-7.93836]]}},{"type":"Feature","properties":{"REMARK":"Jalan Lain","_cls":"Jalan Lain"},"geometry":{"type":"LineString","coordinates":[[111.53633,-7.98907],[111.53625,-7.99122]]}},{"type":"Feature","properties":{"REMARK":"Jalan Lain","_cls":"Jalan Lain"},"geometry":{"type":"LineString","coordinates":[[111.55,-7.95373],[111.54993,-7.95314]]}},{"type":"Feature","properties":{"REMARK":"Jalan Setapak","_cls":"Jalan Setapak"},"geometry":{"type":"LineString","coordinates":[[111.60469,-7.95353],[111.60521,-7.95369],[111.60687,-7.95445],[111.6075,-7.95454],[111.60827,-7.95435],[111.60879,-7.9546],[111.60907,-7.95487],[111.60969,-7.95528],[111.61015,-7.95569]]}},{"type":"Feature","properties":{"REMARK":"Jalan Lain","_cls":"Jalan Lain"},"geometry":{"type":"LineString","coordinates":[[111.5596,-7.94847],[111.55897,-7.94905],[111.55728,-7.95068],[111.55663,-7.95213],[111.55639,-7.95245],[111.55583,-7.95233],[111.55574,-7.95221]]}},{"type":"Feature","properties":{"REMARK":"Jalan Lain","_cls":"Jalan Lain"},"geometry":{"type":"LineString","coordinates":[[111.57559,-7.98362],[111.57417,-7.98338],[111.57397,-7.98338],[111.57365,-7.98351],[111.57345,-7.9835],[111.57341,-7.98342]]}},{"type":"Feature","properties":{"REMARK":"Jalan Setapak","_cls":"Jalan Setapak"},"geometry":{"type":"LineString","coordinates":[[111.55197,-7.95376],[111.55199,-7.95335],[111.55143,-7.95328],[111.55054,-7.95309],[111.5504,-7.95308],[111.54993,-7.95314]]}},{"type":"Feature","properties":{"REMARK":"Jalan Lain","_cls":"Jalan Lain"},"geometry":{"type":"LineString","coordinates":[[111.53964,-7.94039],[111.53962,-7.94026]]}},{"type":"Feature","properties":{"REMARK":"Jalan Lain","_cls":"Jalan Lain"},"geometry":{"type":"LineString","coordinates":[[111.54309,-7.99141],[111.54302,-7.98837],[111.54297,-7.98821]]}},{"type":"Feature","properties":{"REMARK":"Jalan Setapak","_cls":"Jalan Setapak"},"geometry":{"type":"LineString","coordinates":[[111.55774,-8.04984],[111.55737,-8.0493]]}},{"type":"Feature","properties":{"REMARK":"Jalan Lain","_cls":"Jalan Lain"},"geometry":{"type":"LineString","coordinates":[[111.56346,-7.96749],[111.5634,-7.96764],[111.56305,-7.96928],[111.56283,-7.97007],[111.56274,-7.9703]]}},{"type":"Feature","properties":{"REMARK":"Jalan Lain","_cls":"Jalan Lain"},"geometry":{"type":"LineString","coordinates":[[111.53378,-7.93909],[111.53321,-7.93913]]}},{"type":"Feature","properties":{"REMARK":"Jalan Setapak","_cls":"Jalan Setapak"},"geometry":{"type":"LineString","coordinates":[[111.54652,-7.93695],[111.54663,-7.9373],[111.54671,-7.93846],[111.54697,-7.93891],[111.54685,-7.94018],[111.54756,-7.94029],[111.54768,-7.94229],[111.54764,-7.94305],[111.5477,-7.94319],[111.54784,-7.94325],[111.54824,-7.94322],[111.54828,-7.94327]]}},{"type":"Feature","properties":{"REMARK":"Jalan Lain","_cls":"Jalan Lain"},"geometry":{"type":"LineString","coordinates":[[111.63819,-7.98428],[111.63802,-7.98443],[111.63791,-7.98448],[111.63719,-7.98434],[111.63537,-7.98431],[111.63427,-7.98449],[111.63385,-7.98475],[111.63351,-7.98512],[111.6327,-7.98541],[111.63187,-7.9856]]}},{"type":"Feature","properties":{"REMARK":"Jalan Lain","_cls":"Jalan Lain"},"geometry":{"type":"LineString","coordinates":[[111.65535,-7.96922],[111.65572,-7.9685],[111.65612,-7.96791],[111.65694,-7.96747],[111.65717,-7.96714]]}},{"type":"Feature","properties":{"REMARK":"Jalan Lain","_cls":"Jalan Lain"},"geometry":{"type":"LineString","coordinates":[[111.53608,-7.95105],[111.53606,-7.95094]]}},{"type":"Feature","properties":{"REMARK":"Jalan Setapak","_cls":"Jalan Setapak"},"geometry":{"type":"LineString","coordinates":[[111.61949,-7.94487],[111.61828,-7.94489],[111.61756,-7.94493]]}},{"type":"Feature","properties":{"REMARK":"Jalan Lokal","_cls":"Jalan Lokal"},"geometry":{"type":"LineString","coordinates":[[111.6392,-7.9766],[111.63983,-7.97822],[111.63987,-7.97889],[111.63982,-7.9792],[111.63975,-7.97936],[111.63939,-7.97999],[111.63909,-7.9808],[111.63877,-7.9813],[111.63881,-7.9816],[111.6391,-7.98209],[111.63918,-7.98238],[111.63911,-7.98246],[111.63844,-7.98279],[111.63835,-7.98299]]}},{"type":"Feature","properties":{"REMARK":"Jalan Lokal","_cls":"Jalan Lokal"},"geometry":{"type":"LineString","coordinates":[[111.65306,-7.99343],[111.65302,-7.9933],[111.65257,-7.9933],[111.65192,-7.99353],[111.65138,-7.99353],[111.65081,-7.99383],[111.6505,-7.99387],[111.64964,-7.99377],[111.64882,-7.99392],[111.64849,-7.9941],[111.64822,-7.99414],[111.64747,-7.99408]]}},{"type":"Feature","properties":{"REMARK":"Jalan Setapak","_cls":"Jalan Setapak"},"geometry":{"type":"LineString","coordinates":[[111.56388,-8.02986],[111.56293,-8.02925],[111.56292,-8.02915],[111.56302,-8.02906],[111.56345,-8.02888],[111.56369,-8.02872],[111.56404,-8.02861],[111.56422,-8.02839],[111.56422,-8.02813],[111.56382,-8.02704],[111.56368,-8.02654],[111.56356,-8.02624],[111.56371,-8.02604],[111.56357,-8.02557],[111.5637,-8.02539],[111.56444,-8.02498]]}},{"type":"Feature","properties":{"REMARK":"Jalan Lain","_cls":"Jalan Lain"},"geometry":{"type":"LineString","coordinates":[[111.53019,-7.97414],[111.52945,-7.97419]]}},{"type":"Feature","properties":{"REMARK":"Jalan Lain","_cls":"Jalan Lain"},"geometry":{"type":"LineString","coordinates":[[111.55303,-7.93236],[111.55402,-7.93255],[111.55429,-7.93255],[111.55474,-7.93249],[111.55619,-7.93203],[111.55688,-7.93187]]}},{"type":"Feature","properties":{"REMARK":"Jalan Lain","_cls":"Jalan Lain"},"geometry":{"type":"LineString","coordinates":[[111.63948,-7.97392],[111.63999,-7.97321],[111.64024,-7.97272],[111.64067,-7.97205],[111.64095,-7.9713],[111.64136,-7.971]]}},{"type":"Feature","properties":{"REMARK":"Jalan Setapak","_cls":"Jalan Setapak"},"geometry":{"type":"LineString","coordinates":[[111.58449,-7.98489],[111.58523,-7.98467],[111.58548,-7.98425],[111.58566,-7.98423],[111.58619,-7.98426],[111.58687,-7.9844]]}},{"type":"Feature","properties":{"REMARK":"Jalan Setapak","_cls":"Jalan Setapak"},"geometry":{"type":"LineString","coordinates":[[111.53616,-7.95458],[111.5353,-7.95461],[111.53425,-7.95473]]}},{"type":"Feature","properties":{"REMARK":"Jalan Lain","_cls":"Jalan Lain"},"geometry":{"type":"LineString","coordinates":[[111.57944,-7.99713],[111.58016,-7.99726],[111.58071,-7.9973],[111.58104,-7.99744],[111.58123,-7.99763],[111.58144,-7.99778],[111.58218,-7.99802],[111.58312,-7.99813],[111.58348,-7.99803],[111.5839,-7.99809],[111.5845,-7.99811],[111.58461,-7.99807],[111.58479,-7.99705],[111.58474,-7.99627],[111.58466,-7.9957]]}},{"type":"Feature","properties":{"REMARK":"Jalan Lain","_cls":"Jalan Lain"},"geometry":{"type":"LineString","coordinates":[[111.55949,-7.97122],[111.55992,-7.97126],[111.56055,-7.97141]]}},{"type":"Feature","properties":{"REMARK":"Jalan Lokal","_cls":"Jalan Lokal"},"geometry":{"type":"LineString","coordinates":[[111.63822,-7.98395],[111.63819,-7.98428]]}},{"type":"Feature","properties":{"REMARK":"Jalan Lain","_cls":"Jalan Lain"},"geometry":{"type":"LineString","coordinates":[[111.62118,-7.98558],[111.62067,-7.98515],[111.62016,-7.98482],[111.61991,-7.98472],[111.61971,-7.98468],[111.61885,-7.98485],[111.61853,-7.98481],[111.618,-7.98465]]}},{"type":"Feature","properties":{"REMARK":"Jalan Setapak","_cls":"Jalan Setapak"},"geometry":{"type":"LineString","coordinates":[[111.53202,-7.98256],[111.53208,-7.98372]]}},{"type":"Feature","properties":{"REMARK":"Jalan Lain","_cls":"Jalan Lain"},"geometry":{"type":"LineString","coordinates":[[111.58673,-7.99644],[111.58656,-7.99686],[111.58648,-7.99726],[111.58633,-7.99774]]}},{"type":"Feature","properties":{"REMARK":"Jalan Setapak","_cls":"Jalan Setapak"},"geometry":{"type":"LineString","coordinates":[[111.55607,-7.94397],[111.55619,-7.94549],[111.55617,-7.94616]]}},{"type":"Feature","properties":{"REMARK":"Jalan Lain","_cls":"Jalan Lain"},"geometry":{"type":"LineString","coordinates":[[111.56562,-7.9727],[111.56598,-7.97163]]}},{"type":"Feature","properties":{"REMARK":"Jalan Lain","_cls":"Jalan Lain"},"geometry":{"type":"LineString","coordinates":[[111.54292,-7.98442],[111.54292,-7.98453]]}},{"type":"Feature","properties":{"REMARK":"Jalan Lain","_cls":"Jalan Lain"},"geometry":{"type":"LineString","coordinates":[[111.53283,-7.97983],[111.53404,-7.97997],[111.53406,-7.9805],[111.53402,-7.98118]]}},{"type":"Feature","properties":{"REMARK":"Jalan Lain","_cls":"Jalan Lain"},"geometry":{"type":"LineString","coordinates":[[111.62882,-7.99218],[111.62925,-7.99195],[111.63111,-7.99151]]}},{"type":"Feature","properties":{"REMARK":"Jalan Lain","_cls":"Jalan Lain"},"geometry":{"type":"LineString","coordinates":[[111.65201,-7.9665],[111.65224,-7.96628],[111.6525,-7.96593],[111.65269,-7.96585],[111.65417,-7.96572],[111.6545,-7.96576],[111.65523,-7.96601],[111.65629,-7.96644],[111.65645,-7.96657],[111.65668,-7.96684],[111.65691,-7.96702],[111.65717,-7.96714]]}},{"type":"Feature","properties":{"REMARK":"Jalan Setapak","_cls":"Jalan Setapak"},"geometry":{"type":"LineString","coordinates":[[111.55967,-8.0103],[111.55989,-8.01021],[111.56051,-8.01006],[111.56094,-8.01005],[111.5614,-8.0101],[111.56205,-8.01031],[111.56271,-8.01044]]}},{"type":"Feature","properties":{"REMARK":"Jalan Lain","_cls":"Jalan Lain"},"geometry":{"type":"LineString","coordinates":[[111.55569,-8.00402],[111.55569,-8.00376],[111.55582,-8.00288]]}},{"type":"Feature","properties":{"REMARK":"Jalan Lain","_cls":"Jalan Lain"},"geometry":{"type":"LineString","coordinates":[[111.5451,-7.98316],[111.54452,-7.98309]]}},{"type":"Feature","properties":{"REMARK":"Jalan Lain","_cls":"Jalan Lain"},"geometry":{"type":"LineString","coordinates":[[111.60549,-8.00698],[111.60537,-8.00628],[111.60539,-8.00605],[111.60547,-8.00576]]}},{"type":"Feature","properties":{"REMARK":"Jalan Lain","_cls":"Jalan Lain"},"geometry":{"type":"LineString","coordinates":[[111.61015,-7.95569],[111.61129,-7.95531]]}},{"type":"Feature","properties":{"REMARK":"Jalan Setapak","_cls":"Jalan Setapak"},"geometry":{"type":"LineString","coordinates":[[111.64136,-7.971],[111.64219,-7.97118],[111.64283,-7.97116],[111.64333,-7.97122],[111.64356,-7.97133],[111.64393,-7.97139],[111.64405,-7.97119],[111.64422,-7.9707]]}},{"type":"Feature","properties":{"REMARK":"Jalan Lain","_cls":"Jalan Lain"},"geometry":{"type":"LineString","coordinates":[[111.53633,-7.98907],[111.53647,-7.98688]]}},{"type":"Feature","properties":{"REMARK":"Jalan Lain","_cls":"Jalan Lain"},"geometry":{"type":"LineString","coordinates":[[111.55612,-7.92824],[111.55652,-7.92828],[111.55661,-7.92832],[111.55674,-7.92963],[111.55673,-7.9305],[111.55676,-7.93093],[111.55688,-7.93187]]}},{"type":"Feature","properties":{"REMARK":"Jalan Setapak","_cls":"Jalan Setapak"},"geometry":{"type":"LineString","coordinates":[[111.61129,-7.95531],[111.61122,-7.95524],[111.6111,-7.955],[111.6106,-7.95437],[111.61011,-7.95389],[111.60966,-7.95325],[111.60919,-7.95337],[111.60894,-7.95337],[111.60897,-7.95267],[111.60891,-7.95206],[111.60883,-7.95181],[111.60851,-7.95134],[111.60846,-7.95113]]}},{"type":"Feature","properties":{"REMARK":"Jalan Lain","_cls":"Jalan Lain"},"geometry":{"type":"LineString","coordinates":[[111.63783,-7.98923],[111.63727,-7.98935],[111.63714,-7.98931],[111.63697,-7.98907],[111.63697,-7.98882],[111.6372,-7.98807],[111.63737,-7.98786],[111.63755,-7.98754],[111.63777,-7.98676],[111.63816,-7.98619]]}},{"type":"Feature","properties":{"REMARK":"Jalan Lain","_cls":"Jalan Lain"},"geometry":{"type":"LineString","coordinates":[[111.6027,-7.98389],[111.60306,-7.98386],[111.60314,-7.98389],[111.60317,-7.98429],[111.60326,-7.98444],[111.60373,-7.98481],[111.60462,-7.98532],[111.60502,-7.98567],[111.60481,-7.98646],[111.60481,-7.98697],[111.6049,-7.98735],[111.60531,-7.98799],[111.60533,-7.98875]]}},{"type":"Feature","properties":{"REMARK":"Jalan Setapak","_cls":"Jalan Setapak"},"geometry":{"type":"LineString","coordinates":[[111.55399,-7.94357],[111.55461,-7.9437],[111.55556,-7.94405],[111.55607,-7.94397]]}},{"type":"Feature","properties":{"REMARK":"Jalan Lain","_cls":"Jalan Lain"},"geometry":{"type":"LineString","coordinates":[[111.55949,-7.97122],[111.55948,-7.97102],[111.5596,-7.96918]]}},{"type":"Feature","properties":{"REMARK":"Jalan Setapak","_cls":"Jalan Setapak"},"geometry":{"type":"LineString","coordinates":[[111.62416,-7.98527],[111.62357,-7.98517],[111.62325,-7.98521],[111.62264,-7.98512],[111.6221,-7.98543],[111.62118,-7.98558]]}},{"type":"Feature","properties":{"REMARK":"Jalan Setapak","_cls":"Jalan Setapak"},"geometry":{"type":"LineString","coordinates":[[111.65002,-7.99085],[111.64982,-7.99107],[111.64974,-7.99127],[111.64968,-7.99131],[111.64962,-7.99131],[111.64904,-7.99103],[111.64878,-7.99097],[111.64857,-7.99098],[111.64839,-7.99108],[111.64808,-7.99139],[111.64797,-7.99143],[111.64786,-7.99139],[111.64776,-7.99128],[111.64767,-7.99105],[111.64765,-7.99092],[111.64753,-7.99075],[111.64722,-7.99056],[111.64678,-7.99035],[111.64666,-7.99021],[111.64663,-7.98989],[111.64678,-7.98937],[111.64678,-7.98929],[111.64664,-7.98918],[111.64589,-7.98899],[111.645,-7.98888],[111.64485,-7.98884],[111.64474,-7.98866],[111.64456,-7.98856],[111.64314,-7.98819],[111.64282,-7.98824],[111.64229,-7.98843],[111.64186,-7.98875],[111.64118,-7.98879],[111.64098,-7.98894],[111.64041,-7.98918],[111.64007,-7.98927],[111.63978,-7.98927],[111.63961,-7.98923],[111.63937,-7.98904],[111.63917,-7.98881],[111.63883,-7.98824],[111.63868,-7.9881],[111.63848,-7.98805]]}},{"type":"Feature","properties":{"REMARK":"Jalan Lain","_cls":"Jalan Lain"},"geometry":{"type":"LineString","coordinates":[[111.60321,-7.98912],[111.60264,-7.98914]]}},{"type":"Feature","properties":{"REMARK":"Jalan Lain","_cls":"Jalan Lain"},"geometry":{"type":"LineString","coordinates":[[111.61093,-7.98844],[111.61085,-7.98838],[111.61065,-7.98788],[111.61042,-7.98761],[111.61022,-7.98748],[111.60966,-7.98741],[111.60845,-7.98769],[111.60823,-7.98779]]}},{"type":"Feature","properties":{"REMARK":"Jalan Setapak","_cls":"Jalan Setapak"},"geometry":{"type":"LineString","coordinates":[[111.55569,-8.00402],[111.55667,-8.00418],[111.55704,-8.00419]]}},{"type":"Feature","properties":{"REMARK":"Jalan Setapak","_cls":"Jalan Setapak"},"geometry":{"type":"LineString","coordinates":[[111.62144,-7.94852],[111.62139,-7.94897],[111.62119,-7.94956],[111.62121,-7.9499],[111.62128,-7.95025],[111.62113,-7.95122],[111.62113,-7.95163],[111.62148,-7.95187],[111.62153,-7.95199],[111.62152,-7.95213],[111.62136,-7.95233],[111.62111,-7.95253],[111.6209,-7.95279],[111.62083,-7.95296],[111.62082,-7.95318],[111.62109,-7.95474],[111.62106,-7.95504],[111.62111,-7.95526],[111.62095,-7.95563],[111.6213,-7.95602]]}},{"type":"Feature","properties":{"REMARK":"Jalan Setapak","_cls":"Jalan Setapak"},"geometry":{"type":"LineString","coordinates":[[111.56934,-8.00725],[111.56942,-8.00734],[111.56931,-8.00764],[111.56911,-8.00797],[111.56919,-8.0083],[111.56912,-8.00863],[111.56903,-8.00952],[111.56887,-8.00988],[111.56862,-8.01019],[111.56857,-8.01036]]}},{"type":"Feature","properties":{"REMARK":"Jalan Lokal","_cls":"Jalan Lokal"},"geometry":{"type":"LineString","coordinates":[[111.59376,-7.99151],[111.59369,-7.9915],[111.59358,-7.99137],[111.59344,-7.99095],[111.59334,-7.99083],[111.59304,-7.99067],[111.59276,-7.99059],[111.59221,-7.99055],[111.59168,-7.99055],[111.59103,-7.9908],[111.59049,-7.99089],[111.59011,-7.99088],[111.58975,-7.9908],[111.58894,-7.99035],[111.58793,-7.98968],[111.58779,-7.98955],[111.58748,-7.98894]]}},{"type":"Feature","properties":{"REMARK":"Jalan Lain","_cls":"Jalan Lain"},"geometry":{"type":"LineString","coordinates":[[111.53862,-7.97616],[111.53858,-7.97612],[111.5385,-7.97576],[111.53847,-7.97531]]}},{"type":"Feature","properties":{"REMARK":"Jalan Setapak","_cls":"Jalan Setapak"},"geometry":{"type":"LineString","coordinates":[[111.60623,-7.97355],[111.60624,-7.97412],[111.60636,-7.97423],[111.60794,-7.97453],[111.60803,-7.9745],[111.60842,-7.97406],[111.60916,-7.9731]]}},{"type":"Feature","properties":{"REMARK":"Jalan Lain","_cls":"Jalan Lain"},"geometry":{"type":"LineString","coordinates":[[111.62282,-7.95284],[111.62288,-7.95272],[111.62294,-7.95229],[111.62275,-7.95208],[111.62293,-7.95183],[111.62323,-7.95151],[111.62323,-7.95135],[111.62336,-7.95107],[111.6235,-7.95089],[111.6241,-7.95057],[111.62442,-7.95033],[111.62445,-7.95014],[111.62435,-7.95006],[111.62461,-7.94976],[111.62463,-7.94961],[111.62463,-7.94901],[111.62454,-7.94883],[111.62418,-7.94848]]}},{"type":"Feature","properties":{"REMARK":"Jalan Lain","_cls":"Jalan Lain"},"geometry":{"type":"LineString","coordinates":[[111.56328,-7.94912],[111.56322,-7.94959],[111.56328,-7.95013]]}},{"type":"Feature","properties":{"REMARK":"Jalan Setapak","_cls":"Jalan Setapak"},"geometry":{"type":"LineString","coordinates":[[111.62882,-7.99218],[111.62864,-7.99229],[111.62832,-7.99236],[111.62808,-7.99234],[111.62755,-7.9921],[111.62708,-7.99204],[111.62675,-7.99176],[111.62646,-7.99143],[111.62641,-7.99116],[111.62642,-7.99075]]}},{"type":"Feature","properties":{"REMARK":"Jalan Nasional","_cls":"Jalan Nasional"},"geometry":{"type":"LineString","coordinates":[[111.56274,-7.9703],[111.5582,-7.96868],[111.55424,-7.96732],[111.55261,-7.9668],[111.5515,-7.9665],[111.55064,-7.96631],[111.54987,-7.96626],[111.54953,-7.96618],[111.54592,-7.96568],[111.54284,-7.9653]]}},{"type":"Feature","properties":{"REMARK":"Jalan Lain","_cls":"Jalan Lain"},"geometry":{"type":"MultiLineString","coordinates":[[[111.6381,-7.95695],[111.63763,-7.95694],[111.63747,-7.95689],[111.63696,-7.95651],[111.63615,-7.95611],[111.63582,-7.95598],[111.63554,-7.95591],[111.63531,-7.9559],[111.63509,-7.95594],[111.63484,-7.95617],[111.63474,-7.95621],[111.6343,-7.95671],[111.63413,-7.95686],[111.63342,-7.95711]],[[111.63885,-7.95708],[111.63825,-7.95697]],[[111.63199,-7.95821],[111.63154,-7.95835],[111.63128,-7.95875],[111.63113,-7.95888],[111.6306,-7.95917],[111.63029,-7.95919],[111.62979,-7.95908],[111.62921,-7.95908],[111.62833,-7.95931],[111.62699,-7.95941],[111.62692,-7.95949],[111.62671,-7.95996],[111.62623,-7.96023],[111.62604,-7.96083],[111.62591,-7.961],[111.62548,-7.9613],[111.62511,-7.96203],[111.62499,-7.96242],[111.62492,-7.96297],[111.6247,-7.96318]]]}},{"type":"Feature","properties":{"REMARK":"Jalan Lain","_cls":"Jalan Lain"},"geometry":{"type":"LineString","coordinates":[[111.52944,-7.9674],[111.52944,-7.96764]]}},{"type":"Feature","properties":{"REMARK":"Jalan Lain","_cls":"Jalan Lain"},"geometry":{"type":"LineString","coordinates":[[111.53916,-7.98429],[111.53902,-7.98599]]}},{"type":"Feature","properties":{"REMARK":"Jalan Setapak","_cls":"Jalan Setapak"},"geometry":{"type":"LineString","coordinates":[[111.61751,-7.94409],[111.61748,-7.94416],[111.61758,-7.94481],[111.61756,-7.94493]]}},{"type":"Feature","properties":{"REMARK":"Jalan Setapak","_cls":"Jalan Setapak"},"geometry":{"type":"LineString","coordinates":[[111.55708,-7.95911],[111.55656,-7.95932],[111.55583,-7.95947],[111.55379,-7.95958],[111.55323,-7.95973]]}},{"type":"Feature","properties":{"REMARK":"Jalan Setapak","_cls":"Jalan Setapak"},"geometry":{"type":"LineString","coordinates":[[111.61469,-7.9443],[111.61488,-7.94369]]}},{"type":"Feature","properties":{"REMARK":"Jalan Setapak","_cls":"Jalan Setapak"},"geometry":{"type":"LineString","coordinates":[[111.55641,-8.04438],[111.55584,-8.04376]]}},{"type":"Feature","properties":{"REMARK":"Jalan Lain","_cls":"Jalan Lain"},"geometry":{"type":"LineString","coordinates":[[111.56346,-7.96749],[111.56242,-7.96707],[111.56213,-7.96692],[111.56185,-7.96667],[111.56167,-7.96639],[111.56127,-7.96595]]}},{"type":"Feature","properties":{"REMARK":"Jalan Lain","_cls":"Jalan Lain"},"geometry":{"type":"LineString","coordinates":[[111.61529,-7.94235],[111.61557,-7.94213],[111.61555,-7.94137],[111.61557,-7.94113],[111.61585,-7.94042],[111.61616,-7.9398],[111.61641,-7.93891],[111.61642,-7.93864],[111.61683,-7.93894],[111.6169,-7.93854],[111.61726,-7.93793]]}},{"type":"Feature","properties":{"REMARK":"Jalan Setapak","_cls":"Jalan Setapak"},"geometry":{"type":"LineString","coordinates":[[111.62407,-7.98826],[111.62341,-7.9885],[111.62332,-7.98861],[111.62314,-7.98934],[111.6231,-7.99003],[111.62303,-7.99023],[111.62281,-7.99033],[111.62265,-7.99045],[111.62262,-7.99058],[111.62237,-7.99102],[111.62194,-7.99147],[111.62069,-7.99212],[111.62026,-7.99243],[111.61998,-7.99287],[111.61977,-7.99329],[111.61987,-7.99412],[111.61983,-7.99441],[111.61963,-7.99498]]}},{"type":"Feature","properties":{"REMARK":"Jalan Setapak","_cls":"Jalan Setapak"},"geometry":{"type":"LineString","coordinates":[[111.57149,-8.00934],[111.57041,-8.00991],[111.56961,-8.01025],[111.56857,-8.01036]]}},{"type":"Feature","properties":{"REMARK":"Jalan Lain","_cls":"Jalan Lain"},"geometry":{"type":"LineString","coordinates":[[111.54311,-7.97794],[111.54313,-7.9761]]}},{"type":"Feature","properties":{"REMARK":"Jalan Lain","_cls":"Jalan Lain"},"geometry":{"type":"LineString","coordinates":[[111.55783,-7.93559],[111.55869,-7.93554],[111.55898,-7.93547],[111.55931,-7.9353],[111.55976,-7.93503],[111.56015,-7.93486],[111.56143,-7.93446],[111.56256,-7.93405],[111.56285,-7.93391],[111.56342,-7.93381],[111.565,-7.93326],[111.56545,-7.93306],[111.56587,-7.93299],[111.56656,-7.93295],[111.5674,-7.93268],[111.56777,-7.93267],[111.56813,-7.93274]]}},{"type":"Feature","properties":{"REMARK":"Jalan Lain","_cls":"Jalan Lain"},"geometry":{"type":"LineString","coordinates":[[111.53639,-7.95584],[111.53639,-7.95586]]}},{"type":"Feature","properties":{"REMARK":"Jalan Lain","_cls":"Jalan Lain"},"geometry":{"type":"LineString","coordinates":[[111.60132,-7.98381],[111.60117,-7.98461],[111.60108,-7.98544],[111.60094,-7.98619],[111.60077,-7.98746]]}},{"type":"Feature","properties":{"REMARK":"Jalan Lain","_cls":"Jalan Lain"},"geometry":{"type":"LineString","coordinates":[[111.54283,-7.98698],[111.54279,-7.98793],[111.54286,-7.9881],[111.54297,-7.98821]]}},{"type":"Feature","properties":{"REMARK":"Jalan Setapak","_cls":"Jalan Setapak"},"geometry":{"type":"LineString","coordinates":[[111.61898,-7.97502],[111.61878,-7.97568],[111.6194,-7.97596],[111.61989,-7.97612],[111.6207,-7.97625],[111.62164,-7.97616],[111.62279,-7.9762],[111.62349,-7.97639]]}},{"type":"Feature","properties":{"REMARK":"Jalan Lain","_cls":"Jalan Lain"},"geometry":{"type":"LineString","coordinates":[[111.53278,-7.97773],[111.53246,-7.97776],[111.53188,-7.97774],[111.53051,-7.97765]]}},{"type":"Feature","properties":{"REMARK":"Jalan Lain","_cls":"Jalan Lain"},"geometry":{"type":"LineString","coordinates":[[111.61145,-7.96132],[111.61155,-7.95927],[111.61262,-7.95933],[111.61336,-7.95933],[111.61397,-7.95957],[111.61435,-7.95952],[111.61498,-7.95949]]}},{"type":"Feature","properties":{"REMARK":"Jalan Lain","_cls":"Jalan Lain"},"geometry":{"type":"LineString","coordinates":[[111.55612,-7.92824],[111.55616,-7.92753],[111.55613,-7.92739],[111.55617,-7.9271]]}},{"type":"Feature","properties":{"REMARK":"Jalan Lain","_cls":"Jalan Lain"},"geometry":{"type":"LineString","coordinates":[[111.618,-7.98465],[111.61768,-7.98448],[111.61676,-7.98413],[111.61587,-7.98409],[111.61575,-7.98399],[111.61545,-7.98399],[111.61537,-7.98396],[111.61531,-7.98376],[111.61484,-7.98287],[111.61484,-7.9828]]}},{"type":"Feature","properties":{"REMARK":"Jalan Lain","_cls":"Jalan Lain"},"geometry":{"type":"LineString","coordinates":[[111.54292,-7.98442],[111.54293,-7.98417]]}},{"type":"Feature","properties":{"REMARK":"Jalan Lain","_cls":"Jalan Lain"},"geometry":{"type":"LineString","coordinates":[[111.59095,-7.98247],[111.58982,-7.98246],[111.58976,-7.98249],[111.5896,-7.98281]]}},{"type":"Feature","properties":{"REMARK":"Jalan Setapak","_cls":"Jalan Setapak"},"geometry":{"type":"LineString","coordinates":[[111.62199,-8.0037],[111.62235,-8.00411],[111.62254,-8.0044],[111.6228,-8.00496],[111.62286,-8.00515],[111.62287,-8.00532]]}},{"type":"Feature","properties":{"REMARK":"Jalan Lain","_cls":"Jalan Lain"},"geometry":{"type":"LineString","coordinates":[[111.53639,-7.95584],[111.53616,-7.95458]]}},{"type":"Feature","properties":{"REMARK":"Jalan Lain","_cls":"Jalan Lain"},"geometry":{"type":"LineString","coordinates":[[111.54296,-7.98348],[111.54299,-7.98277]]}},{"type":"Feature","properties":{"REMARK":"Jalan Lain","_cls":"Jalan Lain"},"geometry":{"type":"LineString","coordinates":[[111.5294,-7.97789],[111.52943,-7.97839],[111.52941,-7.9786]]}},{"type":"Feature","properties":{"REMARK":"Jalan Lain","_cls":"Jalan Lain"},"geometry":{"type":"LineString","coordinates":[[111.56253,-7.95255],[111.56303,-7.95341],[111.56318,-7.95373],[111.56343,-7.95428],[111.56381,-7.95531]]}},{"type":"Feature","properties":{"REMARK":"Jalan Lain","_cls":"Jalan Lain"},"geometry":{"type":"LineString","coordinates":[[111.53261,-7.98964],[111.53258,-7.98964]]}},{"type":"Feature","properties":{"REMARK":"Jalan Lain","_cls":"Jalan Lain"},"geometry":{"type":"LineString","coordinates":[[111.62087,-7.96134],[111.62234,-7.96146],[111.62256,-7.96154],[111.62279,-7.9617],[111.62363,-7.96248],[111.62444,-7.96304],[111.6247,-7.96318]]}},{"type":"Feature","properties":{"REMARK":"Jalan Lain","_cls":"Jalan Lain"},"geometry":{"type":"LineString","coordinates":[[111.58217,-7.97276],[111.58269,-7.97254],[111.5836,-7.97243],[111.58454,-7.97208],[111.58518,-7.97197],[111.58596,-7.97191],[111.58657,-7.97198],[111.58702,-7.97195],[111.58927,-7.97122],[111.59031,-7.97081],[111.59049,-7.97071],[111.59111,-7.97025],[111.59132,-7.96997],[111.59171,-7.96932],[111.59228,-7.96876],[111.59236,-7.96863],[111.5925,-7.96823]]}},{"type":"Feature","properties":{"REMARK":"Jalan Setapak","_cls":"Jalan Setapak"},"geometry":{"type":"LineString","coordinates":[[111.59328,-8.01874],[111.59309,-8.0187],[111.59266,-8.01874],[111.59146,-8.01861],[111.59086,-8.0185],[111.59014,-8.01845],[111.58959,-8.01833],[111.58881,-8.01798],[111.58849,-8.01792]]}},{"type":"Feature","properties":{"REMARK":"Jalan Lain","_cls":"Jalan Lain"},"geometry":{"type":"LineString","coordinates":[[111.54576,-7.97027],[111.54561,-7.969],[111.54602,-7.96899],[111.54781,-7.96921],[111.55014,-7.96942]]}},{"type":"Feature","properties":{"REMARK":"Jalan Setapak","_cls":"Jalan Setapak"},"geometry":{"type":"LineString","coordinates":[[111.57971,-7.98766],[111.57986,-7.98763]]}},{"type":"Feature","properties":{"REMARK":"Jalan Lain","_cls":"Jalan Lain"},"geometry":{"type":"LineString","coordinates":[[111.56226,-7.95152],[111.5621,-7.95027]]}},{"type":"Feature","properties":{"REMARK":"Jalan Lain","_cls":"Jalan Lain"},"geometry":{"type":"LineString","coordinates":[[111.60705,-7.99237],[111.60722,-7.99253],[111.60769,-7.9927]]}},{"type":"Feature","properties":{"REMARK":"Jalan Lain","_cls":"Jalan Lain"},"geometry":{"type":"LineString","coordinates":[[111.56328,-7.95013],[111.56235,-7.9502],[111.5621,-7.95027]]}},{"type":"Feature","properties":{"REMARK":"Jalan Setapak","_cls":"Jalan Setapak"},"geometry":{"type":"LineString","coordinates":[[111.53161,-7.95404],[111.53381,-7.95345]]}},{"type":"Feature","properties":{"REMARK":"Jalan Lain","_cls":"Jalan Lain"},"geometry":{"type":"LineString","coordinates":[[111.53051,-7.97765],[111.53025,-7.97764]]}},{"type":"Feature","properties":{"REMARK":"Jalan Lain","_cls":"Jalan Lain"},"geometry":{"type":"LineString","coordinates":[[111.54113,-7.93752],[111.54158,-7.93908],[111.54168,-7.93934]]}},{"type":"Feature","properties":{"REMARK":"Jalan Setapak","_cls":"Jalan Setapak"},"geometry":{"type":"LineString","coordinates":[[111.65034,-7.98909],[111.65059,-7.989],[111.65097,-7.98898],[111.65166,-7.98903],[111.65227,-7.98903],[111.65274,-7.98955],[111.65282,-7.98991],[111.65279,-7.99066],[111.65288,-7.99127],[111.65296,-7.99155],[111.65295,-7.99167],[111.65288,-7.99184],[111.65297,-7.99215],[111.65365,-7.99224],[111.65401,-7.99256],[111.65423,-7.99294]]}},{"type":"Feature","properties":{"REMARK":"Jalan Setapak","_cls":"Jalan Setapak"},"geometry":{"type":"LineString","coordinates":[[111.54915,-7.94745],[111.54804,-7.94771],[111.54804,-7.9479],[111.54825,-7.94866]]}},{"type":"Feature","properties":{"REMARK":"Jalan Lain","_cls":"Jalan Lain"},"geometry":{"type":"LineString","coordinates":[[111.53921,-7.98302],[111.54084,-7.98317],[111.5424,-7.98344],[111.54296,-7.98348]]}},{"type":"Feature","properties":{"REMARK":"Jalan Lain","_cls":"Jalan Lain"},"geometry":{"type":"LineString","coordinates":[[111.63247,-7.99121],[111.63332,-7.99105],[111.63452,-7.99099],[111.63503,-7.99084],[111.63551,-7.99087],[111.63575,-7.99093],[111.63625,-7.99137],[111.63666,-7.99148],[111.63697,-7.99152],[111.63726,-7.99149],[111.63736,-7.99146],[111.6374,-7.99141]]}},{"type":"Feature","properties":{"REMARK":"Jalan Lain","_cls":"Jalan Lain"},"geometry":{"type":"LineString","coordinates":[[111.5896,-7.98281],[111.58829,-7.98184],[111.58779,-7.98128],[111.58765,-7.98119],[111.58529,-7.97982],[111.58505,-7.97965],[111.58452,-7.97935],[111.58367,-7.97894],[111.58227,-7.97757],[111.58184,-7.97718],[111.58167,-7.97689],[111.58151,-7.97643],[111.58145,-7.97612]]}},{"type":"Feature","properties":{"REMARK":"Jalan Lain","_cls":"Jalan Lain"},"geometry":{"type":"LineString","coordinates":[[111.5393,-7.98026],[111.53674,-7.98008]]}},{"type":"Feature","properties":{"REMARK":"Jalan Setapak","_cls":"Jalan Setapak"},"geometry":{"type":"LineString","coordinates":[[111.57501,-7.97499],[111.5755,-7.97505],[111.57567,-7.97498],[111.57675,-7.97438],[111.57701,-7.97401]]}},{"type":"Feature","properties":{"REMARK":"Jalan Lain","_cls":"Jalan Lain"},"geometry":{"type":"LineString","coordinates":[[111.65467,-7.97092],[111.65474,-7.97044],[111.65535,-7.96922]]}},{"type":"Feature","properties":{"REMARK":"Jalan Lain","_cls":"Jalan Lain"},"geometry":{"type":"LineString","coordinates":[[111.5428,-7.97603],[111.54284,-7.97454],[111.54283,-7.97447],[111.54266,-7.97441],[111.54262,-7.97399],[111.54272,-7.97081],[111.54271,-7.97028]]}},{"type":"Feature","properties":{"REMARK":"Jalan Lain","_cls":"Jalan Lain"},"geometry":{"type":"LineString","coordinates":[[111.57863,-7.98675],[111.57857,-7.9869],[111.57842,-7.98709],[111.57826,-7.98717],[111.57696,-7.98739],[111.57659,-7.98771],[111.57601,-7.98859],[111.57592,-7.98879],[111.57591,-7.98894],[111.57596,-7.98918]]}},{"type":"Feature","properties":{"REMARK":"Jalan Lain","_cls":"Jalan Lain"},"geometry":{"type":"LineString","coordinates":[[111.64101,-7.96785],[111.64117,-7.96663],[111.64114,-7.96651],[111.64105,-7.96646],[111.64059,-7.96643],[111.64043,-7.96632],[111.63939,-7.96535]]}},{"type":"Feature","properties":{"REMARK":"Jalan Lain","_cls":"Jalan Lain"},"geometry":{"type":"LineString","coordinates":[[111.57779,-7.99381],[111.57737,-7.99378],[111.57682,-7.9938]]}},{"type":"Feature","properties":{"REMARK":"Jalan Lain","_cls":"Jalan Lain"},"geometry":{"type":"LineString","coordinates":[[111.61518,-7.96079],[111.61481,-7.95845],[111.61477,-7.95747],[111.61466,-7.95737],[111.61452,-7.95733]]}},{"type":"Feature","properties":{"REMARK":"Jalan Setapak","_cls":"Jalan Setapak"},"geometry":{"type":"LineString","coordinates":[[111.59335,-7.97902],[111.59251,-7.97813],[111.5919,-7.97737],[111.59178,-7.97716],[111.59177,-7.97704],[111.5919,-7.97685],[111.59219,-7.97657]]}},{"type":"Feature","properties":{"REMARK":"Jalan Setapak","_cls":"Jalan Setapak"},"geometry":{"type":"LineString","coordinates":[[111.54619,-8.0364],[111.54635,-8.03656],[111.54676,-8.03713],[111.54779,-8.03744],[111.54793,-8.03741],[111.54833,-8.03724],[111.54849,-8.03724],[111.54904,-8.03742],[111.54922,-8.03752],[111.54961,-8.03786]]}},{"type":"Feature","properties":{"REMARK":"Jalan Lain","_cls":"Jalan Lain"},"geometry":{"type":"LineString","coordinates":[[111.63104,-8.00754],[111.63109,-8.00752]]}},{"type":"Feature","properties":{"REMARK":"Jalan Lain","_cls":"Jalan Lain"},"geometry":{"type":"LineString","coordinates":[[111.64273,-7.97538],[111.64248,-7.97533],[111.64174,-7.97505],[111.64133,-7.97478],[111.64041,-7.97408],[111.64015,-7.97397],[111.63948,-7.97392]]}},{"type":"Feature","properties":{"REMARK":"Jalan Lain","_cls":"Jalan Lain"},"geometry":{"type":"LineString","coordinates":[[111.54972,-7.97196],[111.55035,-7.97066],[111.55039,-7.97047]]}},{"type":"Feature","properties":{"REMARK":"Jalan Lingkungan","_cls":"Jalan Lingkungan"},"geometry":{"type":"LineString","coordinates":[[111.57778,-7.97812],[111.57819,-7.97611]]}},{"type":"Feature","properties":{"REMARK":"Jalan Lain","_cls":"Jalan Lain"},"geometry":{"type":"LineString","coordinates":[[111.53647,-7.97551],[111.53651,-7.97625]]}},{"type":"Feature","properties":{"REMARK":"Jalan Lain","_cls":"Jalan Lain"},"geometry":{"type":"LineString","coordinates":[[111.54928,-7.94818],[111.54943,-7.9481]]}},{"type":"Feature","properties":{"REMARK":"Jalan Setapak","_cls":"Jalan Setapak"},"geometry":{"type":"LineString","coordinates":[[111.5898,-8.01568],[111.59067,-8.0159],[111.59174,-8.01633],[111.59254,-8.01671],[111.59322,-8.01692],[111.59395,-8.01699],[111.59495,-8.01722],[111.59544,-8.01724]]}},{"type":"Feature","properties":{"REMARK":"Jalan Setapak","_cls":"Jalan Setapak"},"geometry":{"type":"LineString","coordinates":[[111.62499,-8.00779],[111.62547,-8.00849],[111.6257,-8.00864],[111.62597,-8.00887],[111.62654,-8.00924],[111.62674,-8.00932]]}},{"type":"Feature","properties":{"REMARK":"Jalan Lain","_cls":"Jalan Lain"},"geometry":{"type":"LineString","coordinates":[[111.62407,-7.98826],[111.62396,-7.98814],[111.62368,-7.9875],[111.62351,-7.9873],[111.62302,-7.98704],[111.62227,-7.98672],[111.62177,-7.98622],[111.62135,-7.98572],[111.62118,-7.98558]]}},{"type":"Feature","properties":{"REMARK":"Jalan Lingkungan","_cls":"Jalan Lingkungan"},"geometry":{"type":"LineString","coordinates":[[111.63034,-7.97293],[111.62984,-7.97354],[111.62971,-7.97415],[111.6294,-7.97458],[111.62918,-7.97504],[111.62899,-7.97552],[111.62808,-7.97563],[111.62737,-7.97533],[111.62676,-7.97502],[111.62585,-7.97466],[111.62519,-7.97447],[111.62537,-7.97391]]}},{"type":"Feature","properties":{"REMARK":"Jalan Lain","_cls":"Jalan Lain"},"geometry":{"type":"LineString","coordinates":[[111.57302,-7.96361],[111.57336,-7.96303]]}},{"type":"Feature","properties":{"REMARK":"Jalan Lain","_cls":"Jalan Lain"},"geometry":{"type":"LineString","coordinates":[[111.54281,-7.97028],[111.54408,-7.97029],[111.54576,-7.97027]]}},{"type":"Feature","properties":{"REMARK":"Jalan Lain","_cls":"Jalan Lain"},"geometry":{"type":"LineString","coordinates":[[111.53227,-7.97319],[111.53237,-7.97346],[111.5325,-7.97401]]}},{"type":"Feature","properties":{"REMARK":"Jalan Nasional","_cls":"Jalan Nasional"},"geometry":{"type":"LineString","coordinates":[[111.57421,-7.98104],[111.57438,-7.97936],[111.57499,-7.97732],[111.575,-7.97656],[111.57512,-7.97504],[111.57474,-7.97494],[111.57381,-7.97455],[111.57341,-7.97442],[111.57265,-7.97424],[111.57188,-7.97385],[111.57165,-7.9738],[111.56995,-7.97314],[111.56924,-7.97284],[111.56722,-7.97211],[111.5652,-7.97134],[111.56406,-7.9708],[111.56274,-7.9703]]}},{"type":"Feature","properties":{"REMARK":"Jalan Lain","_cls":"Jalan Lain"},"geometry":{"type":"LineString","coordinates":[[111.53974,-7.996],[111.5395,-7.99596]]}},{"type":"Feature","properties":{"REMARK":"Jalan Lain","_cls":"Jalan Lain"},"geometry":{"type":"LineString","coordinates":[[111.53296,-7.95707],[111.53321,-7.95639],[111.53325,-7.95608]]}},{"type":"Feature","properties":{"REMARK":"Jalan Lain","_cls":"Jalan Lain"},"geometry":{"type":"LineString","coordinates":[[111.57445,-7.97913],[111.57371,-7.97909],[111.5728,-7.97886],[111.57292,-7.97821],[111.57326,-7.97575],[111.57341,-7.97503],[111.57343,-7.97443]]}},{"type":"Feature","properties":{"REMARK":"Jalan Lain","_cls":"Jalan Lain"},"geometry":{"type":"LineString","coordinates":[[111.5644,-7.94597],[111.56448,-7.94671]]}},{"type":"Feature","properties":{"REMARK":"Jalan Setapak","_cls":"Jalan Setapak"},"geometry":{"type":"LineString","coordinates":[[111.63187,-7.9856],[111.63172,-7.98577],[111.63095,-7.98636],[111.63041,-7.98658],[111.63007,-7.98661],[111.6301,-7.98781],[111.63023,-7.98844],[111.63053,-7.98929],[111.63099,-7.99084],[111.63111,-7.99151]]}},{"type":"Feature","properties":{"REMARK":"Jalan Lokal","_cls":"Jalan Lokal"},"geometry":{"type":"LineString","coordinates":[[111.57688,-7.97869],[111.57549,-7.97773],[111.57499,-7.97703]]}},{"type":"Feature","properties":{"REMARK":"Jalan Lokal","_cls":"Jalan Lokal"},"geometry":{"type":"LineString","coordinates":[[111.64747,-7.99408],[111.64757,-7.9932],[111.64754,-7.99314],[111.6475,-7.99312],[111.64713,-7.99321],[111.64686,-7.99305],[111.64665,-7.99301],[111.64627,-7.99285],[111.6462,-7.99294],[111.64617,-7.9932],[111.64609,-7.99343],[111.64584,-7.99355],[111.64553,-7.99351],[111.64545,-7.99348],[111.64506,-7.99295],[111.64447,-7.99241],[111.64376,-7.99196],[111.64347,-7.99172]]}},{"type":"Feature","properties":{"REMARK":"Jalan Lain","_cls":"Jalan Lain"},"geometry":{"type":"LineString","coordinates":[[111.56381,-7.95531],[111.56326,-7.95596],[111.5628,-7.95631],[111.56193,-7.95674],[111.56155,-7.95701],[111.56063,-7.95774],[111.55977,-7.95828],[111.55851,-7.95918],[111.55808,-7.95943],[111.55703,-7.95968]]}},{"type":"Feature","properties":{"REMARK":"Jalan Lain","_cls":"Jalan Lain"},"geometry":{"type":"LineString","coordinates":[[111.54703,-7.97708],[111.54765,-7.97591],[111.5479,-7.97536],[111.54857,-7.97417],[111.54972,-7.97196]]}},{"type":"Feature","properties":{"REMARK":"Jalan Lingkungan","_cls":"Jalan Lingkungan"},"geometry":{"type":"LineString","coordinates":[[111.57205,-8.02022],[111.57289,-8.02063],[111.57357,-8.0211],[111.57401,-8.02118],[111.57424,-8.02101],[111.57416,-8.02055],[111.57447,-8.02019],[111.57454,-8.01979],[111.57477,-8.01958],[111.57505,-8.01943],[111.57571,-8.01976],[111.57631,-8.02],[111.57687,-8.01999],[111.57765,-8.02007],[111.57837,-8.0203]]}},{"type":"Feature","properties":{"REMARK":"Jalan Lain","_cls":"Jalan Lain"},"geometry":{"type":"LineString","coordinates":[[111.55949,-7.97122],[111.55912,-7.97119],[111.55889,-7.97104],[111.55831,-7.97092],[111.55765,-7.97079],[111.55708,-7.97072],[111.55656,-7.97047],[111.55634,-7.97027],[111.55624,-7.97008],[111.55625,-7.96976],[111.55636,-7.96912]]}},{"type":"Feature","properties":{"REMARK":"Jalan Lain","_cls":"Jalan Lain"},"geometry":{"type":"LineString","coordinates":[[111.60846,-7.95113],[111.60768,-7.95138],[111.60733,-7.95152],[111.60676,-7.9516],[111.60616,-7.95161],[111.60496,-7.95152],[111.60465,-7.95162],[111.60454,-7.9517]]}},{"type":"Feature","properties":{"REMARK":"Jalan Lokal","_cls":"Jalan Lokal"},"geometry":{"type":"LineString","coordinates":[[111.65287,-7.99738],[111.65296,-7.99709],[111.65319,-7.99664]]}},{"type":"Feature","properties":{"REMARK":"Jalan Lingkungan","_cls":"Jalan Lingkungan"},"geometry":{"type":"LineString","coordinates":[[111.56833,-8.0226],[111.56897,-8.0232],[111.56974,-8.02326],[111.57007,-8.02343],[111.57061,-8.02399],[111.57132,-8.02428],[111.572,-8.02448],[111.57294,-8.02491],[111.57261,-8.02579],[111.57241,-8.02667]]}},{"type":"Feature","properties":{"REMARK":"Jalan Lokal","_cls":"Jalan Lokal"},"geometry":{"type":"LineString","coordinates":[[111.57899,-7.97947],[111.57885,-7.9798],[111.57809,-7.97951],[111.57768,-7.97925]]}},{"type":"Feature","properties":{"REMARK":"Jalan Lain","_cls":"Jalan Lain"},"geometry":{"type":"LineString","coordinates":[[111.60834,-7.99421],[111.60831,-7.99386],[111.60836,-7.99291]]}},{"type":"Feature","properties":{"REMARK":"Jalan Lain","_cls":"Jalan Lain"},"geometry":{"type":"LineString","coordinates":[[111.63747,-7.96573],[111.63709,-7.96597],[111.6368,-7.96596],[111.63621,-7.96588],[111.63574,-7.9659],[111.63539,-7.96599],[111.63507,-7.96618],[111.63476,-7.96647],[111.63456,-7.96672],[111.63441,-7.96705],[111.63434,-7.96734],[111.63404,-7.96792],[111.63334,-7.96872],[111.63276,-7.96901],[111.63295,-7.96926],[111.63353,-7.96967],[111.63352,-7.96985],[111.63327,-7.97032],[111.63302,-7.97118],[111.63279,-7.97161],[111.63264,-7.97178],[111.63228,-7.97199],[111.63181,-7.97214],[111.63161,-7.97224],[111.63128,-7.97256],[111.63085,-7.97274],[111.63042,-7.97285],[111.63034,-7.97293]]}},{"type":"Feature","properties":{"REMARK":"Jalan Setapak","_cls":"Jalan Setapak"},"geometry":{"type":"LineString","coordinates":[[111.57336,-7.96303],[111.57337,-7.96281],[111.57354,-7.96207],[111.57371,-7.96145],[111.57402,-7.96062],[111.57419,-7.95996],[111.57371,-7.95883],[111.57357,-7.95842],[111.57355,-7.95817],[111.57385,-7.95669],[111.57392,-7.95612],[111.57387,-7.95314],[111.57396,-7.95164]]}},{"type":"Feature","properties":{"REMARK":"Jalan Lain","_cls":"Jalan Lain"},"geometry":{"type":"LineString","coordinates":[[111.53633,-7.98907],[111.53452,-7.98904],[111.53447,-7.98949],[111.5344,-7.98954],[111.53345,-7.98949],[111.53307,-7.98964],[111.53261,-7.98964]]}},{"type":"Feature","properties":{"REMARK":"Jalan Lain","_cls":"Jalan Lain"},"geometry":{"type":"LineString","coordinates":[[111.5723,-7.96602],[111.57175,-7.96604],[111.57162,-7.96599],[111.57138,-7.96567],[111.5707,-7.96542],[111.56998,-7.9653],[111.56897,-7.96538]]}},{"type":"Feature","properties":{"REMARK":"Jalan Lain","_cls":"Jalan Lain"},"geometry":{"type":"LineString","coordinates":[[111.54284,-7.9653],[111.54296,-7.9637],[111.54292,-7.96315]]}},{"type":"Feature","properties":{"REMARK":"Jalan Lain","_cls":"Jalan Lain"},"geometry":{"type":"LineString","coordinates":[[111.56562,-7.9727],[111.56629,-7.97295]]}},{"type":"Feature","properties":{"REMARK":"Jalan Setapak","_cls":"Jalan Setapak"},"geometry":{"type":"LineString","coordinates":[[111.58537,-8.0068],[111.58497,-8.00667],[111.58436,-8.00631],[111.58368,-8.0061],[111.58338,-8.00596],[111.58312,-8.00579],[111.58293,-8.00577],[111.58256,-8.00583],[111.58237,-8.0058],[111.58172,-8.00553],[111.58156,-8.00539],[111.58146,-8.0051],[111.58146,-8.00464],[111.58097,-8.00454],[111.58064,-8.00454],[111.58023,-8.0046],[111.57961,-8.00446]]}},{"type":"Feature","properties":{"REMARK":"Jalan Setapak","_cls":"Jalan Setapak"},"geometry":{"type":"LineString","coordinates":[[111.55582,-8.00288],[111.55579,-8.00279],[111.55587,-8.00239],[111.55605,-8.00217],[111.55633,-8.00198],[111.55643,-8.00187],[111.55661,-8.00125],[111.55682,-8.0009],[111.55707,-8.00011],[111.55719,-7.99995],[111.55735,-7.99983],[111.55889,-7.99955],[111.55904,-7.99966],[111.55912,-7.99987],[111.55909,-8.0]]}},{"type":"Feature","properties":{"REMARK":"Jalan Lain","_cls":"Jalan Lain"},"geometry":{"type":"LineString","coordinates":[[111.53321,-7.97181],[111.5332,-7.97138],[111.53314,-7.97084],[111.53293,-7.96983],[111.53281,-7.96824]]}},{"type":"Feature","properties":{"REMARK":"Jalan Lain","_cls":"Jalan Lain"},"geometry":{"type":"LineString","coordinates":[[111.62642,-7.99075],[111.6256,-7.99023],[111.62533,-7.98997],[111.6245,-7.98876],[111.62407,-7.98826]]}},{"type":"Feature","properties":{"REMARK":"Jalan Lain","_cls":"Jalan Lain"},"geometry":{"type":"LineString","coordinates":[[111.55708,-7.95911],[111.55703,-7.95968]]}},{"type":"Feature","properties":{"REMARK":"Jalan Lain","_cls":"Jalan Lain"},"geometry":{"type":"LineString","coordinates":[[111.56622,-7.96826],[111.56671,-7.96836],[111.56768,-7.96864]]}},{"type":"Feature","properties":{"REMARK":"Jalan Lain","_cls":"Jalan Lain"},"geometry":{"type":"LineString","coordinates":[[111.63271,-7.96635],[111.63287,-7.96623],[111.63331,-7.96601],[111.63418,-7.96576],[111.6346,-7.96554],[111.63511,-7.96501],[111.63576,-7.96488],[111.63623,-7.96436],[111.63635,-7.96429],[111.63652,-7.96427],[111.63664,-7.96432],[111.63672,-7.96444],[111.63678,-7.96488],[111.63699,-7.96527],[111.63726,-7.96556],[111.63747,-7.96573]]}},{"type":"Feature","properties":{"REMARK":"Jalan Lain","_cls":"Jalan Lain"},"geometry":{"type":"LineString","coordinates":[[111.6027,-7.98389],[111.60284,-7.98324],[111.60299,-7.98285],[111.60321,-7.98279],[111.60408,-7.98241],[111.60445,-7.98241],[111.60495,-7.98252],[111.60526,-7.98242],[111.60562,-7.98219],[111.60602,-7.98173],[111.60621,-7.98165],[111.60661,-7.98175],[111.60738,-7.98205],[111.60758,-7.98208],[111.60781,-7.98204],[111.60797,-7.98207],[111.60884,-7.98268],[111.60919,-7.98278],[111.60947,-7.98293]]}},{"type":"Feature","properties":{"REMARK":"Jalan Setapak","_cls":"Jalan Setapak"},"geometry":{"type":"MultiLineString","coordinates":[[[111.52125,-7.96611],[111.52109,-7.96431],[111.521,-7.96387],[111.52091,-7.96348],[111.5208,-7.96333],[111.52053,-7.9632]],[[111.52944,-7.9674],[111.52904,-7.96732],[111.52669,-7.967],[111.52623,-7.96699],[111.52591,-7.96709],[111.52555,-7.96713],[111.52518,-7.96712],[111.52246,-7.96688],[111.52148,-7.96672]]]}},{"type":"Feature","properties":{"REMARK":"Jalan Setapak","_cls":"Jalan Setapak"},"geometry":{"type":"LineString","coordinates":[[111.62512,-8.0068],[111.62474,-8.00714],[111.62464,-8.00731],[111.62466,-8.00744],[111.62477,-8.00763],[111.62499,-8.00779]]}},{"type":"Feature","properties":{"REMARK":"Jalan Lain","_cls":"Jalan Lain"},"geometry":{"type":"LineString","coordinates":[[111.5366,-7.97767],[111.53651,-7.97625]]}},{"type":"Feature","properties":{"REMARK":"Jalan Setapak","_cls":"Jalan Setapak"},"geometry":{"type":"LineString","coordinates":[[111.56966,-8.02167],[111.56949,-8.02148],[111.56937,-8.02118],[111.5694,-8.0209],[111.56949,-8.02061],[111.57003,-8.01934],[111.57018,-8.01886],[111.57044,-8.01769],[111.57059,-8.0174],[111.57068,-8.01729]]}},{"type":"Feature","properties":{"REMARK":"Jalan Lain","_cls":"Jalan Lain"},"geometry":{"type":"LineString","coordinates":[[111.60967,-7.9841],[111.6095,-7.98385],[111.60939,-7.98361]]}},{"type":"Feature","properties":{"REMARK":"Jalan Lain","_cls":"Jalan Lain"},"geometry":{"type":"LineString","coordinates":[[111.53623,-7.97142],[111.53321,-7.97181]]}},{"type":"Feature","properties":{"REMARK":"Jalan Lain","_cls":"Jalan Lain"},"geometry":{"type":"LineString","coordinates":[[111.54645,-7.9541],[111.54637,-7.9542],[111.54634,-7.95482],[111.54634,-7.95803]]}},{"type":"Feature","properties":{"REMARK":"Jalan Lain","_cls":"Jalan Lain"},"geometry":{"type":"LineString","coordinates":[[111.53019,-7.97414],[111.53199,-7.97402],[111.5325,-7.97401]]}},{"type":"Feature","properties":{"REMARK":"Jalan Lain","_cls":"Jalan Lain"},"geometry":{"type":"LineString","coordinates":[[111.60533,-7.98875],[111.60479,-7.98883],[111.60321,-7.98912]]}},{"type":"Feature","properties":{"REMARK":"Jalan Setapak","_cls":"Jalan Setapak"},"geometry":{"type":"LineString","coordinates":[[111.62287,-8.00532],[111.62385,-8.0054],[111.624,-8.0056],[111.62415,-8.00564],[111.62528,-8.00556]]}},{"type":"Feature","properties":{"REMARK":"Jalan Setapak","_cls":"Jalan Setapak"},"geometry":{"type":"LineString","coordinates":[[111.55587,-7.95385],[111.55629,-7.95376],[111.55936,-7.95257]]}},{"type":"Feature","properties":{"REMARK":"Jalan Lain","_cls":"Jalan Lain"},"geometry":{"type":"LineString","coordinates":[[111.56768,-7.96864],[111.56774,-7.96852]]}},{"type":"Feature","properties":{"REMARK":"Jalan Lain","_cls":"Jalan Lain"},"geometry":{"type":"LineString","coordinates":[[111.61084,-7.97526],[111.61084,-7.97607],[111.61068,-7.97639],[111.61041,-7.97678],[111.60962,-7.97836],[111.60923,-7.97886],[111.60917,-7.9792],[111.6092,-7.97961],[111.60907,-7.9813],[111.60911,-7.98174],[111.6092,-7.98195],[111.60942,-7.98218],[111.60983,-7.98253],[111.60984,-7.98275],[111.60947,-7.98293]]}},{"type":"Feature","properties":{"REMARK":"Jalan Lain","_cls":"Jalan Lain"},"geometry":{"type":"LineString","coordinates":[[111.58673,-7.99644],[111.5868,-7.99627]]}},{"type":"Feature","properties":{"REMARK":"Jalan Lain","_cls":"Jalan Lain"},"geometry":{"type":"LineString","coordinates":[[111.53676,-7.98155],[111.53612,-7.98143],[111.53402,-7.98118]]}},{"type":"Feature","properties":{"REMARK":"Jalan Lain","_cls":"Jalan Lain"},"geometry":{"type":"LineString","coordinates":[[111.59759,-8.00898],[111.59714,-8.00895],[111.59666,-8.00899],[111.59653,-8.00909],[111.59539,-8.0103],[111.59524,-8.01064],[111.59518,-8.01087],[111.59514,-8.01122],[111.59507,-8.01139],[111.59488,-8.01158],[111.59448,-8.01184],[111.59429,-8.01191]]}},{"type":"Feature","properties":{"REMARK":"Jalan Lain","_cls":"Jalan Lain"},"geometry":{"type":"LineString","coordinates":[[111.63341,-7.97004],[111.6344,-7.96977],[111.63494,-7.96971],[111.63542,-7.9696],[111.63585,-7.96958],[111.63624,-7.96963],[111.63687,-7.96977],[111.63722,-7.96979],[111.6381,-7.96966],[111.63839,-7.96959],[111.63878,-7.9693],[111.63951,-7.96885],[111.63999,-7.9683],[111.64029,-7.9681],[111.64101,-7.96785]]}},{"type":"Feature","properties":{"REMARK":"Jalan Setapak","_cls":"Jalan Setapak"},"geometry":{"type":"LineString","coordinates":[[111.56472,-7.97112],[111.56404,-7.97264],[111.56381,-7.97303],[111.56365,-7.97304],[111.56329,-7.9729]]}},{"type":"Feature","properties":{"REMARK":"Jalan Lain","_cls":"Jalan Lain"},"geometry":{"type":"LineString","coordinates":[[111.53865,-7.98919],[111.5386,-7.9894],[111.53815,-7.98963],[111.53805,-7.99026],[111.53798,-7.99178],[111.53794,-7.99183],[111.53621,-7.99179]]}},{"type":"Feature","properties":{"REMARK":"Jalan Lokal","_cls":"Jalan Lokal"},"geometry":{"type":"LineString","coordinates":[[111.65276,-8.01925],[111.65268,-8.01933],[111.65129,-8.01966],[111.65114,-8.01976],[111.65087,-8.02026],[111.6507,-8.02042],[111.64894,-8.02114],[111.64865,-8.02157]]}},{"type":"Feature","properties":{"REMARK":"Jalan Setapak","_cls":"Jalan Setapak"},"geometry":{"type":"LineString","coordinates":[[111.61899,-7.99588],[111.61896,-7.99599],[111.61862,-7.99641],[111.61817,-7.99671],[111.61776,-7.99717],[111.61739,-7.99781],[111.61726,-7.99817],[111.61724,-7.99836],[111.61731,-7.99912],[111.61721,-7.99959],[111.617,-8.0001],[111.6163,-8.00159],[111.61629,-8.00173],[111.61636,-8.002],[111.61664,-8.00282],[111.61671,-8.00321],[111.61672,-8.00379],[111.61686,-8.00433]]}},{"type":"Feature","properties":{"REMARK":"Jalan Setapak","_cls":"Jalan Setapak"},"geometry":{"type":"LineString","coordinates":[[111.53859,-8.0001],[111.53855,-7.99938],[111.53844,-7.99845],[111.53851,-7.99775],[111.53858,-7.99768],[111.53903,-7.99754],[111.53924,-7.99704],[111.53927,-7.99649],[111.53934,-7.99639],[111.53949,-7.99627],[111.5395,-7.99596]]}},{"type":"Feature","properties":{"REMARK":"Jalan Lain","_cls":"Jalan Lain"},"geometry":{"type":"LineString","coordinates":[[111.53607,-7.96921],[111.53592,-7.967]]}},{"type":"Feature","properties":{"REMARK":"Jalan Lain","_cls":"Jalan Lain"},"geometry":{"type":"LineString","coordinates":[[111.53227,-7.97319],[111.53103,-7.97329],[111.53013,-7.97273],[111.52951,-7.97283]]}},{"type":"Feature","properties":{"REMARK":"Jalan Setapak","_cls":"Jalan Setapak"},"geometry":{"type":"LineString","coordinates":[[111.53421,-7.95601],[111.53415,-7.9549],[111.53425,-7.95473]]}},{"type":"Feature","properties":{"REMARK":"Jalan Setapak","_cls":"Jalan Setapak"},"geometry":{"type":"LineString","coordinates":[[111.58092,-7.96309],[111.57998,-7.96292],[111.57983,-7.96326],[111.57976,-7.96377],[111.57953,-7.96491],[111.57941,-7.9669],[111.57917,-7.96818],[111.57914,-7.9689],[111.57946,-7.97034],[111.57973,-7.97238]]}},{"type":"Feature","properties":{"REMARK":"Jalan Lain","_cls":"Jalan Lain"},"geometry":{"type":"LineString","coordinates":[[111.58075,-7.99173],[111.58049,-7.9913]]}},{"type":"Feature","properties":{"REMARK":"Jalan Lain","_cls":"Jalan Lain"},"geometry":{"type":"LineString","coordinates":[[111.54993,-7.95314],[111.5499,-7.95303]]}},{"type":"Feature","properties":{"REMARK":"Jalan Lain","_cls":"Jalan Lain"},"geometry":{"type":"LineString","coordinates":[[111.60705,-7.99237],[111.60646,-7.99229],[111.60628,-7.99236]]}},{"type":"Feature","properties":{"REMARK":"Jalan Lain","_cls":"Jalan Lain"},"geometry":{"type":"LineString","coordinates":[[111.53427,-7.94205],[111.53384,-7.94212],[111.53353,-7.94233]]}},{"type":"Feature","properties":{"REMARK":"Jalan Lain","_cls":"Jalan Lain"},"geometry":{"type":"LineString","coordinates":[[111.64696,-7.97602],[111.64729,-7.97616],[111.64834,-7.9763],[111.64872,-7.97608],[111.64952,-7.9757],[111.64965,-7.97556],[111.64986,-7.97504],[111.65002,-7.97474],[111.65012,-7.97464],[111.65057,-7.97442],[111.65115,-7.97444],[111.65186,-7.9744],[111.65205,-7.97434],[111.65218,-7.97411],[111.65227,-7.97375],[111.65248,-7.97326],[111.65327,-7.9723],[111.65399,-7.97115],[111.65415,-7.97105],[111.65467,-7.97092]]}},{"type":"Feature","properties":{"REMARK":"Jalan Lain","_cls":"Jalan Lain"},"geometry":{"type":"LineString","coordinates":[[111.53267,-7.97402],[111.53283,-7.97619],[111.5328,-7.97681],[111.53281,-7.97748],[111.53278,-7.97773]]}},{"type":"Feature","properties":{"REMARK":"Jalan Lain","_cls":"Jalan Lain"},"geometry":{"type":"LineString","coordinates":[[111.53612,-7.95349],[111.53611,-7.9528]]}},{"type":"Feature","properties":{"REMARK":"Jalan Lain","_cls":"Jalan Lain"},"geometry":{"type":"LineString","coordinates":[[111.53612,-7.99828],[111.53609,-7.99824],[111.53605,-7.9978],[111.53609,-7.99716],[111.53607,-7.99577]]}},{"type":"Feature","properties":{"REMARK":"Jalan Setapak","_cls":"Jalan Setapak"},"geometry":{"type":"LineString","coordinates":[[111.61238,-7.96269],[111.61183,-7.96263],[111.61077,-7.96266]]}},{"type":"Feature","properties":{"REMARK":"Jalan Lain","_cls":"Jalan Lain"},"geometry":{"type":"LineString","coordinates":[[111.53865,-7.98919],[111.53954,-7.9892],[111.54063,-7.98933]]}},{"type":"Feature","properties":{"REMARK":"Jalan Lain","_cls":"Jalan Lain"},"geometry":{"type":"LineString","coordinates":[[111.53951,-7.97605],[111.53877,-7.97608],[111.53862,-7.97616]]}},{"type":"Feature","properties":{"REMARK":"Jalan Lain","_cls":"Jalan Lain"},"geometry":{"type":"LineString","coordinates":[[111.54439,-7.98422],[111.5443,-7.98493]]}},{"type":"Feature","properties":{"REMARK":"Jalan Lain","_cls":"Jalan Lain"},"geometry":{"type":"LineString","coordinates":[[111.53625,-7.99122],[111.53621,-7.99179]]}},{"type":"Feature","properties":{"REMARK":"Jalan Setapak","_cls":"Jalan Setapak"},"geometry":{"type":"LineString","coordinates":[[111.55577,-8.02387],[111.55589,-8.02426],[111.5559,-8.02447],[111.55606,-8.02501],[111.5564,-8.02591],[111.55654,-8.02611],[111.55679,-8.02628],[111.55719,-8.02647],[111.55808,-8.02684],[111.55834,-8.02691],[111.55859,-8.02697],[111.55879,-8.02693],[111.55943,-8.02656],[111.55992,-8.02634],[111.56023,-8.02602],[111.5611,-8.0254],[111.56139,-8.02513]]}},{"type":"Feature","properties":{"REMARK":"Jalan Lain","_cls":"Jalan Lain"},"geometry":{"type":"LineString","coordinates":[[111.55099,-7.95113],[111.55072,-7.95165],[111.55027,-7.95236],[111.5499,-7.95303]]}},{"type":"Feature","properties":{"REMARK":"Jalan Lain","_cls":"Jalan Lain"},"geometry":{"type":"LineString","coordinates":[[111.59934,-7.98399],[111.60027,-7.98381],[111.60124,-7.98373]]}},{"type":"Feature","properties":{"REMARK":"Jalan Lain","_cls":"Jalan Lain"},"geometry":{"type":"LineString","coordinates":[[111.61861,-7.9606],[111.61886,-7.9606],[111.61972,-7.96076],[111.62004,-7.96102],[111.62015,-7.96117]]}},{"type":"Feature","properties":{"REMARK":"Jalan Lain","_cls":"Jalan Lain"},"geometry":{"type":"LineString","coordinates":[[111.64528,-7.96837],[111.64545,-7.96843],[111.64657,-7.96846],[111.64713,-7.9686],[111.64745,-7.96864],[111.64777,-7.96841],[111.6486,-7.96837],[111.64866,-7.96831],[111.64885,-7.96792],[111.64921,-7.96754],[111.64932,-7.96748],[111.64949,-7.96747],[111.64988,-7.96734],[111.6501,-7.96723],[111.65072,-7.96718],[111.6513,-7.96698],[111.65201,-7.9665]]}},{"type":"Feature","properties":{"REMARK":"Jalan Lain","_cls":"Jalan Lain"},"geometry":{"type":"LineString","coordinates":[[111.53025,-7.97764],[111.53013,-7.97847],[111.53005,-7.97966]]}},{"type":"Feature","properties":{"REMARK":"Jalan Lain","_cls":"Jalan Lain"},"geometry":{"type":"LineString","coordinates":[[111.61295,-7.98406],[111.61358,-7.98317],[111.61393,-7.98269],[111.61401,-7.98264],[111.61436,-7.98268],[111.61484,-7.9828]]}},{"type":"Feature","properties":{"REMARK":"Jalan Lain","_cls":"Jalan Lain"},"geometry":{"type":"LineString","coordinates":[[111.54168,-7.93934],[111.53964,-7.94039]]}},{"type":"Feature","properties":{"REMARK":"Jalan Lingkungan","_cls":"Jalan Lingkungan"},"geometry":{"type":"LineString","coordinates":[[111.65467,-7.97092],[111.65628,-7.97085],[111.65729,-7.97095],[111.65763,-7.97075],[111.65782,-7.97014],[111.65817,-7.97022],[111.659,-7.97164],[111.65956,-7.97168],[111.65995,-7.97219],[111.66091,-7.9725],[111.66117,-7.97265],[111.66142,-7.97291],[111.66152,-7.97293]]}},{"type":"Feature","properties":{"REMARK":"Jalan Lain","_cls":"Jalan Lain"},"geometry":{"type":"LineString","coordinates":[[111.54863,-7.95854],[111.5492,-7.95865],[111.55093,-7.95913],[111.55188,-7.95924],[111.55323,-7.95973]]}},{"type":"Feature","properties":{"REMARK":"Jalan Lain","_cls":"Jalan Lain"},"geometry":{"type":"LineString","coordinates":[[111.57973,-8.00348],[111.57948,-8.0034],[111.57886,-8.0029],[111.57768,-8.00223]]}},{"type":"Feature","properties":{"REMARK":"Jalan Lain","_cls":"Jalan Lain"},"geometry":{"type":"LineString","coordinates":[[111.53651,-7.97625],[111.53695,-7.97625],[111.5381,-7.97618],[111.53867,-7.97622]]}},{"type":"Feature","properties":{"REMARK":"Jalan Lain","_cls":"Jalan Lain"},"geometry":{"type":"LineString","coordinates":[[111.61531,-7.99258],[111.61497,-7.99288]]}},{"type":"Feature","properties":{"REMARK":"Jalan Lain","_cls":"Jalan Lain"},"geometry":{"type":"LineString","coordinates":[[111.60836,-7.99291],[111.60861,-7.99099],[111.60883,-7.99005],[111.60891,-7.9895],[111.60892,-7.98919],[111.60885,-7.98891],[111.60848,-7.98862],[111.60833,-7.98825],[111.60823,-7.98779]]}}]}