{"type":"FeatureCollection","features":[{"type":"Feature","properties":{"KODE":2,"KELAS":2,"NAMA":"Kerentanan Sedang","LUAS_HA":3.65,"_cls":"Kerentanan Sedang"},"geometry":{"type":"Polygon","coordinates":[[[111.55428,-7.92846],[111.55306,-7.92842],[111.55297,-7.92814],[111.55242,-7.92804],[111.55259,-7.92735],[111.55369,-7.92728],[111.55487,-7.92742],[111.55501,-7.92757],[111.55623,-7.92771],[111.55602,-7.92822],[111.55433,-7.92812],[111.55428,-7.92846]]]}},{"type":"Feature","properties":{"KODE":2,"KELAS":2,"NAMA":"Kerentanan Sedang","LUAS_HA":2.04,"_cls":"Kerentanan Sedang"},"geometry":{"type":"Polygon","coordinates":[[[111.55174,-7.93046],[111.55123,-7.93041],[111.5511,-7.92942],[111.55137,-7.92898],[111.55241,-7.92881],[111.5525,-7.92954],[111.55194,-7.93028],[111.55174,-7.93046]]]}},{"type":"Feature","properties":{"KODE":2,"KELAS":2,"NAMA":"Kerentanan Sedang","LUAS_HA":6.874,"_cls":"Kerentanan Sedang"},"geometry":{"type":"Polygon","coordinates":[[[111.55338,-7.93299],[111.55306,-7.93294],[111.55298,-7.93249],[111.55178,-7.9324],[111.55161,-7.93222],[111.55126,-7.93211],[111.55124,-7.93185],[111.55228,-7.93161],[111.55256,-7.93067],[111.55415,-7.93025],[111.55406,-7.92986],[111.55299,-7.92977],[111.55295,-7.92931],[111.55436,-7.92904],[111.55466,-7.93043],[111.55533,-7.93081],[111.55524,-7.93095],[111.55425,-7.93131],[111.55334,-7.93188],[111.5533,-7.93238],[111.55346,-7.93251],[111.55342,-7.93294],[111.55338,-7.93299]]]}},{"type":"Feature","properties":{"KODE":2,"KELAS":2,"NAMA":"Kerentanan Sedang","LUAS_HA":4.344,"_cls":"Kerentanan Sedang"},"geometry":{"type":"Polygon","coordinates":[[[111.5561,-7.93371],[111.55564,-7.93366],[111.55522,-7.93308],[111.55396,-7.93322],[111.55387,-7.93214],[111.55422,-7.93189],[111.55529,-7.9316],[111.55551,-7.93158],[111.55586,-7.93213],[111.55654,-7.93194],[111.55651,-7.93222],[111.55619,-7.93249],[111.55628,-7.93354],[111.5561,-7.93371]]]}},{"type":"Feature","properties":{"KODE":2,"KELAS":2,"NAMA":"Kerentanan Sedang","LUAS_HA":7.499,"_cls":"Kerentanan Sedang"},"geometry":{"type":"Polygon","coordinates":[[[111.55974,-7.93587],[111.55951,-7.9358],[111.55949,-7.93515],[111.56023,-7.93483],[111.56148,-7.93445],[111.56286,-7.93392],[111.56368,-7.93373],[111.56561,-7.93303],[111.56658,-7.93292],[111.56751,-7.93265],[111.56821,-7.93277],[111.5681,-7.93319],[111.56577,-7.93364],[111.56567,-7.93417],[111.56516,-7.9343],[111.56482,-7.93412],[111.56297,-7.93441],[111.56282,-7.9349],[111.56176,-7.93505],[111.56146,-7.9349],[111.56078,-7.93528],[111.56067,-7.93561],[111.55978,-7.93582],[111.55974,-7.93587]]]}},{"type":"Feature","properties":{"KODE":2,"KELAS":2,"NAMA":"Kerentanan Sedang","LUAS_HA":0.457,"_cls":"Kerentanan Sedang"},"geometry":{"type":"Polygon","coordinates":[[[111.55384,-7.93597],[111.55262,-7.93593],[111.55272,-7.93557],[111.55371,-7.93565],[111.55384,-7.93597]]]}},{"type":"Feature","properties":{"KODE":2,"KELAS":2,"NAMA":"Kerentanan Sedang","LUAS_HA":2.281,"_cls":"Kerentanan Sedang"},"geometry":{"type":"Polygon","coordinates":[[[111.55384,-7.93597],[111.55508,-7.93583],[111.55502,-7.93532],[111.55666,-7.935],[111.55685,-7.93565],[111.55597,-7.93574],[111.55587,-7.93608],[111.55525,-7.93622],[111.55389,-7.93644],[111.55384,-7.93597]]]}},{"type":"Feature","properties":{"KODE":2,"KELAS":2,"NAMA":"Kerentanan Sedang","LUAS_HA":0.974,"_cls":"Kerentanan Sedang"},"geometry":{"type":"Polygon","coordinates":[[[111.56028,-7.93768],[111.56007,-7.93762],[111.56002,-7.93721],[111.56067,-7.93683],[111.56126,-7.9367],[111.56143,-7.93729],[111.56037,-7.93758],[111.56028,-7.93768]]]}},{"type":"Feature","properties":{"KODE":2,"KELAS":2,"NAMA":"Kerentanan Sedang","LUAS_HA":8.394,"_cls":"Kerentanan Sedang"},"geometry":{"type":"Polygon","coordinates":[[[111.54377,-7.93824],[111.54357,-7.93818],[111.54342,-7.93776],[111.54427,-7.9373],[111.54426,-7.93706],[111.54536,-7.93666],[111.54646,-7.93616],[111.54799,-7.93593],[111.54946,-7.93559],[111.55187,-7.93549],[111.55198,-7.93593],[111.55252,-7.93603],[111.55234,-7.93638],[111.5508,-7.93629],[111.55068,-7.93593],[111.54932,-7.9361],[111.54865,-7.93623],[111.5478,-7.9365],[111.54782,-7.93704],[111.5459,-7.93775],[111.54544,-7.9374],[111.54387,-7.93814],[111.54377,-7.93824]]]}},{"type":"Feature","properties":{"KODE":2,"KELAS":2,"NAMA":"Kerentanan Sedang","LUAS_HA":8.488,"_cls":"Kerentanan Sedang"},"geometry":{"type":"Polygon","coordinates":[[[111.58659,-7.93837],[111.58557,-7.93832],[111.58599,-7.93715],[111.58492,-7.93674],[111.58564,-7.93587],[111.58554,-7.93559],[111.58373,-7.93429],[111.58394,-7.93372],[111.58493,-7.93396],[111.58551,-7.93423],[111.58634,-7.93496],[111.58705,-7.93588],[111.5872,-7.93629],[111.58746,-7.93724],[111.58715,-7.93744],[111.58667,-7.93811],[111.58659,-7.93837]]]}},{"type":"Feature","properties":{"KODE":2,"KELAS":2,"NAMA":"Kerentanan Sedang","LUAS_HA":1.593,"_cls":"Kerentanan Sedang"},"geometry":{"type":"Polygon","coordinates":[[[111.5728,-7.93848],[111.57228,-7.93841],[111.57176,-7.93779],[111.57243,-7.93722],[111.573,-7.93739],[111.57357,-7.93764],[111.57327,-7.93789],[111.5728,-7.93848]]]}},{"type":"Feature","properties":{"KODE":2,"KELAS":2,"NAMA":"Kerentanan Sedang","LUAS_HA":0.02,"_cls":"Kerentanan Sedang"},"geometry":{"type":"Polygon","coordinates":[[[111.57208,-7.93866],[111.57238,-7.9387],[111.57214,-7.93878],[111.57208,-7.93866]]]}},{"type":"Feature","properties":{"KODE":2,"KELAS":2,"NAMA":"Kerentanan Sedang","LUAS_HA":2.08,"_cls":"Kerentanan Sedang"},"geometry":{"type":"Polygon","coordinates":[[[111.57335,-7.93875],[111.57298,-7.9387],[111.57407,-7.93752],[111.57486,-7.93692],[111.57533,-7.93676],[111.57559,-7.93699],[111.57432,-7.93836],[111.57339,-7.9387],[111.57335,-7.93875]]]}},{"type":"Feature","properties":{"KODE":2,"KELAS":2,"NAMA":"Kerentanan Sedang","LUAS_HA":4.047,"_cls":"Kerentanan Sedang"},"geometry":{"type":"Polygon","coordinates":[[[111.55902,-7.93976],[111.5586,-7.93972],[111.55833,-7.93929],[111.55625,-7.93942],[111.55635,-7.93903],[111.55666,-7.93889],[111.55709,-7.93841],[111.55823,-7.93826],[111.55883,-7.93829],[111.55948,-7.93802],[111.55953,-7.93872],[111.55951,-7.93908],[111.55964,-7.93933],[111.55907,-7.93946],[111.55902,-7.93976]]]}},{"type":"Feature","properties":{"KODE":2,"KELAS":2,"NAMA":"Kerentanan Sedang","LUAS_HA":4.752,"_cls":"Kerentanan Sedang"},"geometry":{"type":"Polygon","coordinates":[[[111.57208,-7.93866],[111.57168,-7.9386],[111.57058,-7.93979],[111.56999,-7.94051],[111.56932,-7.94031],[111.56964,-7.93885],[111.57016,-7.93805],[111.57064,-7.93753],[111.57102,-7.93752],[111.57135,-7.93783],[111.57171,-7.93832],[111.57208,-7.93866]]]}},{"type":"Feature","properties":{"KODE":2,"KELAS":2,"NAMA":"Kerentanan Sedang","LUAS_HA":12.455,"_cls":"Kerentanan Sedang"},"geometry":{"type":"Polygon","coordinates":[[[111.56528,-7.94202],[111.5636,-7.94197],[111.56369,-7.94161],[111.56386,-7.94162],[111.56396,-7.94096],[111.56428,-7.94068],[111.56478,-7.93998],[111.56551,-7.93953],[111.56559,-7.93887],[111.5662,-7.93853],[111.56718,-7.93817],[111.5674,-7.93853],[111.56804,-7.93862],[111.56825,-7.93895],[111.56934,-7.93927],[111.56911,-7.94039],[111.56757,-7.94027],[111.5663,-7.94065],[111.5661,-7.94082],[111.56616,-7.94159],[111.56584,-7.94177],[111.56532,-7.94197],[111.56528,-7.94202]]]}},{"type":"Feature","properties":{"KODE":2,"KELAS":2,"NAMA":"Kerentanan Sedang","LUAS_HA":4.158,"_cls":"Kerentanan Sedang"},"geometry":{"type":"Polygon","coordinates":[[[111.55965,-7.94257],[111.55926,-7.94251],[111.55924,-7.94217],[111.55977,-7.94194],[111.56071,-7.94166],[111.56054,-7.94103],[111.56108,-7.94065],[111.56142,-7.94052],[111.56166,-7.9408],[111.56222,-7.9409],[111.56234,-7.94131],[111.56305,-7.94147],[111.56292,-7.9417],[111.56233,-7.94188],[111.56188,-7.94216],[111.56159,-7.94214],[111.5597,-7.94252],[111.55965,-7.94257]]]}},{"type":"Feature","properties":{"KODE":2,"KELAS":2,"NAMA":"Kerentanan Sedang","LUAS_HA":1.049,"_cls":"Kerentanan Sedang"},"geometry":{"type":"Polygon","coordinates":[[[111.55076,-7.94285],[111.55055,-7.94278],[111.55051,-7.94239],[111.55207,-7.9419],[111.5523,-7.94242],[111.55131,-7.94265],[111.55081,-7.9428],[111.55076,-7.94285]]]}},{"type":"Feature","properties":{"KODE":2,"KELAS":2,"NAMA":"Kerentanan Sedang","LUAS_HA":0.831,"_cls":"Kerentanan Sedang"},"geometry":{"type":"Polygon","coordinates":[[[111.62171,-7.94338],[111.62133,-7.94331],[111.62125,-7.9421],[111.62143,-7.94171],[111.62167,-7.9417],[111.62176,-7.94316],[111.62171,-7.94338]]]}},{"type":"Feature","properties":{"KODE":2,"KELAS":2,"NAMA":"Kerentanan Sedang","LUAS_HA":2.145,"_cls":"Kerentanan Sedang"},"geometry":{"type":"Polygon","coordinates":[[[111.62262,-7.94338],[111.62194,-7.94317],[111.62227,-7.94171],[111.6227,-7.94169],[111.62365,-7.9421],[111.62307,-7.9429],[111.62262,-7.94338]]]}},{"type":"Feature","properties":{"KODE":2,"KELAS":2,"NAMA":"Kerentanan Sedang","LUAS_HA":0.922,"_cls":"Kerentanan Sedang"},"geometry":{"type":"Polygon","coordinates":[[[111.55802,-7.94474],[111.55735,-7.94463],[111.55717,-7.94366],[111.5576,-7.9437],[111.55818,-7.94394],[111.55806,-7.94424],[111.55802,-7.94474]]]}},{"type":"Feature","properties":{"KODE":2,"KELAS":2,"NAMA":"Kerentanan Sedang","LUAS_HA":2.914,"_cls":"Kerentanan Sedang"},"geometry":{"type":"Polygon","coordinates":[[[111.56419,-7.94482],[111.56271,-7.94463],[111.56266,-7.94391],[111.56293,-7.94361],[111.56361,-7.94387],[111.56377,-7.94405],[111.56424,-7.94396],[111.56521,-7.94367],[111.56578,-7.94418],[111.5655,-7.94441],[111.56426,-7.94475],[111.56419,-7.94482]]]}},{"type":"Feature","properties":{"KODE":2,"KELAS":2,"NAMA":"Kerentanan Sedang","LUAS_HA":54.512,"_cls":"Kerentanan Sedang"},"geometry":{"type":"MultiPolygon","coordinates":[[[[111.52932,-7.94402],[111.52929,-7.94394],[111.52946,-7.94382],[111.52977,-7.94367],[111.53009,-7.94357],[111.53032,-7.9434],[111.5308,-7.94317],[111.53077,-7.94303],[111.53139,-7.94287],[111.53195,-7.9431],[111.53311,-7.94341],[111.53327,-7.94344],[111.53344,-7.94343],[111.53371,-7.9433],[111.53375,-7.94353],[111.53288,-7.94356],[111.53178,-7.94319],[111.53104,-7.94318],[111.52999,-7.94372],[111.5294,-7.94391],[111.52932,-7.94402]]],[[[111.5345,-7.94258],[111.53439,-7.94246],[111.53424,-7.94201],[111.53357,-7.94226],[111.53357,-7.94247],[111.5328,-7.94018],[111.53277,-7.93999],[111.53267,-7.9398],[111.5325,-7.93963],[111.53246,-7.93954],[111.53248,-7.93945],[111.53258,-7.93935],[111.53306,-7.93928],[111.5332,-7.93915],[111.53384,-7.93903],[111.53393,-7.93865],[111.53532,-7.93829],[111.53705,-7.93795],[111.53719,-7.93766],[111.5381,-7.93757],[111.5382,-7.93726],[111.53897,-7.93706],[111.54042,-7.93686],[111.54084,-7.93675],[111.54069,-7.93617],[111.54234,-7.93547],[111.5459,-7.93424],[111.54589,-7.93391],[111.54957,-7.93319],[111.55026,-7.93367],[111.5508,-7.93366],[111.55206,-7.93377],[111.55208,-7.93449],[111.551,-7.93421],[111.5497,-7.93419],[111.54672,-7.93498],[111.54544,-7.93563],[111.54234,-7.93698],[111.54249,-7.93784],[111.54137,-7.93832],[111.54165,-7.93933],[111.53772,-7.94143],[111.53629,-7.94172],[111.53619,-7.94235],[111.5345,-7.94258]]]]}},{"type":"Feature","properties":{"KODE":2,"KELAS":2,"NAMA":"Kerentanan Sedang","LUAS_HA":5.828,"_cls":"Kerentanan Sedang"},"geometry":{"type":"Polygon","coordinates":[[[111.61428,-7.94583],[111.61413,-7.94571],[111.6144,-7.94419],[111.61405,-7.94404],[111.61425,-7.94272],[111.61531,-7.94261],[111.61523,-7.94253],[111.61489,-7.94238],[111.61512,-7.94136],[111.61559,-7.94132],[111.61568,-7.9422],[111.61676,-7.94239],[111.6168,-7.94287],[111.61638,-7.94354],[111.61468,-7.94427],[111.61449,-7.94536],[111.61428,-7.94583]]]}},{"type":"Feature","properties":{"KODE":2,"KELAS":2,"NAMA":"Kerentanan Sedang","LUAS_HA":6.393,"_cls":"Kerentanan Sedang"},"geometry":{"type":"Polygon","coordinates":[[[111.61691,-7.94655],[111.61654,-7.94651],[111.61625,-7.94629],[111.61609,-7.94573],[111.61623,-7.94497],[111.61616,-7.94451],[111.61638,-7.94398],[111.61678,-7.94406],[111.61687,-7.94451],[111.61758,-7.94442],[111.61743,-7.94408],[111.61725,-7.94394],[111.61719,-7.94353],[111.6179,-7.94361],[111.61808,-7.94424],[111.619,-7.9441],[111.61975,-7.94431],[111.61978,-7.94448],[111.61948,-7.94487],[111.61876,-7.94496],[111.61868,-7.94516],[111.61775,-7.94524],[111.61751,-7.9461],[111.61705,-7.94637],[111.61691,-7.94655]]]}},{"type":"Feature","properties":{"KODE":2,"KELAS":2,"NAMA":"Kerentanan Sedang","LUAS_HA":1.078,"_cls":"Kerentanan Sedang"},"geometry":{"type":"Polygon","coordinates":[[[111.55821,-7.94673],[111.5579,-7.94664],[111.55739,-7.94634],[111.5578,-7.9456],[111.55835,-7.94572],[111.55864,-7.94644],[111.55825,-7.94668],[111.55821,-7.94673]]]}},{"type":"Feature","properties":{"KODE":2,"KELAS":2,"NAMA":"Kerentanan Sedang","LUAS_HA":0.746,"_cls":"Kerentanan Sedang"},"geometry":{"type":"Polygon","coordinates":[[[111.62244,-7.94709],[111.62209,-7.94705],[111.62213,-7.94677],[111.62186,-7.9464],[111.62203,-7.94632],[111.62303,-7.94605],[111.62294,-7.94637],[111.62257,-7.94686],[111.62244,-7.94709]]]}},{"type":"Feature","properties":{"KODE":2,"KELAS":2,"NAMA":"Kerentanan Sedang","LUAS_HA":3.66,"_cls":"Kerentanan Sedang"},"geometry":{"type":"Polygon","coordinates":[[[111.56111,-7.9479],[111.5607,-7.94766],[111.56039,-7.94738],[111.56079,-7.94672],[111.56082,-7.94601],[111.56009,-7.9462],[111.55985,-7.94528],[111.56179,-7.94388],[111.56188,-7.94405],[111.56197,-7.94451],[111.56219,-7.9445],[111.56237,-7.94485],[111.56183,-7.94513],[111.56169,-7.94457],[111.5608,-7.94474],[111.56077,-7.94556],[111.56123,-7.9457],[111.56138,-7.94644],[111.56111,-7.9479]]]}},{"type":"Feature","properties":{"KODE":2,"KELAS":2,"NAMA":"Kerentanan Sedang","LUAS_HA":0.02,"_cls":"Kerentanan Sedang"},"geometry":{"type":"Polygon","coordinates":[[[111.53734,-7.94847],[111.53752,-7.94847],[111.53752,-7.94856],[111.53734,-7.94856],[111.53734,-7.94847]]]}},{"type":"Feature","properties":{"KODE":2,"KELAS":2,"NAMA":"Kerentanan Sedang","LUAS_HA":0.02,"_cls":"Kerentanan Sedang"},"geometry":{"type":"Polygon","coordinates":[[[111.53752,-7.94856],[111.53771,-7.94856],[111.53771,-7.94865],[111.53752,-7.94865],[111.53752,-7.94856]]]}},{"type":"Feature","properties":{"KODE":2,"KELAS":2,"NAMA":"Kerentanan Sedang","LUAS_HA":21.933,"_cls":"Kerentanan Sedang"},"geometry":{"type":"Polygon","coordinates":[[[111.55594,-7.94863],[111.55439,-7.94858],[111.55426,-7.94831],[111.55408,-7.94814],[111.55398,-7.94741],[111.55272,-7.94739],[111.55055,-7.94752],[111.55039,-7.94692],[111.55172,-7.94668],[111.55157,-7.94596],[111.55063,-7.94598],[111.55072,-7.94552],[111.55108,-7.94517],[111.55099,-7.9447],[111.5502,-7.94461],[111.55008,-7.94424],[111.54918,-7.94426],[111.54906,-7.94311],[111.5499,-7.94297],[111.55009,-7.94383],[111.5517,-7.94355],[111.55182,-7.944],[111.5518,-7.94506],[111.55224,-7.94496],[111.55238,-7.94452],[111.55379,-7.94449],[111.55426,-7.94461],[111.55439,-7.94514],[111.55537,-7.94533],[111.55557,-7.94614],[111.55617,-7.94623],[111.55615,-7.94735],[111.55649,-7.94826],[111.55626,-7.9485],[111.55599,-7.94858],[111.55594,-7.94863]]]}},{"type":"Feature","properties":{"KODE":2,"KELAS":2,"NAMA":"Kerentanan Sedang","LUAS_HA":0.02,"_cls":"Kerentanan Sedang"},"geometry":{"type":"Polygon","coordinates":[[[111.53771,-7.94865],[111.53789,-7.94865],[111.53789,-7.94874],[111.53771,-7.94875],[111.53771,-7.94865]]]}},{"type":"Feature","properties":{"KODE":2,"KELAS":2,"NAMA":"Kerentanan Sedang","LUAS_HA":0.01,"_cls":"Kerentanan Sedang"},"geometry":{"type":"Polygon","coordinates":[[[111.53798,-7.94884],[111.53789,-7.94884],[111.53789,-7.94874],[111.53798,-7.94874],[111.53798,-7.94884]]]}},{"type":"Feature","properties":{"KODE":2,"KELAS":2,"NAMA":"Kerentanan Sedang","LUAS_HA":0.02,"_cls":"Kerentanan Sedang"},"geometry":{"type":"Polygon","coordinates":[[[111.53798,-7.94884],[111.53816,-7.94883],[111.53816,-7.94893],[111.53798,-7.94893],[111.53798,-7.94884]]]}},{"type":"Feature","properties":{"KODE":2,"KELAS":2,"NAMA":"Kerentanan Sedang","LUAS_HA":0.006,"_cls":"Kerentanan Sedang"},"geometry":{"type":"Polygon","coordinates":[[[111.53816,-7.94893],[111.53827,-7.94896],[111.53819,-7.94903],[111.53816,-7.94893]]]}},{"type":"Feature","properties":{"KODE":2,"KELAS":2,"NAMA":"Kerentanan Sedang","LUAS_HA":7.35,"_cls":"Kerentanan Sedang"},"geometry":{"type":"Polygon","coordinates":[[[111.56202,-7.94898],[111.56198,-7.94749],[111.56187,-7.9465],[111.5626,-7.94632],[111.56299,-7.94603],[111.56391,-7.94606],[111.56579,-7.94577],[111.56604,-7.9455],[111.56651,-7.9456],[111.56642,-7.94622],[111.56571,-7.94636],[111.5656,-7.94658],[111.56307,-7.94738],[111.56295,-7.94827],[111.56298,-7.94905],[111.56202,-7.94898]]]}},{"type":"Feature","properties":{"KODE":2,"KELAS":2,"NAMA":"Kerentanan Sedang","LUAS_HA":0.843,"_cls":"Kerentanan Sedang"},"geometry":{"type":"Polygon","coordinates":[[[111.56438,-7.94916],[111.56406,-7.94912],[111.56397,-7.94872],[111.56371,-7.94853],[111.56381,-7.94822],[111.56463,-7.9483],[111.56478,-7.94901],[111.56442,-7.94911],[111.56438,-7.94916]]]}},{"type":"Feature","properties":{"KODE":2,"KELAS":2,"NAMA":"Kerentanan Sedang","LUAS_HA":5.967,"_cls":"Kerentanan Sedang"},"geometry":{"type":"Polygon","coordinates":[[[111.61673,-7.94909],[111.61646,-7.94904],[111.61597,-7.94876],[111.61551,-7.94856],[111.61541,-7.94791],[111.61462,-7.94781],[111.6137,-7.94823],[111.61339,-7.94799],[111.61388,-7.94742],[111.61399,-7.94703],[111.61485,-7.94625],[111.61557,-7.94598],[111.61579,-7.94615],[111.61588,-7.94683],[111.61551,-7.94745],[111.61611,-7.94762],[111.61661,-7.94733],[111.61712,-7.94745],[111.61716,-7.9477],[111.61686,-7.94793],[111.61678,-7.94896],[111.61673,-7.94909]]]}},{"type":"Feature","properties":{"KODE":1,"KELAS":1,"NAMA":"Kerentanan Rendah","LUAS_HA":0.01,"_cls":"Kerentanan Rendah"},"geometry":{"type":"Polygon","coordinates":[[[111.54206,-7.94937],[111.54206,-7.94928],[111.54215,-7.94928],[111.54215,-7.94937],[111.54206,-7.94937]]]}},{"type":"Feature","properties":{"KODE":1,"KELAS":1,"NAMA":"Kerentanan Rendah","LUAS_HA":0.02,"_cls":"Kerentanan Rendah"},"geometry":{"type":"Polygon","coordinates":[[[111.54215,-7.94928],[111.54215,-7.94919],[111.54233,-7.94919],[111.54233,-7.94928],[111.54215,-7.94928]]]}},{"type":"Feature","properties":{"KODE":1,"KELAS":1,"NAMA":"Kerentanan Rendah","LUAS_HA":0.006,"_cls":"Kerentanan Rendah"},"geometry":{"type":"Polygon","coordinates":[[[111.54206,-7.94937],[111.54203,-7.94948],[111.54196,-7.9494],[111.54206,-7.94937]]]}},{"type":"Feature","properties":{"KODE":2,"KELAS":2,"NAMA":"Kerentanan Sedang","LUAS_HA":8.497,"_cls":"Kerentanan Sedang"},"geometry":{"type":"Polygon","coordinates":[[[111.62127,-7.94944],[111.62083,-7.94936],[111.62068,-7.94922],[111.62057,-7.94889],[111.61932,-7.94876],[111.61945,-7.94824],[111.61978,-7.94813],[111.61974,-7.94709],[111.62037,-7.94734],[111.62076,-7.94707],[111.62077,-7.94731],[111.62063,-7.94772],[111.62111,-7.94823],[111.62162,-7.94858],[111.62195,-7.94849],[111.62149,-7.9479],[111.6217,-7.94759],[111.62202,-7.9477],[111.62213,-7.94804],[111.62249,-7.94813],[111.6226,-7.94857],[111.62312,-7.94859],[111.62314,-7.94814],[111.62295,-7.94796],[111.62311,-7.94707],[111.62332,-7.94674],[111.62368,-7.94691],[111.62336,-7.94803],[111.62358,-7.94804],[111.62385,-7.94731],[111.62396,-7.94688],[111.62455,-7.94685],[111.62494,-7.94703],[111.62496,-7.94751],[111.62474,-7.94828],[111.62367,-7.94867],[111.6234,-7.94913],[111.62255,-7.94895],[111.62204,-7.94913],[111.62131,-7.94921],[111.62127,-7.94944]]]}},{"type":"Feature","properties":{"KODE":2,"KELAS":2,"NAMA":"Kerentanan Sedang","LUAS_HA":0.269,"_cls":"Kerentanan Sedang"},"geometry":{"type":"Polygon","coordinates":[[[111.53988,-7.94928],[111.53967,-7.94968],[111.53903,-7.94952],[111.5391,-7.94932],[111.53988,-7.94928]]]}},{"type":"Feature","properties":{"KODE":2,"KELAS":2,"NAMA":"Kerentanan Sedang","LUAS_HA":0.669,"_cls":"Kerentanan Sedang"},"geometry":{"type":"Polygon","coordinates":[[[111.6249,-7.95016],[111.62445,-7.94998],[111.62469,-7.94951],[111.62556,-7.9494],[111.62561,-7.9498],[111.62497,-7.95007],[111.6249,-7.95016]]]}},{"type":"Feature","properties":{"KODE":2,"KELAS":2,"NAMA":"Kerentanan Sedang","LUAS_HA":1.017,"_cls":"Kerentanan Sedang"},"geometry":{"type":"Polygon","coordinates":[[[111.62191,-7.95062],[111.62123,-7.95058],[111.62132,-7.94995],[111.62285,-7.95002],[111.62275,-7.9504],[111.62194,-7.95056],[111.62191,-7.95062]]]}},{"type":"Feature","properties":{"KODE":2,"KELAS":2,"NAMA":"Kerentanan Sedang","LUAS_HA":1.527,"_cls":"Kerentanan Sedang"},"geometry":{"type":"Polygon","coordinates":[[[111.56302,-7.95106],[111.56283,-7.951],[111.56276,-7.95019],[111.56433,-7.95006],[111.56425,-7.95088],[111.56306,-7.95101],[111.56302,-7.95106]]]}},{"type":"Feature","properties":{"KODE":2,"KELAS":2,"NAMA":"Kerentanan Sedang","LUAS_HA":0.961,"_cls":"Kerentanan Sedang"},"geometry":{"type":"Polygon","coordinates":[[[111.62427,-7.95143],[111.6237,-7.95126],[111.62359,-7.95102],[111.62341,-7.95086],[111.62443,-7.95071],[111.62459,-7.95057],[111.62487,-7.95024],[111.62509,-7.95042],[111.62481,-7.95105],[111.62431,-7.9512],[111.62427,-7.95143]]]}},{"type":"Feature","properties":{"KODE":2,"KELAS":2,"NAMA":"Kerentanan Sedang","LUAS_HA":7.407,"_cls":"Kerentanan Sedang"},"geometry":{"type":"Polygon","coordinates":[[[111.56202,-7.94898],[111.56198,-7.94966],[111.56155,-7.94977],[111.56142,-7.95017],[111.56091,-7.95042],[111.56055,-7.95133],[111.55966,-7.95156],[111.55908,-7.95157],[111.5592,-7.95105],[111.5598,-7.95076],[111.55981,-7.94993],[111.55917,-7.94994],[111.55898,-7.94984],[111.55723,-7.95139],[111.55699,-7.95125],[111.55737,-7.95055],[111.55963,-7.94842],[111.5599,-7.94867],[111.55988,-7.94976],[111.56072,-7.94945],[111.56094,-7.94876],[111.56152,-7.94885],[111.5617,-7.94894],[111.56202,-7.94898]]]}},{"type":"Feature","properties":{"KODE":2,"KELAS":2,"NAMA":"Kerentanan Sedang","LUAS_HA":6.81,"_cls":"Kerentanan Sedang"},"geometry":{"type":"Polygon","coordinates":[[[111.61229,-7.95163],[111.61197,-7.95158],[111.61182,-7.95095],[111.61143,-7.95094],[111.60925,-7.95103],[111.60924,-7.95059],[111.60952,-7.95033],[111.60961,-7.95014],[111.60979,-7.95005],[111.60996,-7.94951],[111.61027,-7.94935],[111.61116,-7.94966],[111.6118,-7.94915],[111.61223,-7.94913],[111.61252,-7.94959],[111.61277,-7.95012],[111.61319,-7.95033],[111.61301,-7.95067],[111.61288,-7.95122],[111.61235,-7.95143],[111.61229,-7.95163]]]}},{"type":"Feature","properties":{"KODE":2,"KELAS":2,"NAMA":"Kerentanan Sedang","LUAS_HA":1.14,"_cls":"Kerentanan Sedang"},"geometry":{"type":"Polygon","coordinates":[[[111.55558,-7.95198],[111.55481,-7.95158],[111.55439,-7.95127],[111.55416,-7.95141],[111.55377,-7.9511],[111.55393,-7.95089],[111.55427,-7.9507],[111.55568,-7.95154],[111.55558,-7.95198]]]}},{"type":"Feature","properties":{"KODE":2,"KELAS":2,"NAMA":"Kerentanan Sedang","LUAS_HA":34.885,"_cls":"Kerentanan Sedang"},"geometry":{"type":"Polygon","coordinates":[[[111.53988,-7.94928],[111.53958,-7.94789],[111.53894,-7.94764],[111.53866,-7.94689],[111.53739,-7.94662],[111.53729,-7.94662],[111.53721,-7.94624],[111.53783,-7.94626],[111.5392,-7.94644],[111.54046,-7.94655],[111.54169,-7.94632],[111.54361,-7.94561],[111.54383,-7.94562],[111.54407,-7.94612],[111.54445,-7.94552],[111.54547,-7.94543],[111.54566,-7.94523],[111.54651,-7.94526],[111.5467,-7.94605],[111.54582,-7.94625],[111.54565,-7.94747],[111.54674,-7.94805],[111.54663,-7.94877],[111.54675,-7.94887],[111.54723,-7.94786],[111.54818,-7.94715],[111.54878,-7.94679],[111.54891,-7.94557],[111.54972,-7.94574],[111.55001,-7.94589],[111.54998,-7.94673],[111.55019,-7.94775],[111.54742,-7.94905],[111.54659,-7.94938],[111.54585,-7.94858],[111.54512,-7.94791],[111.54356,-7.94798],[111.54247,-7.94817],[111.54238,-7.94906],[111.54233,-7.94919],[111.54215,-7.94919],[111.54215,-7.94928],[111.54206,-7.94928],[111.54206,-7.94937],[111.54196,-7.9494],[111.54203,-7.94948],[111.54206,-7.94937],[111.54215,-7.94937],[111.54215,-7.94928],[111.54233,-7.94928],[111.54233,-7.94919],[111.54246,-7.94931],[111.54258,-7.95117],[111.54255,-7.95185],[111.54284,-7.95211],[111.54273,-7.95267],[111.54183,-7.95258],[111.54192,-7.95019],[111.54046,-7.9498],[111.54048,-7.9494],[111.53988,-7.94928]]]}},{"type":"Feature","properties":{"KODE":2,"KELAS":2,"NAMA":"Kerentanan Sedang","LUAS_HA":1.339,"_cls":"Kerentanan Sedang"},"geometry":{"type":"Polygon","coordinates":[[[111.62191,-7.95252],[111.62125,-7.95246],[111.62152,-7.95209],[111.62149,-7.95176],[111.62195,-7.95156],[111.62282,-7.95146],[111.6232,-7.95103],[111.62333,-7.95112],[111.62318,-7.95163],[111.6225,-7.95193],[111.62231,-7.95192],[111.62222,-7.95224],[111.62191,-7.95252]]]}},{"type":"Feature","properties":{"KODE":2,"KELAS":2,"NAMA":"Kerentanan Sedang","LUAS_HA":0.03,"_cls":"Kerentanan Sedang"},"geometry":{"type":"Polygon","coordinates":[[[111.626,-7.95018],[111.62595,-7.95012],[111.62614,-7.94989],[111.6261,-7.95016],[111.626,-7.95018]]]}},{"type":"Feature","properties":{"KODE":2,"KELAS":2,"NAMA":"Kerentanan Sedang","LUAS_HA":4.543,"_cls":"Kerentanan Sedang"},"geometry":{"type":"Polygon","coordinates":[[[111.60712,-7.95381],[111.60667,-7.95376],[111.60573,-7.95296],[111.60542,-7.9524],[111.60553,-7.95156],[111.60658,-7.95164],[111.60735,-7.9515],[111.60807,-7.95124],[111.60796,-7.95214],[111.60671,-7.95261],[111.60696,-7.95296],[111.60753,-7.95344],[111.6074,-7.95365],[111.60716,-7.95376],[111.60712,-7.95381]]]}},{"type":"Feature","properties":{"KODE":2,"KELAS":2,"NAMA":"Kerentanan Sedang","LUAS_HA":1.802,"_cls":"Kerentanan Sedang"},"geometry":{"type":"Polygon","coordinates":[[[111.54034,-7.95399],[111.54007,-7.95394],[111.53948,-7.95344],[111.53958,-7.95268],[111.54111,-7.95282],[111.54097,-7.95335],[111.54072,-7.95364],[111.54034,-7.95399]]]}},{"type":"Feature","properties":{"KODE":2,"KELAS":2,"NAMA":"Kerentanan Sedang","LUAS_HA":4.305,"_cls":"Kerentanan Sedang"},"geometry":{"type":"Polygon","coordinates":[[[111.55922,-7.95414],[111.55883,-7.95409],[111.5584,-7.95292],[111.55931,-7.95259],[111.56037,-7.95234],[111.56129,-7.95196],[111.56154,-7.95287],[111.56053,-7.95318],[111.56044,-7.95368],[111.55926,-7.9541],[111.55922,-7.95414]]]}},{"type":"Feature","properties":{"KODE":2,"KELAS":2,"NAMA":"Kerentanan Sedang","LUAS_HA":1.24,"_cls":"Kerentanan Sedang"},"geometry":{"type":"Polygon","coordinates":[[[111.624,-7.95414],[111.62378,-7.95399],[111.62385,-7.95373],[111.62414,-7.95338],[111.62422,-7.95279],[111.62474,-7.95267],[111.62503,-7.95287],[111.62496,-7.95311],[111.62477,-7.9534],[111.62468,-7.95408],[111.62413,-7.95395],[111.624,-7.95414]]]}},{"type":"Feature","properties":{"KODE":2,"KELAS":2,"NAMA":"Kerentanan Sedang","LUAS_HA":9.494,"_cls":"Kerentanan Sedang"},"geometry":{"type":"Polygon","coordinates":[[[111.53415,-7.95092],[111.5338,-7.95034],[111.53322,-7.95024],[111.53302,-7.95004],[111.53242,-7.95023],[111.53209,-7.95043],[111.53198,-7.95013],[111.53178,-7.94975],[111.53105,-7.9502],[111.53078,-7.94975],[111.53059,-7.94953],[111.5311,-7.94931],[111.53161,-7.94973],[111.5323,-7.94944],[111.53241,-7.94872],[111.53321,-7.94854],[111.53338,-7.94834],[111.53476,-7.94826],[111.53564,-7.94815],[111.53577,-7.94859],[111.53668,-7.9482],[111.53724,-7.94835],[111.53734,-7.94847],[111.5366,-7.94832],[111.53612,-7.94863],[111.53602,-7.94957],[111.53512,-7.9497],[111.53513,-7.95022],[111.53415,-7.95092]]]}},{"type":"Feature","properties":{"KODE":2,"KELAS":2,"NAMA":"Kerentanan Sedang","LUAS_HA":3.083,"_cls":"Kerentanan Sedang"},"geometry":{"type":"Polygon","coordinates":[[[111.61774,-7.95524],[111.61719,-7.95516],[111.61669,-7.95493],[111.6166,-7.95432],[111.6147,-7.95419],[111.61481,-7.95397],[111.61521,-7.95376],[111.61631,-7.95371],[111.61804,-7.95395],[111.61774,-7.95524]]]}},{"type":"Feature","properties":{"KODE":2,"KELAS":2,"NAMA":"Kerentanan Sedang","LUAS_HA":1.554,"_cls":"Kerentanan Sedang"},"geometry":{"type":"Polygon","coordinates":[[[111.61193,-7.95642],[111.61126,-7.95634],[111.61134,-7.95529],[111.61144,-7.95521],[111.61197,-7.95451],[111.61239,-7.95477],[111.61209,-7.95553],[111.61193,-7.95642]]]}},{"type":"Feature","properties":{"KODE":2,"KELAS":2,"NAMA":"Kerentanan Sedang","LUAS_HA":3.407,"_cls":"Kerentanan Sedang"},"geometry":{"type":"Polygon","coordinates":[[[111.61457,-7.95732],[111.61407,-7.95724],[111.61326,-7.95687],[111.61271,-7.95672],[111.61282,-7.95596],[111.61333,-7.95502],[111.61389,-7.9551],[111.61376,-7.95579],[111.61472,-7.95595],[111.6146,-7.95664],[111.61457,-7.95732]]]}},{"type":"Feature","properties":{"KODE":2,"KELAS":2,"NAMA":"Kerentanan Sedang","LUAS_HA":2.597,"_cls":"Kerentanan Sedang"},"geometry":{"type":"Polygon","coordinates":[[[111.61711,-7.95732],[111.616,-7.95727],[111.61586,-7.95684],[111.61504,-7.95661],[111.61517,-7.95574],[111.61676,-7.956],[111.61711,-7.95732]]]}},{"type":"Feature","properties":{"KODE":2,"KELAS":2,"NAMA":"Kerentanan Sedang","LUAS_HA":0.524,"_cls":"Kerentanan Sedang"},"geometry":{"type":"MultiPolygon","coordinates":[[[[111.63678,-7.95715],[111.63638,-7.95698],[111.6363,-7.95634],[111.63612,-7.95618],[111.63617,-7.95604],[111.63695,-7.95647],[111.63753,-7.95685],[111.63801,-7.95692],[111.6381,-7.95695],[111.63747,-7.95688],[111.6367,-7.95634],[111.63663,-7.95661],[111.63678,-7.95715]]],[[[111.63885,-7.95707],[111.63824,-7.95697],[111.63841,-7.95696],[111.63856,-7.9569],[111.63865,-7.95691],[111.63889,-7.95697],[111.63885,-7.95707]]]]}},{"type":"Feature","properties":{"KODE":2,"KELAS":2,"NAMA":"Kerentanan Sedang","LUAS_HA":1.562,"_cls":"Kerentanan Sedang"},"geometry":{"type":"Polygon","coordinates":[[[111.60459,-7.95869],[111.60427,-7.95856],[111.60391,-7.95828],[111.60372,-7.9582],[111.60345,-7.95786],[111.60268,-7.95796],[111.60244,-7.95755],[111.60307,-7.95718],[111.60354,-7.95752],[111.60431,-7.95777],[111.6046,-7.95818],[111.60465,-7.95854],[111.60459,-7.95869]]]}},{"type":"Feature","properties":{"KODE":2,"KELAS":2,"NAMA":"Kerentanan Sedang","LUAS_HA":20.192,"_cls":"Kerentanan Sedang"},"geometry":{"type":"Polygon","coordinates":[[[111.60795,-7.95869],[111.60763,-7.95839],[111.60762,-7.95762],[111.60844,-7.95629],[111.60907,-7.95591],[111.60852,-7.95521],[111.60773,-7.9553],[111.60742,-7.95656],[111.60717,-7.95647],[111.60657,-7.95602],[111.60635,-7.95611],[111.60594,-7.95653],[111.60486,-7.95678],[111.6042,-7.95664],[111.60387,-7.95687],[111.60362,-7.95674],[111.603,-7.95654],[111.60341,-7.95545],[111.60377,-7.95414],[111.60472,-7.95383],[111.60471,-7.95351],[111.60535,-7.95376],[111.60694,-7.95448],[111.60735,-7.95449],[111.60747,-7.95436],[111.6087,-7.95394],[111.6092,-7.95406],[111.61041,-7.95554],[111.60944,-7.95601],[111.60945,-7.95698],[111.60935,-7.95719],[111.60795,-7.95869]]]}},{"type":"Feature","properties":{"KODE":2,"KELAS":2,"NAMA":"Kerentanan Sedang","LUAS_HA":4.087,"_cls":"Kerentanan Sedang"},"geometry":{"type":"Polygon","coordinates":[[[111.55251,-7.96003],[111.55085,-7.95957],[111.5504,-7.95981],[111.55021,-7.95967],[111.55056,-7.95907],[111.5511,-7.9591],[111.55131,-7.95877],[111.55338,-7.95924],[111.55449,-7.95904],[111.55609,-7.95917],[111.5561,-7.95943],[111.5537,-7.9596],[111.55323,-7.95973],[111.55282,-7.95959],[111.55251,-7.96003]]]}},{"type":"Feature","properties":{"KODE":2,"KELAS":2,"NAMA":"Kerentanan Sedang","LUAS_HA":41.336,"_cls":"Kerentanan Sedang"},"geometry":{"type":"Polygon","coordinates":[[[111.54616,-7.96022],[111.54548,-7.96018],[111.54508,-7.96008],[111.54442,-7.9601],[111.54394,-7.95979],[111.54425,-7.95909],[111.54474,-7.9591],[111.54494,-7.95873],[111.54466,-7.95833],[111.54484,-7.95801],[111.54553,-7.95791],[111.54587,-7.95711],[111.54638,-7.95699],[111.54629,-7.95595],[111.54584,-7.95581],[111.54592,-7.95493],[111.54636,-7.95472],[111.54638,-7.95407],[111.54465,-7.9543],[111.54414,-7.9544],[111.54388,-7.95428],[111.54383,-7.95297],[111.54395,-7.95258],[111.5447,-7.95269],[111.54503,-7.95334],[111.54715,-7.95304],[111.54946,-7.95242],[111.54946,-7.9523],[111.54934,-7.95206],[111.55047,-7.95102],[111.55115,-7.9507],[111.55135,-7.95005],[111.55279,-7.95022],[111.55292,-7.95081],[111.55282,-7.95112],[111.55147,-7.95122],[111.55069,-7.95242],[111.55054,-7.95258],[111.55018,-7.95257],[111.54982,-7.95313],[111.54939,-7.95333],[111.54856,-7.9538],[111.5488,-7.95411],[111.54987,-7.95397],[111.55001,-7.95384],[111.54998,-7.95312],[111.55049,-7.9531],[111.55172,-7.95333],[111.55185,-7.95293],[111.55254,-7.95307],[111.55245,-7.95438],[111.55191,-7.95429],[111.55193,-7.95375],[111.55139,-7.95385],[111.55135,-7.95498],[111.55228,-7.95515],[111.55208,-7.9556],[111.55047,-7.95576],[111.54897,-7.9556],[111.5488,-7.95545],[111.54884,-7.95458],[111.54702,-7.95451],[111.54699,-7.95544],[111.54765,-7.95561],[111.54883,-7.95575],[111.54874,-7.95638],[111.54675,-7.95648],[111.54683,-7.95701],[111.54912,-7.95711],[111.54983,-7.95745],[111.55059,-7.95789],[111.5503,-7.95891],[111.54975,-7.95889],[111.54957,-7.95926],[111.54638,-7.95873],[111.54609,-7.95812],[111.54582,-7.95878],[111.54638,-7.95914],[111.54616,-7.96022]]]}},{"type":"Feature","properties":{"KODE":2,"KELAS":2,"NAMA":"Kerentanan Sedang","LUAS_HA":0.016,"_cls":"Kerentanan Sedang"},"geometry":{"type":"Polygon","coordinates":[[[111.6476,-7.96026],[111.64746,-7.96021],[111.64731,-7.96017],[111.64762,-7.96016],[111.6476,-7.96026]]]}},{"type":"Feature","properties":{"KODE":2,"KELAS":2,"NAMA":"Kerentanan Sedang","LUAS_HA":2.079,"_cls":"Kerentanan Sedang"},"geometry":{"type":"Polygon","coordinates":[[[111.58146,-7.96126],[111.58044,-7.96131],[111.57978,-7.96115],[111.57986,-7.96058],[111.58009,-7.96048],[111.58025,-7.95997],[111.58145,-7.96022],[111.58132,-7.96085],[111.58141,-7.96103],[111.58146,-7.96126]]]}},{"type":"Feature","properties":{"KODE":2,"KELAS":2,"NAMA":"Kerentanan Sedang","LUAS_HA":0.259,"_cls":"Kerentanan Sedang"},"geometry":{"type":"Polygon","coordinates":[[[111.63399,-7.96127],[111.63369,-7.96106],[111.63356,-7.96075],[111.63368,-7.96015],[111.63382,-7.96027],[111.63373,-7.96071],[111.63388,-7.96093],[111.63407,-7.96106],[111.63399,-7.96127]]]}},{"type":"Feature","properties":{"KODE":2,"KELAS":2,"NAMA":"Kerentanan Sedang","LUAS_HA":3.091,"_cls":"Kerentanan Sedang"},"geometry":{"type":"Polygon","coordinates":[[[111.6319,-7.96155],[111.63113,-7.96148],[111.63126,-7.96109],[111.63223,-7.96091],[111.6321,-7.96042],[111.6324,-7.96017],[111.63229,-7.96013],[111.63187,-7.96017],[111.63168,-7.95982],[111.63163,-7.95927],[111.63198,-7.95907],[111.63326,-7.95897],[111.63333,-7.95957],[111.63322,-7.95969],[111.63266,-7.9598],[111.6327,-7.96023],[111.63266,-7.96064],[111.6327,-7.96112],[111.63194,-7.9615],[111.6319,-7.96155]]]}},{"type":"Feature","properties":{"KODE":2,"KELAS":2,"NAMA":"Kerentanan Sedang","LUAS_HA":0.452,"_cls":"Kerentanan Sedang"},"geometry":{"type":"Polygon","coordinates":[[[111.58146,-7.96126],[111.58213,-7.96151],[111.58191,-7.96196],[111.58129,-7.96183],[111.58146,-7.96126]]]}},{"type":"Feature","properties":{"KODE":2,"KELAS":2,"NAMA":"Kerentanan Sedang","LUAS_HA":0.348,"_cls":"Kerentanan Sedang"},"geometry":{"type":"Polygon","coordinates":[[[111.63517,-7.96236],[111.63422,-7.96221],[111.63421,-7.96198],[111.63472,-7.96194],[111.63513,-7.96204],[111.63517,-7.96236]]]}},{"type":"Feature","properties":{"KODE":2,"KELAS":2,"NAMA":"Kerentanan Sedang","LUAS_HA":0.774,"_cls":"Kerentanan Sedang"},"geometry":{"type":"Polygon","coordinates":[[[111.64052,-7.96262],[111.64012,-7.96257],[111.6402,-7.96248],[111.64074,-7.96228],[111.64065,-7.96187],[111.64003,-7.96196],[111.64017,-7.96159],[111.64131,-7.96166],[111.64111,-7.96193],[111.64102,-7.96244],[111.64056,-7.96257],[111.64052,-7.96262]]]}},{"type":"Feature","properties":{"KODE":2,"KELAS":2,"NAMA":"Kerentanan Sedang","LUAS_HA":0.991,"_cls":"Kerentanan Sedang"},"geometry":{"type":"Polygon","coordinates":[[[111.64551,-7.9627],[111.6452,-7.96265],[111.64528,-7.96238],[111.64561,-7.96218],[111.64549,-7.96125],[111.6464,-7.96113],[111.64627,-7.96173],[111.64592,-7.96184],[111.64583,-7.96236],[111.64551,-7.9627]]]}},{"type":"Feature","properties":{"KODE":2,"KELAS":2,"NAMA":"Kerentanan Sedang","LUAS_HA":0.202,"_cls":"Kerentanan Sedang"},"geometry":{"type":"Polygon","coordinates":[[[111.52163,-7.96336],[111.5204,-7.96326],[111.52053,-7.9632],[111.52069,-7.96318],[111.52096,-7.96319],[111.52129,-7.96315],[111.52171,-7.9632],[111.52163,-7.96336]]]}},{"type":"Feature","properties":{"KODE":2,"KELAS":2,"NAMA":"Kerentanan Sedang","LUAS_HA":0.353,"_cls":"Kerentanan Sedang"},"geometry":{"type":"Polygon","coordinates":[[[111.64842,-7.9636],[111.64802,-7.96349],[111.64802,-7.96324],[111.64798,-7.96294],[111.64831,-7.96289],[111.64851,-7.96304],[111.64842,-7.9636]]]}},{"type":"Feature","properties":{"KODE":2,"KELAS":2,"NAMA":"Kerentanan Sedang","LUAS_HA":3.706,"_cls":"Kerentanan Sedang"},"geometry":{"type":"Polygon","coordinates":[[[111.61031,-7.96402],[111.61017,-7.96398],[111.61009,-7.96379],[111.60955,-7.96359],[111.6095,-7.96309],[111.61097,-7.96262],[111.6124,-7.96271],[111.61249,-7.96357],[111.61122,-7.96387],[111.61035,-7.96397],[111.61031,-7.96402]]]}},{"type":"Feature","properties":{"KODE":2,"KELAS":2,"NAMA":"Kerentanan Sedang","LUAS_HA":2.099,"_cls":"Kerentanan Sedang"},"geometry":{"type":"Polygon","coordinates":[[[111.62964,-7.96444],[111.62923,-7.9644],[111.62914,-7.96403],[111.62887,-7.96366],[111.62904,-7.96321],[111.62971,-7.96269],[111.63006,-7.96266],[111.63048,-7.96283],[111.62996,-7.96404],[111.62964,-7.96444]]]}},{"type":"Feature","properties":{"KODE":2,"KELAS":2,"NAMA":"Kerentanan Sedang","LUAS_HA":8.314,"_cls":"Kerentanan Sedang"},"geometry":{"type":"Polygon","coordinates":[[[111.57955,-7.9647],[111.57888,-7.96465],[111.57802,-7.9645],[111.57794,-7.96354],[111.57805,-7.9633],[111.57865,-7.9632],[111.57879,-7.96261],[111.57911,-7.96246],[111.57947,-7.96184],[111.58122,-7.96203],[111.58091,-7.96307],[111.58129,-7.96355],[111.58113,-7.96428],[111.58025,-7.96442],[111.57964,-7.9646],[111.57955,-7.9647]]]}},{"type":"Feature","properties":{"KODE":2,"KELAS":2,"NAMA":"Kerentanan Sedang","LUAS_HA":0.01,"_cls":"Kerentanan Sedang"},"geometry":{"type":"Polygon","coordinates":[[[111.61875,-7.96491],[111.61875,-7.96482],[111.61884,-7.96482],[111.61884,-7.96491],[111.61875,-7.96491]]]}},{"type":"Feature","properties":{"KODE":2,"KELAS":2,"NAMA":"Kerentanan Sedang","LUAS_HA":2.508,"_cls":"Kerentanan Sedang"},"geometry":{"type":"Polygon","coordinates":[[[111.60178,-7.96494],[111.60148,-7.96488],[111.60146,-7.96463],[111.60184,-7.9643],[111.6018,-7.96392],[111.60221,-7.96363],[111.60283,-7.96336],[111.60327,-7.96311],[111.60373,-7.9634],[111.60362,-7.9638],[111.60245,-7.96478],[111.60183,-7.96489],[111.60178,-7.96494]]]}},{"type":"Feature","properties":{"KODE":2,"KELAS":2,"NAMA":"Kerentanan Sedang","LUAS_HA":0.006,"_cls":"Kerentanan Sedang"},"geometry":{"type":"Polygon","coordinates":[[[111.61875,-7.96491],[111.61872,-7.96502],[111.61865,-7.96494],[111.61875,-7.96491]]]}},{"type":"Feature","properties":{"KODE":2,"KELAS":2,"NAMA":"Kerentanan Sedang","LUAS_HA":8.495,"_cls":"Kerentanan Sedang"},"geometry":{"type":"Polygon","coordinates":[[[111.54952,-7.96619],[111.54803,-7.96599],[111.54811,-7.96551],[111.54908,-7.96568],[111.54915,-7.96486],[111.54812,-7.96468],[111.548,-7.96505],[111.54721,-7.96495],[111.54705,-7.96352],[111.54658,-7.96342],[111.54667,-7.96281],[111.54721,-7.96271],[111.54736,-7.96237],[111.54805,-7.96326],[111.55001,-7.9637],[111.55042,-7.96395],[111.5503,-7.96543],[111.54957,-7.9656],[111.54952,-7.96619]]]}},{"type":"Feature","properties":{"KODE":2,"KELAS":2,"NAMA":"Kerentanan Sedang","LUAS_HA":0.818,"_cls":"Kerentanan Sedang"},"geometry":{"type":"Polygon","coordinates":[[[111.55642,-7.96618],[111.55547,-7.96608],[111.55556,-7.96532],[111.55631,-7.96544],[111.55647,-7.96586],[111.55642,-7.96618]]]}},{"type":"Feature","properties":{"KODE":2,"KELAS":2,"NAMA":"Kerentanan Sedang","LUAS_HA":48.802,"_cls":"Kerentanan Sedang"},"geometry":{"type":"Polygon","coordinates":[[[111.56404,-7.96617],[111.5639,-7.96612],[111.5633,-7.96564],[111.56195,-7.96577],[111.56139,-7.96576],[111.56108,-7.96586],[111.56073,-7.96604],[111.55914,-7.96532],[111.55883,-7.96531],[111.55807,-7.96577],[111.55765,-7.96553],[111.55752,-7.96406],[111.55664,-7.96387],[111.55654,-7.96366],[111.5553,-7.96404],[111.5537,-7.96421],[111.55338,-7.96388],[111.55229,-7.96397],[111.55198,-7.96418],[111.55129,-7.96404],[111.55172,-7.96243],[111.55255,-7.96244],[111.55291,-7.96225],[111.55505,-7.96207],[111.55619,-7.96188],[111.55609,-7.96148],[111.5555,-7.96113],[111.55567,-7.96062],[111.55667,-7.96121],[111.55787,-7.96197],[111.55772,-7.96149],[111.55718,-7.96045],[111.5581,-7.96043],[111.55854,-7.96143],[111.55944,-7.96152],[111.5602,-7.96268],[111.56109,-7.96287],[111.56118,-7.96354],[111.56313,-7.96387],[111.56361,-7.96322],[111.56424,-7.96333],[111.5645,-7.9632],[111.56611,-7.96402],[111.56653,-7.96413],[111.56828,-7.96259],[111.56859,-7.9627],[111.5682,-7.96367],[111.56803,-7.96454],[111.56744,-7.96499],[111.56622,-7.96552],[111.56546,-7.96513],[111.56456,-7.96547],[111.56437,-7.96565],[111.56404,-7.96617]]]}},{"type":"Feature","properties":{"KODE":2,"KELAS":2,"NAMA":"Kerentanan Sedang","LUAS_HA":1.95,"_cls":"Kerentanan Sedang"},"geometry":{"type":"Polygon","coordinates":[[[111.64615,-7.96605],[111.6456,-7.966],[111.64504,-7.96569],[111.64448,-7.9659],[111.64459,-7.96555],[111.64481,-7.96528],[111.64566,-7.96537],[111.64598,-7.96555],[111.64622,-7.96523],[111.64645,-7.96423],[111.64662,-7.96402],[111.64686,-7.96421],[111.64672,-7.96534],[111.64648,-7.96573],[111.64628,-7.9659],[111.64615,-7.96605]]]}},{"type":"Feature","properties":{"KODE":2,"KELAS":2,"NAMA":"Kerentanan Sedang","LUAS_HA":1.553,"_cls":"Kerentanan Sedang"},"geometry":{"type":"Polygon","coordinates":[[[111.63336,-7.9667],[111.63214,-7.96666],[111.63224,-7.96634],[111.63389,-7.96544],[111.63494,-7.96522],[111.63483,-7.96559],[111.63305,-7.96608],[111.63313,-7.9663],[111.63368,-7.9664],[111.63359,-7.96657],[111.63336,-7.9667]]]}},{"type":"Feature","properties":{"KODE":2,"KELAS":2,"NAMA":"Kerentanan Sedang","LUAS_HA":0.41,"_cls":"Kerentanan Sedang"},"geometry":{"type":"Polygon","coordinates":[[[111.65033,-7.96722],[111.64983,-7.96717],[111.64981,-7.96694],[111.65109,-7.96681],[111.65101,-7.96708],[111.65037,-7.96717],[111.65033,-7.96722]]]}},{"type":"Feature","properties":{"KODE":1,"KELAS":1,"NAMA":"Kerentanan Rendah","LUAS_HA":2.286,"_cls":"Kerentanan Rendah"},"geometry":{"type":"Polygon","coordinates":[[[111.61467,-7.96772],[111.61368,-7.96767],[111.61251,-7.96692],[111.61218,-7.96661],[111.61266,-7.9662],[111.61347,-7.96663],[111.61462,-7.96707],[111.61467,-7.96772]]]}},{"type":"Feature","properties":{"KODE":2,"KELAS":2,"NAMA":"Kerentanan Sedang","LUAS_HA":1.275,"_cls":"Kerentanan Sedang"},"geometry":{"type":"Polygon","coordinates":[[[111.64806,-7.96776],[111.64759,-7.96745],[111.64755,-7.96727],[111.64773,-7.96652],[111.64765,-7.96614],[111.64739,-7.96596],[111.64751,-7.96586],[111.64816,-7.96603],[111.64794,-7.96675],[111.64819,-7.96691],[111.64852,-7.96703],[111.64861,-7.96743],[111.6481,-7.96771],[111.64806,-7.96776]]]}},{"type":"Feature","properties":{"KODE":2,"KELAS":2,"NAMA":"Kerentanan Sedang","LUAS_HA":69.721,"_cls":"Kerentanan Sedang"},"geometry":{"type":"Polygon","coordinates":[[[111.61884,-7.96482],[111.61862,-7.9646],[111.61799,-7.96524],[111.61757,-7.96509],[111.61708,-7.96573],[111.61771,-7.9661],[111.61761,-7.96768],[111.61731,-7.96799],[111.61657,-7.96775],[111.61673,-7.96696],[111.61629,-7.96675],[111.61607,-7.96631],[111.61608,-7.96578],[111.61507,-7.96541],[111.61508,-7.96485],[111.61409,-7.96461],[111.6133,-7.96417],[111.61353,-7.9637],[111.61408,-7.96361],[111.61434,-7.96334],[111.61526,-7.96356],[111.61525,-7.96384],[111.61607,-7.96415],[111.6162,-7.96441],[111.61771,-7.9649],[111.61885,-7.96372],[111.62024,-7.9628],[111.62055,-7.96229],[111.61983,-7.96155],[111.61928,-7.96118],[111.61884,-7.96197],[111.61734,-7.96215],[111.61556,-7.96252],[111.61534,-7.96243],[111.61525,-7.96162],[111.61437,-7.96152],[111.61426,-7.96117],[111.61399,-7.96091],[111.61398,-7.96063],[111.61424,-7.96012],[111.61405,-7.95936],[111.61334,-7.95948],[111.61338,-7.96129],[111.61168,-7.9617],[111.61081,-7.96153],[111.61034,-7.96129],[111.60971,-7.9618],[111.60878,-7.96182],[111.6089,-7.96108],[111.60879,-7.96098],[111.60914,-7.95947],[111.60931,-7.95792],[111.60994,-7.95791],[111.61094,-7.95815],[111.61118,-7.95838],[111.61108,-7.95883],[111.60999,-7.95881],[111.6099,-7.95927],[111.60976,-7.9594],[111.60959,-7.96058],[111.61219,-7.96063],[111.61199,-7.95904],[111.61244,-7.95882],[111.61234,-7.95843],[111.61126,-7.95803],[111.61135,-7.95782],[111.61162,-7.95773],[111.61174,-7.9571],[111.61216,-7.95719],[111.61235,-7.95783],[111.61297,-7.95782],[111.6147,-7.95791],[111.61489,-7.95819],[111.61579,-7.95817],[111.61588,-7.95836],[111.61643,-7.95845],[111.61652,-7.95984],[111.61781,-7.95971],[111.62119,-7.95982],[111.62133,-7.95925],[111.6216,-7.95899],[111.62161,-7.95862],[111.62082,-7.95837],[111.6206,-7.95773],[111.62072,-7.95736],[111.62122,-7.95735],[111.62209,-7.95757],[111.62266,-7.95639],[111.62281,-7.95623],[111.62378,-7.95683],[111.62441,-7.95733],[111.6241,-7.9582],[111.6229,-7.95775],[111.62278,-7.95799],[111.62243,-7.95887],[111.62223,-7.95918],[111.62194,-7.95945],[111.62163,-7.96068],[111.62281,-7.9611],[111.62388,-7.96206],[111.62406,-7.96179],[111.62415,-7.96151],[111.62459,-7.96152],[111.62469,-7.96142],[111.6248,-7.95998],[111.62512,-7.95997],[111.62568,-7.96011],[111.62569,-7.96025],[111.62514,-7.96024],[111.62504,-7.96155],[111.62445,-7.96174],[111.62415,-7.96219],[111.62437,-7.96271],[111.62473,-7.96289],[111.62519,-7.96273],[111.62551,-7.96304],[111.62517,-7.96323],[111.6245,-7.96311],[111.62369,-7.96251],[111.62257,-7.96152],[111.62236,-7.96151],[111.62186,-7.96237],[111.62126,-7.96324],[111.62185,-7.96454],[111.62089,-7.96537],[111.62011,-7.96589],[111.61907,-7.96496],[111.61884,-7.96482]]]}},{"type":"Feature","properties":{"KODE":2,"KELAS":2,"NAMA":"Kerentanan Sedang","LUAS_HA":1.0,"_cls":"Kerentanan Sedang"},"geometry":{"type":"Polygon","coordinates":[[[111.54726,-7.96917],[111.54713,-7.96913],[111.54609,-7.96899],[111.54633,-7.96823],[111.54721,-7.96832],[111.54726,-7.96917]]]}},{"type":"Feature","properties":{"KODE":2,"KELAS":2,"NAMA":"Kerentanan Sedang","LUAS_HA":0.631,"_cls":"Kerentanan Sedang"},"geometry":{"type":"Polygon","coordinates":[[[111.55125,-7.96917],[111.55103,-7.96897],[111.55039,-7.96806],[111.55069,-7.96793],[111.55157,-7.96894],[111.55125,-7.96917]]]}},{"type":"Feature","properties":{"KODE":2,"KELAS":2,"NAMA":"Kerentanan Sedang","LUAS_HA":17.759,"_cls":"Kerentanan Sedang"},"geometry":{"type":"Polygon","coordinates":[[[111.57176,-7.96914],[111.57141,-7.96903],[111.57084,-7.96877],[111.5702,-7.96818],[111.57002,-7.96779],[111.56873,-7.96668],[111.56712,-7.96647],[111.56731,-7.96548],[111.56798,-7.96559],[111.56837,-7.96437],[111.56886,-7.96362],[111.56929,-7.96316],[111.57034,-7.9627],[111.5713,-7.9625],[111.57334,-7.96258],[111.57344,-7.96302],[111.57424,-7.9625],[111.57425,-7.96231],[111.57361,-7.96181],[111.57371,-7.96144],[111.57499,-7.96086],[111.57532,-7.96087],[111.5764,-7.9603],[111.57687,-7.96059],[111.57737,-7.96038],[111.57753,-7.96083],[111.57703,-7.96122],[111.57636,-7.96086],[111.57548,-7.96138],[111.57564,-7.962],[111.57479,-7.96294],[111.5744,-7.96347],[111.57314,-7.96376],[111.57301,-7.96361],[111.57283,-7.96304],[111.57225,-7.96321],[111.57212,-7.96348],[111.57134,-7.96367],[111.571,-7.96385],[111.57034,-7.96376],[111.56967,-7.96362],[111.56918,-7.96409],[111.56886,-7.96563],[111.56899,-7.96639],[111.56961,-7.96668],[111.57067,-7.96727],[111.57126,-7.96801],[111.5719,-7.96873],[111.57176,-7.96914]]]}},{"type":"Feature","properties":{"KODE":1,"KELAS":1,"NAMA":"Kerentanan Rendah","LUAS_HA":1.838,"_cls":"Kerentanan Rendah"},"geometry":{"type":"Polygon","coordinates":[[[111.56504,-7.9696],[111.56476,-7.96955],[111.56352,-7.96904],[111.56364,-7.96846],[111.56328,-7.96815],[111.56339,-7.96784],[111.56458,-7.96866],[111.56532,-7.96912],[111.56504,-7.9696]]]}},{"type":"Feature","properties":{"KODE":2,"KELAS":2,"NAMA":"Kerentanan Sedang","LUAS_HA":6.709,"_cls":"Kerentanan Sedang"},"geometry":{"type":"Polygon","coordinates":[[[111.60796,-7.96963],[111.60736,-7.96959],[111.60738,-7.96892],[111.60628,-7.96858],[111.60638,-7.968],[111.60746,-7.96795],[111.60763,-7.96814],[111.60849,-7.96785],[111.60933,-7.96788],[111.61016,-7.96767],[111.61039,-7.96788],[111.6109,-7.9685],[111.61091,-7.96892],[111.60876,-7.96927],[111.608,-7.96959],[111.60796,-7.96963]]]}},{"type":"Feature","properties":{"KODE":2,"KELAS":2,"NAMA":"Kerentanan Sedang","LUAS_HA":0.591,"_cls":"Kerentanan Sedang"},"geometry":{"type":"Polygon","coordinates":[[[111.65206,-7.96957],[111.65165,-7.96952],[111.65173,-7.96934],[111.6524,-7.96924],[111.65237,-7.96895],[111.65246,-7.9685],[111.65309,-7.96842],[111.653,-7.96865],[111.65282,-7.96879],[111.65266,-7.96917],[111.6521,-7.96952],[111.65206,-7.96957]]]}},{"type":"Feature","properties":{"KODE":2,"KELAS":2,"NAMA":"Kerentanan Sedang","LUAS_HA":0.537,"_cls":"Kerentanan Sedang"},"geometry":{"type":"Polygon","coordinates":[[[111.62829,-7.97069],[111.62789,-7.97057],[111.62838,-7.96947],[111.62868,-7.9697],[111.62829,-7.97069]]]}},{"type":"Feature","properties":{"KODE":2,"KELAS":2,"NAMA":"Kerentanan Sedang","LUAS_HA":2.104,"_cls":"Kerentanan Sedang"},"geometry":{"type":"Polygon","coordinates":[[[111.65106,-7.97074],[111.65075,-7.97069],[111.65047,-7.97019],[111.65056,-7.96997],[111.65092,-7.96974],[111.6508,-7.9693],[111.65002,-7.96924],[111.64965,-7.96951],[111.64911,-7.96927],[111.64922,-7.96889],[111.65038,-7.9688],[111.65109,-7.96867],[111.65135,-7.97013],[111.65099,-7.97029],[111.65106,-7.97074]]]}},{"type":"Feature","properties":{"KODE":2,"KELAS":2,"NAMA":"Kerentanan Sedang","LUAS_HA":12.573,"_cls":"Kerentanan Sedang"},"geometry":{"type":"Polygon","coordinates":[[[111.54935,-7.97098],[111.54745,-7.97092],[111.54543,-7.97068],[111.54531,-7.97031],[111.54295,-7.97022],[111.54305,-7.96951],[111.54484,-7.96947],[111.54498,-7.96962],[111.54848,-7.96968],[111.54866,-7.96804],[111.54885,-7.96795],[111.54916,-7.96733],[111.54978,-7.96731],[111.54996,-7.96875],[111.55039,-7.97024],[111.5503,-7.97039],[111.54948,-7.97048],[111.54935,-7.97098]]]}},{"type":"Feature","properties":{"KODE":2,"KELAS":2,"NAMA":"Kerentanan Sedang","LUAS_HA":5.549,"_cls":"Kerentanan Sedang"},"geometry":{"type":"Polygon","coordinates":[[[111.63645,-7.97086],[111.636,-7.97078],[111.63568,-7.97036],[111.63559,-7.96972],[111.63536,-7.96917],[111.63568,-7.96819],[111.63595,-7.96717],[111.63661,-7.9668],[111.63731,-7.96723],[111.63713,-7.96791],[111.63688,-7.96805],[111.63623,-7.968],[111.63611,-7.96822],[111.6363,-7.96864],[111.63713,-7.96895],[111.63702,-7.96926],[111.63659,-7.96939],[111.63668,-7.96966],[111.63702,-7.96994],[111.63722,-7.97049],[111.63661,-7.97067],[111.63645,-7.97086]]]}},{"type":"Feature","properties":{"KODE":2,"KELAS":2,"NAMA":"Kerentanan Sedang","LUAS_HA":2.874,"_cls":"Kerentanan Sedang"},"geometry":{"type":"Polygon","coordinates":[[[111.62729,-7.97096],[111.62702,-7.97089],[111.62678,-7.97056],[111.6267,-7.96937],[111.6257,-7.9692],[111.62581,-7.96884],[111.62643,-7.96875],[111.62672,-7.96839],[111.62738,-7.96867],[111.62752,-7.96938],[111.62744,-7.97002],[111.62786,-7.97054],[111.62729,-7.97096]]]}},{"type":"Feature","properties":{"KODE":2,"KELAS":2,"NAMA":"Kerentanan Sedang","LUAS_HA":1.659,"_cls":"Kerentanan Sedang"},"geometry":{"type":"Polygon","coordinates":[[[111.64417,-7.97093],[111.64341,-7.97086],[111.64322,-7.97035],[111.64304,-7.97003],[111.64301,-7.96964],[111.64441,-7.96935],[111.64438,-7.96969],[111.64376,-7.96997],[111.64384,-7.97026],[111.64439,-7.97038],[111.64417,-7.97093]]]}},{"type":"Feature","properties":{"KODE":1,"KELAS":1,"NAMA":"Kerentanan Rendah","LUAS_HA":0.771,"_cls":"Kerentanan Rendah"},"geometry":{"type":"Polygon","coordinates":[[[111.56133,-7.9716],[111.56086,-7.97145],[111.56115,-7.97019],[111.56136,-7.96975],[111.56158,-7.96992],[111.56139,-7.97065],[111.56133,-7.9716]]]}},{"type":"Feature","properties":{"KODE":2,"KELAS":2,"NAMA":"Kerentanan Sedang","LUAS_HA":4.213,"_cls":"Kerentanan Sedang"},"geometry":{"type":"Polygon","coordinates":[[[111.61105,-7.97162],[111.61056,-7.97157],[111.61016,-7.97111],[111.60984,-7.97055],[111.60978,-7.97014],[111.61044,-7.97003],[111.61119,-7.96974],[111.61196,-7.96987],[111.61227,-7.97058],[111.61217,-7.97123],[111.61183,-7.97149],[111.61109,-7.97157],[111.61105,-7.97162]]]}},{"type":"Feature","properties":{"KODE":2,"KELAS":2,"NAMA":"Kerentanan Sedang","LUAS_HA":0.979,"_cls":"Kerentanan Sedang"},"geometry":{"type":"Polygon","coordinates":[[[111.53266,-7.97191],[111.53237,-7.97182],[111.5323,-7.97092],[111.53315,-7.97086],[111.53322,-7.97176],[111.5327,-7.97186],[111.53266,-7.97191]]]}},{"type":"Feature","properties":{"KODE":2,"KELAS":2,"NAMA":"Kerentanan Sedang","LUAS_HA":3.013,"_cls":"Kerentanan Sedang"},"geometry":{"type":"Polygon","coordinates":[[[111.6252,-7.97178],[111.62492,-7.9717],[111.62501,-7.97084],[111.62407,-7.97072],[111.62415,-7.97046],[111.62488,-7.96997],[111.62584,-7.96976],[111.62624,-7.97068],[111.62608,-7.97149],[111.6257,-7.97145],[111.6252,-7.97178]]]}},{"type":"Feature","properties":{"KODE":2,"KELAS":2,"NAMA":"Kerentanan Sedang","LUAS_HA":0.561,"_cls":"Kerentanan Sedang"},"geometry":{"type":"Polygon","coordinates":[[[111.63192,-7.97204],[111.63161,-7.97195],[111.63169,-7.97119],[111.63182,-7.97073],[111.63213,-7.97096],[111.63216,-7.97119],[111.63192,-7.97204]]]}},{"type":"Feature","properties":{"KODE":2,"KELAS":2,"NAMA":"Kerentanan Sedang","LUAS_HA":1.046,"_cls":"Kerentanan Sedang"},"geometry":{"type":"Polygon","coordinates":[[[111.63473,-7.97213],[111.63324,-7.97207],[111.63335,-7.97162],[111.63513,-7.97161],[111.63525,-7.97185],[111.63478,-7.97207],[111.63473,-7.97213]]]}},{"type":"Feature","properties":{"KODE":2,"KELAS":2,"NAMA":"Kerentanan Sedang","LUAS_HA":20.947,"_cls":"Kerentanan Sedang"},"geometry":{"type":"Polygon","coordinates":[[[111.61305,-7.97225],[111.61257,-7.97218],[111.6124,-7.97168],[111.61291,-7.97075],[111.61345,-7.9705],[111.61315,-7.9699],[111.61399,-7.9683],[111.61379,-7.96811],[111.61345,-7.96822],[111.6133,-7.96867],[111.61248,-7.9685],[111.61073,-7.9669],[111.61059,-7.96584],[111.61074,-7.96502],[111.61121,-7.9647],[111.61191,-7.9648],[111.61189,-7.96532],[111.61363,-7.96585],[111.61472,-7.96614],[111.61484,-7.9664],[111.61535,-7.96652],[111.61524,-7.96769],[111.61492,-7.96849],[111.61422,-7.96963],[111.61469,-7.96999],[111.61567,-7.96965],[111.61615,-7.97081],[111.61541,-7.97123],[111.61556,-7.97182],[111.6152,-7.97207],[111.61431,-7.97139],[111.61373,-7.97202],[111.61309,-7.9722],[111.61305,-7.97225]],[[111.61467,-7.96772],[111.61462,-7.96707],[111.61347,-7.96663],[111.61266,-7.9662],[111.61218,-7.96661],[111.61251,-7.96692],[111.61368,-7.96767],[111.61467,-7.96772]]]}},{"type":"Feature","properties":{"KODE":2,"KELAS":2,"NAMA":"Kerentanan Sedang","LUAS_HA":0.603,"_cls":"Kerentanan Sedang"},"geometry":{"type":"Polygon","coordinates":[[[111.62938,-7.97222],[111.62891,-7.9721],[111.62859,-7.97172],[111.62889,-7.97155],[111.62899,-7.97128],[111.62929,-7.97137],[111.62948,-7.97197],[111.62938,-7.97222]]]}},{"type":"Feature","properties":{"KODE":2,"KELAS":2,"NAMA":"Kerentanan Sedang","LUAS_HA":3.322,"_cls":"Kerentanan Sedang"},"geometry":{"type":"Polygon","coordinates":[[[111.64979,-7.97274],[111.64947,-7.97269],[111.64887,-7.9722],[111.64849,-7.97203],[111.64838,-7.97161],[111.6483,-7.97097],[111.64784,-7.97086],[111.64794,-7.97017],[111.64829,-7.97016],[111.64838,-7.97034],[111.64911,-7.97044],[111.64896,-7.97074],[111.64848,-7.97096],[111.64858,-7.9714],[111.64939,-7.97143],[111.6496,-7.97097],[111.65019,-7.97119],[111.65023,-7.97214],[111.64988,-7.9723],[111.64979,-7.97274]]]}},{"type":"Feature","properties":{"KODE":2,"KELAS":2,"NAMA":"Kerentanan Sedang","LUAS_HA":0.899,"_cls":"Kerentanan Sedang"},"geometry":{"type":"Polygon","coordinates":[[[111.63001,-7.97322],[111.62985,-7.97317],[111.62966,-7.97285],[111.62988,-7.97255],[111.62998,-7.97221],[111.63051,-7.97236],[111.63123,-7.97252],[111.63097,-7.9727],[111.63048,-7.97284],[111.63001,-7.97322]]]}},{"type":"Feature","properties":{"KODE":1,"KELAS":1,"NAMA":"Kerentanan Rendah","LUAS_HA":3.865,"_cls":"Kerentanan Rendah"},"geometry":{"type":"Polygon","coordinates":[[[111.56387,-7.97349],[111.56382,-7.97345],[111.56374,-7.97308],[111.56243,-7.97244],[111.56277,-7.97084],[111.56429,-7.97147],[111.56426,-7.97199],[111.56459,-7.97241],[111.56392,-7.97332],[111.56387,-7.97349]]]}},{"type":"Feature","properties":{"KODE":2,"KELAS":2,"NAMA":"Kerentanan Sedang","LUAS_HA":1.015,"_cls":"Kerentanan Sedang"},"geometry":{"type":"Polygon","coordinates":[[[111.66114,-7.97344],[111.66099,-7.97332],[111.66071,-7.97267],[111.65984,-7.97215],[111.65967,-7.97187],[111.65999,-7.97183],[111.66029,-7.97225],[111.66082,-7.97213],[111.66096,-7.97196],[111.66109,-7.97194],[111.66125,-7.97315],[111.66114,-7.97344]]]}},{"type":"Feature","properties":{"KODE":2,"KELAS":2,"NAMA":"Kerentanan Sedang","LUAS_HA":2.071,"_cls":"Kerentanan Sedang"},"geometry":{"type":"Polygon","coordinates":[[[111.63374,-7.97366],[111.63338,-7.97362],[111.6326,-7.97328],[111.63322,-7.97275],[111.63413,-7.9725],[111.63505,-7.97291],[111.63495,-7.9731],[111.63451,-7.97342],[111.63378,-7.97362],[111.63374,-7.97366]]]}},{"type":"Feature","properties":{"KODE":2,"KELAS":2,"NAMA":"Kerentanan Sedang","LUAS_HA":1.773,"_cls":"Kerentanan Sedang"},"geometry":{"type":"Polygon","coordinates":[[[111.57775,-7.97384],[111.57734,-7.9738],[111.57676,-7.9733],[111.57592,-7.97293],[111.57575,-7.97262],[111.5777,-7.97279],[111.57811,-7.97369],[111.57779,-7.97379],[111.57775,-7.97384]]]}},{"type":"Feature","properties":{"KODE":2,"KELAS":2,"NAMA":"Kerentanan Sedang","LUAS_HA":1.517,"_cls":"Kerentanan Sedang"},"geometry":{"type":"Polygon","coordinates":[[[111.61078,-7.97415],[111.61021,-7.97408],[111.61006,-7.97353],[111.61138,-7.97294],[111.61192,-7.9729],[111.61193,-7.97339],[111.61086,-7.97388],[111.61078,-7.97415]]]}},{"type":"Feature","properties":{"KODE":2,"KELAS":2,"NAMA":"Kerentanan Sedang","LUAS_HA":5.04,"_cls":"Kerentanan Sedang"},"geometry":{"type":"Polygon","coordinates":[[[111.64726,-7.9741],[111.64712,-7.97405],[111.64699,-7.97353],[111.64675,-7.97342],[111.64659,-7.97306],[111.64526,-7.97326],[111.64503,-7.97151],[111.64467,-7.97153],[111.64466,-7.97125],[111.64487,-7.97107],[111.64482,-7.97026],[111.64503,-7.97025],[111.64516,-7.97053],[111.64583,-7.97049],[111.64603,-7.97158],[111.6463,-7.9717],[111.64639,-7.97197],[111.64673,-7.97195],[111.64695,-7.97312],[111.64737,-7.97325],[111.6474,-7.97377],[111.64726,-7.9741]]]}},{"type":"Feature","properties":{"KODE":2,"KELAS":2,"NAMA":"Kerentanan Sedang","LUAS_HA":6.318,"_cls":"Kerentanan Sedang"},"geometry":{"type":"Polygon","coordinates":[[[111.62839,-7.97575],[111.62799,-7.9757],[111.6269,-7.97526],[111.62524,-7.97517],[111.6248,-7.97463],[111.62457,-7.97342],[111.62487,-7.97309],[111.62605,-7.97372],[111.62618,-7.97427],[111.62674,-7.97465],[111.62743,-7.97483],[111.62753,-7.97451],[111.62814,-7.97464],[111.62914,-7.9746],[111.62942,-7.97501],[111.62944,-7.97538],[111.62848,-7.97565],[111.62839,-7.97575]]]}},{"type":"Feature","properties":{"KODE":2,"KELAS":2,"NAMA":"Kerentanan Sedang","LUAS_HA":2.366,"_cls":"Kerentanan Sedang"},"geometry":{"type":"Polygon","coordinates":[[[111.63882,-7.9761],[111.63871,-7.976],[111.63838,-7.97456],[111.63872,-7.9741],[111.63841,-7.9738],[111.63858,-7.97379],[111.63919,-7.97403],[111.63951,-7.97388],[111.63977,-7.97333],[111.64004,-7.97308],[111.64069,-7.97207],[111.6408,-7.9722],[111.64054,-7.9727],[111.64122,-7.97281],[111.64113,-7.97289],[111.64026,-7.97299],[111.64058,-7.97347],[111.64059,-7.97369],[111.64041,-7.97406],[111.6398,-7.97406],[111.63905,-7.97424],[111.63887,-7.97442],[111.63869,-7.97495],[111.63896,-7.97587],[111.63882,-7.9761]]]}},{"type":"Feature","properties":{"KODE":2,"KELAS":2,"NAMA":"Kerentanan Sedang","LUAS_HA":13.542,"_cls":"Kerentanan Sedang"},"geometry":{"type":"Polygon","coordinates":[[[111.6067,-7.97633],[111.60654,-7.97628],[111.60624,-7.97595],[111.60448,-7.97577],[111.60445,-7.97521],[111.60484,-7.97511],[111.60602,-7.975],[111.60592,-7.97428],[111.60449,-7.97389],[111.60438,-7.97356],[111.60402,-7.97324],[111.60416,-7.97305],[111.606,-7.97285],[111.60638,-7.97293],[111.60647,-7.97371],[111.60776,-7.97395],[111.60817,-7.97322],[111.60738,-7.97286],[111.60748,-7.97222],[111.60864,-7.97201],[111.60874,-7.97132],[111.60916,-7.97129],[111.60908,-7.97266],[111.60941,-7.97256],[111.60966,-7.97176],[111.61065,-7.97184],[111.61063,-7.9723],[111.61065,-7.97272],[111.61044,-7.97306],[111.60921,-7.97299],[111.60859,-7.97388],[111.60801,-7.97452],[111.60753,-7.97486],[111.60715,-7.97503],[111.60674,-7.9761],[111.6067,-7.97633]]]}},{"type":"Feature","properties":{"KODE":2,"KELAS":2,"NAMA":"Kerentanan Sedang","LUAS_HA":3.752,"_cls":"Kerentanan Sedang"},"geometry":{"type":"Polygon","coordinates":[[[111.62013,-7.97676],[111.61945,-7.97658],[111.61836,-7.97596],[111.61846,-7.97502],[111.61891,-7.97403],[111.61946,-7.97398],[111.61976,-7.97541],[111.62004,-7.97612],[111.62036,-7.97626],[111.62013,-7.97676]]]}},{"type":"Feature","properties":{"KODE":2,"KELAS":2,"NAMA":"Kerentanan Sedang","LUAS_HA":3.024,"_cls":"Kerentanan Sedang"},"geometry":{"type":"Polygon","coordinates":[[[111.64254,-7.97673],[111.64194,-7.97668],[111.64196,-7.97624],[111.64123,-7.97625],[111.64121,-7.97588],[111.64224,-7.97627],[111.64249,-7.9758],[111.64205,-7.97566],[111.64195,-7.97514],[111.64162,-7.97499],[111.64113,-7.9746],[111.64061,-7.9741],[111.64102,-7.97388],[111.64113,-7.97397],[111.64098,-7.97411],[111.64131,-7.97433],[111.64204,-7.97496],[111.64308,-7.9752],[111.64326,-7.975],[111.6434,-7.97514],[111.64419,-7.97529],[111.64473,-7.97592],[111.64447,-7.97606],[111.64383,-7.97567],[111.64306,-7.9757],[111.64295,-7.9756],[111.64282,-7.97533],[111.64276,-7.97541],[111.64268,-7.97587],[111.64258,-7.97605],[111.64254,-7.97673]]]}},{"type":"Feature","properties":{"KODE":2,"KELAS":2,"NAMA":"Kerentanan Sedang","LUAS_HA":2.235,"_cls":"Kerentanan Sedang"},"geometry":{"type":"Polygon","coordinates":[[[111.64644,-7.97762],[111.64586,-7.97723],[111.64634,-7.97693],[111.64627,-7.97632],[111.64667,-7.97623],[111.64705,-7.97608],[111.64784,-7.97625],[111.64776,-7.97718],[111.64677,-7.97733],[111.64653,-7.97752],[111.64644,-7.97762]]]}},{"type":"Feature","properties":{"KODE":2,"KELAS":2,"NAMA":"Kerentanan Sedang","LUAS_HA":14.772,"_cls":"Kerentanan Sedang"},"geometry":{"type":"Polygon","coordinates":[[[111.59182,-7.97789],[111.59147,-7.97778],[111.59105,-7.97743],[111.59117,-7.97713],[111.59204,-7.97652],[111.59169,-7.97611],[111.59132,-7.97585],[111.59026,-7.97528],[111.59021,-7.97461],[111.59059,-7.97434],[111.59249,-7.97449],[111.5926,-7.97369],[111.59341,-7.97359],[111.59418,-7.97338],[111.59494,-7.97355],[111.59476,-7.97519],[111.5943,-7.97584],[111.59408,-7.97658],[111.59363,-7.97711],[111.59264,-7.97741],[111.59186,-7.97784],[111.59182,-7.97789]]]}},{"type":"Feature","properties":{"KODE":2,"KELAS":2,"NAMA":"Kerentanan Sedang","LUAS_HA":2.623,"_cls":"Kerentanan Sedang"},"geometry":{"type":"Polygon","coordinates":[[[111.64282,-7.97953],[111.64241,-7.97936],[111.6425,-7.97856],[111.64277,-7.97833],[111.64268,-7.97784],[111.64234,-7.9775],[111.64201,-7.97751],[111.64159,-7.97738],[111.64171,-7.97703],[111.64218,-7.97707],[111.64329,-7.97697],[111.6434,-7.97769],[111.64367,-7.97792],[111.64359,-7.97804],[111.64324,-7.97815],[111.64314,-7.97922],[111.64286,-7.9793],[111.64282,-7.97953]]]}},{"type":"Feature","properties":{"KODE":2,"KELAS":2,"NAMA":"Kerentanan Sedang","LUAS_HA":56.281,"_cls":"Kerentanan Sedang"},"geometry":{"type":"Polygon","coordinates":[[[111.58956,-7.98015],[111.58906,-7.98006],[111.5886,-7.97984],[111.58851,-7.97936],[111.58725,-7.97893],[111.58691,-7.97916],[111.58613,-7.97932],[111.58516,-7.97918],[111.58483,-7.97955],[111.58378,-7.97897],[111.58381,-7.97818],[111.58255,-7.9771],[111.58234,-7.97669],[111.58234,-7.9765],[111.58165,-7.97614],[111.5814,-7.97624],[111.58125,-7.97695],[111.58108,-7.97803],[111.58098,-7.97813],[111.58016,-7.97858],[111.58007,-7.97976],[111.57956,-7.97959],[111.57904,-7.97938],[111.57883,-7.97981],[111.578,-7.97946],[111.57779,-7.97834],[111.57694,-7.97767],[111.57663,-7.97708],[111.57674,-7.97583],[111.57697,-7.97535],[111.57744,-7.97497],[111.57796,-7.97515],[111.5785,-7.9749],[111.57912,-7.97442],[111.58115,-7.97463],[111.58126,-7.97375],[111.58208,-7.97324],[111.58311,-7.97288],[111.58332,-7.97302],[111.58368,-7.97377],[111.58399,-7.97398],[111.58453,-7.97321],[111.58503,-7.97339],[111.58571,-7.97321],[111.58821,-7.97336],[111.5885,-7.97408],[111.58842,-7.97441],[111.58791,-7.97465],[111.58766,-7.97488],[111.5875,-7.97555],[111.58594,-7.97526],[111.58425,-7.97533],[111.58397,-7.97514],[111.58298,-7.97483],[111.58287,-7.97406],[111.58207,-7.97416],[111.58152,-7.97467],[111.58187,-7.97513],[111.58356,-7.97524],[111.58415,-7.97561],[111.58425,-7.97656],[111.58505,-7.97669],[111.58517,-7.97743],[111.5875,-7.97818],[111.58771,-7.97741],[111.58831,-7.97739],[111.58915,-7.97784],[111.58972,-7.9784],[111.5896,-7.97902],[111.58948,-7.97937],[111.58956,-7.98015]]]}},{"type":"Feature","properties":{"KODE":2,"KELAS":2,"NAMA":"Kerentanan Sedang","LUAS_HA":31.389,"_cls":"Kerentanan Sedang"},"geometry":{"type":"Polygon","coordinates":[[[111.61905,-7.98128],[111.61838,-7.98105],[111.61767,-7.98124],[111.61777,-7.98093],[111.61846,-7.98033],[111.61897,-7.97996],[111.61836,-7.97916],[111.61908,-7.97833],[111.61907,-7.97772],[111.61936,-7.97771],[111.6202,-7.97843],[111.62084,-7.97817],[111.62042,-7.97777],[111.62145,-7.9769],[111.62181,-7.97707],[111.62228,-7.97743],[111.62253,-7.9773],[111.62244,-7.97671],[111.62181,-7.97651],[111.62201,-7.97591],[111.62362,-7.97623],[111.62343,-7.9759],[111.62266,-7.97537],[111.62186,-7.97511],[111.62208,-7.97448],[111.62188,-7.97355],[111.62162,-7.97258],[111.62263,-7.97239],[111.62289,-7.97263],[111.62305,-7.97444],[111.62386,-7.97489],[111.62516,-7.97598],[111.62486,-7.9763],[111.624,-7.97605],[111.62363,-7.9766],[111.6236,-7.9774],[111.6248,-7.97745],[111.62471,-7.97716],[111.62459,-7.97692],[111.62492,-7.97669],[111.62598,-7.977],[111.62689,-7.9777],[111.62702,-7.97797],[111.62759,-7.97785],[111.62775,-7.97752],[111.62865,-7.97783],[111.62892,-7.97808],[111.62873,-7.97848],[111.62825,-7.9786],[111.62789,-7.97851],[111.62776,-7.97932],[111.62666,-7.97944],[111.6261,-7.97962],[111.62591,-7.98022],[111.62573,-7.98041],[111.62549,-7.98031],[111.62488,-7.97986],[111.62502,-7.9792],[111.62441,-7.97892],[111.62455,-7.97826],[111.62413,-7.97811],[111.62344,-7.97798],[111.6231,-7.9778],[111.62223,-7.978],[111.62121,-7.97914],[111.62072,-7.97999],[111.62029,-7.98039],[111.61988,-7.98102],[111.61909,-7.98124],[111.61905,-7.98128]]]}},{"type":"Feature","properties":{"KODE":1,"KELAS":1,"NAMA":"Kerentanan Rendah","LUAS_HA":13.764,"_cls":"Kerentanan Rendah"},"geometry":{"type":"Polygon","coordinates":[[[111.53198,-7.98139],[111.53198,-7.97973],[111.53107,-7.97973],[111.53004,-7.97965],[111.53021,-7.97766],[111.53046,-7.97764],[111.53224,-7.97777],[111.53253,-7.97793],[111.5331,-7.9779],[111.53365,-7.97815],[111.53416,-7.9786],[111.53429,-7.97943],[111.53515,-7.97981],[111.53608,-7.97993],[111.53634,-7.98016],[111.53637,-7.9807],[111.53386,-7.98037],[111.53319,-7.98034],[111.53285,-7.98072],[111.53251,-7.98082],[111.53226,-7.98136],[111.53198,-7.98139]]]}},{"type":"Feature","properties":{"KODE":2,"KELAS":2,"NAMA":"Kerentanan Sedang","LUAS_HA":4.42,"_cls":"Kerentanan Sedang"},"geometry":{"type":"Polygon","coordinates":[[[111.63375,-7.98226],[111.63247,-7.98219],[111.6327,-7.98122],[111.63336,-7.98111],[111.63379,-7.98],[111.63307,-7.97975],[111.63321,-7.97933],[111.63433,-7.97921],[111.63434,-7.97886],[111.63406,-7.97861],[111.63435,-7.97829],[111.63488,-7.9785],[111.63478,-7.97869],[111.63448,-7.98027],[111.63423,-7.9805],[111.6338,-7.98199],[111.63375,-7.98226]]]}},{"type":"Feature","properties":{"KODE":2,"KELAS":2,"NAMA":"Kerentanan Sedang","LUAS_HA":3.257,"_cls":"Kerentanan Sedang"},"geometry":{"type":"Polygon","coordinates":[[[111.62195,-7.98237],[111.62141,-7.98226],[111.62125,-7.98212],[111.62128,-7.98164],[111.62082,-7.98143],[111.621,-7.98114],[111.62171,-7.98092],[111.622,-7.98059],[111.62254,-7.98078],[111.62314,-7.98089],[111.62336,-7.9813],[111.62313,-7.98168],[111.62195,-7.98237]]]}},{"type":"Feature","properties":{"KODE":2,"KELAS":2,"NAMA":"Kerentanan Sedang","LUAS_HA":0.469,"_cls":"Kerentanan Sedang"},"geometry":{"type":"Polygon","coordinates":[[[111.6254,-7.98254],[111.62509,-7.98249],[111.62492,-7.98207],[111.62574,-7.98187],[111.62588,-7.98216],[111.62548,-7.98243],[111.6254,-7.98254]]]}},{"type":"Feature","properties":{"KODE":1,"KELAS":1,"NAMA":"Kerentanan Rendah","LUAS_HA":1.561,"_cls":"Kerentanan Rendah"},"geometry":{"type":"Polygon","coordinates":[[[111.53848,-7.98284],[111.5377,-7.98281],[111.53762,-7.98203],[111.53739,-7.98166],[111.53831,-7.98145],[111.53869,-7.98166],[111.53848,-7.98284]]]}},{"type":"Feature","properties":{"KODE":2,"KELAS":2,"NAMA":"Kerentanan Sedang","LUAS_HA":2.713,"_cls":"Kerentanan Sedang"},"geometry":{"type":"Polygon","coordinates":[[[111.61488,-7.98283],[111.61393,-7.98256],[111.61401,-7.98206],[111.615,-7.98196],[111.61644,-7.98134],[111.61707,-7.98131],[111.61728,-7.9815],[111.61645,-7.98223],[111.61555,-7.98235],[111.61511,-7.98269],[111.61488,-7.98283]]]}},{"type":"Feature","properties":{"KODE":1,"KELAS":1,"NAMA":"Kerentanan Rendah","LUAS_HA":0.006,"_cls":"Kerentanan Rendah"},"geometry":{"type":"Polygon","coordinates":[[[111.60952,-7.98383],[111.60941,-7.9838],[111.60949,-7.98373],[111.60952,-7.98383]]]}},{"type":"Feature","properties":{"KODE":1,"KELAS":1,"NAMA":"Kerentanan Rendah","LUAS_HA":0.024,"_cls":"Kerentanan Rendah"},"geometry":{"type":"Polygon","coordinates":[[[111.53204,-7.98303],[111.53201,-7.98245],[111.53208,-7.98246],[111.53204,-7.98303]]]}},{"type":"Feature","properties":{"KODE":2,"KELAS":2,"NAMA":"Kerentanan Sedang","LUAS_HA":6.592,"_cls":"Kerentanan Sedang"},"geometry":{"type":"Polygon","coordinates":[[[111.62876,-7.98425],[111.62835,-7.98421],[111.62817,-7.98402],[111.6271,-7.98404],[111.62681,-7.98237],[111.62725,-7.98208],[111.62704,-7.98125],[111.62672,-7.9811],[111.62683,-7.98079],[111.6274,-7.98065],[111.62789,-7.98105],[111.62907,-7.98114],[111.62887,-7.98134],[111.62778,-7.9818],[111.62797,-7.98294],[111.62971,-7.98304],[111.62962,-7.98401],[111.62881,-7.98421],[111.62876,-7.98425]]]}},{"type":"Feature","properties":{"KODE":2,"KELAS":2,"NAMA":"Kerentanan Sedang","LUAS_HA":0.006,"_cls":"Kerentanan Sedang"},"geometry":{"type":"Polygon","coordinates":[[[111.61198,-7.98464],[111.61186,-7.9846],[111.61198,-7.98455],[111.61198,-7.98464]]]}},{"type":"Feature","properties":{"KODE":1,"KELAS":1,"NAMA":"Kerentanan Rendah","LUAS_HA":0.006,"_cls":"Kerentanan Rendah"},"geometry":{"type":"Polygon","coordinates":[[[111.61198,-7.98464],[111.61198,-7.98455],[111.61209,-7.9846],[111.61198,-7.98464]]]}},{"type":"Feature","properties":{"KODE":2,"KELAS":2,"NAMA":"Kerentanan Sedang","LUAS_HA":8.351,"_cls":"Kerentanan Sedang"},"geometry":{"type":"Polygon","coordinates":[[[111.63847,-7.98469],[111.63812,-7.98465],[111.63819,-7.98413],[111.638,-7.98398],[111.63807,-7.98345],[111.63786,-7.98328],[111.63815,-7.98292],[111.63888,-7.98277],[111.63896,-7.98256],[111.63921,-7.98236],[111.63925,-7.98204],[111.63908,-7.98174],[111.63934,-7.98018],[111.63978,-7.97922],[111.63987,-7.97826],[111.64045,-7.97819],[111.64068,-7.97837],[111.6406,-7.97904],[111.64034,-7.97901],[111.64008,-7.9797],[111.63996,-7.98065],[111.63951,-7.98077],[111.63959,-7.9813],[111.64041,-7.98144],[111.64077,-7.9816],[111.64087,-7.98212],[111.64134,-7.98231],[111.64152,-7.98293],[111.64123,-7.98301],[111.64114,-7.98323],[111.64079,-7.98344],[111.6406,-7.98311],[111.64048,-7.98284],[111.6403,-7.98293],[111.64041,-7.98356],[111.6406,-7.98387],[111.64046,-7.98397],[111.64006,-7.9838],[111.63996,-7.98303],[111.63959,-7.98299],[111.63905,-7.9831],[111.63897,-7.98338],[111.63851,-7.9841],[111.63847,-7.98469]]]}},{"type":"Feature","properties":{"KODE":2,"KELAS":2,"NAMA":"Kerentanan Sedang","LUAS_HA":0.777,"_cls":"Kerentanan Sedang"},"geometry":{"type":"Polygon","coordinates":[[[111.58748,-7.98486],[111.58644,-7.98481],[111.58656,-7.98419],[111.58743,-7.98415],[111.58748,-7.98486]]]}},{"type":"Feature","properties":{"KODE":2,"KELAS":2,"NAMA":"Kerentanan Sedang","LUAS_HA":1.753,"_cls":"Kerentanan Sedang"},"geometry":{"type":"Polygon","coordinates":[[[111.62559,-7.98507],[111.62528,-7.98502],[111.62497,-7.98465],[111.6251,-7.98403],[111.625,-7.98357],[111.62515,-7.98323],[111.62564,-7.98314],[111.62586,-7.98366],[111.62597,-7.98421],[111.62578,-7.98491],[111.62559,-7.98507]]]}},{"type":"Feature","properties":{"KODE":2,"KELAS":2,"NAMA":"Kerentanan Sedang","LUAS_HA":6.349,"_cls":"Kerentanan Sedang"},"geometry":{"type":"Polygon","coordinates":[[[111.60952,-7.98383],[111.60949,-7.98373],[111.60941,-7.9838],[111.60952,-7.98383],[111.60962,-7.9841],[111.60939,-7.98433],[111.6087,-7.98483],[111.60714,-7.98489],[111.60649,-7.98477],[111.60658,-7.9844],[111.60877,-7.98416],[111.60874,-7.98322],[111.60889,-7.98271],[111.6094,-7.98289],[111.61003,-7.98286],[111.61083,-7.98311],[111.61098,-7.98357],[111.61138,-7.98395],[111.61123,-7.98464],[111.6109,-7.98532],[111.61032,-7.98499],[111.60999,-7.98451],[111.61028,-7.98379],[111.60971,-7.98377],[111.60952,-7.98383]]]}},{"type":"Feature","properties":{"KODE":2,"KELAS":2,"NAMA":"Kerentanan Sedang","LUAS_HA":0.789,"_cls":"Kerentanan Sedang"},"geometry":{"type":"Polygon","coordinates":[[[111.5853,-7.98549],[111.58456,-7.9854],[111.58452,-7.98504],[111.58467,-7.98467],[111.58503,-7.98462],[111.5854,-7.98478],[111.58545,-7.98512],[111.5853,-7.98549]]]}},{"type":"Feature","properties":{"KODE":2,"KELAS":2,"NAMA":"Kerentanan Sedang","LUAS_HA":1.072,"_cls":"Kerentanan Sedang"},"geometry":{"type":"Polygon","coordinates":[[[111.6353,-7.98551],[111.63461,-7.98547],[111.63435,-7.98496],[111.63452,-7.98474],[111.63471,-7.98466],[111.63483,-7.98439],[111.63539,-7.98434],[111.6353,-7.98551]]]}},{"type":"Feature","properties":{"KODE":2,"KELAS":2,"NAMA":"Kerentanan Sedang","LUAS_HA":2.31,"_cls":"Kerentanan Sedang"},"geometry":{"type":"Polygon","coordinates":[[[111.6362,-7.98614],[111.63597,-7.98601],[111.63634,-7.98549],[111.63619,-7.98438],[111.63552,-7.98428],[111.63565,-7.98402],[111.63717,-7.98411],[111.63741,-7.98438],[111.63788,-7.98452],[111.63779,-7.98494],[111.63691,-7.98489],[111.63679,-7.9851],[111.6367,-7.98577],[111.6362,-7.98614]]]}},{"type":"Feature","properties":{"KODE":2,"KELAS":2,"NAMA":"Kerentanan Sedang","LUAS_HA":1.581,"_cls":"Kerentanan Sedang"},"geometry":{"type":"Polygon","coordinates":[[[111.61198,-7.98464],[111.61209,-7.9846],[111.61198,-7.98455],[111.61202,-7.9845],[111.61225,-7.9844],[111.61272,-7.98453],[111.61284,-7.98481],[111.61247,-7.98568],[111.61173,-7.98649],[111.61183,-7.98488],[111.61198,-7.98464]]]}},{"type":"Feature","properties":{"KODE":2,"KELAS":2,"NAMA":"Kerentanan Sedang","LUAS_HA":1.038,"_cls":"Kerentanan Sedang"},"geometry":{"type":"Polygon","coordinates":[[[111.64419,-7.9864],[111.64376,-7.98635],[111.64357,-7.98584],[111.64449,-7.98572],[111.64492,-7.9854],[111.64508,-7.98566],[111.64496,-7.98619],[111.64423,-7.98635],[111.64419,-7.9864]]]}},{"type":"Feature","properties":{"KODE":2,"KELAS":2,"NAMA":"Kerentanan Sedang","LUAS_HA":2.504,"_cls":"Kerentanan Sedang"},"geometry":{"type":"Polygon","coordinates":[[[111.63911,-7.9865],[111.6387,-7.98642],[111.63888,-7.9859],[111.63951,-7.98592],[111.63969,-7.98557],[111.6397,-7.98543],[111.63915,-7.98492],[111.63915,-7.98473],[111.63864,-7.98444],[111.63884,-7.98422],[111.64087,-7.98541],[111.64076,-7.98572],[111.64051,-7.9861],[111.63991,-7.98608],[111.63968,-7.98619],[111.63951,-7.98637],[111.63924,-7.98636],[111.63911,-7.9865]]]}},{"type":"Feature","properties":{"KODE":2,"KELAS":2,"NAMA":"Kerentanan Sedang","LUAS_HA":33.526,"_cls":"Kerentanan Sedang"},"geometry":{"type":"Polygon","coordinates":[[[111.60499,-7.98746],[111.60487,-7.98735],[111.6048,-7.98651],[111.60503,-7.98567],[111.60437,-7.98516],[111.60357,-7.98495],[111.60266,-7.98461],[111.6024,-7.9847],[111.60204,-7.98569],[111.60171,-7.98587],[111.60103,-7.9857],[111.60116,-7.98471],[111.60059,-7.98479],[111.60019,-7.9851],[111.59964,-7.9853],[111.5986,-7.98549],[111.59868,-7.98589],[111.59886,-7.98638],[111.59823,-7.98645],[111.5978,-7.98632],[111.59809,-7.98528],[111.59867,-7.98515],[111.59856,-7.98383],[111.5987,-7.98336],[111.59928,-7.98325],[111.59932,-7.9828],[111.59919,-7.98257],[111.59943,-7.98016],[111.59964,-7.97969],[111.59979,-7.97951],[111.60042,-7.97937],[111.60067,-7.97908],[111.60166,-7.97938],[111.60176,-7.98014],[111.60261,-7.9806],[111.60247,-7.98126],[111.60328,-7.98141],[111.6035,-7.98214],[111.60383,-7.98228],[111.6039,-7.98313],[111.60351,-7.98347],[111.60389,-7.98373],[111.60422,-7.98388],[111.60431,-7.98419],[111.60503,-7.98435],[111.60512,-7.98497],[111.60585,-7.98525],[111.60564,-7.98636],[111.6054,-7.9869],[111.60499,-7.98746]]]}},{"type":"Feature","properties":{"KODE":2,"KELAS":2,"NAMA":"Kerentanan Sedang","LUAS_HA":0.522,"_cls":"Kerentanan Sedang"},"geometry":{"type":"Polygon","coordinates":[[[111.63766,-7.98759],[111.63739,-7.98754],[111.63746,-7.98664],[111.63707,-7.98653],[111.63716,-7.98636],[111.63734,-7.98637],[111.63751,-7.98583],[111.63769,-7.98597],[111.63759,-7.98727],[111.63766,-7.98759]]]}},{"type":"Feature","properties":{"KODE":2,"KELAS":2,"NAMA":"Kerentanan Sedang","LUAS_HA":1.212,"_cls":"Kerentanan Sedang"},"geometry":{"type":"Polygon","coordinates":[[[111.58857,-7.98775],[111.58806,-7.98771],[111.58816,-7.98623],[111.58904,-7.98639],[111.58879,-7.98698],[111.5887,-7.9874],[111.58857,-7.98775]]]}},{"type":"Feature","properties":{"KODE":2,"KELAS":2,"NAMA":"Kerentanan Sedang","LUAS_HA":3.151,"_cls":"Kerentanan Sedang"},"geometry":{"type":"Polygon","coordinates":[[[111.54692,-7.9879],[111.54587,-7.98741],[111.54554,-7.98705],[111.54479,-7.98677],[111.5437,-7.98643],[111.54369,-7.98616],[111.54406,-7.9855],[111.54476,-7.98549],[111.54514,-7.98574],[111.54525,-7.98628],[111.54597,-7.98686],[111.54702,-7.98743],[111.54692,-7.9879]]]}},{"type":"Feature","properties":{"KODE":2,"KELAS":2,"NAMA":"Kerentanan Sedang","LUAS_HA":4.202,"_cls":"Kerentanan Sedang"},"geometry":{"type":"Polygon","coordinates":[[[111.63013,-7.98796],[111.62947,-7.98792],[111.62936,-7.98755],[111.62883,-7.98746],[111.62873,-7.98623],[111.62993,-7.98587],[111.63091,-7.9863],[111.63089,-7.98656],[111.63092,-7.98694],[111.63065,-7.98764],[111.63018,-7.98778],[111.63013,-7.98796]]]}},{"type":"Feature","properties":{"KODE":2,"KELAS":2,"NAMA":"Kerentanan Sedang","LUAS_HA":2.738,"_cls":"Kerentanan Sedang"},"geometry":{"type":"Polygon","coordinates":[[[111.63875,-7.98813],[111.6386,-7.98808],[111.63832,-7.98809],[111.63789,-7.98747],[111.63815,-7.98694],[111.63816,-7.98664],[111.63799,-7.98601],[111.63834,-7.98609],[111.63852,-7.98664],[111.63861,-7.98663],[111.63871,-7.98727],[111.63879,-7.98718],[111.6389,-7.98673],[111.63923,-7.98709],[111.63952,-7.98718],[111.63951,-7.98732],[111.64061,-7.98747],[111.64036,-7.98769],[111.63976,-7.98782],[111.63952,-7.98781],[111.63935,-7.98799],[111.63879,-7.98808],[111.63875,-7.98813]]]}},{"type":"Feature","properties":{"KODE":2,"KELAS":2,"NAMA":"Kerentanan Sedang","LUAS_HA":2.84,"_cls":"Kerentanan Sedang"},"geometry":{"type":"Polygon","coordinates":[[[111.58158,-7.9883],[111.58047,-7.98824],[111.58012,-7.98742],[111.58034,-7.98646],[111.58174,-7.98676],[111.58158,-7.9883]]]}},{"type":"Feature","properties":{"KODE":2,"KELAS":2,"NAMA":"Kerentanan Sedang","LUAS_HA":3.009,"_cls":"Kerentanan Sedang"},"geometry":{"type":"Polygon","coordinates":[[[111.60127,-7.98828],[111.6007,-7.988],[111.59989,-7.98779],[111.5998,-7.98725],[111.60005,-7.98715],[111.6002,-7.98678],[111.60084,-7.98669],[111.60097,-7.98636],[111.60165,-7.98654],[111.60151,-7.98739],[111.60195,-7.98757],[111.60187,-7.98796],[111.60154,-7.98805],[111.60127,-7.98828]]]}},{"type":"Feature","properties":{"KODE":2,"KELAS":2,"NAMA":"Kerentanan Sedang","LUAS_HA":186.531,"_cls":"Kerentanan Sedang"},"geometry":{"type":"Polygon","coordinates":[[[111.57369,-7.98904],[111.57321,-7.98895],[111.57302,-7.98855],[111.57284,-7.98837],[111.5725,-7.98773],[111.57339,-7.98667],[111.57409,-7.9854],[111.57429,-7.98458],[111.5747,-7.98339],[111.57409,-7.98338],[111.57409,-7.98364],[111.57348,-7.98428],[111.57196,-7.98519],[111.57146,-7.98422],[111.57155,-7.98375],[111.57188,-7.98359],[111.57204,-7.98057],[111.57243,-7.97769],[111.57308,-7.97748],[111.57309,-7.97651],[111.57236,-7.9766],[111.57215,-7.97692],[111.57062,-7.9767],[111.57036,-7.97698],[111.56927,-7.97681],[111.5698,-7.97491],[111.56766,-7.97427],[111.56659,-7.97413],[111.56587,-7.97388],[111.56527,-7.97553],[111.56474,-7.97535],[111.56474,-7.97487],[111.56382,-7.97435],[111.56372,-7.97363],[111.56347,-7.9739],[111.56304,-7.97495],[111.56361,-7.97529],[111.56392,-7.97588],[111.56374,-7.97634],[111.56343,-7.97645],[111.56314,-7.97689],[111.56263,-7.97674],[111.56266,-7.97545],[111.56237,-7.97517],[111.56238,-7.97439],[111.56183,-7.97421],[111.56173,-7.97327],[111.56138,-7.97327],[111.56124,-7.97354],[111.55993,-7.97332],[111.55983,-7.97282],[111.55885,-7.97273],[111.55864,-7.97186],[111.55769,-7.9715],[111.55756,-7.97138],[111.55719,-7.97113],[111.55741,-7.97014],[111.55639,-7.97],[111.55616,-7.97047],[111.55538,-7.96992],[111.55554,-7.9693],[111.55625,-7.96916],[111.55792,-7.96854],[111.55755,-7.96848],[111.55697,-7.96849],[111.55683,-7.96821],[111.55656,-7.96808],[111.55667,-7.96766],[111.55719,-7.96767],[111.55751,-7.96687],[111.55842,-7.96709],[111.55855,-7.96749],[111.55867,-7.96806],[111.56037,-7.96848],[111.5607,-7.96837],[111.56102,-7.96857],[111.56134,-7.96891],[111.56181,-7.96926],[111.56206,-7.96978],[111.56288,-7.96998],[111.56305,-7.96915],[111.56237,-7.9685],[111.56294,-7.96767],[111.56155,-7.96713],[111.56154,-7.96658],[111.56181,-7.96644],[111.56264,-7.96658],[111.56317,-7.96693],[111.56354,-7.96703],[111.56394,-7.96702],[111.56545,-7.96765],[111.56556,-7.96799],[111.56646,-7.96835],[111.56668,-7.96768],[111.5685,-7.96806],[111.56892,-7.96859],[111.56854,-7.96954],[111.56868,-7.9697],[111.57004,-7.97044],[111.57061,-7.97063],[111.57177,-7.97179],[111.57262,-7.97217],[111.57498,-7.97226],[111.57561,-7.97291],[111.57697,-7.97395],[111.57717,-7.97434],[111.57671,-7.97478],[111.57618,-7.97707],[111.57643,-7.97758],[111.57753,-7.97865],[111.57744,-7.97913],[111.57708,-7.98013],[111.57712,-7.98183],[111.57699,-7.98222],[111.57621,-7.9822],[111.57603,-7.9837],[111.5756,-7.98427],[111.57509,-7.9844],[111.57473,-7.98509],[111.57472,-7.98564],[111.57578,-7.98551],[111.57675,-7.9851],[111.57655,-7.98433],[111.57743,-7.9841],[111.57845,-7.98465],[111.57885,-7.98524],[111.57922,-7.98615],[111.57941,-7.98745],[111.57918,-7.98745],[111.579,-7.98736],[111.57806,-7.98752],[111.57782,-7.98727],[111.57746,-7.98728],[111.5776,-7.98683],[111.57845,-7.98655],[111.57799,-7.98592],[111.57745,-7.98618],[111.57672,-7.98671],[111.57611,-7.98686],[111.5757,-7.98706],[111.57547,-7.98753],[111.57497,-7.9867],[111.57435,-7.98685],[111.57401,-7.98717],[111.574,-7.98752],[111.5741,-7.98793],[111.57464,-7.98844],[111.57442,-7.9889],[111.57374,-7.98899],[111.57369,-7.98904]],[[111.56504,-7.9696],[111.56532,-7.96912],[111.56458,-7.96866],[111.56339,-7.96784],[111.56328,-7.96815],[111.56364,-7.96846],[111.56352,-7.96904],[111.56476,-7.96955],[111.56504,-7.9696]],[[111.56133,-7.9716],[111.56139,-7.97065],[111.56158,-7.96992],[111.56136,-7.96975],[111.56115,-7.97019],[111.56086,-7.97145],[111.56133,-7.9716]],[[111.56387,-7.97349],[111.56392,-7.97332],[111.56459,-7.97241],[111.56426,-7.97199],[111.56429,-7.97147],[111.56277,-7.97084],[111.56243,-7.97244],[111.56374,-7.97308],[111.56382,-7.97345],[111.56387,-7.97349]]]}},{"type":"Feature","properties":{"KODE":2,"KELAS":2,"NAMA":"Kerentanan Sedang","LUAS_HA":3.56,"_cls":"Kerentanan Sedang"},"geometry":{"type":"Polygon","coordinates":[[[111.5462,-7.98989],[111.54476,-7.98962],[111.54461,-7.9893],[111.5443,-7.98901],[111.5439,-7.98773],[111.54491,-7.98797],[111.5459,-7.98843],[111.54569,-7.98895],[111.54654,-7.98935],[111.5462,-7.98989]]]}},{"type":"Feature","properties":{"KODE":2,"KELAS":2,"NAMA":"Kerentanan Sedang","LUAS_HA":1.205,"_cls":"Kerentanan Sedang"},"geometry":{"type":"Polygon","coordinates":[[[111.54402,-7.99034],[111.54298,-7.9903],[111.54307,-7.98934],[111.54415,-7.98949],[111.54407,-7.99021],[111.54402,-7.99034]]]}},{"type":"Feature","properties":{"KODE":2,"KELAS":2,"NAMA":"Kerentanan Sedang","LUAS_HA":3.781,"_cls":"Kerentanan Sedang"},"geometry":{"type":"Polygon","coordinates":[[[111.54992,-7.99097],[111.54932,-7.99086],[111.54861,-7.99059],[111.54743,-7.99007],[111.54733,-7.98973],[111.54709,-7.98953],[111.54745,-7.98928],[111.54824,-7.98949],[111.54835,-7.98924],[111.54983,-7.98968],[111.55021,-7.99071],[111.54992,-7.99097]]]}},{"type":"Feature","properties":{"KODE":2,"KELAS":2,"NAMA":"Kerentanan Sedang","LUAS_HA":5.884,"_cls":"Kerentanan Sedang"},"geometry":{"type":"Polygon","coordinates":[[[111.62287,-7.99105],[111.62228,-7.9907],[111.62129,-7.98983],[111.62119,-7.98901],[111.62077,-7.98891],[111.62073,-7.98822],[111.62182,-7.98803],[111.62255,-7.98798],[111.62264,-7.98905],[111.62309,-7.98933],[111.62319,-7.98992],[111.62354,-7.99003],[111.62357,-7.99057],[111.62293,-7.99098],[111.62287,-7.99105]]]}},{"type":"Feature","properties":{"KODE":2,"KELAS":2,"NAMA":"Kerentanan Sedang","LUAS_HA":1.73,"_cls":"Kerentanan Sedang"},"geometry":{"type":"Polygon","coordinates":[[[111.59066,-7.99119],[111.59043,-7.99112],[111.58996,-7.99078],[111.58906,-7.99068],[111.58908,-7.99046],[111.58826,-7.98988],[111.58862,-7.98962],[111.58907,-7.98988],[111.58935,-7.98996],[111.58964,-7.99017],[111.59003,-7.99013],[111.59016,-7.99042],[111.59062,-7.9905],[111.59083,-7.99092],[111.59066,-7.99119]]]}},{"type":"Feature","properties":{"KODE":2,"KELAS":2,"NAMA":"Kerentanan Sedang","LUAS_HA":12.941,"_cls":"Kerentanan Sedang"},"geometry":{"type":"Polygon","coordinates":[[[111.62641,-7.99113],[111.62591,-7.99078],[111.62593,-7.99044],[111.62537,-7.99001],[111.62509,-7.9897],[111.62449,-7.98994],[111.62415,-7.98951],[111.62392,-7.98901],[111.62346,-7.98829],[111.62382,-7.98784],[111.62381,-7.98765],[111.62426,-7.98724],[111.62437,-7.98613],[111.62613,-7.9865],[111.62621,-7.98771],[111.62559,-7.98856],[111.62591,-7.98892],[111.62644,-7.98849],[111.62745,-7.98872],[111.62759,-7.98911],[111.62774,-7.98997],[111.62727,-7.99027],[111.62664,-7.99082],[111.62646,-7.99081],[111.62641,-7.99113]]]}},{"type":"Feature","properties":{"KODE":2,"KELAS":2,"NAMA":"Kerentanan Sedang","LUAS_HA":3.222,"_cls":"Kerentanan Sedang"},"geometry":{"type":"Polygon","coordinates":[[[111.65309,-7.99127],[111.65287,-7.9912],[111.65277,-7.98998],[111.65231,-7.98987],[111.65215,-7.98969],[111.65072,-7.98961],[111.65056,-7.98996],[111.65032,-7.98983],[111.65042,-7.9887],[111.65087,-7.98879],[111.65103,-7.98897],[111.65223,-7.98905],[111.6524,-7.98915],[111.65295,-7.98923],[111.65304,-7.98942],[111.65319,-7.98956],[111.65328,-7.99109],[111.65309,-7.99127]]]}},{"type":"Feature","properties":{"KODE":2,"KELAS":2,"NAMA":"Kerentanan Sedang","LUAS_HA":25.497,"_cls":"Kerentanan Sedang"},"geometry":{"type":"Polygon","coordinates":[[[111.61416,-7.99142],[111.61362,-7.99137],[111.6129,-7.99016],[111.6123,-7.98966],[111.61166,-7.9902],[111.61141,-7.99021],[111.61104,-7.99004],[111.61104,-7.9894],[111.6105,-7.989],[111.60984,-7.98807],[111.60921,-7.98782],[111.60876,-7.98803],[111.60862,-7.98847],[111.60824,-7.98867],[111.60668,-7.98887],[111.60698,-7.98945],[111.60782,-7.98967],[111.60884,-7.98953],[111.60914,-7.98939],[111.60938,-7.98912],[111.6096,-7.9893],[111.60947,-7.98983],[111.60844,-7.99005],[111.60702,-7.98993],[111.60635,-7.98961],[111.60564,-7.98889],[111.60365,-7.98931],[111.60277,-7.98913],[111.60293,-7.9888],[111.60404,-7.9885],[111.6059,-7.98834],[111.60667,-7.98804],[111.60691,-7.98792],[111.60776,-7.98768],[111.60917,-7.98703],[111.61118,-7.98632],[111.61126,-7.98686],[111.61097,-7.98861],[111.6112,-7.98885],[111.61137,-7.98885],[111.61224,-7.98814],[111.61249,-7.98841],[111.61319,-7.98838],[111.61347,-7.98864],[111.6138,-7.98947],[111.61426,-7.98917],[111.61357,-7.98805],[111.61366,-7.98794],[111.61429,-7.98757],[111.61515,-7.98687],[111.61565,-7.98685],[111.61595,-7.9873],[111.61602,-7.98722],[111.61616,-7.98649],[111.61631,-7.98693],[111.61747,-7.98713],[111.61725,-7.98756],[111.61597,-7.98797],[111.61575,-7.98867],[111.6152,-7.98865],[111.61511,-7.98886],[111.61449,-7.98915],[111.61439,-7.98957],[111.61421,-7.99007],[111.61446,-7.99101],[111.61416,-7.99142]]]}},{"type":"Feature","properties":{"KODE":2,"KELAS":2,"NAMA":"Kerentanan Sedang","LUAS_HA":2.016,"_cls":"Kerentanan Sedang"},"geometry":{"type":"Polygon","coordinates":[[[111.53531,-7.99207],[111.53477,-7.992],[111.53519,-7.98959],[111.53583,-7.98968],[111.5358,-7.99048],[111.53592,-7.99069],[111.53581,-7.99113],[111.53537,-7.99123],[111.53531,-7.99207]]]}},{"type":"Feature","properties":{"KODE":2,"KELAS":2,"NAMA":"Kerentanan Sedang","LUAS_HA":2.302,"_cls":"Kerentanan Sedang"},"geometry":{"type":"Polygon","coordinates":[[[111.61544,-7.9926],[111.6153,-7.99248],[111.61522,-7.99113],[111.61638,-7.99088],[111.61649,-7.99135],[111.61702,-7.99151],[111.61687,-7.99191],[111.61551,-7.99252],[111.61544,-7.9926]]]}},{"type":"Feature","properties":{"KODE":1,"KELAS":1,"NAMA":"Kerentanan Rendah","LUAS_HA":1.37,"_cls":"Kerentanan Rendah"},"geometry":{"type":"Polygon","coordinates":[[[111.57968,-7.99274],[111.57946,-7.99268],[111.57954,-7.99146],[111.58052,-7.9913],[111.5807,-7.99175],[111.58054,-7.99187],[111.58021,-7.99235],[111.57968,-7.99274]]]}},{"type":"Feature","properties":{"KODE":2,"KELAS":2,"NAMA":"Kerentanan Sedang","LUAS_HA":4.018,"_cls":"Kerentanan Sedang"},"geometry":{"type":"Polygon","coordinates":[[[111.53758,-7.99289],[111.53646,-7.99284],[111.53611,-7.99269],[111.53626,-7.99184],[111.53668,-7.99175],[111.53722,-7.99081],[111.53853,-7.99127],[111.53831,-7.99213],[111.53795,-7.99269],[111.53762,-7.99284],[111.53758,-7.99289]]]}},{"type":"Feature","properties":{"KODE":2,"KELAS":2,"NAMA":"Kerentanan Sedang","LUAS_HA":0.837,"_cls":"Kerentanan Sedang"},"geometry":{"type":"Polygon","coordinates":[[[111.58531,-7.99282],[111.585,-7.99277],[111.58382,-7.99269],[111.58345,-7.99223],[111.58357,-7.99197],[111.58379,-7.99224],[111.58464,-7.99232],[111.58527,-7.99259],[111.58531,-7.99282]]]}},{"type":"Feature","properties":{"KODE":2,"KELAS":2,"NAMA":"Kerentanan Sedang","LUAS_HA":1.075,"_cls":"Kerentanan Sedang"},"geometry":{"type":"Polygon","coordinates":[[[111.6138,-7.99278],[111.61355,-7.99271],[111.61329,-7.99237],[111.61357,-7.99201],[111.61326,-7.99183],[111.61267,-7.99174],[111.61346,-7.99171],[111.61419,-7.99185],[111.61447,-7.99206],[111.61439,-7.99243],[111.61384,-7.99273],[111.6138,-7.99278]]]}},{"type":"Feature","properties":{"KODE":2,"KELAS":2,"NAMA":"Kerentanan Sedang","LUAS_HA":0.432,"_cls":"Kerentanan Sedang"},"geometry":{"type":"Polygon","coordinates":[[[111.607,-7.99324],[111.60688,-7.99314],[111.60623,-7.99228],[111.60649,-7.99202],[111.60695,-7.99265],[111.607,-7.99324]]]}},{"type":"Feature","properties":{"KODE":2,"KELAS":2,"NAMA":"Kerentanan Sedang","LUAS_HA":4.082,"_cls":"Kerentanan Sedang"},"geometry":{"type":"Polygon","coordinates":[[[111.604,-7.99343],[111.60294,-7.99313],[111.60302,-7.99249],[111.6026,-7.99141],[111.60269,-7.99068],[111.60287,-7.99094],[111.60301,-7.99142],[111.60411,-7.99122],[111.60476,-7.99156],[111.60513,-7.99219],[111.60505,-7.9926],[111.60477,-7.99248],[111.60443,-7.99224],[111.60397,-7.99252],[111.60405,-7.9932],[111.604,-7.99343]]]}},{"type":"Feature","properties":{"KODE":2,"KELAS":2,"NAMA":"Kerentanan Sedang","LUAS_HA":9.629,"_cls":"Kerentanan Sedang"},"geometry":{"type":"Polygon","coordinates":[[[111.63331,-7.99338],[111.63293,-7.99333],[111.63238,-7.99283],[111.63226,-7.99176],[111.63197,-7.99131],[111.62946,-7.99189],[111.62954,-7.99143],[111.6309,-7.99084],[111.63102,-7.99045],[111.63127,-7.99054],[111.63155,-7.99092],[111.63291,-7.99044],[111.63289,-7.99001],[111.63397,-7.98996],[111.63428,-7.99048],[111.63544,-7.99043],[111.63545,-7.9908],[111.63489,-7.99089],[111.63408,-7.99107],[111.63426,-7.99246],[111.63415,-7.99265],[111.63362,-7.99307],[111.63363,-7.99325],[111.63336,-7.99334],[111.63331,-7.99338]]]}},{"type":"Feature","properties":{"KODE":2,"KELAS":2,"NAMA":"Kerentanan Sedang","LUAS_HA":24.882,"_cls":"Kerentanan Sedang"},"geometry":{"type":"Polygon","coordinates":[[[111.57887,-7.99401],[111.57792,-7.99396],[111.57757,-7.99378],[111.57718,-7.99377],[111.57601,-7.99394],[111.5761,-7.99301],[111.57659,-7.99278],[111.57652,-7.99109],[111.57714,-7.99069],[111.57699,-7.99041],[111.57729,-7.98913],[111.57727,-7.98872],[111.57764,-7.9887],[111.57773,-7.98956],[111.57855,-7.98926],[111.57864,-7.98815],[111.57928,-7.98763],[111.57957,-7.98862],[111.57898,-7.98909],[111.57915,-7.98973],[111.57876,-7.99024],[111.57855,-7.99152],[111.57813,-7.99192],[111.5783,-7.9926],[111.57898,-7.99241],[111.5791,-7.99135],[111.57999,-7.99022],[111.58009,-7.9898],[111.58034,-7.98968],[111.5806,-7.98913],[111.5811,-7.98859],[111.58172,-7.98888],[111.58154,-7.9898],[111.58164,-7.99029],[111.58153,-7.99066],[111.58118,-7.99132],[111.58234,-7.99159],[111.58254,-7.99308],[111.58181,-7.99317],[111.58106,-7.99314],[111.57965,-7.99358],[111.57952,-7.99372],[111.57891,-7.99396],[111.57887,-7.99401]],[[111.57968,-7.99274],[111.58021,-7.99235],[111.58054,-7.99187],[111.5807,-7.99175],[111.58052,-7.9913],[111.57954,-7.99146],[111.57946,-7.99268],[111.57968,-7.99274]]]}},{"type":"Feature","properties":{"KODE":2,"KELAS":2,"NAMA":"Kerentanan Sedang","LUAS_HA":3.568,"_cls":"Kerentanan Sedang"},"geometry":{"type":"Polygon","coordinates":[[[111.65554,-7.99407],[111.65532,-7.99403],[111.65523,-7.99384],[111.65459,-7.99376],[111.65431,-7.99333],[111.65315,-7.99383],[111.65305,-7.9934],[111.65287,-7.99305],[111.65401,-7.99257],[111.6544,-7.99259],[111.65538,-7.99199],[111.65555,-7.99232],[111.65486,-7.99272],[111.65506,-7.99286],[111.65558,-7.99284],[111.65577,-7.99372],[111.65568,-7.99394],[111.65554,-7.99407]]]}},{"type":"Feature","properties":{"KODE":1,"KELAS":1,"NAMA":"Kerentanan Rendah","LUAS_HA":0.006,"_cls":"Kerentanan Rendah"},"geometry":{"type":"Polygon","coordinates":[[[111.6442,-7.99418],[111.64431,-7.99421],[111.64423,-7.99429],[111.6442,-7.99418]]]}},{"type":"Feature","properties":{"KODE":2,"KELAS":2,"NAMA":"Kerentanan Sedang","LUAS_HA":1.629,"_cls":"Kerentanan Sedang"},"geometry":{"type":"Polygon","coordinates":[[[111.59666,-7.99443],[111.59618,-7.99438],[111.59535,-7.99444],[111.59567,-7.99304],[111.5958,-7.99312],[111.59591,-7.9942],[111.59626,-7.99409],[111.5962,-7.99345],[111.59648,-7.99312],[111.5967,-7.9933],[111.59679,-7.99349],[111.59788,-7.99358],[111.59765,-7.99381],[111.59681,-7.99374],[111.59659,-7.99393],[111.59666,-7.99443]]]}},{"type":"Feature","properties":{"KODE":2,"KELAS":2,"NAMA":"Kerentanan Sedang","LUAS_HA":1.14,"_cls":"Kerentanan Sedang"},"geometry":{"type":"Polygon","coordinates":[[[111.53459,-7.9947],[111.53347,-7.99466],[111.53342,-7.99395],[111.53462,-7.99385],[111.53467,-7.99448],[111.53459,-7.9947]]]}},{"type":"Feature","properties":{"KODE":2,"KELAS":2,"NAMA":"Kerentanan Sedang","LUAS_HA":3.986,"_cls":"Kerentanan Sedang"},"geometry":{"type":"Polygon","coordinates":[[[111.60863,-7.99469],[111.60814,-7.99459],[111.60813,-7.99428],[111.60838,-7.99405],[111.60795,-7.99377],[111.60812,-7.99084],[111.60831,-7.99075],[111.60848,-7.9904],[111.60903,-7.99039],[111.60859,-7.99083],[111.60858,-7.99157],[111.60917,-7.99166],[111.60868,-7.99404],[111.60922,-7.99422],[111.60911,-7.99454],[111.60868,-7.99464],[111.60863,-7.99469]]]}},{"type":"Feature","properties":{"KODE":2,"KELAS":2,"NAMA":"Kerentanan Sedang","LUAS_HA":0.259,"_cls":"Kerentanan Sedang"},"geometry":{"type":"Polygon","coordinates":[[[111.5786,-7.995],[111.57829,-7.99495],[111.57838,-7.99472],[111.57906,-7.99451],[111.57901,-7.99485],[111.57864,-7.99495],[111.5786,-7.995]]]}},{"type":"Feature","properties":{"KODE":2,"KELAS":2,"NAMA":"Kerentanan Sedang","LUAS_HA":282.355,"_cls":"Kerentanan Sedang"},"geometry":{"type":"MultiPolygon","coordinates":[[[[111.54058,-7.99577],[111.54044,-7.99537],[111.54008,-7.99489],[111.54053,-7.99421],[111.54062,-7.99383],[111.54035,-7.99343],[111.54044,-7.99302],[111.54112,-7.99263],[111.5408,-7.99157],[111.54024,-7.99143],[111.53989,-7.99076],[111.53989,-7.99058],[111.5398,-7.99031],[111.53969,-7.98913],[111.53935,-7.98922],[111.53925,-7.98994],[111.53849,-7.98996],[111.53754,-7.98975],[111.53743,-7.98904],[111.53708,-7.98913],[111.53673,-7.98931],[111.53654,-7.98932],[111.53604,-7.98907],[111.53457,-7.98904],[111.53441,-7.98951],[111.53345,-7.98949],[111.5333,-7.98994],[111.53262,-7.98996],[111.53253,-7.98922],[111.53336,-7.98913],[111.53327,-7.98868],[111.53302,-7.98844],[111.53279,-7.98711],[111.5329,-7.98688],[111.53395,-7.98678],[111.53425,-7.98615],[111.53478,-7.9859],[111.53497,-7.98496],[111.53508,-7.98425],[111.53453,-7.98407],[111.53424,-7.98392],[111.53405,-7.98452],[111.53327,-7.98454],[111.53302,-7.98416],[111.53217,-7.98425],[111.53213,-7.98469],[111.53204,-7.98303],[111.53208,-7.98246],[111.53201,-7.98245],[111.53198,-7.98139],[111.53226,-7.98136],[111.53251,-7.98082],[111.53285,-7.98072],[111.53319,-7.98034],[111.53386,-7.98037],[111.53637,-7.9807],[111.53634,-7.98016],[111.53608,-7.97993],[111.53515,-7.97981],[111.53429,-7.97943],[111.53416,-7.9786],[111.53365,-7.97815],[111.5331,-7.9779],[111.53253,-7.97793],[111.53224,-7.97777],[111.53046,-7.97764],[111.53021,-7.97766],[111.53004,-7.97965],[111.52943,-7.97961],[111.52939,-7.97748],[111.52953,-7.97103],[111.53011,-7.97109],[111.53027,-7.97157],[111.53061,-7.97168],[111.53079,-7.97239],[111.53224,-7.97241],[111.53442,-7.97231],[111.53433,-7.97177],[111.53352,-7.97167],[111.53361,-7.97103],[111.53551,-7.97072],[111.53541,-7.9696],[111.53506,-7.96969],[111.53486,-7.96989],[111.53336,-7.96951],[111.53297,-7.9696],[111.53286,-7.97005],[111.53265,-7.96994],[111.53248,-7.96892],[111.53215,-7.96861],[111.53224,-7.96749],[111.53234,-7.96683],[111.5328,-7.96687],[111.53281,-7.96681],[111.53336,-7.96682],[111.53351,-7.96741],[111.53342,-7.96825],[111.53281,-7.96824],[111.53546,-7.96914],[111.53603,-7.96925],[111.53616,-7.96965],[111.53669,-7.96978],[111.53716,-7.97043],[111.53766,-7.97091],[111.53814,-7.97151],[111.53915,-7.97167],[111.53939,-7.97192],[111.54096,-7.97223],[111.54087,-7.97249],[111.54051,-7.97272],[111.5405,-7.97331],[111.54076,-7.97502],[111.54154,-7.97492],[111.54171,-7.97438],[111.54289,-7.97448],[111.54396,-7.97474],[111.54405,-7.97561],[111.54505,-7.97583],[111.54537,-7.97615],[111.54652,-7.97644],[111.5473,-7.97466],[111.54749,-7.97446],[111.54788,-7.97447],[111.54858,-7.97251],[111.54857,-7.97206],[111.54868,-7.97153],[111.54903,-7.9713],[111.54921,-7.97112],[111.54938,-7.97111],[111.55007,-7.97128],[111.5484,-7.97447],[111.54793,-7.97531],[111.5475,-7.9762],[111.54699,-7.97709],[111.54641,-7.977],[111.5445,-7.97647],[111.5446,-7.97742],[111.54604,-7.97773],[111.54606,-7.97863],[111.54568,-7.97872],[111.54547,-7.97895],[111.54468,-7.97879],[111.5447,-7.97791],[111.54429,-7.97801],[111.54396,-7.98073],[111.54506,-7.98094],[111.54504,-7.98192],[111.54561,-7.9821],[111.54525,-7.98541],[111.54405,-7.98481],[111.54323,-7.98451],[111.54136,-7.98451],[111.54114,-7.98623],[111.54198,-7.98641],[111.5422,-7.98596],[111.54314,-7.98594],[111.54369,-7.98699],[111.54384,-7.98773],[111.54264,-7.98753],[111.54217,-7.98738],[111.54205,-7.98687],[111.53952,-7.98667],[111.53917,-7.98634],[111.53907,-7.98606],[111.53897,-7.98557],[111.53852,-7.98542],[111.53844,-7.98515],[111.53813,-7.98505],[111.53827,-7.98434],[111.5378,-7.98425],[111.53762,-7.98407],[111.53665,-7.98431],[111.53652,-7.9865],[111.53715,-7.98703],[111.53762,-7.98714],[111.53772,-7.98814],[111.5381,-7.98804],[111.53831,-7.98696],[111.53881,-7.98714],[111.5388,-7.98786],[111.54,-7.98798],[111.53997,-7.98922],[111.54062,-7.9894],[111.54071,-7.98976],[111.54121,-7.98992],[111.54134,-7.99048],[111.54224,-7.99068],[111.54225,-7.99121],[111.54217,-7.99229],[111.54195,-7.99312],[111.54216,-7.99372],[111.54217,-7.99422],[111.54118,-7.99438],[111.54094,-7.99552],[111.54058,-7.99577]],[[111.53848,-7.98284],[111.53869,-7.98166],[111.53831,-7.98145],[111.53739,-7.98166],[111.53762,-7.98203],[111.5377,-7.98281],[111.53848,-7.98284]]],[[[111.53597,-7.96817],[111.53488,-7.96796],[111.53487,-7.96734],[111.53542,-7.9672],[111.53538,-7.96682],[111.53596,-7.96686],[111.53599,-7.96751],[111.53596,-7.9675],[111.53597,-7.96817]]],[[[111.54146,-7.96441],[111.54145,-7.96432],[111.54162,-7.96391],[111.54168,-7.96384],[111.54177,-7.96382],[111.54193,-7.96349],[111.54254,-7.96317],[111.54294,-7.96316],[111.54295,-7.96396],[111.54283,-7.96421],[111.54149,-7.96434],[111.54146,-7.96441]]],[[[111.5317,-7.95617],[111.53168,-7.95565],[111.53297,-7.95557],[111.53313,-7.9554],[111.53359,-7.95522],[111.53369,-7.95404],[111.53423,-7.95415],[111.53421,-7.95558],[111.53542,-7.95543],[111.53576,-7.95526],[111.53558,-7.95368],[111.53549,-7.9535],[111.5354,-7.95304],[111.5346,-7.95332],[111.5345,-7.95276],[111.53468,-7.95259],[111.53485,-7.95205],[111.53547,-7.95193],[111.53548,-7.95087],[111.53629,-7.95046],[111.53712,-7.95033],[111.53731,-7.95014],[111.53859,-7.95034],[111.53884,-7.9506],[111.53948,-7.95078],[111.53958,-7.95131],[111.54093,-7.95144],[111.54083,-7.95209],[111.53921,-7.95194],[111.53909,-7.95268],[111.5382,-7.9525],[111.53832,-7.95162],[111.53685,-7.95159],[111.53683,-7.95235],[111.53739,-7.95253],[111.5373,-7.9534],[111.53603,-7.95351],[111.53628,-7.9553],[111.53651,-7.95513],[111.53671,-7.95431],[111.53715,-7.9544],[111.53729,-7.95514],[111.53685,-7.95514],[111.53692,-7.9557],[111.5368,-7.95577],[111.53642,-7.95579],[111.53642,-7.95586],[111.53634,-7.95588],[111.53631,-7.95584],[111.5317,-7.95617]]],[[[111.53162,-7.95428],[111.53161,-7.95402],[111.53154,-7.95371],[111.53196,-7.95322],[111.53195,-7.9526],[111.53267,-7.95277],[111.53295,-7.95296],[111.53367,-7.95307],[111.53368,-7.95347],[111.53206,-7.95393],[111.53186,-7.95414],[111.53162,-7.95428]]]]}},{"type":"Feature","properties":{"KODE":2,"KELAS":2,"NAMA":"Kerentanan Sedang","LUAS_HA":7.42,"_cls":"Kerentanan Sedang"},"geometry":{"type":"Polygon","coordinates":[[[111.63903,-7.99582],[111.63887,-7.99577],[111.63865,-7.99461],[111.63844,-7.99451],[111.63835,-7.99441],[111.63808,-7.99429],[111.63817,-7.99414],[111.63845,-7.99396],[111.63835,-7.99276],[111.63708,-7.99295],[111.63716,-7.99252],[111.63728,-7.99231],[111.63696,-7.9915],[111.63626,-7.99154],[111.63624,-7.99126],[111.63647,-7.99115],[111.63637,-7.98948],[111.63754,-7.9892],[111.63785,-7.98872],[111.63813,-7.98883],[111.63751,-7.98967],[111.63726,-7.99014],[111.63723,-7.9906],[111.63748,-7.99164],[111.6378,-7.99196],[111.63779,-7.99215],[111.63802,-7.99227],[111.63856,-7.99223],[111.63888,-7.99287],[111.63899,-7.99296],[111.63912,-7.99341],[111.63962,-7.99364],[111.63953,-7.99424],[111.63927,-7.99447],[111.6395,-7.99511],[111.63933,-7.99565],[111.63908,-7.99577],[111.63903,-7.99582]]]}},{"type":"Feature","properties":{"KODE":2,"KELAS":2,"NAMA":"Kerentanan Sedang","LUAS_HA":2.593,"_cls":"Kerentanan Sedang"},"geometry":{"type":"Polygon","coordinates":[[[111.54212,-7.99641],[111.54135,-7.99636],[111.54145,-7.99554],[111.54236,-7.99537],[111.54232,-7.99437],[111.54301,-7.99446],[111.54308,-7.99609],[111.54258,-7.99626],[111.54217,-7.99636],[111.54212,-7.99641]]]}},{"type":"Feature","properties":{"KODE":2,"KELAS":2,"NAMA":"Kerentanan Sedang","LUAS_HA":6.444,"_cls":"Kerentanan Sedang"},"geometry":{"type":"Polygon","coordinates":[[[111.61127,-7.99631],[111.61025,-7.99625],[111.60969,-7.99589],[111.60969,-7.99528],[111.60955,-7.99504],[111.61076,-7.99436],[111.6103,-7.99402],[111.6096,-7.99389],[111.60957,-7.99348],[111.60985,-7.99328],[111.61022,-7.99317],[111.61013,-7.99274],[111.60995,-7.99223],[111.61009,-7.99202],[111.61061,-7.99166],[111.61105,-7.99174],[111.61077,-7.99354],[111.6109,-7.9937],[111.61176,-7.99383],[111.6116,-7.99433],[111.61118,-7.99504],[111.61077,-7.99536],[111.61007,-7.99576],[111.61054,-7.99592],[111.61139,-7.99579],[111.61192,-7.9955],[111.61222,-7.99593],[111.61168,-7.99618],[111.61131,-7.99626],[111.61127,-7.99631]]]}},{"type":"Feature","properties":{"KODE":2,"KELAS":2,"NAMA":"Kerentanan Sedang","LUAS_HA":0.827,"_cls":"Kerentanan Sedang"},"geometry":{"type":"Polygon","coordinates":[[[111.57906,-7.99654],[111.5786,-7.99635],[111.57854,-7.996],[111.5787,-7.99563],[111.57905,-7.99558],[111.57942,-7.99573],[111.57948,-7.99608],[111.57935,-7.99638],[111.57909,-7.99649],[111.57906,-7.99654]]]}},{"type":"Feature","properties":{"KODE":2,"KELAS":2,"NAMA":"Kerentanan Sedang","LUAS_HA":0.262,"_cls":"Kerentanan Sedang"},"geometry":{"type":"Polygon","coordinates":[[[111.61444,-7.99649],[111.61388,-7.99645],[111.61378,-7.99623],[111.61418,-7.99603],[111.61441,-7.99616],[111.61444,-7.99649]]]}},{"type":"Feature","properties":{"KODE":2,"KELAS":2,"NAMA":"Kerentanan Sedang","LUAS_HA":0.357,"_cls":"Kerentanan Sedang"},"geometry":{"type":"Polygon","coordinates":[[[111.61571,-7.99649],[111.61531,-7.99632],[111.6156,-7.99604],[111.61639,-7.99593],[111.61628,-7.99614],[111.61575,-7.99643],[111.61571,-7.99649]]]}},{"type":"Feature","properties":{"KODE":2,"KELAS":2,"NAMA":"Kerentanan Sedang","LUAS_HA":1.988,"_cls":"Kerentanan Sedang"},"geometry":{"type":"Polygon","coordinates":[[[111.53732,-7.9975],[111.53662,-7.99741],[111.536,-7.99723],[111.53609,-7.99583],[111.53682,-7.99591],[111.53691,-7.99652],[111.53738,-7.99672],[111.53732,-7.9975]]]}},{"type":"Feature","properties":{"KODE":2,"KELAS":2,"NAMA":"Kerentanan Sedang","LUAS_HA":9.422,"_cls":"Kerentanan Sedang"},"geometry":{"type":"Polygon","coordinates":[[[111.6442,-7.99418],[111.64423,-7.99429],[111.64431,-7.99421],[111.6442,-7.99418],[111.64352,-7.99339],[111.64351,-7.99176],[111.64433,-7.99237],[111.64415,-7.99251],[111.64379,-7.99263],[111.64391,-7.99329],[111.6447,-7.99369],[111.64552,-7.99358],[111.64505,-7.99295],[111.6447,-7.99261],[111.64529,-7.99224],[111.64545,-7.99245],[111.64529,-7.99278],[111.6457,-7.99305],[111.64588,-7.99359],[111.64611,-7.99337],[111.64627,-7.99287],[111.64706,-7.99314],[111.6476,-7.99324],[111.64742,-7.99413],[111.64669,-7.99438],[111.64603,-7.99421],[111.64484,-7.99421],[111.64425,-7.99436],[111.64452,-7.99494],[111.64452,-7.99516],[111.6453,-7.99567],[111.64507,-7.99611],[111.64579,-7.99612],[111.64616,-7.99672],[111.6459,-7.99677],[111.64566,-7.99653],[111.64552,-7.99667],[111.64571,-7.99702],[111.64561,-7.99721],[111.6458,-7.99757],[111.64561,-7.99775],[111.64562,-7.99802],[111.64498,-7.99804],[111.64498,-7.99784],[111.64527,-7.99765],[111.64475,-7.9968],[111.64507,-7.99649],[111.64472,-7.99595],[111.64435,-7.99576],[111.64425,-7.99585],[111.64413,-7.9961],[111.64361,-7.99504],[111.64335,-7.99478],[111.64334,-7.9945],[111.64371,-7.99432],[111.6437,-7.99404],[111.6442,-7.99418]]]}},{"type":"Feature","properties":{"KODE":2,"KELAS":2,"NAMA":"Kerentanan Sedang","LUAS_HA":6.839,"_cls":"Kerentanan Sedang"},"geometry":{"type":"Polygon","coordinates":[[[111.65483,-7.9986],[111.65386,-7.99853],[111.65309,-7.998],[111.65196,-7.99758],[111.65206,-7.99729],[111.65214,-7.99674],[111.65287,-7.99663],[111.65288,-7.99642],[111.65224,-7.99612],[111.65242,-7.99591],[111.65302,-7.99606],[111.65316,-7.99591],[111.65394,-7.99594],[111.65471,-7.99567],[111.65493,-7.99591],[111.65614,-7.99538],[111.65623,-7.99518],[111.65631,-7.99629],[111.65541,-7.99638],[111.65446,-7.99654],[111.65306,-7.99667],[111.65304,-7.99718],[111.6536,-7.9972],[111.65381,-7.99698],[111.65415,-7.99719],[111.65378,-7.99767],[111.65392,-7.99792],[111.65451,-7.99783],[111.6555,-7.99762],[111.65551,-7.99777],[111.65488,-7.99814],[111.65487,-7.99855],[111.65483,-7.9986]]]}},{"type":"Feature","properties":{"KODE":2,"KELAS":2,"NAMA":"Kerentanan Sedang","LUAS_HA":5.636,"_cls":"Kerentanan Sedang"},"geometry":{"type":"Polygon","coordinates":[[[111.61944,-7.99883],[111.61887,-7.99865],[111.61895,-7.99657],[111.61861,-7.99641],[111.61904,-7.99587],[111.61955,-7.99603],[111.61966,-7.99625],[111.62044,-7.99635],[111.62079,-7.99735],[111.62096,-7.99826],[111.62039,-7.99856],[111.61949,-7.99878],[111.61944,-7.99883]]]}},{"type":"Feature","properties":{"KODE":2,"KELAS":2,"NAMA":"Kerentanan Sedang","LUAS_HA":1.193,"_cls":"Kerentanan Sedang"},"geometry":{"type":"Polygon","coordinates":[[[111.63559,-7.99908],[111.63504,-7.99897],[111.63484,-7.9988],[111.63511,-7.99788],[111.63491,-7.99769],[111.635,-7.99738],[111.63566,-7.99768],[111.63559,-7.99908]]]}},{"type":"Feature","properties":{"KODE":2,"KELAS":2,"NAMA":"Kerentanan Sedang","LUAS_HA":2.106,"_cls":"Kerentanan Sedang"},"geometry":{"type":"Polygon","coordinates":[[[111.53328,-7.99742],[111.53324,-7.99709],[111.53311,-7.99488],[111.53319,-7.99513],[111.53398,-7.99543],[111.53409,-7.99726],[111.53328,-7.99742]]]}},{"type":"Feature","properties":{"KODE":2,"KELAS":2,"NAMA":"Kerentanan Sedang","LUAS_HA":16.657,"_cls":"Kerentanan Sedang"},"geometry":{"type":"Polygon","coordinates":[[[111.53914,-8.00084],[111.53822,-8.00076],[111.53789,-8.00061],[111.53791,-8.00007],[111.53755,-7.99991],[111.53754,-7.99955],[111.53764,-7.99926],[111.53747,-7.99849],[111.53818,-7.99729],[111.53908,-7.99747],[111.53918,-7.99718],[111.53881,-7.99709],[111.53859,-7.9964],[111.53776,-7.99608],[111.53826,-7.99528],[111.53861,-7.99517],[111.53884,-7.99444],[111.53981,-7.99467],[111.53974,-7.99653],[111.54061,-7.99674],[111.54072,-7.99781],[111.5417,-7.998],[111.54181,-7.99845],[111.54217,-7.99879],[111.54201,-7.99898],[111.54117,-7.99881],[111.54084,-7.99845],[111.53972,-7.99853],[111.53981,-7.99872],[111.5399,-7.99963],[111.54013,-7.99984],[111.53998,-8.00064],[111.53918,-8.0008],[111.53914,-8.00084]]]}},{"type":"Feature","properties":{"KODE":2,"KELAS":2,"NAMA":"Kerentanan Sedang","LUAS_HA":1.177,"_cls":"Kerentanan Sedang"},"geometry":{"type":"Polygon","coordinates":[[[111.5856,-8.00132],[111.58524,-8.00122],[111.58479,-8.00083],[111.58456,-8.00042],[111.58451,-7.99984],[111.58486,-7.99981],[111.58563,-8.00073],[111.58566,-8.00114],[111.5856,-8.00132]]]}},{"type":"Feature","properties":{"KODE":2,"KELAS":2,"NAMA":"Kerentanan Sedang","LUAS_HA":2.698,"_cls":"Kerentanan Sedang"},"geometry":{"type":"Polygon","coordinates":[[[111.64394,-8.00124],[111.64355,-8.00118],[111.64317,-8.00056],[111.64308,-7.9991],[111.64117,-7.99917],[111.64126,-7.99884],[111.64205,-7.99887],[111.64273,-7.9987],[111.64333,-7.99839],[111.64357,-7.99878],[111.6438,-8.0001],[111.64394,-8.00124]]]}},{"type":"Feature","properties":{"KODE":2,"KELAS":2,"NAMA":"Kerentanan Sedang","LUAS_HA":15.778,"_cls":"Kerentanan Sedang"},"geometry":{"type":"Polygon","coordinates":[[[111.6316,-8.00189],[111.63097,-8.00184],[111.63049,-8.00129],[111.62947,-8.00157],[111.62914,-8.00147],[111.62892,-8.00012],[111.62784,-8.00021],[111.62798,-7.99959],[111.62838,-7.99896],[111.62854,-7.99806],[111.6291,-7.99742],[111.62928,-7.99714],[111.62976,-7.99741],[111.6304,-7.99746],[111.63084,-7.99708],[111.63132,-7.99586],[111.6311,-7.99546],[111.63119,-7.99489],[111.63146,-7.99487],[111.6322,-7.995],[111.63209,-7.9956],[111.63175,-7.99582],[111.63162,-7.99628],[111.63227,-7.99657],[111.632,-7.99735],[111.63134,-7.9973],[111.63107,-7.99779],[111.63159,-7.99823],[111.63144,-7.99887],[111.63099,-7.99942],[111.63082,-7.99999],[111.63042,-8.0007],[111.63126,-8.00123],[111.63188,-8.0015],[111.6316,-8.00189]]]}},{"type":"Feature","properties":{"KODE":2,"KELAS":2,"NAMA":"Kerentanan Sedang","LUAS_HA":1.188,"_cls":"Kerentanan Sedang"},"geometry":{"type":"Polygon","coordinates":[[[111.6061,-8.00256],[111.60519,-8.00252],[111.60506,-8.00151],[111.60612,-8.00151],[111.60605,-8.00211],[111.6061,-8.00256]]]}},{"type":"Feature","properties":{"KODE":2,"KELAS":2,"NAMA":"Kerentanan Sedang","LUAS_HA":7.204,"_cls":"Kerentanan Sedang"},"geometry":{"type":"Polygon","coordinates":[[[111.55629,-8.00344],[111.5557,-8.00339],[111.55582,-8.00289],[111.55643,-8.00253],[111.5564,-8.00193],[111.55659,-8.00135],[111.55719,-7.99988],[111.55892,-7.99952],[111.55912,-7.9999],[111.55896,-8.0005],[111.55887,-8.00149],[111.55869,-8.00141],[111.55822,-8.00105],[111.5579,-8.00173],[111.55755,-8.00231],[111.5573,-8.00294],[111.55633,-8.0034],[111.55629,-8.00344]]]}},{"type":"Feature","properties":{"KODE":2,"KELAS":2,"NAMA":"Kerentanan Sedang","LUAS_HA":1.74,"_cls":"Kerentanan Sedang"},"geometry":{"type":"Polygon","coordinates":[[[111.64394,-8.00332],[111.64328,-8.00327],[111.64337,-8.00237],[111.64329,-8.00165],[111.64351,-8.00163],[111.64373,-8.00181],[111.64396,-8.00209],[111.64444,-8.00223],[111.64436,-8.00318],[111.64399,-8.00327],[111.64394,-8.00332]]]}},{"type":"Feature","properties":{"KODE":2,"KELAS":2,"NAMA":"Kerentanan Sedang","LUAS_HA":0.661,"_cls":"Kerentanan Sedang"},"geometry":{"type":"Polygon","coordinates":[[[111.65311,-8.00384],[111.65281,-8.00375],[111.65261,-8.00305],[111.65326,-8.00254],[111.65346,-8.00285],[111.65303,-8.00338],[111.65318,-8.00365],[111.65311,-8.00384]]]}},{"type":"Feature","properties":{"KODE":2,"KELAS":2,"NAMA":"Kerentanan Sedang","LUAS_HA":0.532,"_cls":"Kerentanan Sedang"},"geometry":{"type":"Polygon","coordinates":[[[111.55611,-8.00462],[111.55598,-8.00452],[111.55608,-8.00377],[111.55669,-8.00391],[111.5566,-8.00447],[111.55615,-8.00457],[111.55611,-8.00462]]]}},{"type":"Feature","properties":{"KODE":2,"KELAS":2,"NAMA":"Kerentanan Sedang","LUAS_HA":2.42,"_cls":"Kerentanan Sedang"},"geometry":{"type":"Polygon","coordinates":[[[111.61827,-8.00471],[111.61745,-8.00466],[111.61678,-8.00424],[111.61673,-8.00332],[111.61713,-8.0034],[111.61745,-8.00357],[111.61781,-8.00359],[111.61828,-8.00356],[111.61856,-8.00382],[111.61885,-8.00435],[111.61827,-8.00471]]]}},{"type":"Feature","properties":{"KODE":2,"KELAS":2,"NAMA":"Kerentanan Sedang","LUAS_HA":0.897,"_cls":"Kerentanan Sedang"},"geometry":{"type":"Polygon","coordinates":[[[111.58224,-8.00558],[111.58203,-8.00552],[111.58212,-8.00529],[111.58278,-8.00493],[111.58319,-8.00418],[111.58382,-8.00434],[111.58371,-8.00465],[111.5831,-8.00498],[111.58275,-8.00527],[111.58228,-8.00553],[111.58224,-8.00558]]]}},{"type":"Feature","properties":{"KODE":2,"KELAS":2,"NAMA":"Kerentanan Sedang","LUAS_HA":15.704,"_cls":"Kerentanan Sedang"},"geometry":{"type":"Polygon","coordinates":[[[111.57326,-8.00514],[111.5737,-8.00509],[111.5743,-8.00512],[111.57439,-8.00482],[111.57476,-8.00465],[111.57484,-8.00437],[111.57498,-8.00412],[111.57481,-8.00364],[111.5753,-8.00294],[111.57517,-8.00277],[111.57435,-8.00328],[111.57428,-8.00303],[111.57517,-8.00201],[111.5749,-8.00153],[111.57517,-8.00111],[111.57564,-8.00129],[111.57666,-8.00185],[111.57711,-8.00182],[111.57747,-8.00184],[111.57757,-8.00147],[111.57772,-8.00051],[111.57811,-8.00039],[111.57822,-7.99993],[111.57895,-8.00002],[111.57881,-8.00065],[111.5792,-8.00099],[111.57893,-8.00227],[111.57864,-8.00289],[111.57768,-8.00364],[111.57747,-8.00365],[111.57681,-8.00329],[111.57652,-8.0037],[111.577,-8.00413],[111.57653,-8.00449],[111.5763,-8.00436],[111.576,-8.0047],[111.57557,-8.00508],[111.57532,-8.00536],[111.57428,-8.0055],[111.57371,-8.00581],[111.57334,-8.00571],[111.57326,-8.00514]]]}},{"type":"Feature","properties":{"KODE":2,"KELAS":2,"NAMA":"Kerentanan Sedang","LUAS_HA":0.584,"_cls":"Kerentanan Sedang"},"geometry":{"type":"Polygon","coordinates":[[[111.60003,-8.00573],[111.5998,-8.0056],[111.59967,-8.0053],[111.59937,-8.00495],[111.59881,-8.00448],[111.59906,-8.00439],[111.59977,-8.00465],[111.59954,-8.00485],[111.59999,-8.00522],[111.60003,-8.00573]]]}},{"type":"Feature","properties":{"KODE":2,"KELAS":2,"NAMA":"Kerentanan Sedang","LUAS_HA":2.408,"_cls":"Kerentanan Sedang"},"geometry":{"type":"Polygon","coordinates":[[[111.5837,-8.00666],[111.58334,-8.00662],[111.58268,-8.00634],[111.58223,-8.00598],[111.58245,-8.00571],[111.58276,-8.00574],[111.58314,-8.00527],[111.58398,-8.00474],[111.58446,-8.00512],[111.58424,-8.00542],[111.58357,-8.0058],[111.584,-8.00633],[111.5837,-8.00666]]]}},{"type":"Feature","properties":{"KODE":2,"KELAS":2,"NAMA":"Kerentanan Sedang","LUAS_HA":3.481,"_cls":"Kerentanan Sedang"},"geometry":{"type":"Polygon","coordinates":[[[111.62453,-8.0066],[111.62414,-8.00648],[111.62385,-8.00608],[111.62394,-8.00513],[111.62422,-8.00452],[111.62465,-8.00385],[111.62557,-8.00483],[111.62567,-8.00511],[111.62516,-8.00571],[111.62453,-8.0066]]]}},{"type":"Feature","properties":{"KODE":2,"KELAS":2,"NAMA":"Kerentanan Sedang","LUAS_HA":4.229,"_cls":"Kerentanan Sedang"},"geometry":{"type":"Polygon","coordinates":[[[111.59903,-8.00691],[111.59852,-8.00683],[111.59803,-8.00689],[111.59744,-8.00642],[111.59662,-8.00659],[111.59631,-8.00677],[111.59618,-8.00635],[111.59629,-8.00593],[111.59706,-8.00628],[111.59753,-8.00608],[111.59756,-8.0058],[111.59715,-8.00531],[111.59729,-8.00498],[111.59761,-8.00494],[111.59779,-8.00516],[111.59801,-8.00534],[111.59831,-8.00603],[111.59898,-8.00623],[111.59887,-8.00536],[111.59851,-8.00522],[111.59821,-8.00526],[111.59807,-8.00515],[111.59764,-8.00462],[111.5979,-8.00459],[111.59821,-8.00463],[111.59856,-8.00459],[111.59898,-8.00492],[111.59907,-8.00524],[111.59934,-8.0057],[111.59925,-8.00636],[111.59903,-8.00691]]]}},{"type":"Feature","properties":{"KODE":2,"KELAS":2,"NAMA":"Kerentanan Sedang","LUAS_HA":6.186,"_cls":"Kerentanan Sedang"},"geometry":{"type":"Polygon","coordinates":[[[111.57326,-8.00514],[111.57096,-8.00539],[111.57094,-8.00561],[111.5724,-8.00645],[111.57192,-8.00658],[111.57124,-8.00643],[111.57085,-8.00663],[111.57059,-8.00682],[111.57031,-8.0069],[111.57003,-8.00711],[111.56951,-8.00706],[111.56926,-8.00735],[111.56896,-8.00738],[111.56908,-8.00709],[111.56945,-8.00665],[111.56974,-8.00652],[111.56986,-8.00627],[111.57017,-8.00587],[111.5698,-8.00539],[111.57061,-8.00503],[111.57056,-8.00447],[111.57107,-8.00431],[111.57195,-8.00391],[111.57216,-8.00469],[111.57318,-8.0046],[111.57322,-8.00509],[111.57326,-8.00514]]]}},{"type":"Feature","properties":{"KODE":2,"KELAS":2,"NAMA":"Kerentanan Sedang","LUAS_HA":2.245,"_cls":"Kerentanan Sedang"},"geometry":{"type":"Polygon","coordinates":[[[111.58506,-8.00756],[111.58411,-8.0074],[111.58331,-8.00752],[111.58295,-8.00709],[111.58409,-8.0069],[111.58429,-8.00662],[111.58438,-8.00608],[111.58485,-8.00621],[111.58551,-8.00667],[111.58528,-8.00706],[111.5851,-8.00742],[111.58506,-8.00756]]]}},{"type":"Feature","properties":{"KODE":2,"KELAS":2,"NAMA":"Kerentanan Sedang","LUAS_HA":0.515,"_cls":"Kerentanan Sedang"},"geometry":{"type":"Polygon","coordinates":[[[111.59541,-8.00909],[111.59501,-8.00904],[111.59482,-8.00876],[111.59504,-8.00824],[111.59543,-8.00836],[111.59553,-8.0088],[111.59541,-8.00909]]]}},{"type":"Feature","properties":{"KODE":2,"KELAS":2,"NAMA":"Kerentanan Sedang","LUAS_HA":0.45,"_cls":"Kerentanan Sedang"},"geometry":{"type":"Polygon","coordinates":[[[111.60893,-8.00907],[111.60811,-8.00907],[111.60811,-8.00862],[111.60893,-8.00862],[111.60893,-8.00907]]]}},{"type":"Feature","properties":{"KODE":2,"KELAS":2,"NAMA":"Kerentanan Sedang","LUAS_HA":2.15,"_cls":"Kerentanan Sedang"},"geometry":{"type":"Polygon","coordinates":[[[111.56818,-8.00994],[111.56813,-8.00989],[111.56796,-8.00935],[111.56765,-8.00856],[111.56896,-8.00754],[111.56909,-8.00767],[111.56842,-8.00847],[111.5684,-8.00872],[111.56913,-8.00882],[111.56899,-8.00971],[111.56831,-8.0098],[111.56818,-8.00994]]]}},{"type":"Feature","properties":{"KODE":2,"KELAS":2,"NAMA":"Kerentanan Sedang","LUAS_HA":18.986,"_cls":"Kerentanan Sedang"},"geometry":{"type":"Polygon","coordinates":[[[111.60811,-8.01024],[111.60747,-8.01018],[111.60653,-8.00964],[111.60568,-8.00895],[111.60535,-8.00857],[111.60461,-8.00839],[111.60403,-8.00885],[111.60352,-8.00867],[111.60331,-8.00842],[111.60267,-8.00806],[111.60235,-8.0073],[111.60244,-8.00643],[111.60314,-8.00545],[111.60389,-8.00524],[111.60408,-8.00523],[111.60425,-8.00562],[111.60456,-8.00588],[111.6045,-8.00662],[111.60553,-8.007],[111.60603,-8.00672],[111.60679,-8.00699],[111.6067,-8.0063],[111.60642,-8.00605],[111.60621,-8.00529],[111.60656,-8.00488],[111.60807,-8.00521],[111.60838,-8.00523],[111.60883,-8.0045],[111.60921,-8.0046],[111.60889,-8.00545],[111.60837,-8.00605],[111.60808,-8.00603],[111.60741,-8.00655],[111.60744,-8.00687],[111.60683,-8.00793],[111.60643,-8.00827],[111.60721,-8.00917],[111.60819,-8.00976],[111.60811,-8.01024]]]}},{"type":"Feature","properties":{"KODE":2,"KELAS":2,"NAMA":"Kerentanan Sedang","LUAS_HA":0.423,"_cls":"Kerentanan Sedang"},"geometry":{"type":"Polygon","coordinates":[[[111.55993,-8.01067],[111.55962,-8.01062],[111.55973,-8.01024],[111.56051,-8.01006],[111.56056,-8.01038],[111.55997,-8.01062],[111.55993,-8.01067]]]}},{"type":"Feature","properties":{"KODE":2,"KELAS":2,"NAMA":"Kerentanan Sedang","LUAS_HA":0.536,"_cls":"Kerentanan Sedang"},"geometry":{"type":"Polygon","coordinates":[[[111.56183,-8.01067],[111.56099,-8.01051],[111.56096,-8.01],[111.56201,-8.01028],[111.56183,-8.01067]]]}},{"type":"Feature","properties":{"KODE":2,"KELAS":2,"NAMA":"Kerentanan Sedang","LUAS_HA":4.318,"_cls":"Kerentanan Sedang"},"geometry":{"type":"Polygon","coordinates":[[[111.59722,-8.0108],[111.59678,-8.01062],[111.59636,-8.01039],[111.59606,-8.0106],[111.59555,-8.01037],[111.59563,-8.00984],[111.59601,-8.0095],[111.59628,-8.00912],[111.59663,-8.00814],[111.59673,-8.0076],[111.59712,-8.00758],[111.59784,-8.00785],[111.59736,-8.00828],[111.59755,-8.00857],[111.59805,-8.00869],[111.59835,-8.00941],[111.59836,-8.00965],[111.59823,-8.00994],[111.59799,-8.00976],[111.5978,-8.00928],[111.59733,-8.00895],[111.5969,-8.00904],[111.59681,-8.00934],[111.59639,-8.00993],[111.59732,-8.01035],[111.59722,-8.0108]]]}},{"type":"Feature","properties":{"KODE":2,"KELAS":2,"NAMA":"Kerentanan Sedang","LUAS_HA":1.806,"_cls":"Kerentanan Sedang"},"geometry":{"type":"Polygon","coordinates":[[[111.60512,-8.01088],[111.60445,-8.01072],[111.60395,-8.01076],[111.60348,-8.01062],[111.60317,-8.01018],[111.60343,-8.00997],[111.60344,-8.00975],[111.60321,-8.00922],[111.60357,-8.00931],[111.60396,-8.00992],[111.60443,-8.01012],[111.60504,-8.0103],[111.60518,-8.0107],[111.60512,-8.01088]]]}},{"type":"Feature","properties":{"KODE":2,"KELAS":2,"NAMA":"Kerentanan Sedang","LUAS_HA":2.151,"_cls":"Kerentanan Sedang"},"geometry":{"type":"Polygon","coordinates":[[[111.62599,-8.01085],[111.62581,-8.01071],[111.62523,-8.00949],[111.62562,-8.00859],[111.62603,-8.00891],[111.62673,-8.00934],[111.62599,-8.01085]]]}},{"type":"Feature","properties":{"KODE":2,"KELAS":2,"NAMA":"Kerentanan Sedang","LUAS_HA":4.188,"_cls":"Kerentanan Sedang"},"geometry":{"type":"Polygon","coordinates":[[[111.5769,-8.01138],[111.57669,-8.01119],[111.57702,-8.01008],[111.57676,-8.0097],[111.5763,-8.00892],[111.57541,-8.00911],[111.57538,-8.00859],[111.57563,-8.0078],[111.57622,-8.00673],[111.57657,-8.0067],[111.5766,-8.00712],[111.57628,-8.00774],[111.57641,-8.00802],[111.57699,-8.00853],[111.57721,-8.00925],[111.57753,-8.00996],[111.57722,-8.01097],[111.5769,-8.01138]]]}},{"type":"Feature","properties":{"KODE":2,"KELAS":2,"NAMA":"Kerentanan Sedang","LUAS_HA":5.883,"_cls":"Kerentanan Sedang"},"geometry":{"type":"Polygon","coordinates":[[[111.57073,-8.01166],[111.57053,-8.0116],[111.57033,-8.01115],[111.56978,-8.01037],[111.56986,-8.01016],[111.5707,-8.00978],[111.57067,-8.00931],[111.57243,-8.00865],[111.57315,-8.00859],[111.57267,-8.00974],[111.57227,-8.01106],[111.57195,-8.01098],[111.57186,-8.00917],[111.57149,-8.0094],[111.57155,-8.01015],[111.57141,-8.01152],[111.57077,-8.01161],[111.57073,-8.01166]]]}},{"type":"Feature","properties":{"KODE":2,"KELAS":2,"NAMA":"Kerentanan Sedang","LUAS_HA":0.935,"_cls":"Kerentanan Sedang"},"geometry":{"type":"Polygon","coordinates":[[[111.55312,-8.01195],[111.55245,-8.01187],[111.55254,-8.01138],[111.55284,-8.01102],[111.55389,-8.01147],[111.55372,-8.01173],[111.5532,-8.01168],[111.55312,-8.01195]]]}},{"type":"Feature","properties":{"KODE":2,"KELAS":2,"NAMA":"Kerentanan Sedang","LUAS_HA":1.105,"_cls":"Kerentanan Sedang"},"geometry":{"type":"Polygon","coordinates":[[[111.59632,-8.01216],[111.59591,-8.01212],[111.59582,-8.01184],[111.59501,-8.01149],[111.59495,-8.01095],[111.59537,-8.01103],[111.59616,-8.01128],[111.59628,-8.01148],[111.59632,-8.01216]]]}},{"type":"Feature","properties":{"KODE":2,"KELAS":2,"NAMA":"Kerentanan Sedang","LUAS_HA":1.821,"_cls":"Kerentanan Sedang"},"geometry":{"type":"Polygon","coordinates":[[[111.56891,-8.01229],[111.56868,-8.01225],[111.56825,-8.012],[111.56742,-8.01165],[111.5676,-8.01124],[111.56796,-8.01128],[111.56815,-8.01105],[111.56903,-8.01094],[111.56921,-8.01171],[111.56895,-8.01215],[111.56891,-8.01229]]]}},{"type":"Feature","properties":{"KODE":2,"KELAS":2,"NAMA":"Kerentanan Sedang","LUAS_HA":2.05,"_cls":"Kerentanan Sedang"},"geometry":{"type":"Polygon","coordinates":[[[111.61093,-8.01232],[111.6105,-8.01224],[111.61016,-8.01195],[111.61013,-8.01158],[111.61027,-8.01096],[111.61099,-8.01056],[111.61136,-8.01065],[111.61124,-8.0111],[111.61151,-8.01149],[111.61134,-8.01183],[111.61093,-8.01232]]]}},{"type":"Feature","properties":{"KODE":2,"KELAS":2,"NAMA":"Kerentanan Sedang","LUAS_HA":6.362,"_cls":"Kerentanan Sedang"},"geometry":{"type":"Polygon","coordinates":[[[111.56483,-8.01411],[111.56469,-8.01406],[111.56472,-8.01313],[111.56445,-8.01254],[111.56397,-8.01216],[111.56353,-8.01217],[111.56316,-8.01198],[111.56264,-8.01216],[111.56189,-8.01135],[111.5615,-8.01099],[111.56211,-8.01079],[111.56277,-8.01045],[111.56306,-8.01053],[111.56342,-8.01144],[111.56353,-8.01144],[111.56403,-8.01081],[111.56452,-8.01101],[111.56449,-8.01175],[111.56591,-8.01198],[111.56578,-8.01234],[111.56566,-8.01297],[111.56497,-8.01388],[111.56483,-8.01411]]]}},{"type":"Feature","properties":{"KODE":2,"KELAS":2,"NAMA":"Kerentanan Sedang","LUAS_HA":1.499,"_cls":"Kerentanan Sedang"},"geometry":{"type":"Polygon","coordinates":[[[111.5995,-8.01406],[111.59883,-8.01397],[111.5987,-8.01328],[111.59919,-8.01307],[111.59958,-8.01284],[111.60007,-8.013],[111.60011,-8.01338],[111.59994,-8.0138],[111.59954,-8.01401],[111.5995,-8.01406]]]}},{"type":"Feature","properties":{"KODE":2,"KELAS":2,"NAMA":"Kerentanan Sedang","LUAS_HA":2.395,"_cls":"Kerentanan Sedang"},"geometry":{"type":"Polygon","coordinates":[[[111.60131,-8.01405],[111.60084,-8.01399],[111.60066,-8.01348],[111.60127,-8.0132],[111.60163,-8.01292],[111.60236,-8.01269],[111.60274,-8.01211],[111.60324,-8.01238],[111.60345,-8.01228],[111.60379,-8.01193],[111.60407,-8.01205],[111.6039,-8.01234],[111.60326,-8.01264],[111.60311,-8.01297],[111.60268,-8.01312],[111.60172,-8.01335],[111.60163,-8.01383],[111.60131,-8.01405]]]}},{"type":"Feature","properties":{"KODE":2,"KELAS":2,"NAMA":"Kerentanan Sedang","LUAS_HA":2.276,"_cls":"Kerentanan Sedang"},"geometry":{"type":"Polygon","coordinates":[[[111.55022,-8.01494],[111.54986,-8.01487],[111.54937,-8.01463],[111.549,-8.01415],[111.54922,-8.01352],[111.54989,-8.01318],[111.55043,-8.01342],[111.55046,-8.01455],[111.55022,-8.01494]]]}},{"type":"Feature","properties":{"KODE":2,"KELAS":2,"NAMA":"Kerentanan Sedang","LUAS_HA":2.519,"_cls":"Kerentanan Sedang"},"geometry":{"type":"Polygon","coordinates":[[[111.57799,-8.0149],[111.57792,-8.01485],[111.57736,-8.01289],[111.57668,-8.01267],[111.57676,-8.01241],[111.57729,-8.01201],[111.57762,-8.01143],[111.57791,-8.01106],[111.57813,-8.01133],[111.57777,-8.01214],[111.57785,-8.01269],[111.57806,-8.01298],[111.57801,-8.01338],[111.57812,-8.01414],[111.57824,-8.01456],[111.57799,-8.0149]]]}},{"type":"Feature","properties":{"KODE":2,"KELAS":2,"NAMA":"Kerentanan Sedang","LUAS_HA":2.53,"_cls":"Kerentanan Sedang"},"geometry":{"type":"Polygon","coordinates":[[[111.65422,-8.01497],[111.65404,-8.01492],[111.65281,-8.01409],[111.65289,-8.01365],[111.65358,-8.01357],[111.65348,-8.0129],[111.65392,-8.01283],[111.65443,-8.01297],[111.65436,-8.01402],[111.65422,-8.01497]]]}},{"type":"Feature","properties":{"KODE":2,"KELAS":2,"NAMA":"Kerentanan Sedang","LUAS_HA":9.442,"_cls":"Kerentanan Sedang"},"geometry":{"type":"Polygon","coordinates":[[[111.5701,-8.01518],[111.56842,-8.01456],[111.5686,-8.01388],[111.5689,-8.01367],[111.56977,-8.01372],[111.56976,-8.01324],[111.56994,-8.01323],[111.57069,-8.01343],[111.5719,-8.01369],[111.57213,-8.01355],[111.57212,-8.01288],[111.57299,-8.01268],[111.57332,-8.01278],[111.57341,-8.01369],[111.57359,-8.01385],[111.57347,-8.01472],[111.5724,-8.01495],[111.5715,-8.015],[111.57032,-8.01493],[111.5701,-8.01518]]]}},{"type":"Feature","properties":{"KODE":2,"KELAS":2,"NAMA":"Kerentanan Sedang","LUAS_HA":0.827,"_cls":"Kerentanan Sedang"},"geometry":{"type":"Polygon","coordinates":[[[111.54778,-8.01621],[111.54732,-8.01602],[111.54726,-8.01567],[111.54742,-8.0153],[111.54777,-8.01525],[111.54814,-8.0154],[111.5482,-8.01575],[111.54807,-8.01605],[111.54782,-8.01616],[111.54778,-8.01621]]]}},{"type":"Feature","properties":{"KODE":2,"KELAS":2,"NAMA":"Kerentanan Sedang","LUAS_HA":3.409,"_cls":"Kerentanan Sedang"},"geometry":{"type":"Polygon","coordinates":[[[111.59941,-8.0165],[111.59884,-8.01644],[111.59882,-8.01618],[111.59927,-8.01542],[111.59941,-8.0148],[111.59962,-8.01455],[111.60009,-8.01447],[111.6005,-8.01424],[111.6014,-8.01456],[111.60126,-8.01505],[111.60064,-8.01523],[111.60054,-8.01585],[111.59993,-8.0158],[111.59974,-8.01597],[111.59941,-8.0165]]]}},{"type":"Feature","properties":{"KODE":2,"KELAS":2,"NAMA":"Kerentanan Sedang","LUAS_HA":3.652,"_cls":"Kerentanan Sedang"},"geometry":{"type":"Polygon","coordinates":[[[111.60177,-8.01704],[111.60136,-8.01691],[111.60133,-8.01615],[111.60158,-8.01564],[111.60172,-8.01582],[111.60183,-8.01644],[111.60234,-8.01619],[111.60295,-8.01547],[111.60317,-8.01486],[111.60317,-8.01464],[111.60287,-8.0142],[111.60304,-8.01366],[111.60352,-8.01349],[111.60432,-8.01328],[111.6048,-8.01362],[111.60455,-8.01391],[111.60383,-8.01414],[111.60363,-8.01464],[111.60348,-8.01511],[111.60259,-8.01661],[111.60184,-8.01696],[111.60177,-8.01704]]]}},{"type":"Feature","properties":{"KODE":2,"KELAS":2,"NAMA":"Kerentanan Sedang","LUAS_HA":1.28,"_cls":"Kerentanan Sedang"},"geometry":{"type":"Polygon","coordinates":[[[111.57872,-8.01734],[111.57859,-8.0172],[111.57796,-8.01707],[111.57794,-8.0169],[111.5781,-8.01651],[111.57854,-8.01644],[111.58003,-8.01695],[111.57993,-8.01727],[111.57889,-8.01703],[111.57872,-8.01734]]]}},{"type":"Feature","properties":{"KODE":2,"KELAS":2,"NAMA":"Kerentanan Sedang","LUAS_HA":1.107,"_cls":"Kerentanan Sedang"},"geometry":{"type":"Polygon","coordinates":[[[111.57918,-8.01861],[111.57809,-8.01843],[111.57828,-8.01759],[111.57931,-8.01778],[111.57918,-8.01861]]]}},{"type":"Feature","properties":{"KODE":2,"KELAS":2,"NAMA":"Kerentanan Sedang","LUAS_HA":1.495,"_cls":"Kerentanan Sedang"},"geometry":{"type":"Polygon","coordinates":[[[111.59143,-8.01859],[111.58986,-8.01842],[111.5893,-8.01816],[111.58944,-8.0179],[111.59136,-8.01778],[111.59143,-8.01859]]]}},{"type":"Feature","properties":{"KODE":2,"KELAS":2,"NAMA":"Kerentanan Sedang","LUAS_HA":1.029,"_cls":"Kerentanan Sedang"},"geometry":{"type":"Polygon","coordinates":[[[111.55114,-8.01919],[111.55064,-8.0191],[111.55042,-8.0186],[111.55016,-8.01814],[111.55066,-8.01795],[111.55131,-8.01841],[111.55114,-8.01919]]]}},{"type":"Feature","properties":{"KODE":2,"KELAS":2,"NAMA":"Kerentanan Sedang","LUAS_HA":3.478,"_cls":"Kerentanan Sedang"},"geometry":{"type":"Polygon","coordinates":[[[111.57265,-8.02061],[111.57227,-8.02021],[111.57197,-8.02008],[111.57196,-8.01985],[111.57303,-8.0189],[111.57381,-8.01836],[111.57426,-8.019],[111.57459,-8.01961],[111.57405,-8.02011],[111.57344,-8.01986],[111.57282,-8.02042],[111.57265,-8.02061]]]}},{"type":"Feature","properties":{"KODE":2,"KELAS":2,"NAMA":"Kerentanan Sedang","LUAS_HA":8.129,"_cls":"Kerentanan Sedang"},"geometry":{"type":"Polygon","coordinates":[[[111.65041,-8.02058],[111.65025,-8.02053],[111.64982,-8.01852],[111.65216,-8.01771],[111.65327,-8.0161],[111.65361,-8.01609],[111.65342,-8.01769],[111.65282,-8.01856],[111.65272,-8.01932],[111.65126,-8.01967],[111.65078,-8.02033],[111.65041,-8.02058]]]}},{"type":"Feature","properties":{"KODE":2,"KELAS":2,"NAMA":"Kerentanan Sedang","LUAS_HA":0.983,"_cls":"Kerentanan Sedang"},"geometry":{"type":"Polygon","coordinates":[[[111.57483,-8.02124],[111.57426,-8.0212],[111.57393,-8.02097],[111.57382,-8.02047],[111.57419,-8.02038],[111.57467,-8.01966],[111.57476,-8.01991],[111.57455,-8.0206],[111.57479,-8.02091],[111.57483,-8.02124]]]}},{"type":"Feature","properties":{"KODE":2,"KELAS":2,"NAMA":"Kerentanan Sedang","LUAS_HA":1.866,"_cls":"Kerentanan Sedang"},"geometry":{"type":"Polygon","coordinates":[[[111.58816,-8.02131],[111.58769,-8.02112],[111.58765,-8.02076],[111.58776,-8.02051],[111.58794,-8.02036],[111.58776,-8.02004],[111.58789,-8.01906],[111.58809,-8.01883],[111.58847,-8.01913],[111.58849,-8.01937],[111.58839,-8.02036],[111.58856,-8.02067],[111.58858,-8.02086],[111.58846,-8.02115],[111.58821,-8.02126],[111.58816,-8.02131]]]}},{"type":"Feature","properties":{"KODE":2,"KELAS":2,"NAMA":"Kerentanan Sedang","LUAS_HA":0.302,"_cls":"Kerentanan Sedang"},"geometry":{"type":"Polygon","coordinates":[[[111.55541,-8.02208],[111.55514,-8.02203],[111.55502,-8.02122],[111.55538,-8.02139],[111.55546,-8.02194],[111.55541,-8.02208]]]}},{"type":"Feature","properties":{"KODE":2,"KELAS":2,"NAMA":"Kerentanan Sedang","LUAS_HA":12.053,"_cls":"Kerentanan Sedang"},"geometry":{"type":"Polygon","coordinates":[[[111.57083,-8.02242],[111.57054,-8.02236],[111.5704,-8.02192],[111.57016,-8.02193],[111.56979,-8.02165],[111.56946,-8.0215],[111.56934,-8.02084],[111.56899,-8.02018],[111.56926,-8.01934],[111.56963,-8.01843],[111.56981,-8.01756],[111.56915,-8.01714],[111.5696,-8.01676],[111.57152,-8.01766],[111.57171,-8.01837],[111.57154,-8.01995],[111.5712,-8.02067],[111.57015,-8.02124],[111.57155,-8.02142],[111.57197,-8.0218],[111.57188,-8.02192],[111.57115,-8.02201],[111.57097,-8.02228],[111.57083,-8.02242]]]}},{"type":"Feature","properties":{"KODE":2,"KELAS":2,"NAMA":"Kerentanan Sedang","LUAS_HA":1.399,"_cls":"Kerentanan Sedang"},"geometry":{"type":"Polygon","coordinates":[[[111.5614,-8.02316],[111.56068,-8.0231],[111.56045,-8.02227],[111.56059,-8.02186],[111.56104,-8.02211],[111.5616,-8.02224],[111.5618,-8.02277],[111.5614,-8.02316]]]}},{"type":"Feature","properties":{"KODE":2,"KELAS":2,"NAMA":"Kerentanan Sedang","LUAS_HA":1.576,"_cls":"Kerentanan Sedang"},"geometry":{"type":"Polygon","coordinates":[[[111.5869,-8.02312],[111.58677,-8.02301],[111.58666,-8.02262],[111.58681,-8.02136],[111.58781,-8.02173],[111.58735,-8.02292],[111.58694,-8.02307],[111.5869,-8.02312]]]}},{"type":"Feature","properties":{"KODE":2,"KELAS":2,"NAMA":"Kerentanan Sedang","LUAS_HA":0.863,"_cls":"Kerentanan Sedang"},"geometry":{"type":"Polygon","coordinates":[[[111.56766,-8.0236],[111.56741,-8.02353],[111.56675,-8.02279],[111.56713,-8.0225],[111.56804,-8.023],[111.5677,-8.02346],[111.56766,-8.0236]]]}},{"type":"Feature","properties":{"KODE":2,"KELAS":2,"NAMA":"Kerentanan Sedang","LUAS_HA":24.149,"_cls":"Kerentanan Sedang"},"geometry":{"type":"Polygon","coordinates":[[[111.58336,-8.02412],[111.58322,-8.02407],[111.58225,-8.02396],[111.58152,-8.02373],[111.58047,-8.02263],[111.58018,-8.02297],[111.58059,-8.02357],[111.58009,-8.02383],[111.57914,-8.02372],[111.5785,-8.02361],[111.57715,-8.02389],[111.5771,-8.02277],[111.5774,-8.02245],[111.5785,-8.0221],[111.5783,-8.02145],[111.57763,-8.021],[111.57696,-8.02076],[111.57686,-8.02155],[111.57636,-8.02143],[111.57623,-8.02065],[111.57496,-8.02005],[111.57524,-8.01887],[111.57686,-8.01937],[111.57745,-8.0194],[111.57784,-8.01926],[111.57818,-8.01962],[111.5789,-8.02],[111.57956,-8.02013],[111.58078,-8.02113],[111.58076,-8.02165],[111.58252,-8.02311],[111.58286,-8.02295],[111.58277,-8.02254],[111.58241,-8.02201],[111.58264,-8.02173],[111.58376,-8.02183],[111.58379,-8.02267],[111.5834,-8.02285],[111.58358,-8.02308],[111.58374,-8.02322],[111.58397,-8.02356],[111.58377,-8.02399],[111.5834,-8.02407],[111.58336,-8.02412]]]}},{"type":"Feature","properties":{"KODE":2,"KELAS":2,"NAMA":"Kerentanan Sedang","LUAS_HA":3.237,"_cls":"Kerentanan Sedang"},"geometry":{"type":"Polygon","coordinates":[[[111.55949,-8.02451],[111.55896,-8.02446],[111.55863,-8.02386],[111.55876,-8.0233],[111.559,-8.02338],[111.55931,-8.02355],[111.56158,-8.02341],[111.56199,-8.0236],[111.56187,-8.02405],[111.56117,-8.0242],[111.56029,-8.02429],[111.55954,-8.02447],[111.55949,-8.02451]]]}},{"type":"Feature","properties":{"KODE":2,"KELAS":2,"NAMA":"Kerentanan Sedang","LUAS_HA":0.382,"_cls":"Kerentanan Sedang"},"geometry":{"type":"Polygon","coordinates":[[[111.57392,-8.02468],[111.57352,-8.02461],[111.5737,-8.02433],[111.57414,-8.02415],[111.57439,-8.02396],[111.57457,-8.02373],[111.57461,-8.02391],[111.57441,-8.02417],[111.57434,-8.02436],[111.57408,-8.02447],[111.57392,-8.02468]]]}},{"type":"Feature","properties":{"KODE":2,"KELAS":2,"NAMA":"Kerentanan Sedang","LUAS_HA":0.742,"_cls":"Kerentanan Sedang"},"geometry":{"type":"Polygon","coordinates":[[[111.57701,-8.02549],[111.57662,-8.02517],[111.57657,-8.02483],[111.57709,-8.02418],[111.57735,-8.02447],[111.57716,-8.02534],[111.57701,-8.02549]]]}},{"type":"Feature","properties":{"KODE":2,"KELAS":2,"NAMA":"Kerentanan Sedang","LUAS_HA":0.388,"_cls":"Kerentanan Sedang"},"geometry":{"type":"Polygon","coordinates":[[[111.56657,-8.02577],[111.56619,-8.02548],[111.5661,-8.02492],[111.5666,-8.02508],[111.56672,-8.02527],[111.56661,-8.02572],[111.56657,-8.02577]]]}},{"type":"Feature","properties":{"KODE":2,"KELAS":2,"NAMA":"Kerentanan Sedang","LUAS_HA":1.91,"_cls":"Kerentanan Sedang"},"geometry":{"type":"Polygon","coordinates":[[[111.57892,-8.02612],[111.57854,-8.02605],[111.57891,-8.02558],[111.57872,-8.02474],[111.57908,-8.0241],[111.57995,-8.02401],[111.57987,-8.02454],[111.57946,-8.02506],[111.57968,-8.02565],[111.57905,-8.02589],[111.57892,-8.02612]]]}},{"type":"Feature","properties":{"KODE":2,"KELAS":2,"NAMA":"Kerentanan Sedang","LUAS_HA":2.372,"_cls":"Kerentanan Sedang"},"geometry":{"type":"Polygon","coordinates":[[[111.55641,-8.02642],[111.55601,-8.0263],[111.55575,-8.02582],[111.55569,-8.02471],[111.55602,-8.02434],[111.55632,-8.02417],[111.55681,-8.02453],[111.5567,-8.02615],[111.55641,-8.02642]]]}},{"type":"Feature","properties":{"KODE":2,"KELAS":2,"NAMA":"Kerentanan Sedang","LUAS_HA":0.59,"_cls":"Kerentanan Sedang"},"geometry":{"type":"Polygon","coordinates":[[[111.57474,-8.02666],[111.57431,-8.02663],[111.57389,-8.02633],[111.57398,-8.026],[111.57453,-8.02607],[111.57505,-8.02642],[111.57474,-8.02666]]]}},{"type":"Feature","properties":{"KODE":2,"KELAS":2,"NAMA":"Kerentanan Sedang","LUAS_HA":2.894,"_cls":"Kerentanan Sedang"},"geometry":{"type":"Polygon","coordinates":[[[111.56313,-8.02695],[111.56239,-8.02686],[111.56189,-8.02607],[111.56194,-8.0255],[111.56154,-8.02479],[111.56232,-8.02472],[111.5625,-8.02487],[111.56324,-8.02573],[111.56329,-8.02627],[111.56313,-8.02695]]]}},{"type":"Feature","properties":{"KODE":2,"KELAS":2,"NAMA":"Kerentanan Sedang","LUAS_HA":3.954,"_cls":"Kerentanan Sedang"},"geometry":{"type":"Polygon","coordinates":[[[111.57247,-8.0273],[111.57225,-8.02723],[111.57234,-8.02707],[111.57261,-8.02683],[111.57252,-8.02653],[111.57209,-8.02656],[111.57161,-8.02598],[111.57179,-8.02599],[111.57223,-8.02614],[111.57226,-8.02573],[111.57162,-8.02573],[111.57143,-8.02538],[111.57153,-8.02484],[111.57189,-8.02472],[111.57186,-8.02409],[111.57252,-8.02405],[111.57296,-8.02426],[111.57306,-8.02537],[111.57332,-8.0256],[111.57335,-8.02605],[111.57274,-8.02572],[111.5727,-8.02608],[111.57297,-8.02658],[111.57276,-8.02714],[111.57252,-8.02725],[111.57247,-8.0273]]]}},{"type":"Feature","properties":{"KODE":2,"KELAS":2,"NAMA":"Kerentanan Sedang","LUAS_HA":3.902,"_cls":"Kerentanan Sedang"},"geometry":{"type":"Polygon","coordinates":[[[111.55877,-8.02741],[111.5582,-8.0273],[111.55816,-8.02677],[111.56025,-8.02551],[111.56101,-8.02498],[111.56144,-8.02518],[111.56146,-8.02555],[111.56087,-8.02592],[111.56014,-8.02686],[111.5593,-8.02721],[111.55881,-8.02736],[111.55877,-8.02741]]]}},{"type":"Feature","properties":{"KODE":2,"KELAS":2,"NAMA":"Kerentanan Sedang","LUAS_HA":1.84,"_cls":"Kerentanan Sedang"},"geometry":{"type":"Polygon","coordinates":[[[111.57973,-8.02747],[111.57938,-8.02741],[111.57915,-8.02703],[111.57925,-8.02659],[111.5797,-8.02623],[111.57987,-8.02626],[111.5802,-8.02621],[111.58066,-8.0264],[111.58093,-8.02706],[111.58008,-8.02724],[111.57977,-8.02742],[111.57973,-8.02747]]]}},{"type":"Feature","properties":{"KODE":2,"KELAS":2,"NAMA":"Kerentanan Sedang","LUAS_HA":3.116,"_cls":"Kerentanan Sedang"},"geometry":{"type":"Polygon","coordinates":[[[111.55378,-8.0285],[111.5529,-8.02843],[111.55256,-8.02813],[111.5521,-8.02709],[111.55263,-8.02675],[111.5531,-8.0271],[111.55387,-8.02722],[111.555,-8.02774],[111.55492,-8.02801],[111.55403,-8.02778],[111.55378,-8.0285]]]}},{"type":"Feature","properties":{"KODE":2,"KELAS":2,"NAMA":"Kerentanan Sedang","LUAS_HA":0.316,"_cls":"Kerentanan Sedang"},"geometry":{"type":"Polygon","coordinates":[[[111.57983,-8.02883],[111.57952,-8.02879],[111.57959,-8.02859],[111.5797,-8.02852],[111.57989,-8.02816],[111.58022,-8.02829],[111.58016,-8.02861],[111.57986,-8.02877],[111.57983,-8.02883]]]}},{"type":"Feature","properties":{"KODE":2,"KELAS":2,"NAMA":"Kerentanan Sedang","LUAS_HA":6.564,"_cls":"Kerentanan Sedang"},"geometry":{"type":"Polygon","coordinates":[[[111.56259,-8.02921],[111.56232,-8.02917],[111.56162,-8.02809],[111.56127,-8.02832],[111.56079,-8.02888],[111.56011,-8.02907],[111.56008,-8.02874],[111.56049,-8.02803],[111.56122,-8.02758],[111.56203,-8.0274],[111.56327,-8.02727],[111.56365,-8.02697],[111.56465,-8.02782],[111.56591,-8.02838],[111.56626,-8.02868],[111.56616,-8.02916],[111.56489,-8.02862],[111.56276,-8.02801],[111.56227,-8.02797],[111.56226,-8.02816],[111.56254,-8.0288],[111.56259,-8.02921]]]}},{"type":"Feature","properties":{"KODE":2,"KELAS":2,"NAMA":"Kerentanan Sedang","LUAS_HA":0.418,"_cls":"Kerentanan Sedang"},"geometry":{"type":"Polygon","coordinates":[[[111.58046,-8.02973],[111.58021,-8.02967],[111.58035,-8.0291],[111.58104,-8.02893],[111.58108,-8.02914],[111.58065,-8.0293],[111.58072,-8.0296],[111.5805,-8.02968],[111.58046,-8.02973]]]}},{"type":"Feature","properties":{"KODE":2,"KELAS":2,"NAMA":"Kerentanan Sedang","LUAS_HA":4.558,"_cls":"Kerentanan Sedang"},"geometry":{"type":"Polygon","coordinates":[[[111.55605,-8.03013],[111.55468,-8.03006],[111.55287,-8.02944],[111.5522,-8.02904],[111.55229,-8.02852],[111.55342,-8.02865],[111.55422,-8.02907],[111.55504,-8.02924],[111.55597,-8.029],[111.55655,-8.02916],[111.55641,-8.02976],[111.55605,-8.03013]]]}},{"type":"Feature","properties":{"KODE":2,"KELAS":2,"NAMA":"Kerentanan Sedang","LUAS_HA":2.131,"_cls":"Kerentanan Sedang"},"geometry":{"type":"Polygon","coordinates":[[[111.55986,-8.03012],[111.55944,-8.03007],[111.55866,-8.02919],[111.55858,-8.02825],[111.55887,-8.02791],[111.55915,-8.02789],[111.55928,-8.0286],[111.56009,-8.02954],[111.56,-8.0299],[111.55986,-8.03012]]]}},{"type":"Feature","properties":{"KODE":2,"KELAS":2,"NAMA":"Kerentanan Sedang","LUAS_HA":1.656,"_cls":"Kerentanan Sedang"},"geometry":{"type":"Polygon","coordinates":[[[111.54907,-8.03095],[111.54831,-8.03091],[111.54826,-8.03036],[111.54863,-8.02946],[111.54917,-8.02942],[111.54938,-8.02979],[111.54929,-8.03075],[111.54907,-8.03095]]]}},{"type":"Feature","properties":{"KODE":2,"KELAS":2,"NAMA":"Kerentanan Sedang","LUAS_HA":3.369,"_cls":"Kerentanan Sedang"},"geometry":{"type":"Polygon","coordinates":[[[111.57602,-8.03109],[111.57561,-8.03097],[111.5756,-8.03078],[111.57586,-8.03056],[111.57588,-8.03024],[111.57586,-8.02996],[111.57612,-8.02974],[111.57633,-8.02936],[111.57643,-8.02862],[111.57674,-8.02859],[111.57715,-8.02862],[111.57763,-8.02858],[111.57759,-8.02906],[111.57795,-8.02928],[111.57806,-8.02953],[111.5784,-8.02982],[111.57843,-8.03023],[111.57783,-8.03028],[111.57719,-8.02973],[111.57625,-8.02995],[111.57616,-8.03087],[111.57602,-8.03109]]]}},{"type":"Feature","properties":{"KODE":2,"KELAS":2,"NAMA":"Kerentanan Sedang","LUAS_HA":1.807,"_cls":"Kerentanan Sedang"},"geometry":{"type":"Polygon","coordinates":[[[111.56095,-8.03139],[111.56049,-8.0312],[111.56045,-8.03089],[111.56055,-8.03053],[111.56037,-8.03022],[111.56047,-8.02969],[111.56112,-8.02918],[111.5618,-8.0293],[111.56184,-8.02958],[111.56122,-8.02951],[111.56088,-8.02978],[111.56103,-8.03003],[111.56098,-8.03044],[111.56133,-8.03058],[111.56137,-8.03094],[111.56125,-8.03123],[111.561,-8.03134],[111.56095,-8.03139]]]}},{"type":"Feature","properties":{"KODE":2,"KELAS":2,"NAMA":"Kerentanan Sedang","LUAS_HA":0.24,"_cls":"Kerentanan Sedang"},"geometry":{"type":"Polygon","coordinates":[[[111.57529,-8.03155],[111.57489,-8.03147],[111.57502,-8.03096],[111.57542,-8.03118],[111.57529,-8.03155]]]}},{"type":"Feature","properties":{"KODE":2,"KELAS":2,"NAMA":"Kerentanan Sedang","LUAS_HA":1.919,"_cls":"Kerentanan Sedang"},"geometry":{"type":"Polygon","coordinates":[[[111.56313,-8.03247],[111.56289,-8.03243],[111.56295,-8.0317],[111.56228,-8.0316],[111.56223,-8.03093],[111.56299,-8.03046],[111.56334,-8.02989],[111.5636,-8.03],[111.56328,-8.03045],[111.56324,-8.03086],[111.56347,-8.03118],[111.56326,-8.03213],[111.56313,-8.03247]]]}},{"type":"Feature","properties":{"KODE":2,"KELAS":2,"NAMA":"Kerentanan Sedang","LUAS_HA":2.826,"_cls":"Kerentanan Sedang"},"geometry":{"type":"Polygon","coordinates":[[[111.56577,-8.03274],[111.56491,-8.03268],[111.56434,-8.03233],[111.56382,-8.03169],[111.56409,-8.0317],[111.5643,-8.03194],[111.56486,-8.03224],[111.56533,-8.03226],[111.56553,-8.03208],[111.56524,-8.03112],[111.56475,-8.03095],[111.56433,-8.03117],[111.56373,-8.03099],[111.56371,-8.03072],[111.56388,-8.03053],[111.56475,-8.03034],[111.56531,-8.03057],[111.56581,-8.03102],[111.56572,-8.03116],[111.56545,-8.03128],[111.56567,-8.03158],[111.56601,-8.03188],[111.56577,-8.03274]]]}},{"type":"Feature","properties":{"KODE":2,"KELAS":2,"NAMA":"Kerentanan Sedang","LUAS_HA":3.602,"_cls":"Kerentanan Sedang"},"geometry":{"type":"Polygon","coordinates":[[[111.57157,-8.03273],[111.57136,-8.03267],[111.57077,-8.03216],[111.57085,-8.03116],[111.57071,-8.03114],[111.57038,-8.03133],[111.57015,-8.03124],[111.57019,-8.03081],[111.56989,-8.03043],[111.57025,-8.02992],[111.56994,-8.02908],[111.57013,-8.02906],[111.57064,-8.02949],[111.57053,-8.02998],[111.57031,-8.03049],[111.57052,-8.03061],[111.57104,-8.0307],[111.57125,-8.03116],[111.57195,-8.03166],[111.57261,-8.03185],[111.57265,-8.0323],[111.5721,-8.03254],[111.57184,-8.03224],[111.57157,-8.03273]]]}},{"type":"Feature","properties":{"KODE":2,"KELAS":2,"NAMA":"Kerentanan Sedang","LUAS_HA":4.573,"_cls":"Kerentanan Sedang"},"geometry":{"type":"Polygon","coordinates":[[[111.57729,-8.03299],[111.57678,-8.03293],[111.57616,-8.03265],[111.57652,-8.03231],[111.57688,-8.03208],[111.577,-8.03128],[111.57743,-8.03095],[111.57882,-8.03064],[111.57939,-8.03081],[111.5796,-8.03118],[111.57961,-8.03136],[111.57875,-8.03159],[111.57832,-8.03219],[111.57756,-8.03253],[111.57729,-8.03299]]]}},{"type":"Feature","properties":{"KODE":2,"KELAS":2,"NAMA":"Kerentanan Sedang","LUAS_HA":7.63,"_cls":"Kerentanan Sedang"},"geometry":{"type":"Polygon","coordinates":[[[111.54544,-8.03331],[111.54477,-8.03326],[111.54474,-8.03286],[111.54518,-8.03138],[111.5457,-8.03002],[111.54621,-8.0291],[111.54681,-8.02859],[111.54788,-8.0282],[111.54864,-8.02829],[111.54867,-8.0286],[111.5483,-8.02874],[111.54774,-8.02887],[111.54708,-8.02934],[111.5467,-8.03023],[111.54639,-8.03136],[111.5463,-8.03289],[111.54548,-8.03326],[111.54544,-8.03331]]]}},{"type":"Feature","properties":{"KODE":2,"KELAS":2,"NAMA":"Kerentanan Sedang","LUAS_HA":3.619,"_cls":"Kerentanan Sedang"},"geometry":{"type":"Polygon","coordinates":[[[111.56649,-8.03355],[111.56621,-8.03347],[111.56591,-8.03294],[111.56603,-8.03228],[111.56657,-8.03213],[111.56743,-8.0325],[111.5682,-8.03206],[111.56827,-8.03215],[111.56825,-8.03241],[111.56916,-8.03231],[111.5693,-8.03257],[111.5685,-8.03321],[111.56756,-8.03311],[111.56718,-8.03333],[111.56653,-8.0335],[111.56649,-8.03355]]]}},{"type":"Feature","properties":{"KODE":2,"KELAS":2,"NAMA":"Kerentanan Sedang","LUAS_HA":5.494,"_cls":"Kerentanan Sedang"},"geometry":{"type":"Polygon","coordinates":[[[111.54798,-8.03394],[111.54762,-8.03388],[111.54748,-8.03363],[111.54739,-8.03283],[111.54705,-8.03226],[111.54694,-8.03135],[111.54725,-8.03114],[111.54843,-8.03131],[111.54885,-8.03148],[111.54947,-8.03198],[111.54934,-8.0323],[111.54888,-8.03293],[111.54862,-8.03355],[111.54802,-8.03389],[111.54798,-8.03394]]]}},{"type":"Feature","properties":{"KODE":2,"KELAS":2,"NAMA":"Kerentanan Sedang","LUAS_HA":0.775,"_cls":"Kerentanan Sedang"},"geometry":{"type":"Polygon","coordinates":[[[111.56477,-8.03491],[111.5645,-8.03483],[111.5641,-8.03416],[111.564,-8.03342],[111.56449,-8.0337],[111.56487,-8.03466],[111.56477,-8.03491]]]}},{"type":"Feature","properties":{"KODE":2,"KELAS":2,"NAMA":"Kerentanan Sedang","LUAS_HA":1.179,"_cls":"Kerentanan Sedang"},"geometry":{"type":"Polygon","coordinates":[[[111.54572,-8.03566],[111.54554,-8.03561],[111.54497,-8.03468],[111.54694,-8.03498],[111.54676,-8.03525],[111.54589,-8.03549],[111.54572,-8.03566]]]}},{"type":"Feature","properties":{"KODE":2,"KELAS":2,"NAMA":"Kerentanan Sedang","LUAS_HA":4.373,"_cls":"Kerentanan Sedang"},"geometry":{"type":"Polygon","coordinates":[[[111.56486,-8.0369],[111.5647,-8.03684],[111.56428,-8.03686],[111.56428,-8.03623],[111.5641,-8.03588],[111.56481,-8.03511],[111.56685,-8.03463],[111.56708,-8.03529],[111.567,-8.03541],[111.56619,-8.03586],[111.56555,-8.0364],[111.56527,-8.03649],[111.56515,-8.03674],[111.56486,-8.0369]]]}},{"type":"Feature","properties":{"KODE":2,"KELAS":2,"NAMA":"Kerentanan Sedang","LUAS_HA":1.72,"_cls":"Kerentanan Sedang"},"geometry":{"type":"Polygon","coordinates":[[[111.57149,-8.03861],[111.57057,-8.03857],[111.57072,-8.03792],[111.57109,-8.03775],[111.57141,-8.03752],[111.57262,-8.03798],[111.57253,-8.03843],[111.57157,-8.03835],[111.57149,-8.03861]]]}},{"type":"Feature","properties":{"KODE":2,"KELAS":2,"NAMA":"Kerentanan Sedang","LUAS_HA":39.008,"_cls":"Kerentanan Sedang"},"geometry":{"type":"Polygon","coordinates":[[[111.5538,-8.03872],[111.55311,-8.03859],[111.55212,-8.03834],[111.551,-8.0381],[111.55033,-8.03755],[111.54994,-8.03691],[111.55007,-8.03588],[111.55096,-8.0342],[111.55169,-8.03381],[111.55235,-8.03364],[111.55315,-8.03361],[111.55414,-8.03364],[111.55559,-8.03334],[111.55714,-8.03343],[111.55921,-8.03378],[111.56099,-8.03388],[111.56103,-8.03488],[111.56087,-8.03537],[111.56029,-8.03584],[111.55956,-8.03587],[111.55828,-8.03578],[111.55744,-8.03565],[111.55692,-8.03578],[111.5559,-8.03625],[111.55502,-8.03615],[111.55461,-8.03584],[111.55394,-8.03637],[111.55351,-8.03699],[111.55375,-8.03804],[111.5538,-8.03872]]]}},{"type":"Feature","properties":{"KODE":2,"KELAS":2,"NAMA":"Kerentanan Sedang","LUAS_HA":10.662,"_cls":"Kerentanan Sedang"},"geometry":{"type":"Polygon","coordinates":[[[111.56668,-8.03871],[111.56601,-8.03866],[111.5651,-8.03767],[111.56506,-8.03719],[111.56534,-8.03685],[111.56603,-8.03667],[111.5664,-8.03624],[111.56762,-8.03559],[111.5679,-8.03509],[111.56763,-8.03486],[111.567,-8.03458],[111.56717,-8.03405],[111.56781,-8.03413],[111.56808,-8.03423],[111.56859,-8.03432],[111.56878,-8.03482],[111.56866,-8.03626],[111.56908,-8.03649],[111.57007,-8.03691],[111.57012,-8.03748],[111.56972,-8.03739],[111.56941,-8.03704],[111.56841,-8.03667],[111.56795,-8.03676],[111.5676,-8.03737],[111.56716,-8.03757],[111.56745,-8.03808],[111.56714,-8.03847],[111.56672,-8.03866],[111.56668,-8.03871]]]}},{"type":"Feature","properties":{"KODE":2,"KELAS":2,"NAMA":"Kerentanan Sedang","LUAS_HA":1.705,"_cls":"Kerentanan Sedang"},"geometry":{"type":"Polygon","coordinates":[[[111.56351,-8.04151],[111.56308,-8.04144],[111.56256,-8.04122],[111.5631,-8.04101],[111.56341,-8.04092],[111.5632,-8.04065],[111.56265,-8.04053],[111.56283,-8.03991],[111.56306,-8.03994],[111.56322,-8.03957],[111.56364,-8.03967],[111.56373,-8.04048],[111.56391,-8.04062],[111.56395,-8.04093],[111.56354,-8.04101],[111.56358,-8.04134],[111.56351,-8.04151]]]}},{"type":"Feature","properties":{"KODE":2,"KELAS":2,"NAMA":"Kerentanan Sedang","LUAS_HA":0.597,"_cls":"Kerentanan Sedang"},"geometry":{"type":"Polygon","coordinates":[[[111.57059,-8.0415],[111.5701,-8.04144],[111.56964,-8.04107],[111.56993,-8.0408],[111.57081,-8.04105],[111.57063,-8.04136],[111.57059,-8.0415]]]}},{"type":"Feature","properties":{"KODE":2,"KELAS":2,"NAMA":"Kerentanan Sedang","LUAS_HA":26.553,"_cls":"Kerentanan Sedang"},"geometry":{"type":"Polygon","coordinates":[[[111.55671,-8.0427],[111.55578,-8.04262],[111.55604,-8.04199],[111.55526,-8.04174],[111.55551,-8.04114],[111.55524,-8.04089],[111.55547,-8.03958],[111.5556,-8.03909],[111.55529,-8.0385],[111.55539,-8.03811],[111.55708,-8.03786],[111.55891,-8.03776],[111.56042,-8.03709],[111.56102,-8.03688],[111.56217,-8.03659],[111.56292,-8.03668],[111.56309,-8.03686],[111.56355,-8.03708],[111.56356,-8.03755],[111.56333,-8.03884],[111.56208,-8.0382],[111.56099,-8.03833],[111.56049,-8.03881],[111.56074,-8.03894],[111.56117,-8.03894],[111.56192,-8.03914],[111.5618,-8.03996],[111.5614,-8.04037],[111.56102,-8.04057],[111.5606,-8.04037],[111.55992,-8.03966],[111.55965,-8.03948],[111.559,-8.03894],[111.55874,-8.03912],[111.55811,-8.03967],[111.55734,-8.03978],[111.55709,-8.04015],[111.55729,-8.04075],[111.55817,-8.04114],[111.55802,-8.04175],[111.55721,-8.04174],[111.55702,-8.04239],[111.55671,-8.0427]]]}},{"type":"Feature","properties":{"KODE":2,"KELAS":2,"NAMA":"Kerentanan Sedang","LUAS_HA":0.402,"_cls":"Kerentanan Sedang"},"geometry":{"type":"Polygon","coordinates":[[[111.56315,-8.04296],[111.56276,-8.04286],[111.56267,-8.04221],[111.56336,-8.04211],[111.56344,-8.0424],[111.56302,-8.04234],[111.56298,-8.04265],[111.5632,-8.04282],[111.56315,-8.04296]]]}},{"type":"Feature","properties":{"KODE":2,"KELAS":2,"NAMA":"Kerentanan Sedang","LUAS_HA":1.318,"_cls":"Kerentanan Sedang"},"geometry":{"type":"Polygon","coordinates":[[[111.56515,-8.04323],[111.56491,-8.04319],[111.56447,-8.0423],[111.56468,-8.04111],[111.56517,-8.04124],[111.5653,-8.04161],[111.56501,-8.0423],[111.56501,-8.04247],[111.56525,-8.04293],[111.56515,-8.04323]]]}},{"type":"Feature","properties":{"KODE":2,"KELAS":2,"NAMA":"Kerentanan Sedang","LUAS_HA":5.929,"_cls":"Kerentanan Sedang"},"geometry":{"type":"Polygon","coordinates":[[[111.57023,-8.04404],[111.57001,-8.04397],[111.57001,-8.04337],[111.56987,-8.04322],[111.56928,-8.04304],[111.56892,-8.04287],[111.56882,-8.04224],[111.5676,-8.04217],[111.56717,-8.04294],[111.56629,-8.04254],[111.56601,-8.0421],[111.56565,-8.04199],[111.56563,-8.04165],[111.56591,-8.04155],[111.5662,-8.04165],[111.56645,-8.04137],[111.56676,-8.04154],[111.56809,-8.04145],[111.56855,-8.04148],[111.56879,-8.04096],[111.56909,-8.0411],[111.56919,-8.0418],[111.56982,-8.04199],[111.56991,-8.04228],[111.57019,-8.04241],[111.57028,-8.04389],[111.57023,-8.04404]]]}},{"type":"Feature","properties":{"KODE":2,"KELAS":2,"NAMA":"Kerentanan Sedang","LUAS_HA":6.684,"_cls":"Kerentanan Sedang"},"geometry":{"type":"Polygon","coordinates":[[[111.55707,-8.04478],[111.55629,-8.0446],[111.55454,-8.04342],[111.55377,-8.04298],[111.55328,-8.04186],[111.55308,-8.04103],[111.55249,-8.0395],[111.55274,-8.03922],[111.55315,-8.03932],[111.55338,-8.04003],[111.55371,-8.04034],[111.55337,-8.04068],[111.5535,-8.0411],[111.55396,-8.04124],[111.55448,-8.04248],[111.55575,-8.04301],[111.55587,-8.04339],[111.55688,-8.04408],[111.55729,-8.04427],[111.55707,-8.04478]]]}},{"type":"Feature","properties":{"KODE":2,"KELAS":2,"NAMA":"Kerentanan Sedang","LUAS_HA":0.543,"_cls":"Kerentanan Sedang"},"geometry":{"type":"Polygon","coordinates":[[[111.55989,-8.04532],[111.55912,-8.0451],[111.55921,-8.04476],[111.5597,-8.04465],[111.56008,-8.04491],[111.56014,-8.04518],[111.55992,-8.04526],[111.55989,-8.04532]]]}},{"type":"Feature","properties":{"KODE":2,"KELAS":2,"NAMA":"Kerentanan Sedang","LUAS_HA":1.845,"_cls":"Kerentanan Sedang"},"geometry":{"type":"Polygon","coordinates":[[[111.56415,-8.04585],[111.56334,-8.04579],[111.56275,-8.04487],[111.56338,-8.04433],[111.5638,-8.04452],[111.56411,-8.04491],[111.56409,-8.04517],[111.56437,-8.04541],[111.56429,-8.04563],[111.56415,-8.04585]]]}},{"type":"Feature","properties":{"KODE":2,"KELAS":2,"NAMA":"Kerentanan Sedang","LUAS_HA":0.298,"_cls":"Kerentanan Sedang"},"geometry":{"type":"Polygon","coordinates":[[[111.55508,-8.0474],[111.55503,-8.04736],[111.55495,-8.04708],[111.55476,-8.04693],[111.55485,-8.0469],[111.5555,-8.04708],[111.55545,-8.04664],[111.55573,-8.04674],[111.55576,-8.04709],[111.55521,-8.04717],[111.55508,-8.0474]]]}},{"type":"Feature","properties":{"KODE":2,"KELAS":2,"NAMA":"Kerentanan Sedang","LUAS_HA":0.761,"_cls":"Kerentanan Sedang"},"geometry":{"type":"Polygon","coordinates":[[[111.55853,-8.04812],[111.55795,-8.04795],[111.55803,-8.04709],[111.55849,-8.04717],[111.55857,-8.04749],[111.55884,-8.04767],[111.55876,-8.048],[111.55856,-8.04807],[111.55853,-8.04812]]]}},{"type":"Feature","properties":{"KODE":2,"KELAS":2,"NAMA":"Kerentanan Sedang","LUAS_HA":1.33,"_cls":"Kerentanan Sedang"},"geometry":{"type":"Polygon","coordinates":[[[111.55508,-8.04894],[111.5546,-8.04875],[111.5544,-8.04809],[111.55461,-8.04782],[111.55557,-8.0479],[111.55584,-8.04827],[111.55556,-8.04859],[111.55508,-8.04894]]]}},{"type":"Feature","properties":{"KODE":2,"KELAS":2,"NAMA":"Kerentanan Sedang","LUAS_HA":1.993,"_cls":"Kerentanan Sedang"},"geometry":{"type":"Polygon","coordinates":[[[111.55735,-8.0493],[111.55694,-8.04913],[111.5565,-8.04841],[111.55631,-8.04767],[111.55657,-8.04754],[111.55721,-8.04743],[111.55712,-8.04736],[111.55694,-8.04727],[111.55685,-8.04708],[111.55658,-8.04682],[111.55684,-8.0468],[111.55703,-8.04709],[111.55739,-8.04732],[111.55707,-8.04779],[111.55766,-8.04866],[111.55767,-8.04907],[111.55735,-8.0493]]]}},{"type":"Feature","properties":{"KODE":1,"KELAS":1,"NAMA":"Kerentanan Rendah","LUAS_HA":10926.979,"_cls":"Kerentanan Rendah"},"geometry":{"type":"MultiPolygon","coordinates":[[[[111.62127,-7.94944],[111.62131,-7.94921],[111.62204,-7.94913],[111.62255,-7.94895],[111.6234,-7.94913],[111.62367,-7.94867],[111.62474,-7.94828],[111.62485,-7.94789],[111.62496,-7.94824],[111.62493,-7.94831],[111.62498,-7.94842],[111.62511,-7.94841],[111.62519,-7.94852],[111.62525,-7.94853],[111.62532,-7.94861],[111.62529,-7.9487],[111.62517,-7.94893],[111.62518,-7.94908],[111.62527,-7.94914],[111.62574,-7.94926],[111.62586,-7.94954],[111.62612,-7.94965],[111.62615,-7.94971],[111.62614,-7.94989],[111.62595,-7.95012],[111.626,-7.95018],[111.62594,-7.9502],[111.62574,-7.95002],[111.62563,-7.94998],[111.62554,-7.95],[111.62554,-7.95027],[111.62549,-7.95041],[111.62574,-7.95062],[111.62576,-7.9507],[111.62574,-7.95079],[111.62563,-7.95086],[111.62553,-7.95087],[111.6254,-7.95106],[111.62546,-7.95114],[111.62581,-7.95131],[111.62597,-7.95135],[111.62617,-7.95132],[111.62625,-7.95134],[111.62632,-7.9514],[111.62642,-7.95167],[111.62628,-7.9519],[111.62633,-7.95195],[111.62632,-7.95233],[111.62606,-7.95253],[111.62607,-7.95279],[111.62612,-7.95298],[111.62607,-7.95325],[111.62581,-7.9535],[111.62572,-7.95381],[111.62574,-7.95394],[111.62586,-7.95411],[111.6258,-7.95437],[111.62585,-7.95448],[111.62588,-7.95494],[111.62583,-7.955],[111.62589,-7.95521],[111.62605,-7.95521],[111.62614,-7.95525],[111.62618,-7.95528],[111.62619,-7.95535],[111.62636,-7.95544],[111.62642,-7.95556],[111.62643,-7.95581],[111.62656,-7.956],[111.62659,-7.95612],[111.6269,-7.95618],[111.62736,-7.95657],[111.62753,-7.95685],[111.62754,-7.95768],[111.6278,-7.95767],[111.62797,-7.95793],[111.62816,-7.95854],[111.62823,-7.95861],[111.62838,-7.95856],[111.62851,-7.95857],[111.62877,-7.95841],[111.62896,-7.95842],[111.62929,-7.9586],[111.62938,-7.95872],[111.62963,-7.95803],[111.62977,-7.95815],[111.63005,-7.95817],[111.63006,-7.95794],[111.62999,-7.95783],[111.63003,-7.95772],[111.63051,-7.95775],[111.63081,-7.9577],[111.63119,-7.95774],[111.63129,-7.9578],[111.63145,-7.95775],[111.63161,-7.95781],[111.63165,-7.95819],[111.63183,-7.95815],[111.63202,-7.95822],[111.6326,-7.95814],[111.63273,-7.95807],[111.63281,-7.95795],[111.63279,-7.95784],[111.63297,-7.95769],[111.63346,-7.95707],[111.63364,-7.95697],[111.63396,-7.95689],[111.63413,-7.95676],[111.63468,-7.95624],[111.63481,-7.95605],[111.63495,-7.95592],[111.63511,-7.95588],[111.63581,-7.95587],[111.63617,-7.95604],[111.63612,-7.95618],[111.6363,-7.95634],[111.63638,-7.95698],[111.63678,-7.95715],[111.63663,-7.95661],[111.6367,-7.95634],[111.63747,-7.95688],[111.63885,-7.95707],[111.63873,-7.95743],[111.63872,-7.95757],[111.63871,-7.95778],[111.63883,-7.95831],[111.63879,-7.95859],[111.63901,-7.95874],[111.6392,-7.95905],[111.63932,-7.95916],[111.63935,-7.9593],[111.63951,-7.95944],[111.63953,-7.95972],[111.63966,-7.9598],[111.64007,-7.95987],[111.64035,-7.96009],[111.64072,-7.96018],[111.64094,-7.96026],[111.64123,-7.96073],[111.64131,-7.96081],[111.64142,-7.96081],[111.64148,-7.96077],[111.64162,-7.96054],[111.64169,-7.96052],[111.64182,-7.96057],[111.64202,-7.96077],[111.64248,-7.96101],[111.6426,-7.961],[111.64275,-7.96086],[111.64282,-7.96085],[111.64295,-7.96093],[111.64308,-7.96091],[111.64314,-7.96087],[111.64321,-7.96071],[111.64321,-7.96017],[111.64328,-7.96011],[111.64348,-7.96014],[111.64405,-7.96043],[111.64422,-7.96046],[111.64434,-7.96042],[111.64441,-7.96026],[111.64448,-7.96023],[111.64459,-7.96026],[111.64731,-7.96017],[111.6476,-7.96026],[111.64762,-7.96016],[111.64831,-7.96014],[111.64837,-7.96037],[111.64878,-7.96081],[111.64977,-7.96131],[111.64986,-7.96141],[111.64986,-7.9615],[111.65026,-7.96185],[111.65076,-7.96194],[111.65099,-7.96202],[111.6514,-7.96229],[111.65149,-7.9624],[111.65175,-7.96315],[111.65216,-7.9637],[111.65237,-7.96389],[111.65285,-7.96397],[111.65302,-7.96405],[111.65319,-7.96427],[111.65317,-7.96437],[111.65367,-7.96454],[111.65436,-7.96505],[111.65487,-7.96526],[111.65582,-7.96572],[111.65692,-7.96611],[111.65777,-7.96667],[111.65849,-7.96735],[111.65902,-7.96777],[111.66052,-7.96757],[111.66187,-7.96716],[111.66262,-7.96713],[111.66343,-7.96758],[111.66349,-7.96774],[111.6635,-7.96813],[111.66333,-7.96884],[111.66299,-7.96982],[111.6626,-7.97052],[111.66251,-7.97061],[111.6624,-7.97089],[111.66223,-7.97107],[111.66171,-7.97122],[111.66163,-7.97129],[111.66172,-7.97189],[111.66154,-7.97224],[111.66151,-7.97323],[111.66158,-7.97344],[111.66192,-7.97383],[111.66225,-7.97403],[111.66223,-7.97414],[111.66209,-7.9743],[111.66164,-7.97459],[111.66161,-7.97479],[111.6615,-7.97491],[111.66119,-7.97504],[111.66109,-7.97533],[111.661,-7.97545],[111.66083,-7.97553],[111.66007,-7.97543],[111.65961,-7.97555],[111.65934,-7.97559],[111.65906,-7.97536],[111.65841,-7.97532],[111.65783,-7.97537],[111.65738,-7.97554],[111.65704,-7.97558],[111.65641,-7.97579],[111.65626,-7.97593],[111.65613,-7.97621],[111.65598,-7.9767],[111.65574,-7.97731],[111.65565,-7.9778],[111.65536,-7.97848],[111.6553,-7.97871],[111.65529,-7.97886],[111.65535,-7.97939],[111.65535,-7.97972],[111.65527,-7.98003],[111.6551,-7.98043],[111.65499,-7.98059],[111.65388,-7.9814],[111.65372,-7.98154],[111.65369,-7.98162],[111.65376,-7.98223],[111.65338,-7.98336],[111.65335,-7.98357],[111.65342,-7.98378],[111.65351,-7.98448],[111.65367,-7.98499],[111.65371,-7.98551],[111.65369,-7.98584],[111.65358,-7.98614],[111.65367,-7.98644],[111.65382,-7.98659],[111.65407,-7.98675],[111.65443,-7.98727],[111.65503,-7.988],[111.65496,-7.98807],[111.65516,-7.98829],[111.65579,-7.9888],[111.65637,-7.98956],[111.65686,-7.98998],[111.6564,-7.99023],[111.65558,-7.99081],[111.65586,-7.99147],[111.65606,-7.99212],[111.65626,-7.99358],[111.65621,-7.99485],[111.65623,-7.99518],[111.65614,-7.99538],[111.65493,-7.99591],[111.65471,-7.99567],[111.65394,-7.99594],[111.65316,-7.99591],[111.65302,-7.99606],[111.65242,-7.99591],[111.65224,-7.99612],[111.65288,-7.99642],[111.65287,-7.99663],[111.65214,-7.99674],[111.65206,-7.99729],[111.65196,-7.99758],[111.65309,-7.998],[111.65386,-7.99853],[111.65483,-7.9986],[111.65487,-7.99855],[111.65488,-7.99814],[111.65551,-7.99777],[111.6555,-7.99762],[111.65451,-7.99783],[111.65392,-7.99792],[111.65378,-7.99767],[111.65415,-7.99719],[111.65381,-7.99698],[111.6536,-7.9972],[111.65304,-7.99718],[111.65306,-7.99667],[111.65446,-7.99654],[111.65541,-7.99638],[111.65631,-7.99629],[111.65598,-7.99768],[111.65553,-7.99912],[111.65504,-7.99982],[111.65456,-8.00042],[111.65447,-8.00061],[111.65435,-8.00108],[111.65436,-8.0016],[111.65446,-8.00192],[111.6546,-8.00219],[111.65508,-8.00284],[111.65534,-8.00327],[111.6556,-8.00388],[111.65574,-8.00436],[111.65575,-8.00455],[111.65566,-8.00502],[111.65559,-8.00585],[111.65571,-8.00644],[111.65554,-8.00683],[111.65562,-8.00722],[111.65562,-8.00761],[111.65592,-8.0084],[111.65589,-8.00881],[111.65566,-8.00936],[111.65561,-8.00931],[111.65565,-8.01131],[111.65532,-8.01204],[111.65497,-8.01353],[111.65496,-8.01426],[111.65505,-8.01507],[111.655,-8.01551],[111.65452,-8.01637],[111.65384,-8.01705],[111.65373,-8.01726],[111.65379,-8.01819],[111.65356,-8.01856],[111.65332,-8.01885],[111.65332,-8.01898],[111.65358,-8.01946],[111.65337,-8.02015],[111.6533,-8.02048],[111.65319,-8.02058],[111.65294,-8.02067],[111.65165,-8.0214],[111.65142,-8.02146],[111.65096,-8.0214],[111.65086,-8.02148],[111.65079,-8.02162],[111.65074,-8.02203],[111.65064,-8.02214],[111.64983,-8.02207],[111.64933,-8.02173],[111.64923,-8.02174],[111.64901,-8.02184],[111.6489,-8.02194],[111.64816,-8.0209],[111.64828,-8.02006],[111.64827,-8.01931],[111.64806,-8.01876],[111.64775,-8.01826],[111.64742,-8.01787],[111.64718,-8.01729],[111.64708,-8.0166],[111.64695,-8.01605],[111.64686,-8.01546],[111.64686,-8.01488],[111.64722,-8.01295],[111.64725,-8.01255],[111.64754,-8.01217],[111.6477,-8.01174],[111.6477,-8.01104],[111.64781,-8.01059],[111.64784,-8.01007],[111.64799,-8.00953],[111.64799,-8.00914],[111.64834,-8.00867],[111.64827,-8.00817],[111.64847,-8.00743],[111.64835,-8.00695],[111.64836,-8.00633],[111.64824,-8.00577],[111.64789,-8.00517],[111.64771,-8.00378],[111.64684,-8.00343],[111.64619,-8.00329],[111.64544,-8.00319],[111.64521,-8.00375],[111.64487,-8.00433],[111.64455,-8.00468],[111.64429,-8.00485],[111.64372,-8.00504],[111.643,-8.00521],[111.6426,-8.00526],[111.64242,-8.00536],[111.64147,-8.00526],[111.64145,-8.00535],[111.64135,-8.00524],[111.64121,-8.00523],[111.63929,-8.00326],[111.63799,-8.00249],[111.63723,-8.00208],[111.63611,-8.00215],[111.63528,-8.00258],[111.6343,-8.00326],[111.63376,-8.00353],[111.63334,-8.00395],[111.63304,-8.00462],[111.63254,-8.00479],[111.63177,-8.00668],[111.63108,-8.00754],[111.6306,-8.00764],[111.62988,-8.00789],[111.62932,-8.00859],[111.62859,-8.00917],[111.62763,-8.00965],[111.62685,-8.01014],[111.62592,-8.01092],[111.62588,-8.01089],[111.62508,-8.00919],[111.62484,-8.00859],[111.62457,-8.00846],[111.62436,-8.00828],[111.62422,-8.00738],[111.62404,-8.00704],[111.62376,-8.00693],[111.62318,-8.0065],[111.62286,-8.00674],[111.62252,-8.00688],[111.62178,-8.00699],[111.62132,-8.00748],[111.6194,-8.00823],[111.61858,-8.00849],[111.61818,-8.00896],[111.61744,-8.0094],[111.61705,-8.0095],[111.61552,-8.00961],[111.61515,-8.00979],[111.61494,-8.01006],[111.61437,-8.01069],[111.61355,-8.01114],[111.61296,-8.0116],[111.61252,-8.01169],[111.61177,-8.01167],[111.61138,-8.01196],[111.61082,-8.01259],[111.61006,-8.01324],[111.6097,-8.01408],[111.60861,-8.01508],[111.60801,-8.0155],[111.60736,-8.01556],[111.60662,-8.01588],[111.60637,-8.01607],[111.60642,-8.01638],[111.60652,-8.01648],[111.6067,-8.01655],[111.60689,-8.01666],[111.60704,-8.01687],[111.60713,-8.01742],[111.60726,-8.0178],[111.60753,-8.01805],[111.60778,-8.01816],[111.60746,-8.01857],[111.60704,-8.0189],[111.60665,-8.01909],[111.60627,-8.01935],[111.60596,-8.01944],[111.60575,-8.01944],[111.60531,-8.01929],[111.60489,-8.01921],[111.60449,-8.01906],[111.60387,-8.01868],[111.60346,-8.01859],[111.60286,-8.01859],[111.60201,-8.01829],[111.60185,-8.01826],[111.60156,-8.01827],[111.60096,-8.01834],[111.6005,-8.01829],[111.6003,-8.01824],[111.59969,-8.01827],[111.59918,-8.01847],[111.59838,-8.0184],[111.59786,-8.0185],[111.59732,-8.01869],[111.59713,-8.01871],[111.59702,-8.01867],[111.59646,-8.01795],[111.59625,-8.01754],[111.59562,-8.01789],[111.59524,-8.01833],[111.59514,-8.01842],[111.59498,-8.01847],[111.59423,-8.01851],[111.5924,-8.01895],[111.59046,-8.01938],[111.58928,-8.02054],[111.58764,-8.02264],[111.58735,-8.02292],[111.58781,-8.02173],[111.58681,-8.02136],[111.58666,-8.02262],[111.58677,-8.02301],[111.5869,-8.02312],[111.58694,-8.02307],[111.58732,-8.02295],[111.58668,-8.02361],[111.58598,-8.02406],[111.58527,-8.02444],[111.58337,-8.02514],[111.58273,-8.02572],[111.58261,-8.0266],[111.58234,-8.02701],[111.58189,-8.02791],[111.58111,-8.02913],[111.58068,-8.03003],[111.58035,-8.03081],[111.57994,-8.03133],[111.57972,-8.03179],[111.57948,-8.03243],[111.57911,-8.0331],[111.57902,-8.03354],[111.57828,-8.03463],[111.57817,-8.03496],[111.57795,-8.03519],[111.57777,-8.03543],[111.57768,-8.03562],[111.57759,-8.03593],[111.57759,-8.0365],[111.57747,-8.0371],[111.57679,-8.03858],[111.57671,-8.03871],[111.57634,-8.03876],[111.57462,-8.03971],[111.57432,-8.04],[111.57412,-8.0405],[111.57409,-8.04211],[111.57375,-8.04283],[111.57366,-8.0431],[111.57359,-8.04369],[111.57384,-8.04466],[111.5735,-8.0463],[111.57352,-8.0468],[111.57345,-8.04763],[111.57339,-8.04782],[111.57327,-8.04795],[111.57268,-8.04823],[111.57189,-8.04837],[111.57092,-8.04834],[111.57026,-8.0484],[111.56979,-8.04867],[111.5696,-8.0487],[111.56911,-8.04872],[111.56851,-8.04892],[111.56828,-8.04891],[111.56761,-8.0488],[111.56716,-8.04869],[111.56577,-8.04796],[111.56542,-8.04795],[111.56486,-8.04799],[111.56468,-8.04806],[111.56463,-8.04815],[111.56457,-8.04852],[111.56426,-8.0492],[111.56408,-8.04944],[111.5637,-8.04957],[111.56308,-8.04968],[111.56286,-8.04967],[111.56263,-8.04957],[111.56239,-8.04932],[111.56164,-8.04916],[111.56147,-8.04904],[111.56098,-8.04889],[111.56052,-8.04931],[111.55964,-8.04938],[111.5594,-8.04944],[111.55869,-8.0497],[111.55746,-8.04988],[111.55738,-8.04978],[111.55685,-8.04979],[111.55671,-8.04998],[111.55664,-8.05],[111.5565,-8.04997],[111.55638,-8.04989],[111.55616,-8.0494],[111.55603,-8.04924],[111.55568,-8.04917],[111.55511,-8.04919],[111.55474,-8.04902],[111.55424,-8.04893],[111.55433,-8.04838],[111.55429,-8.04834],[111.55394,-8.04823],[111.55362,-8.04794],[111.55343,-8.04729],[111.5531,-8.04681],[111.55271,-8.04634],[111.5525,-8.04622],[111.55184,-8.04614],[111.55126,-8.04566],[111.55126,-8.0452],[111.55104,-8.04461],[111.55061,-8.04391],[111.55023,-8.0437],[111.54917,-8.04278],[111.54702,-8.04184],[111.54655,-8.04206],[111.54592,-8.04179],[111.54553,-8.0413],[111.5451,-8.04123],[111.54473,-8.04127],[111.5442,-8.04141],[111.54374,-8.04127],[111.54318,-8.04081],[111.5425,-8.04189],[111.54235,-8.04195],[111.5422,-8.04184],[111.54192,-8.04183],[111.54175,-8.04158],[111.54167,-8.04156],[111.54131,-8.04199],[111.54103,-8.04203],[111.54048,-8.04221],[111.54024,-8.04212],[111.5398,-8.04225],[111.5396,-8.04207],[111.53947,-8.04208],[111.53878,-8.0425],[111.53887,-8.04218],[111.53933,-8.04136],[111.53964,-8.04106],[111.54022,-8.04074],[111.54058,-8.04026],[111.54085,-8.03893],[111.5404,-8.03757],[111.53998,-8.03677],[111.53986,-8.0366],[111.53969,-8.03646],[111.53854,-8.03685],[111.53913,-8.03557],[111.53873,-8.03527],[111.53861,-8.03507],[111.53864,-8.03472],[111.53919,-8.03392],[111.53953,-8.03316],[111.53963,-8.03281],[111.53964,-8.03241],[111.53956,-8.03192],[111.5393,-8.03113],[111.53907,-8.0306],[111.53863,-8.02982],[111.53804,-8.02886],[111.5375,-8.02769],[111.53726,-8.02686],[111.53719,-8.02646],[111.53712,-8.02528],[111.53719,-8.02303],[111.53712,-8.02265],[111.53717,-8.0222],[111.53745,-8.02129],[111.53748,-8.02085],[111.5376,-8.02024],[111.53772,-8.01991],[111.53812,-8.01922],[111.53817,-8.01906],[111.53814,-8.01875],[111.53791,-8.01814],[111.53779,-8.01759],[111.53764,-8.01667],[111.53766,-8.01618],[111.53794,-8.01487],[111.53809,-8.01443],[111.53833,-8.01403],[111.53892,-8.01271],[111.53954,-8.01105],[111.53964,-8.01047],[111.53968,-8.01],[111.53986,-8.00946],[111.54013,-8.00903],[111.54017,-8.00881],[111.54001,-8.0072],[111.53996,-8.00702],[111.53983,-8.00681],[111.53973,-8.00653],[111.53933,-8.00614],[111.53917,-8.00589],[111.53912,-8.00566],[111.53897,-8.00556],[111.53876,-8.00549],[111.53861,-8.00556],[111.5382,-8.00554],[111.53555,-8.00518],[111.53537,-8.00506],[111.53477,-8.00409],[111.53429,-8.00116],[111.5341,-8.00025],[111.53381,-7.99967],[111.5341,-7.99892],[111.53405,-7.99882],[111.53386,-7.99866],[111.53355,-7.99851],[111.53342,-7.99841],[111.53328,-7.99742],[111.53409,-7.99726],[111.53398,-7.99543],[111.53319,-7.99513],[111.53311,-7.99488],[111.53262,-7.98996],[111.5333,-7.98994],[111.53345,-7.98949],[111.53441,-7.98951],[111.53457,-7.98904],[111.53604,-7.98907],[111.53654,-7.98932],[111.53673,-7.98931],[111.53708,-7.98913],[111.53743,-7.98904],[111.53754,-7.98975],[111.53849,-7.98996],[111.53925,-7.98994],[111.53935,-7.98922],[111.53969,-7.98913],[111.5398,-7.99031],[111.53989,-7.99058],[111.53989,-7.99076],[111.54024,-7.99143],[111.5408,-7.99157],[111.54112,-7.99263],[111.54044,-7.99302],[111.54035,-7.99343],[111.54062,-7.99383],[111.54053,-7.99421],[111.54008,-7.99489],[111.54044,-7.99537],[111.54058,-7.99577],[111.54094,-7.99552],[111.54118,-7.99438],[111.54217,-7.99422],[111.54216,-7.99372],[111.54195,-7.99312],[111.54217,-7.99229],[111.54225,-7.99121],[111.54224,-7.99068],[111.54134,-7.99048],[111.54121,-7.98992],[111.54071,-7.98976],[111.54062,-7.9894],[111.53997,-7.98922],[111.54,-7.98798],[111.5388,-7.98786],[111.53881,-7.98714],[111.53831,-7.98696],[111.5381,-7.98804],[111.53772,-7.98814],[111.53762,-7.98714],[111.53715,-7.98703],[111.53652,-7.9865],[111.53665,-7.98431],[111.53762,-7.98407],[111.5378,-7.98425],[111.53827,-7.98434],[111.53813,-7.98505],[111.53844,-7.98515],[111.53852,-7.98542],[111.53897,-7.98557],[111.53907,-7.98606],[111.53917,-7.98634],[111.53952,-7.98667],[111.54205,-7.98687],[111.54217,-7.98738],[111.54264,-7.98753],[111.54384,-7.98773],[111.54369,-7.98699],[111.54314,-7.98594],[111.5422,-7.98596],[111.54198,-7.98641],[111.54114,-7.98623],[111.54136,-7.98451],[111.54323,-7.98451],[111.54405,-7.98481],[111.54525,-7.98541],[111.54561,-7.9821],[111.54504,-7.98192],[111.54506,-7.98094],[111.54396,-7.98073],[111.54429,-7.97801],[111.5447,-7.97791],[111.54468,-7.97879],[111.54547,-7.97895],[111.54568,-7.97872],[111.54606,-7.97863],[111.54604,-7.97773],[111.5446,-7.97742],[111.5445,-7.97647],[111.54641,-7.977],[111.54699,-7.97709],[111.5475,-7.9762],[111.54793,-7.97531],[111.5484,-7.97447],[111.55007,-7.97128],[111.54938,-7.97111],[111.54921,-7.97112],[111.54903,-7.9713],[111.54868,-7.97153],[111.54857,-7.97206],[111.54858,-7.97251],[111.54788,-7.97447],[111.54749,-7.97446],[111.5473,-7.97466],[111.54652,-7.97644],[111.54537,-7.97615],[111.54505,-7.97583],[111.54405,-7.97561],[111.54396,-7.97474],[111.54289,-7.97448],[111.54171,-7.97438],[111.54154,-7.97492],[111.54076,-7.97502],[111.5405,-7.97331],[111.54051,-7.97272],[111.54087,-7.97249],[111.54096,-7.97223],[111.53939,-7.97192],[111.53915,-7.97167],[111.53814,-7.97151],[111.53766,-7.97091],[111.53716,-7.97043],[111.53669,-7.96978],[111.53616,-7.96965],[111.53603,-7.96925],[111.53546,-7.96914],[111.53281,-7.96824],[111.53342,-7.96825],[111.53351,-7.96741],[111.53336,-7.96682],[111.53351,-7.96682],[111.53363,-7.96693],[111.53378,-7.96688],[111.53401,-7.96685],[111.53408,-7.96678],[111.53538,-7.96682],[111.53542,-7.9672],[111.53487,-7.96734],[111.53488,-7.96796],[111.53597,-7.96817],[111.53596,-7.9675],[111.53599,-7.96751],[111.53608,-7.96894],[111.53625,-7.96879],[111.53635,-7.96866],[111.53656,-7.96869],[111.5367,-7.96874],[111.53684,-7.96896],[111.53716,-7.96922],[111.5372,-7.96958],[111.53732,-7.9698],[111.53769,-7.97013],[111.5379,-7.97055],[111.53826,-7.97102],[111.53835,-7.97107],[111.53846,-7.97107],[111.5389,-7.97095],[111.53889,-7.97061],[111.53892,-7.97015],[111.5411,-7.97045],[111.5412,-7.96891],[111.54093,-7.9688],[111.54089,-7.96867],[111.54088,-7.96856],[111.54091,-7.96842],[111.54089,-7.96825],[111.54083,-7.96817],[111.54066,-7.96681],[111.54078,-7.96606],[111.5407,-7.96594],[111.5407,-7.9658],[111.54079,-7.96572],[111.54083,-7.96549],[111.54073,-7.96545],[111.54107,-7.96508],[111.54151,-7.96511],[111.54153,-7.96499],[111.5416,-7.9649],[111.54149,-7.96459],[111.54145,-7.96457],[111.54149,-7.96449],[111.54146,-7.96441],[111.54149,-7.96434],[111.54283,-7.96421],[111.54295,-7.96396],[111.54294,-7.96316],[111.54254,-7.96317],[111.54261,-7.96313],[111.543,-7.96314],[111.54299,-7.96322],[111.54427,-7.96283],[111.54461,-7.96268],[111.54475,-7.96287],[111.54491,-7.96351],[111.54498,-7.96364],[111.54507,-7.96375],[111.54519,-7.96382],[111.54533,-7.96388],[111.54556,-7.96388],[111.54563,-7.96381],[111.54567,-7.96371],[111.54563,-7.96307],[111.54571,-7.96297],[111.54592,-7.96286],[111.54594,-7.96275],[111.54577,-7.96259],[111.54556,-7.96227],[111.54534,-7.96223],[111.54523,-7.96227],[111.54504,-7.96226],[111.54499,-7.96209],[111.54503,-7.96189],[111.5452,-7.96163],[111.54525,-7.96147],[111.54538,-7.9613],[111.54565,-7.96128],[111.54687,-7.9616],[111.54723,-7.96175],[111.5476,-7.96174],[111.54772,-7.96043],[111.54715,-7.96041],[111.54627,-7.96027],[111.54451,-7.96011],[111.54429,-7.96044],[111.54413,-7.96055],[111.54377,-7.96069],[111.54246,-7.96066],[111.54246,-7.9606],[111.54192,-7.96059],[111.54185,-7.96054],[111.54165,-7.96053],[111.5412,-7.96044],[111.5409,-7.96045],[111.54087,-7.95988],[111.54083,-7.95986],[111.54007,-7.95998],[111.53999,-7.95983],[111.53999,-7.95971],[111.53958,-7.95985],[111.53952,-7.95978],[111.53935,-7.95974],[111.53916,-7.95959],[111.53899,-7.95959],[111.53887,-7.95948],[111.53881,-7.95937],[111.53868,-7.95887],[111.53887,-7.95876],[111.53871,-7.95839],[111.5385,-7.95803],[111.53811,-7.95746],[111.53818,-7.95742],[111.53827,-7.9573],[111.53847,-7.95688],[111.53852,-7.95671],[111.53858,-7.95623],[111.53866,-7.95602],[111.53872,-7.95594],[111.53893,-7.95583],[111.53896,-7.95577],[111.53895,-7.95564],[111.53888,-7.95553],[111.53888,-7.95523],[111.5388,-7.95502],[111.5388,-7.95491],[111.53816,-7.95476],[111.53758,-7.95472],[111.53759,-7.95514],[111.53729,-7.95514],[111.53715,-7.9544],[111.53671,-7.95431],[111.53651,-7.95513],[111.53628,-7.9553],[111.53603,-7.95351],[111.5373,-7.9534],[111.53739,-7.95253],[111.53683,-7.95235],[111.53685,-7.95159],[111.53832,-7.95162],[111.5382,-7.9525],[111.53909,-7.95268],[111.53921,-7.95194],[111.54083,-7.95209],[111.54093,-7.95144],[111.53958,-7.95131],[111.53948,-7.95078],[111.53884,-7.9506],[111.53859,-7.95034],[111.53731,-7.95014],[111.53712,-7.95033],[111.53629,-7.95046],[111.53548,-7.95087],[111.53547,-7.95193],[111.53485,-7.95205],[111.53468,-7.95259],[111.5345,-7.95276],[111.5346,-7.95332],[111.5354,-7.95304],[111.53549,-7.9535],[111.53558,-7.95368],[111.53576,-7.95526],[111.53542,-7.95543],[111.53421,-7.95558],[111.53423,-7.95415],[111.53369,-7.95404],[111.53359,-7.95522],[111.53313,-7.9554],[111.53297,-7.95557],[111.53168,-7.95565],[111.53162,-7.95428],[111.53186,-7.95414],[111.53206,-7.95393],[111.53368,-7.95347],[111.53367,-7.95307],[111.53295,-7.95296],[111.53267,-7.95277],[111.53195,-7.9526],[111.53196,-7.95322],[111.53154,-7.95371],[111.53147,-7.95333],[111.53147,-7.95269],[111.53126,-7.95226],[111.53126,-7.95195],[111.53132,-7.95187],[111.53156,-7.95174],[111.53144,-7.9511],[111.5318,-7.95102],[111.5321,-7.95078],[111.53222,-7.95073],[111.53209,-7.95043],[111.53242,-7.95023],[111.53302,-7.95004],[111.53322,-7.95024],[111.5338,-7.95034],[111.53415,-7.95092],[111.53513,-7.95022],[111.53512,-7.9497],[111.53602,-7.94957],[111.53612,-7.94863],[111.5366,-7.94832],[111.53734,-7.94847],[111.53734,-7.94856],[111.53752,-7.94856],[111.53752,-7.94865],[111.53771,-7.94865],[111.53771,-7.94875],[111.53789,-7.94874],[111.53789,-7.94884],[111.53798,-7.94884],[111.53798,-7.94893],[111.53816,-7.94893],[111.53819,-7.94903],[111.53827,-7.94896],[111.53816,-7.94893],[111.53816,-7.94883],[111.53798,-7.94884],[111.53798,-7.94874],[111.53789,-7.94874],[111.53789,-7.94865],[111.53771,-7.94865],[111.53771,-7.94856],[111.53752,-7.94856],[111.53752,-7.94847],[111.53734,-7.94847],[111.53724,-7.94835],[111.53668,-7.9482],[111.53577,-7.94859],[111.53564,-7.94815],[111.53476,-7.94826],[111.53338,-7.94834],[111.53321,-7.94854],[111.53241,-7.94872],[111.5323,-7.94944],[111.53161,-7.94973],[111.5311,-7.94931],[111.53059,-7.94953],[111.53042,-7.94931],[111.53049,-7.94932],[111.53099,-7.94912],[111.53101,-7.94909],[111.53012,-7.94628],[111.52932,-7.94402],[111.5294,-7.94391],[111.52999,-7.94372],[111.53104,-7.94318],[111.53178,-7.94319],[111.53288,-7.94356],[111.53375,-7.94353],[111.53371,-7.9433],[111.53379,-7.94327],[111.53357,-7.94247],[111.53357,-7.94226],[111.53424,-7.94201],[111.53439,-7.94246],[111.5345,-7.94258],[111.53619,-7.94235],[111.53629,-7.94172],[111.53772,-7.94143],[111.54165,-7.93933],[111.54137,-7.93832],[111.54249,-7.93784],[111.54234,-7.93698],[111.54544,-7.93563],[111.54672,-7.93498],[111.5497,-7.93419],[111.551,-7.93421],[111.55208,-7.93449],[111.55206,-7.93377],[111.5508,-7.93366],[111.55026,-7.93367],[111.54957,-7.93319],[111.54589,-7.93391],[111.5459,-7.93424],[111.54234,-7.93547],[111.54069,-7.93617],[111.54084,-7.93675],[111.54042,-7.93686],[111.53897,-7.93706],[111.5382,-7.93726],[111.5381,-7.93757],[111.53719,-7.93766],[111.53705,-7.93795],[111.53532,-7.93829],[111.53393,-7.93865],[111.53384,-7.93903],[111.5332,-7.93915],[111.53323,-7.93899],[111.53313,-7.93859],[111.53313,-7.93844],[111.53318,-7.93839],[111.5333,-7.93836],[111.53363,-7.93838],[111.53376,-7.93828],[111.53388,-7.93812],[111.53399,-7.93773],[111.53413,-7.93748],[111.5342,-7.93722],[111.53429,-7.9371],[111.53451,-7.93694],[111.53464,-7.93693],[111.53473,-7.93698],[111.53485,-7.93724],[111.53507,-7.93746],[111.5352,-7.93743],[111.53537,-7.93727],[111.53541,-7.93718],[111.53548,-7.93716],[111.53556,-7.93716],[111.53574,-7.93739],[111.53594,-7.93754],[111.53611,-7.93759],[111.53625,-7.93758],[111.53643,-7.9375],[111.5365,-7.93743],[111.53663,-7.9371],[111.53666,-7.93692],[111.53672,-7.93683],[111.5368,-7.9368],[111.53704,-7.93692],[111.53715,-7.93692],[111.53733,-7.93673],[111.53744,-7.93649],[111.53763,-7.93633],[111.53766,-7.93622],[111.5377,-7.9362],[111.53803,-7.93625],[111.53823,-7.93607],[111.53841,-7.93601],[111.53864,-7.93575],[111.53891,-7.93553],[111.53917,-7.93563],[111.53928,-7.93574],[111.53938,-7.93594],[111.53969,-7.93635],[111.53975,-7.9364],[111.53983,-7.9364],[111.53999,-7.93618],[111.53993,-7.93598],[111.53996,-7.93589],[111.54013,-7.93586],[111.54024,-7.93567],[111.54035,-7.9358],[111.54054,-7.93582],[111.54073,-7.93581],[111.54086,-7.93574],[111.5409,-7.93567],[111.54092,-7.93532],[111.5409,-7.93515],[111.54096,-7.93502],[111.54102,-7.93498],[111.54111,-7.93495],[111.54129,-7.93504],[111.54149,-7.93502],[111.54153,-7.93513],[111.54163,-7.93528],[111.5417,-7.93528],[111.54195,-7.93507],[111.54198,-7.93498],[111.54196,-7.93485],[111.54192,-7.93478],[111.54192,-7.93456],[111.54195,-7.93442],[111.54202,-7.93432],[111.54272,-7.93386],[111.54288,-7.93379],[111.54316,-7.93378],[111.54332,-7.93386],[111.5434,-7.93393],[111.54366,-7.93404],[111.54405,-7.93431],[111.54446,-7.93427],[111.54458,-7.9342],[111.54494,-7.93386],[111.54502,-7.93367],[111.54531,-7.93355],[111.54542,-7.93343],[111.54546,-7.93322],[111.54551,-7.93315],[111.54563,-7.93309],[111.54576,-7.93282],[111.54586,-7.93275],[111.5461,-7.93271],[111.54657,-7.93294],[111.5467,-7.93292],[111.54694,-7.93276],[111.54699,-7.93276],[111.54709,-7.93287],[111.54717,-7.9329],[111.5473,-7.93291],[111.54744,-7.93285],[111.54764,-7.9326],[111.54764,-7.93249],[111.54788,-7.9321],[111.54795,-7.93188],[111.548,-7.93186],[111.5481,-7.93185],[111.54851,-7.932],[111.54881,-7.932],[111.54938,-7.93228],[111.54946,-7.93227],[111.54955,-7.93218],[111.54974,-7.93186],[111.54989,-7.93178],[111.55015,-7.93177],[111.55024,-7.93181],[111.55037,-7.93181],[111.55071,-7.93175],[111.55082,-7.93165],[111.55091,-7.9315],[111.55091,-7.93141],[111.55105,-7.93101],[111.55098,-7.93083],[111.55081,-7.93075],[111.55044,-7.93047],[111.55033,-7.93024],[111.55037,-7.92992],[111.55061,-7.92953],[111.55072,-7.92929],[111.55077,-7.9291],[111.55079,-7.92854],[111.55099,-7.92854],[111.55153,-7.92877],[111.55161,-7.92877],[111.55177,-7.92862],[111.55178,-7.92845],[111.55173,-7.92839],[111.55159,-7.92831],[111.55147,-7.92818],[111.55143,-7.928],[111.55154,-7.92785],[111.55164,-7.92781],[111.55179,-7.9279],[111.55196,-7.92791],[111.55214,-7.92742],[111.55214,-7.92726],[111.55202,-7.92706],[111.55191,-7.92701],[111.55182,-7.92692],[111.55177,-7.92678],[111.55179,-7.9266],[111.55192,-7.9264],[111.55218,-7.92617],[111.55248,-7.92619],[111.55306,-7.92634],[111.55345,-7.92635],[111.55375,-7.9263],[111.55427,-7.92613],[111.55469,-7.92611],[111.55492,-7.92628],[111.55505,-7.92648],[111.55514,-7.92686],[111.55524,-7.92707],[111.55534,-7.92713],[111.55563,-7.92715],[111.55578,-7.92713],[111.55601,-7.92704],[111.55631,-7.92682],[111.55643,-7.9267],[111.55665,-7.92628],[111.55681,-7.92605],[111.5569,-7.92596],[111.5573,-7.9258],[111.5575,-7.92562],[111.55762,-7.92556],[111.55775,-7.92557],[111.55805,-7.92569],[111.55832,-7.92567],[111.55848,-7.92553],[111.55867,-7.92518],[111.55902,-7.92495],[111.55921,-7.92494],[111.55963,-7.92506],[111.55983,-7.92515],[111.56026,-7.92547],[111.56062,-7.92568],[111.56105,-7.92572],[111.56123,-7.92567],[111.56135,-7.92557],[111.56164,-7.92519],[111.56195,-7.92519],[111.56225,-7.92528],[111.56236,-7.92529],[111.56282,-7.92514],[111.56299,-7.92498],[111.56311,-7.92474],[111.56325,-7.92464],[111.56344,-7.92458],[111.56378,-7.92452],[111.56386,-7.92447],[111.56413,-7.92407],[111.56426,-7.92397],[111.56443,-7.92398],[111.56478,-7.92413],[111.56498,-7.92417],[111.56504,-7.92413],[111.5651,-7.924],[111.56508,-7.92393],[111.56501,-7.92381],[111.56506,-7.92374],[111.56516,-7.9237],[111.56558,-7.92379],[111.56579,-7.92365],[111.56616,-7.92365],[111.56628,-7.92355],[111.56639,-7.92351],[111.56648,-7.92352],[111.56658,-7.92359],[111.56663,-7.92367],[111.56671,-7.92396],[111.56687,-7.92409],[111.56731,-7.92422],[111.56751,-7.92413],[111.56761,-7.92413],[111.56812,-7.9244],[111.56796,-7.92409],[111.56771,-7.92389],[111.5677,-7.92378],[111.56773,-7.92371],[111.56782,-7.92361],[111.56825,-7.92332],[111.56851,-7.92281],[111.56866,-7.92265],[111.5689,-7.92246],[111.56988,-7.92188],[111.57031,-7.92177],[111.57053,-7.92152],[111.57058,-7.92139],[111.57095,-7.92101],[111.57099,-7.92078],[111.57096,-7.9207],[111.57056,-7.92008],[111.57048,-7.91988],[111.57049,-7.91977],[111.5707,-7.91931],[111.57066,-7.91906],[111.57082,-7.91877],[111.57091,-7.91871],[111.57128,-7.91858],[111.57154,-7.91843],[111.57185,-7.91841],[111.57194,-7.91854],[111.57208,-7.91897],[111.57179,-7.91909],[111.57154,-7.91925],[111.57156,-7.91971],[111.57173,-7.92009],[111.57203,-7.92103],[111.57245,-7.92184],[111.57285,-7.92236],[111.57472,-7.9242],[111.57535,-7.92488],[111.57664,-7.92581],[111.57818,-7.92709],[111.57898,-7.92795],[111.58067,-7.93001],[111.58188,-7.9299],[111.58244,-7.93003],[111.58296,-7.93006],[111.58459,-7.93005],[111.58544,-7.93023],[111.58635,-7.93073],[111.58699,-7.9313],[111.58803,-7.93159],[111.59005,-7.93154],[111.59112,-7.9314],[111.59245,-7.93163],[111.59246,-7.93689],[111.59308,-7.93685],[111.59323,-7.93674],[111.59332,-7.93654],[111.59335,-7.9363],[111.5933,-7.93571],[111.59331,-7.93535],[111.59339,-7.93504],[111.59367,-7.93438],[111.594,-7.93409],[111.59483,-7.93395],[111.59496,-7.93389],[111.5951,-7.93364],[111.59511,-7.93346],[111.59508,-7.93339],[111.59512,-7.93331],[111.59553,-7.93318],[111.5961,-7.9332],[111.59631,-7.93318],[111.59703,-7.93294],[111.59747,-7.93291],[111.59822,-7.93293],[111.59961,-7.93303],[111.59988,-7.93307],[111.60008,-7.93313],[111.60024,-7.93336],[111.60026,-7.93352],[111.60019,-7.93362],[111.60007,-7.93416],[111.60009,-7.93424],[111.60021,-7.93431],[111.60027,-7.93449],[111.60032,-7.93452],[111.60052,-7.93442],[111.60071,-7.93442],[111.60112,-7.93434],[111.60134,-7.93422],[111.60157,-7.93404],[111.6017,-7.93399],[111.60208,-7.93409],[111.60226,-7.9341],[111.60235,-7.93408],[111.60239,-7.934],[111.6025,-7.93397],[111.60255,-7.9339],[111.60262,-7.93388],[111.60279,-7.93371],[111.60313,-7.93369],[111.60337,-7.93374],[111.60384,-7.93399],[111.60414,-7.93436],[111.6044,-7.93458],[111.60443,-7.93472],[111.60441,-7.93491],[111.60445,-7.93505],[111.60458,-7.93517],[111.60469,-7.93567],[111.60476,-7.93571],[111.60494,-7.93577],[111.60583,-7.93593],[111.6059,-7.93599],[111.60618,-7.93582],[111.6063,-7.93561],[111.60636,-7.93538],[111.60637,-7.93515],[111.60627,-7.93473],[111.60633,-7.93465],[111.6065,-7.93463],[111.60733,-7.93527],[111.60795,-7.93594],[111.60822,-7.93609],[111.60836,-7.93608],[111.60853,-7.93614],[111.6092,-7.93583],[111.60938,-7.93577],[111.60954,-7.93567],[111.61007,-7.93573],[111.61036,-7.93567],[111.61069,-7.93571],[111.61107,-7.93594],[111.61115,-7.93644],[111.61125,-7.93681],[111.61118,-7.93712],[111.61119,-7.93722],[111.61132,-7.93728],[111.61153,-7.93719],[111.6117,-7.93705],[111.612,-7.93649],[111.61199,-7.93636],[111.61207,-7.93603],[111.61236,-7.93538],[111.61255,-7.93515],[111.61267,-7.9351],[111.61289,-7.93531],[111.61355,-7.93614],[111.61377,-7.93631],[111.61402,-7.93657],[111.61435,-7.93681],[111.61521,-7.93719],[111.61564,-7.93727],[111.61573,-7.93726],[111.61622,-7.93684],[111.61658,-7.93671],[111.61734,-7.93659],[111.61753,-7.93659],[111.61782,-7.93685],[111.61797,-7.93704],[111.61827,-7.93729],[111.61841,-7.93737],[111.61905,-7.93739],[111.6193,-7.93746],[111.61979,-7.9379],[111.6199,-7.93806],[111.62006,-7.93815],[111.62062,-7.93802],[111.62074,-7.93807],[111.62086,-7.93838],[111.62102,-7.93854],[111.62126,-7.93858],[111.62155,-7.93857],[111.62201,-7.93842],[111.62215,-7.93843],[111.62258,-7.93864],[111.62263,-7.93867],[111.62266,-7.93878],[111.62259,-7.93898],[111.62258,-7.9393],[111.62266,-7.9395],[111.62273,-7.93957],[111.62295,-7.93969],[111.62326,-7.93983],[111.62385,-7.93998],[111.62392,-7.94007],[111.62392,-7.94019],[111.62402,-7.94048],[111.62433,-7.94056],[111.62451,-7.94057],[111.62464,-7.94051],[111.62476,-7.94041],[111.62486,-7.94042],[111.62493,-7.94044],[111.62499,-7.94051],[111.62514,-7.94053],[111.62531,-7.94068],[111.62536,-7.94083],[111.62536,-7.94097],[111.62554,-7.94106],[111.62563,-7.94125],[111.62565,-7.94144],[111.62554,-7.94155],[111.62555,-7.94174],[111.62562,-7.94181],[111.62565,-7.9421],[111.62575,-7.94237],[111.62584,-7.94241],[111.62586,-7.94248],[111.62592,-7.9425],[111.62596,-7.94257],[111.626,-7.94271],[111.62599,-7.94287],[111.62589,-7.94297],[111.62587,-7.94304],[111.62566,-7.94337],[111.62562,-7.94339],[111.62543,-7.94334],[111.62532,-7.94338],[111.62533,-7.94366],[111.6253,-7.94373],[111.62523,-7.94382],[111.62493,-7.94389],[111.62494,-7.94399],[111.62503,-7.94409],[111.62492,-7.94418],[111.62471,-7.94418],[111.62457,-7.9442],[111.6245,-7.94424],[111.62447,-7.94434],[111.62447,-7.9447],[111.62429,-7.94486],[111.62419,-7.94502],[111.62423,-7.94513],[111.62441,-7.94542],[111.62459,-7.94551],[111.62476,-7.94549],[111.62482,-7.94552],[111.62485,-7.9456],[111.62483,-7.94577],[111.62478,-7.94589],[111.62486,-7.94603],[111.625,-7.94617],[111.62502,-7.94635],[111.625,-7.94653],[111.62483,-7.94674],[111.62486,-7.94684],[111.62506,-7.947],[111.62512,-7.94719],[111.62492,-7.94764],[111.62496,-7.94751],[111.62494,-7.94703],[111.62455,-7.94685],[111.62396,-7.94688],[111.62385,-7.94731],[111.62358,-7.94804],[111.62336,-7.94803],[111.62368,-7.94691],[111.62332,-7.94674],[111.62311,-7.94707],[111.62295,-7.94796],[111.62314,-7.94814],[111.62312,-7.94859],[111.6226,-7.94857],[111.62249,-7.94813],[111.62213,-7.94804],[111.62202,-7.9477],[111.6217,-7.94759],[111.62149,-7.9479],[111.62195,-7.94849],[111.62162,-7.94858],[111.62111,-7.94823],[111.62063,-7.94772],[111.62077,-7.94731],[111.62076,-7.94707],[111.62037,-7.94734],[111.61974,-7.94709],[111.61978,-7.94813],[111.61945,-7.94824],[111.61932,-7.94876],[111.62057,-7.94889],[111.62068,-7.94922],[111.62083,-7.94936],[111.62127,-7.94944]],[[111.55428,-7.92846],[111.55433,-7.92812],[111.55602,-7.92822],[111.55623,-7.92771],[111.55501,-7.92757],[111.55487,-7.92742],[111.55369,-7.92728],[111.55259,-7.92735],[111.55242,-7.92804],[111.55297,-7.92814],[111.55306,-7.92842],[111.55428,-7.92846]],[[111.55174,-7.93046],[111.55194,-7.93028],[111.5525,-7.92954],[111.55241,-7.92881],[111.55137,-7.92898],[111.5511,-7.92942],[111.55123,-7.93041],[111.55174,-7.93046]],[[111.55338,-7.93299],[111.55342,-7.93294],[111.55346,-7.93251],[111.5533,-7.93238],[111.55334,-7.93188],[111.55425,-7.93131],[111.55524,-7.93095],[111.55533,-7.93081],[111.55466,-7.93043],[111.55436,-7.92904],[111.55295,-7.92931],[111.55299,-7.92977],[111.55406,-7.92986],[111.55415,-7.93025],[111.55256,-7.93067],[111.55228,-7.93161],[111.55124,-7.93185],[111.55126,-7.93211],[111.55161,-7.93222],[111.55178,-7.9324],[111.55298,-7.93249],[111.55306,-7.93294],[111.55338,-7.93299]],[[111.5561,-7.93371],[111.55628,-7.93354],[111.55619,-7.93249],[111.55651,-7.93222],[111.55654,-7.93194],[111.55586,-7.93213],[111.55551,-7.93158],[111.55529,-7.9316],[111.55422,-7.93189],[111.55387,-7.93214],[111.55396,-7.93322],[111.55522,-7.93308],[111.55564,-7.93366],[111.5561,-7.93371]],[[111.55974,-7.93587],[111.55978,-7.93582],[111.56067,-7.93561],[111.56078,-7.93528],[111.56146,-7.9349],[111.56176,-7.93505],[111.56282,-7.9349],[111.56297,-7.93441],[111.56482,-7.93412],[111.56516,-7.9343],[111.56567,-7.93417],[111.56577,-7.93364],[111.5681,-7.93319],[111.56821,-7.93277],[111.56751,-7.93265],[111.56658,-7.93292],[111.56561,-7.93303],[111.56368,-7.93373],[111.56286,-7.93392],[111.56148,-7.93445],[111.56023,-7.93483],[111.55949,-7.93515],[111.55951,-7.9358],[111.55974,-7.93587]],[[111.55384,-7.93597],[111.55371,-7.93565],[111.55272,-7.93557],[111.55262,-7.93593],[111.55384,-7.93597],[111.55389,-7.93644],[111.55525,-7.93622],[111.55587,-7.93608],[111.55597,-7.93574],[111.55685,-7.93565],[111.55666,-7.935],[111.55502,-7.93532],[111.55508,-7.93583],[111.55384,-7.93597]],[[111.56028,-7.93768],[111.56037,-7.93758],[111.56143,-7.93729],[111.56126,-7.9367],[111.56067,-7.93683],[111.56002,-7.93721],[111.56007,-7.93762],[111.56028,-7.93768]],[[111.54377,-7.93824],[111.54387,-7.93814],[111.54544,-7.9374],[111.5459,-7.93775],[111.54782,-7.93704],[111.5478,-7.9365],[111.54865,-7.93623],[111.54932,-7.9361],[111.55068,-7.93593],[111.5508,-7.93629],[111.55234,-7.93638],[111.55252,-7.93603],[111.55198,-7.93593],[111.55187,-7.93549],[111.54946,-7.93559],[111.54799,-7.93593],[111.54646,-7.93616],[111.54536,-7.93666],[111.54426,-7.93706],[111.54427,-7.9373],[111.54342,-7.93776],[111.54357,-7.93818],[111.54377,-7.93824]],[[111.58659,-7.93837],[111.58667,-7.93811],[111.58715,-7.93744],[111.58746,-7.93724],[111.5872,-7.93629],[111.58705,-7.93588],[111.58634,-7.93496],[111.58551,-7.93423],[111.58493,-7.93396],[111.58394,-7.93372],[111.58373,-7.93429],[111.58554,-7.93559],[111.58564,-7.93587],[111.58492,-7.93674],[111.58599,-7.93715],[111.58557,-7.93832],[111.58659,-7.93837]],[[111.5728,-7.93848],[111.57327,-7.93789],[111.57357,-7.93764],[111.573,-7.93739],[111.57243,-7.93722],[111.57176,-7.93779],[111.57228,-7.93841],[111.5728,-7.93848]],[[111.57335,-7.93875],[111.57339,-7.9387],[111.57432,-7.93836],[111.57559,-7.93699],[111.57533,-7.93676],[111.57486,-7.93692],[111.57407,-7.93752],[111.57298,-7.9387],[111.57335,-7.93875]],[[111.55902,-7.93976],[111.55907,-7.93946],[111.55964,-7.93933],[111.55951,-7.93908],[111.55953,-7.93872],[111.55948,-7.93802],[111.55883,-7.93829],[111.55823,-7.93826],[111.55709,-7.93841],[111.55666,-7.93889],[111.55635,-7.93903],[111.55625,-7.93942],[111.55833,-7.93929],[111.5586,-7.93972],[111.55902,-7.93976]],[[111.57208,-7.93866],[111.57214,-7.93878],[111.57238,-7.9387],[111.57208,-7.93866],[111.57171,-7.93832],[111.57135,-7.93783],[111.57102,-7.93752],[111.57064,-7.93753],[111.57016,-7.93805],[111.56964,-7.93885],[111.56932,-7.94031],[111.56999,-7.94051],[111.57058,-7.93979],[111.57168,-7.9386],[111.57208,-7.93866]],[[111.56528,-7.94202],[111.56532,-7.94197],[111.56584,-7.94177],[111.56616,-7.94159],[111.5661,-7.94082],[111.5663,-7.94065],[111.56757,-7.94027],[111.56911,-7.94039],[111.56934,-7.93927],[111.56825,-7.93895],[111.56804,-7.93862],[111.5674,-7.93853],[111.56718,-7.93817],[111.5662,-7.93853],[111.56559,-7.93887],[111.56551,-7.93953],[111.56478,-7.93998],[111.56428,-7.94068],[111.56396,-7.94096],[111.56386,-7.94162],[111.56369,-7.94161],[111.5636,-7.94197],[111.56528,-7.94202]],[[111.55965,-7.94257],[111.5597,-7.94252],[111.56159,-7.94214],[111.56188,-7.94216],[111.56233,-7.94188],[111.56292,-7.9417],[111.56305,-7.94147],[111.56234,-7.94131],[111.56222,-7.9409],[111.56166,-7.9408],[111.56142,-7.94052],[111.56108,-7.94065],[111.56054,-7.94103],[111.56071,-7.94166],[111.55977,-7.94194],[111.55924,-7.94217],[111.55926,-7.94251],[111.55965,-7.94257]],[[111.55076,-7.94285],[111.55081,-7.9428],[111.55131,-7.94265],[111.5523,-7.94242],[111.55207,-7.9419],[111.55051,-7.94239],[111.55055,-7.94278],[111.55076,-7.94285]],[[111.62262,-7.94338],[111.62307,-7.9429],[111.62365,-7.9421],[111.6227,-7.94169],[111.62227,-7.94171],[111.62194,-7.94317],[111.62262,-7.94338]],[[111.62171,-7.94338],[111.62176,-7.94316],[111.62167,-7.9417],[111.62143,-7.94171],[111.62125,-7.9421],[111.62133,-7.94331],[111.62171,-7.94338]],[[111.55802,-7.94474],[111.55806,-7.94424],[111.55818,-7.94394],[111.5576,-7.9437],[111.55717,-7.94366],[111.55735,-7.94463],[111.55802,-7.94474]],[[111.56419,-7.94482],[111.56426,-7.94475],[111.5655,-7.94441],[111.56578,-7.94418],[111.56521,-7.94367],[111.56424,-7.94396],[111.56377,-7.94405],[111.56361,-7.94387],[111.56293,-7.94361],[111.56266,-7.94391],[111.56271,-7.94463],[111.56419,-7.94482]],[[111.61428,-7.94583],[111.61449,-7.94536],[111.61468,-7.94427],[111.61638,-7.94354],[111.6168,-7.94287],[111.61676,-7.94239],[111.61568,-7.9422],[111.61559,-7.94132],[111.61512,-7.94136],[111.61489,-7.94238],[111.61523,-7.94253],[111.61531,-7.94261],[111.61425,-7.94272],[111.61405,-7.94404],[111.6144,-7.94419],[111.61413,-7.94571],[111.61428,-7.94583]],[[111.61691,-7.94655],[111.61705,-7.94637],[111.61751,-7.9461],[111.61775,-7.94524],[111.61868,-7.94516],[111.61876,-7.94496],[111.61948,-7.94487],[111.61978,-7.94448],[111.61975,-7.94431],[111.619,-7.9441],[111.61808,-7.94424],[111.6179,-7.94361],[111.61719,-7.94353],[111.61725,-7.94394],[111.61743,-7.94408],[111.61758,-7.94442],[111.61687,-7.94451],[111.61678,-7.94406],[111.61638,-7.94398],[111.61616,-7.94451],[111.61623,-7.94497],[111.61609,-7.94573],[111.61625,-7.94629],[111.61654,-7.94651],[111.61691,-7.94655]],[[111.55821,-7.94673],[111.55825,-7.94668],[111.55864,-7.94644],[111.55835,-7.94572],[111.5578,-7.9456],[111.55739,-7.94634],[111.5579,-7.94664],[111.55821,-7.94673]],[[111.62244,-7.94709],[111.62257,-7.94686],[111.62294,-7.94637],[111.62303,-7.94605],[111.62203,-7.94632],[111.62186,-7.9464],[111.62213,-7.94677],[111.62209,-7.94705],[111.62244,-7.94709]],[[111.56111,-7.9479],[111.56138,-7.94644],[111.56123,-7.9457],[111.56077,-7.94556],[111.5608,-7.94474],[111.56169,-7.94457],[111.56183,-7.94513],[111.56237,-7.94485],[111.56219,-7.9445],[111.56197,-7.94451],[111.56188,-7.94405],[111.56179,-7.94388],[111.55985,-7.94528],[111.56009,-7.9462],[111.56082,-7.94601],[111.56079,-7.94672],[111.56039,-7.94738],[111.5607,-7.94766],[111.56111,-7.9479]],[[111.55594,-7.94863],[111.55599,-7.94858],[111.55626,-7.9485],[111.55649,-7.94826],[111.55615,-7.94735],[111.55617,-7.94623],[111.55557,-7.94614],[111.55537,-7.94533],[111.55439,-7.94514],[111.55426,-7.94461],[111.55379,-7.94449],[111.55238,-7.94452],[111.55224,-7.94496],[111.5518,-7.94506],[111.55182,-7.944],[111.5517,-7.94355],[111.55009,-7.94383],[111.5499,-7.94297],[111.54906,-7.94311],[111.54918,-7.94426],[111.55008,-7.94424],[111.5502,-7.94461],[111.55099,-7.9447],[111.55108,-7.94517],[111.55072,-7.94552],[111.55063,-7.94598],[111.55157,-7.94596],[111.55172,-7.94668],[111.55039,-7.94692],[111.55055,-7.94752],[111.55272,-7.94739],[111.55398,-7.94741],[111.55408,-7.94814],[111.55426,-7.94831],[111.55439,-7.94858],[111.55594,-7.94863]],[[111.61673,-7.94909],[111.61678,-7.94896],[111.61686,-7.94793],[111.61716,-7.9477],[111.61712,-7.94745],[111.61661,-7.94733],[111.61611,-7.94762],[111.61551,-7.94745],[111.61588,-7.94683],[111.61579,-7.94615],[111.61557,-7.94598],[111.61485,-7.94625],[111.61399,-7.94703],[111.61388,-7.94742],[111.61339,-7.94799],[111.6137,-7.94823],[111.61462,-7.94781],[111.61541,-7.94791],[111.61551,-7.94856],[111.61597,-7.94876],[111.61646,-7.94904],[111.61673,-7.94909]],[[111.56438,-7.94916],[111.56442,-7.94911],[111.56478,-7.94901],[111.56463,-7.9483],[111.56381,-7.94822],[111.56371,-7.94853],[111.56397,-7.94872],[111.56406,-7.94912],[111.56438,-7.94916]],[[111.6249,-7.95016],[111.62497,-7.95007],[111.62561,-7.9498],[111.62556,-7.9494],[111.62469,-7.94951],[111.62445,-7.94998],[111.6249,-7.95016]],[[111.62191,-7.95062],[111.62194,-7.95056],[111.62275,-7.9504],[111.62285,-7.95002],[111.62132,-7.94995],[111.62123,-7.95058],[111.62191,-7.95062]],[[111.56302,-7.95106],[111.56306,-7.95101],[111.56425,-7.95088],[111.56433,-7.95006],[111.56276,-7.95019],[111.56283,-7.951],[111.56302,-7.95106]],[[111.62427,-7.95143],[111.62431,-7.9512],[111.62481,-7.95105],[111.62509,-7.95042],[111.62487,-7.95024],[111.62459,-7.95057],[111.62443,-7.95071],[111.62341,-7.95086],[111.62359,-7.95102],[111.6237,-7.95126],[111.62427,-7.95143]],[[111.56202,-7.94898],[111.56298,-7.94905],[111.56295,-7.94827],[111.56307,-7.94738],[111.5656,-7.94658],[111.56571,-7.94636],[111.56642,-7.94622],[111.56651,-7.9456],[111.56604,-7.9455],[111.56579,-7.94577],[111.56391,-7.94606],[111.56299,-7.94603],[111.5626,-7.94632],[111.56187,-7.9465],[111.56198,-7.94749],[111.56202,-7.94898],[111.5617,-7.94894],[111.56152,-7.94885],[111.56094,-7.94876],[111.56072,-7.94945],[111.55988,-7.94976],[111.5599,-7.94867],[111.55963,-7.94842],[111.55737,-7.95055],[111.55699,-7.95125],[111.55723,-7.95139],[111.55898,-7.94984],[111.55917,-7.94994],[111.55981,-7.94993],[111.5598,-7.95076],[111.5592,-7.95105],[111.55908,-7.95157],[111.55966,-7.95156],[111.56055,-7.95133],[111.56091,-7.95042],[111.56142,-7.95017],[111.56155,-7.94977],[111.56198,-7.94966],[111.56202,-7.94898]],[[111.61229,-7.95163],[111.61235,-7.95143],[111.61288,-7.95122],[111.61301,-7.95067],[111.61319,-7.95033],[111.61277,-7.95012],[111.61252,-7.94959],[111.61223,-7.94913],[111.6118,-7.94915],[111.61116,-7.94966],[111.61027,-7.94935],[111.60996,-7.94951],[111.60979,-7.95005],[111.60961,-7.95014],[111.60952,-7.95033],[111.60924,-7.95059],[111.60925,-7.95103],[111.61143,-7.95094],[111.61182,-7.95095],[111.61197,-7.95158],[111.61229,-7.95163]],[[111.55558,-7.95198],[111.55568,-7.95154],[111.55427,-7.9507],[111.55393,-7.95089],[111.55377,-7.9511],[111.55416,-7.95141],[111.55439,-7.95127],[111.55481,-7.95158],[111.55558,-7.95198]],[[111.62191,-7.95252],[111.62222,-7.95224],[111.62231,-7.95192],[111.6225,-7.95193],[111.62318,-7.95163],[111.62333,-7.95112],[111.6232,-7.95103],[111.62282,-7.95146],[111.62195,-7.95156],[111.62149,-7.95176],[111.62152,-7.95209],[111.62125,-7.95246],[111.62191,-7.95252]],[[111.54233,-7.94919],[111.54238,-7.94906],[111.54247,-7.94817],[111.54356,-7.94798],[111.54512,-7.94791],[111.54585,-7.94858],[111.54659,-7.94938],[111.54742,-7.94905],[111.55019,-7.94775],[111.54998,-7.94673],[111.55001,-7.94589],[111.54972,-7.94574],[111.54891,-7.94557],[111.54878,-7.94679],[111.54818,-7.94715],[111.54723,-7.94786],[111.54675,-7.94887],[111.54663,-7.94877],[111.54674,-7.94805],[111.54565,-7.94747],[111.54582,-7.94625],[111.5467,-7.94605],[111.54651,-7.94526],[111.54566,-7.94523],[111.54547,-7.94543],[111.54445,-7.94552],[111.54407,-7.94612],[111.54383,-7.94562],[111.54361,-7.94561],[111.54169,-7.94632],[111.54046,-7.94655],[111.5392,-7.94644],[111.53783,-7.94626],[111.53721,-7.94624],[111.53729,-7.94662],[111.53739,-7.94662],[111.53866,-7.94689],[111.53894,-7.94764],[111.53958,-7.94789],[111.53988,-7.94928],[111.5391,-7.94932],[111.53903,-7.94952],[111.53967,-7.94968],[111.53988,-7.94928],[111.54048,-7.9494],[111.54046,-7.9498],[111.54192,-7.95019],[111.54183,-7.95258],[111.54273,-7.95267],[111.54284,-7.95211],[111.54255,-7.95185],[111.54258,-7.95117],[111.54246,-7.94931],[111.54233,-7.94919]],[[111.60712,-7.95381],[111.60716,-7.95376],[111.6074,-7.95365],[111.60753,-7.95344],[111.60696,-7.95296],[111.60671,-7.95261],[111.60796,-7.95214],[111.60807,-7.95124],[111.60735,-7.9515],[111.60658,-7.95164],[111.60553,-7.95156],[111.60542,-7.9524],[111.60573,-7.95296],[111.60667,-7.95376],[111.60712,-7.95381]],[[111.54034,-7.95399],[111.54072,-7.95364],[111.54097,-7.95335],[111.54111,-7.95282],[111.53958,-7.95268],[111.53948,-7.95344],[111.54007,-7.95394],[111.54034,-7.95399]],[[111.55922,-7.95414],[111.55926,-7.9541],[111.56044,-7.95368],[111.56053,-7.95318],[111.56154,-7.95287],[111.56129,-7.95196],[111.56037,-7.95234],[111.55931,-7.95259],[111.5584,-7.95292],[111.55883,-7.95409],[111.55922,-7.95414]],[[111.624,-7.95414],[111.62413,-7.95395],[111.62468,-7.95408],[111.62477,-7.9534],[111.62496,-7.95311],[111.62503,-7.95287],[111.62474,-7.95267],[111.62422,-7.95279],[111.62414,-7.95338],[111.62385,-7.95373],[111.62378,-7.95399],[111.624,-7.95414]],[[111.61774,-7.95524],[111.61804,-7.95395],[111.61631,-7.95371],[111.61521,-7.95376],[111.61481,-7.95397],[111.6147,-7.95419],[111.6166,-7.95432],[111.61669,-7.95493],[111.61719,-7.95516],[111.61774,-7.95524]],[[111.61193,-7.95642],[111.61209,-7.95553],[111.61239,-7.95477],[111.61197,-7.95451],[111.61144,-7.95521],[111.61134,-7.95529],[111.61126,-7.95634],[111.61193,-7.95642]],[[111.61711,-7.95732],[111.61676,-7.956],[111.61517,-7.95574],[111.61504,-7.95661],[111.61586,-7.95684],[111.616,-7.95727],[111.61711,-7.95732]],[[111.61457,-7.95732],[111.6146,-7.95664],[111.61472,-7.95595],[111.61376,-7.95579],[111.61389,-7.9551],[111.61333,-7.95502],[111.61282,-7.95596],[111.61271,-7.95672],[111.61326,-7.95687],[111.61407,-7.95724],[111.61457,-7.95732]],[[111.60795,-7.95869],[111.60935,-7.95719],[111.60945,-7.95698],[111.60944,-7.95601],[111.61041,-7.95554],[111.6092,-7.95406],[111.6087,-7.95394],[111.60747,-7.95436],[111.60735,-7.95449],[111.60694,-7.95448],[111.60535,-7.95376],[111.60471,-7.95351],[111.60472,-7.95383],[111.60377,-7.95414],[111.60341,-7.95545],[111.603,-7.95654],[111.60362,-7.95674],[111.60387,-7.95687],[111.6042,-7.95664],[111.60486,-7.95678],[111.60594,-7.95653],[111.60635,-7.95611],[111.60657,-7.95602],[111.60717,-7.95647],[111.60742,-7.95656],[111.60773,-7.9553],[111.60852,-7.95521],[111.60907,-7.95591],[111.60844,-7.95629],[111.60762,-7.95762],[111.60763,-7.95839],[111.60795,-7.95869]],[[111.60459,-7.95869],[111.60465,-7.95854],[111.6046,-7.95818],[111.60431,-7.95777],[111.60354,-7.95752],[111.60307,-7.95718],[111.60244,-7.95755],[111.60268,-7.95796],[111.60345,-7.95786],[111.60372,-7.9582],[111.60391,-7.95828],[111.60427,-7.95856],[111.60459,-7.95869]],[[111.55251,-7.96003],[111.55282,-7.95959],[111.55323,-7.95973],[111.5537,-7.9596],[111.5561,-7.95943],[111.55609,-7.95917],[111.55449,-7.95904],[111.55338,-7.95924],[111.55131,-7.95877],[111.5511,-7.9591],[111.55056,-7.95907],[111.55021,-7.95967],[111.5504,-7.95981],[111.55085,-7.95957],[111.55251,-7.96003]],[[111.54616,-7.96022],[111.54638,-7.95914],[111.54582,-7.95878],[111.54609,-7.95812],[111.54638,-7.95873],[111.54957,-7.95926],[111.54975,-7.95889],[111.5503,-7.95891],[111.55059,-7.95789],[111.54983,-7.95745],[111.54912,-7.95711],[111.54683,-7.95701],[111.54675,-7.95648],[111.54874,-7.95638],[111.54883,-7.95575],[111.54765,-7.95561],[111.54699,-7.95544],[111.54702,-7.95451],[111.54884,-7.95458],[111.5488,-7.95545],[111.54897,-7.9556],[111.55047,-7.95576],[111.55208,-7.9556],[111.55228,-7.95515],[111.55135,-7.95498],[111.55139,-7.95385],[111.55193,-7.95375],[111.55191,-7.95429],[111.55245,-7.95438],[111.55254,-7.95307],[111.55185,-7.95293],[111.55172,-7.95333],[111.55049,-7.9531],[111.54998,-7.95312],[111.55001,-7.95384],[111.54987,-7.95397],[111.5488,-7.95411],[111.54856,-7.9538],[111.54939,-7.95333],[111.54982,-7.95313],[111.55018,-7.95257],[111.55054,-7.95258],[111.55069,-7.95242],[111.55147,-7.95122],[111.55282,-7.95112],[111.55292,-7.95081],[111.55279,-7.95022],[111.55135,-7.95005],[111.55115,-7.9507],[111.55047,-7.95102],[111.54934,-7.95206],[111.54946,-7.9523],[111.54946,-7.95242],[111.54715,-7.95304],[111.54503,-7.95334],[111.5447,-7.95269],[111.54395,-7.95258],[111.54383,-7.95297],[111.54388,-7.95428],[111.54414,-7.9544],[111.54465,-7.9543],[111.54638,-7.95407],[111.54636,-7.95472],[111.54592,-7.95493],[111.54584,-7.95581],[111.54629,-7.95595],[111.54638,-7.95699],[111.54587,-7.95711],[111.54553,-7.95791],[111.54484,-7.95801],[111.54466,-7.95833],[111.54494,-7.95873],[111.54474,-7.9591],[111.54425,-7.95909],[111.54394,-7.95979],[111.54442,-7.9601],[111.54508,-7.96008],[111.54548,-7.96018],[111.54616,-7.96022]],[[111.63399,-7.96127],[111.63407,-7.96106],[111.63388,-7.96093],[111.63373,-7.96071],[111.63382,-7.96027],[111.63368,-7.96015],[111.63356,-7.96075],[111.63369,-7.96106],[111.63399,-7.96127]],[[111.6319,-7.96155],[111.63194,-7.9615],[111.6327,-7.96112],[111.63266,-7.96064],[111.6327,-7.96023],[111.63266,-7.9598],[111.63322,-7.95969],[111.63333,-7.95957],[111.63326,-7.95897],[111.63198,-7.95907],[111.63163,-7.95927],[111.63168,-7.95982],[111.63187,-7.96017],[111.63229,-7.96013],[111.6324,-7.96017],[111.6321,-7.96042],[111.63223,-7.96091],[111.63126,-7.96109],[111.63113,-7.96148],[111.6319,-7.96155]],[[111.58146,-7.96126],[111.58141,-7.96103],[111.58132,-7.96085],[111.58145,-7.96022],[111.58025,-7.95997],[111.58009,-7.96048],[111.57986,-7.96058],[111.57978,-7.96115],[111.58044,-7.96131],[111.58146,-7.96126],[111.58129,-7.96183],[111.58191,-7.96196],[111.58213,-7.96151],[111.58146,-7.96126]],[[111.63517,-7.96236],[111.63513,-7.96204],[111.63472,-7.96194],[111.63421,-7.96198],[111.63422,-7.96221],[111.63517,-7.96236]],[[111.64052,-7.96262],[111.64056,-7.96257],[111.64102,-7.96244],[111.64111,-7.96193],[111.64131,-7.96166],[111.64017,-7.96159],[111.64003,-7.96196],[111.64065,-7.96187],[111.64074,-7.96228],[111.6402,-7.96248],[111.64012,-7.96257],[111.64052,-7.96262]],[[111.64551,-7.9627],[111.64583,-7.96236],[111.64592,-7.96184],[111.64627,-7.96173],[111.6464,-7.96113],[111.64549,-7.96125],[111.64561,-7.96218],[111.64528,-7.96238],[111.6452,-7.96265],[111.64551,-7.9627]],[[111.64842,-7.9636],[111.64851,-7.96304],[111.64831,-7.96289],[111.64798,-7.96294],[111.64802,-7.96324],[111.64802,-7.96349],[111.64842,-7.9636]],[[111.61031,-7.96402],[111.61035,-7.96397],[111.61122,-7.96387],[111.61249,-7.96357],[111.6124,-7.96271],[111.61097,-7.96262],[111.6095,-7.96309],[111.60955,-7.96359],[111.61009,-7.96379],[111.61017,-7.96398],[111.61031,-7.96402]],[[111.62964,-7.96444],[111.62996,-7.96404],[111.63048,-7.96283],[111.63006,-7.96266],[111.62971,-7.96269],[111.62904,-7.96321],[111.62887,-7.96366],[111.62914,-7.96403],[111.62923,-7.9644],[111.62964,-7.96444]],[[111.57955,-7.9647],[111.57964,-7.9646],[111.58025,-7.96442],[111.58113,-7.96428],[111.58129,-7.96355],[111.58091,-7.96307],[111.58122,-7.96203],[111.57947,-7.96184],[111.57911,-7.96246],[111.57879,-7.96261],[111.57865,-7.9632],[111.57805,-7.9633],[111.57794,-7.96354],[111.57802,-7.9645],[111.57888,-7.96465],[111.57955,-7.9647]],[[111.60178,-7.96494],[111.60183,-7.96489],[111.60245,-7.96478],[111.60362,-7.9638],[111.60373,-7.9634],[111.60327,-7.96311],[111.60283,-7.96336],[111.60221,-7.96363],[111.6018,-7.96392],[111.60184,-7.9643],[111.60146,-7.96463],[111.60148,-7.96488],[111.60178,-7.96494]],[[111.64615,-7.96605],[111.64628,-7.9659],[111.64648,-7.96573],[111.64672,-7.96534],[111.64686,-7.96421],[111.64662,-7.96402],[111.64645,-7.96423],[111.64622,-7.96523],[111.64598,-7.96555],[111.64566,-7.96537],[111.64481,-7.96528],[111.64459,-7.96555],[111.64448,-7.9659],[111.64504,-7.96569],[111.6456,-7.966],[111.64615,-7.96605]],[[111.56404,-7.96617],[111.56437,-7.96565],[111.56456,-7.96547],[111.56546,-7.96513],[111.56622,-7.96552],[111.56744,-7.96499],[111.56803,-7.96454],[111.5682,-7.96367],[111.56859,-7.9627],[111.56828,-7.96259],[111.56653,-7.96413],[111.56611,-7.96402],[111.5645,-7.9632],[111.56424,-7.96333],[111.56361,-7.96322],[111.56313,-7.96387],[111.56118,-7.96354],[111.56109,-7.96287],[111.5602,-7.96268],[111.55944,-7.96152],[111.55854,-7.96143],[111.5581,-7.96043],[111.55718,-7.96045],[111.55772,-7.96149],[111.55787,-7.96197],[111.55667,-7.96121],[111.55567,-7.96062],[111.5555,-7.96113],[111.55609,-7.96148],[111.55619,-7.96188],[111.55505,-7.96207],[111.55291,-7.96225],[111.55255,-7.96244],[111.55172,-7.96243],[111.55129,-7.96404],[111.55198,-7.96418],[111.55229,-7.96397],[111.55338,-7.96388],[111.5537,-7.96421],[111.5553,-7.96404],[111.55654,-7.96366],[111.55664,-7.96387],[111.55752,-7.96406],[111.55765,-7.96553],[111.55807,-7.96577],[111.55883,-7.96531],[111.55914,-7.96532],[111.56073,-7.96604],[111.56108,-7.96586],[111.56139,-7.96576],[111.56195,-7.96577],[111.5633,-7.96564],[111.5639,-7.96612],[111.56404,-7.96617]],[[111.55642,-7.96618],[111.55647,-7.96586],[111.55631,-7.96544],[111.55556,-7.96532],[111.55547,-7.96608],[111.55642,-7.96618]],[[111.54952,-7.96619],[111.54957,-7.9656],[111.5503,-7.96543],[111.55042,-7.96395],[111.55001,-7.9637],[111.54805,-7.96326],[111.54736,-7.96237],[111.54721,-7.96271],[111.54667,-7.96281],[111.54658,-7.96342],[111.54705,-7.96352],[111.54721,-7.96495],[111.548,-7.96505],[111.54812,-7.96468],[111.54915,-7.96486],[111.54908,-7.96568],[111.54811,-7.96551],[111.54803,-7.96599],[111.54952,-7.96619]],[[111.63336,-7.9667],[111.63359,-7.96657],[111.63368,-7.9664],[111.63313,-7.9663],[111.63305,-7.96608],[111.63483,-7.96559],[111.63494,-7.96522],[111.63389,-7.96544],[111.63224,-7.96634],[111.63214,-7.96666],[111.63336,-7.9667]],[[111.65033,-7.96722],[111.65037,-7.96717],[111.65101,-7.96708],[111.65109,-7.96681],[111.64981,-7.96694],[111.64983,-7.96717],[111.65033,-7.96722]],[[111.64806,-7.96776],[111.6481,-7.96771],[111.64861,-7.96743],[111.64852,-7.96703],[111.64819,-7.96691],[111.64794,-7.96675],[111.64816,-7.96603],[111.64751,-7.96586],[111.64739,-7.96596],[111.64765,-7.96614],[111.64773,-7.96652],[111.64755,-7.96727],[111.64759,-7.96745],[111.64806,-7.96776]],[[111.61884,-7.96482],[111.61875,-7.96482],[111.61875,-7.96491],[111.61865,-7.96494],[111.61872,-7.96502],[111.61875,-7.96491],[111.61884,-7.96491],[111.61884,-7.96482],[111.61907,-7.96496],[111.62011,-7.96589],[111.62089,-7.96537],[111.62185,-7.96454],[111.62126,-7.96324],[111.62186,-7.96237],[111.62236,-7.96151],[111.62257,-7.96152],[111.62369,-7.96251],[111.6245,-7.96311],[111.62517,-7.96323],[111.62551,-7.96304],[111.62519,-7.96273],[111.62473,-7.96289],[111.62437,-7.96271],[111.62415,-7.96219],[111.62445,-7.96174],[111.62504,-7.96155],[111.62514,-7.96024],[111.62569,-7.96025],[111.62568,-7.96011],[111.62512,-7.95997],[111.6248,-7.95998],[111.62469,-7.96142],[111.62459,-7.96152],[111.62415,-7.96151],[111.62406,-7.96179],[111.62388,-7.96206],[111.62281,-7.9611],[111.62163,-7.96068],[111.62194,-7.95945],[111.62223,-7.95918],[111.62243,-7.95887],[111.62278,-7.95799],[111.6229,-7.95775],[111.6241,-7.9582],[111.62441,-7.95733],[111.62378,-7.95683],[111.62281,-7.95623],[111.62266,-7.95639],[111.62209,-7.95757],[111.62122,-7.95735],[111.62072,-7.95736],[111.6206,-7.95773],[111.62082,-7.95837],[111.62161,-7.95862],[111.6216,-7.95899],[111.62133,-7.95925],[111.62119,-7.95982],[111.61781,-7.95971],[111.61652,-7.95984],[111.61643,-7.95845],[111.61588,-7.95836],[111.61579,-7.95817],[111.61489,-7.95819],[111.6147,-7.95791],[111.61297,-7.95782],[111.61235,-7.95783],[111.61216,-7.95719],[111.61174,-7.9571],[111.61162,-7.95773],[111.61135,-7.95782],[111.61126,-7.95803],[111.61234,-7.95843],[111.61244,-7.95882],[111.61199,-7.95904],[111.61219,-7.96063],[111.60959,-7.96058],[111.60976,-7.9594],[111.6099,-7.95927],[111.60999,-7.95881],[111.61108,-7.95883],[111.61118,-7.95838],[111.61094,-7.95815],[111.60994,-7.95791],[111.60931,-7.95792],[111.60914,-7.95947],[111.60879,-7.96098],[111.6089,-7.96108],[111.60878,-7.96182],[111.60971,-7.9618],[111.61034,-7.96129],[111.61081,-7.96153],[111.61168,-7.9617],[111.61338,-7.96129],[111.61334,-7.95948],[111.61405,-7.95936],[111.61424,-7.96012],[111.61398,-7.96063],[111.61399,-7.96091],[111.61426,-7.96117],[111.61437,-7.96152],[111.61525,-7.96162],[111.61534,-7.96243],[111.61556,-7.96252],[111.61734,-7.96215],[111.61884,-7.96197],[111.61928,-7.96118],[111.61983,-7.96155],[111.62055,-7.96229],[111.62024,-7.9628],[111.61885,-7.96372],[111.61771,-7.9649],[111.6162,-7.96441],[111.61607,-7.96415],[111.61525,-7.96384],[111.61526,-7.96356],[111.61434,-7.96334],[111.61408,-7.96361],[111.61353,-7.9637],[111.6133,-7.96417],[111.61409,-7.96461],[111.61508,-7.96485],[111.61507,-7.96541],[111.61608,-7.96578],[111.61607,-7.96631],[111.61629,-7.96675],[111.61673,-7.96696],[111.61657,-7.96775],[111.61731,-7.96799],[111.61761,-7.96768],[111.61771,-7.9661],[111.61708,-7.96573],[111.61757,-7.96509],[111.61799,-7.96524],[111.61862,-7.9646],[111.61884,-7.96482]],[[111.57176,-7.96914],[111.5719,-7.96873],[111.57126,-7.96801],[111.57067,-7.96727],[111.56961,-7.96668],[111.56899,-7.96639],[111.56886,-7.96563],[111.56918,-7.96409],[111.56967,-7.96362],[111.57034,-7.96376],[111.571,-7.96385],[111.57134,-7.96367],[111.57212,-7.96348],[111.57225,-7.96321],[111.57283,-7.96304],[111.57301,-7.96361],[111.57314,-7.96376],[111.5744,-7.96347],[111.57479,-7.96294],[111.57564,-7.962],[111.57548,-7.96138],[111.57636,-7.96086],[111.57703,-7.96122],[111.57753,-7.96083],[111.57737,-7.96038],[111.57687,-7.96059],[111.5764,-7.9603],[111.57532,-7.96087],[111.57499,-7.96086],[111.57371,-7.96144],[111.57361,-7.96181],[111.57425,-7.96231],[111.57424,-7.9625],[111.57344,-7.96302],[111.57334,-7.96258],[111.5713,-7.9625],[111.57034,-7.9627],[111.56929,-7.96316],[111.56886,-7.96362],[111.56837,-7.96437],[111.56798,-7.96559],[111.56731,-7.96548],[111.56712,-7.96647],[111.56873,-7.96668],[111.57002,-7.96779],[111.5702,-7.96818],[111.57084,-7.96877],[111.57141,-7.96903],[111.57176,-7.96914]],[[111.55125,-7.96917],[111.55157,-7.96894],[111.55069,-7.96793],[111.55039,-7.96806],[111.55103,-7.96897],[111.55125,-7.96917]],[[111.54726,-7.96917],[111.54721,-7.96832],[111.54633,-7.96823],[111.54609,-7.96899],[111.54713,-7.96913],[111.54726,-7.96917]],[[111.65206,-7.96957],[111.6521,-7.96952],[111.65266,-7.96917],[111.65282,-7.96879],[111.653,-7.96865],[111.65309,-7.96842],[111.65246,-7.9685],[111.65237,-7.96895],[111.6524,-7.96924],[111.65173,-7.96934],[111.65165,-7.96952],[111.65206,-7.96957]],[[111.60796,-7.96963],[111.608,-7.96959],[111.60876,-7.96927],[111.61091,-7.96892],[111.6109,-7.9685],[111.61039,-7.96788],[111.61016,-7.96767],[111.60933,-7.96788],[111.60849,-7.96785],[111.60763,-7.96814],[111.60746,-7.96795],[111.60638,-7.968],[111.60628,-7.96858],[111.60738,-7.96892],[111.60736,-7.96959],[111.60796,-7.96963]],[[111.62829,-7.97069],[111.62868,-7.9697],[111.62838,-7.96947],[111.62789,-7.97057],[111.62829,-7.97069]],[[111.65106,-7.97074],[111.65099,-7.97029],[111.65135,-7.97013],[111.65109,-7.96867],[111.65038,-7.9688],[111.64922,-7.96889],[111.64911,-7.96927],[111.64965,-7.96951],[111.65002,-7.96924],[111.6508,-7.9693],[111.65092,-7.96974],[111.65056,-7.96997],[111.65047,-7.97019],[111.65075,-7.97069],[111.65106,-7.97074]],[[111.63645,-7.97086],[111.63661,-7.97067],[111.63722,-7.97049],[111.63702,-7.96994],[111.63668,-7.96966],[111.63659,-7.96939],[111.63702,-7.96926],[111.63713,-7.96895],[111.6363,-7.96864],[111.63611,-7.96822],[111.63623,-7.968],[111.63688,-7.96805],[111.63713,-7.96791],[111.63731,-7.96723],[111.63661,-7.9668],[111.63595,-7.96717],[111.63568,-7.96819],[111.63536,-7.96917],[111.63559,-7.96972],[111.63568,-7.97036],[111.636,-7.97078],[111.63645,-7.97086]],[[111.54935,-7.97098],[111.54948,-7.97048],[111.5503,-7.97039],[111.55039,-7.97024],[111.54996,-7.96875],[111.54978,-7.96731],[111.54916,-7.96733],[111.54885,-7.96795],[111.54866,-7.96804],[111.54848,-7.96968],[111.54498,-7.96962],[111.54484,-7.96947],[111.54305,-7.96951],[111.54295,-7.97022],[111.54531,-7.97031],[111.54543,-7.97068],[111.54745,-7.97092],[111.54935,-7.97098]],[[111.64417,-7.97093],[111.64439,-7.97038],[111.64384,-7.97026],[111.64376,-7.96997],[111.64438,-7.96969],[111.64441,-7.96935],[111.64301,-7.96964],[111.64304,-7.97003],[111.64322,-7.97035],[111.64341,-7.97086],[111.64417,-7.97093]],[[111.62729,-7.97096],[111.62786,-7.97054],[111.62744,-7.97002],[111.62752,-7.96938],[111.62738,-7.96867],[111.62672,-7.96839],[111.62643,-7.96875],[111.62581,-7.96884],[111.6257,-7.9692],[111.6267,-7.96937],[111.62678,-7.97056],[111.62702,-7.97089],[111.62729,-7.97096]],[[111.61105,-7.97162],[111.61109,-7.97157],[111.61183,-7.97149],[111.61217,-7.97123],[111.61227,-7.97058],[111.61196,-7.96987],[111.61119,-7.96974],[111.61044,-7.97003],[111.60978,-7.97014],[111.60984,-7.97055],[111.61016,-7.97111],[111.61056,-7.97157],[111.61105,-7.97162]],[[111.6252,-7.97178],[111.6257,-7.97145],[111.62608,-7.97149],[111.62624,-7.97068],[111.62584,-7.96976],[111.62488,-7.96997],[111.62415,-7.97046],[111.62407,-7.97072],[111.62501,-7.97084],[111.62492,-7.9717],[111.6252,-7.97178]],[[111.63192,-7.97204],[111.63216,-7.97119],[111.63213,-7.97096],[111.63182,-7.97073],[111.63169,-7.97119],[111.63161,-7.97195],[111.63192,-7.97204]],[[111.63473,-7.97213],[111.63478,-7.97207],[111.63525,-7.97185],[111.63513,-7.97161],[111.63335,-7.97162],[111.63324,-7.97207],[111.63473,-7.97213]],[[111.62938,-7.97222],[111.62948,-7.97197],[111.62929,-7.97137],[111.62899,-7.97128],[111.62889,-7.97155],[111.62859,-7.97172],[111.62891,-7.9721],[111.62938,-7.97222]],[[111.61305,-7.97225],[111.61309,-7.9722],[111.61373,-7.97202],[111.61431,-7.97139],[111.6152,-7.97207],[111.61556,-7.97182],[111.61541,-7.97123],[111.61615,-7.97081],[111.61567,-7.96965],[111.61469,-7.96999],[111.61422,-7.96963],[111.61492,-7.96849],[111.61524,-7.96769],[111.61535,-7.96652],[111.61484,-7.9664],[111.61472,-7.96614],[111.61363,-7.96585],[111.61189,-7.96532],[111.61191,-7.9648],[111.61121,-7.9647],[111.61074,-7.96502],[111.61059,-7.96584],[111.61073,-7.9669],[111.61248,-7.9685],[111.6133,-7.96867],[111.61345,-7.96822],[111.61379,-7.96811],[111.61399,-7.9683],[111.61315,-7.9699],[111.61345,-7.9705],[111.61291,-7.97075],[111.6124,-7.97168],[111.61257,-7.97218],[111.61305,-7.97225]],[[111.64979,-7.97274],[111.64988,-7.9723],[111.65023,-7.97214],[111.65019,-7.97119],[111.6496,-7.97097],[111.64939,-7.97143],[111.64858,-7.9714],[111.64848,-7.97096],[111.64896,-7.97074],[111.64911,-7.97044],[111.64838,-7.97034],[111.64829,-7.97016],[111.64794,-7.97017],[111.64784,-7.97086],[111.6483,-7.97097],[111.64838,-7.97161],[111.64849,-7.97203],[111.64887,-7.9722],[111.64947,-7.97269],[111.64979,-7.97274]],[[111.63001,-7.97322],[111.63048,-7.97284],[111.63097,-7.9727],[111.63123,-7.97252],[111.63051,-7.97236],[111.62998,-7.97221],[111.62988,-7.97255],[111.62966,-7.97285],[111.62985,-7.97317],[111.63001,-7.97322]],[[111.66114,-7.97344],[111.66125,-7.97315],[111.66109,-7.97194],[111.66096,-7.97196],[111.66082,-7.97213],[111.66029,-7.97225],[111.65999,-7.97183],[111.65967,-7.97187],[111.65984,-7.97215],[111.66071,-7.97267],[111.66099,-7.97332],[111.66114,-7.97344]],[[111.63374,-7.97366],[111.63378,-7.97362],[111.63451,-7.97342],[111.63495,-7.9731],[111.63505,-7.97291],[111.63413,-7.9725],[111.63322,-7.97275],[111.6326,-7.97328],[111.63338,-7.97362],[111.63374,-7.97366]],[[111.57775,-7.97384],[111.57779,-7.97379],[111.57811,-7.97369],[111.5777,-7.97279],[111.57575,-7.97262],[111.57592,-7.97293],[111.57676,-7.9733],[111.57734,-7.9738],[111.57775,-7.97384]],[[111.64726,-7.9741],[111.6474,-7.97377],[111.64737,-7.97325],[111.64695,-7.97312],[111.64673,-7.97195],[111.64639,-7.97197],[111.6463,-7.9717],[111.64603,-7.97158],[111.64583,-7.97049],[111.64516,-7.97053],[111.64503,-7.97025],[111.64482,-7.97026],[111.64487,-7.97107],[111.64466,-7.97125],[111.64467,-7.97153],[111.64503,-7.97151],[111.64526,-7.97326],[111.64659,-7.97306],[111.64675,-7.97342],[111.64699,-7.97353],[111.64712,-7.97405],[111.64726,-7.9741]],[[111.61078,-7.97415],[111.61086,-7.97388],[111.61193,-7.97339],[111.61192,-7.9729],[111.61138,-7.97294],[111.61006,-7.97353],[111.61021,-7.97408],[111.61078,-7.97415]],[[111.62839,-7.97575],[111.62848,-7.97565],[111.62944,-7.97538],[111.62942,-7.97501],[111.62914,-7.9746],[111.62814,-7.97464],[111.62753,-7.97451],[111.62743,-7.97483],[111.62674,-7.97465],[111.62618,-7.97427],[111.62605,-7.97372],[111.62487,-7.97309],[111.62457,-7.97342],[111.6248,-7.97463],[111.62524,-7.97517],[111.6269,-7.97526],[111.62799,-7.9757],[111.62839,-7.97575]],[[111.63882,-7.9761],[111.63896,-7.97587],[111.63869,-7.97495],[111.63887,-7.97442],[111.63905,-7.97424],[111.6398,-7.97406],[111.64041,-7.97406],[111.64059,-7.97369],[111.64058,-7.97347],[111.64026,-7.97299],[111.64113,-7.97289],[111.64122,-7.97281],[111.64054,-7.9727],[111.6408,-7.9722],[111.64069,-7.97207],[111.64004,-7.97308],[111.63977,-7.97333],[111.63951,-7.97388],[111.63919,-7.97403],[111.63858,-7.97379],[111.63841,-7.9738],[111.63872,-7.9741],[111.63838,-7.97456],[111.63871,-7.976],[111.63882,-7.9761]],[[111.6067,-7.97633],[111.60674,-7.9761],[111.60715,-7.97503],[111.60753,-7.97486],[111.60801,-7.97452],[111.60859,-7.97388],[111.60921,-7.97299],[111.61044,-7.97306],[111.61065,-7.97272],[111.61063,-7.9723],[111.61065,-7.97184],[111.60966,-7.97176],[111.60941,-7.97256],[111.60908,-7.97266],[111.60916,-7.97129],[111.60874,-7.97132],[111.60864,-7.97201],[111.60748,-7.97222],[111.60738,-7.97286],[111.60817,-7.97322],[111.60776,-7.97395],[111.60647,-7.97371],[111.60638,-7.97293],[111.606,-7.97285],[111.60416,-7.97305],[111.60402,-7.97324],[111.60438,-7.97356],[111.60449,-7.97389],[111.60592,-7.97428],[111.60602,-7.975],[111.60484,-7.97511],[111.60445,-7.97521],[111.60448,-7.97577],[111.60624,-7.97595],[111.60654,-7.97628],[111.6067,-7.97633]],[[111.64254,-7.97673],[111.64258,-7.97605],[111.64268,-7.97587],[111.64276,-7.97541],[111.64282,-7.97533],[111.64295,-7.9756],[111.64306,-7.9757],[111.64383,-7.97567],[111.64447,-7.97606],[111.64473,-7.97592],[111.64419,-7.97529],[111.6434,-7.97514],[111.64326,-7.975],[111.64308,-7.9752],[111.64204,-7.97496],[111.64131,-7.97433],[111.64098,-7.97411],[111.64113,-7.97397],[111.64102,-7.97388],[111.64061,-7.9741],[111.64113,-7.9746],[111.64162,-7.97499],[111.64195,-7.97514],[111.64205,-7.97566],[111.64249,-7.9758],[111.64224,-7.97627],[111.64121,-7.97588],[111.64123,-7.97625],[111.64196,-7.97624],[111.64194,-7.97668],[111.64254,-7.97673]],[[111.62013,-7.97676],[111.62036,-7.97626],[111.62004,-7.97612],[111.61976,-7.97541],[111.61946,-7.97398],[111.61891,-7.97403],[111.61846,-7.97502],[111.61836,-7.97596],[111.61945,-7.97658],[111.62013,-7.97676]],[[111.64644,-7.97762],[111.64653,-7.97752],[111.64677,-7.97733],[111.64776,-7.97718],[111.64784,-7.97625],[111.64705,-7.97608],[111.64667,-7.97623],[111.64627,-7.97632],[111.64634,-7.97693],[111.64586,-7.97723],[111.64644,-7.97762]],[[111.59182,-7.97789],[111.59186,-7.97784],[111.59264,-7.97741],[111.59363,-7.97711],[111.59408,-7.97658],[111.5943,-7.97584],[111.59476,-7.97519],[111.59494,-7.97355],[111.59418,-7.97338],[111.59341,-7.97359],[111.5926,-7.97369],[111.59249,-7.97449],[111.59059,-7.97434],[111.59021,-7.97461],[111.59026,-7.97528],[111.59132,-7.97585],[111.59169,-7.97611],[111.59204,-7.97652],[111.59117,-7.97713],[111.59105,-7.97743],[111.59147,-7.97778],[111.59182,-7.97789]],[[111.64282,-7.97953],[111.64286,-7.9793],[111.64314,-7.97922],[111.64324,-7.97815],[111.64359,-7.97804],[111.64367,-7.97792],[111.6434,-7.97769],[111.64329,-7.97697],[111.64218,-7.97707],[111.64171,-7.97703],[111.64159,-7.97738],[111.64201,-7.97751],[111.64234,-7.9775],[111.64268,-7.97784],[111.64277,-7.97833],[111.6425,-7.97856],[111.64241,-7.97936],[111.64282,-7.97953]],[[111.58956,-7.98015],[111.58948,-7.97937],[111.5896,-7.97902],[111.58972,-7.9784],[111.58915,-7.97784],[111.58831,-7.97739],[111.58771,-7.97741],[111.5875,-7.97818],[111.58517,-7.97743],[111.58505,-7.97669],[111.58425,-7.97656],[111.58415,-7.97561],[111.58356,-7.97524],[111.58187,-7.97513],[111.58152,-7.97467],[111.58207,-7.97416],[111.58287,-7.97406],[111.58298,-7.97483],[111.58397,-7.97514],[111.58425,-7.97533],[111.58594,-7.97526],[111.5875,-7.97555],[111.58766,-7.97488],[111.58791,-7.97465],[111.58842,-7.97441],[111.5885,-7.97408],[111.58821,-7.97336],[111.58571,-7.97321],[111.58503,-7.97339],[111.58453,-7.97321],[111.58399,-7.97398],[111.58368,-7.97377],[111.58332,-7.97302],[111.58311,-7.97288],[111.58208,-7.97324],[111.58126,-7.97375],[111.58115,-7.97463],[111.57912,-7.97442],[111.5785,-7.9749],[111.57796,-7.97515],[111.57744,-7.97497],[111.57697,-7.97535],[111.57674,-7.97583],[111.57663,-7.97708],[111.57694,-7.97767],[111.57779,-7.97834],[111.578,-7.97946],[111.57883,-7.97981],[111.57904,-7.97938],[111.57956,-7.97959],[111.58007,-7.97976],[111.58016,-7.97858],[111.58098,-7.97813],[111.58108,-7.97803],[111.58125,-7.97695],[111.5814,-7.97624],[111.58165,-7.97614],[111.58234,-7.9765],[111.58234,-7.97669],[111.58255,-7.9771],[111.58381,-7.97818],[111.58378,-7.97897],[111.58483,-7.97955],[111.58516,-7.97918],[111.58613,-7.97932],[111.58691,-7.97916],[111.58725,-7.97893],[111.58851,-7.97936],[111.5886,-7.97984],[111.58906,-7.98006],[111.58956,-7.98015]],[[111.61905,-7.98128],[111.61909,-7.98124],[111.61988,-7.98102],[111.62029,-7.98039],[111.62072,-7.97999],[111.62121,-7.97914],[111.62223,-7.978],[111.6231,-7.9778],[111.62344,-7.97798],[111.62413,-7.97811],[111.62455,-7.97826],[111.62441,-7.97892],[111.62502,-7.9792],[111.62488,-7.97986],[111.62549,-7.98031],[111.62573,-7.98041],[111.62591,-7.98022],[111.6261,-7.97962],[111.62666,-7.97944],[111.62776,-7.97932],[111.62789,-7.97851],[111.62825,-7.9786],[111.62873,-7.97848],[111.62892,-7.97808],[111.62865,-7.97783],[111.62775,-7.97752],[111.62759,-7.97785],[111.62702,-7.97797],[111.62689,-7.9777],[111.62598,-7.977],[111.62492,-7.97669],[111.62459,-7.97692],[111.62471,-7.97716],[111.6248,-7.97745],[111.6236,-7.9774],[111.62363,-7.9766],[111.624,-7.97605],[111.62486,-7.9763],[111.62516,-7.97598],[111.62386,-7.97489],[111.62305,-7.97444],[111.62289,-7.97263],[111.62263,-7.97239],[111.62162,-7.97258],[111.62188,-7.97355],[111.62208,-7.97448],[111.62186,-7.97511],[111.62266,-7.97537],[111.62343,-7.9759],[111.62362,-7.97623],[111.62201,-7.97591],[111.62181,-7.97651],[111.62244,-7.97671],[111.62253,-7.9773],[111.62228,-7.97743],[111.62181,-7.97707],[111.62145,-7.9769],[111.62042,-7.97777],[111.62084,-7.97817],[111.6202,-7.97843],[111.61936,-7.97771],[111.61907,-7.97772],[111.61908,-7.97833],[111.61836,-7.97916],[111.61897,-7.97996],[111.61846,-7.98033],[111.61777,-7.98093],[111.61767,-7.98124],[111.61838,-7.98105],[111.61905,-7.98128]],[[111.63375,-7.98226],[111.6338,-7.98199],[111.63423,-7.9805],[111.63448,-7.98027],[111.63478,-7.97869],[111.63488,-7.9785],[111.63435,-7.97829],[111.63406,-7.97861],[111.63434,-7.97886],[111.63433,-7.97921],[111.63321,-7.97933],[111.63307,-7.97975],[111.63379,-7.98],[111.63336,-7.98111],[111.6327,-7.98122],[111.63247,-7.98219],[111.63375,-7.98226]],[[111.62195,-7.98237],[111.62313,-7.98168],[111.62336,-7.9813],[111.62314,-7.98089],[111.62254,-7.98078],[111.622,-7.98059],[111.62171,-7.98092],[111.621,-7.98114],[111.62082,-7.98143],[111.62128,-7.98164],[111.62125,-7.98212],[111.62141,-7.98226],[111.62195,-7.98237]],[[111.6254,-7.98254],[111.62548,-7.98243],[111.62588,-7.98216],[111.62574,-7.98187],[111.62492,-7.98207],[111.62509,-7.98249],[111.6254,-7.98254]],[[111.61488,-7.98283],[111.61511,-7.98269],[111.61555,-7.98235],[111.61645,-7.98223],[111.61728,-7.9815],[111.61707,-7.98131],[111.61644,-7.98134],[111.615,-7.98196],[111.61401,-7.98206],[111.61393,-7.98256],[111.61488,-7.98283]],[[111.62876,-7.98425],[111.62881,-7.98421],[111.62962,-7.98401],[111.62971,-7.98304],[111.62797,-7.98294],[111.62778,-7.9818],[111.62887,-7.98134],[111.62907,-7.98114],[111.62789,-7.98105],[111.6274,-7.98065],[111.62683,-7.98079],[111.62672,-7.9811],[111.62704,-7.98125],[111.62725,-7.98208],[111.62681,-7.98237],[111.6271,-7.98404],[111.62817,-7.98402],[111.62835,-7.98421],[111.62876,-7.98425]],[[111.63847,-7.98469],[111.63851,-7.9841],[111.63897,-7.98338],[111.63905,-7.9831],[111.63959,-7.98299],[111.63996,-7.98303],[111.64006,-7.9838],[111.64046,-7.98397],[111.6406,-7.98387],[111.64041,-7.98356],[111.6403,-7.98293],[111.64048,-7.98284],[111.6406,-7.98311],[111.64079,-7.98344],[111.64114,-7.98323],[111.64123,-7.98301],[111.64152,-7.98293],[111.64134,-7.98231],[111.64087,-7.98212],[111.64077,-7.9816],[111.64041,-7.98144],[111.63959,-7.9813],[111.63951,-7.98077],[111.63996,-7.98065],[111.64008,-7.9797],[111.64034,-7.97901],[111.6406,-7.97904],[111.64068,-7.97837],[111.64045,-7.97819],[111.63987,-7.97826],[111.63978,-7.97922],[111.63934,-7.98018],[111.63908,-7.98174],[111.63925,-7.98204],[111.63921,-7.98236],[111.63896,-7.98256],[111.63888,-7.98277],[111.63815,-7.98292],[111.63786,-7.98328],[111.63807,-7.98345],[111.638,-7.98398],[111.63819,-7.98413],[111.63812,-7.98465],[111.63847,-7.98469]],[[111.58748,-7.98486],[111.58743,-7.98415],[111.58656,-7.98419],[111.58644,-7.98481],[111.58748,-7.98486]],[[111.62559,-7.98507],[111.62578,-7.98491],[111.62597,-7.98421],[111.62586,-7.98366],[111.62564,-7.98314],[111.62515,-7.98323],[111.625,-7.98357],[111.6251,-7.98403],[111.62497,-7.98465],[111.62528,-7.98502],[111.62559,-7.98507]],[[111.60952,-7.98383],[111.60971,-7.98377],[111.61028,-7.98379],[111.60999,-7.98451],[111.61032,-7.98499],[111.6109,-7.98532],[111.61123,-7.98464],[111.61138,-7.98395],[111.61098,-7.98357],[111.61083,-7.98311],[111.61003,-7.98286],[111.6094,-7.98289],[111.60889,-7.98271],[111.60874,-7.98322],[111.60877,-7.98416],[111.60658,-7.9844],[111.60649,-7.98477],[111.60714,-7.98489],[111.6087,-7.98483],[111.60939,-7.98433],[111.60962,-7.9841],[111.60952,-7.98383]],[[111.5853,-7.98549],[111.58545,-7.98512],[111.5854,-7.98478],[111.58503,-7.98462],[111.58467,-7.98467],[111.58452,-7.98504],[111.58456,-7.9854],[111.5853,-7.98549]],[[111.6353,-7.98551],[111.63539,-7.98434],[111.63483,-7.98439],[111.63471,-7.98466],[111.63452,-7.98474],[111.63435,-7.98496],[111.63461,-7.98547],[111.6353,-7.98551]],[[111.6362,-7.98614],[111.6367,-7.98577],[111.63679,-7.9851],[111.63691,-7.98489],[111.63779,-7.98494],[111.63788,-7.98452],[111.63741,-7.98438],[111.63717,-7.98411],[111.63565,-7.98402],[111.63552,-7.98428],[111.63619,-7.98438],[111.63634,-7.98549],[111.63597,-7.98601],[111.6362,-7.98614]],[[111.64419,-7.9864],[111.64423,-7.98635],[111.64496,-7.98619],[111.64508,-7.98566],[111.64492,-7.9854],[111.64449,-7.98572],[111.64357,-7.98584],[111.64376,-7.98635],[111.64419,-7.9864]],[[111.61202,-7.9845],[111.61186,-7.9846],[111.61198,-7.98464],[111.61183,-7.98488],[111.61173,-7.98649],[111.61247,-7.98568],[111.61284,-7.98481],[111.61272,-7.98453],[111.61225,-7.9844],[111.61202,-7.9845]],[[111.63911,-7.9865],[111.63924,-7.98636],[111.63951,-7.98637],[111.63968,-7.98619],[111.63991,-7.98608],[111.64051,-7.9861],[111.64076,-7.98572],[111.64087,-7.98541],[111.63884,-7.98422],[111.63864,-7.98444],[111.63915,-7.98473],[111.63915,-7.98492],[111.6397,-7.98543],[111.63969,-7.98557],[111.63951,-7.98592],[111.63888,-7.9859],[111.6387,-7.98642],[111.63911,-7.9865]],[[111.60499,-7.98746],[111.6054,-7.9869],[111.60564,-7.98636],[111.60585,-7.98525],[111.60512,-7.98497],[111.60503,-7.98435],[111.60431,-7.98419],[111.60422,-7.98388],[111.60389,-7.98373],[111.60351,-7.98347],[111.6039,-7.98313],[111.60383,-7.98228],[111.6035,-7.98214],[111.60328,-7.98141],[111.60247,-7.98126],[111.60261,-7.9806],[111.60176,-7.98014],[111.60166,-7.97938],[111.60067,-7.97908],[111.60042,-7.97937],[111.59979,-7.97951],[111.59964,-7.97969],[111.59943,-7.98016],[111.59919,-7.98257],[111.59932,-7.9828],[111.59928,-7.98325],[111.5987,-7.98336],[111.59856,-7.98383],[111.59867,-7.98515],[111.59809,-7.98528],[111.5978,-7.98632],[111.59823,-7.98645],[111.59886,-7.98638],[111.59868,-7.98589],[111.5986,-7.98549],[111.59964,-7.9853],[111.60019,-7.9851],[111.60059,-7.98479],[111.60116,-7.98471],[111.60103,-7.9857],[111.60171,-7.98587],[111.60204,-7.98569],[111.6024,-7.9847],[111.60266,-7.98461],[111.60357,-7.98495],[111.60437,-7.98516],[111.60503,-7.98567],[111.6048,-7.98651],[111.60487,-7.98735],[111.60499,-7.98746]],[[111.63766,-7.98759],[111.63759,-7.98727],[111.63769,-7.98597],[111.63751,-7.98583],[111.63734,-7.98637],[111.63716,-7.98636],[111.63707,-7.98653],[111.63746,-7.98664],[111.63739,-7.98754],[111.63766,-7.98759]],[[111.58857,-7.98775],[111.5887,-7.9874],[111.58879,-7.98698],[111.58904,-7.98639],[111.58816,-7.98623],[111.58806,-7.98771],[111.58857,-7.98775]],[[111.54692,-7.9879],[111.54702,-7.98743],[111.54597,-7.98686],[111.54525,-7.98628],[111.54514,-7.98574],[111.54476,-7.98549],[111.54406,-7.9855],[111.54369,-7.98616],[111.5437,-7.98643],[111.54479,-7.98677],[111.54554,-7.98705],[111.54587,-7.98741],[111.54692,-7.9879]],[[111.63013,-7.98796],[111.63018,-7.98778],[111.63065,-7.98764],[111.63092,-7.98694],[111.63089,-7.98656],[111.63091,-7.9863],[111.62993,-7.98587],[111.62873,-7.98623],[111.62883,-7.98746],[111.62936,-7.98755],[111.62947,-7.98792],[111.63013,-7.98796]],[[111.63875,-7.98813],[111.63879,-7.98808],[111.63935,-7.98799],[111.63952,-7.98781],[111.63976,-7.98782],[111.64036,-7.98769],[111.64061,-7.98747],[111.63951,-7.98732],[111.63952,-7.98718],[111.63923,-7.98709],[111.6389,-7.98673],[111.63879,-7.98718],[111.63871,-7.98727],[111.63861,-7.98663],[111.63852,-7.98664],[111.63834,-7.98609],[111.63799,-7.98601],[111.63816,-7.98664],[111.63815,-7.98694],[111.63789,-7.98747],[111.63832,-7.98809],[111.6386,-7.98808],[111.63875,-7.98813]],[[111.60127,-7.98828],[111.60154,-7.98805],[111.60187,-7.98796],[111.60195,-7.98757],[111.60151,-7.98739],[111.60165,-7.98654],[111.60097,-7.98636],[111.60084,-7.98669],[111.6002,-7.98678],[111.60005,-7.98715],[111.5998,-7.98725],[111.59989,-7.98779],[111.6007,-7.988],[111.60127,-7.98828]],[[111.58158,-7.9883],[111.58174,-7.98676],[111.58034,-7.98646],[111.58012,-7.98742],[111.58047,-7.98824],[111.58158,-7.9883]],[[111.57369,-7.98904],[111.57374,-7.98899],[111.57442,-7.9889],[111.57464,-7.98844],[111.5741,-7.98793],[111.574,-7.98752],[111.57401,-7.98717],[111.57435,-7.98685],[111.57497,-7.9867],[111.57547,-7.98753],[111.5757,-7.98706],[111.57611,-7.98686],[111.57672,-7.98671],[111.57745,-7.98618],[111.57799,-7.98592],[111.57845,-7.98655],[111.5776,-7.98683],[111.57746,-7.98728],[111.57782,-7.98727],[111.57806,-7.98752],[111.579,-7.98736],[111.57918,-7.98745],[111.57941,-7.98745],[111.57922,-7.98615],[111.57885,-7.98524],[111.57845,-7.98465],[111.57743,-7.9841],[111.57655,-7.98433],[111.57675,-7.9851],[111.57578,-7.98551],[111.57472,-7.98564],[111.57473,-7.98509],[111.57509,-7.9844],[111.5756,-7.98427],[111.57603,-7.9837],[111.57621,-7.9822],[111.57699,-7.98222],[111.57712,-7.98183],[111.57708,-7.98013],[111.57744,-7.97913],[111.57753,-7.97865],[111.57643,-7.97758],[111.57618,-7.97707],[111.57671,-7.97478],[111.57717,-7.97434],[111.57697,-7.97395],[111.57561,-7.97291],[111.57498,-7.97226],[111.57262,-7.97217],[111.57177,-7.97179],[111.57061,-7.97063],[111.57004,-7.97044],[111.56868,-7.9697],[111.56854,-7.96954],[111.56892,-7.96859],[111.5685,-7.96806],[111.56668,-7.96768],[111.56646,-7.96835],[111.56556,-7.96799],[111.56545,-7.96765],[111.56394,-7.96702],[111.56354,-7.96703],[111.56317,-7.96693],[111.56264,-7.96658],[111.56181,-7.96644],[111.56154,-7.96658],[111.56155,-7.96713],[111.56294,-7.96767],[111.56237,-7.9685],[111.56305,-7.96915],[111.56288,-7.96998],[111.56206,-7.96978],[111.56181,-7.96926],[111.56134,-7.96891],[111.56102,-7.96857],[111.5607,-7.96837],[111.56037,-7.96848],[111.55867,-7.96806],[111.55855,-7.96749],[111.55842,-7.96709],[111.55751,-7.96687],[111.55719,-7.96767],[111.55667,-7.96766],[111.55656,-7.96808],[111.55683,-7.96821],[111.55697,-7.96849],[111.55755,-7.96848],[111.55792,-7.96854],[111.55625,-7.96916],[111.55554,-7.9693],[111.55538,-7.96992],[111.55616,-7.97047],[111.55639,-7.97],[111.55741,-7.97014],[111.55719,-7.97113],[111.55756,-7.97138],[111.55769,-7.9715],[111.55864,-7.97186],[111.55885,-7.97273],[111.55983,-7.97282],[111.55993,-7.97332],[111.56124,-7.97354],[111.56138,-7.97327],[111.56173,-7.97327],[111.56183,-7.97421],[111.56238,-7.97439],[111.56237,-7.97517],[111.56266,-7.97545],[111.56263,-7.97674],[111.56314,-7.97689],[111.56343,-7.97645],[111.56374,-7.97634],[111.56392,-7.97588],[111.56361,-7.97529],[111.56304,-7.97495],[111.56347,-7.9739],[111.56372,-7.97363],[111.56382,-7.97435],[111.56474,-7.97487],[111.56474,-7.97535],[111.56527,-7.97553],[111.56587,-7.97388],[111.56659,-7.97413],[111.56766,-7.97427],[111.5698,-7.97491],[111.56927,-7.97681],[111.57036,-7.97698],[111.57062,-7.9767],[111.57215,-7.97692],[111.57236,-7.9766],[111.57309,-7.97651],[111.57308,-7.97748],[111.57243,-7.97769],[111.57204,-7.98057],[111.57188,-7.98359],[111.57155,-7.98375],[111.57146,-7.98422],[111.57196,-7.98519],[111.57348,-7.98428],[111.57409,-7.98364],[111.57409,-7.98338],[111.5747,-7.98339],[111.57429,-7.98458],[111.57409,-7.9854],[111.57339,-7.98667],[111.5725,-7.98773],[111.57284,-7.98837],[111.57302,-7.98855],[111.57321,-7.98895],[111.57369,-7.98904]],[[111.5462,-7.98989],[111.54654,-7.98935],[111.54569,-7.98895],[111.5459,-7.98843],[111.54491,-7.98797],[111.5439,-7.98773],[111.5443,-7.98901],[111.54461,-7.9893],[111.54476,-7.98962],[111.5462,-7.98989]],[[111.54402,-7.99034],[111.54407,-7.99021],[111.54415,-7.98949],[111.54307,-7.98934],[111.54298,-7.9903],[111.54402,-7.99034]],[[111.54992,-7.99097],[111.55021,-7.99071],[111.54983,-7.98968],[111.54835,-7.98924],[111.54824,-7.98949],[111.54745,-7.98928],[111.54709,-7.98953],[111.54733,-7.98973],[111.54743,-7.99007],[111.54861,-7.99059],[111.54932,-7.99086],[111.54992,-7.99097]],[[111.62287,-7.99105],[111.62293,-7.99098],[111.62357,-7.99057],[111.62354,-7.99003],[111.62319,-7.98992],[111.62309,-7.98933],[111.62264,-7.98905],[111.62255,-7.98798],[111.62182,-7.98803],[111.62073,-7.98822],[111.62077,-7.98891],[111.62119,-7.98901],[111.62129,-7.98983],[111.62228,-7.9907],[111.62287,-7.99105]],[[111.62641,-7.99113],[111.62646,-7.99081],[111.62664,-7.99082],[111.62727,-7.99027],[111.62774,-7.98997],[111.62759,-7.98911],[111.62745,-7.98872],[111.62644,-7.98849],[111.62591,-7.98892],[111.62559,-7.98856],[111.62621,-7.98771],[111.62613,-7.9865],[111.62437,-7.98613],[111.62426,-7.98724],[111.62381,-7.98765],[111.62382,-7.98784],[111.62346,-7.98829],[111.62392,-7.98901],[111.62415,-7.98951],[111.62449,-7.98994],[111.62509,-7.9897],[111.62537,-7.99001],[111.62593,-7.99044],[111.62591,-7.99078],[111.62641,-7.99113]],[[111.59066,-7.99119],[111.59083,-7.99092],[111.59062,-7.9905],[111.59016,-7.99042],[111.59003,-7.99013],[111.58964,-7.99017],[111.58935,-7.98996],[111.58907,-7.98988],[111.58862,-7.98962],[111.58826,-7.98988],[111.58908,-7.99046],[111.58906,-7.99068],[111.58996,-7.99078],[111.59043,-7.99112],[111.59066,-7.99119]],[[111.65309,-7.99127],[111.65328,-7.99109],[111.65319,-7.98956],[111.65304,-7.98942],[111.65295,-7.98923],[111.6524,-7.98915],[111.65223,-7.98905],[111.65103,-7.98897],[111.65087,-7.98879],[111.65042,-7.9887],[111.65032,-7.98983],[111.65056,-7.98996],[111.65072,-7.98961],[111.65215,-7.98969],[111.65231,-7.98987],[111.65277,-7.98998],[111.65287,-7.9912],[111.65309,-7.99127]],[[111.61416,-7.99142],[111.61446,-7.99101],[111.61421,-7.99007],[111.61439,-7.98957],[111.61449,-7.98915],[111.61511,-7.98886],[111.6152,-7.98865],[111.61575,-7.98867],[111.61597,-7.98797],[111.61725,-7.98756],[111.61747,-7.98713],[111.61631,-7.98693],[111.61616,-7.98649],[111.61602,-7.98722],[111.61595,-7.9873],[111.61565,-7.98685],[111.61515,-7.98687],[111.61429,-7.98757],[111.61366,-7.98794],[111.61357,-7.98805],[111.61426,-7.98917],[111.6138,-7.98947],[111.61347,-7.98864],[111.61319,-7.98838],[111.61249,-7.98841],[111.61224,-7.98814],[111.61137,-7.98885],[111.6112,-7.98885],[111.61097,-7.98861],[111.61126,-7.98686],[111.61118,-7.98632],[111.60917,-7.98703],[111.60776,-7.98768],[111.60691,-7.98792],[111.60667,-7.98804],[111.6059,-7.98834],[111.60404,-7.9885],[111.60293,-7.9888],[111.60277,-7.98913],[111.60365,-7.98931],[111.60564,-7.98889],[111.60635,-7.98961],[111.60702,-7.98993],[111.60844,-7.99005],[111.60947,-7.98983],[111.6096,-7.9893],[111.60938,-7.98912],[111.60914,-7.98939],[111.60884,-7.98953],[111.60782,-7.98967],[111.60698,-7.98945],[111.60668,-7.98887],[111.60824,-7.98867],[111.60862,-7.98847],[111.60876,-7.98803],[111.60921,-7.98782],[111.60984,-7.98807],[111.6105,-7.989],[111.61104,-7.9894],[111.61104,-7.99004],[111.61141,-7.99021],[111.61166,-7.9902],[111.6123,-7.98966],[111.6129,-7.99016],[111.61362,-7.99137],[111.61416,-7.99142]],[[111.53531,-7.99207],[111.53537,-7.99123],[111.53581,-7.99113],[111.53592,-7.99069],[111.5358,-7.99048],[111.53583,-7.98968],[111.53519,-7.98959],[111.53477,-7.992],[111.53531,-7.99207]],[[111.61544,-7.9926],[111.61551,-7.99252],[111.61687,-7.99191],[111.61702,-7.99151],[111.61649,-7.99135],[111.61638,-7.99088],[111.61522,-7.99113],[111.6153,-7.99248],[111.61544,-7.9926]],[[111.6138,-7.99278],[111.61384,-7.99273],[111.61439,-7.99243],[111.61447,-7.99206],[111.61419,-7.99185],[111.61346,-7.99171],[111.61267,-7.99174],[111.61326,-7.99183],[111.61357,-7.99201],[111.61329,-7.99237],[111.61355,-7.99271],[111.6138,-7.99278]],[[111.58531,-7.99282],[111.58527,-7.99259],[111.58464,-7.99232],[111.58379,-7.99224],[111.58357,-7.99197],[111.58345,-7.99223],[111.58382,-7.99269],[111.585,-7.99277],[111.58531,-7.99282]],[[111.53758,-7.99289],[111.53762,-7.99284],[111.53795,-7.99269],[111.53831,-7.99213],[111.53853,-7.99127],[111.53722,-7.99081],[111.53668,-7.99175],[111.53626,-7.99184],[111.53611,-7.99269],[111.53646,-7.99284],[111.53758,-7.99289]],[[111.607,-7.99324],[111.60695,-7.99265],[111.60649,-7.99202],[111.60623,-7.99228],[111.60688,-7.99314],[111.607,-7.99324]],[[111.63331,-7.99338],[111.63336,-7.99334],[111.63363,-7.99325],[111.63362,-7.99307],[111.63415,-7.99265],[111.63426,-7.99246],[111.63408,-7.99107],[111.63489,-7.99089],[111.63545,-7.9908],[111.63544,-7.99043],[111.63428,-7.99048],[111.63397,-7.98996],[111.63289,-7.99001],[111.63291,-7.99044],[111.63155,-7.99092],[111.63127,-7.99054],[111.63102,-7.99045],[111.6309,-7.99084],[111.62954,-7.99143],[111.62946,-7.99189],[111.63197,-7.99131],[111.63226,-7.99176],[111.63238,-7.99283],[111.63293,-7.99333],[111.63331,-7.99338]],[[111.604,-7.99343],[111.60405,-7.9932],[111.60397,-7.99252],[111.60443,-7.99224],[111.60477,-7.99248],[111.60505,-7.9926],[111.60513,-7.99219],[111.60476,-7.99156],[111.60411,-7.99122],[111.60301,-7.99142],[111.60287,-7.99094],[111.60269,-7.99068],[111.6026,-7.99141],[111.60302,-7.99249],[111.60294,-7.99313],[111.604,-7.99343]],[[111.57887,-7.99401],[111.57891,-7.99396],[111.57952,-7.99372],[111.57965,-7.99358],[111.58106,-7.99314],[111.58181,-7.99317],[111.58254,-7.99308],[111.58234,-7.99159],[111.58118,-7.99132],[111.58153,-7.99066],[111.58164,-7.99029],[111.58154,-7.9898],[111.58172,-7.98888],[111.5811,-7.98859],[111.5806,-7.98913],[111.58034,-7.98968],[111.58009,-7.9898],[111.57999,-7.99022],[111.5791,-7.99135],[111.57898,-7.99241],[111.5783,-7.9926],[111.57813,-7.99192],[111.57855,-7.99152],[111.57876,-7.99024],[111.57915,-7.98973],[111.57898,-7.98909],[111.57957,-7.98862],[111.57928,-7.98763],[111.57864,-7.98815],[111.57855,-7.98926],[111.57773,-7.98956],[111.57764,-7.9887],[111.57727,-7.98872],[111.57729,-7.98913],[111.57699,-7.99041],[111.57714,-7.99069],[111.57652,-7.99109],[111.57659,-7.99278],[111.5761,-7.99301],[111.57601,-7.99394],[111.57718,-7.99377],[111.57757,-7.99378],[111.57792,-7.99396],[111.57887,-7.99401]],[[111.65554,-7.99407],[111.65568,-7.99394],[111.65577,-7.99372],[111.65558,-7.99284],[111.65506,-7.99286],[111.65486,-7.99272],[111.65555,-7.99232],[111.65538,-7.99199],[111.6544,-7.99259],[111.65401,-7.99257],[111.65287,-7.99305],[111.65305,-7.9934],[111.65315,-7.99383],[111.65431,-7.99333],[111.65459,-7.99376],[111.65523,-7.99384],[111.65532,-7.99403],[111.65554,-7.99407]],[[111.59666,-7.99443],[111.59659,-7.99393],[111.59681,-7.99374],[111.59765,-7.99381],[111.59788,-7.99358],[111.59679,-7.99349],[111.5967,-7.9933],[111.59648,-7.99312],[111.5962,-7.99345],[111.59626,-7.99409],[111.59591,-7.9942],[111.5958,-7.99312],[111.59567,-7.99304],[111.59535,-7.99444],[111.59618,-7.99438],[111.59666,-7.99443]],[[111.53459,-7.9947],[111.53467,-7.99448],[111.53462,-7.99385],[111.53342,-7.99395],[111.53347,-7.99466],[111.53459,-7.9947]],[[111.60863,-7.99469],[111.60868,-7.99464],[111.60911,-7.99454],[111.60922,-7.99422],[111.60868,-7.99404],[111.60917,-7.99166],[111.60858,-7.99157],[111.60859,-7.99083],[111.60903,-7.99039],[111.60848,-7.9904],[111.60831,-7.99075],[111.60812,-7.99084],[111.60795,-7.99377],[111.60838,-7.99405],[111.60813,-7.99428],[111.60814,-7.99459],[111.60863,-7.99469]],[[111.5786,-7.995],[111.57864,-7.99495],[111.57901,-7.99485],[111.57906,-7.99451],[111.57838,-7.99472],[111.57829,-7.99495],[111.5786,-7.995]],[[111.63903,-7.99582],[111.63908,-7.99577],[111.63933,-7.99565],[111.6395,-7.99511],[111.63927,-7.99447],[111.63953,-7.99424],[111.63962,-7.99364],[111.63912,-7.99341],[111.63899,-7.99296],[111.63888,-7.99287],[111.63856,-7.99223],[111.63802,-7.99227],[111.63779,-7.99215],[111.6378,-7.99196],[111.63748,-7.99164],[111.63723,-7.9906],[111.63726,-7.99014],[111.63751,-7.98967],[111.63813,-7.98883],[111.63785,-7.98872],[111.63754,-7.9892],[111.63637,-7.98948],[111.63647,-7.99115],[111.63624,-7.99126],[111.63626,-7.99154],[111.63696,-7.9915],[111.63728,-7.99231],[111.63716,-7.99252],[111.63708,-7.99295],[111.63835,-7.99276],[111.63845,-7.99396],[111.63817,-7.99414],[111.63808,-7.99429],[111.63835,-7.99441],[111.63844,-7.99451],[111.63865,-7.99461],[111.63887,-7.99577],[111.63903,-7.99582]],[[111.61127,-7.99631],[111.61131,-7.99626],[111.61168,-7.99618],[111.61222,-7.99593],[111.61192,-7.9955],[111.61139,-7.99579],[111.61054,-7.99592],[111.61007,-7.99576],[111.61077,-7.99536],[111.61118,-7.99504],[111.6116,-7.99433],[111.61176,-7.99383],[111.6109,-7.9937],[111.61077,-7.99354],[111.61105,-7.99174],[111.61061,-7.99166],[111.61009,-7.99202],[111.60995,-7.99223],[111.61013,-7.99274],[111.61022,-7.99317],[111.60985,-7.99328],[111.60957,-7.99348],[111.6096,-7.99389],[111.6103,-7.99402],[111.61076,-7.99436],[111.60955,-7.99504],[111.60969,-7.99528],[111.60969,-7.99589],[111.61025,-7.99625],[111.61127,-7.99631]],[[111.54212,-7.99641],[111.54217,-7.99636],[111.54258,-7.99626],[111.54308,-7.99609],[111.54301,-7.99446],[111.54232,-7.99437],[111.54236,-7.99537],[111.54145,-7.99554],[111.54135,-7.99636],[111.54212,-7.99641]],[[111.61571,-7.99649],[111.61575,-7.99643],[111.61628,-7.99614],[111.61639,-7.99593],[111.6156,-7.99604],[111.61531,-7.99632],[111.61571,-7.99649]],[[111.61444,-7.99649],[111.61441,-7.99616],[111.61418,-7.99603],[111.61378,-7.99623],[111.61388,-7.99645],[111.61444,-7.99649]],[[111.57906,-7.99654],[111.57909,-7.99649],[111.57935,-7.99638],[111.57948,-7.99608],[111.57942,-7.99573],[111.57905,-7.99558],[111.5787,-7.99563],[111.57854,-7.996],[111.5786,-7.99635],[111.57906,-7.99654]],[[111.53732,-7.9975],[111.53738,-7.99672],[111.53691,-7.99652],[111.53682,-7.99591],[111.53609,-7.99583],[111.536,-7.99723],[111.53662,-7.99741],[111.53732,-7.9975]],[[111.6442,-7.99418],[111.6437,-7.99404],[111.64371,-7.99432],[111.64334,-7.9945],[111.64335,-7.99478],[111.64361,-7.99504],[111.64413,-7.9961],[111.64425,-7.99585],[111.64435,-7.99576],[111.64472,-7.99595],[111.64507,-7.99649],[111.64475,-7.9968],[111.64527,-7.99765],[111.64498,-7.99784],[111.64498,-7.99804],[111.64562,-7.99802],[111.64561,-7.99775],[111.6458,-7.99757],[111.64561,-7.99721],[111.64571,-7.99702],[111.64552,-7.99667],[111.64566,-7.99653],[111.6459,-7.99677],[111.64616,-7.99672],[111.64579,-7.99612],[111.64507,-7.99611],[111.6453,-7.99567],[111.64452,-7.99516],[111.64452,-7.99494],[111.64425,-7.99436],[111.64484,-7.99421],[111.64603,-7.99421],[111.64669,-7.99438],[111.64742,-7.99413],[111.6476,-7.99324],[111.64706,-7.99314],[111.64627,-7.99287],[111.64611,-7.99337],[111.64588,-7.99359],[111.6457,-7.99305],[111.64529,-7.99278],[111.64545,-7.99245],[111.64529,-7.99224],[111.6447,-7.99261],[111.64505,-7.99295],[111.64552,-7.99358],[111.6447,-7.99369],[111.64391,-7.99329],[111.64379,-7.99263],[111.64415,-7.99251],[111.64433,-7.99237],[111.64351,-7.99176],[111.64352,-7.99339],[111.6442,-7.99418]],[[111.61944,-7.99883],[111.61949,-7.99878],[111.62039,-7.99856],[111.62096,-7.99826],[111.62079,-7.99735],[111.62044,-7.99635],[111.61966,-7.99625],[111.61955,-7.99603],[111.61904,-7.99587],[111.61861,-7.99641],[111.61895,-7.99657],[111.61887,-7.99865],[111.61944,-7.99883]],[[111.63559,-7.99908],[111.63566,-7.99768],[111.635,-7.99738],[111.63491,-7.99769],[111.63511,-7.99788],[111.63484,-7.9988],[111.63504,-7.99897],[111.63559,-7.99908]],[[111.53914,-8.00084],[111.53918,-8.0008],[111.53998,-8.00064],[111.54013,-7.99984],[111.5399,-7.99963],[111.53981,-7.99872],[111.53972,-7.99853],[111.54084,-7.99845],[111.54117,-7.99881],[111.54201,-7.99898],[111.54217,-7.99879],[111.54181,-7.99845],[111.5417,-7.998],[111.54072,-7.99781],[111.54061,-7.99674],[111.53974,-7.99653],[111.53981,-7.99467],[111.53884,-7.99444],[111.53861,-7.99517],[111.53826,-7.99528],[111.53776,-7.99608],[111.53859,-7.9964],[111.53881,-7.99709],[111.53918,-7.99718],[111.53908,-7.99747],[111.53818,-7.99729],[111.53747,-7.99849],[111.53764,-7.99926],[111.53754,-7.99955],[111.53755,-7.99991],[111.53791,-8.00007],[111.53789,-8.00061],[111.53822,-8.00076],[111.53914,-8.00084]],[[111.64394,-8.00124],[111.6438,-8.0001],[111.64357,-7.99878],[111.64333,-7.99839],[111.64273,-7.9987],[111.64205,-7.99887],[111.64126,-7.99884],[111.64117,-7.99917],[111.64308,-7.9991],[111.64317,-8.00056],[111.64355,-8.00118],[111.64394,-8.00124]],[[111.5856,-8.00132],[111.58566,-8.00114],[111.58563,-8.00073],[111.58486,-7.99981],[111.58451,-7.99984],[111.58456,-8.00042],[111.58479,-8.00083],[111.58524,-8.00122],[111.5856,-8.00132]],[[111.6316,-8.00189],[111.63188,-8.0015],[111.63126,-8.00123],[111.63042,-8.0007],[111.63082,-7.99999],[111.63099,-7.99942],[111.63144,-7.99887],[111.63159,-7.99823],[111.63107,-7.99779],[111.63134,-7.9973],[111.632,-7.99735],[111.63227,-7.99657],[111.63162,-7.99628],[111.63175,-7.99582],[111.63209,-7.9956],[111.6322,-7.995],[111.63146,-7.99487],[111.63119,-7.99489],[111.6311,-7.99546],[111.63132,-7.99586],[111.63084,-7.99708],[111.6304,-7.99746],[111.62976,-7.99741],[111.62928,-7.99714],[111.6291,-7.99742],[111.62854,-7.99806],[111.62838,-7.99896],[111.62798,-7.99959],[111.62784,-8.00021],[111.62892,-8.00012],[111.62914,-8.00147],[111.62947,-8.00157],[111.63049,-8.00129],[111.63097,-8.00184],[111.6316,-8.00189]],[[111.6061,-8.00256],[111.60605,-8.00211],[111.60612,-8.00151],[111.60506,-8.00151],[111.60519,-8.00252],[111.6061,-8.00256]],[[111.64394,-8.00332],[111.64399,-8.00327],[111.64436,-8.00318],[111.64444,-8.00223],[111.64396,-8.00209],[111.64373,-8.00181],[111.64351,-8.00163],[111.64329,-8.00165],[111.64337,-8.00237],[111.64328,-8.00327],[111.64394,-8.00332]],[[111.55629,-8.00344],[111.55633,-8.0034],[111.5573,-8.00294],[111.55755,-8.00231],[111.5579,-8.00173],[111.55822,-8.00105],[111.55869,-8.00141],[111.55887,-8.00149],[111.55896,-8.0005],[111.55912,-7.9999],[111.55892,-7.99952],[111.55719,-7.99988],[111.55659,-8.00135],[111.5564,-8.00193],[111.55643,-8.00253],[111.55582,-8.00289],[111.5557,-8.00339],[111.55629,-8.00344]],[[111.65311,-8.00384],[111.65318,-8.00365],[111.65303,-8.00338],[111.65346,-8.00285],[111.65326,-8.00254],[111.65261,-8.00305],[111.65281,-8.00375],[111.65311,-8.00384]],[[111.55611,-8.00462],[111.55615,-8.00457],[111.5566,-8.00447],[111.55669,-8.00391],[111.55608,-8.00377],[111.55598,-8.00452],[111.55611,-8.00462]],[[111.61827,-8.00471],[111.61885,-8.00435],[111.61856,-8.00382],[111.61828,-8.00356],[111.61781,-8.00359],[111.61745,-8.00357],[111.61713,-8.0034],[111.61673,-8.00332],[111.61678,-8.00424],[111.61745,-8.00466],[111.61827,-8.00471]],[[111.58224,-8.00558],[111.58228,-8.00553],[111.58275,-8.00527],[111.5831,-8.00498],[111.58371,-8.00465],[111.58382,-8.00434],[111.58319,-8.00418],[111.58278,-8.00493],[111.58212,-8.00529],[111.58203,-8.00552],[111.58224,-8.00558]],[[111.60003,-8.00573],[111.59999,-8.00522],[111.59954,-8.00485],[111.59977,-8.00465],[111.59906,-8.00439],[111.59881,-8.00448],[111.59937,-8.00495],[111.59967,-8.0053],[111.5998,-8.0056],[111.60003,-8.00573]],[[111.62453,-8.0066],[111.62516,-8.00571],[111.62567,-8.00511],[111.62557,-8.00483],[111.62465,-8.00385],[111.62422,-8.00452],[111.62394,-8.00513],[111.62385,-8.00608],[111.62414,-8.00648],[111.62453,-8.0066]],[[111.5837,-8.00666],[111.584,-8.00633],[111.58357,-8.0058],[111.58424,-8.00542],[111.58446,-8.00512],[111.58398,-8.00474],[111.58314,-8.00527],[111.58276,-8.00574],[111.58245,-8.00571],[111.58223,-8.00598],[111.58268,-8.00634],[111.58334,-8.00662],[111.5837,-8.00666]],[[111.59903,-8.00691],[111.59925,-8.00636],[111.59934,-8.0057],[111.59907,-8.00524],[111.59898,-8.00492],[111.59856,-8.00459],[111.59821,-8.00463],[111.5979,-8.00459],[111.59764,-8.00462],[111.59807,-8.00515],[111.59821,-8.00526],[111.59851,-8.00522],[111.59887,-8.00536],[111.59898,-8.00623],[111.59831,-8.00603],[111.59801,-8.00534],[111.59779,-8.00516],[111.59761,-8.00494],[111.59729,-8.00498],[111.59715,-8.00531],[111.59756,-8.0058],[111.59753,-8.00608],[111.59706,-8.00628],[111.59629,-8.00593],[111.59618,-8.00635],[111.59631,-8.00677],[111.59662,-8.00659],[111.59744,-8.00642],[111.59803,-8.00689],[111.59852,-8.00683],[111.59903,-8.00691]],[[111.57326,-8.00514],[111.57334,-8.00571],[111.57371,-8.00581],[111.57428,-8.0055],[111.57532,-8.00536],[111.57557,-8.00508],[111.576,-8.0047],[111.5763,-8.00436],[111.57653,-8.00449],[111.577,-8.00413],[111.57652,-8.0037],[111.57681,-8.00329],[111.57747,-8.00365],[111.57768,-8.00364],[111.57864,-8.00289],[111.57893,-8.00227],[111.5792,-8.00099],[111.57881,-8.00065],[111.57895,-8.00002],[111.57822,-7.99993],[111.57811,-8.00039],[111.57772,-8.00051],[111.57757,-8.00147],[111.57747,-8.00184],[111.57711,-8.00182],[111.57666,-8.00185],[111.57564,-8.00129],[111.57517,-8.00111],[111.5749,-8.00153],[111.57517,-8.00201],[111.57428,-8.00303],[111.57435,-8.00328],[111.57517,-8.00277],[111.5753,-8.00294],[111.57481,-8.00364],[111.57498,-8.00412],[111.57484,-8.00437],[111.57476,-8.00465],[111.57439,-8.00482],[111.5743,-8.00512],[111.5737,-8.00509],[111.57326,-8.00514],[111.57322,-8.00509],[111.57318,-8.0046],[111.57216,-8.00469],[111.57195,-8.00391],[111.57107,-8.00431],[111.57056,-8.00447],[111.57061,-8.00503],[111.5698,-8.00539],[111.57017,-8.00587],[111.56986,-8.00627],[111.56974,-8.00652],[111.56945,-8.00665],[111.56908,-8.00709],[111.56896,-8.00738],[111.56926,-8.00735],[111.56951,-8.00706],[111.57003,-8.00711],[111.57031,-8.0069],[111.57059,-8.00682],[111.57085,-8.00663],[111.57124,-8.00643],[111.57192,-8.00658],[111.5724,-8.00645],[111.57094,-8.00561],[111.57096,-8.00539],[111.57326,-8.00514]],[[111.58506,-8.00756],[111.5851,-8.00742],[111.58528,-8.00706],[111.58551,-8.00667],[111.58485,-8.00621],[111.58438,-8.00608],[111.58429,-8.00662],[111.58409,-8.0069],[111.58295,-8.00709],[111.58331,-8.00752],[111.58411,-8.0074],[111.58506,-8.00756]],[[111.60893,-8.00907],[111.60893,-8.00862],[111.60811,-8.00862],[111.60811,-8.00907],[111.60893,-8.00907]],[[111.59541,-8.00909],[111.59553,-8.0088],[111.59543,-8.00836],[111.59504,-8.00824],[111.59482,-8.00876],[111.59501,-8.00904],[111.59541,-8.00909]],[[111.56818,-8.00994],[111.56831,-8.0098],[111.56899,-8.00971],[111.56913,-8.00882],[111.5684,-8.00872],[111.56842,-8.00847],[111.56909,-8.00767],[111.56896,-8.00754],[111.56765,-8.00856],[111.56796,-8.00935],[111.56813,-8.00989],[111.56818,-8.00994]],[[111.60811,-8.01024],[111.60819,-8.00976],[111.60721,-8.00917],[111.60643,-8.00827],[111.60683,-8.00793],[111.60744,-8.00687],[111.60741,-8.00655],[111.60808,-8.00603],[111.60837,-8.00605],[111.60889,-8.00545],[111.60921,-8.0046],[111.60883,-8.0045],[111.60838,-8.00523],[111.60807,-8.00521],[111.60656,-8.00488],[111.60621,-8.00529],[111.60642,-8.00605],[111.6067,-8.0063],[111.60679,-8.00699],[111.60603,-8.00672],[111.60553,-8.007],[111.6045,-8.00662],[111.60456,-8.00588],[111.60425,-8.00562],[111.60408,-8.00523],[111.60389,-8.00524],[111.60314,-8.00545],[111.60244,-8.00643],[111.60235,-8.0073],[111.60267,-8.00806],[111.60331,-8.00842],[111.60352,-8.00867],[111.60403,-8.00885],[111.60461,-8.00839],[111.60535,-8.00857],[111.60568,-8.00895],[111.60653,-8.00964],[111.60747,-8.01018],[111.60811,-8.01024]],[[111.56183,-8.01067],[111.56201,-8.01028],[111.56096,-8.01],[111.56099,-8.01051],[111.56183,-8.01067]],[[111.55993,-8.01067],[111.55997,-8.01062],[111.56056,-8.01038],[111.56051,-8.01006],[111.55973,-8.01024],[111.55962,-8.01062],[111.55993,-8.01067]],[[111.59722,-8.0108],[111.59732,-8.01035],[111.59639,-8.00993],[111.59681,-8.00934],[111.5969,-8.00904],[111.59733,-8.00895],[111.5978,-8.00928],[111.59799,-8.00976],[111.59823,-8.00994],[111.59836,-8.00965],[111.59835,-8.00941],[111.59805,-8.00869],[111.59755,-8.00857],[111.59736,-8.00828],[111.59784,-8.00785],[111.59712,-8.00758],[111.59673,-8.0076],[111.59663,-8.00814],[111.59628,-8.00912],[111.59601,-8.0095],[111.59563,-8.00984],[111.59555,-8.01037],[111.59606,-8.0106],[111.59636,-8.01039],[111.59678,-8.01062],[111.59722,-8.0108]],[[111.62599,-8.01085],[111.62673,-8.00934],[111.62603,-8.00891],[111.62562,-8.00859],[111.62523,-8.00949],[111.62581,-8.01071],[111.62599,-8.01085]],[[111.60512,-8.01088],[111.60518,-8.0107],[111.60504,-8.0103],[111.60443,-8.01012],[111.60396,-8.00992],[111.60357,-8.00931],[111.60321,-8.00922],[111.60344,-8.00975],[111.60343,-8.00997],[111.60317,-8.01018],[111.60348,-8.01062],[111.60395,-8.01076],[111.60445,-8.01072],[111.60512,-8.01088]],[[111.5769,-8.01138],[111.57722,-8.01097],[111.57753,-8.00996],[111.57721,-8.00925],[111.57699,-8.00853],[111.57641,-8.00802],[111.57628,-8.00774],[111.5766,-8.00712],[111.57657,-8.0067],[111.57622,-8.00673],[111.57563,-8.0078],[111.57538,-8.00859],[111.57541,-8.00911],[111.5763,-8.00892],[111.57676,-8.0097],[111.57702,-8.01008],[111.57669,-8.01119],[111.5769,-8.01138]],[[111.57073,-8.01166],[111.57077,-8.01161],[111.57141,-8.01152],[111.57155,-8.01015],[111.57149,-8.0094],[111.57186,-8.00917],[111.57195,-8.01098],[111.57227,-8.01106],[111.57267,-8.00974],[111.57315,-8.00859],[111.57243,-8.00865],[111.57067,-8.00931],[111.5707,-8.00978],[111.56986,-8.01016],[111.56978,-8.01037],[111.57033,-8.01115],[111.57053,-8.0116],[111.57073,-8.01166]],[[111.55312,-8.01195],[111.5532,-8.01168],[111.55372,-8.01173],[111.55389,-8.01147],[111.55284,-8.01102],[111.55254,-8.01138],[111.55245,-8.01187],[111.55312,-8.01195]],[[111.59632,-8.01216],[111.59628,-8.01148],[111.59616,-8.01128],[111.59537,-8.01103],[111.59495,-8.01095],[111.59501,-8.01149],[111.59582,-8.01184],[111.59591,-8.01212],[111.59632,-8.01216]],[[111.56891,-8.01229],[111.56895,-8.01215],[111.56921,-8.01171],[111.56903,-8.01094],[111.56815,-8.01105],[111.56796,-8.01128],[111.5676,-8.01124],[111.56742,-8.01165],[111.56825,-8.012],[111.56868,-8.01225],[111.56891,-8.01229]],[[111.61093,-8.01232],[111.61134,-8.01183],[111.61151,-8.01149],[111.61124,-8.0111],[111.61136,-8.01065],[111.61099,-8.01056],[111.61027,-8.01096],[111.61013,-8.01158],[111.61016,-8.01195],[111.6105,-8.01224],[111.61093,-8.01232]],[[111.60131,-8.01405],[111.60163,-8.01383],[111.60172,-8.01335],[111.60268,-8.01312],[111.60311,-8.01297],[111.60326,-8.01264],[111.6039,-8.01234],[111.60407,-8.01205],[111.60379,-8.01193],[111.60345,-8.01228],[111.60324,-8.01238],[111.60274,-8.01211],[111.60236,-8.01269],[111.60163,-8.01292],[111.60127,-8.0132],[111.60066,-8.01348],[111.60084,-8.01399],[111.60131,-8.01405]],[[111.5995,-8.01406],[111.59954,-8.01401],[111.59994,-8.0138],[111.60011,-8.01338],[111.60007,-8.013],[111.59958,-8.01284],[111.59919,-8.01307],[111.5987,-8.01328],[111.59883,-8.01397],[111.5995,-8.01406]],[[111.56483,-8.01411],[111.56497,-8.01388],[111.56566,-8.01297],[111.56578,-8.01234],[111.56591,-8.01198],[111.56449,-8.01175],[111.56452,-8.01101],[111.56403,-8.01081],[111.56353,-8.01144],[111.56342,-8.01144],[111.56306,-8.01053],[111.56277,-8.01045],[111.56211,-8.01079],[111.5615,-8.01099],[111.56189,-8.01135],[111.56264,-8.01216],[111.56316,-8.01198],[111.56353,-8.01217],[111.56397,-8.01216],[111.56445,-8.01254],[111.56472,-8.01313],[111.56469,-8.01406],[111.56483,-8.01411]],[[111.57799,-8.0149],[111.57824,-8.01456],[111.57812,-8.01414],[111.57801,-8.01338],[111.57806,-8.01298],[111.57785,-8.01269],[111.57777,-8.01214],[111.57813,-8.01133],[111.57791,-8.01106],[111.57762,-8.01143],[111.57729,-8.01201],[111.57676,-8.01241],[111.57668,-8.01267],[111.57736,-8.01289],[111.57792,-8.01485],[111.57799,-8.0149]],[[111.55022,-8.01494],[111.55046,-8.01455],[111.55043,-8.01342],[111.54989,-8.01318],[111.54922,-8.01352],[111.549,-8.01415],[111.54937,-8.01463],[111.54986,-8.01487],[111.55022,-8.01494]],[[111.65422,-8.01497],[111.65436,-8.01402],[111.65443,-8.01297],[111.65392,-8.01283],[111.65348,-8.0129],[111.65358,-8.01357],[111.65289,-8.01365],[111.65281,-8.01409],[111.65404,-8.01492],[111.65422,-8.01497]],[[111.5701,-8.01518],[111.57032,-8.01493],[111.5715,-8.015],[111.5724,-8.01495],[111.57347,-8.01472],[111.57359,-8.01385],[111.57341,-8.01369],[111.57332,-8.01278],[111.57299,-8.01268],[111.57212,-8.01288],[111.57213,-8.01355],[111.5719,-8.01369],[111.57069,-8.01343],[111.56994,-8.01323],[111.56976,-8.01324],[111.56977,-8.01372],[111.5689,-8.01367],[111.5686,-8.01388],[111.56842,-8.01456],[111.5701,-8.01518]],[[111.54778,-8.01621],[111.54782,-8.01616],[111.54807,-8.01605],[111.5482,-8.01575],[111.54814,-8.0154],[111.54777,-8.01525],[111.54742,-8.0153],[111.54726,-8.01567],[111.54732,-8.01602],[111.54778,-8.01621]],[[111.59941,-8.0165],[111.59974,-8.01597],[111.59993,-8.0158],[111.60054,-8.01585],[111.60064,-8.01523],[111.60126,-8.01505],[111.6014,-8.01456],[111.6005,-8.01424],[111.60009,-8.01447],[111.59962,-8.01455],[111.59941,-8.0148],[111.59927,-8.01542],[111.59882,-8.01618],[111.59884,-8.01644],[111.59941,-8.0165]],[[111.60177,-8.01704],[111.60184,-8.01696],[111.60259,-8.01661],[111.60348,-8.01511],[111.60363,-8.01464],[111.60383,-8.01414],[111.60455,-8.01391],[111.6048,-8.01362],[111.60432,-8.01328],[111.60352,-8.01349],[111.60304,-8.01366],[111.60287,-8.0142],[111.60317,-8.01464],[111.60317,-8.01486],[111.60295,-8.01547],[111.60234,-8.01619],[111.60183,-8.01644],[111.60172,-8.01582],[111.60158,-8.01564],[111.60133,-8.01615],[111.60136,-8.01691],[111.60177,-8.01704]],[[111.57872,-8.01734],[111.57889,-8.01703],[111.57993,-8.01727],[111.58003,-8.01695],[111.57854,-8.01644],[111.5781,-8.01651],[111.57794,-8.0169],[111.57796,-8.01707],[111.57859,-8.0172],[111.57872,-8.01734]],[[111.59143,-8.01859],[111.59136,-8.01778],[111.58944,-8.0179],[111.5893,-8.01816],[111.58986,-8.01842],[111.59143,-8.01859]],[[111.57918,-8.01861],[111.57931,-8.01778],[111.57828,-8.01759],[111.57809,-8.01843],[111.57918,-8.01861]],[[111.55114,-8.01919],[111.55131,-8.01841],[111.55066,-8.01795],[111.55016,-8.01814],[111.55042,-8.0186],[111.55064,-8.0191],[111.55114,-8.01919]],[[111.57265,-8.02061],[111.57282,-8.02042],[111.57344,-8.01986],[111.57405,-8.02011],[111.57459,-8.01961],[111.57426,-8.019],[111.57381,-8.01836],[111.57303,-8.0189],[111.57196,-8.01985],[111.57197,-8.02008],[111.57227,-8.02021],[111.57265,-8.02061]],[[111.65041,-8.02058],[111.65078,-8.02033],[111.65126,-8.01967],[111.65272,-8.01932],[111.65282,-8.01856],[111.65342,-8.01769],[111.65361,-8.01609],[111.65327,-8.0161],[111.65216,-8.01771],[111.64982,-8.01852],[111.65025,-8.02053],[111.65041,-8.02058]],[[111.57483,-8.02124],[111.57479,-8.02091],[111.57455,-8.0206],[111.57476,-8.01991],[111.57467,-8.01966],[111.57419,-8.02038],[111.57382,-8.02047],[111.57393,-8.02097],[111.57426,-8.0212],[111.57483,-8.02124]],[[111.58816,-8.02131],[111.58821,-8.02126],[111.58846,-8.02115],[111.58858,-8.02086],[111.58856,-8.02067],[111.58839,-8.02036],[111.58849,-8.01937],[111.58847,-8.01913],[111.58809,-8.01883],[111.58789,-8.01906],[111.58776,-8.02004],[111.58794,-8.02036],[111.58776,-8.02051],[111.58765,-8.02076],[111.58769,-8.02112],[111.58816,-8.02131]],[[111.55541,-8.02208],[111.55546,-8.02194],[111.55538,-8.02139],[111.55502,-8.02122],[111.55514,-8.02203],[111.55541,-8.02208]],[[111.57083,-8.02242],[111.57097,-8.02228],[111.57115,-8.02201],[111.57188,-8.02192],[111.57197,-8.0218],[111.57155,-8.02142],[111.57015,-8.02124],[111.5712,-8.02067],[111.57154,-8.01995],[111.57171,-8.01837],[111.57152,-8.01766],[111.5696,-8.01676],[111.56915,-8.01714],[111.56981,-8.01756],[111.56963,-8.01843],[111.56926,-8.01934],[111.56899,-8.02018],[111.56934,-8.02084],[111.56946,-8.0215],[111.56979,-8.02165],[111.57016,-8.02193],[111.5704,-8.02192],[111.57054,-8.02236],[111.57083,-8.02242]],[[111.5614,-8.02316],[111.5618,-8.02277],[111.5616,-8.02224],[111.56104,-8.02211],[111.56059,-8.02186],[111.56045,-8.02227],[111.56068,-8.0231],[111.5614,-8.02316]],[[111.56766,-8.0236],[111.5677,-8.02346],[111.56804,-8.023],[111.56713,-8.0225],[111.56675,-8.02279],[111.56741,-8.02353],[111.56766,-8.0236]],[[111.58336,-8.02412],[111.5834,-8.02407],[111.58377,-8.02399],[111.58397,-8.02356],[111.58374,-8.02322],[111.58358,-8.02308],[111.5834,-8.02285],[111.58379,-8.02267],[111.58376,-8.02183],[111.58264,-8.02173],[111.58241,-8.02201],[111.58277,-8.02254],[111.58286,-8.02295],[111.58252,-8.02311],[111.58076,-8.02165],[111.58078,-8.02113],[111.57956,-8.02013],[111.5789,-8.02],[111.57818,-8.01962],[111.57784,-8.01926],[111.57745,-8.0194],[111.57686,-8.01937],[111.57524,-8.01887],[111.57496,-8.02005],[111.57623,-8.02065],[111.57636,-8.02143],[111.57686,-8.02155],[111.57696,-8.02076],[111.57763,-8.021],[111.5783,-8.02145],[111.5785,-8.0221],[111.5774,-8.02245],[111.5771,-8.02277],[111.57715,-8.02389],[111.5785,-8.02361],[111.57914,-8.02372],[111.58009,-8.02383],[111.58059,-8.02357],[111.58018,-8.02297],[111.58047,-8.02263],[111.58152,-8.02373],[111.58225,-8.02396],[111.58322,-8.02407],[111.58336,-8.02412]],[[111.55949,-8.02451],[111.55954,-8.02447],[111.56029,-8.02429],[111.56117,-8.0242],[111.56187,-8.02405],[111.56199,-8.0236],[111.56158,-8.02341],[111.55931,-8.02355],[111.559,-8.02338],[111.55876,-8.0233],[111.55863,-8.02386],[111.55896,-8.02446],[111.55949,-8.02451]],[[111.57392,-8.02468],[111.57408,-8.02447],[111.57434,-8.02436],[111.57441,-8.02417],[111.57461,-8.02391],[111.57457,-8.02373],[111.57439,-8.02396],[111.57414,-8.02415],[111.5737,-8.02433],[111.57352,-8.02461],[111.57392,-8.02468]],[[111.57701,-8.02549],[111.57716,-8.02534],[111.57735,-8.02447],[111.57709,-8.02418],[111.57657,-8.02483],[111.57662,-8.02517],[111.57701,-8.02549]],[[111.56657,-8.02577],[111.56661,-8.02572],[111.56672,-8.02527],[111.5666,-8.02508],[111.5661,-8.02492],[111.56619,-8.02548],[111.56657,-8.02577]],[[111.57892,-8.02612],[111.57905,-8.02589],[111.57968,-8.02565],[111.57946,-8.02506],[111.57987,-8.02454],[111.57995,-8.02401],[111.57908,-8.0241],[111.57872,-8.02474],[111.57891,-8.02558],[111.57854,-8.02605],[111.57892,-8.02612]],[[111.55641,-8.02642],[111.5567,-8.02615],[111.55681,-8.02453],[111.55632,-8.02417],[111.55602,-8.02434],[111.55569,-8.02471],[111.55575,-8.02582],[111.55601,-8.0263],[111.55641,-8.02642]],[[111.57474,-8.02666],[111.57505,-8.02642],[111.57453,-8.02607],[111.57398,-8.026],[111.57389,-8.02633],[111.57431,-8.02663],[111.57474,-8.02666]],[[111.56313,-8.02695],[111.56329,-8.02627],[111.56324,-8.02573],[111.5625,-8.02487],[111.56232,-8.02472],[111.56154,-8.02479],[111.56194,-8.0255],[111.56189,-8.02607],[111.56239,-8.02686],[111.56313,-8.02695]],[[111.57247,-8.0273],[111.57252,-8.02725],[111.57276,-8.02714],[111.57297,-8.02658],[111.5727,-8.02608],[111.57274,-8.02572],[111.57335,-8.02605],[111.57332,-8.0256],[111.57306,-8.02537],[111.57296,-8.02426],[111.57252,-8.02405],[111.57186,-8.02409],[111.57189,-8.02472],[111.57153,-8.02484],[111.57143,-8.02538],[111.57162,-8.02573],[111.57226,-8.02573],[111.57223,-8.02614],[111.57179,-8.02599],[111.57161,-8.02598],[111.57209,-8.02656],[111.57252,-8.02653],[111.57261,-8.02683],[111.57234,-8.02707],[111.57225,-8.02723],[111.57247,-8.0273]],[[111.55877,-8.02741],[111.55881,-8.02736],[111.5593,-8.02721],[111.56014,-8.02686],[111.56087,-8.02592],[111.56146,-8.02555],[111.56144,-8.02518],[111.56101,-8.02498],[111.56025,-8.02551],[111.55816,-8.02677],[111.5582,-8.0273],[111.55877,-8.02741]],[[111.57973,-8.02747],[111.57977,-8.02742],[111.58008,-8.02724],[111.58093,-8.02706],[111.58066,-8.0264],[111.5802,-8.02621],[111.57987,-8.02626],[111.5797,-8.02623],[111.57925,-8.02659],[111.57915,-8.02703],[111.57938,-8.02741],[111.57973,-8.02747]],[[111.55378,-8.0285],[111.55403,-8.02778],[111.55492,-8.02801],[111.555,-8.02774],[111.55387,-8.02722],[111.5531,-8.0271],[111.55263,-8.02675],[111.5521,-8.02709],[111.55256,-8.02813],[111.5529,-8.02843],[111.55378,-8.0285]],[[111.57983,-8.02883],[111.57986,-8.02877],[111.58016,-8.02861],[111.58022,-8.02829],[111.57989,-8.02816],[111.5797,-8.02852],[111.57959,-8.02859],[111.57952,-8.02879],[111.57983,-8.02883]],[[111.56259,-8.02921],[111.56254,-8.0288],[111.56226,-8.02816],[111.56227,-8.02797],[111.56276,-8.02801],[111.56489,-8.02862],[111.56616,-8.02916],[111.56626,-8.02868],[111.56591,-8.02838],[111.56465,-8.02782],[111.56365,-8.02697],[111.56327,-8.02727],[111.56203,-8.0274],[111.56122,-8.02758],[111.56049,-8.02803],[111.56008,-8.02874],[111.56011,-8.02907],[111.56079,-8.02888],[111.56127,-8.02832],[111.56162,-8.02809],[111.56232,-8.02917],[111.56259,-8.02921]],[[111.58046,-8.02973],[111.5805,-8.02968],[111.58072,-8.0296],[111.58065,-8.0293],[111.58108,-8.02914],[111.58104,-8.02893],[111.58035,-8.0291],[111.58021,-8.02967],[111.58046,-8.02973]],[[111.55986,-8.03012],[111.56,-8.0299],[111.56009,-8.02954],[111.55928,-8.0286],[111.55915,-8.02789],[111.55887,-8.02791],[111.55858,-8.02825],[111.55866,-8.02919],[111.55944,-8.03007],[111.55986,-8.03012]],[[111.55605,-8.03013],[111.55641,-8.02976],[111.55655,-8.02916],[111.55597,-8.029],[111.55504,-8.02924],[111.55422,-8.02907],[111.55342,-8.02865],[111.55229,-8.02852],[111.5522,-8.02904],[111.55287,-8.02944],[111.55468,-8.03006],[111.55605,-8.03013]],[[111.54907,-8.03095],[111.54929,-8.03075],[111.54938,-8.02979],[111.54917,-8.02942],[111.54863,-8.02946],[111.54826,-8.03036],[111.54831,-8.03091],[111.54907,-8.03095]],[[111.57602,-8.03109],[111.57616,-8.03087],[111.57625,-8.02995],[111.57719,-8.02973],[111.57783,-8.03028],[111.57843,-8.03023],[111.5784,-8.02982],[111.57806,-8.02953],[111.57795,-8.02928],[111.57759,-8.02906],[111.57763,-8.02858],[111.57715,-8.02862],[111.57674,-8.02859],[111.57643,-8.02862],[111.57633,-8.02936],[111.57612,-8.02974],[111.57586,-8.02996],[111.57588,-8.03024],[111.57586,-8.03056],[111.5756,-8.03078],[111.57561,-8.03097],[111.57602,-8.03109]],[[111.56095,-8.03139],[111.561,-8.03134],[111.56125,-8.03123],[111.56137,-8.03094],[111.56133,-8.03058],[111.56098,-8.03044],[111.56103,-8.03003],[111.56088,-8.02978],[111.56122,-8.02951],[111.56184,-8.02958],[111.5618,-8.0293],[111.56112,-8.02918],[111.56047,-8.02969],[111.56037,-8.03022],[111.56055,-8.03053],[111.56045,-8.03089],[111.56049,-8.0312],[111.56095,-8.03139]],[[111.57529,-8.03155],[111.57542,-8.03118],[111.57502,-8.03096],[111.57489,-8.03147],[111.57529,-8.03155]],[[111.56313,-8.03247],[111.56326,-8.03213],[111.56347,-8.03118],[111.56324,-8.03086],[111.56328,-8.03045],[111.5636,-8.03],[111.56334,-8.02989],[111.56299,-8.03046],[111.56223,-8.03093],[111.56228,-8.0316],[111.56295,-8.0317],[111.56289,-8.03243],[111.56313,-8.03247]],[[111.57157,-8.03273],[111.57184,-8.03224],[111.5721,-8.03254],[111.57265,-8.0323],[111.57261,-8.03185],[111.57195,-8.03166],[111.57125,-8.03116],[111.57104,-8.0307],[111.57052,-8.03061],[111.57031,-8.03049],[111.57053,-8.02998],[111.57064,-8.02949],[111.57013,-8.02906],[111.56994,-8.02908],[111.57025,-8.02992],[111.56989,-8.03043],[111.57019,-8.03081],[111.57015,-8.03124],[111.57038,-8.03133],[111.57071,-8.03114],[111.57085,-8.03116],[111.57077,-8.03216],[111.57136,-8.03267],[111.57157,-8.03273]],[[111.56577,-8.03274],[111.56601,-8.03188],[111.56567,-8.03158],[111.56545,-8.03128],[111.56572,-8.03116],[111.56581,-8.03102],[111.56531,-8.03057],[111.56475,-8.03034],[111.56388,-8.03053],[111.56371,-8.03072],[111.56373,-8.03099],[111.56433,-8.03117],[111.56475,-8.03095],[111.56524,-8.03112],[111.56553,-8.03208],[111.56533,-8.03226],[111.56486,-8.03224],[111.5643,-8.03194],[111.56409,-8.0317],[111.56382,-8.03169],[111.56434,-8.03233],[111.56491,-8.03268],[111.56577,-8.03274]],[[111.57729,-8.03299],[111.57756,-8.03253],[111.57832,-8.03219],[111.57875,-8.03159],[111.57961,-8.03136],[111.5796,-8.03118],[111.57939,-8.03081],[111.57882,-8.03064],[111.57743,-8.03095],[111.577,-8.03128],[111.57688,-8.03208],[111.57652,-8.03231],[111.57616,-8.03265],[111.57678,-8.03293],[111.57729,-8.03299]],[[111.54544,-8.03331],[111.54548,-8.03326],[111.5463,-8.03289],[111.54639,-8.03136],[111.5467,-8.03023],[111.54708,-8.02934],[111.54774,-8.02887],[111.5483,-8.02874],[111.54867,-8.0286],[111.54864,-8.02829],[111.54788,-8.0282],[111.54681,-8.02859],[111.54621,-8.0291],[111.5457,-8.03002],[111.54518,-8.03138],[111.54474,-8.03286],[111.54477,-8.03326],[111.54544,-8.03331]],[[111.56649,-8.03355],[111.56653,-8.0335],[111.56718,-8.03333],[111.56756,-8.03311],[111.5685,-8.03321],[111.5693,-8.03257],[111.56916,-8.03231],[111.56825,-8.03241],[111.56827,-8.03215],[111.5682,-8.03206],[111.56743,-8.0325],[111.56657,-8.03213],[111.56603,-8.03228],[111.56591,-8.03294],[111.56621,-8.03347],[111.56649,-8.03355]],[[111.54798,-8.03394],[111.54802,-8.03389],[111.54862,-8.03355],[111.54888,-8.03293],[111.54934,-8.0323],[111.54947,-8.03198],[111.54885,-8.03148],[111.54843,-8.03131],[111.54725,-8.03114],[111.54694,-8.03135],[111.54705,-8.03226],[111.54739,-8.03283],[111.54748,-8.03363],[111.54762,-8.03388],[111.54798,-8.03394]],[[111.56477,-8.03491],[111.56487,-8.03466],[111.56449,-8.0337],[111.564,-8.03342],[111.5641,-8.03416],[111.5645,-8.03483],[111.56477,-8.03491]],[[111.54572,-8.03566],[111.54589,-8.03549],[111.54676,-8.03525],[111.54694,-8.03498],[111.54497,-8.03468],[111.54554,-8.03561],[111.54572,-8.03566]],[[111.56486,-8.0369],[111.56515,-8.03674],[111.56527,-8.03649],[111.56555,-8.0364],[111.56619,-8.03586],[111.567,-8.03541],[111.56708,-8.03529],[111.56685,-8.03463],[111.56481,-8.03511],[111.5641,-8.03588],[111.56428,-8.03623],[111.56428,-8.03686],[111.5647,-8.03684],[111.56486,-8.0369]],[[111.57149,-8.03861],[111.57157,-8.03835],[111.57253,-8.03843],[111.57262,-8.03798],[111.57141,-8.03752],[111.57109,-8.03775],[111.57072,-8.03792],[111.57057,-8.03857],[111.57149,-8.03861]],[[111.56668,-8.03871],[111.56672,-8.03866],[111.56714,-8.03847],[111.56745,-8.03808],[111.56716,-8.03757],[111.5676,-8.03737],[111.56795,-8.03676],[111.56841,-8.03667],[111.56941,-8.03704],[111.56972,-8.03739],[111.57012,-8.03748],[111.57007,-8.03691],[111.56908,-8.03649],[111.56866,-8.03626],[111.56878,-8.03482],[111.56859,-8.03432],[111.56808,-8.03423],[111.56781,-8.03413],[111.56717,-8.03405],[111.567,-8.03458],[111.56763,-8.03486],[111.5679,-8.03509],[111.56762,-8.03559],[111.5664,-8.03624],[111.56603,-8.03667],[111.56534,-8.03685],[111.56506,-8.03719],[111.5651,-8.03767],[111.56601,-8.03866],[111.56668,-8.03871]],[[111.5538,-8.03872],[111.55375,-8.03804],[111.55351,-8.03699],[111.55394,-8.03637],[111.55461,-8.03584],[111.55502,-8.03615],[111.5559,-8.03625],[111.55692,-8.03578],[111.55744,-8.03565],[111.55828,-8.03578],[111.55956,-8.03587],[111.56029,-8.03584],[111.56087,-8.03537],[111.56103,-8.03488],[111.56099,-8.03388],[111.55921,-8.03378],[111.55714,-8.03343],[111.55559,-8.03334],[111.55414,-8.03364],[111.55315,-8.03361],[111.55235,-8.03364],[111.55169,-8.03381],[111.55096,-8.0342],[111.55007,-8.03588],[111.54994,-8.03691],[111.55033,-8.03755],[111.551,-8.0381],[111.55212,-8.03834],[111.55311,-8.03859],[111.5538,-8.03872]],[[111.57059,-8.0415],[111.57063,-8.04136],[111.57081,-8.04105],[111.56993,-8.0408],[111.56964,-8.04107],[111.5701,-8.04144],[111.57059,-8.0415]],[[111.56351,-8.04151],[111.56358,-8.04134],[111.56354,-8.04101],[111.56395,-8.04093],[111.56391,-8.04062],[111.56373,-8.04048],[111.56364,-8.03967],[111.56322,-8.03957],[111.56306,-8.03994],[111.56283,-8.03991],[111.56265,-8.04053],[111.5632,-8.04065],[111.56341,-8.04092],[111.5631,-8.04101],[111.56256,-8.04122],[111.56308,-8.04144],[111.56351,-8.04151]],[[111.55671,-8.0427],[111.55702,-8.04239],[111.55721,-8.04174],[111.55802,-8.04175],[111.55817,-8.04114],[111.55729,-8.04075],[111.55709,-8.04015],[111.55734,-8.03978],[111.55811,-8.03967],[111.55874,-8.03912],[111.559,-8.03894],[111.55965,-8.03948],[111.55992,-8.03966],[111.5606,-8.04037],[111.56102,-8.04057],[111.5614,-8.04037],[111.5618,-8.03996],[111.56192,-8.03914],[111.56117,-8.03894],[111.56074,-8.03894],[111.56049,-8.03881],[111.56099,-8.03833],[111.56208,-8.0382],[111.56333,-8.03884],[111.56356,-8.03755],[111.56355,-8.03708],[111.56309,-8.03686],[111.56292,-8.03668],[111.56217,-8.03659],[111.56102,-8.03688],[111.56042,-8.03709],[111.55891,-8.03776],[111.55708,-8.03786],[111.55539,-8.03811],[111.55529,-8.0385],[111.5556,-8.03909],[111.55547,-8.03958],[111.55524,-8.04089],[111.55551,-8.04114],[111.55526,-8.04174],[111.55604,-8.04199],[111.55578,-8.04262],[111.55671,-8.0427]],[[111.56315,-8.04296],[111.5632,-8.04282],[111.56298,-8.04265],[111.56302,-8.04234],[111.56344,-8.0424],[111.56336,-8.04211],[111.56267,-8.04221],[111.56276,-8.04286],[111.56315,-8.04296]],[[111.56515,-8.04323],[111.56525,-8.04293],[111.56501,-8.04247],[111.56501,-8.0423],[111.5653,-8.04161],[111.56517,-8.04124],[111.56468,-8.04111],[111.56447,-8.0423],[111.56491,-8.04319],[111.56515,-8.04323]],[[111.57023,-8.04404],[111.57028,-8.04389],[111.57019,-8.04241],[111.56991,-8.04228],[111.56982,-8.04199],[111.56919,-8.0418],[111.56909,-8.0411],[111.56879,-8.04096],[111.56855,-8.04148],[111.56809,-8.04145],[111.56676,-8.04154],[111.56645,-8.04137],[111.5662,-8.04165],[111.56591,-8.04155],[111.56563,-8.04165],[111.56565,-8.04199],[111.56601,-8.0421],[111.56629,-8.04254],[111.56717,-8.04294],[111.5676,-8.04217],[111.56882,-8.04224],[111.56892,-8.04287],[111.56928,-8.04304],[111.56987,-8.04322],[111.57001,-8.04337],[111.57001,-8.04397],[111.57023,-8.04404]],[[111.55707,-8.04478],[111.55729,-8.04427],[111.55688,-8.04408],[111.55587,-8.04339],[111.55575,-8.04301],[111.55448,-8.04248],[111.55396,-8.04124],[111.5535,-8.0411],[111.55337,-8.04068],[111.55371,-8.04034],[111.55338,-8.04003],[111.55315,-8.03932],[111.55274,-8.03922],[111.55249,-8.0395],[111.55308,-8.04103],[111.55328,-8.04186],[111.55377,-8.04298],[111.55454,-8.04342],[111.55629,-8.0446],[111.55707,-8.04478]],[[111.55989,-8.04532],[111.55992,-8.04526],[111.56014,-8.04518],[111.56008,-8.04491],[111.5597,-8.04465],[111.55921,-8.04476],[111.55912,-8.0451],[111.55989,-8.04532]],[[111.56415,-8.04585],[111.56429,-8.04563],[111.56437,-8.04541],[111.56409,-8.04517],[111.56411,-8.04491],[111.5638,-8.04452],[111.56338,-8.04433],[111.56275,-8.04487],[111.56334,-8.04579],[111.56415,-8.04585]],[[111.55508,-8.0474],[111.55521,-8.04717],[111.55576,-8.04709],[111.55573,-8.04674],[111.55545,-8.04664],[111.5555,-8.04708],[111.55485,-8.0469],[111.55476,-8.04693],[111.55495,-8.04708],[111.55503,-8.04736],[111.55508,-8.0474]],[[111.55853,-8.04812],[111.55856,-8.04807],[111.55876,-8.048],[111.55884,-8.04767],[111.55857,-8.04749],[111.55849,-8.04717],[111.55803,-8.04709],[111.55795,-8.04795],[111.55853,-8.04812]],[[111.55508,-8.04894],[111.55556,-8.04859],[111.55584,-8.04827],[111.55557,-8.0479],[111.55461,-8.04782],[111.5544,-8.04809],[111.5546,-8.04875],[111.55508,-8.04894]],[[111.55735,-8.0493],[111.55767,-8.04907],[111.55766,-8.04866],[111.55707,-8.04779],[111.55739,-8.04732],[111.55703,-8.04709],[111.55684,-8.0468],[111.55658,-8.04682],[111.55685,-8.04708],[111.55694,-8.04727],[111.55712,-8.04736],[111.55721,-8.04743],[111.55657,-8.04754],[111.55631,-8.04767],[111.5565,-8.04841],[111.55694,-8.04913],[111.55735,-8.0493]]],[[[111.53253,-7.98922],[111.53232,-7.98772],[111.53213,-7.98469],[111.53217,-7.98425],[111.53302,-7.98416],[111.53327,-7.98454],[111.53405,-7.98452],[111.53424,-7.98392],[111.53453,-7.98407],[111.53508,-7.98425],[111.53497,-7.98496],[111.53478,-7.9859],[111.53425,-7.98615],[111.53395,-7.98678],[111.5329,-7.98688],[111.53279,-7.98711],[111.53302,-7.98844],[111.53327,-7.98868],[111.53336,-7.98913],[111.53253,-7.98922]]],[[[111.53224,-7.97241],[111.53079,-7.97239],[111.53061,-7.97168],[111.53027,-7.97157],[111.53011,-7.97109],[111.52953,-7.97103],[111.52953,-7.97087],[111.52851,-7.97083],[111.52803,-7.97087],[111.52307,-7.97103],[111.523,-7.97043],[111.52301,-7.97019],[111.52296,-7.96966],[111.52291,-7.96807],[111.52182,-7.96818],[111.52158,-7.96831],[111.52148,-7.96669],[111.52144,-7.96664],[111.52134,-7.96662],[111.52131,-7.96658],[111.52127,-7.96611],[111.51877,-7.96601],[111.5188,-7.96352],[111.52011,-7.96337],[111.5204,-7.96326],[111.52163,-7.96336],[111.52171,-7.9632],[111.52245,-7.9633],[111.52346,-7.96335],[111.52501,-7.96351],[111.52578,-7.96365],[111.527,-7.96378],[111.52713,-7.96382],[111.52722,-7.96388],[111.52724,-7.96394],[111.52728,-7.96428],[111.52739,-7.96434],[111.52763,-7.96457],[111.52782,-7.96463],[111.52829,-7.96459],[111.52842,-7.96464],[111.52861,-7.96482],[111.52881,-7.96481],[111.52903,-7.96485],[111.5291,-7.96483],[111.52913,-7.96481],[111.52923,-7.96457],[111.5293,-7.96452],[111.52939,-7.96451],[111.5296,-7.9647],[111.52967,-7.96491],[111.52978,-7.96493],[111.53009,-7.9649],[111.53027,-7.96518],[111.53042,-7.96531],[111.53059,-7.96529],[111.53058,-7.96503],[111.5307,-7.96497],[111.53077,-7.96489],[111.53082,-7.9664],[111.53089,-7.96641],[111.5309,-7.96636],[111.53125,-7.96641],[111.53185,-7.96644],[111.53192,-7.96659],[111.53192,-7.96678],[111.53234,-7.96683],[111.53224,-7.96749],[111.53215,-7.96861],[111.53248,-7.96892],[111.53265,-7.96994],[111.53286,-7.97005],[111.53297,-7.9696],[111.53336,-7.96951],[111.53486,-7.96989],[111.53506,-7.96969],[111.53541,-7.9696],[111.53551,-7.97072],[111.53361,-7.97103],[111.53352,-7.97167],[111.53433,-7.97177],[111.53442,-7.97231],[111.53224,-7.97241]],[[111.53266,-7.97191],[111.5327,-7.97186],[111.53322,-7.97176],[111.53315,-7.97086],[111.5323,-7.97092],[111.53237,-7.97182],[111.53266,-7.97191]]],[[[111.63889,-7.95697],[111.63885,-7.95695],[111.6389,-7.95696],[111.63889,-7.95697]]],[[[111.53248,-7.95711],[111.53214,-7.95708],[111.53185,-7.9571],[111.53171,-7.95639],[111.5317,-7.95617],[111.53631,-7.95584],[111.53634,-7.95588],[111.53567,-7.95633],[111.53496,-7.95636],[111.53386,-7.95625],[111.53327,-7.95625],[111.53302,-7.95703],[111.53297,-7.95707],[111.53248,-7.95711]]]]}}]}