{"type":"FeatureCollection","features":[{"type":"Feature","properties":{"NAMOBJ":"375","REMARK":"Garis Kontur","JNSKNT":2,"VALKNT":375},"geometry":{"type":"LineString","coordinates":[[111.59254,-7.98783],[111.59253,-7.98784],[111.59255,-7.98785],[111.59255,-7.98783],[111.59254,-7.98783]]}},{"type":"Feature","properties":{"NAMOBJ":"625","REMARK":"Garis Kontur","JNSKNT":2,"VALKNT":625},"geometry":{"type":"LineString","coordinates":[[111.62828,-7.96054],[111.62816,-7.96066],[111.62776,-7.96051],[111.62746,-7.96062],[111.62776,-7.96108],[111.62895,-7.96068],[111.62972,-7.96099],[111.62977,-7.9606],[111.63019,-7.96034],[111.63026,-7.9601],[111.62959,-7.9603],[111.62906,-7.96019],[111.62866,-7.96028],[111.62828,-7.96054]]}},{"type":"Feature","properties":{"NAMOBJ":"525","REMARK":"Garis Kontur","JNSKNT":2,"VALKNT":525},"geometry":{"type":"LineString","coordinates":[[111.57692,-8.01787],[111.57706,-8.01784],[111.57675,-8.01737],[111.57582,-8.01756],[111.57561,-8.01771],[111.57616,-8.01799],[111.57644,-8.01775],[111.57692,-8.01787]]}},{"type":"Feature","properties":{"NAMOBJ":"462.5","REMARK":"Garis Kontur","JNSKNT":2,"VALKNT":462.5},"geometry":{"type":"LineString","coordinates":[[111.58746,-7.95492],[111.58755,-7.95484],[111.58746,-7.95474],[111.58742,-7.95481],[111.58746,-7.95492]]}},{"type":"Feature","properties":{"NAMOBJ":"537.5","REMARK":"Garis Kontur","JNSKNT":2,"VALKNT":537.5},"geometry":{"type":"LineString","coordinates":[[111.65633,-7.97586],[111.65602,-7.97598],[111.65585,-7.97661],[111.65554,-7.97708],[111.65516,-7.97698],[111.65517,-7.9774],[111.65409,-7.97884],[111.6536,-7.97871],[111.65343,-7.97893],[111.65289,-7.97894],[111.65268,-7.97848],[111.6521,-7.97808],[111.65197,-7.9781],[111.65172,-7.9786],[111.65091,-7.97849],[111.65096,-7.97945],[111.6507,-7.97992],[111.65078,-7.98013],[111.65135,-7.98059],[111.65057,-7.98153],[111.65019,-7.98219],[111.65021,-7.9824],[111.65007,-7.98236],[111.64968,-7.98276],[111.64879,-7.98247],[111.64782,-7.98252],[111.64782,-7.98324],[111.64844,-7.98496],[111.64842,-7.98554],[111.64886,-7.986],[111.64828,-7.98715],[111.64868,-7.98817],[111.64861,-7.98828],[111.64789,-7.98797],[111.64726,-7.98732],[111.64698,-7.98621],[111.6462,-7.98648],[111.64589,-7.98707],[111.64547,-7.98709],[111.64565,-7.98748],[111.64591,-7.98768],[111.6458,-7.98811],[111.64641,-7.9884],[111.64643,-7.98883],[111.64703,-7.98934],[111.64664,-7.98997],[111.64648,-7.98931],[111.6463,-7.98917],[111.64604,-7.98904],[111.64585,-7.98912],[111.64481,-7.98901],[111.64452,-7.98847],[111.64316,-7.98793],[111.64324,-7.98775],[111.64313,-7.98701],[111.64288,-7.98665],[111.64268,-7.98661],[111.64226,-7.98687],[111.64205,-7.9868],[111.64213,-7.98701],[111.64254,-7.98702],[111.64264,-7.98731],[111.64267,-7.9876],[111.64241,-7.98794],[111.64264,-7.98838],[111.64258,-7.98891],[111.64271,-7.98945],[111.64229,-7.99008],[111.64168,-7.99005],[111.64154,-7.99022],[111.64141,-7.99013],[111.64073,-7.99053],[111.64118,-7.99072],[111.64163,-7.99053],[111.64187,-7.99074],[111.64238,-7.99045],[111.64266,-7.99045],[111.64304,-7.99087],[111.64336,-7.99082],[111.64391,-7.99182],[111.64434,-7.99195],[111.64455,-7.99176],[111.64515,-7.99161],[111.64544,-7.99209],[111.64516,-7.99235],[111.64457,-7.99237],[111.64434,-7.99217],[111.64369,-7.99219],[111.64353,-7.99209],[111.6432,-7.99228],[111.64316,-7.99248],[111.64292,-7.99266],[111.64254,-7.99264],[111.64247,-7.99336],[111.64177,-7.99345],[111.64145,-7.99383],[111.64109,-7.99378],[111.64074,-7.99403],[111.64145,-7.99426],[111.64258,-7.99435],[111.64304,-7.995],[111.64341,-7.99589],[111.64333,-7.99667],[111.64267,-7.99715],[111.64165,-7.99722],[111.6414,-7.99747],[111.64062,-7.9978],[111.64043,-7.99771],[111.63966,-7.99668],[111.63865,-7.99837],[111.63841,-7.99779],[111.6383,-7.9969],[111.63745,-7.99776],[111.63655,-7.99781],[111.63611,-7.99708],[111.63541,-7.99725],[111.63428,-7.99608],[111.63387,-7.9955],[111.63422,-7.99496],[111.63367,-7.99469],[111.63327,-7.99497],[111.63298,-7.99548],[111.63262,-7.99449],[111.63233,-7.99449],[111.63218,-7.99434],[111.63182,-7.99455],[111.63204,-7.99507],[111.63169,-7.9964],[111.63196,-7.99732],[111.63118,-7.99784],[111.63116,-7.99848],[111.63067,-7.99829],[111.63046,-7.99838],[111.63023,-7.99952],[111.62967,-7.99994],[111.62866,-8.00038],[111.62794,-8.00045],[111.62764,-8.0008],[111.62768,-7.99946],[111.62777,-7.99926],[111.62745,-7.99864],[111.6275,-7.99784],[111.6274,-7.99776],[111.62687,-7.99794],[111.62633,-7.99776],[111.62595,-7.9981],[111.6259,-7.99831],[111.62546,-7.99791],[111.62544,-7.99762],[111.62524,-7.99748],[111.62429,-7.99736],[111.62402,-7.99704],[111.6241,-7.99684],[111.62341,-7.997],[111.62314,-7.9968],[111.62246,-7.99702],[111.62084,-7.99647],[111.61991,-7.99636],[111.61962,-7.99614],[111.61914,-7.99659],[111.61864,-7.99743],[111.61791,-7.99785],[111.61782,-7.99751],[111.61799,-7.99696],[111.61785,-7.99696],[111.61834,-7.99652],[111.61857,-7.99586],[111.61853,-7.99521],[111.61806,-7.99444],[111.61874,-7.99405],[111.61878,-7.99267],[111.6191,-7.99231],[111.61908,-7.99145],[111.61894,-7.99132],[111.61892,-7.991],[111.61925,-7.99044],[111.61975,-7.99007],[111.61951,-7.98959],[111.62006,-7.98884],[111.62014,-7.98828],[111.62069,-7.98798],[111.62144,-7.98734],[111.62086,-7.98682],[111.62048,-7.98602],[111.61985,-7.98535],[111.6191,-7.98603],[111.61803,-7.98549],[111.61777,-7.98614],[111.61703,-7.987],[111.61617,-7.98655],[111.61539,-7.98685],[111.61494,-7.98555],[111.6142,-7.98528],[111.61406,-7.985],[111.61396,-7.98475],[111.61436,-7.98439],[111.61437,-7.98404],[111.61387,-7.98357],[111.61383,-7.98309],[111.61364,-7.98308],[111.61277,-7.98385],[111.61265,-7.98409],[111.61238,-7.98407],[111.61231,-7.98343],[111.61244,-7.98318],[111.61206,-7.98249],[111.61203,-7.98158],[111.61117,-7.98172],[111.61071,-7.98113],[111.61035,-7.98093],[111.61047,-7.9802],[111.61065,-7.97985],[111.6104,-7.97925],[111.61094,-7.97834],[111.61141,-7.97799],[111.61154,-7.97799],[111.61159,-7.97817],[111.61156,-7.97877],[111.61188,-7.97909],[111.61208,-7.97906],[111.61285,-7.97819],[111.6134,-7.97812],[111.61332,-7.97883],[111.61264,-7.97965],[111.61251,-7.9806],[111.61308,-7.98012],[111.61355,-7.97994],[111.61404,-7.97993],[111.61457,-7.9791],[111.61478,-7.97852],[111.61537,-7.97797],[111.61603,-7.97772],[111.61616,-7.97785],[111.6163,-7.97894],[111.61623,-7.97945],[111.61642,-7.98003],[111.61636,-7.98176],[111.61618,-7.98228],[111.61659,-7.98273],[111.6171,-7.98258],[111.6174,-7.98263],[111.61785,-7.98227],[111.61776,-7.98258],[111.61794,-7.98306],[111.61824,-7.98266],[111.61945,-7.98337],[111.61996,-7.98338],[111.62006,-7.98391],[111.62072,-7.98404],[111.62206,-7.98477],[111.62256,-7.98492],[111.62271,-7.98477],[111.62363,-7.98465],[111.62459,-7.9853],[111.62553,-7.98566],[111.62622,-7.98544],[111.62679,-7.9857],[111.62712,-7.98569],[111.6273,-7.98549],[111.62792,-7.98568],[111.6281,-7.98552],[111.62897,-7.98528],[111.62901,-7.98513],[111.62787,-7.98528],[111.62721,-7.98512],[111.62686,-7.98536],[111.62631,-7.98473],[111.626,-7.985],[111.62543,-7.98516],[111.62507,-7.98483],[111.62458,-7.9847],[111.62421,-7.98383],[111.62338,-7.98408],[111.62304,-7.9839],[111.62296,-7.98357],[111.62257,-7.9833],[111.62269,-7.98275],[111.62137,-7.98278],[111.62043,-7.9815],[111.62032,-7.98113],[111.61993,-7.98135],[111.61921,-7.98099],[111.61895,-7.98042],[111.61915,-7.9799],[111.61902,-7.97935],[111.61883,-7.97925],[111.6186,-7.97946],[111.61807,-7.97964],[111.61801,-7.97978],[111.61789,-7.9797],[111.61739,-7.97982],[111.61738,-7.97956],[111.61762,-7.97889],[111.61789,-7.97871],[111.61787,-7.97854],[111.61855,-7.97817],[111.61877,-7.97702],[111.6189,-7.97692],[111.61936,-7.97707],[111.61897,-7.97632],[111.61874,-7.97617],[111.6184,-7.97559],[111.61894,-7.97431],[111.61909,-7.97417],[111.61931,-7.97431],[111.61932,-7.97534],[111.61962,-7.97564],[111.61974,-7.97502],[111.62044,-7.97487],[111.62049,-7.97398],[111.62079,-7.97328],[111.61998,-7.97298],[111.61959,-7.97247],[111.61972,-7.97217],[111.61999,-7.97191],[111.62059,-7.9719],[111.62088,-7.97204],[111.62133,-7.97191],[111.6217,-7.97207],[111.62231,-7.97202],[111.62278,-7.9716],[111.62316,-7.97163],[111.62328,-7.97124],[111.62353,-7.97107],[111.62339,-7.97052],[111.62325,-7.97057],[111.62303,-7.97107],[111.62233,-7.9709],[111.62194,-7.97063],[111.62213,-7.96998],[111.62211,-7.96961],[111.62275,-7.96894],[111.62267,-7.96864],[111.62275,-7.96849],[111.62333,-7.96873],[111.62401,-7.9686],[111.6236,-7.96994],[111.62371,-7.97018],[111.62423,-7.96998],[111.62485,-7.96952],[111.62603,-7.96942],[111.62556,-7.96917],[111.62571,-7.96866],[111.62681,-7.96845],[111.62739,-7.96853],[111.6277,-7.96997],[111.62783,-7.96994],[111.62789,-7.96962],[111.62882,-7.96895],[111.62892,-7.9699],[111.62953,-7.96948],[111.63022,-7.96929],[111.63061,-7.97055],[111.63106,-7.97034],[111.63231,-7.97043],[111.63359,-7.96982],[111.63418,-7.97017],[111.63374,-7.9697],[111.63343,-7.96962],[111.6331,-7.96976],[111.63237,-7.96906],[111.63225,-7.96878],[111.63266,-7.96861],[111.63273,-7.96847],[111.63261,-7.9679],[111.63271,-7.9677],[111.63237,-7.96757],[111.63161,-7.96695],[111.63168,-7.96605],[111.63061,-7.96635],[111.63038,-7.9662],[111.63041,-7.96607],[111.63112,-7.96561],[111.63118,-7.96544],[111.63069,-7.9644],[111.63084,-7.96405],[111.63142,-7.96314],[111.63177,-7.96327],[111.63236,-7.96295],[111.63273,-7.96301],[111.63272,-7.96234],[111.63254,-7.96204],[111.63261,-7.96191],[111.63336,-7.96226],[111.63554,-7.96244],[111.63633,-7.96169],[111.63711,-7.96118],[111.63718,-7.96101],[111.63766,-7.96096],[111.63785,-7.96118],[111.63805,-7.96083],[111.6395,-7.9599],[111.6392,-7.95982],[111.63786,-7.96054],[111.63724,-7.96058],[111.63695,-7.96015],[111.63625,-7.96108],[111.63588,-7.96128],[111.63513,-7.96142],[111.63411,-7.96104],[111.63378,-7.96061],[111.63382,-7.95968],[111.63342,-7.95909],[111.63317,-7.95934],[111.63315,-7.95974],[111.63254,-7.95991],[111.63184,-7.96089],[111.63068,-7.96146],[111.63043,-7.96183],[111.62873,-7.96243],[111.62868,-7.96302],[111.62789,-7.96291],[111.62745,-7.96271],[111.62694,-7.96277],[111.62719,-7.96359],[111.62715,-7.96439],[111.62693,-7.96485],[111.62669,-7.96491],[111.6265,-7.96519],[111.62613,-7.96521],[111.62558,-7.96451],[111.62542,-7.96382],[111.6252,-7.96332],[111.62504,-7.96322],[111.6254,-7.96281],[111.62546,-7.96248],[111.62597,-7.96212],[111.62584,-7.96137],[111.62661,-7.96086],[111.62652,-7.96022],[111.6267,-7.96009],[111.62736,-7.96004],[111.62766,-7.9595],[111.6295,-7.95884],[111.62983,-7.95853],[111.6306,-7.95844],[111.63115,-7.95774]]}},{"type":"Feature","properties":{"NAMOBJ":"912.5","REMARK":"Garis Kontur","JNSKNT":2,"VALKNT":912.5},"geometry":{"type":"MultiLineString","coordinates":[[[111.53899,-8.03586],[111.53914,-8.03587],[111.53937,-8.03523],[111.53997,-8.03458],[111.54056,-8.03321],[111.54059,-8.03249],[111.54085,-8.03264],[111.54121,-8.0322],[111.54092,-8.03042],[111.53999,-8.02988],[111.53963,-8.02985],[111.53957,-8.02951],[111.53907,-8.02863],[111.53929,-8.02796],[111.53913,-8.02761],[111.53949,-8.02592],[111.54054,-8.02504],[111.54004,-8.02495],[111.53961,-8.02462],[111.53906,-8.0244],[111.53872,-8.02409],[111.53882,-8.0234],[111.5382,-8.02327],[111.53775,-8.02424],[111.53723,-8.02503],[111.53713,-8.02496]],[[111.53863,-8.03486],[111.5388,-8.03532]]]}},{"type":"Feature","properties":{"NAMOBJ":"575","REMARK":"Garis Kontur","JNSKNT":2,"VALKNT":575},"geometry":{"type":"MultiLineString","coordinates":[[[111.63165,-7.95818],[111.63142,-7.95836],[111.63126,-7.95871],[111.63138,-7.95875],[111.63061,-7.95931],[111.62966,-7.95966],[111.62957,-7.95988],[111.62893,-7.95967],[111.62809,-7.95993],[111.62776,-7.96028],[111.62754,-7.96025],[111.62726,-7.96039],[111.62677,-7.96032],[111.62731,-7.96118],[111.62695,-7.9613],[111.62658,-7.9617],[111.62664,-7.96207],[111.62751,-7.96202],[111.62806,-7.96231],[111.62878,-7.96154],[111.62973,-7.96148],[111.62998,-7.96136],[111.6302,-7.96108],[111.63058,-7.96097],[111.63089,-7.96069],[111.63088,-7.96029],[111.63142,-7.96044],[111.63148,-7.95878],[111.63241,-7.95882],[111.63302,-7.95863],[111.63319,-7.95797],[111.63311,-7.95787],[111.63325,-7.9577],[111.63412,-7.95742],[111.63497,-7.95693],[111.63489,-7.95749],[111.63519,-7.95775],[111.6344,-7.9582],[111.63415,-7.95853],[111.63458,-7.95874],[111.6349,-7.9594],[111.63476,-7.95973],[111.63472,-7.96041],[111.6348,-7.96062],[111.6351,-7.96081],[111.63589,-7.96071],[111.63636,-7.95949],[111.63723,-7.95932],[111.63741,-7.95937],[111.63772,-7.95991],[111.63788,-7.95994],[111.63824,-7.95972],[111.63801,-7.95908],[111.63771,-7.95888],[111.63754,-7.95802],[111.6379,-7.95812],[111.63824,-7.95848],[111.63847,-7.9585],[111.63875,-7.95832],[111.63875,-7.95793]],[[111.64605,-7.96021],[111.64671,-7.96071],[111.64746,-7.96068],[111.64685,-7.96091],[111.64585,-7.9607],[111.64528,-7.96095],[111.64479,-7.96054],[111.64415,-7.96053],[111.64388,-7.96068],[111.64347,-7.9607],[111.64277,-7.96137],[111.64275,-7.96154],[111.64305,-7.96199],[111.64245,-7.96182],[111.64189,-7.96238],[111.64185,-7.96166],[111.64161,-7.96124],[111.64036,-7.96145],[111.6397,-7.96194],[111.63916,-7.9614],[111.63811,-7.96199],[111.63763,-7.96249],[111.63738,-7.9619],[111.63684,-7.96215],[111.63648,-7.96257],[111.63629,-7.96301],[111.636,-7.96299],[111.63539,-7.96321],[111.63442,-7.96303],[111.63338,-7.96305],[111.63323,-7.96391],[111.63242,-7.96359],[111.63152,-7.96403],[111.63133,-7.96442],[111.63184,-7.96502],[111.63241,-7.96511],[111.6334,-7.96466],[111.63404,-7.96465],[111.6337,-7.96518],[111.63291,-7.9657],[111.63254,-7.96649],[111.63324,-7.96645],[111.63388,-7.96694],[111.63383,-7.96816],[111.63431,-7.96809],[111.63481,-7.96751],[111.63584,-7.96822],[111.63593,-7.96836],[111.63539,-7.96861],[111.63532,-7.96929],[111.63514,-7.96966],[111.6361,-7.97053],[111.63702,-7.9711],[111.63735,-7.97118],[111.6374,-7.97134],[111.63655,-7.97161],[111.63533,-7.97165],[111.63495,-7.97184],[111.63412,-7.97167],[111.63351,-7.97178],[111.63333,-7.97156],[111.6323,-7.97188],[111.63114,-7.9716],[111.63036,-7.97197],[111.62978,-7.97145],[111.62951,-7.97059],[111.62917,-7.97085],[111.62865,-7.97096],[111.62774,-7.97073],[111.62813,-7.97225],[111.62837,-7.9726],[111.62789,-7.97289],[111.62696,-7.97234],[111.62677,-7.97363],[111.62599,-7.97362],[111.62571,-7.97334],[111.62557,-7.97242],[111.62582,-7.97203],[111.62593,-7.97154],[111.62551,-7.97101],[111.62488,-7.97146],[111.62471,-7.97186],[111.62435,-7.97225],[111.62431,-7.97334],[111.62464,-7.9742],[111.62544,-7.975],[111.62677,-7.97511],[111.62716,-7.97533],[111.62641,-7.97551],[111.62606,-7.97592],[111.62573,-7.97567],[111.62515,-7.97572],[111.62428,-7.97539],[111.6242,-7.97485],[111.62321,-7.97459],[111.62293,-7.97388],[111.62245,-7.97343],[111.62251,-7.97296],[111.62233,-7.97312],[111.62202,-7.97415],[111.62246,-7.97488],[111.62306,-7.97508],[111.62355,-7.9757],[111.62362,-7.97605],[111.62321,-7.97628],[111.62265,-7.97635],[111.62235,-7.97612],[111.62261,-7.97696],[111.62226,-7.97721],[111.62188,-7.97725],[111.62145,-7.97764],[111.62104,-7.97831],[111.62051,-7.97864],[111.62041,-7.97899],[111.62082,-7.97958],[111.62181,-7.97997],[111.62241,-7.98082],[111.6231,-7.98076],[111.62425,-7.98098],[111.62453,-7.98164],[111.62452,-7.98205],[111.62477,-7.98248],[111.62522,-7.98255],[111.62546,-7.9824],[111.62596,-7.98143],[111.6257,-7.98099],[111.62616,-7.98094],[111.62639,-7.98108],[111.6266,-7.98152],[111.62666,-7.98285],[111.62686,-7.9834],[111.62885,-7.98392],[111.62914,-7.98315],[111.62841,-7.98229],[111.62885,-7.98149],[111.62906,-7.98141],[111.62876,-7.98106],[111.62817,-7.98088],[111.62781,-7.98052],[111.62846,-7.98006],[111.62858,-7.97883],[111.62907,-7.97852],[111.62938,-7.97802],[111.6294,-7.97767],[111.63032,-7.97795],[111.63062,-7.97815],[111.63082,-7.97863],[111.63081,-7.97879],[111.6302,-7.97947],[111.63018,-7.98027],[111.63006,-7.98056],[111.63014,-7.9808],[111.63078,-7.981],[111.63076,-7.98209],[111.6315,-7.98138],[111.63165,-7.98103],[111.63204,-7.98075],[111.63192,-7.9813],[111.63208,-7.98211],[111.63167,-7.98236],[111.63163,-7.98323],[111.63129,-7.9839],[111.63155,-7.98424],[111.63196,-7.98432],[111.63244,-7.98378],[111.63335,-7.98338],[111.63398,-7.98288],[111.6347,-7.98291],[111.63517,-7.98246],[111.63533,-7.98249],[111.63522,-7.98147],[111.6359,-7.98054],[111.63605,-7.97949],[111.63682,-7.97915],[111.63653,-7.97993],[111.63672,-7.98028],[111.63697,-7.98033],[111.63719,-7.9807],[111.63789,-7.98042],[111.63808,-7.98052],[111.63797,-7.98074],[111.63805,-7.98156],[111.63788,-7.98142],[111.63756,-7.98152],[111.63725,-7.98186],[111.63725,-7.98224],[111.63713,-7.98242],[111.63667,-7.98252],[111.63657,-7.98279],[111.63669,-7.98319],[111.63705,-7.98375],[111.63665,-7.98369],[111.63518,-7.984],[111.63407,-7.98491],[111.63405,-7.98509],[111.63428,-7.98529],[111.63562,-7.98549],[111.63613,-7.98588],[111.63635,-7.98585],[111.63663,-7.98602],[111.6366,-7.98651],[111.6364,-7.98686],[111.63627,-7.98747],[111.63615,-7.98746],[111.63606,-7.98721],[111.63522,-7.98672],[111.6345,-7.98679],[111.63439,-7.98742],[111.63413,-7.98756],[111.63358,-7.98714],[111.63296,-7.98704],[111.63249,-7.98814],[111.63262,-7.98871],[111.63288,-7.98913],[111.63271,-7.98923],[111.6322,-7.98917],[111.63199,-7.98869],[111.63153,-7.98842],[111.63125,-7.98801],[111.6304,-7.98727],[111.63034,-7.98685],[111.63058,-7.98674],[111.63069,-7.98647],[111.63057,-7.98601],[111.63034,-7.98595],[111.62999,-7.98615],[111.62987,-7.98639],[111.6293,-7.98629],[111.62938,-7.98723],[111.62901,-7.98815],[111.62912,-7.98869],[111.62903,-7.98898],[111.6293,-7.98992],[111.62882,-7.98954],[111.62836,-7.98948],[111.62815,-7.98967],[111.62815,-7.98949],[111.6277,-7.9889],[111.62776,-7.98849],[111.62736,-7.98797],[111.62614,-7.98795],[111.6256,-7.98769],[111.6255,-7.98757],[111.6255,-7.98682],[111.62473,-7.98667],[111.62477,-7.98709],[111.62432,-7.98778],[111.62401,-7.98768],[111.62375,-7.98733],[111.62354,-7.98733],[111.62351,-7.98793],[111.62314,-7.98845],[111.62233,-7.98849],[111.62167,-7.98893],[111.6213,-7.98946],[111.62141,-7.99065],[111.62076,-7.99147],[111.62017,-7.99275],[111.62035,-7.99306],[111.62023,-7.99369],[111.62046,-7.99411],[111.62022,-7.99492],[111.62071,-7.99515],[111.62106,-7.99555],[111.62183,-7.99569],[111.62248,-7.99601],[111.62295,-7.99558],[111.62339,-7.99581],[111.62514,-7.99575],[111.62622,-7.99661],[111.62695,-7.9964],[111.62706,-7.99732],[111.62742,-7.99708],[111.62838,-7.99712],[111.62802,-7.99778],[111.62795,-7.99864],[111.62841,-7.99936],[111.62886,-7.99919],[111.62942,-7.99844],[111.62975,-7.99772],[111.63081,-7.99708],[111.63064,-7.99682],[111.63112,-7.99559],[111.63112,-7.99482],[111.63066,-7.99502],[111.63,-7.9956],[111.62985,-7.99529],[111.6294,-7.99502],[111.63,-7.99446],[111.63023,-7.99367],[111.63016,-7.99317],[111.63089,-7.99377],[111.63125,-7.9938],[111.63116,-7.99309],[111.63142,-7.99234],[111.63159,-7.99258],[111.63202,-7.99262],[111.63252,-7.99315],[111.63298,-7.99308],[111.63326,-7.99299],[111.63331,-7.99259],[111.63396,-7.9923],[111.6346,-7.99171],[111.63481,-7.99165],[111.63516,-7.99234],[111.63598,-7.99219],[111.6361,-7.99229],[111.63537,-7.99338],[111.63497,-7.99438],[111.63503,-7.99594],[111.63558,-7.99652],[111.63611,-7.99631],[111.63645,-7.99638],[111.6369,-7.99715],[111.63721,-7.99712],[111.63774,-7.995],[111.63794,-7.99474],[111.63873,-7.99511],[111.63845,-7.99629],[111.63876,-7.99697],[111.63906,-7.99629],[111.63912,-7.99572],[111.63951,-7.99539],[111.6393,-7.99513],[111.63944,-7.99495],[111.63933,-7.99453],[111.63985,-7.99391],[111.63939,-7.99317],[111.64013,-7.99202],[111.64047,-7.99177],[111.63981,-7.99187],[111.63895,-7.99175],[111.63818,-7.9918],[111.63785,-7.99045],[111.63826,-7.98998],[111.63898,-7.98972],[111.63919,-7.98879],[111.64065,-7.98838],[111.64068,-7.98813],[111.64116,-7.98755],[111.64088,-7.98711],[111.6408,-7.98723],[111.64008,-7.98697],[111.63973,-7.98715],[111.63951,-7.98693],[111.63967,-7.98684],[111.64003,-7.98597],[111.64054,-7.98562],[111.64033,-7.9846],[111.64089,-7.98468],[111.64153,-7.98442],[111.64205,-7.98481],[111.64227,-7.98456],[111.64227,-7.9839],[111.64206,-7.98379],[111.64164,-7.98319],[111.64172,-7.98293],[111.64122,-7.98233],[111.64057,-7.98062],[111.6407,-7.98058],[111.64125,-7.98106],[111.64192,-7.98073],[111.64218,-7.9801],[111.64314,-7.98023],[111.64242,-7.98101],[111.64232,-7.98135],[111.64206,-7.98163],[111.64315,-7.98235],[111.64318,-7.98311],[111.64305,-7.98361],[111.64349,-7.98349],[111.64408,-7.98311],[111.64443,-7.98316],[111.64417,-7.98415],[111.64436,-7.98436],[111.64379,-7.98459],[111.64369,-7.98534],[111.64346,-7.98519],[111.64308,-7.9852],[111.64277,-7.98568],[111.64331,-7.98603],[111.64403,-7.98726],[111.64452,-7.98757],[111.64438,-7.98639],[111.64548,-7.98635],[111.64548,-7.98552],[111.64607,-7.98563],[111.64699,-7.98503],[111.64762,-7.98502],[111.64794,-7.98535],[111.64732,-7.98415],[111.64712,-7.98314],[111.64715,-7.98228],[111.64733,-7.98175],[111.64752,-7.98158],[111.64795,-7.98153],[111.64974,-7.98211],[111.6499,-7.98198],[111.65002,-7.98136],[111.64965,-7.98071],[111.64937,-7.98049],[111.64982,-7.97983],[111.65011,-7.97968],[111.6501,-7.97788],[111.65085,-7.97784],[111.65068,-7.97712],[111.65219,-7.97698],[111.65244,-7.97686],[111.65262,-7.97658],[111.65293,-7.97699],[111.65323,-7.97789],[111.6541,-7.97772],[111.65433,-7.97719],[111.65428,-7.97601],[111.65453,-7.97584],[111.65447,-7.97531],[111.65501,-7.97538],[111.65531,-7.97497],[111.65544,-7.97568],[111.6556,-7.97588],[111.65586,-7.97549],[111.6562,-7.97536],[111.65665,-7.97538],[111.65702,-7.97508],[111.6573,-7.97556]]]}},{"type":"Feature","properties":{"NAMOBJ":"612.5","REMARK":"Garis Kontur","JNSKNT":2,"VALKNT":612.5},"geometry":{"type":"LineString","coordinates":[[111.59855,-7.94317],[111.59851,-7.94309],[111.59824,-7.94388],[111.59848,-7.94427],[111.59863,-7.94409],[111.59855,-7.94317]]}},{"type":"Feature","properties":{"NAMOBJ":"325","REMARK":"Garis Kontur","JNSKNT":2,"VALKNT":325},"geometry":{"type":"LineString","coordinates":[[111.54821,-7.99749],[111.54832,-7.99766],[111.54856,-7.99774],[111.54842,-7.99754],[111.54821,-7.99749]]}},{"type":"Feature","properties":{"NAMOBJ":"450","REMARK":"Garis Kontur","JNSKNT":1,"VALKNT":450},"geometry":{"type":"MultiLineString","coordinates":[[[111.62749,-7.95679],[111.62737,-7.95709],[111.62742,-7.95749],[111.62698,-7.95729],[111.62583,-7.95754],[111.62552,-7.95745],[111.62557,-7.95701],[111.62507,-7.95585],[111.6248,-7.95559],[111.62448,-7.955],[111.62432,-7.95494],[111.62418,-7.95515],[111.6237,-7.95467],[111.62308,-7.95471],[111.62244,-7.95505],[111.62199,-7.95503],[111.62152,-7.95533],[111.62147,-7.95499],[111.62107,-7.95483],[111.62069,-7.95392],[111.62025,-7.95334],[111.61963,-7.9533],[111.61981,-7.95232],[111.61949,-7.95181],[111.61953,-7.95129],[111.6191,-7.95062],[111.61795,-7.95098],[111.61707,-7.95064],[111.6162,-7.95074],[111.61564,-7.9513],[111.61544,-7.9518],[111.6151,-7.95198],[111.6141,-7.95187],[111.61368,-7.95163],[111.61323,-7.95243],[111.61305,-7.95318],[111.61291,-7.95329],[111.61241,-7.95305],[111.61227,-7.95275],[111.61165,-7.95272],[111.61205,-7.95208],[111.61176,-7.95097],[111.61141,-7.95089],[111.60904,-7.95129],[111.60873,-7.95086],[111.60878,-7.95008],[111.60938,-7.94894],[111.60819,-7.94805],[111.60862,-7.94763],[111.60865,-7.94709],[111.60901,-7.94688],[111.60853,-7.94682],[111.60812,-7.94636],[111.60803,-7.94638],[111.60807,-7.94656],[111.60767,-7.94636],[111.60742,-7.94576],[111.60712,-7.94544],[111.60608,-7.94535],[111.60583,-7.9449],[111.60557,-7.94472],[111.60526,-7.94489],[111.60504,-7.94462],[111.60442,-7.94451],[111.60424,-7.94427],[111.60419,-7.94377],[111.60329,-7.94386],[111.60283,-7.94403],[111.60244,-7.94395],[111.60153,-7.94408],[111.60111,-7.94349],[111.60058,-7.94316],[111.60019,-7.94332],[111.59987,-7.94209],[111.59957,-7.94174],[111.59955,-7.94133],[111.5988,-7.94153],[111.598,-7.94108],[111.59781,-7.94152],[111.59732,-7.94196],[111.59722,-7.94239],[111.59728,-7.94369],[111.59679,-7.94513],[111.59685,-7.9453],[111.59714,-7.94546],[111.59655,-7.94573],[111.59661,-7.94619],[111.59633,-7.94691],[111.59649,-7.94713],[111.59766,-7.94752],[111.59776,-7.94791],[111.59756,-7.94805],[111.59793,-7.94861],[111.59848,-7.94911],[111.59833,-7.94935],[111.59822,-7.95017],[111.59856,-7.95142],[111.59809,-7.95173],[111.59856,-7.95208],[111.59959,-7.95209],[111.60031,-7.95154],[111.60061,-7.95258],[111.60129,-7.95202],[111.60157,-7.95256],[111.60194,-7.95243],[111.60287,-7.9527],[111.60244,-7.95346],[111.60307,-7.9544],[111.60274,-7.95523],[111.60307,-7.95601],[111.60255,-7.95671],[111.60317,-7.95703],[111.60269,-7.95744],[111.60188,-7.95759],[111.60195,-7.95798],[111.60216,-7.95818],[111.60257,-7.9583],[111.60327,-7.95785],[111.60339,-7.95802],[111.60431,-7.95799],[111.60419,-7.95782],[111.60443,-7.95701],[111.60517,-7.958],[111.60571,-7.95821],[111.60608,-7.95825],[111.60721,-7.95759],[111.60722,-7.95777],[111.60688,-7.95811],[111.60676,-7.95887],[111.60772,-7.95963],[111.60833,-7.95932],[111.60876,-7.95856],[111.60888,-7.95861],[111.60863,-7.96031],[111.60873,-7.9616],[111.60843,-7.96217],[111.60862,-7.96226],[111.60832,-7.96298],[111.60802,-7.96323],[111.60771,-7.96324],[111.60743,-7.96341],[111.60801,-7.96375],[111.60869,-7.96368],[111.60883,-7.96431],[111.60936,-7.96436],[111.60966,-7.96466],[111.60935,-7.9652],[111.60927,-7.96563],[111.60981,-7.96635],[111.60984,-7.96746],[111.6097,-7.96762],[111.60903,-7.96749],[111.60837,-7.96778],[111.60843,-7.96795],[111.60791,-7.96863],[111.6077,-7.9684],[111.60742,-7.96841],[111.60765,-7.96893],[111.60791,-7.96913],[111.60807,-7.96883],[111.60871,-7.96867],[111.60965,-7.9685],[111.60986,-7.96859],[111.61013,-7.96847],[111.61083,-7.96853],[111.61088,-7.96909],[111.61157,-7.96954],[111.61127,-7.96974],[111.61129,-7.97053],[111.61179,-7.97121],[111.61164,-7.97176],[111.61168,-7.97228],[111.6118,-7.97236],[111.61241,-7.97189],[111.61333,-7.97194],[111.61423,-7.97149],[111.61476,-7.97192],[111.61536,-7.97204],[111.61537,-7.97156],[111.61519,-7.97109],[111.61527,-7.97082],[111.6157,-7.97104],[111.61607,-7.97157],[111.61651,-7.97151],[111.61718,-7.97101],[111.61738,-7.97062],[111.61817,-7.96998],[111.61824,-7.96947],[111.61808,-7.96874],[111.61888,-7.96882],[111.62009,-7.9687],[111.61846,-7.9691],[111.61857,-7.9694],[111.6191,-7.96963],[111.61931,-7.97005],[111.6188,-7.97017],[111.61805,-7.97067],[111.61785,-7.97155],[111.61728,-7.97208],[111.61726,-7.97282],[111.61703,-7.97267],[111.61637,-7.97279],[111.61627,-7.97357],[111.616,-7.97392],[111.61578,-7.97548],[111.61519,-7.97486],[111.61491,-7.97403],[111.61434,-7.97298],[111.61377,-7.97295],[111.61323,-7.97312],[111.61323,-7.97411],[111.61295,-7.97494],[111.61201,-7.97458],[111.61185,-7.97427],[111.61036,-7.97486],[111.60981,-7.97475],[111.60969,-7.97491],[111.60968,-7.9753],[111.6093,-7.97527],[111.60889,-7.9755],[111.60863,-7.97544],[111.60846,-7.97553],[111.60794,-7.97659],[111.60733,-7.97652],[111.60724,-7.97539],[111.6076,-7.97432],[111.6075,-7.97342],[111.60768,-7.97328],[111.60798,-7.97339],[111.60805,-7.97314],[111.60826,-7.97299],[111.60845,-7.97223],[111.60832,-7.97191],[111.60629,-7.97215],[111.60587,-7.97163],[111.60432,-7.97183],[111.6027,-7.97162],[111.60242,-7.97172],[111.60245,-7.97157],[111.60169,-7.97158],[111.60047,-7.97191],[111.59996,-7.97171],[111.60007,-7.97108],[111.60102,-7.9698],[111.60056,-7.9701],[111.60013,-7.97015],[111.59987,-7.96988],[111.59976,-7.96996],[111.59964,-7.96951],[111.59907,-7.96922],[111.59888,-7.96889],[111.59866,-7.96886],[111.5986,-7.9692],[111.59826,-7.9696],[111.59845,-7.97038],[111.59834,-7.97091],[111.59752,-7.97125],[111.59859,-7.97165],[111.5989,-7.97236],[111.59963,-7.97258],[111.60002,-7.97232],[111.60027,-7.97237],[111.6009,-7.97308],[111.60157,-7.97305],[111.6025,-7.97322],[111.60267,-7.97339],[111.60332,-7.97336],[111.60425,-7.97375],[111.60522,-7.97369],[111.60581,-7.97425],[111.60564,-7.97488],[111.60537,-7.97515],[111.60656,-7.97664],[111.60665,-7.9769],[111.60656,-7.97767],[111.6071,-7.97794],[111.60787,-7.97873],[111.60828,-7.97976],[111.60714,-7.9801],[111.60727,-7.98071],[111.60686,-7.98133],[111.60625,-7.98131],[111.60615,-7.9815],[111.60601,-7.98149],[111.60554,-7.98124],[111.60541,-7.98091],[111.60504,-7.98062],[111.60509,-7.98103],[111.60535,-7.98145],[111.60509,-7.98178],[111.60515,-7.98187],[111.60571,-7.98159],[111.60618,-7.98157],[111.60637,-7.98169],[111.60647,-7.98194],[111.60743,-7.98255],[111.60647,-7.98337],[111.60722,-7.98387],[111.60738,-7.98442],[111.60733,-7.9847],[111.60773,-7.98514],[111.60804,-7.98527],[111.60688,-7.98652],[111.60633,-7.98612],[111.60574,-7.98626],[111.60564,-7.98581],[111.60519,-7.98534],[111.60432,-7.98494],[111.60433,-7.98516],[111.60404,-7.98517],[111.60347,-7.98571],[111.60365,-7.98585],[111.60359,-7.98597],[111.60344,-7.98596],[111.60329,-7.98572],[111.60285,-7.98564],[111.603,-7.9851],[111.60265,-7.98425],[111.60265,-7.98385],[111.60146,-7.98273],[111.60123,-7.98144],[111.60125,-7.97977],[111.6015,-7.97892],[111.60102,-7.97917],[111.59983,-7.97884],[111.59971,-7.97868],[111.59889,-7.9799],[111.5985,-7.97992],[111.59833,-7.98007],[111.59824,-7.98091],[111.59834,-7.98149],[111.59813,-7.98155],[111.5979,-7.98195],[111.59656,-7.98274],[111.59692,-7.98338],[111.59632,-7.98431],[111.59622,-7.98492],[111.59591,-7.98541],[111.59497,-7.9855],[111.59497,-7.986],[111.59528,-7.98706],[111.59482,-7.98755],[111.59542,-7.98812],[111.59548,-7.98851],[111.59538,-7.98919],[111.59509,-7.98973],[111.59553,-7.98965],[111.59644,-7.99028],[111.5973,-7.98985],[111.59752,-7.98953],[111.59801,-7.98966],[111.59862,-7.98953],[111.599,-7.98976],[111.59973,-7.98961],[111.59998,-7.98935],[111.60045,-7.98952],[111.60099,-7.9895],[111.60059,-7.98967],[111.6004,-7.99007],[111.60094,-7.9906],[111.60051,-7.9907],[111.60036,-7.9911],[111.60006,-7.99143],[111.60006,-7.99211],[111.60032,-7.99269],[111.59901,-7.99264],[111.59894,-7.99273],[111.59924,-7.99323],[111.59918,-7.9935],[111.59937,-7.99425],[111.5997,-7.99455],[111.59886,-7.99483],[111.59814,-7.99476],[111.5974,-7.99451],[111.59719,-7.99461],[111.59714,-7.995],[111.59769,-7.99553],[111.59743,-7.9961],[111.59783,-7.99641],[111.59829,-7.99707],[111.59776,-7.9972],[111.59773,-7.99794],[111.59734,-7.99786],[111.59752,-7.99878],[111.59695,-8.0],[111.59686,-8.00109],[111.59664,-8.0014],[111.59675,-8.00204],[111.59631,-8.00195],[111.59534,-8.00209],[111.59493,-8.00203],[111.59448,-8.00217],[111.59409,-8.00233],[111.59336,-8.00319],[111.59303,-8.00338],[111.59338,-8.0048],[111.5933,-8.00507],[111.59313,-8.00512],[111.59287,-8.0055],[111.59295,-8.00594],[111.59276,-8.00681],[111.59263,-8.00672],[111.59133,-8.00699],[111.59064,-8.00772],[111.59001,-8.00899],[111.5897,-8.0093],[111.58967,-8.01066],[111.59018,-8.01099],[111.58968,-8.01135],[111.58957,-8.01173],[111.5894,-8.01165],[111.58895,-8.0122],[111.58822,-8.01208],[111.58804,-8.01275],[111.58754,-8.01314],[111.58739,-8.01353],[111.5866,-8.01355],[111.58564,-8.01481],[111.58613,-8.01573],[111.58562,-8.01679],[111.58526,-8.0171],[111.58447,-8.01737],[111.58447,-8.0186],[111.58526,-8.01897],[111.58448,-8.01973],[111.58449,-8.02013],[111.58313,-8.02011],[111.58259,-8.02033],[111.58239,-8.02111],[111.58222,-8.02106],[111.58168,-8.02165],[111.58075,-8.02155],[111.58056,-8.02203],[111.57985,-8.02279],[111.57859,-8.02313],[111.57892,-8.02403],[111.57919,-8.02406],[111.57925,-8.02425],[111.57873,-8.02519],[111.5788,-8.02584],[111.57894,-8.02604],[111.57889,-8.02677],[111.57907,-8.02848],[111.57923,-8.0292],[111.57973,-8.02975],[111.57995,-8.03034],[111.57963,-8.031],[111.57909,-8.03156],[111.57875,-8.03216],[111.57919,-8.03273],[111.57972,-8.0318]],[[111.64843,-8.00728],[111.64841,-8.00689],[111.6486,-8.00664],[111.64863,-8.00619],[111.64914,-8.00609],[111.64908,-8.00572],[111.64931,-8.00527],[111.64875,-8.00511],[111.64857,-8.00467],[111.64822,-8.00444],[111.64795,-8.00455],[111.64788,-8.00401],[111.64814,-8.00351],[111.64817,-8.00279],[111.64839,-8.00223],[111.64799,-8.00173],[111.64809,-8.00162],[111.64881,-8.00152],[111.64909,-8.00048],[111.64967,-8.00046],[111.64994,-7.99942],[111.6505,-7.99838],[111.65157,-7.9971],[111.65081,-7.99686],[111.6505,-7.99692],[111.64978,-7.99589],[111.64905,-7.99551],[111.648,-7.99548],[111.64717,-7.99593],[111.64595,-7.99532],[111.64588,-7.99519],[111.64644,-7.99513],[111.64671,-7.99493],[111.64719,-7.99425],[111.64748,-7.99404],[111.64754,-7.99378],[111.64753,-7.99312],[111.64713,-7.99288],[111.64681,-7.99249],[111.64675,-7.99191],[111.64627,-7.99142],[111.64615,-7.99104],[111.64643,-7.99126],[111.64704,-7.9913],[111.64753,-7.99187],[111.64784,-7.992],[111.6483,-7.99164],[111.64876,-7.99097],[111.6486,-7.99089],[111.64815,-7.99009],[111.64821,-7.98943],[111.64876,-7.98988],[111.64948,-7.98959],[111.64977,-7.98965],[111.6499,-7.98895],[111.65043,-7.98839],[111.65085,-7.98822],[111.65142,-7.98848],[111.65162,-7.98842],[111.65193,-7.98785],[111.65146,-7.98763],[111.65073,-7.98752],[111.65046,-7.98732],[111.6511,-7.98696],[111.65094,-7.98648],[111.65144,-7.98637],[111.6508,-7.98596],[111.65061,-7.98522],[111.65042,-7.98541],[111.65001,-7.98501],[111.65001,-7.9845],[111.64983,-7.98419],[111.65053,-7.98388],[111.65151,-7.98413],[111.65203,-7.98411],[111.65187,-7.98272],[111.65217,-7.98186],[111.65258,-7.98141],[111.65293,-7.98054],[111.65326,-7.98075],[111.65336,-7.98062],[111.65382,-7.98074],[111.65423,-7.98019],[111.65517,-7.98027]],[[111.59814,-8.01844],[111.59873,-8.01768],[111.59877,-8.01734],[111.59964,-8.01677],[111.59964,-8.01627],[111.601,-8.01624],[111.60134,-8.01583],[111.60075,-8.01496],[111.60012,-8.01247],[111.60012,-8.01218],[111.6007,-8.01134],[111.60093,-8.0105],[111.6006,-8.00939],[111.60152,-8.00895],[111.60136,-8.00871],[111.60144,-8.00813],[111.60177,-8.00809],[111.60241,-8.00772],[111.60251,-8.00701],[111.60288,-8.00663],[111.60384,-8.00494],[111.60373,-8.00459],[111.60468,-8.00431],[111.60491,-8.00331],[111.6056,-8.00259],[111.60576,-8.00017],[111.60622,-7.99939],[111.60614,-7.99875],[111.60598,-7.99859],[111.60672,-7.99771],[111.6066,-7.9972],[111.60686,-7.99643],[111.60656,-7.99603],[111.60684,-7.9956],[111.60714,-7.99328],[111.60683,-7.9924],[111.60724,-7.99252],[111.60746,-7.99162],[111.60765,-7.99209],[111.60749,-7.9926],[111.60773,-7.99283],[111.60773,-7.99338],[111.60826,-7.99417],[111.60802,-7.9949],[111.6083,-7.99508],[111.60895,-7.99503],[111.60857,-7.9944],[111.6093,-7.9935],[111.60961,-7.99428],[111.60999,-7.99419],[111.61045,-7.99432],[111.61085,-7.99421],[111.6117,-7.99429],[111.61213,-7.99401],[111.61251,-7.99432],[111.6129,-7.99404],[111.61319,-7.99349],[111.61436,-7.99334],[111.61329,-7.9938],[111.61335,-7.99408],[111.61436,-7.9946],[111.61439,-7.99472],[111.61367,-7.99455],[111.6133,-7.99429],[111.61248,-7.99499],[111.61164,-7.99511],[111.61199,-7.99593],[111.61178,-7.99623],[111.61186,-7.9968],[111.61224,-7.99708],[111.61234,-7.99739],[111.61226,-7.99758],[111.6119,-7.99777],[111.61205,-7.99918],[111.6129,-7.99955],[111.61265,-8.0],[111.61328,-8.00059],[111.61415,-8.00085],[111.61417,-8.00128],[111.61405,-8.00153],[111.6126,-8.00268],[111.61235,-8.00275],[111.61232,-8.00333],[111.61264,-8.00352],[111.61312,-8.00345],[111.61343,-8.00354],[111.61439,-8.00279],[111.61592,-8.00412],[111.61646,-8.00473],[111.61683,-8.00549],[111.61705,-8.00558],[111.61723,-8.00613],[111.61737,-8.00735],[111.6175,-8.00727],[111.61752,-8.00584],[111.61803,-8.00538],[111.61848,-8.00538],[111.61844,-8.00465],[111.61858,-8.00452],[111.61805,-8.0043],[111.61744,-8.00371],[111.61759,-8.00318],[111.61743,-8.0029],[111.61767,-8.00228],[111.61758,-8.00188],[111.61797,-8.00167],[111.61873,-8.00067],[111.61939,-8.00085],[111.61973,-8.00041],[111.6201,-8.00024],[111.62075,-8.00041],[111.62152,-8.00032],[111.62235,-7.99984],[111.62289,-8.00049],[111.62324,-8.00012],[111.62349,-8.00039],[111.62376,-8.00011],[111.62412,-8.00018],[111.62455,-8.00058],[111.62459,-8.00131],[111.62495,-8.00123],[111.62544,-8.00132],[111.62626,-8.0003],[111.62659,-8.00141],[111.62596,-8.00226],[111.62609,-8.00263],[111.62605,-8.00313],[111.62695,-8.00332],[111.62767,-8.00296],[111.62809,-8.0031],[111.62876,-8.00212],[111.629,-8.00236],[111.62971,-8.00228],[111.62991,-8.00248],[111.62998,-8.00223],[111.6303,-8.00202],[111.63044,-8.0017],[111.63097,-8.00235],[111.63199,-8.00197],[111.63218,-8.00145],[111.63199,-8.00107],[111.63257,-8.00152],[111.6332,-8.00151],[111.63321,-8.00099],[111.63338,-8.00057],[111.63398,-8.00153],[111.63424,-8.00166],[111.6356,-8.0013],[111.63593,-8.00103],[111.63593,-8.00129],[111.63575,-8.0015],[111.63428,-8.00234],[111.63372,-8.00248],[111.63282,-8.00315],[111.63301,-8.00336],[111.63311,-8.00407],[111.63304,-8.00462]],[[111.6396,-8.00357],[111.63979,-8.00354],[111.63986,-8.00269],[111.6408,-8.00293],[111.64079,-8.00238],[111.64093,-8.00221],[111.64111,-8.00101],[111.64155,-8.0013],[111.64203,-8.00111],[111.64195,-8.00134],[111.64206,-8.00157],[111.64246,-8.00186],[111.64301,-8.00266],[111.64337,-8.00278],[111.64383,-8.00265],[111.64442,-8.00142],[111.64448,-8.00078],[111.64438,-8.00051],[111.64509,-8.00146],[111.64573,-8.00125],[111.64607,-8.00134],[111.64629,-8.00123],[111.6457,-8.00211],[111.64642,-8.00334]],[[111.64799,-8.00955],[111.64806,-8.00967],[111.64859,-8.00894],[111.64888,-8.00884],[111.64906,-8.00849],[111.64841,-8.00767]]]}},{"type":"Feature","properties":{"NAMOBJ":"487.5","REMARK":"Garis Kontur","JNSKNT":2,"VALKNT":487.5},"geometry":{"type":"LineString","coordinates":[[111.60572,-7.97269],[111.60581,-7.97262],[111.60556,-7.97227],[111.60523,-7.97218],[111.60431,-7.9724],[111.60358,-7.9722],[111.60329,-7.97198],[111.60224,-7.97226],[111.6026,-7.97235],[111.6028,-7.97285],[111.6034,-7.97296],[111.6037,-7.97285],[111.60462,-7.97304],[111.60529,-7.97289],[111.60567,-7.97297],[111.60572,-7.97269]]}},{"type":"Feature","properties":{"NAMOBJ":"737.5","REMARK":"Garis Kontur","JNSKNT":2,"VALKNT":737.5},"geometry":{"type":"MultiLineString","coordinates":[[[111.54495,-8.04125],[111.54478,-8.04106],[111.54467,-8.04053],[111.54468,-8.03985],[111.5442,-8.0399],[111.54357,-8.03934],[111.54266,-8.0374],[111.54363,-8.03751],[111.54436,-8.03737],[111.54437,-8.03613],[111.54409,-8.03584],[111.54328,-8.03546],[111.54243,-8.03536],[111.5426,-8.03485],[111.54245,-8.03455],[111.54301,-8.03404],[111.54323,-8.0331],[111.54359,-8.03234],[111.54371,-8.0323],[111.54353,-8.03129],[111.54363,-8.02959],[111.54436,-8.02912],[111.54425,-8.029],[111.54412,-8.02912],[111.54385,-8.02892],[111.54355,-8.0289],[111.54315,-8.0292],[111.54194,-8.02861],[111.54243,-8.02767],[111.54224,-8.02659],[111.54181,-8.02617],[111.54269,-8.02571],[111.54319,-8.02567],[111.54317,-8.02519],[111.54251,-8.0242],[111.54226,-8.02303],[111.54155,-8.02254],[111.54092,-8.02144],[111.54137,-8.02122],[111.54241,-8.01957],[111.54289,-8.01932],[111.54322,-8.01871],[111.54312,-8.01864],[111.54274,-8.01879],[111.5423,-8.01939],[111.54166,-8.01937],[111.54103,-8.01917],[111.5411,-8.01957],[111.54084,-8.02083],[111.53907,-8.02185],[111.53824,-8.02189],[111.53713,-8.0226]],[[111.54114,-8.04201],[111.54142,-8.0418],[111.54159,-8.04143],[111.54177,-8.04158],[111.54225,-8.04152],[111.54236,-8.04124],[111.54225,-8.04074],[111.54204,-8.0405],[111.5427,-8.04051],[111.54285,-8.04042],[111.54289,-8.04017],[111.5433,-8.0405],[111.54377,-8.04116],[111.54433,-8.04138]]]}},{"type":"Feature","properties":{"NAMOBJ":"150","REMARK":"Garis Kontur","JNSKNT":1,"VALKNT":150},"geometry":{"type":"LineString","coordinates":[[111.55023,-7.96787],[111.55014,-7.96797],[111.55063,-7.96997],[111.5509,-7.97018],[111.55115,-7.97017],[111.55124,-7.96989],[111.55054,-7.96885],[111.55023,-7.96787]]}},{"type":"Feature","properties":{"NAMOBJ":"350","REMARK":"Garis Kontur","JNSKNT":1,"VALKNT":350},"geometry":{"type":"LineString","coordinates":[[111.58342,-7.94177],[111.58275,-7.94143],[111.58216,-7.94057],[111.58154,-7.94056],[111.58073,-7.93991],[111.58071,-7.93967],[111.58086,-7.93949],[111.58075,-7.93912],[111.58114,-7.93862],[111.58119,-7.93831],[111.5803,-7.9392],[111.58024,-7.93979],[111.58008,-7.94],[111.5803,-7.94024],[111.58049,-7.94123],[111.5809,-7.94187],[111.5818,-7.94231],[111.5817,-7.94262],[111.58205,-7.94342],[111.58216,-7.94441],[111.582,-7.94599],[111.58163,-7.94704],[111.58055,-7.94805],[111.58057,-7.94839],[111.58154,-7.94964],[111.58198,-7.94943],[111.58245,-7.94984],[111.5832,-7.94998],[111.58371,-7.95047],[111.58448,-7.95071],[111.58486,-7.95112],[111.585,-7.95185],[111.5852,-7.95221],[111.5854,-7.95193],[111.58631,-7.95248],[111.58604,-7.95269],[111.58605,-7.95317],[111.58582,-7.95357],[111.58586,-7.95416],[111.58567,-7.95438],[111.58604,-7.95562],[111.58525,-7.95614],[111.5849,-7.95616],[111.58482,-7.95712],[111.58545,-7.95795],[111.58646,-7.95828],[111.58689,-7.95858],[111.58712,-7.95858],[111.58761,-7.95824],[111.58838,-7.9593],[111.58723,-7.96063],[111.58705,-7.96098],[111.58713,-7.96125],[111.58654,-7.96152],[111.58579,-7.96234],[111.58554,-7.96338],[111.58572,-7.9635],[111.5857,-7.96385],[111.58585,-7.96427],[111.58658,-7.96474],[111.5881,-7.96497],[111.58821,-7.96528],[111.58815,-7.96639],[111.58885,-7.96662],[111.58964,-7.96645],[111.58978,-7.96703],[111.58993,-7.96715],[111.59065,-7.96744],[111.59125,-7.9673],[111.59159,-7.96663],[111.59143,-7.96637],[111.59142,-7.96523],[111.59122,-7.96457],[111.59137,-7.96406],[111.59077,-7.9639],[111.59002,-7.96349],[111.59014,-7.96286],[111.58998,-7.9616],[111.58936,-7.96058],[111.58928,-7.96012],[111.58897,-7.95977],[111.58891,-7.9592],[111.58992,-7.95905],[111.5904,-7.95857],[111.58978,-7.95791],[111.59025,-7.95757],[111.58999,-7.95722],[111.58972,-7.95646],[111.59082,-7.95645],[111.59102,-7.95613],[111.5916,-7.95626],[111.59197,-7.95598],[111.59241,-7.95586],[111.59285,-7.95543],[111.59231,-7.95555],[111.59177,-7.9554],[111.5915,-7.95519],[111.5913,-7.95467],[111.59139,-7.95435],[111.59066,-7.95426],[111.58995,-7.95373],[111.58973,-7.95378],[111.5894,-7.95363],[111.58801,-7.9527],[111.58797,-7.95259],[111.58846,-7.95201],[111.58937,-7.95114],[111.58949,-7.95043],[111.58938,-7.94996],[111.58959,-7.94922],[111.5889,-7.94927],[111.58814,-7.94903],[111.58791,-7.94913],[111.58764,-7.94876],[111.58711,-7.9488],[111.58677,-7.94827],[111.58678,-7.9474],[111.5865,-7.94794],[111.58648,-7.94833],[111.58582,-7.94855],[111.58582,-7.94758],[111.58534,-7.9467],[111.58605,-7.94594],[111.58515,-7.94522],[111.58483,-7.94449],[111.58504,-7.94398],[111.58542,-7.94376],[111.58558,-7.9434],[111.58514,-7.94303],[111.58423,-7.94268],[111.58342,-7.94177]]}},{"type":"Feature","properties":{"NAMOBJ":"400","REMARK":"Garis Kontur","JNSKNT":1,"VALKNT":400},"geometry":{"type":"LineString","coordinates":[[111.65079,-8.0],[111.65142,-7.99887],[111.65241,-7.99858],[111.653,-7.99892],[111.65326,-7.99965],[111.65362,-8.0]]}},{"type":"Feature","properties":{"NAMOBJ":"237.5","REMARK":"Garis Kontur","JNSKNT":2,"VALKNT":237.5},"geometry":{"type":"LineString","coordinates":[[111.58172,-8.00499],[111.58185,-8.00486],[111.582,-8.00433],[111.58185,-8.00451],[111.58135,-8.00456],[111.58146,-8.005],[111.58172,-8.00499]]}},{"type":"Feature","properties":{"NAMOBJ":"687.5","REMARK":"Garis Kontur","JNSKNT":2,"VALKNT":687.5},"geometry":{"type":"LineString","coordinates":[[111.64923,-7.96684],[111.6486,-7.96629],[111.64848,-7.96642],[111.64847,-7.9668],[111.64876,-7.96783],[111.64861,-7.96823],[111.64834,-7.96823],[111.6472,-7.96811],[111.64676,-7.96761],[111.6463,-7.96766],[111.64591,-7.96788],[111.64472,-7.96761],[111.64456,-7.96736],[111.6447,-7.96666],[111.64444,-7.9662],[111.64481,-7.96561],[111.64436,-7.96604],[111.64424,-7.96593],[111.64383,-7.96614],[111.64339,-7.96595],[111.64169,-7.9667],[111.6413,-7.96592],[111.64058,-7.9665],[111.63969,-7.96603],[111.63883,-7.96613],[111.63929,-7.96704],[111.63961,-7.96728],[111.64054,-7.96755],[111.6404,-7.96805],[111.64101,-7.9688],[111.64103,-7.96899],[111.64174,-7.96921],[111.64197,-7.969],[111.64233,-7.96891],[111.64294,-7.96935],[111.64421,-7.9689],[111.64582,-7.96909],[111.64627,-7.96877],[111.64686,-7.96911],[111.64705,-7.96937],[111.64783,-7.96867],[111.64829,-7.96869],[111.64861,-7.96889],[111.64895,-7.96944],[111.64932,-7.96947],[111.64957,-7.96903],[111.64911,-7.96853],[111.6493,-7.96738],[111.64923,-7.96684]]}},{"type":"Feature","properties":{"NAMOBJ":"950","REMARK":"Garis Kontur","JNSKNT":4,"VALKNT":950},"geometry":{"type":"MultiLineString","coordinates":[[[111.53766,-8.02654],[111.53753,-8.02623],[111.53716,-8.02607]],[[111.53719,-8.02645],[111.53766,-8.02654]]]}},{"type":"Feature","properties":{"NAMOBJ":"162.5","REMARK":"Garis Kontur","JNSKNT":2,"VALKNT":162.5},"geometry":{"type":"LineString","coordinates":[[111.57603,-7.96895],[111.57558,-7.96949],[111.57643,-7.96887],[111.5762,-7.96795],[111.57603,-7.96895]]}},{"type":"Feature","properties":{"NAMOBJ":"600","REMARK":"Garis Kontur","JNSKNT":1,"VALKNT":600},"geometry":{"type":"LineString","coordinates":[[111.63576,-7.9941],[111.63544,-7.99501],[111.63546,-7.99582],[111.63566,-7.99613],[111.63606,-7.99586],[111.63656,-7.99603],[111.63703,-7.99564],[111.63721,-7.99484],[111.63773,-7.99402],[111.63848,-7.9938],[111.63865,-7.99312],[111.63843,-7.99248],[111.63791,-7.99229],[111.63722,-7.99251],[111.63671,-7.99319],[111.63625,-7.99338],[111.63576,-7.9941]]}},{"type":"Feature","properties":{"NAMOBJ":"162.5","REMARK":"Garis Kontur","JNSKNT":2,"VALKNT":162.5},"geometry":{"type":"MultiLineString","coordinates":[[[111.56661,-7.92364],[111.56643,-7.92388],[111.56605,-7.92395],[111.56583,-7.92385],[111.5652,-7.92452],[111.56399,-7.92489],[111.56302,-7.92578],[111.56201,-7.92558],[111.56183,-7.92542],[111.56172,-7.9258],[111.56126,-7.9261],[111.56049,-7.92621],[111.56012,-7.92606],[111.55945,-7.92608],[111.55901,-7.92619],[111.55882,-7.92637],[111.5591,-7.92697],[111.55924,-7.92702],[111.55929,-7.92756],[111.56018,-7.92791],[111.56025,-7.92829],[111.56139,-7.92888],[111.56234,-7.93002],[111.56259,-7.92978],[111.56318,-7.92955],[111.56381,-7.92949],[111.56392,-7.92928],[111.56422,-7.92919],[111.56449,-7.92889],[111.56475,-7.92897],[111.5652,-7.92863],[111.56559,-7.92861],[111.56585,-7.92881],[111.56633,-7.92841],[111.56666,-7.92789],[111.56703,-7.92768],[111.56811,-7.92761],[111.56862,-7.92724],[111.56901,-7.92715],[111.56974,-7.92707],[111.5701,-7.92721],[111.56952,-7.92738],[111.56863,-7.92796],[111.56806,-7.92786],[111.56687,-7.92822],[111.56738,-7.92905],[111.56715,-7.92892],[111.5668,-7.92901],[111.56661,-7.92969],[111.56603,-7.92982],[111.56542,-7.92943],[111.56503,-7.93],[111.56467,-7.93007],[111.56434,-7.92986],[111.56467,-7.93056],[111.56448,-7.93063],[111.56447,-7.9305],[111.56347,-7.93044],[111.56372,-7.93071],[111.56354,-7.93102],[111.56295,-7.93077],[111.56252,-7.93109],[111.56156,-7.93073],[111.56112,-7.93025],[111.56064,-7.9304],[111.56042,-7.93021],[111.56044,-7.92988],[111.56022,-7.92946],[111.55975,-7.92911],[111.55891,-7.92807],[111.55912,-7.92852],[111.55846,-7.92916],[111.558,-7.92983],[111.55787,-7.92929],[111.55723,-7.92933],[111.55706,-7.92961],[111.55669,-7.92923],[111.55642,-7.92948],[111.55616,-7.93001],[111.55541,-7.93005],[111.55526,-7.93059],[111.55496,-7.93091],[111.5539,-7.93109],[111.55347,-7.93207],[111.55357,-7.93278],[111.55297,-7.9336],[111.55312,-7.93378],[111.55364,-7.93383],[111.55472,-7.9344],[111.55529,-7.93444],[111.55443,-7.93492],[111.55274,-7.93513],[111.55252,-7.93538],[111.55194,-7.93512],[111.55131,-7.93437],[111.55096,-7.93434],[111.55089,-7.93458],[111.54969,-7.93481],[111.54881,-7.93535],[111.54875,-7.93631],[111.54971,-7.93746],[111.55127,-7.93743],[111.55214,-7.93799],[111.5527,-7.93773],[111.55305,-7.93789],[111.55358,-7.93771],[111.55493,-7.93769],[111.5539,-7.93822],[111.55366,-7.93852],[111.55329,-7.93871],[111.55322,-7.93906],[111.55272,-7.93937],[111.55255,-7.93962],[111.55233,-7.93962],[111.55188,-7.93994],[111.55171,-7.94135],[111.55203,-7.94178],[111.55121,-7.94205],[111.55085,-7.94262],[111.55016,-7.94292],[111.55021,-7.9435],[111.54996,-7.94353],[111.54966,-7.94334],[111.54957,-7.94368],[111.54903,-7.94417],[111.54867,-7.94407],[111.54858,-7.94454],[111.54892,-7.94483],[111.54982,-7.94456],[111.55019,-7.94494],[111.55073,-7.94488],[111.55076,-7.94459],[111.5517,-7.94413],[111.55181,-7.94392],[111.55192,-7.94409],[111.5528,-7.94393],[111.55364,-7.94432],[111.55428,-7.94422],[111.55576,-7.94444],[111.55613,-7.94426],[111.55681,-7.94519],[111.55689,-7.94564],[111.55715,-7.94568],[111.55677,-7.94656],[111.55748,-7.94549],[111.55661,-7.94398],[111.55657,-7.9433],[111.55685,-7.94257],[111.55748,-7.94214],[111.55819,-7.94132],[111.55976,-7.94141],[111.56041,-7.94124],[111.56076,-7.94095],[111.56086,-7.94042],[111.56053,-7.93985],[111.56013,-7.93949],[111.56142,-7.93929],[111.56182,-7.9394],[111.56195,-7.93924],[111.56221,-7.93924],[111.56245,-7.93961],[111.56246,-7.9399],[111.5623,-7.94022],[111.56265,-7.94086],[111.56318,-7.94116],[111.56366,-7.94113],[111.56402,-7.94062],[111.56415,-7.93986],[111.56436,-7.93956],[111.56427,-7.93884],[111.56442,-7.93881],[111.56448,-7.93849],[111.56495,-7.93815],[111.56528,-7.93828],[111.56616,-7.9383],[111.56683,-7.93778],[111.56741,-7.93762],[111.56857,-7.93771],[111.56887,-7.93794],[111.56947,-7.93785],[111.57011,-7.93715],[111.57136,-7.93658],[111.57185,-7.93621],[111.57208,-7.93653],[111.57273,-7.93686],[111.57338,-7.93714],[111.57372,-7.93707],[111.57604,-7.93547],[111.57595,-7.93475],[111.57609,-7.93441],[111.57639,-7.93413],[111.57691,-7.93434],[111.57781,-7.93497],[111.5781,-7.9342],[111.57892,-7.93355],[111.57927,-7.93307],[111.57938,-7.93254],[111.57968,-7.93219],[111.58015,-7.93172],[111.58155,-7.93078],[111.58187,-7.93085],[111.58236,-7.93149],[111.58251,-7.93152],[111.58286,-7.93228],[111.58328,-7.93277],[111.58498,-7.93357],[111.58546,-7.9334],[111.58559,-7.93375],[111.58719,-7.93515],[111.58754,-7.93562],[111.58761,-7.93594],[111.58716,-7.93613],[111.58665,-7.93557],[111.58609,-7.93517],[111.5858,-7.93518],[111.58564,-7.93458],[111.58522,-7.9347],[111.58489,-7.93447],[111.58452,-7.93392],[111.58327,-7.93371],[111.58223,-7.93268],[111.58216,-7.93223],[111.58185,-7.93169],[111.58164,-7.93158],[111.58154,-7.93181],[111.58137,-7.93167],[111.58097,-7.93183],[111.58042,-7.93224],[111.58015,-7.9328],[111.57991,-7.93359],[111.58021,-7.93417],[111.57997,-7.93435],[111.57983,-7.9347],[111.57955,-7.93452],[111.5792,-7.93457],[111.57871,-7.93546],[111.57794,-7.93589],[111.57687,-7.93561],[111.57687,-7.93586],[111.5765,-7.93643],[111.57632,-7.93698],[111.57633,-7.93719],[111.5767,-7.93751],[111.57619,-7.9373],[111.57584,-7.93738],[111.57576,-7.93727],[111.57551,-7.93748],[111.57527,-7.93809],[111.57473,-7.938],[111.57472,-7.93824],[111.57425,-7.93887],[111.57376,-7.93873],[111.57276,-7.93917],[111.57181,-7.93906],[111.571,-7.93985],[111.57044,-7.94078],[111.56867,-7.94098],[111.56818,-7.94186],[111.56763,-7.94242],[111.56721,-7.94316],[111.56687,-7.94336],[111.56681,-7.94358],[111.56627,-7.94412],[111.56597,-7.94425],[111.56532,-7.94489],[111.56425,-7.94498],[111.56352,-7.94541],[111.5631,-7.9451],[111.5626,-7.94496],[111.56124,-7.94483],[111.56107,-7.94513],[111.5616,-7.9454],[111.56178,-7.94617],[111.56149,-7.94728],[111.56113,-7.94794],[111.56041,-7.94856],[111.55984,-7.94981],[111.55983,-7.95022],[111.55947,-7.95058],[111.55921,-7.95112],[111.55942,-7.95152],[111.5597,-7.95168],[111.55983,-7.95097],[111.56026,-7.95128],[111.56068,-7.95136],[111.5614,-7.95101],[111.56137,-7.95169],[111.56093,-7.95177],[111.56021,-7.9524],[111.56004,-7.95283],[111.55937,-7.95286],[111.55864,-7.95361],[111.55841,-7.954],[111.55848,-7.95445],[111.55811,-7.95521],[111.55819,-7.95534],[111.5591,-7.95558],[111.55992,-7.95536],[111.56062,-7.95556],[111.56139,-7.95532],[111.56013,-7.95683],[111.56004,-7.95713],[111.56019,-7.95788],[111.55998,-7.95815],[111.56036,-7.95823],[111.56104,-7.95864],[111.56195,-7.95829],[111.56229,-7.95831],[111.56257,-7.95785],[111.56343,-7.95756],[111.56426,-7.95675],[111.5647,-7.95681],[111.5648,-7.9565],[111.5647,-7.95619],[111.56578,-7.9553],[111.56624,-7.9554],[111.56631,-7.95613],[111.5671,-7.95623],[111.56778,-7.95651],[111.56832,-7.95633],[111.56757,-7.95749],[111.56698,-7.95787],[111.5666,-7.95926],[111.56609,-7.95946],[111.5661,-7.9607],[111.56594,-7.96154],[111.56644,-7.96102],[111.56723,-7.96051],[111.56887,-7.95841],[111.56943,-7.95876],[111.56953,-7.95847],[111.57095,-7.95742],[111.57154,-7.9572],[111.57229,-7.95723],[111.57225,-7.95746],[111.57244,-7.95802],[111.57209,-7.9584],[111.57209,-7.95888],[111.57195,-7.95913],[111.57205,-7.95983],[111.57253,-7.95903],[111.57306,-7.95918],[111.57382,-7.95919],[111.57386,-7.95885],[111.57409,-7.9587],[111.57414,-7.95802],[111.5745,-7.95786],[111.57451,-7.95805],[111.57471,-7.95808],[111.57493,-7.95778],[111.57565,-7.95732],[111.57562,-7.95897],[111.57544,-7.95929],[111.57698,-7.95892],[111.57644,-7.96009],[111.57562,-7.96068],[111.57545,-7.96137],[111.57625,-7.96114],[111.57703,-7.96121],[111.57745,-7.96081],[111.57769,-7.96084],[111.57745,-7.96097],[111.57681,-7.96173],[111.5766,-7.96248],[111.5767,-7.9627],[111.57663,-7.96309],[111.57708,-7.96384],[111.57714,-7.96377],[111.57794,-7.96426],[111.57829,-7.96404],[111.57895,-7.96506],[111.5789,-7.96797],[111.57764,-7.96854],[111.57606,-7.96999],[111.57455,-7.96971],[111.57432,-7.96941],[111.57427,-7.96894],[111.5736,-7.96899],[111.5735,-7.96882],[111.57278,-7.96859],[111.5727,-7.96876],[111.57279,-7.96902],[111.57298,-7.96932],[111.57332,-7.96948],[111.57346,-7.96979],[111.57353,-7.96966],[111.5738,-7.96964],[111.57389,-7.97003],[111.5743,-7.97051],[111.57438,-7.97103],[111.57515,-7.97153],[111.57544,-7.97206],[111.57614,-7.97198],[111.57654,-7.97209],[111.5772,-7.97314],[111.57756,-7.97349],[111.57746,-7.97375],[111.57755,-7.97387],[111.57805,-7.97382],[111.5781,-7.97415],[111.57831,-7.97426],[111.57957,-7.97428],[111.58004,-7.97417],[111.58049,-7.9743],[111.58067,-7.97417],[111.5811,-7.97448],[111.58174,-7.9745],[111.58155,-7.9747],[111.58016,-7.97475],[111.57916,-7.97505],[111.57889,-7.97496],[111.57837,-7.97524],[111.57801,-7.97571],[111.57759,-7.97564],[111.57731,-7.9758],[111.577,-7.9765],[111.57713,-7.97695],[111.57692,-7.97734],[111.57778,-7.97817],[111.57797,-7.9785],[111.57809,-7.97924],[111.57825,-7.97936],[111.57802,-7.97947],[111.57824,-7.98001],[111.57822,-7.98041],[111.57792,-7.98051],[111.5778,-7.98047],[111.57741,-7.97973],[111.57736,-7.97903],[111.57708,-7.9788],[111.57702,-7.97845],[111.5765,-7.97822],[111.57585,-7.97815],[111.57596,-7.97777],[111.57559,-7.97722],[111.57579,-7.97633],[111.57566,-7.97595],[111.5757,-7.97526],[111.57642,-7.97456],[111.57599,-7.97456],[111.57601,-7.97427],[111.57574,-7.97423],[111.57569,-7.97409],[111.57586,-7.97383],[111.57571,-7.97363],[111.57536,-7.97353],[111.57506,-7.97361],[111.57408,-7.97435],[111.57356,-7.97448],[111.57343,-7.97478],[111.57319,-7.9748],[111.57334,-7.97499],[111.5728,-7.9762],[111.5728,-7.97703],[111.57246,-7.9776],[111.57176,-7.9778],[111.57216,-7.97706],[111.5723,-7.97643],[111.57147,-7.97542],[111.5714,-7.9746],[111.57089,-7.97453],[111.57065,-7.97437],[111.56999,-7.97451],[111.5697,-7.97441],[111.56949,-7.97416],[111.56877,-7.97436],[111.56837,-7.97416],[111.56807,-7.97377],[111.56746,-7.97398],[111.56704,-7.9743],[111.567,-7.9746],[111.5661,-7.97487],[111.56538,-7.97533],[111.56528,-7.97551],[111.56503,-7.97531],[111.56516,-7.97509],[111.56507,-7.9748],[111.56483,-7.97484],[111.56463,-7.9754],[111.56492,-7.97613],[111.56441,-7.97651],[111.56425,-7.97706],[111.564,-7.97584],[111.56386,-7.9758],[111.5638,-7.97601],[111.56363,-7.97592],[111.56344,-7.97553],[111.56276,-7.9751],[111.56265,-7.97475],[111.56234,-7.97523],[111.56105,-7.97594],[111.561,-7.97522],[111.56076,-7.9747],[111.56007,-7.97415],[111.55903,-7.97375],[111.55805,-7.97299],[111.5579,-7.97265],[111.55712,-7.97256],[111.5572,-7.9724],[111.55777,-7.97242],[111.55747,-7.97203],[111.55702,-7.97196],[111.55695,-7.97146],[111.55643,-7.97111],[111.55581,-7.97094],[111.55493,-7.97096],[111.55387,-7.97048],[111.55334,-7.97046],[111.55233,-7.9707],[111.55201,-7.97051],[111.55264,-7.97112],[111.55295,-7.97204],[111.55293,-7.97276],[111.55231,-7.97302],[111.55214,-7.97328],[111.55241,-7.9743],[111.55224,-7.97507],[111.55175,-7.97509],[111.55136,-7.97527],[111.55096,-7.97558],[111.55056,-7.97619],[111.55,-7.97617],[111.54956,-7.97682],[111.54956,-7.977],[111.54911,-7.97729],[111.54831,-7.97726],[111.54746,-7.97745],[111.54752,-7.97852],[111.54832,-7.97938],[111.54863,-7.97948],[111.54859,-7.9798],[111.54798,-7.98053],[111.54807,-7.981],[111.54829,-7.98124],[111.54674,-7.98155],[111.54635,-7.9819],[111.54658,-7.98272],[111.54652,-7.98301],[111.54674,-7.98345],[111.54642,-7.98357],[111.54599,-7.98346],[111.54581,-7.9836],[111.54571,-7.98533],[111.54598,-7.98544],[111.54629,-7.98534],[111.54641,-7.98616],[111.54692,-7.98693],[111.54569,-7.9874],[111.54576,-7.98761],[111.54617,-7.98793],[111.5463,-7.98832],[111.5456,-7.98873],[111.54499,-7.98858],[111.54521,-7.98905],[111.54513,-7.9897],[111.5449,-7.99038],[111.54444,-7.9909],[111.54364,-7.99056],[111.54351,-7.9904],[111.54324,-7.9911],[111.54261,-7.99143],[111.54265,-7.99166],[111.54218,-7.99208],[111.54186,-7.99148],[111.54122,-7.99141],[111.54087,-7.99113],[111.54076,-7.99186],[111.54036,-7.99241],[111.54031,-7.993],[111.54011,-7.99277],[111.53989,-7.99206],[111.53901,-7.9921],[111.53863,-7.99273],[111.53833,-7.99282],[111.53825,-7.992],[111.53794,-7.99128],[111.53738,-7.99164],[111.53664,-7.99167],[111.53626,-7.99217],[111.53622,-7.99191],[111.53618,-7.99198],[111.53533,-7.99175],[111.5354,-7.99117],[111.535,-7.99187],[111.5345,-7.99228],[111.53355,-7.99222],[111.53305,-7.99187],[111.53282,-7.99188]],[[111.64809,-8.01882],[111.64805,-8.01859],[111.64841,-8.0182],[111.64901,-8.0183],[111.65014,-8.01822],[111.65182,-8.01735],[111.65282,-8.01704],[111.65291,-8.01669],[111.65269,-8.01652],[111.65426,-8.01485],[111.65483,-8.01298],[111.65523,-8.0124]]]}},{"type":"Feature","properties":{"NAMOBJ":"675","REMARK":"Garis Kontur","JNSKNT":2,"VALKNT":675},"geometry":{"type":"LineString","coordinates":[[111.63148,-7.97383],[111.63162,-7.9738],[111.6314,-7.97381],[111.63148,-7.97383]]}},{"type":"Feature","properties":{"NAMOBJ":"625","REMARK":"Garis Kontur","JNSKNT":2,"VALKNT":625},"geometry":{"type":"LineString","coordinates":[[111.64618,-7.98157],[111.64619,-7.98108],[111.64602,-7.98174],[111.64618,-7.98157]]}},{"type":"Feature","properties":{"NAMOBJ":"687.5","REMARK":"Garis Kontur","JNSKNT":2,"VALKNT":687.5},"geometry":{"type":"LineString","coordinates":[[111.60524,-7.94776],[111.60457,-7.94805],[111.60516,-7.94859],[111.60549,-7.94816],[111.60524,-7.94776]]}},{"type":"Feature","properties":{"NAMOBJ":"650","REMARK":"Garis Kontur","JNSKNT":1,"VALKNT":650},"geometry":{"type":"LineString","coordinates":[[111.65323,-7.96439],[111.65314,-7.96454],[111.65237,-7.96434],[111.65154,-7.9649],[111.65141,-7.96426],[111.65057,-7.9645],[111.65,-7.96424],[111.64971,-7.96424],[111.64956,-7.9645],[111.64969,-7.96507],[111.65006,-7.96545],[111.65041,-7.96621],[111.65003,-7.96605],[111.64976,-7.96566],[111.64886,-7.96508],[111.64849,-7.96504],[111.64813,-7.96526],[111.64778,-7.96575],[111.64748,-7.96588],[111.64734,-7.96656],[111.64677,-7.96638],[111.64604,-7.96675],[111.64596,-7.96637],[111.64633,-7.96618],[111.64631,-7.966],[111.64655,-7.9658],[111.64748,-7.96419],[111.64732,-7.96395],[111.64651,-7.96366],[111.64626,-7.96308],[111.64549,-7.96358],[111.64512,-7.96344],[111.64486,-7.9635],[111.64379,-7.96393],[111.64374,-7.96477],[111.6434,-7.965],[111.64293,-7.96483],[111.64285,-7.96515],[111.64213,-7.96498],[111.64144,-7.96502],[111.64047,-7.96544],[111.64003,-7.9649],[111.63985,-7.96429],[111.6397,-7.96424],[111.63935,-7.96442],[111.63884,-7.96518],[111.63844,-7.96546],[111.63727,-7.96549],[111.63719,-7.96562],[111.63724,-7.96587],[111.63755,-7.96609],[111.63746,-7.96662],[111.63786,-7.96685],[111.63819,-7.96687],[111.63877,-7.96769],[111.639,-7.96765],[111.63928,-7.96788],[111.63936,-7.96871],[111.63926,-7.96906],[111.64011,-7.96906],[111.63969,-7.96968],[111.63999,-7.97072],[111.6407,-7.97017],[111.64097,-7.9701],[111.64119,-7.97089],[111.64081,-7.97136],[111.64074,-7.97188],[111.64126,-7.97178],[111.64174,-7.97198],[111.64156,-7.97154],[111.64165,-7.9714],[111.64156,-7.97106],[111.64201,-7.97102],[111.64243,-7.9703],[111.64315,-7.97088],[111.64374,-7.97068],[111.6441,-7.97013],[111.64464,-7.97049],[111.64505,-7.97135],[111.64574,-7.97152],[111.64581,-7.97145],[111.64564,-7.97064],[111.64579,-7.96985],[111.64607,-7.96997],[111.64645,-7.96986],[111.64689,-7.97025],[111.64766,-7.96995],[111.64797,-7.96966],[111.64804,-7.97015],[111.64784,-7.9705],[111.64789,-7.97063],[111.64851,-7.97062],[111.64873,-7.97075],[111.64926,-7.97047],[111.65002,-7.97036],[111.65026,-7.97038],[111.6506,-7.97064],[111.65058,-7.97031],[111.65027,-7.96972],[111.65064,-7.96924],[111.65063,-7.96871],[111.65038,-7.96801],[111.65071,-7.96815],[111.65165,-7.96819],[111.65201,-7.96804],[111.65242,-7.9687],[111.65258,-7.96868],[111.65306,-7.96822],[111.6533,-7.96685],[111.6543,-7.96687],[111.65426,-7.96776],[111.65473,-7.96795],[111.6543,-7.96825],[111.65387,-7.96833],[111.65378,-7.96934],[111.65412,-7.96928],[111.6544,-7.96938],[111.65411,-7.9696],[111.65442,-7.97004],[111.65421,-7.97047],[111.65441,-7.97077],[111.65319,-7.9713],[111.65296,-7.97236],[111.65235,-7.97331],[111.65232,-7.97372],[111.65245,-7.97404],[111.65312,-7.97444],[111.65331,-7.97418],[111.65323,-7.97347],[111.65347,-7.97333],[111.65341,-7.97313],[111.6531,-7.97307],[111.6533,-7.97281],[111.65346,-7.972],[111.65374,-7.97161],[111.65418,-7.9713],[111.65469,-7.97131],[111.65547,-7.97188],[111.65589,-7.97107],[111.65608,-7.97096],[111.65583,-7.97037],[111.65626,-7.96986],[111.657,-7.97038],[111.65738,-7.97089],[111.65793,-7.9707],[111.65807,-7.97101],[111.65807,-7.97142],[111.65782,-7.97236],[111.65802,-7.97276],[111.65831,-7.97209],[111.65859,-7.97188],[111.65891,-7.97228],[111.65956,-7.97193],[111.6595,-7.97055],[111.65929,-7.97006],[111.66055,-7.97026],[111.66076,-7.96961],[111.66038,-7.96895],[111.66096,-7.96906],[111.66206,-7.96994],[111.66228,-7.96935],[111.66227,-7.96862],[111.66306,-7.96828],[111.66287,-7.96776],[111.66253,-7.9674],[111.66171,-7.96733],[111.66154,-7.96747],[111.66092,-7.96745]]}},{"type":"Feature","properties":{"NAMOBJ":"362.5","REMARK":"Garis Kontur","JNSKNT":2,"VALKNT":362.5},"geometry":{"type":"LineString","coordinates":[[111.58588,-7.96354],[111.58601,-7.96401],[111.58637,-7.96453],[111.58695,-7.9647],[111.588,-7.96476],[111.5882,-7.96489],[111.58831,-7.96529],[111.58818,-7.96614],[111.5884,-7.96638],[111.58873,-7.96648],[111.58964,-7.96635],[111.58994,-7.96667],[111.59009,-7.96706],[111.59074,-7.96724],[111.59121,-7.96704],[111.59132,-7.96639],[111.59128,-7.96555],[111.59102,-7.96457],[111.59106,-7.96429],[111.59042,-7.96396],[111.58987,-7.96346],[111.58996,-7.96266],[111.58979,-7.96138],[111.58873,-7.95982],[111.58782,-7.96028],[111.58745,-7.96083],[111.58732,-7.96133],[111.58708,-7.96137],[111.58668,-7.9617],[111.58592,-7.96262],[111.58588,-7.96354]]}},{"type":"Feature","properties":{"NAMOBJ":"600","REMARK":"Garis Kontur","JNSKNT":1,"VALKNT":600},"geometry":{"type":"LineString","coordinates":[[111.64073,-7.98356],[111.64069,-7.98323],[111.64021,-7.98254],[111.64032,-7.98204],[111.63977,-7.98145],[111.63978,-7.98124],[111.63952,-7.98106],[111.63972,-7.98052],[111.63938,-7.98002],[111.63871,-7.98131],[111.63925,-7.98237],[111.63916,-7.98295],[111.64054,-7.98378],[111.64073,-7.98356]]}},{"type":"Feature","properties":{"NAMOBJ":"362.5","REMARK":"Garis Kontur","JNSKNT":2,"VALKNT":362.5},"geometry":{"type":"LineString","coordinates":[[111.58071,-7.93899],[111.58078,-7.93888],[111.58054,-7.93906],[111.58046,-7.93931],[111.58071,-7.93899]]}},{"type":"Feature","properties":{"NAMOBJ":"400","REMARK":"Garis Kontur","JNSKNT":1,"VALKNT":400},"geometry":{"type":"LineString","coordinates":[[111.65603,-7.9975],[111.65533,-7.99716],[111.65508,-7.99761],[111.65446,-7.99744],[111.65427,-7.99753],[111.65414,-7.9974],[111.65403,-7.99681],[111.65505,-7.99577],[111.65588,-7.99518],[111.65582,-7.9951],[111.65507,-7.99529],[111.65439,-7.99521],[111.65389,-7.99563],[111.65359,-7.99563],[111.6534,-7.99579],[111.65223,-7.99558],[111.6511,-7.99472],[111.65098,-7.99451],[111.65175,-7.9946],[111.65243,-7.99407],[111.65322,-7.99407],[111.65324,-7.99383],[111.65394,-7.99335],[111.65508,-7.99264],[111.65599,-7.99235],[111.65606,-7.99226],[111.65558,-7.99174],[111.65475,-7.99225],[111.65296,-7.99298],[111.65243,-7.99289],[111.65179,-7.99311],[111.6516,-7.99268],[111.65062,-7.99341],[111.64972,-7.99311],[111.64884,-7.99298],[111.64843,-7.99306],[111.64833,-7.99291],[111.6496,-7.992],[111.65037,-7.9917],[111.64976,-7.99061],[111.65085,-7.99102],[111.65123,-7.99066],[111.65198,-7.99073],[111.65215,-7.99016],[111.65264,-7.99012],[111.65282,-7.99033],[111.65321,-7.98981],[111.65388,-7.98959],[111.65335,-7.98941],[111.65319,-7.98946],[111.65297,-7.98915],[111.65283,-7.98866],[111.65303,-7.98791],[111.65258,-7.9874],[111.65211,-7.98716],[111.65183,-7.98717],[111.65246,-7.98654],[111.65235,-7.98608],[111.65142,-7.98556],[111.65102,-7.98489],[111.65259,-7.98464],[111.65272,-7.98413],[111.6527,-7.98308],[111.65342,-7.9825],[111.65372,-7.98188]]}},{"type":"Feature","properties":{"NAMOBJ":"562.5","REMARK":"Garis Kontur","JNSKNT":2,"VALKNT":562.5},"geometry":{"type":"LineString","coordinates":[[111.61696,-7.98369],[111.61679,-7.9837],[111.61648,-7.98403],[111.61619,-7.98409],[111.61645,-7.98419],[111.61611,-7.98449],[111.61571,-7.98457],[111.61571,-7.98428],[111.61536,-7.98458],[111.61538,-7.98512],[111.61562,-7.98532],[111.61563,-7.98606],[111.61615,-7.98601],[111.61662,-7.98531],[111.61717,-7.98505],[111.61742,-7.98458],[111.61774,-7.98449],[111.61748,-7.98403],[111.61696,-7.98369]]}},{"type":"Feature","properties":{"NAMOBJ":"450","REMARK":"Garis Kontur","JNSKNT":1,"VALKNT":450},"geometry":{"type":"LineString","coordinates":[[111.60074,-7.95841],[111.60111,-7.95833],[111.60039,-7.95776],[111.60028,-7.95803],[111.60058,-7.95852],[111.60074,-7.95841]]}},{"type":"Feature","properties":{"NAMOBJ":"550","REMARK":"Garis Kontur","JNSKNT":1,"VALKNT":550},"geometry":{"type":"LineString","coordinates":[[111.62297,-7.96925],[111.62252,-7.96943],[111.62229,-7.96969],[111.62232,-7.97049],[111.62245,-7.97066],[111.62256,-7.97067],[111.62275,-7.97037],[111.62335,-7.97014],[111.62341,-7.96956],[111.62375,-7.96882],[111.62331,-7.96905],[111.62303,-7.96905],[111.62297,-7.96925]]}},{"type":"Feature","properties":{"NAMOBJ":"587.5","REMARK":"Garis Kontur","JNSKNT":2,"VALKNT":587.5},"geometry":{"type":"LineString","coordinates":[[111.62795,-7.96194],[111.6289,-7.96126],[111.62991,-7.96129],[111.63009,-7.96096],[111.6307,-7.96067],[111.63072,-7.96007],[111.63128,-7.96026],[111.63115,-7.9591],[111.63059,-7.95949],[111.62971,-7.95977],[111.62954,-7.96005],[111.62897,-7.95982],[111.6282,-7.96003],[111.62783,-7.96034],[111.62753,-7.96033],[111.62723,-7.96051],[111.62692,-7.96044],[111.62747,-7.96125],[111.62689,-7.96152],[111.62686,-7.96187],[111.62753,-7.96183],[111.62789,-7.96203],[111.62795,-7.96194]]}},{"type":"Feature","properties":{"NAMOBJ":"550","REMARK":"Garis Kontur","JNSKNT":1,"VALKNT":550},"geometry":{"type":"MultiLineString","coordinates":[[[111.58392,-8.02494],[111.58306,-8.02515],[111.58261,-8.02564],[111.58186,-8.026],[111.5814,-8.02576],[111.58165,-8.02633]],[[111.58165,-8.02633],[111.58261,-8.02661]]]}},{"type":"Feature","properties":{"NAMOBJ":"525","REMARK":"Garis Kontur","JNSKNT":2,"VALKNT":525},"geometry":{"type":"MultiLineString","coordinates":[[[111.63088,-7.95771],[111.63061,-7.95806],[111.62954,-7.95827]],[[111.62931,-7.95862],[111.62918,-7.95878],[111.62717,-7.95937],[111.6271,-7.95995],[111.62645,-7.96018],[111.6264,-7.96074],[111.62547,-7.96137],[111.62544,-7.96193],[111.62488,-7.96295],[111.62397,-7.96255],[111.62361,-7.96203],[111.62342,-7.96149],[111.62301,-7.96103],[111.62296,-7.96033],[111.62253,-7.96049],[111.62216,-7.96023],[111.62168,-7.96059],[111.62175,-7.96088],[111.62115,-7.9607],[111.62084,-7.96108],[111.62055,-7.96104],[111.62037,-7.9612],[111.61991,-7.96079],[111.61972,-7.96034],[111.61885,-7.96054],[111.61858,-7.96044],[111.61827,-7.96057],[111.61767,-7.96057],[111.61738,-7.96033],[111.61718,-7.9604],[111.61726,-7.9607],[111.61768,-7.96071],[111.61789,-7.96095],[111.61814,-7.96067],[111.61834,-7.96063],[111.61888,-7.96087],[111.61943,-7.96088],[111.6198,-7.96125],[111.61998,-7.96165],[111.61988,-7.96215],[111.61995,-7.96237],[111.61952,-7.96324],[111.6198,-7.96324],[111.62037,-7.96352],[111.62063,-7.96395],[111.62104,-7.9632],[111.62095,-7.96268],[111.62108,-7.96268],[111.62138,-7.96221],[111.6219,-7.96191],[111.62219,-7.96156],[111.62247,-7.96156],[111.62304,-7.96284],[111.62354,-7.96316],[111.62395,-7.96309],[111.62457,-7.96391],[111.62461,-7.96496],[111.62512,-7.96431],[111.6255,-7.96496],[111.62552,-7.9652],[111.62615,-7.9655],[111.62663,-7.9653],[111.62738,-7.9645],[111.62738,-7.96291],[111.62834,-7.96324],[111.62875,-7.9632],[111.62923,-7.96259],[111.62941,-7.96261],[111.63009,-7.96223],[111.63128,-7.9614],[111.63152,-7.96143],[111.63196,-7.96123],[111.63278,-7.96025],[111.6334,-7.95996],[111.63347,-7.95965],[111.63349,-7.96063],[111.63399,-7.9613],[111.63449,-7.96136],[111.63514,-7.96163],[111.63634,-7.96125],[111.63691,-7.96054],[111.63766,-7.96072],[111.63689,-7.9609],[111.63674,-7.96122],[111.63552,-7.96206],[111.6334,-7.962],[111.63273,-7.96169],[111.63251,-7.96175],[111.63239,-7.9619],[111.63251,-7.96268],[111.63166,-7.96307],[111.6313,-7.9629],[111.63048,-7.96438],[111.6309,-7.96533],[111.63061,-7.96534],[111.63045,-7.96568],[111.62879,-7.96629],[111.629,-7.96659],[111.62919,-7.96656],[111.62935,-7.96632],[111.62988,-7.96641],[111.63055,-7.9671],[111.63087,-7.96662],[111.63113,-7.96659],[111.63116,-7.96695],[111.63164,-7.96761],[111.63215,-7.96788],[111.63189,-7.96881],[111.63224,-7.9695],[111.63262,-7.96976],[111.63201,-7.97004],[111.63134,-7.97002],[111.63062,-7.96969],[111.63046,-7.9691],[111.63052,-7.96887],[111.62914,-7.96931],[111.6291,-7.96853],[111.62834,-7.96898],[111.62781,-7.96959],[111.62759,-7.96836],[111.62659,-7.96817],[111.62559,-7.96831],[111.62507,-7.96925],[111.62471,-7.96918],[111.62407,-7.96961],[111.62424,-7.96878],[111.62404,-7.96845],[111.62337,-7.96855],[111.62264,-7.96838],[111.62247,-7.96881],[111.62174,-7.96977],[111.62153,-7.97059],[111.62165,-7.97079],[111.62231,-7.97118],[111.62097,-7.97176],[111.61959,-7.97175],[111.61925,-7.97231],[111.61924,-7.97276],[111.61966,-7.97338],[111.61954,-7.97363],[111.61893,-7.97369],[111.61854,-7.97466],[111.61789,-7.97551],[111.61848,-7.97606],[111.61898,-7.97681],[111.61863,-7.97688],[111.61832,-7.97804],[111.61787,-7.9783],[111.61745,-7.97883],[111.61722,-7.97926],[111.61726,-7.97974],[111.61714,-7.98018],[111.61795,-7.98023],[111.6183,-7.9806],[111.61831,-7.9809],[111.61847,-7.98086],[111.61901,-7.98146],[111.61907,-7.98214],[111.61942,-7.98246],[111.62057,-7.98266],[111.62176,-7.98352],[111.62227,-7.98363],[111.62218,-7.98378],[111.62153,-7.98366],[111.62032,-7.98302],[111.61925,-7.9829],[111.61887,-7.98257],[111.61859,-7.98261],[111.61827,-7.98227],[111.61834,-7.98203],[111.61819,-7.98175],[111.61725,-7.98193],[111.61715,-7.98158],[111.61702,-7.98161],[111.61663,-7.98102],[111.61662,-7.97978],[111.61644,-7.97935],[111.61633,-7.97778],[111.61606,-7.97745],[111.61512,-7.97782],[111.6146,-7.97829],[111.61418,-7.97922],[111.61331,-7.97935],[111.61328,-7.97919],[111.61357,-7.9788],[111.61366,-7.9784],[111.61357,-7.9779],[111.61273,-7.97792],[111.61221,-7.9783],[111.61201,-7.97877],[111.61173,-7.97774],[111.61187,-7.97687],[111.61129,-7.97776],[111.61041,-7.97853],[111.61008,-7.97931],[111.6103,-7.98002],[111.61009,-7.98122],[111.61034,-7.98112],[111.6106,-7.98123],[111.61108,-7.982],[111.61177,-7.98188],[111.61167,-7.98255],[111.61215,-7.98404],[111.6112,-7.98423],[111.6114,-7.98453],[111.61177,-7.98478],[111.61197,-7.98597],[111.61156,-7.98665],[111.61126,-7.9875],[111.61124,-7.98816],[111.61138,-7.98874],[111.61144,-7.98824],[111.61168,-7.98779],[111.61178,-7.98656],[111.61194,-7.98661],[111.61286,-7.98601],[111.61284,-7.98529],[111.61303,-7.98471],[111.61359,-7.9852],[111.61388,-7.98578],[111.6144,-7.98582],[111.61432,-7.98598],[111.61464,-7.98643],[111.6151,-7.98698],[111.61543,-7.98718],[111.61611,-7.98705],[111.61637,-7.98722],[111.6171,-7.98729],[111.61758,-7.98705],[111.61821,-7.98626],[111.61898,-7.98653],[111.61983,-7.98592],[111.62019,-7.98654],[111.6203,-7.98701],[111.62085,-7.98741],[111.62029,-7.98779],[111.61977,-7.98796],[111.61953,-7.9884],[111.61903,-7.98879],[111.61869,-7.98957],[111.61856,-7.99032],[111.61809,-7.99098],[111.61843,-7.99199],[111.61823,-7.99321],[111.61836,-7.9937],[111.61746,-7.99439],[111.61812,-7.99515],[111.61832,-7.99594],[111.61814,-7.99634],[111.6177,-7.99672],[111.61756,-7.99709],[111.61751,-7.99757],[111.61776,-7.99821],[111.61816,-7.99809],[111.61913,-7.99744],[111.61951,-7.9968],[111.62009,-7.99688],[111.62068,-7.99678],[111.62106,-7.99713],[111.62246,-7.99752],[111.62381,-7.99733],[111.62407,-7.99774],[111.62508,-7.99822],[111.62555,-7.99874],[111.62539,-7.99932],[111.62592,-7.99903],[111.62636,-7.99801],[111.6269,-7.99804],[111.62733,-7.99786],[111.62729,-7.99864],[111.62762,-7.99932],[111.62749,-7.9997],[111.62744,-8.00081],[111.62759,-8.00108],[111.62815,-8.0006],[111.62895,-8.00054],[111.63058,-7.99974],[111.63065,-7.99859],[111.63135,-7.99874],[111.63147,-7.99866],[111.63149,-7.99797],[111.63196,-7.99765],[111.63218,-7.99725],[111.63216,-7.99683],[111.63192,-7.99635],[111.63247,-7.99497],[111.63273,-7.99558],[111.63306,-7.99588],[111.63341,-7.99538],[111.63429,-7.99664],[111.63526,-7.99764],[111.63523,-7.99792],[111.63542,-7.99768],[111.6357,-7.9977],[111.63603,-7.99743],[111.6365,-7.99806],[111.63742,-7.99799],[111.63825,-7.99727],[111.63822,-7.99783],[111.63836,-7.99847],[111.63876,-7.99917],[111.63876,-7.99981],[111.63888,-7.99981],[111.63917,-7.99848],[111.63908,-7.99825],[111.63972,-7.99726],[111.64013,-7.99749],[111.6404,-7.99793],[111.64063,-7.99806],[111.64162,-7.99743],[111.6427,-7.99736],[111.64334,-7.99694],[111.64388,-7.99699],[111.6437,-7.99665],[111.64376,-7.99575],[111.64284,-7.99422],[111.64275,-7.99411],[111.64209,-7.9941],[111.64186,-7.99379],[111.64271,-7.99359],[111.64276,-7.9931],[111.64353,-7.99262],[111.64508,-7.99297],[111.64558,-7.99265],[111.64561,-7.9921],[111.64528,-7.99158],[111.64491,-7.99147],[111.6441,-7.99162],[111.64338,-7.99045],[111.64309,-7.99045],[111.64274,-7.99006],[111.64309,-7.98939],[111.64276,-7.98878],[111.6428,-7.98804],[111.6443,-7.98864],[111.64467,-7.9893],[111.64507,-7.98918],[111.64617,-7.98933],[111.64646,-7.99004],[111.64684,-7.99037],[111.64683,-7.99012],[111.64727,-7.98939],[111.64696,-7.98885],[111.64671,-7.98894],[111.64662,-7.98829],[111.64606,-7.98777],[111.64628,-7.98761],[111.64595,-7.98733],[111.64639,-7.9867],[111.64657,-7.98667],[111.64695,-7.9869],[111.64701,-7.98731],[111.64789,-7.98817],[111.64833,-7.98834],[111.6486,-7.98861],[111.64884,-7.98822],[111.64883,-7.98776],[111.64849,-7.98733],[111.64846,-7.98713],[111.64872,-7.9866],[111.64915,-7.98625],[111.64869,-7.98539],[111.64869,-7.985],[111.64842,-7.98435],[111.64847,-7.98411],[111.64809,-7.98289],[111.64859,-7.98287],[111.6488,-7.98271],[111.64968,-7.98299],[111.65015,-7.98251],[111.65049,-7.98262],[111.65041,-7.98217],[111.65158,-7.98051],[111.6515,-7.98025],[111.6511,-7.9799],[111.6513,-7.9796],[111.65137,-7.97885],[111.65187,-7.97887],[111.65216,-7.97853],[111.65246,-7.97866],[111.65259,-7.97907],[111.65279,-7.9792],[111.65358,-7.97902],[111.65416,-7.97907],[111.65535,-7.97746],[111.65534,-7.97727],[111.65556,-7.97725],[111.65598,-7.9767]]]}},{"type":"Feature","properties":{"NAMOBJ":"475","REMARK":"Garis Kontur","JNSKNT":2,"VALKNT":475},"geometry":{"type":"LineString","coordinates":[[111.64841,-8.00864],[111.6484,-8.00881],[111.64872,-8.00858],[111.6484,-8.00832],[111.64841,-8.00864]]}},{"type":"Feature","properties":{"NAMOBJ":"975","REMARK":"Garis Kontur","JNSKNT":2,"VALKNT":975},"geometry":{"type":"MultiLineString","coordinates":[[[111.53735,-8.02692],[111.53743,-8.0268],[111.53724,-8.02676]],[[111.53728,-8.02693],[111.53735,-8.02692]]]}},{"type":"Feature","properties":{"NAMOBJ":"550","REMARK":"Garis Kontur","JNSKNT":1,"VALKNT":550},"geometry":{"type":"LineString","coordinates":[[111.64775,-8.0],[111.64835,-7.99915],[111.6489,-7.9991],[111.64893,-7.99863],[111.64939,-7.99797],[111.64927,-7.99769],[111.64847,-7.99713],[111.64786,-7.99766],[111.64786,-7.99792],[111.64754,-7.99781],[111.64738,-7.99844],[111.64696,-7.99875],[111.64705,-7.99913],[111.64688,-7.99954],[111.64775,-8.0]]}},{"type":"Feature","properties":{"NAMOBJ":"700","REMARK":"Garis Kontur","JNSKNT":1,"VALKNT":700},"geometry":{"type":"LineString","coordinates":[[111.64584,-7.96875],[111.64595,-7.96855],[111.64645,-7.96858],[111.64709,-7.96897],[111.6476,-7.96854],[111.64665,-7.96819],[111.64591,-7.96826],[111.64505,-7.96797],[111.64473,-7.96799],[111.64443,-7.96775],[111.6441,-7.96717],[111.64431,-7.9669],[111.64425,-7.96659],[111.64373,-7.96635],[111.64326,-7.96629],[111.64153,-7.96706],[111.64122,-7.96634],[111.64106,-7.96657],[111.64059,-7.9668],[111.64032,-7.96675],[111.64016,-7.9665],[111.6398,-7.96631],[111.63943,-7.96655],[111.63968,-7.96704],[111.64089,-7.96747],[111.64069,-7.96795],[111.64125,-7.96874],[111.64156,-7.96889],[111.64213,-7.96845],[111.64289,-7.96887],[111.64418,-7.96851],[111.64519,-7.96864],[111.64535,-7.96876],[111.64584,-7.96875]]}},{"type":"Feature","properties":{"NAMOBJ":"375","REMARK":"Garis Kontur","JNSKNT":2,"VALKNT":375},"geometry":{"type":"LineString","coordinates":[[111.58623,-7.96417],[111.58644,-7.96442],[111.58822,-7.96472],[111.5884,-7.9653],[111.58833,-7.96618],[111.58981,-7.96631],[111.59017,-7.9669],[111.59046,-7.96703],[111.59084,-7.96697],[111.59115,-7.96667],[111.5911,-7.96524],[111.5906,-7.96427],[111.59002,-7.96384],[111.58968,-7.96337],[111.58978,-7.96254],[111.58969,-7.96173],[111.58886,-7.96026],[111.58792,-7.96059],[111.5875,-7.96143],[111.58715,-7.96154],[111.58658,-7.96234],[111.5861,-7.96266],[111.58595,-7.96345],[111.58623,-7.96417]]}},{"type":"Feature","properties":{"NAMOBJ":"450","REMARK":"Garis Kontur","JNSKNT":1,"VALKNT":450},"geometry":{"type":"LineString","coordinates":[[111.58307,-7.94564],[111.58299,-7.94579],[111.58303,-7.94604],[111.58317,-7.94579],[111.58314,-7.94557],[111.58307,-7.94564]]}},{"type":"Feature","properties":{"NAMOBJ":"125","REMARK":"Garis Kontur","JNSKNT":2,"VALKNT":125},"geometry":{"type":"LineString","coordinates":[[111.54068,-7.96691],[111.5408,-7.96673],[111.5413,-7.96712],[111.5413,-7.96799],[111.54095,-7.96821],[111.54082,-7.96807]]}},{"type":"Feature","properties":{"NAMOBJ":"687.5","REMARK":"Garis Kontur","JNSKNT":2,"VALKNT":687.5},"geometry":{"type":"LineString","coordinates":[[111.64524,-7.9654],[111.64597,-7.96469],[111.64601,-7.96427],[111.64585,-7.96443],[111.64547,-7.96444],[111.64483,-7.96471],[111.64502,-7.96538],[111.64524,-7.9654]]}},{"type":"Feature","properties":{"NAMOBJ":"450","REMARK":"Garis Kontur","JNSKNT":1,"VALKNT":450},"geometry":{"type":"LineString","coordinates":[[111.61799,-8.00907],[111.61725,-8.00832],[111.61714,-8.00868],[111.61755,-8.00933]]}},{"type":"Feature","properties":{"NAMOBJ":"587.5","REMARK":"Garis Kontur","JNSKNT":2,"VALKNT":587.5},"geometry":{"type":"LineString","coordinates":[[111.64073,-7.9971],[111.64113,-7.99705],[111.64151,-7.99667],[111.64172,-7.99668],[111.64215,-7.99624],[111.64216,-7.99606],[111.64251,-7.99595],[111.6421,-7.99522],[111.64166,-7.99532],[111.64131,-7.99558],[111.6412,-7.99588],[111.64065,-7.99605],[111.64057,-7.99697],[111.64073,-7.9971]]}},{"type":"Feature","properties":{"NAMOBJ":"637.5","REMARK":"Garis Kontur","JNSKNT":2,"VALKNT":637.5},"geometry":{"type":"LineString","coordinates":[[111.62758,-7.96061],[111.62776,-7.96093],[111.6281,-7.96074],[111.62776,-7.96057],[111.62758,-7.96061]]}},{"type":"Feature","properties":{"NAMOBJ":"537.5","REMARK":"Garis Kontur","JNSKNT":2,"VALKNT":537.5},"geometry":{"type":"LineString","coordinates":[[111.64728,-8.0],[111.64776,-8.00035],[111.64822,-7.99946],[111.6485,-7.99924],[111.64903,-7.9992],[111.64914,-7.99865],[111.64959,-7.99795],[111.64948,-7.99766],[111.64853,-7.99691],[111.64779,-7.99757],[111.64778,-7.99779],[111.64747,-7.99769],[111.64727,-7.99824],[111.64663,-7.99865],[111.64684,-7.99914],[111.64664,-7.9995],[111.64668,-7.99974],[111.64728,-8.0]]}},{"type":"Feature","properties":{"NAMOBJ":"475","REMARK":"Garis Kontur","JNSKNT":2,"VALKNT":475},"geometry":{"type":"LineString","coordinates":[[111.58833,-7.96261],[111.58819,-7.96283],[111.58788,-7.96304],[111.58825,-7.96303],[111.58833,-7.96261]]}},{"type":"Feature","properties":{"NAMOBJ":"575","REMARK":"Garis Kontur","JNSKNT":2,"VALKNT":575},"geometry":{"type":"LineString","coordinates":[[111.59744,-8.00646],[111.5976,-8.00683],[111.59786,-8.00697],[111.59811,-8.00765],[111.59788,-8.00833],[111.5976,-8.00855],[111.59792,-8.00874],[111.59856,-8.008],[111.59858,-8.00751],[111.59989,-8.00682],[111.60026,-8.00641],[111.60036,-8.00583],[111.60009,-8.00444],[111.59992,-8.00435],[111.59977,-8.00444],[111.59956,-8.00477],[111.59895,-8.00524],[111.59881,-8.00558],[111.59836,-8.00545],[111.59799,-8.00555],[111.59714,-8.00496],[111.59728,-8.00522],[111.59744,-8.00646]]}},{"type":"Feature","properties":{"NAMOBJ":"650","REMARK":"Garis Kontur","JNSKNT":1,"VALKNT":650},"geometry":{"type":"LineString","coordinates":[[111.5515,-8.01955],[111.55128,-8.01987],[111.5509,-8.02012],[111.55145,-8.02022],[111.55288,-8.01986],[111.55319,-8.01938],[111.55357,-8.01919],[111.55334,-8.01875],[111.5515,-8.01955]]}},{"type":"Feature","properties":{"NAMOBJ":"650","REMARK":"Garis Kontur","JNSKNT":1,"VALKNT":650},"geometry":{"type":"LineString","coordinates":[[111.54915,-8.04278],[111.54859,-8.04217],[111.54869,-8.04138],[111.5486,-8.0412],[111.54791,-8.04041],[111.54747,-8.04065],[111.54687,-8.04048],[111.54626,-8.03939],[111.54627,-8.03903],[111.54564,-8.0385],[111.54619,-8.03846],[111.54639,-8.03862],[111.54704,-8.03847],[111.54731,-8.03799],[111.54759,-8.03819],[111.54849,-8.03829],[111.5486,-8.03758],[111.54873,-8.03753],[111.54999,-8.03816],[111.55034,-8.03877],[111.55091,-8.03928],[111.55178,-8.03974],[111.55269,-8.03957],[111.55329,-8.03905],[111.55382,-8.03885],[111.55298,-8.03853],[111.55267,-8.03852],[111.55239,-8.03832],[111.55006,-8.03806],[111.54964,-8.03784],[111.54924,-8.03733],[111.54868,-8.037],[111.54833,-8.03699],[111.54811,-8.03677],[111.54735,-8.03661],[111.54684,-8.03591],[111.54682,-8.03561],[111.54599,-8.03578],[111.54541,-8.03499],[111.54423,-8.03465],[111.54497,-8.03401],[111.54526,-8.03313],[111.54524,-8.03261],[111.54544,-8.03225],[111.54526,-8.03196],[111.5461,-8.03131],[111.54612,-8.03041],[111.54589,-8.02993],[111.54647,-8.0299],[111.54654,-8.02981],[111.54683,-8.0289],[111.54692,-8.02793],[111.5464,-8.02763],[111.54615,-8.02773],[111.54541,-8.02747],[111.54456,-8.02757],[111.54433,-8.02746],[111.54381,-8.02762],[111.54386,-8.02718],[111.54361,-8.02689],[111.54402,-8.02672],[111.54462,-8.02613],[111.54522,-8.02595],[111.54596,-8.02527],[111.54565,-8.02414],[111.54659,-8.02267],[111.54546,-8.02227],[111.545,-8.02162],[111.54611,-8.02095],[111.54666,-8.02097],[111.54748,-8.02046],[111.54723,-8.02005],[111.5472,-8.01956],[111.54767,-8.01894],[111.54634,-8.01785],[111.54659,-8.01787],[111.54712,-8.0176],[111.54761,-8.01694],[111.54768,-8.01647],[111.54718,-8.01594],[111.54745,-8.01503],[111.5475,-8.0139],[111.54779,-8.0137],[111.54785,-8.01351],[111.54699,-8.0138],[111.54683,-8.01409],[111.54681,-8.01462],[111.54622,-8.01591],[111.54587,-8.01619],[111.54539,-8.01685],[111.54494,-8.01714],[111.54428,-8.01708],[111.54409,-8.01692],[111.5436,-8.01742],[111.54334,-8.01743],[111.54271,-8.01792],[111.5423,-8.01788],[111.54187,-8.01875],[111.5412,-8.01847],[111.54067,-8.01844],[111.54028,-8.01939],[111.54043,-8.01981],[111.54035,-8.02023],[111.53935,-8.02047],[111.53742,-8.02138]]}},{"type":"Feature","properties":{"NAMOBJ":"525","REMARK":"Garis Kontur","JNSKNT":2,"VALKNT":525},"geometry":{"type":"LineString","coordinates":[[111.55126,-8.04557],[111.55166,-8.04508],[111.55174,-8.04351],[111.55102,-8.0421],[111.55094,-8.04167],[111.55268,-8.04313],[111.55332,-8.04486],[111.55338,-8.04548],[111.55359,-8.0458],[111.55368,-8.04549],[111.55409,-8.04503],[111.55472,-8.04564],[111.55521,-8.04638],[111.55556,-8.04646],[111.55597,-8.04625],[111.55646,-8.04627],[111.55701,-8.04578],[111.55735,-8.04614],[111.55762,-8.04621],[111.55874,-8.04541],[111.55904,-8.04578],[111.55946,-8.04592],[111.55974,-8.04577],[111.55988,-8.04551],[111.56077,-8.04557],[111.56106,-8.04522],[111.56093,-8.04449],[111.55954,-8.04367],[111.55948,-8.0428],[111.55834,-8.04266],[111.55905,-8.04175],[111.55917,-8.04125],[111.55999,-8.04047],[111.56037,-8.04129],[111.56074,-8.04166],[111.56115,-8.04161],[111.56149,-8.04102],[111.56174,-8.04131],[111.56237,-8.04136],[111.56285,-8.04155],[111.56362,-8.04151],[111.56444,-8.04129],[111.5648,-8.04169],[111.5655,-8.0418],[111.56632,-8.0415],[111.56707,-8.04191],[111.56819,-8.04194],[111.56876,-8.04218],[111.56895,-8.04242],[111.5693,-8.04254],[111.56949,-8.04247],[111.56948,-8.04172],[111.56932,-8.04127],[111.56822,-8.04035],[111.56892,-8.03947],[111.56875,-8.03886],[111.56881,-8.03801],[111.5681,-8.03795],[111.5671,-8.03843],[111.56623,-8.03846],[111.56582,-8.03867],[111.56443,-8.03896],[111.56362,-8.03878],[111.56354,-8.03773],[111.56311,-8.03775],[111.56272,-8.03793],[111.56231,-8.03791],[111.562,-8.0381],[111.56096,-8.0382],[111.56046,-8.03774],[111.5599,-8.0378],[111.55907,-8.03749],[111.55812,-8.03774],[111.55749,-8.03748],[111.558,-8.03671],[111.55759,-8.03583],[111.55722,-8.03547],[111.55642,-8.03563],[111.55583,-8.03673],[111.55502,-8.03719],[111.55458,-8.03668],[111.55457,-8.03629],[111.5543,-8.03594],[111.55412,-8.03587],[111.55377,-8.036],[111.55348,-8.03596],[111.55347,-8.03583],[111.55281,-8.03591],[111.5525,-8.03583],[111.55266,-8.03478],[111.55182,-8.0339],[111.55177,-8.03354],[111.5504,-8.03376],[111.5504,-8.03324],[111.55006,-8.0328],[111.54973,-8.03264],[111.55016,-8.03244],[111.55019,-8.03193],[111.55004,-8.03143],[111.55057,-8.03107],[111.55073,-8.03077],[111.55224,-8.03185],[111.55248,-8.03185],[111.5529,-8.0313],[111.55368,-8.03115],[111.55175,-8.0295],[111.55108,-8.0286],[111.55114,-8.0278],[111.55075,-8.02763],[111.55093,-8.02718],[111.55131,-8.02679],[111.55229,-8.02635],[111.55178,-8.02586],[111.55056,-8.02599],[111.54876,-8.02513],[111.54925,-8.02493],[111.54966,-8.02444],[111.55021,-8.02416],[111.54997,-8.0227],[111.54976,-8.02241],[111.54959,-8.02171],[111.55041,-8.02183],[111.55114,-8.02226],[111.55176,-8.02292],[111.55223,-8.02285],[111.55271,-8.02243],[111.55303,-8.02301],[111.55361,-8.02335],[111.55405,-8.02243],[111.55423,-8.02115],[111.55476,-8.02163],[111.55499,-8.02238],[111.55542,-8.02312],[111.55529,-8.02241],[111.55553,-8.0205],[111.55619,-8.01929],[111.55651,-8.01958],[111.55691,-8.02084],[111.55774,-8.02065],[111.55765,-8.02144],[111.55796,-8.02257],[111.55856,-8.02171],[111.55883,-8.021],[111.55942,-8.02164],[111.56031,-8.0215],[111.56019,-8.02166],[111.5601,-8.02224],[111.56025,-8.02314],[111.56006,-8.02373],[111.56083,-8.02404],[111.56113,-8.02391],[111.56096,-8.0255],[111.56172,-8.02682],[111.56215,-8.02678],[111.56282,-8.02726],[111.56329,-8.0273],[111.56253,-8.02586],[111.5626,-8.02482],[111.56295,-8.02418],[111.5636,-8.02473],[111.56456,-8.02469],[111.5649,-8.02349],[111.5655,-8.0237],[111.56643,-8.02426],[111.56651,-8.02303],[111.56715,-8.02225],[111.5679,-8.02188],[111.56805,-8.02046],[111.56888,-8.02025],[111.56905,-8.01965],[111.56986,-8.01929],[111.5699,-8.01864],[111.57051,-8.01744],[111.56934,-8.01717],[111.56916,-8.0179],[111.56892,-8.01798],[111.56849,-8.01788],[111.56871,-8.01882],[111.56836,-8.0195],[111.56827,-8.02025],[111.56775,-8.02047],[111.56778,-8.02086],[111.5674,-8.02159],[111.56719,-8.02169],[111.56701,-8.02155],[111.56632,-8.02142],[111.56546,-8.02052],[111.56473,-8.02069],[111.56484,-8.0201],[111.56434,-8.01995],[111.56452,-8.01957],[111.56443,-8.01925],[111.56488,-8.01907],[111.56501,-8.01881],[111.56467,-8.01825],[111.56493,-8.01746],[111.56445,-8.01713],[111.56374,-8.01762],[111.56364,-8.01839],[111.56222,-8.01814],[111.56219,-8.01862],[111.56177,-8.01942],[111.5614,-8.01907],[111.56081,-8.019],[111.5604,-8.01861],[111.55987,-8.01867],[111.55927,-8.01786],[111.55876,-8.01784],[111.55864,-8.01771],[111.55907,-8.01714],[111.55977,-8.0167],[111.55978,-8.01583],[111.5602,-8.01547],[111.55966,-8.01535],[111.55943,-8.01512],[111.55924,-8.01442],[111.55878,-8.0145],[111.55803,-8.01438],[111.55775,-8.0142],[111.55727,-8.0148],[111.55684,-8.01431],[111.55687,-8.01391],[111.5565,-8.01334],[111.55708,-8.01234],[111.5572,-8.0119],[111.55715,-8.0114],[111.55657,-8.0102],[111.55656,-8.00991],[111.55706,-8.00869],[111.55715,-8.008],[111.55664,-8.00783],[111.55599,-8.00787],[111.55573,-8.00759],[111.55642,-8.00746],[111.55651,-8.00732],[111.55691,-8.00624],[111.55712,-8.00503],[111.55762,-8.00442],[111.55777,-8.00387],[111.5583,-8.00442],[111.55899,-8.00443],[111.55988,-8.00475],[111.56079,-8.00534],[111.56135,-8.00522],[111.56338,-8.00574],[111.56246,-8.00467],[111.56182,-8.00424],[111.56251,-8.0036],[111.56268,-8.00328],[111.56286,-8.00235],[111.56268,-8.00168],[111.56311,-8.00162],[111.56338,-8.00144],[111.5637,-8.00079],[111.56401,-8.00051],[111.56411,-8.0],[111.56403,-7.99962],[111.56533,-7.99857],[111.56621,-7.99836],[111.56738,-7.99843],[111.5681,-7.99913],[111.56869,-7.99935],[111.56883,-7.99865],[111.56863,-7.99723],[111.56807,-7.9976],[111.56655,-7.99801],[111.56612,-7.99792],[111.56595,-7.99775],[111.56548,-7.99799],[111.5644,-7.99784],[111.56427,-7.99765],[111.56361,-7.99782],[111.5634,-7.99767],[111.56374,-7.99705],[111.56343,-7.99661],[111.56418,-7.99607],[111.56464,-7.99538],[111.56418,-7.9954],[111.56351,-7.99503],[111.56263,-7.99503],[111.56168,-7.99457],[111.56141,-7.9947],[111.56108,-7.99347],[111.56063,-7.99321],[111.56054,-7.99508],[111.5604,-7.99547],[111.56049,-7.99606],[111.5598,-7.99624],[111.55932,-7.99604],[111.55928,-7.99788],[111.55808,-7.99803],[111.55782,-7.99866],[111.55715,-7.99834],[111.55664,-7.99882],[111.55626,-7.99865],[111.55609,-7.99872],[111.55581,-7.99947],[111.55581,-7.99996],[111.5555,-8.00124],[111.55497,-8.00136],[111.55452,-8.00225],[111.55436,-8.00234],[111.55535,-8.0031],[111.55487,-8.00384],[111.55503,-8.00417],[111.55509,-8.00489],[111.55449,-8.00564],[111.55361,-8.00543],[111.5536,-8.0061],[111.553,-8.00665],[111.55234,-8.00643],[111.55232,-8.00699],[111.5519,-8.00776],[111.55185,-8.00815],[111.55226,-8.00869],[111.55082,-8.00918],[111.55033,-8.00906],[111.54993,-8.00913],[111.54966,-8.00894],[111.54912,-8.00899],[111.54888,-8.0096],[111.54813,-8.01033],[111.54777,-8.01025],[111.54729,-8.01058],[111.54628,-8.01017],[111.54624,-8.01074],[111.54652,-8.01176],[111.54639,-8.01178],[111.54598,-8.01232],[111.54553,-8.01247],[111.54554,-8.0127],[111.54518,-8.01323],[111.54534,-8.01333],[111.54551,-8.01392],[111.54515,-8.01413],[111.54494,-8.01485],[111.54437,-8.01575],[111.54312,-8.01525],[111.54301,-8.0162],[111.54266,-8.01589],[111.54175,-8.01602],[111.54149,-8.01573],[111.54146,-8.01637],[111.54118,-8.01702],[111.53971,-8.01693],[111.53916,-8.01771],[111.53891,-8.01866],[111.53893,-8.0191],[111.538,-8.01944]]}},{"type":"Feature","properties":{"NAMOBJ":"575","REMARK":"Garis Kontur","JNSKNT":2,"VALKNT":575},"geometry":{"type":"LineString","coordinates":[[111.59911,-7.94539],[111.59977,-7.94587],[111.59899,-7.94641],[111.59934,-7.94746],[111.60009,-7.94791],[111.60061,-7.9489],[111.60141,-7.94922],[111.60253,-7.94888],[111.60362,-7.94832],[111.60402,-7.94875],[111.60387,-7.94893],[111.6044,-7.94983],[111.60529,-7.95036],[111.60623,-7.9491],[111.60649,-7.94851],[111.60636,-7.94808],[111.60581,-7.94765],[111.60561,-7.94715],[111.60509,-7.94719],[111.60445,-7.94705],[111.60415,-7.94668],[111.60321,-7.94641],[111.60307,-7.94624],[111.60319,-7.94591],[111.60309,-7.94535],[111.60248,-7.94529],[111.60224,-7.94498],[111.60158,-7.945],[111.60046,-7.9444],[111.59967,-7.94483],[111.59924,-7.94485],[111.599,-7.94518],[111.59911,-7.94539]]}},{"type":"Feature","properties":{"NAMOBJ":"825","REMARK":"Garis Kontur","JNSKNT":2,"VALKNT":825},"geometry":{"type":"LineString","coordinates":[[111.53717,-8.02374],[111.53738,-8.02356],[111.5375,-8.02315],[111.53801,-8.02285],[111.53931,-8.02268],[111.53963,-8.02282],[111.53996,-8.02345],[111.54076,-8.02409],[111.54079,-8.02425],[111.54099,-8.02427],[111.54161,-8.02501],[111.5416,-8.02559],[111.54045,-8.0262],[111.54037,-8.02641],[111.5411,-8.0268],[111.54144,-8.02769],[111.54111,-8.02798],[111.54094,-8.02945],[111.54216,-8.03019],[111.54203,-8.03042],[111.54197,-8.03108],[111.54194,-8.03314],[111.54179,-8.03355],[111.5416,-8.03371],[111.54118,-8.03368],[111.54116,-8.03446],[111.5413,-8.03507],[111.54116,-8.03542],[111.54093,-8.0356],[111.54137,-8.0362],[111.54175,-8.03625],[111.54075,-8.03679],[111.54145,-8.03891],[111.54119,-8.03925],[111.54118,-8.03947],[111.54091,-8.03961],[111.54074,-8.0395]]}},{"type":"Feature","properties":{"NAMOBJ":"550","REMARK":"Garis Kontur","JNSKNT":1,"VALKNT":550},"geometry":{"type":"LineString","coordinates":[[111.56846,-7.99793],[111.5684,-7.99763],[111.56817,-7.99789],[111.56733,-7.99816],[111.56766,-7.9982],[111.56804,-7.99859],[111.56854,-7.99888],[111.56846,-7.99793]]}},{"type":"Feature","properties":{"NAMOBJ":"500","REMARK":"Garis Kontur","JNSKNT":1,"VALKNT":500},"geometry":{"type":"MultiLineString","coordinates":[[[111.64817,-8.00565],[111.64834,-8.00557],[111.64808,-8.00527]],[[111.64808,-8.00527],[111.64798,-8.00534]]]}},{"type":"Feature","properties":{"NAMOBJ":"587.5","REMARK":"Garis Kontur","JNSKNT":2,"VALKNT":587.5},"geometry":{"type":"LineString","coordinates":[[111.59876,-7.9442],[111.59859,-7.94297],[111.59865,-7.94259],[111.59843,-7.9429],[111.59814,-7.9439],[111.59826,-7.94422],[111.59851,-7.94438],[111.59862,-7.9444],[111.59876,-7.9442]]}},{"type":"Feature","properties":{"NAMOBJ":"575","REMARK":"Garis Kontur","JNSKNT":2,"VALKNT":575},"geometry":{"type":"LineString","coordinates":[[111.58936,-8.014],[111.58936,-8.01448],[111.5897,-8.01516],[111.58969,-8.01574],[111.58949,-8.01612],[111.58912,-8.01622],[111.58875,-8.01651],[111.5894,-8.01645],[111.58986,-8.01609],[111.59043,-8.01589],[111.59073,-8.01592],[111.59056,-8.01585],[111.59027,-8.01516],[111.59044,-8.01483],[111.5898,-8.01413],[111.58936,-8.014]]}},{"type":"Feature","properties":{"NAMOBJ":"487.5","REMARK":"Garis Kontur","JNSKNT":2,"VALKNT":487.5},"geometry":{"type":"LineString","coordinates":[[111.64824,-8.00581],[111.64857,-8.00571],[111.64858,-8.00555],[111.64822,-8.00507],[111.64787,-8.00502]]}},{"type":"Feature","properties":{"NAMOBJ":"487.5","REMARK":"Garis Kontur","JNSKNT":2,"VALKNT":487.5},"geometry":{"type":"LineString","coordinates":[[111.57704,-8.01702],[111.57651,-8.01732],[111.57615,-8.01722],[111.57564,-8.01729],[111.57519,-8.01764],[111.57508,-8.0179],[111.57541,-8.01832],[111.57621,-8.01863],[111.57716,-8.01845],[111.57753,-8.01805],[111.57704,-8.01702]]}},{"type":"Feature","properties":{"NAMOBJ":"425","REMARK":"Garis Kontur","JNSKNT":2,"VALKNT":425},"geometry":{"type":"LineString","coordinates":[[111.5561,-7.98657],[111.55646,-7.98612],[111.5568,-7.98517],[111.55673,-7.98354],[111.55654,-7.98253],[111.55595,-7.98158],[111.55584,-7.9805],[111.55541,-7.97941],[111.55528,-7.97955],[111.55531,-7.9798],[111.55489,-7.97992],[111.55484,-7.98038],[111.55468,-7.98064],[111.5546,-7.98167],[111.55474,-7.98242],[111.55457,-7.98241],[111.55319,-7.98375],[111.55292,-7.98377],[111.55258,-7.9842],[111.5533,-7.98477],[111.55341,-7.9853],[111.55332,-7.98587],[111.55369,-7.98585],[111.55436,-7.98525],[111.55495,-7.98608],[111.5554,-7.98646],[111.55571,-7.9866],[111.5561,-7.98657]]}},{"type":"Feature","properties":{"NAMOBJ":"400","REMARK":"Garis Kontur","JNSKNT":1,"VALKNT":400},"geometry":{"type":"LineString","coordinates":[[111.55433,-7.98562],[111.55455,-7.98609],[111.55528,-7.98673],[111.55626,-7.98704],[111.55704,-7.98605],[111.55721,-7.98507],[111.55722,-7.98361],[111.55698,-7.98316],[111.5568,-7.98238],[111.55614,-7.98143],[111.55612,-7.9804],[111.55534,-7.97865],[111.55496,-7.97962],[111.55427,-7.97971],[111.55415,-7.98146],[111.55436,-7.98165],[111.55454,-7.98227],[111.55374,-7.98263],[111.5533,-7.98323],[111.55291,-7.98344],[111.5523,-7.98414],[111.55239,-7.98449],[111.5531,-7.98497],[111.55317,-7.98526],[111.55298,-7.98611],[111.5535,-7.98627],[111.55385,-7.9861],[111.55433,-7.98562]]}},{"type":"Feature","properties":{"NAMOBJ":"587.5","REMARK":"Garis Kontur","JNSKNT":2,"VALKNT":587.5},"geometry":{"type":"LineString","coordinates":[[111.625,-7.97329],[111.6248,-7.97315],[111.62457,-7.97346],[111.62493,-7.97367],[111.62521,-7.97407],[111.62545,-7.97388],[111.625,-7.97329]]}},{"type":"Feature","properties":{"NAMOBJ":"500","REMARK":"Garis Kontur","JNSKNT":1,"VALKNT":500},"geometry":{"type":"LineString","coordinates":[[111.59982,-7.94993],[111.59996,-7.95055],[111.59953,-7.95098],[111.60046,-7.95064],[111.60108,-7.95109],[111.60148,-7.95094],[111.60161,-7.95108],[111.60255,-7.95113],[111.60277,-7.95155],[111.60326,-7.95178],[111.60365,-7.95172],[111.60396,-7.95135],[111.60425,-7.95134],[111.60481,-7.95153],[111.60464,-7.95199],[111.60515,-7.95216],[111.60574,-7.95193],[111.60605,-7.95165],[111.60605,-7.95151],[111.60745,-7.95092],[111.60746,-7.95006],[111.60807,-7.94929],[111.60773,-7.94917],[111.60758,-7.94888],[111.60745,-7.94806],[111.60763,-7.94774],[111.60763,-7.94734],[111.60697,-7.94713],[111.60661,-7.94661],[111.60608,-7.94662],[111.60554,-7.94601],[111.60507,-7.94583],[111.60462,-7.94604],[111.60454,-7.94584],[111.60398,-7.94538],[111.60358,-7.94466],[111.60298,-7.94481],[111.60252,-7.94473],[111.60235,-7.94457],[111.60159,-7.94462],[111.60078,-7.94432],[111.60037,-7.94398],[111.60002,-7.94395],[111.59961,-7.94417],[111.5994,-7.94296],[111.59916,-7.94263],[111.59916,-7.94222],[111.599,-7.94207],[111.59847,-7.942],[111.59794,-7.94269],[111.59796,-7.94335],[111.59764,-7.94371],[111.59792,-7.94443],[111.59789,-7.94515],[111.5981,-7.94566],[111.59766,-7.94631],[111.5982,-7.94715],[111.59856,-7.94744],[111.59863,-7.94774],[111.59897,-7.94817],[111.59911,-7.9488],[111.59991,-7.94936],[111.59982,-7.94993]]}},{"type":"Feature","properties":{"NAMOBJ":"662.5","REMARK":"Garis Kontur","JNSKNT":2,"VALKNT":662.5},"geometry":{"type":"LineString","coordinates":[[111.625,-7.99223],[111.62465,-7.99212],[111.62435,-7.99225],[111.62445,-7.99205],[111.62434,-7.992],[111.62353,-7.99255],[111.62337,-7.99253],[111.62378,-7.99283],[111.62344,-7.99324],[111.62548,-7.99368],[111.62611,-7.9942],[111.62632,-7.99411],[111.62674,-7.99358],[111.62752,-7.99353],[111.62688,-7.99259],[111.62569,-7.99243],[111.62522,-7.9921],[111.625,-7.99223]]}},{"type":"Feature","properties":{"NAMOBJ":"900","REMARK":"Garis Kontur","JNSKNT":1,"VALKNT":900},"geometry":{"type":"LineString","coordinates":[[111.53883,-8.03621],[111.53916,-8.03628],[111.53953,-8.03595],[111.53997,-8.0352],[111.54062,-8.03343],[111.5407,-8.03269],[111.54086,-8.03275],[111.5413,-8.0322],[111.54115,-8.03057],[111.54038,-8.02988],[111.53985,-8.02962],[111.53966,-8.02922],[111.53996,-8.02854],[111.53968,-8.02772],[111.53936,-8.02738],[111.5397,-8.0259],[111.54078,-8.02502],[111.5401,-8.0249],[111.53902,-8.02409],[111.53932,-8.02324],[111.53892,-8.02329],[111.53822,-8.02312],[111.53805,-8.02319],[111.53759,-8.02429],[111.53714,-8.02472]]}},{"type":"Feature","properties":{"NAMOBJ":"537.5","REMARK":"Garis Kontur","JNSKNT":2,"VALKNT":537.5},"geometry":{"type":"LineString","coordinates":[[111.57626,-8.01774],[111.57658,-8.01753],[111.57584,-8.01768],[111.5761,-8.01781],[111.57626,-8.01774]]}},{"type":"Feature","properties":{"NAMOBJ":"150","REMARK":"Garis Kontur","JNSKNT":1,"VALKNT":150},"geometry":{"type":"LineString","coordinates":[[111.57374,-7.96513],[111.57449,-7.9651],[111.57453,-7.96525],[111.57413,-7.96557],[111.57372,-7.96552],[111.57285,-7.96444],[111.57285,-7.96401],[111.57305,-7.96379],[111.57346,-7.96404],[111.57435,-7.96352],[111.57443,-7.96365],[111.57417,-7.964],[111.57364,-7.96435],[111.57374,-7.96513]]}},{"type":"Feature","properties":{"NAMOBJ":"537.5","REMARK":"Garis Kontur","JNSKNT":2,"VALKNT":537.5},"geometry":{"type":"LineString","coordinates":[[111.61592,-8.0],[111.61606,-7.99947],[111.61662,-7.99899],[111.61673,-7.99838],[111.6161,-7.99813],[111.61443,-7.99779],[111.61418,-7.99783],[111.61371,-7.99823],[111.61365,-7.99958],[111.61378,-8.0],[111.61443,-8.0005],[111.61446,-8.00118],[111.615,-8.00098],[111.6151,-8.00043],[111.61592,-8.0]]}},{"type":"Feature","properties":{"NAMOBJ":"575","REMARK":"Garis Kontur","JNSKNT":2,"VALKNT":575},"geometry":{"type":"LineString","coordinates":[[111.5988,-7.94358],[111.59868,-7.94294],[111.59872,-7.94245],[111.59837,-7.94285],[111.59826,-7.94356],[111.59807,-7.94377],[111.59825,-7.94431],[111.59857,-7.94448],[111.59886,-7.94418],[111.5988,-7.94358]]}},{"type":"Feature","properties":{"NAMOBJ":"475","REMARK":"Garis Kontur","JNSKNT":2,"VALKNT":475},"geometry":{"type":"LineString","coordinates":[[111.5549,-7.98507],[111.55534,-7.98567],[111.55582,-7.98593],[111.55586,-7.98558],[111.55611,-7.98515],[111.55597,-7.98385],[111.55603,-7.98304],[111.55546,-7.98197],[111.5553,-7.9814],[111.55521,-7.98179],[111.55529,-7.98237],[111.55511,-7.98296],[111.55335,-7.98413],[111.55376,-7.98481],[111.55381,-7.98512],[111.55458,-7.98458],[111.5549,-7.98507]]}},{"type":"Feature","properties":{"NAMOBJ":"562.5","REMARK":"Garis Kontur","JNSKNT":2,"VALKNT":562.5},"geometry":{"type":"LineString","coordinates":[[111.56834,-7.99795],[111.56782,-7.99813],[111.56845,-7.99851],[111.56843,-7.99824],[111.56834,-7.99795]]}},{"type":"Feature","properties":{"NAMOBJ":"687.5","REMARK":"Garis Kontur","JNSKNT":2,"VALKNT":687.5},"geometry":{"type":"MultiLineString","coordinates":[[[111.6542,-7.96493],[111.65406,-7.96496],[111.65382,-7.96541],[111.65383,-7.96571],[111.65448,-7.96574],[111.65552,-7.96625],[111.65537,-7.96691],[111.65594,-7.96706],[111.65603,-7.96736],[111.65591,-7.96821],[111.65626,-7.96796],[111.65695,-7.96779],[111.65778,-7.96864],[111.65759,-7.96926],[111.65814,-7.96939],[111.65864,-7.96976],[111.65879,-7.97001],[111.659,-7.96966],[111.65958,-7.9694],[111.6592,-7.96899],[111.65917,-7.96849],[111.66043,-7.96821],[111.65894,-7.9681],[111.65869,-7.96792],[111.65842,-7.96728]],[[111.65642,-7.96593],[111.65618,-7.96628],[111.65556,-7.96605],[111.65533,-7.96576],[111.65536,-7.9655]],[[111.6577,-7.96662],[111.65764,-7.96673],[111.65722,-7.96679],[111.65682,-7.96666],[111.6566,-7.966]]]}},{"type":"Feature","properties":{"NAMOBJ":"637.5","REMARK":"Garis Kontur","JNSKNT":2,"VALKNT":637.5},"geometry":{"type":"LineString","coordinates":[[111.56283,-8.0205],[111.5628,-8.02038],[111.56263,-8.02054],[111.56205,-8.02066],[111.56228,-8.02115],[111.5626,-8.02142],[111.56297,-8.02156],[111.56328,-8.02151],[111.56315,-8.02133],[111.56321,-8.02086],[111.56283,-8.0205]]}},{"type":"Feature","properties":{"NAMOBJ":"462.5","REMARK":"Garis Kontur","JNSKNT":2,"VALKNT":462.5},"geometry":{"type":"LineString","coordinates":[[111.57939,-8.03181],[111.57932,-8.03191],[111.57928,-8.03207],[111.57955,-8.03171],[111.57939,-8.03181]]}},{"type":"Feature","properties":{"NAMOBJ":"400","REMARK":"Garis Kontur","JNSKNT":1,"VALKNT":400},"geometry":{"type":"LineString","coordinates":[[111.58916,-7.96605],[111.58968,-7.9662],[111.58984,-7.96605],[111.59041,-7.96659],[111.59074,-7.96658],[111.59086,-7.96646],[111.59069,-7.96506],[111.59024,-7.96431],[111.58943,-7.96364],[111.58948,-7.96197],[111.58881,-7.96072],[111.58823,-7.96092],[111.5879,-7.96162],[111.58699,-7.96257],[111.58637,-7.96287],[111.58623,-7.96345],[111.58656,-7.96418],[111.58772,-7.96423],[111.58819,-7.96447],[111.58856,-7.965],[111.58852,-7.96586],[111.58916,-7.96605]]}},{"type":"Feature","properties":{"NAMOBJ":"450","REMARK":"Garis Kontur","JNSKNT":4,"VALKNT":450},"geometry":{"type":"LineString","coordinates":[[111.61765,-8.00533],[111.61801,-8.00507],[111.61803,-8.00489],[111.61722,-8.00508],[111.61765,-8.00533]]}},{"type":"Feature","properties":{"NAMOBJ":"587.5","REMARK":"Garis Kontur","JNSKNT":2,"VALKNT":587.5},"geometry":{"type":"LineString","coordinates":[[111.625,-7.97201],[111.62521,-7.97166],[111.62556,-7.97156],[111.62535,-7.972],[111.6251,-7.97202],[111.62514,-7.97272],[111.62489,-7.9728],[111.62473,-7.97251],[111.625,-7.97201]]}},{"type":"Feature","properties":{"NAMOBJ":"450","REMARK":"Garis Kontur","JNSKNT":1,"VALKNT":450},"geometry":{"type":"LineString","coordinates":[[111.58716,-7.95457],[111.58732,-7.95512],[111.58756,-7.95531],[111.58774,-7.95517],[111.58787,-7.95455],[111.58882,-7.95449],[111.58742,-7.95422],[111.58716,-7.95457]]}},{"type":"Feature","properties":{"NAMOBJ":"462.5","REMARK":"Garis Kontur","JNSKNT":2,"VALKNT":462.5},"geometry":{"type":"LineString","coordinates":[[111.59924,-7.97064],[111.59934,-7.9705],[111.59928,-7.9702],[111.59887,-7.96984],[111.59882,-7.96959],[111.59893,-7.96936],[111.5987,-7.96917],[111.5985,-7.96956],[111.59864,-7.97031],[111.59859,-7.97084],[111.59849,-7.97112],[111.59807,-7.97128],[111.59876,-7.97161],[111.59902,-7.97213],[111.59981,-7.97227],[111.59989,-7.9722],[111.59964,-7.97183],[111.5998,-7.97076],[111.59924,-7.97064]]}},{"type":"Feature","properties":{"NAMOBJ":"625","REMARK":"Garis Kontur","JNSKNT":2,"VALKNT":625},"geometry":{"type":"LineString","coordinates":[[111.63604,-7.99475],[111.63588,-7.9955],[111.63611,-7.99562],[111.63632,-7.99523],[111.63659,-7.99513],[111.63672,-7.99446],[111.63726,-7.99363],[111.63675,-7.99377],[111.63633,-7.99417],[111.63604,-7.99475]]}},{"type":"Feature","properties":{"NAMOBJ":"637.5","REMARK":"Garis Kontur","JNSKNT":2,"VALKNT":637.5},"geometry":{"type":"LineString","coordinates":[[111.54938,-8.04297],[111.54889,-8.04217],[111.54887,-8.04144],[111.54871,-8.04102],[111.548,-8.04022],[111.54741,-8.04051],[111.54708,-8.04043],[111.54698,-8.04004],[111.5466,-8.03946],[111.54652,-8.0388],[111.54732,-8.03876],[111.54744,-8.03835],[111.54805,-8.0387],[111.54881,-8.03855],[111.54885,-8.03765],[111.54976,-8.03821],[111.55024,-8.039],[111.55182,-8.03991],[111.55268,-8.04012],[111.5531,-8.03993],[111.5535,-8.03936],[111.55392,-8.03923],[111.5545,-8.03943],[111.55474,-8.03986],[111.55462,-8.03922],[111.55441,-8.03889],[111.5519,-8.03809],[111.55086,-8.03809],[111.54998,-8.03789],[111.54975,-8.03776],[111.54939,-8.0372],[111.5491,-8.03715],[111.54834,-8.03663],[111.5475,-8.03651],[111.54699,-8.03588],[111.54693,-8.03526],[111.54611,-8.03551],[111.54547,-8.03479],[111.54462,-8.03457],[111.54529,-8.03402],[111.54556,-8.0333],[111.54566,-8.03251],[111.54558,-8.032],[111.54653,-8.03125],[111.54659,-8.03024],[111.54708,-8.02961],[111.54745,-8.02795],[111.54764,-8.02779],[111.54813,-8.02793],[111.54859,-8.02775],[111.54848,-8.02736],[111.54712,-8.02762],[111.5454,-8.02727],[111.54403,-8.02736],[111.54416,-8.0271],[111.54404,-8.02692],[111.54416,-8.0268],[111.54473,-8.0263],[111.54525,-8.02611],[111.5454,-8.02588],[111.54605,-8.02544],[111.54619,-8.02499],[111.54581,-8.02406],[111.5462,-8.02354],[111.54741,-8.02254],[111.54622,-8.02228],[111.54554,-8.02169],[111.54623,-8.02122],[111.5465,-8.02119],[111.54782,-8.02047],[111.54776,-8.02034],[111.54809,-8.01992],[111.54796,-8.01954],[111.54828,-8.01895],[111.5477,-8.01835],[111.54734,-8.01822],[111.5472,-8.01803],[111.5475,-8.01788],[111.54791,-8.01733],[111.54803,-8.01605],[111.54763,-8.01566],[111.54786,-8.01503],[111.54797,-8.01408],[111.5484,-8.0134],[111.54811,-8.0131],[111.54765,-8.01351],[111.54699,-8.0136],[111.54671,-8.0141],[111.54676,-8.01459],[111.54611,-8.01586],[111.54494,-8.01707],[111.54432,-8.01702],[111.54401,-8.01676],[111.54354,-8.01728],[111.54338,-8.01728],[111.54268,-8.0178],[111.54219,-8.01774],[111.54178,-8.01857],[111.54084,-8.01825],[111.54054,-8.0183],[111.54016,-8.01947],[111.54033,-8.01987],[111.54028,-8.02011],[111.53991,-8.02012],[111.53829,-8.02066],[111.53745,-8.02127]]}},{"type":"Feature","properties":{"NAMOBJ":"975","REMARK":"Garis Kontur","JNSKNT":2,"VALKNT":975},"geometry":{"type":"MultiLineString","coordinates":[[[111.53953,-8.03184],[111.53997,-8.03227],[111.54011,-8.0313],[111.53995,-8.03116],[111.53948,-8.03133]],[[111.53948,-8.03133],[111.53948,-8.03169]]]}},{"type":"Feature","properties":{"NAMOBJ":"662.5","REMARK":"Garis Kontur","JNSKNT":2,"VALKNT":662.5},"geometry":{"type":"LineString","coordinates":[[111.55456,-8.01691],[111.55503,-8.0163],[111.55512,-8.01592],[111.55534,-8.01582],[111.55487,-8.0149],[111.55466,-8.01377],[111.55447,-8.01473],[111.55369,-8.01503],[111.55375,-8.01603],[111.55365,-8.01613],[111.55355,-8.01595],[111.55316,-8.01652],[111.55242,-8.01717],[111.55307,-8.01774],[111.55351,-8.01795],[111.55388,-8.0177],[111.55456,-8.01691]]}},{"type":"Feature","properties":{"NAMOBJ":"412.5","REMARK":"Garis Kontur","JNSKNT":2,"VALKNT":412.5},"geometry":{"type":"LineString","coordinates":[[111.58863,-7.96568],[111.58886,-7.96568],[111.58962,-7.96605],[111.58985,-7.96591],[111.59048,-7.9664],[111.59066,-7.96638],[111.59055,-7.96515],[111.59041,-7.9651],[111.59042,-7.96492],[111.59005,-7.96432],[111.58921,-7.9637],[111.58934,-7.96201],[111.58881,-7.96096],[111.58842,-7.96104],[111.58803,-7.96174],[111.58716,-7.96261],[111.5865,-7.96302],[111.58635,-7.96351],[111.58665,-7.96407],[111.58819,-7.96417],[111.58865,-7.96498],[111.58872,-7.96539],[111.58863,-7.96568]]}},{"type":"Feature","properties":{"NAMOBJ":"462.5","REMARK":"Garis Kontur","JNSKNT":2,"VALKNT":462.5},"geometry":{"type":"LineString","coordinates":[[111.60653,-7.97425],[111.60677,-7.97411],[111.60659,-7.97356],[111.6067,-7.97324],[111.60803,-7.97213],[111.60763,-7.9723],[111.60631,-7.97237],[111.60614,-7.97247],[111.60617,-7.97235],[111.60582,-7.97182],[111.60486,-7.97185],[111.60432,-7.97202],[111.60359,-7.97192],[111.60336,-7.97177],[111.60272,-7.97178],[111.6016,-7.97185],[111.60056,-7.97225],[111.60095,-7.97272],[111.6025,-7.97285],[111.60264,-7.97317],[111.60359,-7.9732],[111.60431,-7.9735],[111.60548,-7.97338],[111.60561,-7.97346],[111.60553,-7.9736],[111.60618,-7.97423],[111.60653,-7.97425]]}},{"type":"Feature","properties":{"NAMOBJ":"525","REMARK":"Garis Kontur","JNSKNT":2,"VALKNT":525},"geometry":{"type":"LineString","coordinates":[[111.63816,-8.00074],[111.63798,-8.00101],[111.63806,-8.00115],[111.6388,-8.00148],[111.63887,-8.00135],[111.63855,-8.00091],[111.63824,-8.00069],[111.63816,-8.00074]]}},{"type":"Feature","properties":{"NAMOBJ":"512.5","REMARK":"Garis Kontur","JNSKNT":2,"VALKNT":512.5},"geometry":{"type":"LineString","coordinates":[[111.60968,-7.95343],[111.60956,-7.95365],[111.60973,-7.95438],[111.61033,-7.95396],[111.60999,-7.95369],[111.60996,-7.9534],[111.60968,-7.95343]]}},{"type":"Feature","properties":{"NAMOBJ":"362.5","REMARK":"Garis Kontur","JNSKNT":2,"VALKNT":362.5},"geometry":{"type":"MultiLineString","coordinates":[[[111.62574,-7.95392],[111.62531,-7.95344],[111.62557,-7.95237],[111.62469,-7.9523],[111.62353,-7.95252],[111.62344,-7.95189],[111.62306,-7.95204],[111.62214,-7.95299],[111.62202,-7.95196],[111.62142,-7.95167],[111.62113,-7.95188],[111.62121,-7.95145],[111.6211,-7.95124],[111.62108,-7.95047],[111.62052,-7.94976],[111.62042,-7.94937],[111.61957,-7.94914],[111.61753,-7.94911],[111.61682,-7.94948],[111.61607,-7.9491],[111.61569,-7.9492],[111.61517,-7.94887],[111.6145,-7.94936],[111.61406,-7.94896],[111.61421,-7.94869],[111.61449,-7.94862],[111.61468,-7.94815],[111.6147,-7.94769],[111.61534,-7.94686],[111.6156,-7.94621],[111.61545,-7.94597],[111.61514,-7.94593],[111.61471,-7.94548],[111.61462,-7.94455],[111.61445,-7.94431],[111.61378,-7.94533],[111.61384,-7.94616],[111.61345,-7.9472],[111.61248,-7.9481],[111.61191,-7.94832],[111.61113,-7.94831],[111.6114,-7.9475],[111.61079,-7.94762],[111.61095,-7.94702],[111.6103,-7.94705],[111.61067,-7.94631],[111.60957,-7.94541],[111.60935,-7.94428],[111.60955,-7.94401],[111.60949,-7.94378],[111.60873,-7.94369],[111.60814,-7.94347],[111.60764,-7.94299],[111.60742,-7.9423],[111.60684,-7.94207],[111.6068,-7.94189],[111.60711,-7.94134],[111.60759,-7.94079],[111.60775,-7.93998],[111.60725,-7.94033],[111.60698,-7.94069],[111.60612,-7.94085],[111.60547,-7.94156],[111.60485,-7.9416],[111.60425,-7.94191],[111.6038,-7.94175],[111.60347,-7.94183],[111.60349,-7.94149],[111.60293,-7.94094],[111.60248,-7.94106],[111.60227,-7.94083],[111.60218,-7.94049],[111.60157,-7.94085],[111.60123,-7.94049],[111.60094,-7.94071],[111.60041,-7.9397],[111.59972,-7.93989],[111.5995,-7.93962],[111.59918,-7.93964],[111.59907,-7.93882],[111.5989,-7.93887],[111.59817,-7.93858],[111.59794,-7.93834],[111.59747,-7.93839],[111.59695,-7.93878],[111.59629,-7.93829],[111.59604,-7.93829],[111.59562,-7.93878],[111.59571,-7.93954],[111.59598,-7.94006],[111.59611,-7.94074],[111.59593,-7.94076],[111.5954,-7.9413],[111.59493,-7.94248],[111.59448,-7.94291],[111.59499,-7.94365],[111.59504,-7.94413],[111.59529,-7.94442],[111.59538,-7.94491],[111.59467,-7.9457],[111.59461,-7.94593],[111.59507,-7.94636],[111.59534,-7.94691],[111.59542,-7.9474],[111.59666,-7.94896],[111.59619,-7.94964],[111.59607,-7.95074],[111.59639,-7.95136],[111.59695,-7.95186],[111.59687,-7.95299],[111.5971,-7.95298],[111.59786,-7.95254],[111.59829,-7.95305],[111.59832,-7.95331],[111.59874,-7.95361],[111.5996,-7.95303],[111.5997,-7.95352],[111.60071,-7.95383],[111.60069,-7.95412],[111.60095,-7.95442],[111.60021,-7.95527],[111.60042,-7.95582],[111.60027,-7.95591],[111.60026,-7.9561],[111.59983,-7.95644],[111.59941,-7.95658],[111.59951,-7.95709],[111.59896,-7.95788],[111.59837,-7.95777],[111.5986,-7.95867],[111.59795,-7.95883],[111.59788,-7.95852],[111.59774,-7.95847],[111.59703,-7.95902],[111.59614,-7.95883],[111.59634,-7.95909],[111.5965,-7.9605],[111.59678,-7.96094],[111.59658,-7.96133],[111.59689,-7.96193],[111.59722,-7.96221],[111.59691,-7.96243],[111.59693,-7.96304],[111.59673,-7.96349],[111.59555,-7.96455],[111.59586,-7.96458],[111.5968,-7.96391],[111.59782,-7.96414],[111.59785,-7.96399],[111.59827,-7.96378],[111.59878,-7.96376],[111.5991,-7.9639],[111.59941,-7.96365],[111.59931,-7.96306],[111.60008,-7.96289],[111.60062,-7.96243],[111.60139,-7.96229],[111.60135,-7.96157],[111.60214,-7.96196],[111.60236,-7.96189],[111.60261,-7.96213],[111.60344,-7.96225],[111.60286,-7.96338],[111.60326,-7.96373],[111.60524,-7.96273],[111.60593,-7.96254],[111.60598,-7.96313],[111.60578,-7.9634],[111.60608,-7.96409],[111.606,-7.9643],[111.60656,-7.96443],[111.60686,-7.96467],[111.60662,-7.96461],[111.60639,-7.96476],[111.60637,-7.96525],[111.60609,-7.96557],[111.60604,-7.96587],[111.60624,-7.96609],[111.60591,-7.96656],[111.60546,-7.96643],[111.60516,-7.9668],[111.60407,-7.96737],[111.60386,-7.96842],[111.60359,-7.96878],[111.60384,-7.96893],[111.60387,-7.9691],[111.60457,-7.96941],[111.60356,-7.96959],[111.6033,-7.96914],[111.60277,-7.96888],[111.60253,-7.96795],[111.60262,-7.96715],[111.60248,-7.96698],[111.60126,-7.96772],[111.60061,-7.9678],[111.60031,-7.96812],[111.59928,-7.96756],[111.59873,-7.96759],[111.59848,-7.9672],[111.59827,-7.96764],[111.59771,-7.96813],[111.59761,-7.9686],[111.59681,-7.96871],[111.59653,-7.96894],[111.59588,-7.96912],[111.59666,-7.96975],[111.59692,-7.96983],[111.59702,-7.97031],[111.5961,-7.97039],[111.59569,-7.97075],[111.59521,-7.97068],[111.5947,-7.97108],[111.59417,-7.97114],[111.59407,-7.97134],[111.59405,-7.97145],[111.59522,-7.97184],[111.59615,-7.97208],[111.59683,-7.97205],[111.5972,-7.97233],[111.59793,-7.97247],[111.59859,-7.9734],[111.59795,-7.97362],[111.59823,-7.97441],[111.59963,-7.97422],[111.6,-7.97361],[111.60018,-7.97399],[111.60059,-7.97437],[111.6012,-7.9747],[111.60161,-7.97544],[111.60216,-7.97557],[111.60162,-7.97569],[111.60122,-7.97617],[111.60056,-7.97607],[111.60025,-7.97662],[111.59948,-7.97663],[111.59955,-7.97694],[111.59946,-7.97725],[111.59907,-7.97746],[111.59883,-7.9782],[111.59828,-7.97872],[111.59823,-7.97891],[111.59736,-7.97888],[111.59708,-7.97977],[111.59658,-7.9803],[111.59603,-7.98037],[111.59539,-7.98082],[111.5951,-7.98076],[111.59475,-7.98086],[111.59471,-7.9811],[111.59513,-7.9815],[111.59479,-7.98216],[111.5949,-7.98267],[111.59479,-7.98345],[111.59445,-7.98314],[111.59418,-7.98317],[111.59349,-7.98372],[111.5926,-7.98416],[111.59247,-7.98439],[111.59358,-7.98636],[111.59328,-7.98654],[111.59287,-7.98706],[111.59238,-7.98794],[111.59258,-7.98809],[111.59296,-7.98804],[111.59341,-7.98877],[111.59379,-7.98878],[111.59354,-7.98924],[111.5936,-7.98977],[111.59277,-7.99055],[111.59255,-7.9906],[111.59317,-7.99091],[111.59325,-7.99135],[111.59313,-7.9915],[111.59344,-7.99237],[111.59297,-7.99296],[111.59456,-7.99208],[111.59528,-7.99193],[111.59554,-7.99171],[111.59617,-7.99217],[111.59705,-7.99214],[111.59685,-7.99226],[111.59688,-7.99236],[111.59608,-7.99277],[111.59562,-7.99326],[111.5957,-7.99336],[111.59534,-7.9942],[111.59531,-7.99514],[111.59582,-7.99573],[111.59566,-7.99589],[111.59516,-7.99588],[111.59599,-7.9967],[111.59581,-7.99772],[111.59595,-7.99811],[111.59553,-7.99849],[111.59524,-7.99954],[111.59536,-7.99962],[111.59554,-7.99947],[111.59553,-7.99976],[111.59523,-8.00034],[111.59342,-8.00021],[111.59299,-8.00067],[111.59264,-8.00087],[111.59246,-8.00082],[111.592,-8.0014],[111.59178,-8.00214],[111.59156,-8.00223],[111.591,-8.00313],[111.59105,-8.00422],[111.59054,-8.00417],[111.59019,-8.00474],[111.58942,-8.00508],[111.58909,-8.00563],[111.5887,-8.00571],[111.58853,-8.00609],[111.58757,-8.00685],[111.58719,-8.00777],[111.58717,-8.00864],[111.58808,-8.00946],[111.58852,-8.01011],[111.58859,-8.01048],[111.58802,-8.01081],[111.58717,-8.01101],[111.58652,-8.01062],[111.58572,-8.01075],[111.58597,-8.01196],[111.58528,-8.01204],[111.58424,-8.01275],[111.58396,-8.01297],[111.58387,-8.01353],[111.58316,-8.01364],[111.58177,-8.01501],[111.58184,-8.01546],[111.58221,-8.01581],[111.58148,-8.01625],[111.58094,-8.01756],[111.58072,-8.01719],[111.58033,-8.01692],[111.58019,-8.01648],[111.57959,-8.01567],[111.57914,-8.01557],[111.57929,-8.01518],[111.57923,-8.01387],[111.57858,-8.01339],[111.57863,-8.01261],[111.5782,-8.01213],[111.578,-8.0114],[111.57768,-8.01147],[111.57721,-8.0123],[111.57679,-8.01271],[111.57712,-8.01319],[111.57709,-8.01381],[111.57731,-8.01408],[111.57709,-8.01465],[111.57665,-8.0142],[111.57624,-8.01399],[111.5755,-8.01411],[111.57543,-8.01427],[111.57457,-8.01461],[111.57451,-8.01365],[111.57345,-8.01333],[111.57295,-8.0129],[111.57161,-8.01424],[111.57104,-8.01359],[111.56872,-8.01322],[111.56765,-8.01368],[111.56675,-8.01373],[111.56641,-8.01433],[111.56637,-8.01487],[111.56648,-8.01517],[111.5662,-8.01523],[111.56614,-8.01537],[111.56613,-8.01613],[111.56475,-8.01514],[111.56387,-8.01549],[111.5636,-8.01534],[111.56327,-8.0154],[111.5632,-8.01491],[111.564,-8.01418],[111.56434,-8.01353],[111.5638,-8.01292],[111.56322,-8.01263],[111.56286,-8.01271],[111.56258,-8.01293],[111.56195,-8.01282],[111.56206,-8.01198],[111.56068,-8.01133],[111.55965,-8.01118],[111.55995,-8.01038],[111.55938,-8.00962],[111.55976,-8.00932],[111.55989,-8.00875],[111.55937,-8.00749],[111.5608,-8.00781],[111.56164,-8.00833],[111.56194,-8.0081],[111.56259,-8.00868],[111.56414,-8.00884],[111.56484,-8.00868],[111.56598,-8.00777],[111.56679,-8.00739],[111.56697,-8.00703],[111.56639,-8.00664],[111.56573,-8.00513],[111.56492,-8.00467],[111.56481,-8.00449],[111.56547,-8.00439],[111.56575,-8.00361],[111.56601,-8.00325],[111.56606,-8.00267],[111.56632,-8.00256],[111.56654,-8.00187],[111.56803,-8.00245],[111.56837,-8.00239],[111.56852,-8.00217],[111.56888,-8.0025],[111.56906,-8.00252],[111.56972,-8.00247],[111.57006,-8.00198],[111.57075,-8.00229],[111.57155,-8.0019],[111.57338,-8.00257],[111.57411,-8.00201],[111.57315,-8.00141],[111.57288,-8.00015],[111.57301,-7.99965],[111.57287,-7.99947],[111.57356,-7.99885],[111.57415,-7.9987],[111.57356,-7.99833],[111.57266,-7.99741],[111.57307,-7.99675],[111.573,-7.9965],[111.5726,-7.99607],[111.5719,-7.99564],[111.5722,-7.99496],[111.57318,-7.99414],[111.57174,-7.9947],[111.57117,-7.99464],[111.57049,-7.99431],[111.56971,-7.99425],[111.56965,-7.9941],[111.56915,-7.99403],[111.56879,-7.99456],[111.56792,-7.99461],[111.56731,-7.9949],[111.56724,-7.9943],[111.56672,-7.99401],[111.56666,-7.99348],[111.56621,-7.99268],[111.56637,-7.99236],[111.56649,-7.99047],[111.56727,-7.98981],[111.56705,-7.98962],[111.56695,-7.9891],[111.56726,-7.98859],[111.56691,-7.98789],[111.56626,-7.98723],[111.56609,-7.98746],[111.56648,-7.98809],[111.56618,-7.98872],[111.56621,-7.98952],[111.56587,-7.98971],[111.5657,-7.99107],[111.56478,-7.99155],[111.56479,-7.99204],[111.56439,-7.99211],[111.56411,-7.99305],[111.56346,-7.99274],[111.56322,-7.9928],[111.56315,-7.99249],[111.56263,-7.99181],[111.56218,-7.99165],[111.56215,-7.99011],[111.56172,-7.99052],[111.56088,-7.99085],[111.55997,-7.98942],[111.55988,-7.9891],[111.55961,-7.98917],[111.559,-7.98876],[111.55754,-7.98862],[111.55765,-7.98739],[111.55795,-7.98673],[111.5581,-7.98598],[111.55808,-7.98524],[111.55827,-7.98431],[111.55814,-7.984],[111.55815,-7.98338],[111.55765,-7.98306],[111.5574,-7.98246],[111.55686,-7.98174],[111.55683,-7.98061],[111.55635,-7.97986],[111.55642,-7.97953],[111.55619,-7.97915],[111.55625,-7.97881],[111.55604,-7.9788],[111.5555,-7.97809],[111.5553,-7.97799],[111.55524,-7.97772],[111.5547,-7.97807],[111.55453,-7.979],[111.55434,-7.97893],[111.55341,-7.97932],[111.55319,-7.97981],[111.55345,-7.9813],[111.55414,-7.98194],[111.55335,-7.98222],[111.55296,-7.98266],[111.55261,-7.98339],[111.55189,-7.98382],[111.55176,-7.98411],[111.55196,-7.98478],[111.55285,-7.98529],[111.55267,-7.98653],[111.55352,-7.98673],[111.55431,-7.9863],[111.55469,-7.9866],[111.55503,-7.98737],[111.5554,-7.98738],[111.55546,-7.98759],[111.55627,-7.98849],[111.55654,-7.98939],[111.55709,-7.98981],[111.55718,-7.99057],[111.55762,-7.99076],[111.55804,-7.99199],[111.5582,-7.99183],[111.55852,-7.9922],[111.55862,-7.99298],[111.55852,-7.99351],[111.55782,-7.99331],[111.5568,-7.99349],[111.55625,-7.99319],[111.55601,-7.99373],[111.55642,-7.99419],[111.55671,-7.99508],[111.55714,-7.99536],[111.55668,-7.99552],[111.55666,-7.99585],[111.55593,-7.99593],[111.5554,-7.99642],[111.55476,-7.99604],[111.55446,-7.99507],[111.55367,-7.99525],[111.55319,-7.99514],[111.55343,-7.99592],[111.55296,-7.99639],[111.55294,-7.99669],[111.55263,-7.99717],[111.5525,-7.99783],[111.55278,-7.99821],[111.55202,-7.99868],[111.55218,-7.99975],[111.55201,-7.99984],[111.5514,-7.99976],[111.55115,-8.0],[111.55052,-8.00022],[111.55137,-8.00132],[111.55117,-8.00177],[111.55163,-8.002],[111.55253,-8.00369],[111.55096,-8.00369],[111.55162,-8.00502],[111.55056,-8.005],[111.55063,-8.00596],[111.55018,-8.00668],[111.55017,-8.00707],[111.54901,-8.0069],[111.54876,-8.00651],[111.54832,-8.0067],[111.54772,-8.00635],[111.54761,-8.00666],[111.54761,-8.00754],[111.54724,-8.0084],[111.54694,-8.00796],[111.54667,-8.00811],[111.5464,-8.0078],[111.54626,-8.00726],[111.5454,-8.0068],[111.5449,-8.00611],[111.54438,-8.00625],[111.54408,-8.00611],[111.54444,-8.00658],[111.54462,-8.00718],[111.54417,-8.00738],[111.544,-8.00762],[111.5443,-8.00869],[111.54387,-8.00899],[111.54389,-8.01035],[111.5434,-8.01058],[111.54267,-8.01051],[111.54254,-8.01014],[111.54231,-8.01036],[111.54253,-8.01088],[111.54255,-8.01153],[111.54278,-8.01252],[111.5425,-8.01279],[111.54193,-8.01276],[111.54155,-8.01316],[111.5409,-8.01263],[111.5402,-8.01263],[111.54018,-8.01334],[111.53981,-8.01426],[111.53946,-8.01392],[111.53906,-8.01381],[111.53849,-8.01421],[111.53787,-8.01518]],[[111.62607,-7.95325],[111.62606,-7.95325]],[[111.65567,-7.99101],[111.65478,-7.99133],[111.6544,-7.99172],[111.65402,-7.99149],[111.65377,-7.99157],[111.65385,-7.99129],[111.65429,-7.99097],[111.6544,-7.99063],[111.65514,-7.9904],[111.65572,-7.98983],[111.65612,-7.9897],[111.65503,-7.98907],[111.65396,-7.98871],[111.65378,-7.98776],[111.65275,-7.98693],[111.65305,-7.98669],[111.65312,-7.98611],[111.65298,-7.98604],[111.65294,-7.98575],[111.65263,-7.98557],[111.65339,-7.98561],[111.65353,-7.9855],[111.65349,-7.9843]],[[111.65578,-7.9913],[111.65571,-7.99111]],[[111.65624,-7.99411],[111.65604,-7.99398],[111.65555,-7.99399],[111.65625,-7.99371]],[[111.60136,-8.01829],[111.60155,-8.01777],[111.60201,-8.01804],[111.60298,-8.01786],[111.60252,-8.01709],[111.603,-8.01676],[111.60343,-8.01613],[111.60341,-8.01521],[111.60409,-8.0141],[111.60355,-8.01346],[111.60379,-8.0132],[111.60412,-8.01237],[111.60413,-8.01167],[111.60403,-8.01152],[111.60418,-8.01134],[111.60405,-8.0111],[111.60487,-8.01063],[111.60438,-8.00952],[111.60397,-8.00919],[111.605,-8.00885],[111.60527,-8.00862],[111.60543,-8.0087],[111.60616,-8.00858],[111.60629,-8.0083],[111.60615,-8.00769],[111.60653,-8.00706],[111.6061,-8.00595],[111.6076,-8.0056],[111.60787,-8.00308],[111.60836,-8.00188],[111.60838,-8.00082],[111.60859,-8.00069],[111.60862,-8.00026],[111.60905,-7.99967],[111.60865,-7.99805],[111.60833,-7.99761],[111.60819,-7.9976],[111.60837,-7.99737],[111.60935,-7.99824],[111.61006,-7.99851],[111.61094,-8.00008],[111.61231,-8.00071],[111.61316,-8.0014],[111.61357,-8.00133],[111.6127,-8.00176],[111.61245,-8.00173],[111.61168,-8.00228],[111.61071,-8.00246],[111.61113,-8.00276],[111.61167,-8.00293],[111.61172,-8.00463],[111.61251,-8.00549],[111.61281,-8.00537],[111.61303,-8.00502],[111.6135,-8.00543],[111.61411,-8.00504],[111.61417,-8.0052],[111.61403,-8.0058],[111.61307,-8.00664],[111.61384,-8.00729],[111.61408,-8.0077],[111.61447,-8.00788],[111.61389,-8.00815],[111.61255,-8.00845],[111.61239,-8.00879],[111.61277,-8.00925],[111.61311,-8.01024],[111.61209,-8.01166],[111.61189,-8.01167]],[[111.64717,-8.01315],[111.64785,-8.01312],[111.64801,-8.01332],[111.64834,-8.01309],[111.64882,-8.01359],[111.64931,-8.01383],[111.64923,-8.01274],[111.64904,-8.01218],[111.64873,-8.01185],[111.64926,-8.01012],[111.65065,-8.00987],[111.65046,-8.00854],[111.6506,-8.00838],[111.65139,-8.00812],[111.6512,-8.00792],[111.65053,-8.00777],[111.64983,-8.00716],[111.65037,-8.00674],[111.65004,-8.0058],[111.65075,-8.00538],[111.65073,-8.00477],[111.65038,-8.00397],[111.65011,-8.00381],[111.65065,-8.00341],[111.65063,-8.00261],[111.65094,-8.00275],[111.65107,-8.00302],[111.65142,-8.00326],[111.65214,-8.00329],[111.65176,-8.00169],[111.65274,-8.00195],[111.65283,-8.00162],[111.65246,-8.0013],[111.65274,-8.00059],[111.65322,-8.0009],[111.65343,-8.00081],[111.65401,-8.00121],[111.65446,-8.00068]],[[111.62162,-8.00717],[111.62144,-8.007],[111.62179,-8.00633],[111.62154,-8.00559],[111.62179,-8.00498],[111.62127,-8.0041],[111.6225,-8.00366],[111.62331,-8.0024],[111.62349,-8.00355],[111.62393,-8.00353],[111.62395,-8.00384],[111.62418,-8.00414],[111.625,-8.00484],[111.62524,-8.0052],[111.62546,-8.00506],[111.62567,-8.00515],[111.62529,-8.00591],[111.62526,-8.00685],[111.62614,-8.00679],[111.62644,-8.00595],[111.62679,-8.00567],[111.62699,-8.00596],[111.62756,-8.0063],[111.62821,-8.0052],[111.6287,-8.005],[111.62888,-8.00585],[111.62952,-8.00569],[111.62983,-8.00509],[111.63039,-8.00461],[111.63075,-8.00385],[111.63079,-8.00467],[111.63067,-8.00497],[111.6308,-8.00533],[111.63075,-8.0057],[111.63156,-8.00533],[111.63149,-8.00584],[111.63093,-8.00711],[111.63059,-8.00736],[111.62978,-8.00759],[111.62977,-8.00802]],[[111.64091,-8.00494],[111.64109,-8.00473],[111.64097,-8.00433],[111.64138,-8.00442],[111.64196,-8.00423],[111.64226,-8.00384],[111.64245,-8.00416],[111.64241,-8.0047],[111.64397,-8.00495]],[[111.56062,-8.04921],[111.56086,-8.04882],[111.56106,-8.04879],[111.56178,-8.04902],[111.56209,-8.0489],[111.56268,-8.04919],[111.56344,-8.04893],[111.56371,-8.04859],[111.564,-8.04763],[111.56447,-8.04754],[111.56504,-8.04718],[111.56557,-8.04733],[111.56616,-8.04728],[111.56633,-8.04753],[111.56656,-8.04749],[111.56648,-8.04691],[111.56718,-8.04726],[111.56739,-8.04695],[111.56789,-8.04725],[111.56796,-8.04765],[111.56817,-8.0478],[111.56844,-8.0476],[111.57,-8.04709],[111.57084,-8.04719],[111.57194,-8.04688],[111.57219,-8.04658],[111.57227,-8.04577],[111.57215,-8.04164],[111.5722,-8.0406],[111.57239,-8.04031],[111.57192,-8.03943],[111.57215,-8.03928],[111.57261,-8.03845],[111.57253,-8.03798],[111.57207,-8.0376],[111.57179,-8.03659],[111.56974,-8.03492],[111.5693,-8.034],[111.56936,-8.03374],[111.56817,-8.0341],[111.56761,-8.03357],[111.56722,-8.03353],[111.56655,-8.03378],[111.56528,-8.03343],[111.56448,-8.03311],[111.56426,-8.03289],[111.56383,-8.03293],[111.56367,-8.03335],[111.56331,-8.03306],[111.56295,-8.03302],[111.56145,-8.03334],[111.56118,-8.03303],[111.562,-8.03261],[111.56438,-8.03228],[111.56466,-8.03247],[111.56535,-8.03257],[111.56572,-8.03243],[111.56626,-8.03268],[111.5668,-8.03264],[111.5671,-8.03277],[111.5681,-8.0326],[111.56839,-8.03205],[111.56916,-8.03132],[111.56924,-8.03098],[111.5699,-8.03136],[111.57054,-8.03127],[111.57099,-8.02982],[111.5706,-8.02901],[111.57012,-8.02862],[111.56998,-8.02834],[111.57037,-8.02847],[111.57064,-8.02815],[111.57089,-8.02855],[111.57155,-8.02885],[111.57189,-8.02941],[111.57258,-8.02974],[111.57345,-8.02941],[111.57422,-8.02888],[111.57445,-8.02856],[111.57455,-8.02784],[111.57539,-8.02729],[111.57579,-8.02678],[111.57595,-8.02569],[111.57616,-8.02594],[111.57623,-8.02677],[111.57575,-8.02799],[111.57587,-8.02893],[111.57479,-8.03029],[111.57481,-8.03081],[111.57506,-8.03125],[111.57472,-8.03156],[111.57495,-8.03175],[111.5752,-8.03175],[111.5756,-8.03136],[111.57625,-8.03135],[111.57598,-8.0327],[111.57547,-8.03306],[111.5759,-8.03327],[111.57615,-8.03358],[111.57678,-8.03373],[111.57658,-8.03403],[111.57644,-8.0339],[111.57623,-8.03399],[111.57645,-8.03434],[111.57694,-8.0345],[111.57739,-8.03438],[111.57755,-8.0349],[111.57819,-8.03491]]]}},{"type":"Feature","properties":{"NAMOBJ":"612.5","REMARK":"Garis Kontur","JNSKNT":2,"VALKNT":612.5},"geometry":{"type":"LineString","coordinates":[[111.66177,-7.97121],[111.66149,-7.97122],[111.66145,-7.97179],[111.66104,-7.97187],[111.6614,-7.97231],[111.66128,-7.97305],[111.66139,-7.97325],[111.66134,-7.97357],[111.66168,-7.97416],[111.66086,-7.97414],[111.6602,-7.97488],[111.66001,-7.9749],[111.65978,-7.97419],[111.65985,-7.97377],[111.65975,-7.97329],[111.65956,-7.97312],[111.65904,-7.97337],[111.65871,-7.97322],[111.65863,-7.97352],[111.65887,-7.97455],[111.65874,-7.97476],[111.65753,-7.97483],[111.65734,-7.97446],[111.65737,-7.97396],[111.657,-7.97263],[111.65707,-7.9721],[111.65689,-7.97168],[111.65654,-7.97294],[111.65653,-7.97412],[111.65632,-7.97448],[111.65654,-7.97456],[111.65642,-7.97491],[111.65588,-7.97482],[111.65561,-7.97346],[111.65527,-7.97292],[111.65502,-7.97294],[111.65477,-7.97262],[111.65418,-7.97232],[111.65419,-7.97267],[111.65459,-7.97333],[111.65456,-7.97407],[111.65447,-7.9743],[111.65412,-7.9744],[111.65378,-7.97492],[111.65381,-7.97523],[111.65351,-7.97647],[111.65249,-7.97542],[111.65251,-7.97508],[111.6524,-7.97493],[111.65152,-7.97555],[111.65053,-7.97504],[111.65047,-7.976],[111.64968,-7.97698],[111.64974,-7.97733],[111.64925,-7.9776],[111.64908,-7.97914],[111.64822,-7.97976],[111.64796,-7.98013],[111.64793,-7.98041],[111.64716,-7.97987],[111.64665,-7.98034],[111.64651,-7.98159],[111.64573,-7.98302],[111.64571,-7.98361],[111.64542,-7.98452],[111.64509,-7.98485],[111.64518,-7.98453],[111.64508,-7.98412],[111.64484,-7.98387],[111.64509,-7.98337],[111.64556,-7.98298],[111.64554,-7.98274],[111.6458,-7.98217],[111.64587,-7.98109],[111.64457,-7.98087],[111.64431,-7.98099],[111.6439,-7.98082],[111.64423,-7.9804],[111.64473,-7.97874],[111.64523,-7.97777],[111.64586,-7.97774],[111.64563,-7.97745],[111.64565,-7.97696],[111.64653,-7.97589],[111.64698,-7.97579],[111.64727,-7.97596],[111.64791,-7.97604],[111.64814,-7.97543],[111.64838,-7.97524],[111.6489,-7.97512],[111.64893,-7.97487],[111.64878,-7.97481],[111.64887,-7.97456],[111.64968,-7.97423],[111.65007,-7.97353],[111.65068,-7.97334],[111.65078,-7.97284],[111.65112,-7.97252],[111.65151,-7.97145],[111.65069,-7.97219],[111.65062,-7.97241],[111.65028,-7.9723],[111.64998,-7.97253],[111.64987,-7.97269],[111.64991,-7.97309],[111.64883,-7.97343],[111.64807,-7.97237],[111.64774,-7.97216],[111.64738,-7.97432],[111.64659,-7.97482],[111.64631,-7.97476],[111.64569,-7.97429],[111.64548,-7.97462],[111.64508,-7.97451],[111.64476,-7.97427],[111.64461,-7.9732],[111.64444,-7.97319],[111.64404,-7.97364],[111.64382,-7.97302],[111.64351,-7.97362],[111.64295,-7.97387],[111.6433,-7.97418],[111.64341,-7.97496],[111.64378,-7.975],[111.64442,-7.97547],[111.64448,-7.97598],[111.64424,-7.97623],[111.64344,-7.97638],[111.64322,-7.97621],[111.64301,-7.97691],[111.64315,-7.97731],[111.64285,-7.97772],[111.64286,-7.97854],[111.64244,-7.97885],[111.64236,-7.97863],[111.64254,-7.9778],[111.64229,-7.97734],[111.64184,-7.97745],[111.64142,-7.97723],[111.64073,-7.97626],[111.63979,-7.97565],[111.6397,-7.97601],[111.63988,-7.97663],[111.63983,-7.97681],[111.64014,-7.97706],[111.64038,-7.97758],[111.64036,-7.97787],[111.6399,-7.97806],[111.6394,-7.97772],[111.63905,-7.97767],[111.63879,-7.9778],[111.63865,-7.97816],[111.63837,-7.97829],[111.63772,-7.97614],[111.63677,-7.97622],[111.63595,-7.97584],[111.63606,-7.97473],[111.63582,-7.97395],[111.63612,-7.97312],[111.63479,-7.97369],[111.63384,-7.97391],[111.63381,-7.97423],[111.63303,-7.9751],[111.63318,-7.97583],[111.63253,-7.97609],[111.63227,-7.97667],[111.63188,-7.97626],[111.63132,-7.97613],[111.63081,-7.97677],[111.6305,-7.97627],[111.63001,-7.976],[111.62991,-7.97512],[111.63021,-7.97473],[111.62958,-7.97475],[111.62883,-7.97457],[111.62874,-7.97445],[111.6287,-7.97434],[111.62888,-7.97415],[111.62852,-7.97375],[111.62925,-7.97359],[111.62968,-7.97373],[111.63042,-7.97302],[111.63331,-7.97313],[111.63408,-7.97269],[111.63499,-7.97296],[111.63599,-7.97229],[111.63698,-7.97261],[111.63803,-7.97249],[111.63869,-7.97257],[111.639,-7.97274],[111.63905,-7.97202],[111.63985,-7.97189],[111.64016,-7.97145],[111.63891,-7.97129],[111.63897,-7.97058],[111.63882,-7.97018],[111.63788,-7.97047],[111.63758,-7.97018],[111.6366,-7.96972],[111.6367,-7.96953],[111.63803,-7.96905],[111.6382,-7.96878],[111.63825,-7.96828],[111.63769,-7.9682],[111.63699,-7.96751],[111.63649,-7.96744],[111.63633,-7.96704],[111.63653,-7.96678],[111.63651,-7.96639],[111.63578,-7.96626],[111.63489,-7.96637],[111.6347,-7.96616],[111.63471,-7.9656],[111.63495,-7.96515],[111.63511,-7.96497],[111.63579,-7.96489],[111.63625,-7.96429],[111.63621,-7.9641],[111.6358,-7.96394],[111.63412,-7.96386],[111.63384,-7.96371],[111.63388,-7.96364],[111.63443,-7.96357],[111.63509,-7.96382],[111.63606,-7.96347],[111.63679,-7.96387],[111.63695,-7.96427],[111.63785,-7.96438],[111.63843,-7.96407],[111.6382,-7.96344],[111.63878,-7.96282],[111.63959,-7.96354],[111.64102,-7.96265],[111.64085,-7.96312],[111.6409,-7.96421],[111.64158,-7.9642],[111.64207,-7.96438],[111.64184,-7.96356],[111.64267,-7.96401],[111.6425,-7.9633],[111.64255,-7.96271],[111.64377,-7.96278],[111.64384,-7.96177],[111.64419,-7.96169],[111.64472,-7.96229],[111.64482,-7.96263],[111.64557,-7.96245],[111.64602,-7.96192],[111.64642,-7.96174],[111.64722,-7.96174],[111.64735,-7.96263],[111.64787,-7.96247],[111.64822,-7.96212],[111.64868,-7.9623],[111.64879,-7.9624],[111.64846,-7.9634],[111.64842,-7.96411],[111.64966,-7.9628],[111.65012,-7.96287],[111.65057,-7.96276],[111.6509,-7.96313],[111.65123,-7.96253],[111.6517,-7.96301]]}},{"type":"Feature","properties":{"NAMOBJ":"500","REMARK":"Garis Kontur","JNSKNT":1,"VALKNT":500},"geometry":{"type":"LineString","coordinates":[[111.57706,-8.0173],[111.57697,-8.01712],[111.57654,-8.01739],[111.5757,-8.01738],[111.57521,-8.01786],[111.57548,-8.01811],[111.57627,-8.01836],[111.57713,-8.01825],[111.57739,-8.01805],[111.57706,-8.0173]]}},{"type":"Feature","properties":{"NAMOBJ":"562.5","REMARK":"Garis Kontur","JNSKNT":2,"VALKNT":562.5},"geometry":{"type":"LineString","coordinates":[[111.61531,-7.97898],[111.6152,-7.97974],[111.61449,-7.98015],[111.61426,-7.98047],[111.61371,-7.98049],[111.6135,-7.98079],[111.61339,-7.98127],[111.61295,-7.98138],[111.61282,-7.9816],[111.61264,-7.98163],[111.61275,-7.98199],[111.61304,-7.98231],[111.61339,-7.98238],[111.61415,-7.98186],[111.61487,-7.9822],[111.61536,-7.98184],[111.61554,-7.98147],[111.61586,-7.9812],[111.61581,-7.9783],[111.61536,-7.97873],[111.61531,-7.97898]]}},{"type":"Feature","properties":{"NAMOBJ":"675","REMARK":"Garis Kontur","JNSKNT":2,"VALKNT":675},"geometry":{"type":"LineString","coordinates":[[111.60445,-7.94807],[111.6047,-7.9484],[111.60518,-7.94873],[111.60559,-7.94824],[111.60537,-7.94765],[111.6047,-7.94785],[111.60445,-7.94807]]}},{"type":"Feature","properties":{"NAMOBJ":"625","REMARK":"Garis Kontur","JNSKNT":2,"VALKNT":625},"geometry":{"type":"LineString","coordinates":[[111.625,-7.9909],[111.62338,-7.99102],[111.623,-7.99119],[111.62259,-7.99245],[111.62183,-7.99296],[111.62208,-7.99295],[111.6223,-7.99317],[111.62264,-7.99391],[111.62338,-7.99415],[111.62416,-7.99408],[111.6241,-7.99428],[111.62435,-7.99439],[111.62495,-7.99448],[111.62525,-7.99436],[111.62611,-7.99482],[111.62648,-7.99468],[111.62737,-7.99493],[111.62804,-7.99465],[111.62873,-7.9936],[111.62864,-7.99266],[111.62867,-7.99245],[111.62887,-7.99236],[111.62822,-7.99209],[111.62815,-7.99099],[111.62757,-7.99155],[111.62737,-7.99157],[111.62699,-7.99124],[111.62664,-7.99118],[111.62643,-7.99091],[111.625,-7.9909]]}},{"type":"Feature","properties":{"NAMOBJ":"325","REMARK":"Garis Kontur","JNSKNT":2,"VALKNT":325},"geometry":{"type":"MultiLineString","coordinates":[[[111.65497,-7.98806],[111.65498,-7.98794]],[[111.65589,-7.98894],[111.65543,-7.9887],[111.65528,-7.98839]],[[111.65608,-7.99046],[111.65612,-7.99032],[111.65628,-7.99032]],[[111.64709,-8.01355],[111.64724,-8.01353],[111.64792,-8.014],[111.64839,-8.01378],[111.64883,-8.01438],[111.6498,-8.01507],[111.64988,-8.01424],[111.65001,-8.01412],[111.64976,-8.01308],[111.64983,-8.01267],[111.64966,-8.01217],[111.64931,-8.01188],[111.64968,-8.01125],[111.64973,-8.01051],[111.65063,-8.01042],[111.6511,-8.01051],[111.65146,-8.01026],[111.65153,-8.00986],[111.65123,-8.00946],[111.65145,-8.00855],[111.65215,-8.00821],[111.65206,-8.00791],[111.65165,-8.00753],[111.6508,-8.00737],[111.65063,-8.00722],[111.65084,-8.00667],[111.65062,-8.00603],[111.65126,-8.00574],[111.65106,-8.00423],[111.65088,-8.00403],[111.651,-8.00386],[111.65093,-8.00348],[111.65167,-8.00373],[111.65259,-8.00451],[111.65291,-8.00446],[111.65303,-8.00421],[111.65334,-8.00399],[111.6533,-8.00354],[111.6541,-8.00264],[111.6543,-8.00223],[111.65435,-8.00145]],[[111.60267,-8.01853],[111.60378,-8.01824],[111.60513,-8.01836],[111.60561,-8.01824],[111.6056,-8.01798],[111.6046,-8.01776],[111.60382,-8.01724],[111.60461,-8.01664],[111.60392,-8.01531],[111.60431,-8.01492],[111.60479,-8.01397],[111.60486,-8.01358],[111.6047,-8.01325],[111.60509,-8.01288],[111.60512,-8.01224],[111.60459,-8.01144],[111.60464,-8.01131],[111.60602,-8.01112],[111.6063,-8.01085],[111.60543,-8.00951],[111.60624,-8.0093],[111.60665,-8.00954],[111.60712,-8.00954],[111.60716,-8.00865],[111.6075,-8.00762],[111.60749,-8.00707],[111.60732,-8.00664],[111.60813,-8.00636],[111.6091,-8.005],[111.60919,-8.00282],[111.60887,-8.00231],[111.609,-8.00193],[111.60926,-8.00175],[111.60936,-8.00178],[111.60912,-8.0021],[111.60914,-8.00225],[111.6095,-8.00283],[111.6103,-8.00339],[111.61033,-8.00411],[111.61076,-8.00496],[111.61084,-8.00546],[111.6117,-8.00625],[111.61224,-8.00635],[111.61209,-8.00672],[111.61243,-8.00736],[111.6116,-8.00709],[111.61075,-8.00733],[111.61021,-8.0082],[111.61002,-8.00867],[111.61132,-8.0102],[111.61094,-8.01042],[111.61007,-8.01133],[111.61006,-8.01159],[111.60987,-8.01177],[111.60983,-8.01224],[111.60999,-8.01264],[111.60983,-8.01313],[111.60923,-8.01354],[111.60901,-8.01417],[111.60903,-8.01446],[111.60859,-8.01481],[111.60872,-8.01498]],[[111.64121,-8.00523],[111.64135,-8.00499],[111.64145,-8.0051],[111.64155,-8.00499],[111.64161,-8.00527]],[[111.62244,-8.00689],[111.62281,-8.00645],[111.62273,-8.00598],[111.62313,-8.0063],[111.62331,-8.00629],[111.62343,-8.00607],[111.62365,-8.00629],[111.62367,-8.00664],[111.62387,-8.00672],[111.62459,-8.00649],[111.62445,-8.00701],[111.62467,-8.00739],[111.62503,-8.00751],[111.62528,-8.00796],[111.62618,-8.00839],[111.62656,-8.00833],[111.62672,-8.00806],[111.62662,-8.00745],[111.6268,-8.00689],[111.627,-8.00707],[111.62799,-8.00691],[111.62826,-8.00676],[111.62867,-8.00625],[111.62916,-8.00623],[111.62976,-8.00599],[111.63031,-8.00539],[111.63028,-8.00573],[111.63045,-8.00616],[111.63076,-8.00625],[111.6311,-8.00616],[111.63106,-8.00629],[111.63068,-8.00677],[111.62976,-8.00685],[111.62937,-8.00731],[111.62924,-8.00768],[111.6293,-8.00813],[111.6288,-8.00854],[111.62889,-8.00893]],[[111.5648,-8.048],[111.56516,-8.0478],[111.56563,-8.04775],[111.56702,-8.04827],[111.56738,-8.04799],[111.56787,-8.04857],[111.56845,-8.04855],[111.56928,-8.048],[111.56986,-8.04795],[111.57023,-8.04757],[111.57094,-8.04766],[111.57251,-8.04724],[111.5727,-8.04676],[111.5728,-8.0455],[111.57253,-8.04291],[111.57275,-8.04076],[111.57291,-8.04019],[111.57283,-8.04],[111.57294,-8.03941],[111.57278,-8.03929],[111.57338,-8.03852],[111.57321,-8.03827],[111.57325,-8.03795],[111.57309,-8.03796],[111.57272,-8.03751],[111.57265,-8.03677],[111.57233,-8.0359],[111.57172,-8.03567],[111.57055,-8.03492],[111.56992,-8.03399],[111.56986,-8.03319],[111.56921,-8.03293],[111.56912,-8.03272],[111.56884,-8.03268],[111.56903,-8.03229],[111.56956,-8.03213],[111.5697,-8.03195],[111.57004,-8.03199],[111.57059,-8.03252],[111.57075,-8.03318],[111.57177,-8.03322],[111.57192,-8.03315],[111.57214,-8.03258],[111.5725,-8.03234],[111.57222,-8.03164],[111.57221,-8.03128],[111.57251,-8.0316],[111.57276,-8.03142],[111.57313,-8.03085],[111.57305,-8.03164],[111.57317,-8.03212],[111.5745,-8.03251],[111.57514,-8.03246],[111.57478,-8.03311],[111.57494,-8.03351],[111.57571,-8.03456],[111.57568,-8.03473],[111.57682,-8.03561],[111.57775,-8.03547]]]}},{"type":"Feature","properties":{"NAMOBJ":"650","REMARK":"Garis Kontur","JNSKNT":1,"VALKNT":650},"geometry":{"type":"LineString","coordinates":[[111.625,-7.99181],[111.62452,-7.99175],[111.62361,-7.99196],[111.62346,-7.99236],[111.6231,-7.99243],[111.62333,-7.99284],[111.62323,-7.99325],[111.62332,-7.99348],[111.62413,-7.99358],[111.625,-7.99393],[111.62537,-7.99383],[111.62612,-7.99441],[111.62697,-7.99395],[111.62788,-7.99404],[111.6279,-7.99356],[111.62818,-7.99348],[111.62772,-7.99327],[111.62729,-7.99239],[111.62697,-7.99221],[111.62629,-7.99217],[111.6256,-7.99193],[111.62521,-7.99154],[111.625,-7.99181]]}},{"type":"Feature","properties":{"NAMOBJ":"512.5","REMARK":"Garis Kontur","JNSKNT":2,"VALKNT":512.5},"geometry":{"type":"LineString","coordinates":[[111.57542,-8.01771],[111.57537,-8.01778],[111.57554,-8.01791],[111.57623,-8.01816],[111.57634,-8.01802],[111.57658,-8.01811],[111.57723,-8.01799],[111.57687,-8.01725],[111.5765,-8.01746],[111.57576,-8.01747],[111.57542,-8.01771]]}},{"type":"Feature","properties":{"NAMOBJ":"425","REMARK":"Garis Kontur","JNSKNT":2,"VALKNT":425},"geometry":{"type":"LineString","coordinates":[[111.58784,-7.95015],[111.58708,-7.95006],[111.58665,-7.95111],[111.5868,-7.95159],[111.58703,-7.95175],[111.58719,-7.95233],[111.5877,-7.95144],[111.58871,-7.95091],[111.58822,-7.95017],[111.58784,-7.95015]]}},{"type":"Feature","properties":{"NAMOBJ":"437.5","REMARK":"Garis Kontur","JNSKNT":2,"VALKNT":437.5},"geometry":{"type":"LineString","coordinates":[[111.59987,-7.96042],[111.6,-7.95959],[111.60024,-7.95924],[111.59968,-7.95963],[111.5997,-7.95973],[111.59956,-7.95966],[111.59855,-7.96007],[111.59848,-7.96057],[111.59855,-7.96079],[111.59895,-7.96113],[111.59888,-7.96145],[111.59899,-7.96198],[111.59927,-7.96192],[111.59916,-7.9611],[111.59936,-7.96077],[111.59987,-7.96042]]}},{"type":"Feature","properties":{"NAMOBJ":"600","REMARK":"Garis Kontur","JNSKNT":1,"VALKNT":600},"geometry":{"type":"LineString","coordinates":[[111.63196,-7.96476],[111.63236,-7.96481],[111.6329,-7.96437],[111.63288,-7.96415],[111.63243,-7.96395],[111.63184,-7.96422],[111.63172,-7.96442],[111.63196,-7.96476]]}},{"type":"Feature","properties":{"NAMOBJ":"600","REMARK":"Garis Kontur","JNSKNT":1,"VALKNT":600},"geometry":{"type":"LineString","coordinates":[[111.64371,-7.98592],[111.64363,-7.98596],[111.64371,-7.98612],[111.64376,-7.98596],[111.64371,-7.98592]]}},{"type":"Feature","properties":{"NAMOBJ":"512.5","REMARK":"Garis Kontur","JNSKNT":2,"VALKNT":512.5},"geometry":{"type":"LineString","coordinates":[[111.61645,-8.0],[111.61545,-8.00052],[111.61516,-8.0011],[111.61459,-8.00138],[111.6144,-8.00132],[111.61436,-8.00056],[111.61341,-8.0],[111.6134,-7.99886],[111.61302,-7.99864],[111.61325,-7.99801],[111.6131,-7.9978],[111.61338,-7.99777],[111.61334,-7.9976],[111.61432,-7.99731],[111.61486,-7.9975],[111.61525,-7.99748],[111.617,-7.99809],[111.61712,-7.99871],[111.61699,-7.99943],[111.61645,-8.0]]}},{"type":"Feature","properties":{"NAMOBJ":"275","REMARK":"Garis Kontur","JNSKNT":2,"VALKNT":275},"geometry":{"type":"LineString","coordinates":[[111.54647,-7.9943],[111.54648,-7.99407],[111.54624,-7.9937],[111.54603,-7.99371],[111.54553,-7.99429],[111.54593,-7.99486],[111.54674,-7.9952],[111.54647,-7.9943]]}},{"type":"Feature","properties":{"NAMOBJ":"812.5","REMARK":"Garis Kontur","JNSKNT":2,"VALKNT":812.5},"geometry":{"type":"LineString","coordinates":[[111.54062,-8.04004],[111.54154,-8.03946],[111.5417,-8.03898],[111.54146,-8.03857],[111.54136,-8.03766],[111.54094,-8.03684],[111.54167,-8.0366],[111.5423,-8.03619],[111.54142,-8.03604],[111.54113,-8.03567],[111.54144,-8.0353],[111.54154,-8.03494],[111.54128,-8.03381],[111.54181,-8.03385],[111.54209,-8.03313],[111.54223,-8.03175],[111.54213,-8.03068],[111.5423,-8.03015],[111.54108,-8.02932],[111.54126,-8.02811],[111.54175,-8.02769],[111.54134,-8.02679],[111.54051,-8.02634],[111.54144,-8.02573],[111.54167,-8.02572],[111.54174,-8.02499],[111.54086,-8.02392],[111.53958,-8.02267],[111.53923,-8.02258],[111.53822,-8.02264],[111.53742,-8.02314],[111.53717,-8.02365]]}},{"type":"Feature","properties":{"NAMOBJ":"700","REMARK":"Garis Kontur","JNSKNT":1,"VALKNT":700},"geometry":{"type":"LineString","coordinates":[[111.6455,-7.96484],[111.64538,-7.96482],[111.64531,-7.96497],[111.6454,-7.96497],[111.6455,-7.96484]]}},{"type":"Feature","properties":{"NAMOBJ":"687.5","REMARK":"Garis Kontur","JNSKNT":2,"VALKNT":687.5},"geometry":{"type":"LineString","coordinates":[[111.62501,-7.99288],[111.62457,-7.99292],[111.62488,-7.99325],[111.62515,-7.99322],[111.62521,-7.99335],[111.6258,-7.99351],[111.62603,-7.99324],[111.62501,-7.99288]]}},{"type":"Feature","properties":{"NAMOBJ":"462.5","REMARK":"Garis Kontur","JNSKNT":2,"VALKNT":462.5},"geometry":{"type":"LineString","coordinates":[[111.58308,-7.94347],[111.58299,-7.94396],[111.58316,-7.94436],[111.58325,-7.9437],[111.58308,-7.94347]]}},{"type":"Feature","properties":{"NAMOBJ":"575","REMARK":"Garis Kontur","JNSKNT":2,"VALKNT":575},"geometry":{"type":"LineString","coordinates":[[111.64163,-7.99246],[111.64181,-7.99174],[111.64166,-7.99135],[111.64152,-7.99128],[111.64091,-7.99176],[111.64133,-7.99199],[111.64155,-7.99249],[111.64163,-7.99246]]}},{"type":"Feature","properties":{"NAMOBJ":"687.5","REMARK":"Garis Kontur","JNSKNT":2,"VALKNT":687.5},"geometry":{"type":"LineString","coordinates":[[111.60132,-7.94701],[111.60213,-7.94726],[111.60229,-7.94716],[111.60233,-7.94693],[111.60229,-7.94676],[111.60174,-7.94678],[111.60132,-7.94701]]}},{"type":"Feature","properties":{"NAMOBJ":"612.5","REMARK":"Garis Kontur","JNSKNT":2,"VALKNT":612.5},"geometry":{"type":"LineString","coordinates":[[111.625,-7.99017],[111.62514,-7.98997],[111.62535,-7.98999],[111.62604,-7.99033],[111.62652,-7.99005],[111.62705,-7.99053],[111.62748,-7.99137],[111.62838,-7.99045],[111.62868,-7.9905],[111.62861,-7.99182],[111.62886,-7.9919],[111.62968,-7.99168],[111.63057,-7.99119],[111.63108,-7.99133],[111.63135,-7.99109],[111.63156,-7.9911],[111.63164,-7.99126],[111.63277,-7.99097],[111.63302,-7.99095],[111.63315,-7.99107],[111.63251,-7.99144],[111.63161,-7.99146],[111.63098,-7.99171],[111.63045,-7.99251],[111.6297,-7.99202],[111.6291,-7.99219],[111.62901,-7.99294],[111.6292,-7.99321],[111.62883,-7.99411],[111.62821,-7.99485],[111.628,-7.99546],[111.62816,-7.9957],[111.62864,-7.99589],[111.62942,-7.99592],[111.62964,-7.99629],[111.62994,-7.99633],[111.63017,-7.99622],[111.62992,-7.9966],[111.62944,-7.99674],[111.62928,-7.99703],[111.62914,-7.99657],[111.62786,-7.99604],[111.62772,-7.99543],[111.62713,-7.9953],[111.62688,-7.99538],[111.62534,-7.99457],[111.62459,-7.99469],[111.62285,-7.99424],[111.62234,-7.99441],[111.62226,-7.99458],[111.62198,-7.99446],[111.62219,-7.99397],[111.6219,-7.99317],[111.62156,-7.99302],[111.62166,-7.99272],[111.62233,-7.99218],[111.62264,-7.99075],[111.6228,-7.99056],[111.62322,-7.99047],[111.62437,-7.99054],[111.625,-7.99017]]}},{"type":"Feature","properties":{"NAMOBJ":"175","REMARK":"Garis Kontur","JNSKNT":2,"VALKNT":175},"geometry":{"type":"LineString","coordinates":[[111.65564,-8.01038],[111.65558,-8.01088],[111.65537,-8.0113],[111.65485,-8.01183],[111.6543,-8.01342],[111.65394,-8.01342],[111.65361,-8.01422],[111.65321,-8.01471],[111.65283,-8.01578],[111.65205,-8.01652],[111.65219,-8.0167],[111.65156,-8.01711],[111.65111,-8.0176],[111.65063,-8.01779],[111.64972,-8.01757],[111.6488,-8.01779],[111.64832,-8.0174],[111.64787,-8.01778],[111.6475,-8.01777],[111.64765,-8.01815]]}},{"type":"Feature","properties":{"NAMOBJ":"625","REMARK":"Garis Kontur","JNSKNT":2,"VALKNT":625},"geometry":{"type":"LineString","coordinates":[[111.55095,-8.01727],[111.55132,-8.01795],[111.55229,-8.01842],[111.55084,-8.01906],[111.55008,-8.01967],[111.54959,-8.01973],[111.5502,-8.02027],[111.55057,-8.02026],[111.55085,-8.02044],[111.55161,-8.02055],[111.55227,-8.02033],[111.55306,-8.02029],[111.55348,-8.0195],[111.55404,-8.0195],[111.55383,-8.01842],[111.55557,-8.01694],[111.55589,-8.01624],[111.55615,-8.01617],[111.55669,-8.01665],[111.55717,-8.01683],[111.55746,-8.01756],[111.55782,-8.01673],[111.55832,-8.01647],[111.55832,-8.01591],[111.55786,-8.01619],[111.55725,-8.01618],[111.55665,-8.01572],[111.55581,-8.01536],[111.55536,-8.0142],[111.55542,-8.01399],[111.55504,-8.0132],[111.55539,-8.01243],[111.55592,-8.01175],[111.55533,-8.01096],[111.55529,-8.00995],[111.55457,-8.00985],[111.55428,-8.0105],[111.55459,-8.01179],[111.55353,-8.01231],[111.55351,-8.01324],[111.55373,-8.01391],[111.55317,-8.01394],[111.55254,-8.01427],[111.55284,-8.015],[111.55291,-8.01559],[111.55266,-8.01595],[111.55145,-8.01684],[111.55094,-8.01701],[111.55095,-8.01727]]}},{"type":"Feature","properties":{"NAMOBJ":"425","REMARK":"Garis Kontur","JNSKNT":2,"VALKNT":425},"geometry":{"type":"MultiLineString","coordinates":[[[111.65557,-7.999],[111.6552,-7.99814],[111.65409,-7.99847],[111.65327,-7.9981],[111.65367,-7.99919],[111.65421,-7.99981],[111.65482,-8.0]],[[111.65482,-8.0],[111.65488,-8.00001]]]}},{"type":"Feature","properties":{"NAMOBJ":"225","REMARK":"Garis Kontur","JNSKNT":2,"VALKNT":225},"geometry":{"type":"LineString","coordinates":[[111.5667,-7.97704],[111.56666,-7.97714],[111.56723,-7.97669],[111.56758,-7.97672],[111.56796,-7.97648],[111.56775,-7.9761],[111.56752,-7.97605],[111.56689,-7.97661],[111.5667,-7.97704]]}},{"type":"Feature","properties":{"NAMOBJ":"350","REMARK":"Garis Kontur","JNSKNT":1,"VALKNT":350},"geometry":{"type":"MultiLineString","coordinates":[[[111.53808,-8.01446],[111.53903,-8.0136],[111.53965,-8.01383],[111.54003,-8.01333],[111.53995,-8.0128],[111.54008,-8.01237],[111.5409,-8.01243],[111.54149,-8.01282],[111.54182,-8.01254],[111.54243,-8.01262],[111.54255,-8.0123],[111.54237,-8.01166],[111.54238,-8.01105],[111.54203,-8.01042],[111.54206,-8.0102],[111.54253,-8.00984],[111.54352,-8.01018],[111.54361,-8.01011],[111.54357,-8.00876],[111.5441,-8.00858],[111.54385,-8.00751],[111.54446,-8.00699],[111.54357,-8.00589],[111.54378,-8.00595],[111.54409,-8.00573],[111.54436,-8.00603],[111.54498,-8.00602],[111.54544,-8.00666],[111.54635,-8.00711],[111.54659,-8.0077],[111.54674,-8.00788],[111.54697,-8.00773],[111.5472,-8.00814],[111.54747,-8.00752],[111.54748,-8.00673],[111.54763,-8.00617],[111.54796,-8.00627],[111.54831,-8.00662],[111.54882,-8.00639],[111.54913,-8.00678],[111.54998,-8.00693],[111.55002,-8.00658],[111.55039,-8.00591],[111.55041,-8.00537],[111.55024,-8.00485],[111.55141,-8.00487],[111.55125,-8.00446],[111.55067,-8.00367],[111.55093,-8.0035],[111.55224,-8.00355],[111.55198,-8.00323],[111.5515,-8.00204],[111.55097,-8.00182],[111.55112,-8.00137],[111.55054,-8.00039],[111.55006,-8.00004],[111.55089,-8.0],[111.55132,-7.99958],[111.55199,-7.99961],[111.55181,-7.99928],[111.5518,-7.99855],[111.5525,-7.99814],[111.55239,-7.99731],[111.55247,-7.99693],[111.5527,-7.99665],[111.55251,-7.99628],[111.55317,-7.9959],[111.55304,-7.99502],[111.55335,-7.9949],[111.55356,-7.99515],[111.55372,-7.99491],[111.55434,-7.99488],[111.55462,-7.99505],[111.55483,-7.9958],[111.55523,-7.99613],[111.55544,-7.99584],[111.5565,-7.99571],[111.55628,-7.99526],[111.55669,-7.99527],[111.55636,-7.99472],[111.55628,-7.9942],[111.55566,-7.99366],[111.55591,-7.99361],[111.55614,-7.99298],[111.55681,-7.99332],[111.5578,-7.99315],[111.55828,-7.99327],[111.55823,-7.99235],[111.55793,-7.99239],[111.55762,-7.99153],[111.55745,-7.99138],[111.55742,-7.99096],[111.55705,-7.99064],[111.55691,-7.98993],[111.55637,-7.98942],[111.55623,-7.98877],[111.5552,-7.9877],[111.55469,-7.98751],[111.55432,-7.98644],[111.55354,-7.98688],[111.55267,-7.98668],[111.55254,-7.98647],[111.55271,-7.98541],[111.5521,-7.98516],[111.55169,-7.98474],[111.55159,-7.98406],[111.55183,-7.98361],[111.5525,-7.98315],[111.55315,-7.98211],[111.55381,-7.98179],[111.55337,-7.98137],[111.55336,-7.98094],[111.55293,-7.98002],[111.55309,-7.97923],[111.5544,-7.9788],[111.55454,-7.97791],[111.55508,-7.97764],[111.55522,-7.97738],[111.55597,-7.97845],[111.55638,-7.97871],[111.55632,-7.9791],[111.55656,-7.97923],[111.55656,-7.97981],[111.55698,-7.98055],[111.5571,-7.98178],[111.55763,-7.98246],[111.55786,-7.98297],[111.55826,-7.98321],[111.55831,-7.98363],[111.55869,-7.98435],[111.55838,-7.98658],[111.55843,-7.98698],[111.55821,-7.98731],[111.55812,-7.98789],[111.55789,-7.98834],[111.55904,-7.9884],[111.55987,-7.98882],[111.5601,-7.98864],[111.56028,-7.98949],[111.56093,-7.9905],[111.56168,-7.99024],[111.56237,-7.98973],[111.56234,-7.9914],[111.56332,-7.9923],[111.56337,-7.99256],[111.56352,-7.99254],[111.564,-7.99281],[111.56416,-7.99216],[111.56464,-7.99192],[111.56466,-7.9914],[111.56555,-7.99093],[111.56576,-7.98958],[111.56609,-7.98942],[111.566,-7.98857],[111.56627,-7.98791],[111.56596,-7.98752],[111.56601,-7.98724],[111.56624,-7.98683],[111.56673,-7.98674],[111.56665,-7.98722],[111.56766,-7.9886],[111.56716,-7.98923],[111.56742,-7.98983],[111.56673,-7.99055],[111.56642,-7.99265],[111.56691,-7.99366],[111.56691,-7.99388],[111.56732,-7.99417],[111.56741,-7.99469],[111.56794,-7.99444],[111.5687,-7.99441],[111.56919,-7.99384],[111.56987,-7.99388],[111.56994,-7.99418],[111.57091,-7.9942],[111.57155,-7.99446],[111.57303,-7.99389],[111.57373,-7.99381],[111.57252,-7.99507],[111.57234,-7.99541],[111.57263,-7.99568],[111.57333,-7.99597],[111.57326,-7.99613],[111.57343,-7.99695],[111.57304,-7.99729],[111.57308,-7.99739],[111.57415,-7.99845],[111.57475,-7.99854],[111.57468,-7.99894],[111.57436,-7.99876],[111.57364,-7.99914],[111.57337,-7.99942],[111.57358,-7.99954],[111.5735,-7.99984],[111.57317,-7.99989],[111.5731,-8.00015],[111.5734,-8.00144],[111.57444,-8.00196],[111.57435,-8.00221],[111.57323,-8.00288],[111.57164,-8.00215],[111.57076,-8.00249],[111.57011,-8.00228],[111.57005,-8.00252],[111.56964,-8.00273],[111.56882,-8.00262],[111.56856,-8.00239],[111.56797,-8.00253],[111.56716,-8.0022],[111.56672,-8.00215],[111.56595,-8.00414],[111.56588,-8.00458],[111.56566,-8.0048],[111.56601,-8.00508],[111.56655,-8.00596],[111.56672,-8.00657],[111.56711,-8.00691],[111.56732,-8.00695],[111.56691,-8.00752],[111.56637,-8.0078],[111.56536,-8.00869],[111.56405,-8.00905],[111.56261,-8.00898],[111.5623,-8.00879],[111.56191,-8.00831],[111.56165,-8.00864],[111.56127,-8.00867],[111.56081,-8.00826],[111.55982,-8.00792],[111.56008,-8.00851],[111.56002,-8.00942],[111.55988,-8.00956],[111.56013,-8.00966],[111.56014,-8.01014],[111.56049,-8.01011],[111.56062,-8.01038],[111.56014,-8.01082],[111.56144,-8.01159],[111.5623,-8.01182],[111.56223,-8.01257],[111.56328,-8.01243],[111.56397,-8.01272],[111.56446,-8.01342],[111.5645,-8.0137],[111.5638,-8.01499],[111.56426,-8.01514],[111.56486,-8.01493],[111.56592,-8.01563],[111.56589,-8.01506],[111.56619,-8.01497],[111.56615,-8.01432],[111.56663,-8.01345],[111.56749,-8.01343],[111.56859,-8.013],[111.56893,-8.01314],[111.56953,-8.01307],[111.56991,-8.01323],[111.57122,-8.01332],[111.57153,-8.01341],[111.57172,-8.01377],[111.57206,-8.01323],[111.57262,-8.01296],[111.57296,-8.0124],[111.57318,-8.01241],[111.57359,-8.01311],[111.57444,-8.01337],[111.57466,-8.01327],[111.57478,-8.0142],[111.57531,-8.01408],[111.57551,-8.01374],[111.5761,-8.01365],[111.57696,-8.01416],[111.57688,-8.01329],[111.57649,-8.01261],[111.5772,-8.01194],[111.57777,-8.01088],[111.57833,-8.01136],[111.57845,-8.0119],[111.57907,-8.01238],[111.57877,-8.01329],[111.57912,-8.01334],[111.57936,-8.01375],[111.57945,-8.01539],[111.5796,-8.01542],[111.57982,-8.01591],[111.58032,-8.01638],[111.58051,-8.01684],[111.58097,-8.01723],[111.58133,-8.01614],[111.58173,-8.01576],[111.58155,-8.0156],[111.58147,-8.01497],[111.58244,-8.01409],[111.58292,-8.0134],[111.58365,-8.0133],[111.58375,-8.01281],[111.58443,-8.01195],[111.58569,-8.01171],[111.5855,-8.01123],[111.58549,-8.01053],[111.58649,-8.0104],[111.58713,-8.01084],[111.58848,-8.0104],[111.58812,-8.00983],[111.58679,-8.00865],[111.58681,-8.00785],[111.58665,-8.00762],[111.58706,-8.00685],[111.58819,-8.00599],[111.5885,-8.00545],[111.58893,-8.00535],[111.58896,-8.00474],[111.59,-8.00447],[111.59035,-8.00381],[111.59063,-8.00381],[111.59082,-8.00288],[111.59114,-8.00236],[111.5911,-8.00204],[111.59066,-8.00179],[111.59148,-8.00195],[111.59227,-8.00063],[111.5926,-8.00072],[111.59286,-8.00057],[111.59327,-7.99991],[111.5941,-8.00007],[111.5949,-8.00004],[111.5951,-7.9996],[111.59502,-7.99922],[111.59512,-7.99809],[111.5956,-7.99798],[111.59543,-7.99764],[111.59568,-7.99676],[111.59477,-7.99578],[111.59493,-7.99561],[111.59537,-7.9956],[111.59493,-7.99479],[111.59465,-7.99464],[111.5949,-7.99328],[111.59561,-7.99291],[111.59576,-7.99253],[111.59548,-7.99242],[111.59442,-7.99263],[111.5934,-7.99318],[111.5929,-7.99323],[111.59279,-7.9928],[111.59309,-7.99233],[111.59282,-7.99147],[111.59303,-7.99131],[111.593,-7.99101],[111.59221,-7.99082],[111.59171,-7.99052],[111.59287,-7.99021],[111.59339,-7.98957],[111.59336,-7.98904],[111.59307,-7.98881],[111.59282,-7.98833],[111.59264,-7.98832],[111.59221,-7.98789],[111.59238,-7.98697],[111.59272,-7.98689],[111.59332,-7.98622],[111.59205,-7.98422],[111.59265,-7.98374],[111.594,-7.98305],[111.59449,-7.98297],[111.59469,-7.98312],[111.59473,-7.98273],[111.59456,-7.98226],[111.59486,-7.98152],[111.59458,-7.98122],[111.5946,-7.9808],[111.59603,-7.97995],[111.59668,-7.97971],[111.59685,-7.97873],[111.59774,-7.9786],[111.59817,-7.97875],[111.59823,-7.97849],[111.59886,-7.97794],[111.59895,-7.97732],[111.59936,-7.97716],[111.59937,-7.97647],[111.6002,-7.97651],[111.60039,-7.97636],[111.60038,-7.9759],[111.6011,-7.97585],[111.60146,-7.97562],[111.60139,-7.97532],[111.60096,-7.97487],[111.60045,-7.97459],[111.60034,-7.97426],[111.60005,-7.97398],[111.59992,-7.97423],[111.59961,-7.97442],[111.59849,-7.97464],[111.59812,-7.9746],[111.59785,-7.97417],[111.59779,-7.97367],[111.59766,-7.97358],[111.59834,-7.9733],[111.59782,-7.97263],[111.59715,-7.97251],[111.59682,-7.97219],[111.59613,-7.97228],[111.59388,-7.97152],[111.59353,-7.97168],[111.59357,-7.9712],[111.594,-7.97092],[111.59462,-7.97093],[111.59522,-7.97066],[111.5952,-7.97046],[111.59559,-7.97055],[111.59598,-7.97022],[111.59669,-7.97015],[111.59633,-7.96964],[111.59527,-7.96888],[111.59564,-7.96889],[111.59606,-7.96869],[111.5964,-7.96885],[111.59691,-7.96852],[111.5975,-7.96845],[111.59764,-7.96802],[111.59812,-7.96765],[111.59849,-7.96695],[111.59884,-7.96738],[111.59933,-7.96738],[111.59976,-7.96774],[111.60023,-7.96787],[111.6006,-7.96758],[111.60127,-7.96753],[111.6022,-7.96689],[111.6025,-7.96683],[111.60277,-7.96713],[111.6027,-7.968],[111.60289,-7.96865],[111.6033,-7.96895],[111.60331,-7.96874],[111.60372,-7.96839],[111.6039,-7.9673],[111.6041,-7.96686],[111.60506,-7.96652],[111.60531,-7.9663],[111.60524,-7.96612],[111.60578,-7.96637],[111.60593,-7.96613],[111.60565,-7.96547],[111.60612,-7.9652],[111.60615,-7.96481],[111.60649,-7.96461],[111.60609,-7.96465],[111.60585,-7.96446],[111.60533,-7.96435],[111.60503,-7.96373],[111.60516,-7.96315],[111.60442,-7.96357],[111.60395,-7.96423],[111.60342,-7.96412],[111.60244,-7.96448],[111.60223,-7.96423],[111.60273,-7.96349],[111.6026,-7.96335],[111.60323,-7.96243],[111.60247,-7.96252],[111.60216,-7.96213],[111.60167,-7.9621],[111.60156,-7.96246],[111.60058,-7.96267],[111.6001,-7.96307],[111.59954,-7.96317],[111.59952,-7.96379],[111.59894,-7.96412],[111.59867,-7.96391],[111.59829,-7.96393],[111.59793,-7.96433],[111.59694,-7.96406],[111.59633,-7.96432],[111.59615,-7.96463],[111.59579,-7.96485],[111.59542,-7.96467],[111.59562,-7.96419],[111.59672,-7.9633],[111.59666,-7.96264],[111.59691,-7.96218],[111.59637,-7.96127],[111.59644,-7.9609],[111.59625,-7.96046],[111.59607,-7.95888],[111.59581,-7.95862],[111.59698,-7.95878],[111.59705,-7.95889],[111.59706,-7.95874],[111.59755,-7.9583],[111.59819,-7.95832],[111.59809,-7.95798],[111.59819,-7.95776],[111.59787,-7.95781],[111.59767,-7.95749],[111.59695,-7.95708],[111.59713,-7.95701],[111.59705,-7.95648],[111.59727,-7.95647],[111.59772,-7.95675],[111.59832,-7.95734],[111.59836,-7.95764],[111.59849,-7.95754],[111.59881,-7.95766],[111.59919,-7.9571],[111.59911,-7.95684],[111.59935,-7.95634],[111.59984,-7.95623],[111.59996,-7.9558],[111.60013,-7.95574],[111.59993,-7.95533],[111.60054,-7.95432],[111.60051,-7.95396],[111.59986,-7.95378],[111.59954,-7.95355],[111.59948,-7.95331],[111.59896,-7.95371],[111.59853,-7.95368],[111.59833,-7.95396],[111.5983,-7.95361],[111.5981,-7.95333],[111.59812,-7.95303],[111.59783,-7.95269],[111.59714,-7.95319],[111.5967,-7.95324],[111.59682,-7.95192],[111.59631,-7.95144],[111.59615,-7.9509],[111.59595,-7.95078],[111.59598,-7.94972],[111.59641,-7.94892],[111.59531,-7.9473],[111.59493,-7.94648],[111.59442,-7.94601],[111.59448,-7.94554],[111.59505,-7.94501],[111.5948,-7.94381],[111.5942,-7.94278],[111.59451,-7.9426],[111.59516,-7.94105],[111.59595,-7.94066],[111.59547,-7.93973],[111.59538,-7.93906],[111.59547,-7.93852],[111.59603,-7.93802],[111.59697,-7.93847],[111.59728,-7.93825],[111.59789,-7.93826],[111.59802,-7.93804],[111.59824,-7.93834],[111.59891,-7.93867],[111.59931,-7.93848],[111.59941,-7.93939],[111.59975,-7.93932],[111.59993,-7.93947],[111.60061,-7.93951],[111.60065,-7.93999],[111.60087,-7.94007],[111.60102,-7.94035],[111.60133,-7.94023],[111.60155,-7.94051],[111.60209,-7.94017],[111.60234,-7.94015],[111.60272,-7.94037],[111.60282,-7.94064],[111.60305,-7.94063],[111.60366,-7.9413],[111.60371,-7.9415],[111.60443,-7.9415],[111.60536,-7.94132],[111.60594,-7.94072],[111.60695,-7.9405],[111.60728,-7.94013],[111.6079,-7.93979],[111.6078,-7.94087],[111.60719,-7.94184],[111.60776,-7.94197],[111.60786,-7.94266],[111.60872,-7.94328],[111.60892,-7.94357],[111.60947,-7.94361],[111.6097,-7.94383],[111.60955,-7.94449],[111.60973,-7.94485],[111.61006,-7.94511],[111.61003,-7.94548],[111.61063,-7.94587],[111.61096,-7.94587],[111.61091,-7.94677],[111.61118,-7.9472],[111.61167,-7.94704],[111.61138,-7.9479],[111.61145,-7.94808],[111.61202,-7.94809],[111.6131,-7.94706],[111.6133,-7.94701],[111.61361,-7.94618],[111.61354,-7.94529],[111.61382,-7.94464],[111.6141,-7.94456],[111.61406,-7.94438],[111.61447,-7.94395],[111.61494,-7.94448],[111.61513,-7.94546],[111.61587,-7.9455],[111.61645,-7.94616],[111.61628,-7.94632],[111.61607,-7.94713],[111.61573,-7.94761],[111.61628,-7.94722],[111.61745,-7.94668],[111.61763,-7.94753],[111.61741,-7.94779],[111.61755,-7.94812],[111.61737,-7.94823],[111.61718,-7.94888],[111.61812,-7.94841],[111.61958,-7.94892],[111.62109,-7.94828],[111.621,-7.94808],[111.62135,-7.94833],[111.62141,-7.94904],[111.62125,-7.9498],[111.62136,-7.95011],[111.6217,-7.95043],[111.62148,-7.9513],[111.62199,-7.95143],[111.6224,-7.95206],[111.62256,-7.95179],[111.62328,-7.95127],[111.62397,-7.9514],[111.62398,-7.95193],[111.62444,-7.95182],[111.6251,-7.95198],[111.62555,-7.95193],[111.62597,-7.95216],[111.62586,-7.95282],[111.62606,-7.95268]],[[111.65368,-7.98585],[111.65348,-7.98593],[111.65319,-7.98584],[111.65348,-7.9863],[111.65326,-7.98674],[111.65382,-7.98692],[111.65398,-7.98716],[111.65427,-7.98777],[111.65433,-7.98855],[111.65499,-7.98879],[111.65568,-7.98925],[111.65609,-7.98934],[111.65664,-7.98994],[111.65631,-7.98985],[111.65585,-7.98999],[111.65443,-7.99115],[111.65558,-7.99081]],[[111.61138,-8.01196],[111.61151,-8.01138],[111.61217,-8.01098],[111.61259,-8.01013],[111.61151,-8.00867],[111.61205,-8.00788],[111.61253,-8.00811],[111.61318,-8.00781],[111.61357,-8.00778],[111.61321,-8.00716],[111.61275,-8.00678],[111.61276,-8.00659],[111.61376,-8.0058],[111.61394,-8.0054],[111.61351,-8.0056],[111.61307,-8.00532],[111.61295,-8.00554],[111.61252,-8.00574],[111.6117,-8.00482],[111.61148,-8.00492],[111.61128,-8.00441],[111.61166,-8.00428],[111.61163,-8.00313],[111.6109,-8.00299],[111.61014,-8.00244],[111.61065,-8.00223],[111.61103,-8.00171],[111.61101,-8.00139],[111.61172,-8.00136],[111.61172,-8.0019],[111.61244,-8.00154],[111.61279,-8.00159],[111.61313,-8.00146],[111.61245,-8.0013],[111.61227,-8.00077],[111.61135,-8.00068],[111.61101,-8.0004],[111.61019,-8.00016],[111.61029,-7.99973],[111.60997,-7.99908],[111.60978,-7.99891],[111.60923,-7.99876],[111.60936,-7.99983],[111.60889,-8.00082],[111.60865,-8.00087],[111.60875,-8.00109],[111.60867,-8.00158],[111.60821,-8.00291],[111.60823,-8.00346],[111.60795,-8.00509],[111.60772,-8.00566],[111.60712,-8.00602],[111.60637,-8.00608],[111.60679,-8.00688],[111.6068,-8.00732],[111.60643,-8.00793],[111.6066,-8.00833],[111.60633,-8.00882],[111.6053,-8.00892],[111.60456,-8.00935],[111.6047,-8.00944],[111.60517,-8.01052],[111.6054,-8.01074],[111.60489,-8.01083],[111.60438,-8.01121],[111.60442,-8.01136],[111.6043,-8.01146],[111.60444,-8.01178],[111.60443,-8.0125],[111.60395,-8.01336],[111.60422,-8.01348],[111.60438,-8.01394],[111.6036,-8.01517],[111.60359,-8.01573],[111.60389,-8.01624],[111.60352,-8.01647],[111.60289,-8.01718],[111.60344,-8.01788],[111.60285,-8.01812],[111.60177,-8.01827]],[[111.65441,-8.00085],[111.6541,-8.00135],[111.6541,-8.0016],[111.65351,-8.00146],[111.65315,-8.00239],[111.6526,-8.00271],[111.65259,-8.00369],[111.65245,-8.00404],[111.65201,-8.00344],[111.65133,-8.00337],[111.65078,-8.00299],[111.65061,-8.00379],[111.65042,-8.00388],[111.6506,-8.00402],[111.65086,-8.00461],[111.65091,-8.00548],[111.65025,-8.00586],[111.65054,-8.00673],[111.65009,-8.0072],[111.65064,-8.00764],[111.65138,-8.00778],[111.65165,-8.00814],[111.65067,-8.00855],[111.65087,-8.00914],[111.65078,-8.00944],[111.65095,-8.00986],[111.6509,-8.01009],[111.65064,-8.01005],[111.64973,-8.01027],[111.64943,-8.01021],[111.64921,-8.01124],[111.6489,-8.01187],[111.64924,-8.01217],[111.64943,-8.01269],[111.64947,-8.01388],[111.64963,-8.01402],[111.64951,-8.01429],[111.64883,-8.01385],[111.64837,-8.01333],[111.648,-8.01355],[111.64765,-8.01326],[111.64715,-8.01329]],[[111.62964,-8.00819],[111.62963,-8.00751],[111.62988,-8.00729],[111.63061,-8.00717],[111.63085,-8.00699],[111.6312,-8.00646],[111.63136,-8.00592],[111.63141,-8.00561],[111.63064,-8.00589],[111.63064,-8.00448],[111.62957,-8.00581],[111.62906,-8.00583],[111.62881,-8.00601],[111.62856,-8.00531],[111.62795,-8.00617],[111.62736,-8.00658],[111.62672,-8.00589],[111.6261,-8.00728],[111.62569,-8.00736],[111.6252,-8.00717],[111.62509,-8.00693],[111.62504,-8.00645],[111.62532,-8.00551],[111.62498,-8.00571],[111.62415,-8.00564],[111.62394,-8.00468],[111.62361,-8.00419],[111.62336,-8.00409],[111.62301,-8.00351],[111.62247,-8.00417],[111.62197,-8.00444],[111.62202,-8.00624],[111.62178,-8.00702]],[[111.64339,-8.00512],[111.64278,-8.00504],[111.64205,-8.00517],[111.64226,-8.00421],[111.6415,-8.0046],[111.64116,-8.00452],[111.6412,-8.00477],[111.64103,-8.00505]],[[111.57809,-8.03504],[111.57728,-8.03511],[111.57641,-8.03474],[111.57604,-8.03401],[111.57614,-8.0339],[111.57522,-8.03317],[111.57523,-8.03291],[111.57552,-8.03274],[111.57577,-8.03231],[111.5759,-8.03168],[111.5753,-8.03203],[111.57445,-8.03224],[111.57413,-8.03214],[111.574,-8.03179],[111.57426,-8.03134],[111.57459,-8.03127],[111.5745,-8.03036],[111.57491,-8.02972],[111.5753,-8.02945],[111.57553,-8.02893],[111.57543,-8.02762],[111.57472,-8.02876],[111.57353,-8.02972],[111.57261,-8.03004],[111.57171,-8.02978],[111.57154,-8.02947],[111.57101,-8.02924],[111.57145,-8.02995],[111.5713,-8.03085],[111.57141,-8.03173],[111.57125,-8.03218],[111.57083,-8.03272],[111.57077,-8.03226],[111.57038,-8.03154],[111.56989,-8.03157],[111.56945,-8.03136],[111.56937,-8.03159],[111.56858,-8.03209],[111.56837,-8.03265],[111.56817,-8.0328],[111.56763,-8.03287],[111.56681,-8.03318],[111.56597,-8.03293],[111.56535,-8.03285],[111.5652,-8.03293],[111.56637,-8.03353],[111.56725,-8.03331],[111.56777,-8.03336],[111.56819,-8.03348],[111.56831,-8.03372],[111.56924,-8.03346],[111.56963,-8.0335],[111.56951,-8.03399],[111.57006,-8.03494],[111.57083,-8.03563],[111.57188,-8.03628],[111.57206,-8.0366],[111.57234,-8.0376],[111.57278,-8.03804],[111.57287,-8.03851],[111.5725,-8.03937],[111.57263,-8.03946],[111.57261,-8.04033],[111.57237,-8.04084],[111.5723,-8.04178],[111.57247,-8.04485],[111.57237,-8.04665],[111.57213,-8.047],[111.57084,-8.04735],[111.57015,-8.04728],[111.56992,-8.04761],[111.56908,-8.04766],[111.5682,-8.0481],[111.56776,-8.04776],[111.56767,-8.04729],[111.56753,-8.04718],[111.56723,-8.04762],[111.56678,-8.04731],[111.5667,-8.04783],[111.5662,-8.04768],[111.56608,-8.04746],[111.5652,-8.04749],[111.56418,-8.04781],[111.56399,-8.04865],[111.56361,-8.04939],[111.56326,-8.04932],[111.56276,-8.04947],[111.56243,-8.04926],[111.56228,-8.0493]]]}},{"type":"Feature","properties":{"NAMOBJ":"437.5","REMARK":"Garis Kontur","JNSKNT":2,"VALKNT":437.5},"geometry":{"type":"LineString","coordinates":[[111.65545,-7.99923],[111.65527,-7.99907],[111.65516,-7.99857],[111.65379,-7.99869],[111.65426,-7.99953],[111.65507,-7.99978]]}},{"type":"Feature","properties":{"NAMOBJ":"550","REMARK":"Garis Kontur","JNSKNT":1,"VALKNT":550},"geometry":{"type":"LineString","coordinates":[[111.64523,-7.9919],[111.64514,-7.99177],[111.64474,-7.99192],[111.64513,-7.99196],[111.64523,-7.9919]]}},{"type":"Feature","properties":{"NAMOBJ":"400","REMARK":"Garis Kontur","JNSKNT":1,"VALKNT":400},"geometry":{"type":"MultiLineString","coordinates":[[[111.62646,-7.95585],[111.6265,-7.95605],[111.62635,-7.95611],[111.62586,-7.95543],[111.62533,-7.95503],[111.62491,-7.95438],[111.62424,-7.95432],[111.62412,-7.9539],[111.62329,-7.95384],[111.62268,-7.95415],[111.62218,-7.95409],[111.62198,-7.95427],[111.62184,-7.95407],[111.62149,-7.95394],[111.62118,-7.95347],[111.62096,-7.95268],[111.62036,-7.95271],[111.62058,-7.95192],[111.6203,-7.9515],[111.62044,-7.95091],[111.61973,-7.94988],[111.61962,-7.94994],[111.61923,-7.94973],[111.61769,-7.94983],[111.61689,-7.95012],[111.61546,-7.95012],[111.61512,-7.95045],[111.61433,-7.95039],[111.61378,-7.94996],[111.61333,-7.94983],[111.61291,-7.94906],[111.61316,-7.94851],[111.61252,-7.94865],[111.61223,-7.94894],[111.61161,-7.94903],[111.61077,-7.94949],[111.60994,-7.94961],[111.61,-7.94938],[111.61048,-7.94884],[111.61033,-7.9484],[111.60941,-7.94799],[111.60986,-7.94759],[111.60946,-7.94713],[111.6099,-7.94657],[111.60925,-7.94627],[111.60894,-7.94577],[111.60859,-7.94565],[111.6085,-7.94452],[111.60785,-7.94461],[111.60723,-7.94414],[111.60689,-7.94404],[111.60668,-7.94375],[111.60669,-7.94335],[111.6058,-7.94353],[111.60548,-7.94298],[111.60535,-7.94236],[111.60416,-7.94289],[111.60333,-7.94249],[111.60298,-7.94255],[111.60289,-7.94233],[111.60208,-7.94217],[111.60167,-7.94186],[111.6011,-7.94187],[111.60082,-7.94205],[111.60011,-7.9405],[111.59849,-7.94035],[111.59844,-7.93951],[111.59788,-7.93913],[111.59778,-7.93886],[111.59705,-7.93942],[111.59654,-7.93934],[111.59684,-7.941],[111.59628,-7.94164],[111.59599,-7.94176],[111.59598,-7.9421],[111.5956,-7.94308],[111.59595,-7.94344],[111.59626,-7.94439],[111.59594,-7.94515],[111.59521,-7.94591],[111.59578,-7.94642],[111.59569,-7.94714],[111.59613,-7.94773],[111.59664,-7.94794],[111.59653,-7.948],[111.59686,-7.94845],[111.59691,-7.94887],[111.59725,-7.94904],[111.59672,-7.94995],[111.59676,-7.95071],[111.59646,-7.95083],[111.59661,-7.9511],[111.59724,-7.95162],[111.59736,-7.95239],[111.59796,-7.95209],[111.59888,-7.95298],[111.59938,-7.9526],[111.59971,-7.95264],[111.59992,-7.95237],[111.60032,-7.95312],[111.60069,-7.95322],[111.60102,-7.95311],[111.60123,-7.95351],[111.6017,-7.95365],[111.60196,-7.95399],[111.60194,-7.95442],[111.60209,-7.95457],[111.60143,-7.95526],[111.6015,-7.95564],[111.60183,-7.95596],[111.60165,-7.95618],[111.60145,-7.95617],[111.60163,-7.95659],[111.6012,-7.95654],[111.6011,-7.95696],[111.60054,-7.95664],[111.59992,-7.95704],[111.59987,-7.95798],[111.59927,-7.95836],[111.59926,-7.95892],[111.59885,-7.95935],[111.59799,-7.95958],[111.59742,-7.95942],[111.59715,-7.95961],[111.59726,-7.95984],[111.59716,-7.95989],[111.59779,-7.96084],[111.59782,-7.96143],[111.59799,-7.96154],[111.59825,-7.96229],[111.59803,-7.96263],[111.5975,-7.96298],[111.59727,-7.96344],[111.59754,-7.96364],[111.59806,-7.96323],[111.59875,-7.96339],[111.59884,-7.96267],[111.59969,-7.96243],[111.60022,-7.96205],[111.60023,-7.96155],[111.6005,-7.96086],[111.60099,-7.95997],[111.60145,-7.95957],[111.60169,-7.96024],[111.60162,-7.96067],[111.60186,-7.96091],[111.60232,-7.96093],[111.60335,-7.96129],[111.60361,-7.96116],[111.60418,-7.96052],[111.60442,-7.96078],[111.60458,-7.96156],[111.604,-7.96267],[111.60531,-7.96203],[111.60673,-7.96165],[111.60704,-7.96141],[111.60708,-7.96122],[111.60748,-7.96155],[111.60796,-7.96258],[111.60711,-7.96281],[111.60698,-7.96399],[111.60703,-7.96416],[111.60764,-7.9646],[111.60781,-7.96508],[111.60803,-7.96513],[111.60766,-7.96568],[111.60738,-7.96586],[111.60759,-7.96636],[111.60787,-7.96663],[111.60699,-7.96691],[111.60697,-7.96751],[111.60568,-7.96735],[111.60455,-7.96802],[111.60421,-7.96792],[111.60416,-7.96832],[111.60426,-7.96875],[111.60447,-7.96887],[111.60537,-7.96911],[111.60602,-7.96896],[111.60627,-7.96965],[111.60663,-7.97019],[111.60722,-7.97059],[111.60773,-7.97081],[111.60826,-7.97056],[111.60765,-7.97104],[111.60724,-7.97109],[111.60686,-7.97093],[111.60676,-7.97102],[111.60612,-7.97066],[111.60594,-7.97017],[111.60561,-7.96997],[111.60504,-7.97012],[111.6043,-7.97009],[111.60399,-7.97029],[111.60291,-7.97053],[111.60264,-7.97011],[111.60266,-7.96974],[111.60197,-7.96988],[111.60211,-7.96936],[111.60199,-7.96881],[111.60203,-7.96788],[111.60161,-7.968],[111.60094,-7.96869],[111.60032,-7.96909],[111.59909,-7.96818],[111.59878,-7.96819],[111.59852,-7.96802],[111.59826,-7.96833],[111.59815,-7.96909],[111.59715,-7.96931],[111.59747,-7.96958],[111.59776,-7.9707],[111.59698,-7.97098],[111.59638,-7.97096],[111.59606,-7.97118],[111.59535,-7.97118],[111.59632,-7.97157],[111.59759,-7.97179],[111.59822,-7.97213],[111.59896,-7.97335],[111.59893,-7.97365],[111.5994,-7.97371],[111.59971,-7.97354],[111.59984,-7.97339],[111.59981,-7.97306],[111.59999,-7.97288],[111.60058,-7.97383],[111.60111,-7.97385],[111.60203,-7.97414],[111.60336,-7.97473],[111.60431,-7.9748],[111.60411,-7.97506],[111.60403,-7.97549],[111.60432,-7.97608],[111.60361,-7.9761],[111.60339,-7.9764],[111.60357,-7.97666],[111.60435,-7.97698],[111.60412,-7.97723],[111.60456,-7.97838],[111.60391,-7.97826],[111.60306,-7.97875],[111.60327,-7.97763],[111.60262,-7.9775],[111.60217,-7.97722],[111.60162,-7.97765],[111.60092,-7.97771],[111.6007,-7.97786],[111.60059,-7.97749],[111.60027,-7.97732],[111.60018,-7.97713],[111.60004,-7.9772],[111.59977,-7.97781],[111.5991,-7.97819],[111.59903,-7.97875],[111.59874,-7.97941],[111.59799,-7.97938],[111.59785,-7.97948],[111.59699,-7.98132],[111.59624,-7.98148],[111.5958,-7.98177],[111.59553,-7.98254],[111.59536,-7.98402],[111.59445,-7.98382],[111.59409,-7.98407],[111.59367,-7.98479],[111.59367,-7.98539],[111.59403,-7.98618],[111.59412,-7.98666],[111.59366,-7.98724],[111.59353,-7.98781],[111.59414,-7.98821],[111.59468,-7.98839],[111.59433,-7.98906],[111.59446,-7.98975],[111.59384,-7.99053],[111.59387,-7.99078],[111.5942,-7.99098],[111.59425,-7.99116],[111.59505,-7.99102],[111.59559,-7.9906],[111.59625,-7.99135],[111.59655,-7.99144],[111.5971,-7.99136],[111.59736,-7.99103],[111.59795,-7.9908],[111.59852,-7.99089],[111.5986,-7.99169],[111.59811,-7.99216],[111.59808,-7.99351],[111.59713,-7.99339],[111.59645,-7.9936],[111.59611,-7.99509],[111.59646,-7.99554],[111.59686,-7.99573],[111.59674,-7.99583],[111.59674,-7.99651],[111.5963,-7.99656],[111.59672,-7.99842],[111.59608,-8.0]],[[111.62631,-7.95541],[111.62642,-7.95572]]]}},{"type":"Feature","properties":{"NAMOBJ":"587.5","REMARK":"Garis Kontur","JNSKNT":2,"VALKNT":587.5},"geometry":{"type":"LineString","coordinates":[[111.55069,-8.04404],[111.55,-8.04322],[111.54959,-8.04112],[111.54923,-8.0403],[111.54879,-8.03971],[111.54976,-8.0399],[111.5503,-8.04033],[111.55073,-8.04049],[111.55135,-8.04029],[111.55134,-8.04055],[111.55185,-8.04112],[111.55288,-8.04144],[111.55331,-8.04212],[111.55335,-8.04265],[111.55378,-8.04341],[111.55395,-8.04335],[111.55473,-8.04396],[111.55549,-8.0443],[111.55597,-8.045],[111.55628,-8.04525],[111.55655,-8.04502],[111.5569,-8.04506],[111.55744,-8.04522],[111.5576,-8.04549],[111.5582,-8.04537],[111.55875,-8.04507],[111.55822,-8.04458],[111.55797,-8.04403],[111.55728,-8.0438],[111.55644,-8.04316],[111.55648,-8.04277],[111.55722,-8.04236],[111.55734,-8.04211],[111.55616,-8.03952],[111.55622,-8.03933],[111.55694,-8.03899],[111.55723,-8.03863],[111.55631,-8.03834],[111.55586,-8.03791],[111.55461,-8.03818],[111.55436,-8.03834],[111.55386,-8.03756],[111.55358,-8.03763],[111.55154,-8.03674],[111.55118,-8.03629],[111.55109,-8.03547],[111.55071,-8.03529],[111.55045,-8.03545],[111.55019,-8.03586],[111.54995,-8.03657],[111.54921,-8.03577],[111.54922,-8.03527],[111.54903,-8.03555],[111.54849,-8.03523],[111.54814,-8.03522],[111.54783,-8.03446],[111.54759,-8.03422],[111.54664,-8.03424],[111.54746,-8.03313],[111.54743,-8.0322],[111.54723,-8.03208],[111.54772,-8.03129],[111.54771,-8.03054],[111.54811,-8.02922],[111.54922,-8.02879],[111.54981,-8.02876],[111.55069,-8.02933],[111.54955,-8.0279],[111.54949,-8.02731],[111.54984,-8.02657],[111.54937,-8.02645],[111.5489,-8.02659],[111.54813,-8.02653],[111.54746,-8.02679],[111.54652,-8.02645],[111.54602,-8.02645],[111.54697,-8.02553],[111.54744,-8.02529],[111.54727,-8.02438],[111.54819,-8.02441],[111.54871,-8.0239],[111.54894,-8.02392],[111.54908,-8.0236],[111.54903,-8.02275],[111.54912,-8.02229],[111.54894,-8.02196],[111.54871,-8.02177],[111.54725,-8.02162],[111.54729,-8.02146],[111.54908,-8.02067],[111.54967,-8.02081],[111.54993,-8.02117],[111.55046,-8.02087],[111.55084,-8.02111],[111.55173,-8.02121],[111.55203,-8.02138],[111.55241,-8.02124],[111.55266,-8.02092],[111.55324,-8.02169],[111.55373,-8.01984],[111.55446,-8.02002],[111.55457,-8.01979],[111.55454,-8.01862],[111.5544,-8.01834],[111.55543,-8.01781],[111.5561,-8.01718],[111.55626,-8.01686],[111.55682,-8.01764],[111.55721,-8.01861],[111.55756,-8.01879],[111.55783,-8.0192],[111.55812,-8.01869],[111.56035,-8.02031],[111.56123,-8.0207],[111.56157,-8.02127],[111.5613,-8.02177],[111.56191,-8.02215],[111.56219,-8.02273],[111.56273,-8.02239],[111.56282,-8.0222],[111.56351,-8.02306],[111.56391,-8.02231],[111.56432,-8.02199],[111.5658,-8.02213],[111.56591,-8.02205],[111.56528,-8.02153],[111.56523,-8.02135],[111.56459,-8.02155],[111.56406,-8.02146],[111.56386,-8.02109],[111.56399,-8.02058],[111.56333,-8.02026],[111.56359,-8.01958],[111.56353,-8.01903],[111.56408,-8.01861],[111.5634,-8.01894],[111.56286,-8.01887],[111.56285,-8.01948],[111.56271,-8.01981],[111.56197,-8.02031],[111.56065,-8.01968],[111.56001,-8.01918],[111.55948,-8.01907],[111.55872,-8.01833],[111.55828,-8.01823],[111.55801,-8.01775],[111.55823,-8.01702],[111.55891,-8.01662],[111.5586,-8.01608],[111.55899,-8.01563],[111.55884,-8.01522],[111.5587,-8.015],[111.55822,-8.01507],[111.55745,-8.01581],[111.5569,-8.01539],[111.55621,-8.01508],[111.55587,-8.01407],[111.55598,-8.01394],[111.55556,-8.01356],[111.55538,-8.01316],[111.55628,-8.0124],[111.5564,-8.01178],[111.55629,-8.01117],[111.55576,-8.01061],[111.55587,-8.00958],[111.55575,-8.00907],[111.55548,-8.00907],[111.55535,-8.00921],[111.55464,-8.00942],[111.55419,-8.00902],[111.55386,-8.0091],[111.55387,-8.00965],[111.55369,-8.00993],[111.55324,-8.01003],[111.55279,-8.01093],[111.55249,-8.01128],[111.55234,-8.01187],[111.55265,-8.01231],[111.55175,-8.01285],[111.55184,-8.01325],[111.55128,-8.01435],[111.55099,-8.01313],[111.55107,-8.01291],[111.55092,-8.01292],[111.55079,-8.01259],[111.55031,-8.01203],[111.55084,-8.01179],[111.55072,-8.01069],[111.55078,-8.01001],[111.54953,-8.01005],[111.54901,-8.01065],[111.5481,-8.01093],[111.54783,-8.01121],[111.54746,-8.0121],[111.54751,-8.01262],[111.54739,-8.01292],[111.54682,-8.0129],[111.54621,-8.01322],[111.54624,-8.01413],[111.54637,-8.01447],[111.54537,-8.01594],[111.54473,-8.01648],[111.54384,-8.01622],[111.54341,-8.01679],[111.54188,-8.01698],[111.54175,-8.01775],[111.54152,-8.01802],[111.54094,-8.01764],[111.54009,-8.01764],[111.53971,-8.01963],[111.53826,-8.01996],[111.53757,-8.02039]]}},{"type":"Feature","properties":{"NAMOBJ":"500","REMARK":"Garis Kontur","JNSKNT":1,"VALKNT":500},"geometry":{"type":"MultiLineString","coordinates":[[[111.58203,-8.02763],[111.58177,-8.02761],[111.58177,-8.02743],[111.58157,-8.0274],[111.58088,-8.02675],[111.58036,-8.02595],[111.58032,-8.02539],[111.58052,-8.0248],[111.58082,-8.02452],[111.58118,-8.02439],[111.58139,-8.02434],[111.58176,-8.02454],[111.58238,-8.02411],[111.58262,-8.02424],[111.58294,-8.02414],[111.58347,-8.02352],[111.58425,-8.02339],[111.58452,-8.02216],[111.58447,-8.02131],[111.58524,-8.02147],[111.58578,-8.02143],[111.58593,-8.02054],[111.58624,-8.01995],[111.5862,-8.0195],[111.58692,-8.01886],[111.5862,-8.0186],[111.58594,-8.01802],[111.58644,-8.01765],[111.58665,-8.0171],[111.58722,-8.0168],[111.58747,-8.01588],[111.58794,-8.0153],[111.58791,-8.01517],[111.58713,-8.01478],[111.58716,-8.01413],[111.58763,-8.01428],[111.58783,-8.01422],[111.58866,-8.01317],[111.58879,-8.01277],[111.58984,-8.01268],[111.59005,-8.0128],[111.59046,-8.0123],[111.59077,-8.01139],[111.59139,-8.01084],[111.59106,-8.01045],[111.59117,-8.00998],[111.59106,-8.00961],[111.59121,-8.0096],[111.59127,-8.00864],[111.59166,-8.00805],[111.5918,-8.00793],[111.59256,-8.00809],[111.59293,-8.00785],[111.5931,-8.00796],[111.59349,-8.00772],[111.59373,-8.00706],[111.59412,-8.00705],[111.59435,-8.00718],[111.59461,-8.00683],[111.5947,-8.00561],[111.59456,-8.00529],[111.59497,-8.00469],[111.59378,-8.00373],[111.59639,-8.00306],[111.59707,-8.00327],[111.5976,-8.00256],[111.59815,-8.00273],[111.59797,-8.00161],[111.59747,-8.0008],[111.59756,-8.0],[111.59811,-7.99929],[111.59874,-7.9995],[111.59897,-7.99943],[111.59915,-7.99922],[111.59867,-7.99869],[111.59868,-7.99816],[111.5996,-7.99787],[111.59946,-7.99766],[111.59935,-7.99669],[111.59877,-7.99635],[111.59831,-7.99585],[111.59939,-7.99606],[111.59991,-7.99579],[111.60059,-7.99575],[111.60079,-7.99507],[111.60024,-7.99388],[111.60189,-7.99399],[111.60166,-7.99307],[111.60135,-7.99259],[111.60139,-7.99206],[111.60206,-7.99228],[111.60272,-7.99218],[111.60226,-7.9917],[111.60214,-7.99125],[111.60214,-7.99107],[111.60243,-7.99085],[111.60248,-7.99063],[111.60205,-7.98999],[111.60218,-7.98944],[111.60188,-7.98914],[111.60195,-7.98897],[111.60173,-7.98895],[111.60067,-7.98815],[111.59979,-7.98777],[111.59915,-7.98783],[111.59923,-7.98849],[111.59783,-7.98874],[111.59713,-7.98853],[111.59644,-7.98891],[111.59621,-7.98891],[111.59635,-7.98858],[111.59629,-7.98809],[111.59682,-7.98761],[111.59702,-7.98704],[111.59658,-7.98662],[111.5972,-7.98588],[111.59769,-7.98447],[111.5984,-7.98422],[111.59821,-7.9837],[111.59818,-7.98301],[111.599,-7.98197],[111.59867,-7.98397],[111.59935,-7.98557],[111.59935,-7.98601],[111.59983,-7.98644],[111.60084,-7.9869],[111.60106,-7.9875],[111.60199,-7.98805],[111.60253,-7.98878],[111.60324,-7.98862],[111.6036,-7.98871],[111.60419,-7.98839],[111.60491,-7.98882],[111.6045,-7.98923],[111.60368,-7.98937],[111.60349,-7.98956],[111.60344,-7.99051],[111.60432,-7.99235],[111.60511,-7.99338],[111.60537,-7.994],[111.6052,-7.99459],[111.60424,-7.99446],[111.60432,-7.99528],[111.6041,-7.99568],[111.60468,-7.99581],[111.60494,-7.99607],[111.60516,-7.99698],[111.60555,-7.99761],[111.60549,-7.99782],[111.60434,-7.99827],[111.60457,-7.99862],[111.6041,-7.99929],[111.60404,-7.99975],[111.60385,-8.0]],[[111.60385,-8.0],[111.60347,-8.00037],[111.60343,-8.00072],[111.60384,-8.00183],[111.60343,-8.00246],[111.60328,-8.00327],[111.60259,-8.0036],[111.60218,-8.00353],[111.60205,-8.00382],[111.60239,-8.00422],[111.6021,-8.00519],[111.60207,-8.00594],[111.60162,-8.00682],[111.60066,-8.00751],[111.60025,-8.0085],[111.59992,-8.00894],[111.59965,-8.00909],[111.59972,-8.00936],[111.59941,-8.01133],[111.59883,-8.01226],[111.5984,-8.01333],[111.59838,-8.01384],[111.59883,-8.01473],[111.59898,-8.01587],[111.59815,-8.01671],[111.59765,-8.01753],[111.59712,-8.01788],[111.5968,-8.01769],[111.59621,-8.01685],[111.5956,-8.01791]]]}},{"type":"Feature","properties":{"NAMOBJ":"437.5","REMARK":"Garis Kontur","JNSKNT":2,"VALKNT":437.5},"geometry":{"type":"LineString","coordinates":[[111.5566,-7.98503],[111.55641,-7.98265],[111.55581,-7.98158],[111.55569,-7.98054],[111.55535,-7.97978],[111.55488,-7.98061],[111.5548,-7.98099],[111.55484,-7.98251],[111.55388,-7.98337],[111.55271,-7.98417],[111.55336,-7.98469],[111.55344,-7.9857],[111.55366,-7.98566],[111.55444,-7.98506],[111.55515,-7.98608],[111.5558,-7.98648],[111.55611,-7.98642],[111.5566,-7.98503]]}},{"type":"Feature","properties":{"NAMOBJ":"625","REMARK":"Garis Kontur","JNSKNT":2,"VALKNT":625},"geometry":{"type":"LineString","coordinates":[[111.65216,-7.9637],[111.65149,-7.96306],[111.65146,-7.96333],[111.65087,-7.96366],[111.65063,-7.96316],[111.65045,-7.96313],[111.64968,-7.96334],[111.64951,-7.96361],[111.64887,-7.96401],[111.64866,-7.96427],[111.64887,-7.96448],[111.64848,-7.96444],[111.64787,-7.96474],[111.64818,-7.96412],[111.64811,-7.96339],[111.6483,-7.96248],[111.64813,-7.96247],[111.64803,-7.96275],[111.64722,-7.96316],[111.64704,-7.96292],[111.647,-7.96212],[111.64668,-7.96209],[111.64556,-7.96285],[111.64512,-7.96282],[111.6446,-7.96311],[111.64449,-7.96237],[111.64406,-7.96209],[111.64396,-7.96308],[111.64277,-7.963],[111.64296,-7.96417],[111.64283,-7.96428],[111.64234,-7.96414],[111.64241,-7.96456],[111.6415,-7.96454],[111.64075,-7.96473],[111.64051,-7.96392],[111.64052,-7.9634],[111.63954,-7.96393],[111.63934,-7.96389],[111.63882,-7.96339],[111.63856,-7.96349],[111.63848,-7.96358],[111.63871,-7.96376],[111.63878,-7.96425],[111.63791,-7.96472],[111.63685,-7.96462],[111.63671,-7.96446],[111.63656,-7.9647],[111.63588,-7.96509],[111.63571,-7.9657],[111.63555,-7.96567],[111.63546,-7.96597],[111.63608,-7.96601],[111.63685,-7.96627],[111.63687,-7.96715],[111.63745,-7.96756],[111.63779,-7.96801],[111.6387,-7.96811],[111.63856,-7.96878],[111.63823,-7.96931],[111.63731,-7.96978],[111.638,-7.96998],[111.63848,-7.96991],[111.63878,-7.96968],[111.6392,-7.96973],[111.63941,-7.97058],[111.63936,-7.97104],[111.63994,-7.9712],[111.64055,-7.971],[111.64015,-7.97197],[111.6393,-7.97233],[111.63935,-7.97307],[111.63918,-7.97335],[111.63879,-7.97299],[111.63795,-7.9728],[111.63715,-7.97305],[111.63631,-7.97271],[111.63575,-7.9729],[111.63638,-7.973],[111.63653,-7.9733],[111.63644,-7.97387],[111.6362,-7.9742],[111.63644,-7.97432],[111.63659,-7.97493],[111.63656,-7.97541],[111.63697,-7.97568],[111.63793,-7.97538],[111.63837,-7.97581],[111.63858,-7.97699],[111.63889,-7.97729],[111.63915,-7.97726],[111.63972,-7.97749],[111.63979,-7.97739],[111.6394,-7.97695],[111.63925,-7.97593],[111.63924,-7.97523],[111.63944,-7.97481],[111.63986,-7.97499],[111.64051,-7.97574],[111.64086,-7.97597],[111.64148,-7.97574],[111.64144,-7.97616],[111.64186,-7.97657],[111.64254,-7.97655],[111.64298,-7.97603],[111.64333,-7.97602],[111.64377,-7.9758],[111.64376,-7.97563],[111.64362,-7.97544],[111.64314,-7.97531],[111.643,-7.97512],[111.64281,-7.97419],[111.64196,-7.97378],[111.64132,-7.97328],[111.6415,-7.97271],[111.64271,-7.9731],[111.64293,-7.97305],[111.64285,-7.9717],[111.64348,-7.97205],[111.64405,-7.97294],[111.64401,-7.97249],[111.64371,-7.97184],[111.64442,-7.97155],[111.6447,-7.97202],[111.64504,-7.97228],[111.64489,-7.97307],[111.64506,-7.97424],[111.64525,-7.97433],[111.64541,-7.97408],[111.64582,-7.9739],[111.64605,-7.97419],[111.64656,-7.97442],[111.64708,-7.97417],[111.6469,-7.97334],[111.64653,-7.97277],[111.64677,-7.97168],[111.64665,-7.97092],[111.64699,-7.97099],[111.64734,-7.97087],[111.64776,-7.97163],[111.64815,-7.97199],[111.6484,-7.97199],[111.64847,-7.97266],[111.64876,-7.97305],[111.64947,-7.97295],[111.64953,-7.97261],[111.64906,-7.97229],[111.649,-7.97191],[111.64971,-7.97161],[111.64985,-7.97112],[111.65037,-7.97201],[111.65052,-7.97199],[111.65128,-7.97134],[111.65144,-7.97103],[111.65145,-7.97046],[111.65123,-7.97008],[111.65142,-7.96959],[111.65166,-7.9699],[111.65205,-7.96991],[111.65265,-7.96978],[111.65305,-7.96935],[111.65302,-7.96999],[111.65283,-7.97027],[111.65249,-7.97042],[111.65314,-7.97064],[111.65249,-7.97111],[111.65223,-7.97203],[111.65109,-7.97376],[111.65043,-7.97399],[111.64934,-7.97506],[111.64925,-7.97545],[111.64893,-7.97529],[111.64839,-7.97557],[111.64841,-7.97624],[111.64792,-7.9768],[111.64714,-7.9765],[111.64679,-7.9765],[111.64673,-7.97682],[111.64631,-7.97728],[111.6465,-7.97772],[111.64643,-7.97826],[111.64548,-7.9783],[111.64515,-7.97871],[111.64464,-7.98027],[111.64511,-7.9802],[111.64538,-7.98043],[111.64603,-7.98002],[111.64639,-7.98019],[111.64681,-7.97947],[111.64697,-7.97943],[111.64774,-7.97972],[111.64881,-7.97878],[111.64914,-7.97741],[111.64949,-7.9767],[111.65,-7.97605],[111.6501,-7.97513],[111.65032,-7.97479],[111.65058,-7.97466],[111.65087,-7.97473],[111.65151,-7.97519],[111.65189,-7.97485],[111.65239,-7.97462],[111.65278,-7.97502],[111.6528,-7.97528],[111.65337,-7.9758],[111.65395,-7.97414],[111.65418,-7.97414],[111.65414,-7.97381],[111.65429,-7.97341],[111.65384,-7.97263],[111.65403,-7.97204],[111.65437,-7.9719],[111.65507,-7.97254],[111.65541,-7.97241],[111.65571,-7.97288],[111.65568,-7.97317],[111.6559,-7.97338],[111.65604,-7.97431],[111.65623,-7.974],[111.65621,-7.97283],[111.65649,-7.97227],[111.65633,-7.97161],[111.65665,-7.9713],[111.65665,-7.97089],[111.65704,-7.97137],[111.65751,-7.97144],[111.65726,-7.97247],[111.65768,-7.9745],[111.65858,-7.97449],[111.65831,-7.97359],[111.65852,-7.9728],[111.65897,-7.97305],[111.65963,-7.97262],[111.65979,-7.97272],[111.66012,-7.97327],[111.66029,-7.97391],[111.66018,-7.97428],[111.66047,-7.97392],[111.6611,-7.97378],[111.66093,-7.97295],[111.66096,-7.9724],[111.66037,-7.97181],[111.66019,-7.97121],[111.66107,-7.97123],[111.66114,-7.97018],[111.66145,-7.9706],[111.66204,-7.9707],[111.66284,-7.96985],[111.66323,-7.96914]]}},{"type":"Feature","properties":{"NAMOBJ":"675","REMARK":"Garis Kontur","JNSKNT":2,"VALKNT":675},"geometry":{"type":"LineString","coordinates":[[111.60038,-7.94495],[111.60116,-7.94533],[111.6013,-7.94525],[111.60052,-7.94489],[111.60038,-7.94495]]}},{"type":"Feature","properties":{"NAMOBJ":"937.5","REMARK":"Garis Kontur","JNSKNT":2,"VALKNT":937.5},"geometry":{"type":"MultiLineString","coordinates":[[[111.53927,-8.03374],[111.53956,-8.03364],[111.53997,-8.03373],[111.54016,-8.03349],[111.54035,-8.03211],[111.54085,-8.0324],[111.54101,-8.03223],[111.54087,-8.03131],[111.54007,-8.03039],[111.53919,-8.03028],[111.53906,-8.02951],[111.53836,-8.02859],[111.53845,-8.0277],[111.53876,-8.02682],[111.53859,-8.02635],[111.53905,-8.02606],[111.5399,-8.02511],[111.53906,-8.02496],[111.53813,-8.0242],[111.53782,-8.02449],[111.53724,-8.02554],[111.53713,-8.02549]],[[111.5379,-8.02857],[111.53794,-8.02865]]]}},{"type":"Feature","properties":{"NAMOBJ":"675","REMARK":"Garis Kontur","JNSKNT":2,"VALKNT":675},"geometry":{"type":"LineString","coordinates":[[111.56136,-7.99979],[111.56119,-7.99973],[111.56099,-7.99993],[111.56187,-7.99993],[111.56136,-7.99979]]}},{"type":"Feature","properties":{"NAMOBJ":"387.5","REMARK":"Garis Kontur","JNSKNT":2,"VALKNT":387.5},"geometry":{"type":"LineString","coordinates":[[111.58212,-7.94913],[111.58288,-7.94954],[111.58337,-7.94958],[111.58397,-7.94985],[111.58412,-7.95005],[111.58478,-7.95028],[111.58465,-7.94949],[111.58481,-7.94807],[111.58475,-7.94748],[111.58461,-7.9472],[111.58406,-7.94681],[111.58498,-7.94603],[111.58451,-7.94525],[111.58463,-7.94433],[111.5849,-7.94369],[111.58519,-7.94349],[111.58505,-7.94333],[111.58409,-7.94302],[111.58384,-7.94281],[111.58315,-7.94269],[111.5832,-7.94256],[111.58174,-7.94161],[111.58155,-7.94171],[111.58223,-7.94231],[111.58252,-7.94349],[111.58262,-7.94476],[111.58245,-7.9456],[111.58252,-7.94613],[111.58175,-7.94737],[111.58158,-7.94793],[111.581,-7.94829],[111.58161,-7.94894],[111.58212,-7.94913]]}},{"type":"Feature","properties":{"NAMOBJ":"562.5","REMARK":"Garis Kontur","JNSKNT":2,"VALKNT":562.5},"geometry":{"type":"LineString","coordinates":[[111.61123,-7.97944],[111.61097,-7.97929],[111.61115,-7.97975],[111.61137,-7.97995],[111.6109,-7.98068],[111.61119,-7.98124],[111.612,-7.98104],[111.61183,-7.9808],[111.61182,-7.97976],[111.61154,-7.9795],[111.61123,-7.97944]]}},{"type":"Feature","properties":{"NAMOBJ":"237.5","REMARK":"Garis Kontur","JNSKNT":2,"VALKNT":237.5},"geometry":{"type":"LineString","coordinates":[[111.57814,-7.93701],[111.57751,-7.93676],[111.57737,-7.93679],[111.57775,-7.93699],[111.57814,-7.93701]]}},{"type":"Feature","properties":{"NAMOBJ":"512.5","REMARK":"Garis Kontur","JNSKNT":2,"VALKNT":512.5},"geometry":{"type":"MultiLineString","coordinates":[[[111.62895,-7.95842],[111.62885,-7.95857],[111.62741,-7.95918],[111.62692,-7.95922],[111.62656,-7.95992],[111.62588,-7.96045],[111.62566,-7.96086],[111.62496,-7.96128],[111.62497,-7.96167],[111.62471,-7.9618],[111.62466,-7.96248],[111.62452,-7.96245],[111.62447,-7.96219],[111.62424,-7.96224],[111.62371,-7.96112],[111.6233,-7.96092],[111.62346,-7.96052],[111.62334,-7.95984],[111.62303,-7.95975],[111.62244,-7.96003],[111.62203,-7.95961],[111.62206,-7.95916],[111.62171,-7.9588],[111.62093,-7.95985],[111.62063,-7.96069],[111.62037,-7.9598],[111.61987,-7.95932],[111.61853,-7.95972],[111.61792,-7.95937],[111.61854,-7.9581],[111.61867,-7.95723],[111.61897,-7.95706],[111.61891,-7.95669],[111.6191,-7.95598],[111.61859,-7.95605],[111.61881,-7.95669],[111.61811,-7.95669],[111.61752,-7.95625],[111.61747,-7.95525],[111.61701,-7.95552],[111.61672,-7.95547],[111.61571,-7.95578],[111.61494,-7.95537],[111.61459,-7.95594],[111.6147,-7.95662],[111.61603,-7.95713],[111.61641,-7.95783],[111.61621,-7.95823],[111.61454,-7.95897],[111.61322,-7.95841],[111.61285,-7.9585],[111.61188,-7.9584],[111.61158,-7.95854],[111.61248,-7.95912],[111.61308,-7.95917],[111.61348,-7.95948],[111.61422,-7.95951],[111.61441,-7.95907],[111.61464,-7.95908],[111.61495,-7.95939],[111.61507,-7.95938],[111.61516,-7.96075],[111.61572,-7.96086],[111.61598,-7.96152],[111.61624,-7.96186],[111.61668,-7.96204],[111.61751,-7.9621],[111.6186,-7.96184],[111.61895,-7.96231],[111.61893,-7.96258],[111.61831,-7.96293],[111.61757,-7.96412],[111.61716,-7.9644],[111.6161,-7.96473],[111.61556,-7.96519],[111.61593,-7.96541],[111.61643,-7.96706],[111.61609,-7.96775],[111.61557,-7.96747],[111.61483,-7.96757],[111.61475,-7.96805],[111.6149,-7.96836],[111.61557,-7.96866],[111.61594,-7.96905],[111.61655,-7.96874],[111.61663,-7.96812],[111.61708,-7.96801],[111.61736,-7.96767],[111.61746,-7.96708],[111.61734,-7.96682],[111.61711,-7.96687],[111.61724,-7.96647],[111.61752,-7.96632],[111.61771,-7.9655],[111.61798,-7.9656],[111.61819,-7.96614],[111.61852,-7.96636],[111.61938,-7.96639],[111.6195,-7.96623],[111.61929,-7.96613],[111.61898,-7.96515],[111.62031,-7.9654],[111.62,-7.96417],[111.62057,-7.9646],[111.6213,-7.96427],[111.62148,-7.96367],[111.62184,-7.96354],[111.62189,-7.96296],[111.62217,-7.9624],[111.62233,-7.96345],[111.6227,-7.96376],[111.62382,-7.9634],[111.62431,-7.96427],[111.6241,-7.96495],[111.62413,-7.96538],[111.62437,-7.96545],[111.625,-7.96492],[111.62518,-7.96532],[111.62605,-7.96569],[111.62676,-7.96544],[111.627,-7.96513],[111.62785,-7.96466],[111.62787,-7.96425],[111.6276,-7.96349],[111.62762,-7.96308],[111.6283,-7.96345],[111.6286,-7.9634],[111.62899,-7.96355],[111.62947,-7.963],[111.63028,-7.96252],[111.63036,-7.96229],[111.63111,-7.96181],[111.63177,-7.96195],[111.6327,-7.96086],[111.6328,-7.96129],[111.63406,-7.96164],[111.6335,-7.96178],[111.63281,-7.96155],[111.63243,-7.96163],[111.63218,-7.962],[111.63216,-7.96242],[111.63166,-7.96269],[111.63121,-7.96264],[111.63068,-7.96354],[111.63024,-7.96435],[111.63059,-7.96506],[111.6304,-7.96532],[111.62969,-7.96549],[111.62846,-7.96613],[111.62837,-7.96646],[111.62886,-7.96689],[111.62958,-7.96661],[111.6299,-7.96672],[111.63041,-7.96736],[111.63081,-7.96705],[111.63104,-7.96722],[111.63138,-7.96794],[111.6317,-7.96828],[111.63134,-7.96888],[111.63162,-7.96963],[111.63117,-7.9694],[111.63083,-7.96942],[111.63087,-7.96886],[111.63066,-7.96855],[111.62942,-7.96884],[111.62937,-7.9681],[111.62857,-7.96842],[111.62802,-7.96896],[111.62785,-7.96814],[111.62668,-7.96787],[111.62599,-7.9681],[111.62541,-7.96803],[111.6248,-7.96895],[111.6246,-7.96887],[111.62411,-7.96825],[111.62338,-7.96837],[111.62259,-7.96819],[111.62182,-7.96904],[111.62166,-7.9696],[111.62125,-7.96972],[111.62117,-7.97066],[111.62148,-7.97103],[111.62015,-7.97159],[111.61946,-7.97156],[111.61892,-7.97237],[111.61883,-7.97276],[111.61883,-7.97292],[111.6192,-7.9733],[111.61876,-7.97343],[111.61833,-7.97449],[111.61798,-7.97499],[111.61758,-7.9748],[111.61746,-7.9749],[111.61757,-7.97555],[111.61872,-7.97669],[111.61846,-7.9768],[111.61835,-7.977],[111.61808,-7.97794],[111.61701,-7.97915],[111.61711,-7.97968],[111.61692,-7.98032],[111.61791,-7.98066],[111.61799,-7.98083],[111.61783,-7.98113],[111.61798,-7.9813],[111.61828,-7.98129],[111.61816,-7.98145],[111.61777,-7.98143],[111.61759,-7.9808],[111.61713,-7.98076],[111.61685,-7.98058],[111.61691,-7.97991],[111.61663,-7.97919],[111.6165,-7.97775],[111.61612,-7.97724],[111.61488,-7.97763],[111.61446,-7.97794],[111.61409,-7.97846],[111.6139,-7.97851],[111.61367,-7.97772],[111.61272,-7.97762],[111.61206,-7.9779],[111.61203,-7.97732],[111.61224,-7.97652],[111.61204,-7.97641],[111.6116,-7.97671],[111.61091,-7.97776],[111.61017,-7.97832],[111.61003,-7.97887],[111.60972,-7.9793],[111.6101,-7.97999],[111.60965,-7.98152],[111.60992,-7.98167],[111.61049,-7.98143],[111.61049,-7.98168],[111.61078,-7.98217],[111.61143,-7.98228],[111.61148,-7.98342],[111.61169,-7.98367],[111.6104,-7.98389],[111.61143,-7.98532],[111.61153,-7.9857],[111.61152,-7.98602],[111.61088,-7.98715],[111.61081,-7.9879],[111.61101,-7.98859],[111.61068,-7.98881],[111.61068,-7.98964],[111.61195,-7.98927],[111.612,-7.98892],[111.6118,-7.98871],[111.61225,-7.98805],[111.61234,-7.98702],[111.61332,-7.98626],[111.61373,-7.98628],[111.61481,-7.98754],[111.6152,-7.98758],[111.61547,-7.98773],[111.61554,-7.98793],[111.61615,-7.98767],[111.61701,-7.98785],[111.61843,-7.98711],[111.61874,-7.98681],[111.61891,-7.98698],[111.61951,-7.98662],[111.61943,-7.98723],[111.62,-7.98752],[111.61891,-7.98797],[111.61843,-7.98799],[111.61806,-7.98869],[111.61795,-7.98998],[111.6178,-7.99035],[111.61736,-7.99073],[111.61736,-7.99134],[111.6176,-7.99185],[111.61744,-7.99203],[111.61782,-7.99269],[111.61775,-7.99322],[111.61793,-7.99348],[111.61723,-7.99396],[111.617,-7.99451],[111.61785,-7.99521],[111.61816,-7.99587],[111.61783,-7.99604],[111.61744,-7.99665],[111.61719,-7.99748],[111.61765,-7.99854],[111.61841,-7.99836],[111.61876,-7.99806],[111.61948,-7.99776],[111.61953,-7.99752],[111.6198,-7.99731],[111.62028,-7.99735],[111.62102,-7.99766],[111.6227,-7.99808],[111.62346,-7.99798],[111.62438,-7.9986],[111.6252,-7.99879],[111.62509,-7.99941],[111.62484,-7.99969],[111.62518,-7.99977],[111.626,-7.99924],[111.62648,-7.99825],[111.62717,-7.99807],[111.62712,-7.99864],[111.62743,-7.99938],[111.62732,-7.99961],[111.6273,-8.00067],[111.62743,-8.00125],[111.62758,-8.00134],[111.62837,-8.00075],[111.62908,-8.00078],[111.62976,-8.00041],[111.63029,-8.00054],[111.63033,-8.00037],[111.63089,-7.99984],[111.63092,-7.99958],[111.6316,-7.99915],[111.63191,-7.99808],[111.63239,-7.99739],[111.63248,-7.99682],[111.63224,-7.99637],[111.63234,-7.99593],[111.63256,-7.99571],[111.63307,-7.99611],[111.63338,-7.99592],[111.63429,-7.9973],[111.63472,-7.99772],[111.63445,-7.99875],[111.63492,-7.99967],[111.6356,-7.99901],[111.63594,-7.99776],[111.63645,-7.99832],[111.63701,-7.99814],[111.63752,-7.99821],[111.63805,-7.99768],[111.6381,-7.99856],[111.63859,-7.99931],[111.63858,-7.99958],[111.63808,-8.00019],[111.63743,-8.00152],[111.6376,-8.00174],[111.63785,-8.00166],[111.63851,-8.00221],[111.63845,-8.00179],[111.63933,-8.00194],[111.63876,-8.00042],[111.63952,-8.00013],[111.63949,-7.99978],[111.63921,-7.99969],[111.63915,-7.99954],[111.63922,-7.99896],[111.63957,-7.99832],[111.63974,-7.99764],[111.64028,-7.99828],[111.64059,-7.99832],[111.64158,-7.99765],[111.64246,-7.99772],[111.64251,-7.99758],[111.64336,-7.99725],[111.64435,-7.99742],[111.64482,-7.99771],[111.64518,-7.99837],[111.64589,-7.99861],[111.64579,-7.99898],[111.64595,-7.99971],[111.64624,-8.00009],[111.647,-8.00037],[111.6475,-8.00084],[111.64799,-8.00088],[111.64846,-7.99953],[111.6488,-7.99936],[111.64926,-7.99953],[111.64931,-7.99911],[111.65005,-7.99772],[111.64864,-7.99648],[111.64802,-7.99689],[111.64762,-7.99748],[111.64727,-7.99743],[111.64705,-7.99782],[111.64604,-7.99846],[111.64559,-7.99826],[111.64559,-7.99765],[111.64413,-7.99663],[111.6441,-7.99561],[111.64307,-7.99399],[111.64267,-7.99385],[111.64288,-7.99382],[111.6435,-7.9933],[111.64491,-7.99348],[111.64579,-7.99337],[111.64596,-7.9931],[111.64584,-7.99289],[111.64578,-7.99212],[111.64539,-7.99153],[111.64506,-7.99136],[111.64424,-7.9914],[111.64379,-7.99084],[111.64355,-7.99016],[111.64312,-7.99015],[111.64349,-7.98929],[111.64293,-7.98866],[111.64295,-7.98843],[111.64337,-7.98845],[111.64413,-7.98886],[111.64453,-7.9896],[111.64511,-7.9894],[111.64609,-7.98952],[111.64646,-7.99034],[111.64722,-7.99055],[111.6471,-7.99011],[111.64741,-7.98957],[111.64742,-7.98928],[111.64702,-7.98858],[111.64687,-7.98864],[111.64682,-7.98819],[111.64645,-7.98788],[111.64651,-7.98758],[111.64638,-7.98726],[111.64645,-7.98716],[111.64678,-7.98734],[111.64776,-7.98815],[111.64789,-7.98839],[111.64862,-7.98885],[111.649,-7.98828],[111.64908,-7.98781],[111.64865,-7.98711],[111.6488,-7.98683],[111.64941,-7.98651],[111.64893,-7.9853],[111.64879,-7.98413],[111.64849,-7.9832],[111.6488,-7.98294],[111.64969,-7.98321],[111.65024,-7.98267],[111.65077,-7.98284],[111.65072,-7.98223],[111.65183,-7.98047],[111.65183,-7.97979],[111.65206,-7.97917],[111.65228,-7.97911],[111.65274,-7.97952],[111.65317,-7.97957],[111.65441,-7.9792],[111.65505,-7.9785],[111.65518,-7.97801],[111.65576,-7.97724]],[[111.63052,-7.95775],[111.63006,-7.95793]],[[111.62971,-7.9581],[111.62961,-7.95808]]]}},{"type":"Feature","properties":{"NAMOBJ":"400","REMARK":"Garis Kontur","JNSKNT":1,"VALKNT":400},"geometry":{"type":"LineString","coordinates":[[111.60791,-8.0],[111.6082,-7.99945],[111.60815,-7.99873],[111.60799,-7.99823],[111.60749,-7.99809],[111.60749,-7.99702],[111.60785,-7.99616],[111.60829,-7.99626],[111.60919,-7.997],[111.61028,-7.99762],[111.61074,-7.99755],[111.61174,-7.99938],[111.61176,-7.99956],[111.61154,-7.99973],[111.61185,-8.0]]}},{"type":"Feature","properties":{"NAMOBJ":"525","REMARK":"Garis Kontur","JNSKNT":2,"VALKNT":525},"geometry":{"type":"LineString","coordinates":[[111.63807,-8.0013],[111.63789,-8.0012],[111.63785,-8.0014],[111.63796,-8.00138],[111.63807,-8.0013]]}},{"type":"Feature","properties":{"NAMOBJ":"387.5","REMARK":"Garis Kontur","JNSKNT":2,"VALKNT":387.5},"geometry":{"type":"LineString","coordinates":[[111.5563,-7.98048],[111.55564,-7.97876],[111.55521,-7.97836],[111.55482,-7.97941],[111.55414,-7.97946],[111.55385,-7.97958],[111.5538,-7.97972],[111.55384,-7.98133],[111.55429,-7.98175],[111.55445,-7.98218],[111.55423,-7.98216],[111.5536,-7.98251],[111.55254,-7.98378],[111.5521,-7.98411],[111.55227,-7.98461],[111.55307,-7.98525],[111.55282,-7.98624],[111.55352,-7.98642],[111.55412,-7.98614],[111.55434,-7.98591],[111.55438,-7.9861],[111.55522,-7.98687],[111.55609,-7.98725],[111.55631,-7.98757],[111.55638,-7.98724],[111.55669,-7.98702],[111.5573,-7.98617],[111.55722,-7.98587],[111.55749,-7.98517],[111.55755,-7.98423],[111.55747,-7.9834],[111.55721,-7.98324],[111.55696,-7.98236],[111.55643,-7.98167],[111.5563,-7.98048]]}},{"type":"Feature","properties":{"NAMOBJ":"662.5","REMARK":"Garis Kontur","JNSKNT":2,"VALKNT":662.5},"geometry":{"type":"LineString","coordinates":[[111.65993,-7.96765],[111.66115,-7.9678],[111.66177,-7.96758],[111.6624,-7.96774],[111.66276,-7.96813],[111.66204,-7.96837],[111.66196,-7.96952],[111.66079,-7.96856],[111.6599,-7.9689],[111.66059,-7.96965],[111.66042,-7.96983],[111.65964,-7.96977],[111.65909,-7.96988],[111.65924,-7.97055],[111.65921,-7.97158],[111.65931,-7.97171],[111.65916,-7.97186],[111.65887,-7.97163],[111.65881,-7.97139],[111.65832,-7.97169],[111.65839,-7.97092],[111.65813,-7.97016],[111.65757,-7.97042],[111.65764,-7.9699],[111.65698,-7.96976],[111.65704,-7.96903],[111.65669,-7.96864],[111.65623,-7.96885],[111.65593,-7.96967],[111.65561,-7.96997],[111.65552,-7.97041],[111.65565,-7.97081],[111.65552,-7.97107],[111.65504,-7.97105],[111.65469,-7.97084],[111.65456,-7.97043],[111.65479,-7.97003],[111.65449,-7.96967],[111.65493,-7.96928],[111.65472,-7.96892],[111.6542,-7.96884],[111.65416,-7.96873],[111.65499,-7.96817],[111.6552,-7.96771],[111.65491,-7.96766],[111.65464,-7.96735],[111.65462,-7.96708],[111.65485,-7.96661],[111.65475,-7.96649],[111.65304,-7.96651],[111.65276,-7.96784],[111.6528,-7.96817],[111.65261,-7.96832],[111.65245,-7.96785],[111.65214,-7.96749],[111.65148,-7.96778],[111.65059,-7.96788],[111.65027,-7.96763],[111.65009,-7.96768],[111.64979,-7.96808],[111.65033,-7.96906],[111.64997,-7.96957],[111.65004,-7.97],[111.64901,-7.97018],[111.64841,-7.97014],[111.64814,-7.96915],[111.64742,-7.96978],[111.6469,-7.9699],[111.6464,-7.96937],[111.64605,-7.96969],[111.64547,-7.96952],[111.64519,-7.96998],[111.64528,-7.97055],[111.64515,-7.9706],[111.64491,-7.97016],[111.64438,-7.96959],[111.64407,-7.96959],[111.64347,-7.97021],[111.64263,-7.97003],[111.64244,-7.96971],[111.64169,-7.9707],[111.64149,-7.97078],[111.64124,-7.96967],[111.64051,-7.96998],[111.6401,-7.97038],[111.64002,-7.96975],[111.64032,-7.96941],[111.64038,-7.96885],[111.64001,-7.96857],[111.63967,-7.96879],[111.63959,-7.96777],[111.63877,-7.9673],[111.63838,-7.96669],[111.63775,-7.9664],[111.63782,-7.96596],[111.6388,-7.9656],[111.63965,-7.9648],[111.63962,-7.96517],[111.64046,-7.96575],[111.64144,-7.96522],[111.64185,-7.96563],[111.64196,-7.96613],[111.64228,-7.9658],[111.64292,-7.96569],[111.64305,-7.96523],[111.64347,-7.96534],[111.64408,-7.96514],[111.64413,-7.96418],[111.64521,-7.96374],[111.64556,-7.96391],[111.6461,-7.96372],[111.64659,-7.96408],[111.64704,-7.9642],[111.64625,-7.96564],[111.64536,-7.96627],[111.64574,-7.96686],[111.64567,-7.96718],[111.64593,-7.96717],[111.64605,-7.96692],[111.64671,-7.96679],[111.64738,-7.96729],[111.64788,-7.96734],[111.64792,-7.96608],[111.64849,-7.96539],[111.64967,-7.96597],[111.64972,-7.96618],[111.65041,-7.96655],[111.65064,-7.96658],[111.65104,-7.96641],[111.65052,-7.96603],[111.65038,-7.96525],[111.64986,-7.96454],[111.65051,-7.96469],[111.65105,-7.96457],[111.65134,-7.96522],[111.65239,-7.96458],[111.65319,-7.96505],[111.65344,-7.96446]]}},{"type":"Feature","properties":{"NAMOBJ":"612.5","REMARK":"Garis Kontur","JNSKNT":2,"VALKNT":612.5},"geometry":{"type":"LineString","coordinates":[[111.56317,-8.0],[111.56326,-7.9991],[111.56184,-7.99886],[111.56182,-7.99792],[111.56199,-7.99732],[111.56179,-7.99655],[111.56117,-7.99749],[111.56022,-7.99726],[111.56015,-7.99792],[111.55993,-7.99845],[111.55901,-7.99877],[111.55868,-7.99912],[111.55817,-7.99939],[111.55709,-7.99957],[111.55709,-8.0],[111.55649,-8.00163],[111.55687,-8.00135],[111.55689,-8.00103],[111.55717,-8.00076],[111.55744,-8.00005],[111.55844,-7.99964],[111.55801,-7.99962],[111.55904,-7.99942],[111.55929,-7.99982],[111.55945,-8.00127],[111.55986,-8.00235],[111.5596,-8.0029],[111.55986,-8.00326],[111.56091,-8.00349],[111.56112,-8.00332],[111.56127,-8.00291],[111.56144,-8.00096],[111.56248,-8.00086],[111.56261,-8.00096],[111.56282,-8.00035],[111.56317,-8.0]]}},{"type":"Feature","properties":{"NAMOBJ":"212.5","REMARK":"Garis Kontur","JNSKNT":2,"VALKNT":212.5},"geometry":{"type":"LineString","coordinates":[[111.57692,-7.93818],[111.57689,-7.9384],[111.57748,-7.9383],[111.57698,-7.93802],[111.57692,-7.93818]]}},{"type":"Feature","properties":{"NAMOBJ":"650","REMARK":"Garis Kontur","JNSKNT":1,"VALKNT":650},"geometry":{"type":"LineString","coordinates":[[111.55501,-8.01687],[111.55523,-8.01657],[111.55536,-8.01593],[111.55562,-8.01588],[111.55636,-8.016],[111.55742,-8.01676],[111.5575,-8.01656],[111.55647,-8.01594],[111.55564,-8.01572],[111.55531,-8.01512],[111.55505,-8.01396],[111.55478,-8.01335],[111.55489,-8.01271],[111.55526,-8.01182],[111.55507,-8.01139],[111.555,-8.01219],[111.55448,-8.01325],[111.55426,-8.01402],[111.55433,-8.01446],[111.55398,-8.01464],[111.55326,-8.01466],[111.55339,-8.01491],[111.5535,-8.01585],[111.55334,-8.01586],[111.55298,-8.01633],[111.55192,-8.01725],[111.55231,-8.01773],[111.55341,-8.01831],[111.55501,-8.01687]]}},{"type":"Feature","properties":{"NAMOBJ":"587.5","REMARK":"Garis Kontur","JNSKNT":2,"VALKNT":587.5},"geometry":{"type":"LineString","coordinates":[[111.55389,-8.00604],[111.55389,-8.00645],[111.55416,-8.00654],[111.55496,-8.0061],[111.55579,-8.00612],[111.55601,-8.00541],[111.55558,-8.00519],[111.55491,-8.00603],[111.55443,-8.0063],[111.55389,-8.00604]]}},{"type":"Feature","properties":{"NAMOBJ":"450","REMARK":"Garis Kontur","JNSKNT":1,"VALKNT":450},"geometry":{"type":"LineString","coordinates":[[111.55472,-7.98531],[111.55526,-7.98602],[111.5559,-7.98624],[111.55609,-7.98602],[111.55624,-7.98532],[111.55643,-7.98516],[111.55627,-7.98271],[111.5557,-7.98169],[111.55553,-7.98058],[111.55536,-7.98027],[111.55507,-7.98063],[111.55496,-7.98113],[111.55499,-7.98267],[111.55481,-7.98268],[111.55407,-7.98341],[111.55288,-7.98416],[111.55349,-7.98473],[111.5536,-7.98547],[111.55448,-7.9849],[111.55472,-7.98531]]}},{"type":"Feature","properties":{"NAMOBJ":"225","REMARK":"Garis Kontur","JNSKNT":2,"VALKNT":225},"geometry":{"type":"MultiLineString","coordinates":[[[111.64686,-8.01516],[111.64694,-8.01509],[111.64699,-8.0153],[111.64738,-8.01553],[111.64728,-8.01568],[111.64776,-8.01605],[111.64791,-8.0157],[111.64807,-8.01566],[111.64852,-8.01592],[111.6489,-8.0164],[111.64976,-8.01674],[111.65027,-8.01676],[111.65065,-8.01656],[111.65127,-8.01586],[111.65134,-8.01481],[111.65209,-8.01397],[111.65158,-8.0127],[111.65155,-8.0122],[111.65203,-8.01214],[111.65226,-8.01176],[111.65334,-8.01205],[111.65345,-8.01146],[111.65318,-8.01069],[111.65353,-8.01054],[111.65371,-8.01028],[111.65323,-8.00944],[111.65332,-8.00927],[111.65387,-8.00907],[111.65406,-8.00887],[111.65389,-8.00783],[111.65374,-8.00774],[111.65319,-8.00666],[111.65329,-8.00643],[111.6532,-8.00629],[111.65404,-8.00711],[111.65473,-8.00693],[111.65542,-8.00584],[111.65538,-8.00546],[111.65568,-8.00416]],[[111.60745,-8.01857],[111.6072,-8.01762]],[[111.57401,-8.04228],[111.57392,-8.04226],[111.57377,-8.04087],[111.57393,-8.04034],[111.57384,-8.03979],[111.5745,-8.03916],[111.57481,-8.03903],[111.57496,-8.03848],[111.57475,-8.03739],[111.57444,-8.03713],[111.57423,-8.03609],[111.57349,-8.03478],[111.57422,-8.03523],[111.57452,-8.03578],[111.57524,-8.03642],[111.57524,-8.03671],[111.57566,-8.03715],[111.57593,-8.0377],[111.57629,-8.03788],[111.57688,-8.03778],[111.57726,-8.03756]]]}},{"type":"Feature","properties":{"NAMOBJ":"487.5","REMARK":"Garis Kontur","JNSKNT":2,"VALKNT":487.5},"geometry":{"type":"LineString","coordinates":[[111.55158,-8.04592],[111.55232,-8.04582],[111.55232,-8.04457],[111.55269,-8.04477],[111.55287,-8.0457],[111.55364,-8.0465],[111.55386,-8.04654],[111.55423,-8.04618],[111.55453,-8.04665],[111.55534,-8.04703],[111.55602,-8.04672],[111.55655,-8.04692],[111.5572,-8.04666],[111.55715,-8.04647],[111.55805,-8.0466],[111.55861,-8.04605],[111.55944,-8.04672],[111.55997,-8.04671],[111.56022,-8.04616],[111.56086,-8.04626],[111.56156,-8.04553],[111.56264,-8.04553],[111.56193,-8.04486],[111.56187,-8.04428],[111.56135,-8.04396],[111.56079,-8.04328],[111.56042,-8.04223],[111.56135,-8.04236],[111.56176,-8.04214],[111.56201,-8.04233],[111.56274,-8.04231],[111.56368,-8.04278],[111.5642,-8.04227],[111.56468,-8.04289],[111.56536,-8.04308],[111.56635,-8.04315],[111.56665,-8.04301],[111.56699,-8.04314],[111.56779,-8.04319],[111.56811,-8.04348],[111.56861,-8.04357],[111.56902,-8.04395],[111.57001,-8.04425],[111.57028,-8.04419],[111.57077,-8.04454],[111.57067,-8.04324],[111.57027,-8.04228],[111.5704,-8.0413],[111.56992,-8.04081],[111.56891,-8.04031],[111.56952,-8.03942],[111.56922,-8.03904],[111.56918,-8.03872],[111.56954,-8.03773],[111.56902,-8.03735],[111.56801,-8.03729],[111.56704,-8.03755],[111.5666,-8.03782],[111.56562,-8.03742],[111.56555,-8.03774],[111.56538,-8.0379],[111.56437,-8.03798],[111.56443,-8.03759],[111.56432,-8.03714],[111.56417,-8.037],[111.56433,-8.03668],[111.56431,-8.03637],[111.56327,-8.03568],[111.56302,-8.03597],[111.56308,-8.03663],[111.56271,-8.03686],[111.56197,-8.03703],[111.56167,-8.03756],[111.56109,-8.03769],[111.56076,-8.03698],[111.55981,-8.03697],[111.55947,-8.03668],[111.55918,-8.03613],[111.55879,-8.03648],[111.55821,-8.03581],[111.55785,-8.03491],[111.55794,-8.03486],[111.5579,-8.03443],[111.5564,-8.03507],[111.55609,-8.03486],[111.55528,-8.03576],[111.55476,-8.03442],[111.55386,-8.0345],[111.55396,-8.03415],[111.5537,-8.03375],[111.55267,-8.03367],[111.55228,-8.03326],[111.55168,-8.03301],[111.55117,-8.03306],[111.55112,-8.03266],[111.5508,-8.03255],[111.55089,-8.03194],[111.55123,-8.03176],[111.55196,-8.0321],[111.55202,-8.03227],[111.5528,-8.03229],[111.55358,-8.03177],[111.55517,-8.03184],[111.55432,-8.03073],[111.55379,-8.03041],[111.5539,-8.02993],[111.55261,-8.02935],[111.55215,-8.02846],[111.55214,-8.02783],[111.55228,-8.02757],[111.55267,-8.02721],[111.55355,-8.02676],[111.55403,-8.0269],[111.55395,-8.02672],[111.55348,-8.02614],[111.55268,-8.02597],[111.55213,-8.02539],[111.5513,-8.02525],[111.55072,-8.02547],[111.54981,-8.02518],[111.55036,-8.02495],[111.55085,-8.02421],[111.55056,-8.0228],[111.55176,-8.02364],[111.55266,-8.02339],[111.55288,-8.02423],[111.55355,-8.02431],[111.55405,-8.02417],[111.55459,-8.02269],[111.55471,-8.02322],[111.55545,-8.0239],[111.55605,-8.02498],[111.55634,-8.02344],[111.55612,-8.02226],[111.55626,-8.02153],[111.55667,-8.02182],[111.55686,-8.02233],[111.5572,-8.02251],[111.5577,-8.02335],[111.55821,-8.02325],[111.55904,-8.02272],[111.55917,-8.02316],[111.55888,-8.02463],[111.56008,-8.02478],[111.55974,-8.02606],[111.55946,-8.02655],[111.56008,-8.02677],[111.56017,-8.02741],[111.56129,-8.02724],[111.56155,-8.02735],[111.56157,-8.02762],[111.56174,-8.02785],[111.56264,-8.02786],[111.56285,-8.02777],[111.56356,-8.02851],[111.5641,-8.02871],[111.56461,-8.0286],[111.56576,-8.02902],[111.5662,-8.02926],[111.56623,-8.02947],[111.5665,-8.02968],[111.56699,-8.02945],[111.56703,-8.0298],[111.56736,-8.02955],[111.56734,-8.02937],[111.56636,-8.02922],[111.56568,-8.02887],[111.56439,-8.02783],[111.56385,-8.02643],[111.5638,-8.02558],[111.56484,-8.02559],[111.56556,-8.02505],[111.56614,-8.02549],[111.56619,-8.02591],[111.56642,-8.026],[111.56663,-8.02592],[111.56662,-8.02544],[111.56678,-8.02493],[111.56709,-8.02491],[111.56717,-8.0248],[111.56777,-8.02484],[111.56809,-8.02502],[111.56858,-8.02493],[111.56852,-8.02463],[111.56875,-8.02306],[111.56945,-8.0227],[111.56982,-8.02206],[111.57098,-8.02164],[111.57062,-8.0213],[111.57125,-8.02051],[111.57134,-8.01946],[111.57236,-8.01926],[111.57312,-8.01861],[111.57343,-8.01798],[111.57278,-8.01736],[111.57183,-8.01719],[111.56979,-8.01647],[111.56897,-8.01645],[111.56884,-8.01751],[111.56803,-8.01719],[111.56801,-8.01774],[111.56786,-8.01791],[111.56822,-8.01835],[111.56835,-8.01886],[111.56774,-8.0191],[111.568,-8.02007],[111.56729,-8.02011],[111.56739,-8.02038],[111.56716,-8.0212],[111.56604,-8.02054],[111.56547,-8.01989],[111.56545,-8.01957],[111.56524,-8.01956],[111.56546,-8.01926],[111.56551,-8.01889],[111.56493,-8.01821],[111.56509,-8.0179],[111.56512,-8.01732],[111.56445,-8.01675],[111.56355,-8.01729],[111.56331,-8.0179],[111.56218,-8.01762],[111.56171,-8.01853],[111.56129,-8.01872],[111.55975,-8.01778],[111.55911,-8.01762],[111.56026,-8.0169],[111.5601,-8.01621],[111.56085,-8.01528],[111.55987,-8.01505],[111.55965,-8.01477],[111.5595,-8.01402],[111.55901,-8.01424],[111.55809,-8.01412],[111.55773,-8.01373],[111.55726,-8.01414],[111.55714,-8.01355],[111.557,-8.01342],[111.55761,-8.01228],[111.55763,-8.0114],[111.55721,-8.0105],[111.55686,-8.01012],[111.55747,-8.00882],[111.55765,-8.00782],[111.55716,-8.00732],[111.5569,-8.00726],[111.55726,-8.00623],[111.55712,-8.00598],[111.55717,-8.0058],[111.55801,-8.00507],[111.55814,-8.0048],[111.55902,-8.00495],[111.5608,-8.00582],[111.56125,-8.00582],[111.56168,-8.00562],[111.56262,-8.00611],[111.56335,-8.00614],[111.56358,-8.00663],[111.56424,-8.00653],[111.56385,-8.00575],[111.56292,-8.00496],[111.56253,-8.00426],[111.56301,-8.00339],[111.56333,-8.00242],[111.56324,-8.00186],[111.56364,-8.00174],[111.56429,-8.00131],[111.56479,-7.9999],[111.5652,-7.99936],[111.56595,-7.99919],[111.56676,-7.99883],[111.5672,-7.99883],[111.56777,-7.99948],[111.56783,-7.9997],[111.56822,-7.99993],[111.56924,-7.99996],[111.56938,-7.99968],[111.56946,-7.99866],[111.56921,-7.99778],[111.56919,-7.99696],[111.56933,-7.99656],[111.56876,-7.99653],[111.56803,-7.99708],[111.56748,-7.99709],[111.56659,-7.99738],[111.56608,-7.99704],[111.56567,-7.99705],[111.56531,-7.99736],[111.56462,-7.99727],[111.56431,-7.99713],[111.56434,-7.99689],[111.56516,-7.99592],[111.56531,-7.99537],[111.56507,-7.99461],[111.56431,-7.99496],[111.56356,-7.99456],[111.56239,-7.99448],[111.56176,-7.99417],[111.56154,-7.99303],[111.56103,-7.99301],[111.5605,-7.99257],[111.56011,-7.99243],[111.56009,-7.99506],[111.55985,-7.99567],[111.55937,-7.99544],[111.55903,-7.995],[111.55852,-7.99484],[111.55829,-7.99497],[111.55873,-7.99537],[111.55882,-7.99562],[111.55862,-7.996],[111.55883,-7.997],[111.55872,-7.99743],[111.55813,-7.99756],[111.55774,-7.99748],[111.5575,-7.99811],[111.55713,-7.9978],[111.55652,-7.99816],[111.55642,-7.99834],[111.55537,-7.99806],[111.5554,-7.99845],[111.55556,-7.99871],[111.55512,-7.99951],[111.55518,-8.0],[111.55477,-8.00078],[111.5545,-8.00077],[111.55415,-8.00053],[111.5541,-8.00146],[111.55362,-8.00192],[111.55343,-8.00195],[111.55345,-8.00219],[111.55363,-8.00218],[111.55428,-8.00278],[111.555,-8.00315],[111.55423,-8.00381],[111.55469,-8.00401],[111.55477,-8.0043],[111.55478,-8.00454],[111.55446,-8.00514],[111.55424,-8.00529],[111.5533,-8.00514],[111.55304,-8.00603],[111.55283,-8.0063],[111.55254,-8.00613],[111.55189,-8.00613],[111.55189,-8.00667],[111.55107,-8.00837],[111.5503,-8.00808],[111.549,-8.00831],[111.54875,-8.009],[111.5481,-8.00987],[111.54759,-8.00984],[111.54716,-8.0101],[111.54685,-8.00992],[111.54583,-8.00969],[111.54576,-8.01051],[111.54609,-8.01148],[111.54583,-8.01156],[111.54504,-8.01232],[111.54506,-8.0125],[111.54453,-8.01308],[111.54447,-8.01327],[111.54516,-8.01374],[111.54444,-8.01409],[111.54418,-8.01523],[111.54357,-8.01492],[111.54288,-8.01491],[111.54272,-8.01506],[111.5426,-8.01561],[111.54177,-8.01544],[111.54122,-8.01497],[111.541,-8.01667],[111.53977,-8.01642],[111.53937,-8.01611],[111.53873,-8.01796],[111.53813,-8.01872]]}},{"type":"Feature","properties":{"NAMOBJ":"187.5","REMARK":"Garis Kontur","JNSKNT":2,"VALKNT":187.5},"geometry":{"type":"LineString","coordinates":[[111.55867,-7.93909],[111.55815,-7.93873],[111.5573,-7.93904],[111.55697,-7.93963],[111.5567,-7.94087],[111.55702,-7.94114],[111.55736,-7.94097],[111.55729,-7.9403],[111.55773,-7.94062],[111.55833,-7.94059],[111.55871,-7.93946],[111.55867,-7.93909]]}},{"type":"Feature","properties":{"NAMOBJ":"325","REMARK":"Garis Kontur","JNSKNT":2,"VALKNT":325},"geometry":{"type":"LineString","coordinates":[[111.59538,-7.96122],[111.59512,-7.96089],[111.59449,-7.96096],[111.595,-7.9614],[111.59538,-7.96122]]}},{"type":"Feature","properties":{"NAMOBJ":"500","REMARK":"Garis Kontur","JNSKNT":1,"VALKNT":500},"geometry":{"type":"LineString","coordinates":[[111.55527,-7.98519],[111.5557,-7.98552],[111.55585,-7.98512],[111.55564,-7.98389],[111.55566,-7.98309],[111.5555,-7.98275],[111.55473,-7.98363],[111.55384,-7.98411],[111.55402,-7.98464],[111.55439,-7.98441],[111.55472,-7.98445],[111.55507,-7.98471],[111.55527,-7.98519]]}},{"type":"Feature","properties":{"NAMOBJ":"700","REMARK":"Garis Kontur","JNSKNT":1,"VALKNT":700},"geometry":{"type":"LineString","coordinates":[[111.65454,-7.96512],[111.65448,-7.96527],[111.65475,-7.96564],[111.6551,-7.96578],[111.65516,-7.9654]]}},{"type":"Feature","properties":{"NAMOBJ":"612.5","REMARK":"Garis Kontur","JNSKNT":2,"VALKNT":612.5},"geometry":{"type":"LineString","coordinates":[[111.56306,-8.01946],[111.56261,-8.02032],[111.56181,-8.02053],[111.56146,-8.02043],[111.56183,-8.02097],[111.56199,-8.02135],[111.56192,-8.02147],[111.56242,-8.02186],[111.56292,-8.02196],[111.56323,-8.02231],[111.5641,-8.02171],[111.56362,-8.02141],[111.56361,-8.02075],[111.5631,-8.02034],[111.5631,-8.02002],[111.56333,-8.01961],[111.56306,-8.01946]]}},{"type":"Feature","properties":{"NAMOBJ":"337.5","REMARK":"Garis Kontur","JNSKNT":2,"VALKNT":337.5},"geometry":{"type":"MultiLineString","coordinates":[[[111.61075,-8.01265],[111.61046,-8.01224],[111.61076,-8.01167],[111.61069,-8.01132],[111.61193,-8.01019],[111.61074,-8.00849],[111.61069,-8.00862],[111.61065,-8.00832],[111.61163,-8.00759],[111.61189,-8.00753],[111.61253,-8.00776],[111.613,-8.00749],[111.61261,-8.00708],[111.61255,-8.00641],[111.61327,-8.00583],[111.61236,-8.00597],[111.61217,-8.00589],[111.61162,-8.00498],[111.61118,-8.00521],[111.61081,-8.00417],[111.61101,-8.00406],[111.61065,-8.00321],[111.6098,-8.00259],[111.60975,-8.00225],[111.61024,-8.00182],[111.61053,-8.00131],[111.61092,-8.00119],[111.61209,-8.00134],[111.61097,-8.00091],[111.61089,-8.00048],[111.61072,-8.00039],[111.61041,-8.00047],[111.61015,-8.00076],[111.60989,-8.0007],[111.60958,-8.00014],[111.60921,-8.00054],[111.60944,-8.00082],[111.60942,-8.00108],[111.60911,-8.00108],[111.60924,-8.00141],[111.60874,-8.00209],[111.60853,-8.00264],[111.60866,-8.0032],[111.60858,-8.00473],[111.60819,-8.00546],[111.6081,-8.00593],[111.60786,-8.00582],[111.60721,-8.00632],[111.60671,-8.00626],[111.60705,-8.00681],[111.60708,-8.00754],[111.60681,-8.00825],[111.60688,-8.00848],[111.6067,-8.00878],[111.60671,-8.0092],[111.60628,-8.00906],[111.60532,-8.00922],[111.605,-8.0094],[111.60544,-8.01028],[111.60591,-8.01079],[111.60451,-8.01126],[111.60446,-8.01145],[111.60478,-8.01224],[111.60476,-8.01258],[111.60423,-8.01322],[111.60446,-8.01342],[111.60462,-8.01387],[111.60414,-8.01481],[111.60375,-8.01522],[111.60377,-8.0156],[111.60419,-8.01641],[111.60316,-8.01722],[111.60397,-8.01782],[111.60475,-8.01805],[111.60354,-8.01807],[111.60285,-8.01834],[111.60206,-8.01831]],[[111.65435,-8.00115],[111.6542,-8.00145],[111.65419,-8.00201],[111.65323,-8.00304],[111.65295,-8.00362],[111.65293,-8.00395],[111.65261,-8.00433],[111.65173,-8.0036],[111.65087,-8.00326],[111.65083,-8.00378],[111.65059,-8.00393],[111.65098,-8.00446],[111.65108,-8.00559],[111.65043,-8.00594],[111.65069,-8.0067],[111.65034,-8.00721],[111.65072,-8.00751],[111.65155,-8.00764],[111.6519,-8.00817],[111.6512,-8.00853],[111.651,-8.00944],[111.65125,-8.00986],[111.65119,-8.01023],[111.65102,-8.01034],[111.65065,-8.01024],[111.64982,-8.01042],[111.64958,-8.01036],[111.64944,-8.01124],[111.6491,-8.01188],[111.64945,-8.01217],[111.64963,-8.01265],[111.64961,-8.01345],[111.64988,-8.01395],[111.64972,-8.01415],[111.64971,-8.01479],[111.64959,-8.01459],[111.64883,-8.01412],[111.64839,-8.01356],[111.64796,-8.01377],[111.64746,-8.0134],[111.64712,-8.01343]],[[111.64181,-8.00529],[111.64201,-8.0045],[111.64152,-8.0048],[111.64129,-8.00472],[111.64114,-8.00516]],[[111.62921,-8.00869],[111.62919,-8.00854],[111.62949,-8.00831],[111.6294,-8.00769],[111.62967,-8.00721],[111.62998,-8.00701],[111.63064,-8.00697],[111.63115,-8.00632],[111.63126,-8.00588],[111.63087,-8.00605],[111.63056,-8.00599],[111.63047,-8.00585],[111.63055,-8.00488],[111.62968,-8.0059],[111.62936,-8.00601],[111.62909,-8.00596],[111.62877,-8.00617],[111.62853,-8.00572],[111.62776,-8.00672],[111.62703,-8.00682],[111.62672,-8.00622],[111.62628,-8.0076],[111.62629,-8.00808],[111.62523,-8.00755],[111.62504,-8.00709],[111.62476,-8.00701],[111.62498,-8.00596],[111.62401,-8.00614],[111.62357,-8.0057],[111.62346,-8.00505],[111.62326,-8.00549],[111.62286,-8.00542],[111.62278,-8.00482],[111.62244,-8.00487],[111.62244,-8.00525],[111.62224,-8.00567],[111.62235,-8.00631],[111.62208,-8.00696]],[[111.64249,-8.00532],[111.64238,-8.00536]],[[111.57791,-8.03524],[111.57728,-8.03536],[111.57688,-8.03529],[111.57607,-8.03472],[111.57587,-8.03419],[111.57507,-8.03337],[111.57497,-8.03308],[111.57559,-8.0321],[111.57443,-8.03236],[111.57369,-8.03217],[111.57344,-8.03129],[111.57496,-8.02934],[111.5751,-8.02889],[111.57433,-8.02947],[111.57407,-8.02983],[111.573,-8.03029],[111.57268,-8.03083],[111.57231,-8.03082],[111.57196,-8.03049],[111.57187,-8.03174],[111.57201,-8.0322],[111.57177,-8.03311],[111.57079,-8.03312],[111.57068,-8.03239],[111.57041,-8.03219],[111.57022,-8.03177],[111.5696,-8.03167],[111.56947,-8.03185],[111.56878,-8.03214],[111.56858,-8.03273],[111.56804,-8.033],[111.56828,-8.03305],[111.56844,-8.03328],[111.56907,-8.03317],[111.56978,-8.03332],[111.56972,-8.034],[111.57029,-8.03493],[111.57082,-8.0354],[111.5721,-8.03608],[111.57261,-8.03761],[111.573,-8.03809],[111.57312,-8.03852],[111.57283,-8.0389],[111.57269,-8.03934],[111.57278,-8.03943],[111.57272,-8.04043],[111.57245,-8.04193],[111.57242,-8.04289],[111.57263,-8.04485],[111.57252,-8.04559],[111.57263,-8.04575],[111.57256,-8.04666],[111.57239,-8.04714],[111.57084,-8.04751],[111.5702,-8.04744],[111.56989,-8.04778],[111.56918,-8.04783],[111.56813,-8.04848],[111.56757,-8.04786],[111.56754,-8.04751],[111.5673,-8.04775],[111.56713,-8.04771],[111.56691,-8.04809],[111.56611,-8.04778],[111.56601,-8.04763],[111.56475,-8.0478],[111.56437,-8.04816],[111.56411,-8.04941]]]}},{"type":"Feature","properties":{"NAMOBJ":"412.5","REMARK":"Garis Kontur","JNSKNT":2,"VALKNT":412.5},"geometry":{"type":"LineString","coordinates":[[111.58413,-7.94901],[111.58395,-7.94891],[111.58429,-7.94802],[111.58413,-7.94755],[111.58273,-7.94712],[111.58312,-7.94677],[111.58418,-7.94621],[111.58396,-7.94536],[111.58402,-7.94465],[111.58425,-7.94435],[111.5844,-7.94375],[111.5848,-7.94344],[111.58356,-7.94311],[111.58256,-7.94253],[111.58275,-7.94319],[111.58267,-7.94412],[111.58291,-7.94466],[111.58289,-7.94512],[111.58267,-7.94564],[111.58282,-7.94633],[111.58195,-7.94734],[111.58166,-7.94816],[111.5814,-7.94829],[111.58165,-7.94847],[111.58171,-7.94876],[111.58215,-7.94895],[111.5826,-7.94897],[111.58316,-7.94933],[111.58417,-7.94973],[111.58425,-7.94962],[111.58413,-7.94901]]}},{"type":"Feature","properties":{"NAMOBJ":"637.5","REMARK":"Garis Kontur","JNSKNT":2,"VALKNT":637.5},"geometry":{"type":"LineString","coordinates":[[111.66245,-7.96713],[111.66298,-7.96751],[111.66329,-7.96835],[111.66262,-7.96905],[111.66255,-7.96969],[111.66211,-7.97026],[111.66147,-7.96999],[111.66086,-7.96932],[111.66094,-7.9697],[111.66076,-7.97071],[111.6605,-7.9708],[111.65969,-7.97043],[111.65996,-7.972],[111.66045,-7.97242],[111.66062,-7.97335],[111.66052,-7.97337],[111.66028,-7.97253],[111.65976,-7.97222],[111.65893,-7.97268],[111.65849,-7.97235],[111.65805,-7.9732],[111.65799,-7.97367],[111.65812,-7.97403],[111.65796,-7.97422],[111.6578,-7.97417],[111.65784,-7.97372],[111.65754,-7.97242],[111.65777,-7.97151],[111.65775,-7.97108],[111.65721,-7.97122],[111.65692,-7.97079],[111.6564,-7.97057],[111.65641,-7.97107],[111.65595,-7.97142],[111.65618,-7.97232],[111.65596,-7.9727],[111.65548,-7.9721],[111.65504,-7.97203],[111.65446,-7.97158],[111.65389,-7.97182],[111.65371,-7.97205],[111.65354,-7.97284],[111.6538,-7.97377],[111.6533,-7.97517],[111.6532,-7.97521],[111.65288,-7.97473],[111.6524,-7.97437],[111.65165,-7.97466],[111.65111,-7.97444],[111.6515,-7.97419],[111.65188,-7.97327],[111.65247,-7.97256],[111.65269,-7.97162],[111.65305,-7.97104],[111.65389,-7.97062],[111.65381,-7.97021],[111.65398,-7.97006],[111.65385,-7.96986],[111.6532,-7.96985],[111.6535,-7.96889],[111.65343,-7.96824],[111.65352,-7.96809],[111.65277,-7.96893],[111.65236,-7.96899],[111.65178,-7.96864],[111.65116,-7.96854],[111.65117,-7.96878],[111.65073,-7.96979],[111.65103,-7.97044],[111.65123,-7.97047],[111.65124,-7.9708],[111.65103,-7.97119],[111.65052,-7.97159],[111.65047,-7.97115],[111.65003,-7.97065],[111.64968,-7.97057],[111.64953,-7.97102],[111.64928,-7.97109],[111.64888,-7.97146],[111.6488,-7.9713],[111.64794,-7.97126],[111.64756,-7.97068],[111.64761,-7.97034],[111.64689,-7.97065],[111.64648,-7.9703],[111.64605,-7.97031],[111.64608,-7.97101],[111.64631,-7.97175],[111.64619,-7.97245],[111.64597,-7.97272],[111.64614,-7.97322],[111.64646,-7.97334],[111.6466,-7.97355],[111.64666,-7.97407],[111.64633,-7.97401],[111.6459,-7.97346],[111.64535,-7.97374],[111.64572,-7.97256],[111.64558,-7.97189],[111.64475,-7.97144],[111.64446,-7.97079],[111.64412,-7.97114],[111.64325,-7.97133],[111.64336,-7.97184],[111.64274,-7.97145],[111.64244,-7.97097],[111.6423,-7.97133],[111.6419,-7.97138],[111.64246,-7.97246],[111.64108,-7.97228],[111.6405,-7.97328],[111.64132,-7.97379],[111.64155,-7.97412],[111.64201,-7.97427],[111.64221,-7.97487],[111.64252,-7.97507],[111.64255,-7.97568],[111.64218,-7.97589],[111.64164,-7.97525],[111.64097,-7.97538],[111.64069,-7.97529],[111.63949,-7.97434],[111.63888,-7.97468],[111.6388,-7.97532],[111.63852,-7.97489],[111.63708,-7.97494],[111.63701,-7.97449],[111.63679,-7.97421],[111.6369,-7.97419],[111.63701,-7.97351],[111.63713,-7.97362],[111.63798,-7.97324],[111.63875,-7.97339],[111.63907,-7.97381],[111.63926,-7.97382],[111.63973,-7.97328],[111.63955,-7.97258],[111.6404,-7.97215],[111.64047,-7.9716],[111.64081,-7.97097],[111.64082,-7.97071],[111.64076,-7.97041],[111.64014,-7.97093],[111.63968,-7.97091],[111.63977,-7.9706],[111.63943,-7.96974],[111.63963,-7.96931],[111.63843,-7.96956],[111.63894,-7.9688],[111.63899,-7.96795],[111.63817,-7.96787],[111.63787,-7.96719],[111.63769,-7.96721],[111.63716,-7.96686],[111.6372,-7.9662],[111.63649,-7.96591],[111.63659,-7.96523],[111.63686,-7.965],[111.63817,-7.96509],[111.63878,-7.96475],[111.63906,-7.96437],[111.63904,-7.9641],[111.63954,-7.96416],[111.64018,-7.96386],[111.64055,-7.96515],[111.64082,-7.96496],[111.64135,-7.96483],[111.64264,-7.96475],[111.64271,-7.96445],[111.64329,-7.96464],[111.6434,-7.96457],[111.6434,-7.96418],[111.64309,-7.96329],[111.64357,-7.96325],[111.64384,-7.96349],[111.64405,-7.96336],[111.6442,-7.96239],[111.64434,-7.96266],[111.64441,-7.96335],[111.6451,-7.96315],[111.6455,-7.96319],[111.64671,-7.96251],[111.64664,-7.96328],[111.6474,-7.96357],[111.64778,-7.96337],[111.64791,-7.96422],[111.64711,-7.96556],[111.64767,-7.96536],[111.64784,-7.96509],[111.64845,-7.96474],[111.649,-7.9648],[111.64959,-7.96516],[111.64929,-7.96463],[111.64922,-7.96423],[111.65037,-7.96362],[111.65074,-7.9641],[111.6517,-7.96375],[111.65181,-7.96394],[111.65179,-7.96437],[111.65225,-7.96408],[111.65297,-7.96403]]}},{"type":"Feature","properties":{"NAMOBJ":"525","REMARK":"Garis Kontur","JNSKNT":2,"VALKNT":525},"geometry":{"type":"LineString","coordinates":[[111.64692,-8.0],[111.64764,-8.00063],[111.6479,-8.00071],[111.64827,-7.99957],[111.64875,-7.99927],[111.64914,-7.99936],[111.64938,-7.99861],[111.64983,-7.99781],[111.64859,-7.9967],[111.64814,-7.99699],[111.64771,-7.99748],[111.64769,-7.99766],[111.64736,-7.99756],[111.64716,-7.99805],[111.64621,-7.99872],[111.64645,-7.99937],[111.6464,-7.99996],[111.64692,-8.0]]}},{"type":"Feature","properties":{"NAMOBJ":"312.5","REMARK":"Garis Kontur","JNSKNT":2,"VALKNT":312.5},"geometry":{"type":"LineString","coordinates":[[111.54619,-7.99459],[111.54623,-7.99459],[111.54609,-7.99421],[111.54598,-7.99434],[111.54619,-7.99459]]}},{"type":"Feature","properties":{"NAMOBJ":"662.5","REMARK":"Garis Kontur","JNSKNT":2,"VALKNT":662.5},"geometry":{"type":"LineString","coordinates":[[111.63172,-7.97377],[111.63151,-7.97362],[111.63101,-7.97386],[111.63153,-7.974],[111.6318,-7.97389],[111.63172,-7.97377]]}},{"type":"Feature","properties":{"NAMOBJ":"625","REMARK":"Garis Kontur","JNSKNT":2,"VALKNT":625},"geometry":{"type":"LineString","coordinates":[[111.63214,-7.96453],[111.63227,-7.96455],[111.6324,-7.96442],[111.63216,-7.9643],[111.63207,-7.96442],[111.63214,-7.96453]]}},{"type":"Feature","properties":{"NAMOBJ":"625","REMARK":"Garis Kontur","JNSKNT":2,"VALKNT":625},"geometry":{"type":"LineString","coordinates":[[111.63028,-7.97448],[111.63103,-7.9746],[111.63052,-7.97512],[111.63075,-7.97581],[111.63175,-7.97574],[111.63211,-7.97586],[111.6326,-7.97538],[111.63249,-7.97508],[111.63256,-7.97483],[111.63338,-7.97422],[111.63347,-7.9737],[111.63272,-7.97348],[111.63245,-7.97355],[111.6321,-7.97328],[111.63146,-7.97315],[111.63059,-7.97327],[111.63012,-7.97379],[111.62966,-7.97407],[111.62914,-7.9739],[111.62931,-7.97421],[111.63028,-7.97448]]}},{"type":"Feature","properties":{"NAMOBJ":"125","REMARK":"Garis Kontur","JNSKNT":2,"VALKNT":125},"geometry":{"type":"LineString","coordinates":[[111.54934,-7.94986],[111.54862,-7.9498],[111.54903,-7.9507],[111.54877,-7.95134],[111.54939,-7.95076],[111.54959,-7.95016],[111.54985,-7.95],[111.54962,-7.94985],[111.54934,-7.94986]]}},{"type":"Feature","properties":{"NAMOBJ":"200","REMARK":"Garis Kontur","JNSKNT":1,"VALKNT":200},"geometry":{"type":"LineString","coordinates":[[111.55787,-7.93228],[111.5584,-7.93222],[111.5575,-7.93173],[111.55708,-7.93195],[111.55721,-7.93214],[111.55787,-7.93228]]}},{"type":"Feature","properties":{"NAMOBJ":"600","REMARK":"Garis Kontur","JNSKNT":1,"VALKNT":600},"geometry":{"type":"LineString","coordinates":[[111.63257,-7.95841],[111.63268,-7.95836],[111.6327,-7.9581],[111.63243,-7.95846],[111.63257,-7.95841]]}},{"type":"Feature","properties":{"NAMOBJ":"712.5","REMARK":"Garis Kontur","JNSKNT":2,"VALKNT":712.5},"geometry":{"type":"LineString","coordinates":[[111.65789,-7.96802],[111.65827,-7.96794],[111.65787,-7.96721],[111.65733,-7.96744],[111.65789,-7.96802]]}},{"type":"Feature","properties":{"NAMOBJ":"887.5","REMARK":"Garis Kontur","JNSKNT":2,"VALKNT":887.5},"geometry":{"type":"MultiLineString","coordinates":[[[111.53933,-8.03658],[111.54,-8.03588],[111.54076,-8.03334],[111.54078,-8.03281],[111.54093,-8.03279],[111.5414,-8.03223],[111.54126,-8.03105],[111.54136,-8.03068],[111.54123,-8.03037],[111.54005,-8.02951],[111.54014,-8.02862],[111.54005,-8.02768],[111.5396,-8.02712],[111.53991,-8.02589],[111.54071,-8.02546],[111.54095,-8.02506],[111.54087,-8.02493],[111.54018,-8.02485],[111.53996,-8.02454],[111.53927,-8.0241],[111.53952,-8.0234],[111.53942,-8.02317],[111.53824,-8.02307],[111.53798,-8.02316],[111.5375,-8.02422],[111.53714,-8.02444]],[[111.53871,-8.03649],[111.53887,-8.03674]]]}},{"type":"Feature","properties":{"NAMOBJ":"650","REMARK":"Garis Kontur","JNSKNT":1,"VALKNT":650},"geometry":{"type":"LineString","coordinates":[[111.63886,-7.97408],[111.63853,-7.97382],[111.63797,-7.97382],[111.63751,-7.97415],[111.6375,-7.97449],[111.63844,-7.97451],[111.63886,-7.97408]]}},{"type":"Feature","properties":{"NAMOBJ":"362.5","REMARK":"Garis Kontur","JNSKNT":2,"VALKNT":362.5},"geometry":{"type":"LineString","coordinates":[[111.58378,-7.94238],[111.58259,-7.9416],[111.58194,-7.94078],[111.58158,-7.94082],[111.58067,-7.94021],[111.58041,-7.93954],[111.58032,-7.94006],[111.58057,-7.94102],[111.58116,-7.94186],[111.58192,-7.94229],[111.58188,-7.94264],[111.58217,-7.94328],[111.58231,-7.94424],[111.5822,-7.94615],[111.58189,-7.94642],[111.5818,-7.94701],[111.58152,-7.94755],[111.58072,-7.94806],[111.58069,-7.94832],[111.58152,-7.9494],[111.58188,-7.94925],[111.58267,-7.94977],[111.58335,-7.9498],[111.58386,-7.95034],[111.58478,-7.95063],[111.5851,-7.95102],[111.58518,-7.95176],[111.58538,-7.95174],[111.5864,-7.95241],[111.58635,-7.95285],[111.58611,-7.95285],[111.58607,-7.9542],[111.58585,-7.95437],[111.58632,-7.95575],[111.58575,-7.95615],[111.58503,-7.95634],[111.585,-7.95715],[111.58571,-7.95794],[111.58684,-7.95839],[111.58706,-7.95838],[111.58769,-7.95796],[111.5878,-7.95831],[111.58844,-7.95888],[111.5887,-7.95929],[111.58889,-7.9589],[111.58976,-7.95888],[111.59016,-7.95856],[111.58967,-7.9581],[111.58957,-7.95784],[111.58999,-7.95744],[111.58948,-7.95631],[111.59076,-7.95634],[111.591,-7.95595],[111.59159,-7.95603],[111.59235,-7.95568],[111.59152,-7.95541],[111.59115,-7.95467],[111.59056,-7.95437],[111.59006,-7.95388],[111.58971,-7.95389],[111.58937,-7.95373],[111.58775,-7.95267],[111.58934,-7.95093],[111.58924,-7.94989],[111.58937,-7.9494],[111.58791,-7.94925],[111.58753,-7.94895],[111.587,-7.94902],[111.58675,-7.94873],[111.58611,-7.94919],[111.58555,-7.94946],[111.5854,-7.94938],[111.58545,-7.94734],[111.5853,-7.94701],[111.58496,-7.94672],[111.58531,-7.94627],[111.58575,-7.94597],[111.58496,-7.94532],[111.58475,-7.94451],[111.58497,-7.94391],[111.5854,-7.94365],[111.58551,-7.94344],[111.58511,-7.94313],[111.58368,-7.9425],[111.58378,-7.94238]]}},{"type":"Feature","properties":{"NAMOBJ":"512.5","REMARK":"Garis Kontur","JNSKNT":2,"VALKNT":512.5},"geometry":{"type":"MultiLineString","coordinates":[[[111.58217,-8.02734],[111.58161,-8.02721],[111.58109,-8.0267],[111.58062,-8.02587],[111.58068,-8.02489],[111.58101,-8.02471],[111.58146,-8.02505],[111.5817,-8.02504],[111.58247,-8.02446],[111.58264,-8.02453],[111.58405,-8.02402],[111.58447,-8.02402],[111.58482,-8.02311],[111.58505,-8.02172],[111.58595,-8.02167],[111.58616,-8.02133],[111.5865,-8.0195],[111.58718,-8.01883],[111.58636,-8.01846],[111.58614,-8.01805],[111.58743,-8.0168],[111.58775,-8.01588],[111.58824,-8.01521],[111.58773,-8.01498],[111.58747,-8.01451],[111.58784,-8.0144],[111.58892,-8.01296],[111.58989,-8.01294],[111.59013,-8.01308],[111.59032,-8.01269],[111.59072,-8.01233],[111.59083,-8.01156],[111.59171,-8.01084],[111.59139,-8.01044],[111.59157,-8.00973],[111.59152,-8.00869],[111.59184,-8.00819],[111.59255,-8.00829],[111.59299,-8.00814],[111.59314,-8.00833],[111.59356,-8.00809],[111.59388,-8.00739],[111.59447,-8.00749],[111.5945,-8.00719],[111.59495,-8.00683],[111.59496,-8.00537],[111.59513,-8.00489],[111.59543,-8.0047],[111.59417,-8.00381],[111.59615,-8.00343],[111.59715,-8.00346],[111.59748,-8.00316],[111.59768,-8.00268],[111.59843,-8.00301],[111.59841,-8.00248],[111.59817,-8.00195],[111.59808,-8.00132],[111.59761,-8.00046],[111.59798,-7.99957],[111.59821,-7.99952],[111.59888,-7.99985],[111.59948,-7.99933],[111.59896,-7.99875],[111.59896,-7.99838],[111.59979,-7.99795],[111.5996,-7.99776],[111.59948,-7.99667],[111.59898,-7.99627],[111.59943,-7.99635],[111.60001,-7.99607],[111.60054,-7.99622],[111.60076,-7.99613],[111.60105,-7.99509],[111.60064,-7.99421],[111.60222,-7.99424],[111.6017,-7.99256],[111.6029,-7.99243],[111.60248,-7.99144],[111.6026,-7.99133],[111.60324,-7.99159],[111.604,-7.99282],[111.60494,-7.99378],[111.6046,-7.99387],[111.60396,-7.9937],[111.60368,-7.99388],[111.60386,-7.99512],[111.60321,-7.99569],[111.60343,-7.99594],[111.60345,-7.99632],[111.60461,-7.9962],[111.60475,-7.99722],[111.60499,-7.9978],[111.60427,-7.99805],[111.60407,-7.99836],[111.60425,-7.99874],[111.60436,-7.99875],[111.60397,-7.99911],[111.60344,-8.0]],[[111.60344,-8.0],[111.60322,-8.00018],[111.60335,-8.00174],[111.60297,-8.00291],[111.60254,-8.00328],[111.6023,-8.00295],[111.60202,-8.00331],[111.60187,-8.00379],[111.60206,-8.00431],[111.6018,-8.00505],[111.60185,-8.00597],[111.60142,-8.00681],[111.60042,-8.0075],[111.5999,-8.00864],[111.59944,-8.00904],[111.59915,-8.01133],[111.5986,-8.01229],[111.59812,-8.01348],[111.59809,-8.01394],[111.59868,-8.01492],[111.59867,-8.01588],[111.59745,-8.01746],[111.59712,-8.01769],[111.59676,-8.01698],[111.59661,-8.01689],[111.59621,-8.01587],[111.59591,-8.01569],[111.5959,-8.01687],[111.59521,-8.01815],[111.59485,-8.01848]]]}},{"type":"Feature","properties":{"NAMOBJ":"125","REMARK":"Garis Kontur","JNSKNT":2,"VALKNT":125},"geometry":{"type":"MultiLineString","coordinates":[[[111.54569,-7.93297],[111.5461,-7.93289],[111.54685,-7.93308],[111.54588,-7.93298],[111.54544,-7.93335]],[[111.54536,-7.9335],[111.5453,-7.93367],[111.54463,-7.93414]],[[111.54191,-7.93464],[111.54244,-7.93409],[111.54282,-7.93394],[111.54326,-7.93394],[111.5438,-7.93416]],[[111.54451,-7.93424],[111.54443,-7.93439],[111.54419,-7.93443],[111.54314,-7.93405],[111.54267,-7.93416],[111.54257,-7.93455],[111.54213,-7.93473],[111.54196,-7.93505]],[[111.54091,-7.9352],[111.54123,-7.93502]],[[111.54127,-7.93504],[111.54152,-7.93511]],[[111.54193,-7.93509],[111.54166,-7.93548],[111.54122,-7.93543],[111.5409,-7.93564]],[[111.53864,-7.93576],[111.53888,-7.93555]],[[111.53915,-7.93561],[111.53918,-7.93564]],[[111.54089,-7.93569],[111.54045,-7.93618],[111.53981,-7.93655],[111.53946,-7.93643],[111.53904,-7.93606],[111.53851,-7.93626],[111.53727,-7.93709],[111.5369,-7.9372],[111.53668,-7.93784],[111.53575,-7.93792],[111.53535,-7.93784],[111.53468,-7.9381],[111.53437,-7.93806],[111.5341,-7.93871],[111.53427,-7.93901],[111.53405,-7.93907],[111.53403,-7.93922],[111.5334,-7.93928],[111.53345,-7.93982],[111.53325,-7.93997],[111.53337,-7.94],[111.53338,-7.94073],[111.5332,-7.94136]],[[111.54011,-7.93587],[111.5404,-7.9358]],[[111.53994,-7.93594],[111.54008,-7.93587]],[[111.53783,-7.93622],[111.53804,-7.93636],[111.53818,-7.9361]],[[111.53766,-7.93623],[111.53771,-7.9362]],[[111.53458,-7.93693],[111.53474,-7.937]],[[111.53369,-7.9429],[111.5344,-7.94269],[111.53545,-7.94265],[111.53599,-7.94292],[111.53654,-7.94298],[111.53738,-7.94348],[111.53813,-7.94449],[111.53767,-7.94508],[111.53739,-7.9451],[111.5373,-7.9454],[111.53639,-7.94551],[111.53636,-7.9462],[111.53864,-7.94654],[111.53894,-7.94637],[111.53947,-7.94672],[111.53969,-7.94664],[111.53987,-7.94692],[111.53959,-7.94725],[111.5396,-7.9481],[111.53925,-7.94829],[111.53916,-7.9486],[111.53971,-7.94892],[111.54181,-7.94926],[111.54226,-7.94894],[111.54264,-7.94885],[111.5429,-7.94858],[111.54324,-7.94849],[111.54348,-7.94864],[111.54381,-7.94858],[111.54429,-7.94904],[111.5456,-7.94909],[111.5467,-7.94953],[111.54805,-7.94957],[111.54863,-7.94924],[111.54904,-7.94953],[111.54927,-7.94939],[111.54954,-7.94971],[111.54985,-7.94984],[111.55017,-7.94936],[111.55077,-7.94896],[111.55278,-7.94915],[111.55327,-7.94863],[111.55365,-7.94865],[111.55477,-7.9495],[111.55487,-7.94976],[111.55467,-7.94997],[111.55414,-7.94969],[111.55337,-7.95001],[111.55282,-7.94994],[111.5528,-7.94955],[111.55241,-7.94965],[111.55069,-7.94957],[111.55051,-7.94996],[111.55077,-7.95017],[111.55092,-7.95079],[111.55065,-7.95099],[111.55037,-7.95099],[111.55031,-7.95134],[111.54986,-7.95189],[111.54977,-7.95226],[111.54886,-7.95296],[111.54803,-7.95307],[111.54735,-7.95355],[111.54659,-7.95371],[111.54619,-7.95365],[111.54593,-7.95385],[111.54534,-7.95357],[111.54512,-7.9537],[111.54442,-7.95371],[111.54411,-7.95441],[111.54451,-7.95538],[111.54447,-7.95622],[111.54382,-7.95703],[111.54342,-7.95728],[111.54313,-7.95697],[111.54286,-7.95565],[111.54271,-7.95722],[111.54184,-7.9581],[111.54192,-7.95904],[111.54082,-7.95986]],[[111.53807,-7.95476],[111.53817,-7.95459],[111.53852,-7.95471],[111.53907,-7.95424],[111.53945,-7.95415],[111.53972,-7.95373],[111.54062,-7.95323],[111.5408,-7.95291],[111.53967,-7.95241],[111.53928,-7.95173],[111.53891,-7.95148],[111.53791,-7.95129],[111.53852,-7.95171],[111.53825,-7.95199],[111.53808,-7.95198],[111.53735,-7.95171],[111.53715,-7.95182],[111.53667,-7.95135],[111.53614,-7.95118],[111.53508,-7.95171],[111.53489,-7.95227],[111.53494,-7.95317],[111.53442,-7.95382],[111.53414,-7.95372],[111.5326,-7.95445],[111.53166,-7.95514]],[[111.53718,-7.95514],[111.53759,-7.95493]],[[111.53337,-7.95625],[111.53337,-7.95613],[111.53426,-7.95587],[111.53458,-7.95599],[111.53388,-7.95625]],[[111.53496,-7.95636],[111.53528,-7.95621],[111.53546,-7.95634]],[[111.5328,-7.95708],[111.53303,-7.957]],[[111.53255,-7.95711],[111.53259,-7.9571]],[[111.53515,-7.96681],[111.53482,-7.96786],[111.53531,-7.96828],[111.53535,-7.96897],[111.53563,-7.9689],[111.53579,-7.96857],[111.53577,-7.96685]],[[111.53688,-7.96899],[111.53684,-7.96913],[111.53629,-7.96888],[111.53612,-7.969],[111.53603,-7.96932],[111.53614,-7.97043],[111.53597,-7.96952],[111.53538,-7.96931],[111.53463,-7.96967],[111.53465,-7.96897],[111.53433,-7.96891],[111.53431,-7.96984],[111.53363,-7.97052],[111.53299,-7.97081],[111.53342,-7.97098],[111.53326,-7.9714],[111.53325,-7.97196],[111.5328,-7.97237],[111.53269,-7.97266],[111.53225,-7.97254],[111.53231,-7.97194],[111.53156,-7.97177],[111.53083,-7.97217],[111.5304,-7.97204],[111.52977,-7.97232],[111.52963,-7.97224],[111.52952,-7.97173]]]}},{"type":"Feature","properties":{"NAMOBJ":"425","REMARK":"Garis Kontur","JNSKNT":2,"VALKNT":425},"geometry":{"type":"LineString","coordinates":[[111.6519,-7.99385],[111.65153,-7.99381],[111.6514,-7.99387],[111.65152,-7.99408],[111.6519,-7.99385]]}},{"type":"Feature","properties":{"NAMOBJ":"375","REMARK":"Garis Kontur","JNSKNT":2,"VALKNT":375},"geometry":{"type":"LineString","coordinates":[[111.58112,-7.94101],[111.58048,-7.94037],[111.58071,-7.94093],[111.58123,-7.94141],[111.58133,-7.94176],[111.5821,-7.94237],[111.58206,-7.94263],[111.58232,-7.94327],[111.58246,-7.94416],[111.5824,-7.94615],[111.58198,-7.94655],[111.58192,-7.947],[111.58159,-7.94767],[111.58086,-7.94816],[111.58086,-7.94835],[111.58157,-7.94914],[111.5817,-7.94908],[111.58278,-7.94965],[111.58337,-7.94969],[111.58376,-7.94988],[111.58398,-7.95019],[111.58516,-7.95065],[111.58528,-7.95046],[111.58526,-7.95077],[111.58555,-7.95132],[111.58544,-7.95167],[111.58617,-7.9521],[111.58658,-7.9525],[111.58626,-7.95367],[111.58624,-7.95425],[111.58604,-7.95438],[111.5863,-7.95543],[111.58655,-7.95584],[111.58614,-7.9562],[111.58518,-7.95645],[111.58514,-7.95709],[111.58535,-7.95738],[111.5861,-7.958],[111.587,-7.95817],[111.58776,-7.95774],[111.58785,-7.95815],[111.58873,-7.95892],[111.58902,-7.9587],[111.5897,-7.9586],[111.58988,-7.95849],[111.58956,-7.95827],[111.58934,-7.95778],[111.58966,-7.9573],[111.58966,-7.95709],[111.58912,-7.95604],[111.58932,-7.95601],[111.58972,-7.95621],[111.59069,-7.95624],[111.59099,-7.9558],[111.59181,-7.95569],[111.59146,-7.95554],[111.59104,-7.95487],[111.59005,-7.95423],[111.58983,-7.95394],[111.58966,-7.95399],[111.588,-7.95314],[111.58754,-7.95268],[111.58923,-7.95092],[111.58905,-7.95001],[111.58917,-7.94956],[111.58805,-7.94957],[111.5879,-7.94932],[111.58748,-7.94911],[111.58696,-7.94914],[111.58681,-7.94904],[111.5862,-7.94979],[111.5858,-7.95005],[111.58544,-7.95019],[111.58505,-7.95012],[111.58488,-7.94931],[111.58504,-7.94889],[111.58508,-7.94742],[111.58491,-7.94708],[111.58451,-7.94678],[111.58535,-7.94603],[111.58475,-7.9454],[111.58469,-7.94444],[111.58494,-7.94379],[111.58535,-7.94347],[111.58506,-7.94322],[111.58414,-7.94291],[111.58383,-7.94264],[111.58335,-7.94264],[111.58354,-7.94254],[111.58346,-7.94243],[111.58227,-7.94168],[111.58168,-7.94103],[111.58112,-7.94101]]}},{"type":"Feature","properties":{"NAMOBJ":"587.5","REMARK":"Garis Kontur","JNSKNT":2,"VALKNT":587.5},"geometry":{"type":"LineString","coordinates":[[111.56577,-8.03983],[111.56642,-8.03971],[111.567,-8.03982],[111.56715,-8.03988],[111.56722,-8.04026],[111.5678,-8.03933],[111.56674,-8.03944],[111.5663,-8.03937],[111.56586,-8.03964],[111.56577,-8.03983]]}},{"type":"Feature","properties":{"NAMOBJ":"525","REMARK":"Garis Kontur","JNSKNT":2,"VALKNT":525},"geometry":{"type":"LineString","coordinates":[[111.61671,-7.95662],[111.61687,-7.95668],[111.61712,-7.95727],[111.61742,-7.95685],[111.61658,-7.95638],[111.61671,-7.95662]]}},{"type":"Feature","properties":{"NAMOBJ":"225","REMARK":"Garis Kontur","JNSKNT":2,"VALKNT":225},"geometry":{"type":"MultiLineString","coordinates":[[[111.57208,-7.92112],[111.57189,-7.92182],[111.57142,-7.92228],[111.57074,-7.92242],[111.57016,-7.92239],[111.56949,-7.92281],[111.56989,-7.92366],[111.5703,-7.92404],[111.57062,-7.9248],[111.57114,-7.92543],[111.57106,-7.9255],[111.57177,-7.92554],[111.57198,-7.92539],[111.57214,-7.92506],[111.57269,-7.92457],[111.5729,-7.92404],[111.57432,-7.92381]],[[111.57996,-7.92914],[111.57925,-7.92873],[111.57903,-7.92815],[111.57851,-7.92792],[111.5775,-7.92825],[111.577,-7.92867],[111.57629,-7.92884],[111.57626,-7.92909],[111.57604,-7.92929],[111.57473,-7.92898],[111.57384,-7.929],[111.57411,-7.92927],[111.57432,-7.92987],[111.57418,-7.93035],[111.57386,-7.9303],[111.57269,-7.93053],[111.57211,-7.93022],[111.57216,-7.93035],[111.57158,-7.93058],[111.57085,-7.93],[111.57072,-7.93024],[111.57038,-7.93036],[111.5705,-7.93097],[111.56988,-7.93153],[111.56949,-7.93126],[111.56915,-7.93121],[111.56789,-7.93158],[111.56865,-7.93179],[111.56838,-7.93295],[111.5695,-7.93288],[111.56977,-7.93327],[111.57014,-7.93326],[111.56962,-7.93447],[111.56967,-7.93462],[111.57034,-7.93473],[111.57065,-7.93461],[111.57137,-7.93452],[111.57159,-7.93463],[111.57186,-7.93453],[111.57236,-7.93473],[111.57258,-7.93535],[111.5734,-7.93544],[111.57372,-7.93535],[111.57418,-7.93557],[111.57472,-7.93509],[111.57533,-7.93512],[111.57526,-7.93457],[111.57537,-7.93423],[111.57569,-7.93368],[111.57622,-7.93323],[111.57701,-7.93342],[111.57798,-7.93326],[111.57827,-7.93295],[111.57835,-7.93228],[111.57894,-7.93188],[111.57939,-7.93116],[111.58062,-7.93088],[111.58091,-7.93036],[111.58185,-7.9301],[111.58236,-7.9303],[111.58243,-7.93081],[111.58308,-7.93055],[111.58356,-7.93057],[111.58407,-7.93179],[111.58437,-7.93184],[111.585,-7.93279],[111.58587,-7.93282],[111.5861,-7.93316],[111.58649,-7.93319],[111.58659,-7.93357],[111.58702,-7.93408],[111.58729,-7.9342],[111.58747,-7.93448],[111.58897,-7.93524],[111.58938,-7.93586],[111.59067,-7.93543],[111.59104,-7.93484],[111.59149,-7.9353],[111.5922,-7.9355],[111.59246,-7.93508]],[[111.58296,-7.93006],[111.58274,-7.93004]],[[111.6203,-7.93809],[111.62054,-7.93812],[111.6206,-7.93826],[111.6201,-7.93829],[111.61976,-7.93817],[111.61957,-7.9383],[111.61907,-7.9383],[111.61891,-7.93817],[111.619,-7.93796],[111.61812,-7.93754],[111.61798,-7.93848],[111.61779,-7.93835],[111.61771,-7.93778],[111.61717,-7.93746],[111.61606,-7.93778],[111.61556,-7.93773],[111.61516,-7.93808],[111.61503,-7.93763],[111.61419,-7.93722],[111.61375,-7.93677],[111.61353,-7.93672],[111.61316,-7.93688],[111.61285,-7.93741],[111.61179,-7.93835],[111.61132,-7.9383],[111.61138,-7.93871],[111.61178,-7.93899],[111.61091,-7.93883],[111.61061,-7.93916],[111.61058,-7.93886],[111.61087,-7.93811],[111.61067,-7.93806],[111.61061,-7.9379],[111.61051,-7.93718],[111.61082,-7.93695],[111.6106,-7.93679],[111.61019,-7.93672],[111.60986,-7.93701],[111.60922,-7.93724],[111.60797,-7.93724],[111.60769,-7.93707],[111.60754,-7.93672],[111.60719,-7.93671],[111.60632,-7.93752],[111.60609,-7.93719],[111.60574,-7.93727],[111.60546,-7.93666],[111.60402,-7.93653],[111.6033,-7.93604],[111.60302,-7.93611],[111.60294,-7.9354],[111.60253,-7.9357],[111.60225,-7.93562],[111.60188,-7.93525],[111.60158,-7.93569],[111.60079,-7.93577],[111.60038,-7.93564],[111.60025,-7.93543],[111.59974,-7.93564],[111.59946,-7.93518],[111.59918,-7.93399],[111.59861,-7.93357],[111.59824,-7.9341],[111.59796,-7.93492],[111.59708,-7.93467],[111.59674,-7.93416],[111.59602,-7.93464],[111.59487,-7.93476],[111.59501,-7.93544],[111.59515,-7.9356],[111.59494,-7.93581],[111.59458,-7.93724],[111.59438,-7.93746],[111.5938,-7.9374],[111.5934,-7.9379],[111.59282,-7.93811],[111.59288,-7.93835],[111.59203,-7.93855],[111.59237,-7.93964],[111.59201,-7.93991],[111.59197,-7.94046],[111.59207,-7.94069],[111.59185,-7.9407],[111.59161,-7.94095],[111.59136,-7.94091],[111.59091,-7.94057],[111.59047,-7.94058],[111.59018,-7.94037],[111.5896,-7.93954],[111.58898,-7.93934],[111.58855,-7.93935],[111.58769,-7.9387],[111.58782,-7.9391],[111.58823,-7.93934],[111.58884,-7.94027],[111.58967,-7.94087],[111.58974,-7.94116],[111.59006,-7.94143],[111.59015,-7.94171],[111.59047,-7.94177],[111.59097,-7.94223],[111.59086,-7.94253],[111.59065,-7.94268],[111.58968,-7.94279],[111.58906,-7.94256],[111.58885,-7.94299],[111.58881,-7.94355],[111.58922,-7.94406],[111.58943,-7.9441],[111.58973,-7.94445],[111.59071,-7.94469],[111.59055,-7.94531],[111.59121,-7.94566],[111.5914,-7.9463],[111.59205,-7.94628],[111.59229,-7.9469],[111.59226,-7.94725],[111.59289,-7.94717],[111.59248,-7.948],[111.5931,-7.94842],[111.59277,-7.94906],[111.59312,-7.95031],[111.59299,-7.95142],[111.59308,-7.95178],[111.59295,-7.95222],[111.59318,-7.95263],[111.59362,-7.95297],[111.59413,-7.95281],[111.59421,-7.95255],[111.59478,-7.95213],[111.59469,-7.95302],[111.59522,-7.95325],[111.5948,-7.95359],[111.59476,-7.95431],[111.59487,-7.95466],[111.59458,-7.95453],[111.59469,-7.95392],[111.59462,-7.95319],[111.59424,-7.95298],[111.59352,-7.95343],[111.59317,-7.95347],[111.59315,-7.95317],[111.59258,-7.95295],[111.59194,-7.95207],[111.59156,-7.95186],[111.59193,-7.95141],[111.59207,-7.95096],[111.59229,-7.95084],[111.59233,-7.9504],[111.59187,-7.94979],[111.59199,-7.94945],[111.59174,-7.94842],[111.59155,-7.94851],[111.59132,-7.94827],[111.59125,-7.94746],[111.59091,-7.9472],[111.59061,-7.94673],[111.58982,-7.94679],[111.58951,-7.94586],[111.5889,-7.94529],[111.58784,-7.94476],[111.58765,-7.94478],[111.58732,-7.94355],[111.5875,-7.94223],[111.58741,-7.94153],[111.58686,-7.94125],[111.58595,-7.94106],[111.58491,-7.94002],[111.5847,-7.93949],[111.58402,-7.93878],[111.58346,-7.93849],[111.58382,-7.93793],[111.58388,-7.93722],[111.58423,-7.93658],[111.58332,-7.93616],[111.58262,-7.93602],[111.58231,-7.93557],[111.58184,-7.93521],[111.58167,-7.93465],[111.58189,-7.93401],[111.58188,-7.93348],[111.58113,-7.9328],[111.58079,-7.93365],[111.58117,-7.93451],[111.58076,-7.93559],[111.58077,-7.93599],[111.58055,-7.93591],[111.57963,-7.93665],[111.57839,-7.93687],[111.57801,-7.93681],[111.57772,-7.93654],[111.57731,-7.93657],[111.5773,-7.93692],[111.57792,-7.93722],[111.57795,-7.93894],[111.57782,-7.93896],[111.57741,-7.93862],[111.57681,-7.93875],[111.57671,-7.93857],[111.57624,-7.93873],[111.57539,-7.93926],[111.57508,-7.94003],[111.57435,-7.94068],[111.57421,-7.94148],[111.57432,-7.94179],[111.57446,-7.94152],[111.57449,-7.94083],[111.57515,-7.94024],[111.57568,-7.94039],[111.57615,-7.94022],[111.57706,-7.94048],[111.57732,-7.94092],[111.57746,-7.94167],[111.578,-7.94243],[111.57825,-7.94354],[111.57861,-7.9439],[111.57885,-7.94384],[111.57867,-7.94458],[111.57896,-7.9453],[111.57898,-7.94625],[111.57914,-7.94642],[111.57854,-7.94697],[111.5781,-7.94802],[111.57838,-7.94925],[111.57911,-7.95026],[111.57949,-7.95115],[111.57976,-7.95132],[111.58003,-7.95116],[111.58094,-7.95148],[111.58137,-7.95199],[111.58147,-7.95268],[111.58243,-7.95318],[111.58285,-7.95356],[111.58344,-7.95379],[111.58374,-7.9542],[111.58319,-7.95454],[111.58274,-7.95539],[111.58264,-7.95604],[111.58234,-7.95622],[111.58212,-7.95765],[111.58245,-7.95831],[111.58279,-7.95823],[111.58347,-7.95895],[111.58399,-7.95926],[111.58429,-7.95968],[111.58358,-7.96075],[111.58268,-7.96134],[111.58277,-7.96158],[111.58245,-7.9624],[111.58256,-7.96244],[111.58249,-7.96262],[111.58193,-7.96306],[111.58139,-7.96325],[111.58249,-7.96409],[111.58343,-7.96519],[111.58348,-7.9656],[111.58423,-7.96679],[111.58471,-7.96728],[111.58579,-7.96756],[111.58636,-7.96851],[111.58674,-7.9686],[111.58696,-7.96911],[111.58742,-7.96931],[111.58778,-7.96967],[111.58877,-7.9698],[111.5894,-7.97012],[111.58969,-7.97074],[111.58996,-7.9707],[111.59007,-7.9705],[111.59043,-7.97048],[111.58968,-7.97106],[111.58994,-7.97158],[111.58939,-7.97169],[111.58902,-7.97194],[111.58877,-7.97235],[111.58914,-7.97342],[111.58957,-7.974],[111.58992,-7.9742],[111.59079,-7.97417],[111.59158,-7.97382],[111.59189,-7.97414],[111.59219,-7.97419],[111.59272,-7.97386],[111.59334,-7.97446],[111.5941,-7.97437],[111.59433,-7.97457],[111.59485,-7.97438],[111.59576,-7.97506],[111.5958,-7.97529],[111.59602,-7.97548],[111.59649,-7.97565],[111.59691,-7.97556],[111.59624,-7.97611],[111.5958,-7.97577],[111.59545,-7.97574],[111.59501,-7.97547],[111.59434,-7.97631],[111.59425,-7.97674],[111.59386,-7.9768],[111.59335,-7.97656],[111.59326,-7.97669],[111.5934,-7.97703],[111.59307,-7.9771],[111.59298,-7.97734],[111.59256,-7.97694],[111.59247,-7.97711],[111.59183,-7.97691],[111.59107,-7.97716],[111.59128,-7.97751],[111.59131,-7.97796],[111.59165,-7.97857],[111.59149,-7.97875],[111.59159,-7.97929],[111.59129,-7.97923],[111.5909,-7.97943],[111.58993,-7.97923],[111.58968,-7.97934],[111.5895,-7.97964],[111.5892,-7.97932],[111.58852,-7.97916],[111.58805,-7.9792],[111.58783,-7.97937],[111.58727,-7.97921],[111.58692,-7.97939],[111.58615,-7.97946],[111.5854,-7.97933],[111.58451,-7.97937],[111.58454,-7.97994],[111.58499,-7.98074],[111.58584,-7.98107],[111.58585,-7.98157],[111.58656,-7.98325],[111.58706,-7.98375],[111.58733,-7.98355],[111.58769,-7.98363],[111.58786,-7.9841],[111.5878,-7.98441],[111.58826,-7.98473],[111.58799,-7.98486],[111.58814,-7.98542],[111.58772,-7.98599],[111.58783,-7.98615],[111.58824,-7.98626],[111.58766,-7.98687],[111.58744,-7.98748],[111.58675,-7.98722],[111.58611,-7.98716],[111.58524,-7.98645],[111.58443,-7.9867],[111.58466,-7.9876],[111.58507,-7.98827],[111.58503,-7.98891],[111.58537,-7.9906],[111.58587,-7.99145],[111.58646,-7.99205],[111.58735,-7.99232],[111.58782,-7.99222],[111.58755,-7.99331],[111.58767,-7.99355],[111.588,-7.99388],[111.5891,-7.99403],[111.58903,-7.99444],[111.58883,-7.99477],[111.58937,-7.99483],[111.59023,-7.99541],[111.59083,-7.99606],[111.59044,-7.99616],[111.59021,-7.99638],[111.59024,-7.99652],[111.59012,-7.99652],[111.58969,-7.9963],[111.58943,-7.9959],[111.58904,-7.99584],[111.5891,-7.99721],[111.58845,-7.99666],[111.58809,-7.99598],[111.58711,-7.99588],[111.5869,-7.99571],[111.58671,-7.99609],[111.58625,-7.99652],[111.58627,-7.99729],[111.58601,-7.99713],[111.58583,-7.99724],[111.58522,-7.99808],[111.58515,-7.99866],[111.58478,-7.9991],[111.58473,-7.9998],[111.5845,-8.00051],[111.58533,-8.00198],[111.58428,-8.0018],[111.58364,-8.00105],[111.58342,-8.00055],[111.58324,-8.00103],[111.58345,-8.00137],[111.58357,-8.00208],[111.58393,-8.00276],[111.58348,-8.00349],[111.58268,-8.00361],[111.58251,-8.00374],[111.58281,-8.00299],[111.5827,-8.00269],[111.58165,-8.00299],[111.58123,-8.00336],[111.58094,-8.00374],[111.58089,-8.00429],[111.58117,-8.00526],[111.58102,-8.00532],[111.58075,-8.0048],[111.58008,-8.00548],[111.57971,-8.00643],[111.58005,-8.00691],[111.57961,-8.00668],[111.57935,-8.00582],[111.57904,-8.00645],[111.57856,-8.00637],[111.57826,-8.0066],[111.5781,-8.00657],[111.57846,-8.006],[111.57897,-8.00609],[111.57925,-8.00556],[111.57986,-8.00541],[111.57991,-8.00412],[111.58021,-8.00301],[111.58087,-8.00184],[111.58066,-8.0019],[111.57999,-8.00271],[111.57963,-8.00281],[111.57936,-8.00308],[111.5789,-8.00316],[111.5789,-8.00229],[111.57929,-8.00059],[111.5793,-8.00007],[111.57914,-7.99971],[111.5788,-7.99969],[111.57904,-7.9993],[111.5793,-7.9993],[111.57954,-7.99911],[111.57956,-7.99879],[111.58006,-7.99802],[111.58,-7.99708],[111.58026,-7.99627],[111.58003,-7.99581],[111.57991,-7.99511],[111.57959,-7.99505],[111.5782,-7.99539],[111.57837,-7.99511],[111.57785,-7.99468],[111.57776,-7.99441],[111.57803,-7.99445],[111.57811,-7.9942],[111.57861,-7.99388],[111.57863,-7.99345],[111.57878,-7.99327],[111.57808,-7.99319],[111.57772,-7.99279],[111.57765,-7.99119],[111.57702,-7.9905],[111.57736,-7.98924],[111.57732,-7.98888],[111.57708,-7.98896],[111.57698,-7.98875],[111.5764,-7.9889],[111.57617,-7.98909],[111.57573,-7.98992],[111.57534,-7.99008],[111.57504,-7.99],[111.57436,-7.99015],[111.57419,-7.98984],[111.57427,-7.98957],[111.57361,-7.98951],[111.57248,-7.99004],[111.57142,-7.99084],[111.57165,-7.99026],[111.57173,-7.98965],[111.57191,-7.98938],[111.57119,-7.98917],[111.57072,-7.98927],[111.57088,-7.98839],[111.57059,-7.98757],[111.57044,-7.98657],[111.57024,-7.98641],[111.57056,-7.98628],[111.57042,-7.9857],[111.56969,-7.98538],[111.56977,-7.98515],[111.57029,-7.98506],[111.5708,-7.98457],[111.57089,-7.98349],[111.57059,-7.98332],[111.56986,-7.98352],[111.5686,-7.98356],[111.56772,-7.98278],[111.5677,-7.98258],[111.56803,-7.98228],[111.5676,-7.98157],[111.56786,-7.9807],[111.5677,-7.97931],[111.56661,-7.9779],[111.56656,-7.97739],[111.56635,-7.97797],[111.56551,-7.97898],[111.5653,-7.97946],[111.56469,-7.98023],[111.56396,-7.98047],[111.56368,-7.98072],[111.56411,-7.98332],[111.56459,-7.98412],[111.56462,-7.98448],[111.56401,-7.98485],[111.5638,-7.98564],[111.5635,-7.98566],[111.56356,-7.98518],[111.56332,-7.98436],[111.5624,-7.98455],[111.56136,-7.98435],[111.5613,-7.98326],[111.5607,-7.98275],[111.5608,-7.98245],[111.56061,-7.98183],[111.55991,-7.98143],[111.55972,-7.98145],[111.55986,-7.98079],[111.55953,-7.98064],[111.55887,-7.97978],[111.55892,-7.97891],[111.5588,-7.97886],[111.55855,-7.97823],[111.55852,-7.9777],[111.55865,-7.97754],[111.5573,-7.9772],[111.55735,-7.9767],[111.557,-7.9766],[111.55686,-7.97566],[111.55599,-7.97535],[111.55642,-7.97462],[111.55606,-7.97452],[111.5554,-7.97392],[111.55541,-7.9734],[111.55572,-7.97295],[111.55529,-7.97256],[111.55524,-7.9721],[111.55433,-7.97194],[111.55418,-7.97196],[111.55432,-7.97327],[111.55416,-7.9736],[111.55364,-7.97406],[111.55406,-7.9743],[111.55428,-7.97461],[111.55413,-7.97483],[111.55378,-7.97493],[111.55391,-7.97512],[111.5538,-7.97552],[111.55383,-7.97629],[111.55375,-7.97636],[111.55333,-7.97612],[111.55304,-7.9763],[111.55265,-7.97579],[111.55141,-7.97718],[111.55051,-7.97744],[111.55023,-7.97797],[111.54969,-7.97809],[111.55001,-7.97813],[111.5505,-7.97868],[111.55116,-7.97896],[111.55076,-7.9798],[111.55039,-7.98017],[111.55046,-7.98049],[111.55016,-7.98115],[111.55032,-7.98195],[111.54967,-7.98254],[111.54897,-7.98255],[111.54868,-7.98234],[111.54822,-7.98262],[111.54813,-7.98338],[111.54832,-7.98399],[111.5477,-7.98454],[111.54805,-7.98522],[111.54891,-7.98511],[111.54892,-7.98545],[111.5493,-7.98604],[111.54965,-7.98608],[111.55004,-7.98592],[111.55028,-7.98663],[111.5507,-7.98706],[111.55094,-7.9869],[111.55079,-7.98716],[111.55094,-7.98789],[111.55135,-7.98823],[111.55166,-7.98884],[111.55213,-7.98886],[111.55224,-7.98965],[111.55276,-7.99027],[111.55382,-7.99094],[111.55273,-7.99144],[111.55233,-7.9915],[111.55213,-7.9921],[111.55252,-7.99272],[111.55187,-7.99307],[111.55183,-7.99354],[111.55161,-7.99339],[111.55121,-7.99273],[111.55087,-7.99257],[111.55013,-7.99251],[111.54997,-7.99278],[111.55007,-7.99435],[111.54965,-7.99483],[111.54971,-7.99514],[111.54958,-7.99579],[111.54967,-7.99615],[111.54898,-7.99541],[111.54826,-7.99535],[111.54758,-7.99441],[111.54716,-7.99412],[111.54691,-7.99347],[111.54645,-7.99291],[111.54559,-7.993],[111.54556,-7.99335],[111.54512,-7.99428],[111.54543,-7.99507],[111.54605,-7.99564],[111.54638,-7.99573],[111.54618,-7.99615],[111.54661,-7.99876],[111.5471,-7.99927],[111.54773,-7.9994],[111.54749,-7.99964],[111.54739,-8.00016],[111.54736,-8.00035],[111.54754,-8.00061],[111.54703,-8.0014],[111.54689,-8.00146],[111.54745,-8.0018],[111.54685,-8.00189],[111.54692,-8.00212],[111.5473,-8.00232],[111.54756,-8.00283],[111.5477,-8.00327],[111.54766,-8.00384],[111.54713,-8.0034],[111.54698,-8.00304],[111.54667,-8.00337],[111.54632,-8.00288],[111.54607,-8.00274],[111.54421,-8.00318],[111.54423,-8.00245],[111.54379,-8.00148],[111.54405,-8.00096],[111.54397,-8.0006],[111.54276,-8.0],[111.54191,-7.99977],[111.54124,-8.0],[111.54103,-8.00032],[111.54059,-8.00057],[111.54044,-8.0012],[111.54055,-8.00187],[111.54082,-8.00239],[111.54035,-8.00296],[111.54049,-8.00311],[111.54042,-8.00329],[111.54012,-8.00349],[111.53991,-8.00383],[111.53976,-8.00463],[111.53919,-8.00456],[111.53893,-8.00483],[111.53915,-8.0049],[111.53919,-8.0051],[111.53872,-8.0053],[111.53852,-8.00526],[111.53822,-8.00504],[111.53833,-8.00467],[111.53803,-8.00436],[111.5372,-8.00423],[111.53644,-8.0039],[111.53662,-8.00364],[111.53641,-8.00309],[111.5357,-8.00308],[111.53586,-8.0023],[111.53643,-8.00154],[111.53656,-7.99984],[111.53642,-7.9993],[111.53537,-7.99968],[111.53456,-7.99923],[111.53382,-7.99964]],[[111.61893,-7.93739],[111.61966,-7.93778]],[[111.61971,-7.93782],[111.6198,-7.93791]]]}},{"type":"Feature","properties":{"NAMOBJ":"475","REMARK":"Garis Kontur","JNSKNT":2,"VALKNT":475},"geometry":{"type":"LineString","coordinates":[[111.59889,-7.97152],[111.59913,-7.97188],[111.59933,-7.97192],[111.59939,-7.97102],[111.59884,-7.97065],[111.5987,-7.97125],[111.59889,-7.97152]]}},{"type":"Feature","properties":{"NAMOBJ":"337.5","REMARK":"Garis Kontur","JNSKNT":2,"VALKNT":337.5},"geometry":{"type":"LineString","coordinates":[[111.53845,-8.01375],[111.53904,-8.01338],[111.53955,-8.01351],[111.53984,-8.0132],[111.53978,-8.01244],[111.54001,-8.01222],[111.5409,-8.01222],[111.54149,-8.01265],[111.54197,-8.01237],[111.54229,-8.01239],[111.54222,-8.01111],[111.54183,-8.01048],[111.54194,-8.00998],[111.54252,-8.00953],[111.54334,-8.00983],[111.54339,-8.00856],[111.54392,-8.00844],[111.54369,-8.00738],[111.54424,-8.00692],[111.54362,-8.00629],[111.54351,-8.00604],[111.54314,-8.00581],[111.54266,-8.00502],[111.54246,-8.0049],[111.54238,-8.00401],[111.54309,-8.00523],[111.54352,-8.00572],[111.54372,-8.00578],[111.54416,-8.00543],[111.54439,-8.00586],[111.54511,-8.00585],[111.54511,-8.00608],[111.54538,-8.00642],[111.54606,-8.00693],[111.54642,-8.00697],[111.54674,-8.00758],[111.54689,-8.0075],[111.54715,-8.00787],[111.54755,-8.00595],[111.54802,-8.00616],[111.54832,-8.00654],[111.54888,-8.00625],[111.54924,-8.00666],[111.54981,-8.00675],[111.55017,-8.0059],[111.55002,-8.00477],[111.55126,-8.00476],[111.55048,-8.00362],[111.55085,-8.00335],[111.55177,-8.0033],[111.55157,-8.00301],[111.55139,-8.00209],[111.55083,-8.00188],[111.55097,-8.00142],[111.55046,-8.00051],[111.54978,-8.0]]}},{"type":"Feature","properties":{"NAMOBJ":"650","REMARK":"Garis Kontur","JNSKNT":1,"VALKNT":650},"geometry":{"type":"LineString","coordinates":[[111.5626,-8.0],[111.56278,-7.9995],[111.56248,-7.9997],[111.56177,-7.99957],[111.5613,-7.99917],[111.56093,-7.99839],[111.56058,-7.99827],[111.56068,-7.99871],[111.56041,-7.99917],[111.56036,-8.0],[111.5606,-8.0006],[111.56065,-8.00217],[111.56097,-8.00048],[111.56251,-8.00034],[111.5626,-8.0]]}},{"type":"Feature","properties":{"NAMOBJ":"662.5","REMARK":"Garis Kontur","JNSKNT":2,"VALKNT":662.5},"geometry":{"type":"LineString","coordinates":[[111.65276,-7.97347],[111.65298,-7.97362],[111.65307,-7.97333],[111.65283,-7.97327],[111.65276,-7.97347]]}},{"type":"Feature","properties":{"NAMOBJ":"600","REMARK":"Garis Kontur","JNSKNT":1,"VALKNT":600},"geometry":{"type":"LineString","coordinates":[[111.59863,-7.94428],[111.59869,-7.94404],[111.59855,-7.94282],[111.59819,-7.94388],[111.59835,-7.94423],[111.59863,-7.94428]]}},{"type":"Feature","properties":{"NAMOBJ":"475","REMARK":"Garis Kontur","JNSKNT":2,"VALKNT":475},"geometry":{"type":"MultiLineString","coordinates":[[[111.58127,-8.02888],[111.58089,-8.02884],[111.5808,-8.02897],[111.58026,-8.02856],[111.57958,-8.02707],[111.5796,-8.02581],[111.5799,-8.02546],[111.58011,-8.02439],[111.58079,-8.02402],[111.58122,-8.0236],[111.58162,-8.02314],[111.58152,-8.02297],[111.58231,-8.02299],[111.58259,-8.02224],[111.58332,-8.0225],[111.58375,-8.02132],[111.58361,-8.02065],[111.58445,-8.02072],[111.58514,-8.02062],[111.58545,-8.0196],[111.58573,-8.01957],[111.58591,-8.01918],[111.58627,-8.01896],[111.58548,-8.0186],[111.58541,-8.01794],[111.58623,-8.01709],[111.58673,-8.01624],[111.58677,-8.01587],[111.58741,-8.01537],[111.58701,-8.01533],[111.58644,-8.01488],[111.58681,-8.01386],[111.5877,-8.01384],[111.58783,-8.01354],[111.58828,-8.01316],[111.58847,-8.01238],[111.58894,-8.01253],[111.58993,-8.0124],[111.59014,-8.01152],[111.59077,-8.01095],[111.59034,-8.01045],[111.59045,-8.00938],[111.59114,-8.00791],[111.59172,-8.00748],[111.59233,-8.00758],[111.59287,-8.00748],[111.59325,-8.00684],[111.59339,-8.006],[111.59403,-8.00614],[111.59408,-8.00472],[111.5933,-8.00357],[111.59437,-8.00323],[111.59442,-8.00302],[111.59519,-8.00268],[111.59635,-8.00246],[111.59694,-8.00278],[111.59737,-8.00224],[111.59759,-8.00224],[111.59748,-8.00171],[111.59719,-8.00123],[111.59715,-8.00046],[111.59748,-7.99958],[111.59795,-7.99883],[111.59806,-7.99872],[111.5983,-7.99874],[111.59809,-7.99808],[111.59812,-7.99766],[111.59886,-7.99752],[111.59882,-7.99693],[111.599,-7.99681],[111.5983,-7.99649],[111.59791,-7.99584],[111.59791,-7.99546],[111.59761,-7.99508],[111.59796,-7.99509],[111.59853,-7.99548],[111.59934,-7.99537],[111.5999,-7.99509],[111.60023,-7.99518],[111.60016,-7.99443],[111.59986,-7.99412],[111.59961,-7.99324],[111.60038,-7.99314],[111.60075,-7.9933],[111.60108,-7.9932],[111.60086,-7.99236],[111.60096,-7.99228],[111.60093,-7.99143],[111.60108,-7.99125],[111.60161,-7.9914],[111.60162,-7.99062],[111.60103,-7.98999],[111.60166,-7.98945],[111.60129,-7.98916],[111.60064,-7.98892],[111.60028,-7.98849],[111.59986,-7.98832],[111.59975,-7.98901],[111.5991,-7.98916],[111.59875,-7.98904],[111.59826,-7.98922],[111.59728,-7.98897],[111.59641,-7.98961],[111.59598,-7.98952],[111.59579,-7.98932],[111.59593,-7.98872],[111.59589,-7.98824],[111.59558,-7.98777],[111.59617,-7.98733],[111.59558,-7.98681],[111.59551,-7.98615],[111.59622,-7.98612],[111.59675,-7.98558],[111.59701,-7.9843],[111.59773,-7.98349],[111.59736,-7.98289],[111.59854,-7.98205],[111.5989,-7.98034],[111.5994,-7.97982],[111.59966,-7.97929],[111.60009,-7.9794],[111.60018,-7.98002],[111.60009,-7.9809],[111.60019,-7.9821],[111.59989,-7.98314],[111.60006,-7.9835],[111.60002,-7.98386],[111.60024,-7.98398],[111.60072,-7.98495],[111.60148,-7.98514],[111.60162,-7.98502],[111.6016,-7.98537],[111.60185,-7.98595],[111.60178,-7.98665],[111.60267,-7.98676],[111.60304,-7.98778],[111.6034,-7.98803],[111.60391,-7.98787],[111.60485,-7.987],[111.60502,-7.98709],[111.60525,-7.98768],[111.60583,-7.98752],[111.60606,-7.98728],[111.60646,-7.98789],[111.60718,-7.98783],[111.60901,-7.9861],[111.60914,-7.98586],[111.60972,-7.98551],[111.60896,-7.98511],[111.6086,-7.98475],[111.6083,-7.98326],[111.60878,-7.98263],[111.60921,-7.98257],[111.60859,-7.98218],[111.60812,-7.98142],[111.6086,-7.9809],[111.60887,-7.98019],[111.6088,-7.97845],[111.60958,-7.97733],[111.60966,-7.97689],[111.61055,-7.97648],[111.61077,-7.97621],[111.61087,-7.97593],[111.61082,-7.97546],[111.61114,-7.9756],[111.61279,-7.97572],[111.61323,-7.97606],[111.61372,-7.97537],[111.61393,-7.97436],[111.61443,-7.97485],[111.61465,-7.97675],[111.61496,-7.97659],[111.61619,-7.97658],[111.6166,-7.97675],[111.61699,-7.97753],[111.61731,-7.9769],[111.61762,-7.97664],[111.61695,-7.97632],[111.61656,-7.97557],[111.61658,-7.97498],[111.61699,-7.97438],[111.61706,-7.97362],[111.61791,-7.97356],[111.61825,-7.97312],[111.61803,-7.9724],[111.6189,-7.97083],[111.61974,-7.97078],[111.61998,-7.97061],[111.61971,-7.9701],[111.61969,-7.96964],[111.62065,-7.96912],[111.62119,-7.96833],[111.62203,-7.96792],[111.62193,-7.96784],[111.62226,-7.96753],[111.62324,-7.96779],[111.62428,-7.96777],[111.62492,-7.96734],[111.62513,-7.96688],[111.62524,-7.96692],[111.62534,-7.96734],[111.62586,-7.9674],[111.62654,-7.9671],[111.62698,-7.96663],[111.62679,-7.96706],[111.62708,-7.9674],[111.62746,-7.96752],[111.62813,-7.96728],[111.62749,-7.96735],[111.62741,-7.9672],[111.62744,-7.96653],[111.62794,-7.96607],[111.62794,-7.96549],[111.6274,-7.96592],[111.62719,-7.96589],[111.62717,-7.96617],[111.62594,-7.96659],[111.62517,-7.9661],[111.62495,-7.96573],[111.62474,-7.9662],[111.62455,-7.96623],[111.62421,-7.96654],[111.62392,-7.96657],[111.6231,-7.966],[111.62187,-7.96657],[111.62146,-7.96662],[111.62109,-7.96691],[111.62061,-7.9663],[111.62066,-7.96597],[111.6202,-7.96626],[111.62021,-7.96703],[111.62001,-7.96735],[111.61976,-7.96729],[111.61846,-7.96754],[111.61828,-7.96745],[111.61807,-7.96801],[111.61742,-7.96851],[111.61754,-7.96954],[111.61614,-7.96995],[111.61524,-7.96982],[111.61475,-7.96929],[111.61442,-7.97034],[111.61444,-7.97068],[111.61352,-7.97061],[111.61339,-7.97069],[111.61332,-7.97053],[111.61253,-7.97062],[111.61233,-7.97028],[111.61233,-7.96945],[111.61146,-7.96863],[111.611,-7.96768],[111.61069,-7.96799],[111.61042,-7.96801],[111.61054,-7.96779],[111.61025,-7.9672],[111.61021,-7.96583],[111.60988,-7.96523],[111.60991,-7.9651],[111.61019,-7.96523],[111.61184,-7.96451],[111.6114,-7.96433],[111.61065,-7.9645],[111.61018,-7.96436],[111.60987,-7.96445],[111.60949,-7.96407],[111.60915,-7.964],[111.60909,-7.96374],[111.6088,-7.96345],[111.60841,-7.9633],[111.60863,-7.96304],[111.60986,-7.96298],[111.61014,-7.96261],[111.61046,-7.96181],[111.61061,-7.96168],[111.61093,-7.96178],[111.6106,-7.96139],[111.60974,-7.96116],[111.60961,-7.96],[111.60982,-7.95939],[111.61011,-7.95901],[111.60995,-7.95816],[111.61005,-7.95794],[111.61032,-7.95759],[111.61121,-7.95726],[111.6115,-7.95679],[111.61052,-7.95631],[111.61008,-7.9565],[111.60979,-7.95633],[111.60951,-7.95651],[111.60924,-7.95651],[111.60899,-7.95711],[111.60873,-7.95731],[111.60825,-7.95617],[111.60832,-7.95478],[111.60797,-7.95498],[111.60754,-7.95549],[111.60718,-7.95614],[111.60722,-7.95627],[111.60642,-7.95748],[111.60578,-7.95746],[111.60527,-7.95703],[111.60492,-7.9564],[111.60472,-7.95507],[111.60448,-7.95559],[111.60422,-7.9558],[111.60389,-7.95674],[111.60309,-7.95656],[111.60347,-7.95578],[111.60326,-7.95525],[111.60342,-7.95438],[111.60291,-7.95366],[111.60289,-7.95338],[111.60331,-7.95267],[111.60376,-7.95241],[111.60382,-7.95213],[111.60254,-7.95204],[111.6022,-7.95195],[111.6021,-7.95179],[111.60159,-7.95178],[111.60148,-7.95161],[111.60074,-7.95182],[111.60062,-7.95161],[111.60068,-7.95143],[111.60043,-7.95107],[111.60002,-7.95125],[111.59971,-7.95167],[111.59919,-7.95159],[111.59885,-7.95185],[111.59901,-7.95141],[111.59887,-7.95083],[111.59904,-7.95064],[111.59881,-7.94989],[111.59933,-7.94927],[111.59868,-7.94897],[111.5986,-7.9485],[111.59822,-7.94804],[111.59844,-7.94783],[111.59835,-7.94763],[111.59742,-7.94701],[111.59711,-7.94645],[111.59711,-7.94595],[111.59746,-7.94576],[111.59757,-7.94555],[111.59757,-7.9454],[111.59731,-7.9453],[111.59731,-7.94504],[111.59748,-7.94443],[111.59746,-7.94386],[111.59771,-7.94336],[111.59772,-7.94235],[111.59836,-7.9417],[111.59889,-7.94187],[111.59928,-7.94179],[111.59958,-7.94232],[111.59947,-7.9426],[111.5996,-7.94276],[111.59986,-7.94384],[111.60019,-7.94374],[111.60054,-7.94386],[111.60089,-7.9442],[111.60155,-7.94449],[111.60227,-7.94436],[111.60265,-7.94451],[111.60325,-7.94425],[111.6039,-7.94425],[111.60396,-7.9446],[111.60427,-7.94505],[111.60478,-7.94513],[111.60498,-7.94547],[111.60527,-7.94531],[111.60563,-7.94533],[111.60606,-7.946],[111.60699,-7.94591],[111.60721,-7.94669],[111.60822,-7.94697],[111.60816,-7.94765],[111.60779,-7.94805],[111.60797,-7.94827],[111.608,-7.94873],[111.60868,-7.94902],[111.60872,-7.94932],[111.6081,-7.9499],[111.60799,-7.95109],[111.60737,-7.95149],[111.60693,-7.95224],[111.60649,-7.95254],[111.60712,-7.95349],[111.60731,-7.95344],[111.60788,-7.95288],[111.60972,-7.9522],[111.61029,-7.95158],[111.61126,-7.95131],[111.61116,-7.95254],[111.6109,-7.95316],[111.61103,-7.95326],[111.61205,-7.95316],[111.61217,-7.95383],[111.61201,-7.95458],[111.61216,-7.95482],[111.61218,-7.95527],[111.61243,-7.95544],[111.6137,-7.95445],[111.61414,-7.9539],[111.614,-7.95364],[111.61404,-7.95301],[111.61428,-7.95309],[111.61473,-7.953],[111.61479,-7.9527],[111.61542,-7.95242],[111.61594,-7.95199],[111.61598,-7.95162],[111.61634,-7.95122],[111.61676,-7.95113],[111.61724,-7.95142],[111.61788,-7.95154],[111.61882,-7.95132],[111.61867,-7.9517],[111.61942,-7.95374],[111.62015,-7.95368],[111.62048,-7.95404],[111.62053,-7.95477],[111.62101,-7.95547],[111.62071,-7.95618],[111.6213,-7.95566],[111.62305,-7.95514],[111.62345,-7.95508],[111.62416,-7.95539],[111.62463,-7.956],[111.62473,-7.95633],[111.62431,-7.95688],[111.6246,-7.95714],[111.62475,-7.95789],[111.62546,-7.95834],[111.62536,-7.9586],[111.62559,-7.95909],[111.62606,-7.95901],[111.62659,-7.9585],[111.62686,-7.95851],[111.62733,-7.95793],[111.62789,-7.95781]],[[111.65535,-7.97952],[111.65451,-7.97983],[111.65422,-7.9798],[111.65386,-7.98035],[111.65344,-7.98017],[111.65319,-7.98037],[111.65254,-7.9801],[111.6526,-7.98059],[111.65191,-7.98143],[111.65145,-7.98235],[111.65158,-7.98367],[111.65039,-7.98336],[111.64949,-7.98386],[111.64969,-7.98448],[111.64953,-7.98479],[111.64972,-7.98561],[111.65002,-7.98592],[111.65044,-7.98613],[111.65041,-7.98643],[111.65064,-7.98684],[111.65004,-7.98689],[111.64991,-7.98711],[111.64954,-7.98726],[111.65008,-7.98782],[111.64944,-7.98862],[111.64941,-7.98924],[111.64869,-7.98942],[111.64773,-7.98861],[111.64795,-7.98957],[111.64782,-7.99008],[111.64816,-7.99102],[111.64794,-7.99142],[111.64777,-7.99155],[111.64719,-7.99103],[111.64643,-7.9909],[111.64567,-7.9901],[111.64485,-7.99045],[111.64552,-7.9906],[111.64558,-7.99118],[111.64599,-7.99177],[111.64641,-7.99206],[111.64652,-7.99276],[111.64705,-7.99337],[111.64689,-7.99371],[111.64634,-7.99424],[111.64608,-7.99425],[111.64546,-7.99459],[111.64482,-7.99453],[111.64542,-7.99539],[111.64562,-7.99593],[111.64613,-7.99638],[111.64634,-7.99711],[111.64699,-7.99682],[111.64733,-7.99681],[111.6474,-7.99649],[111.64859,-7.99592],[111.6497,-7.99637],[111.65016,-7.99718],[111.65078,-7.99746],[111.65074,-7.99773],[111.65036,-7.99806],[111.64972,-7.99922],[111.64942,-8.00007],[111.64881,-8.00008],[111.64849,-8.00131],[111.64776,-8.00127],[111.64753,-8.00161],[111.64793,-8.00223],[111.64783,-8.00308],[111.64742,-8.00366]],[[111.63384,-8.00349],[111.63427,-8.00289],[111.63622,-8.00164],[111.63687,-8.00052],[111.63693,-7.99934],[111.63743,-7.99872],[111.63699,-7.99869],[111.63611,-7.99954],[111.63556,-8.00033],[111.63559,-8.00091],[111.63469,-8.00105],[111.63429,-8.00086],[111.63405,-8.00055],[111.63408,-8.0],[111.63362,-7.99893],[111.63351,-7.99819],[111.63311,-7.99753],[111.63295,-7.99782],[111.63304,-7.99826],[111.63267,-7.99963],[111.63294,-8.00024],[111.63267,-8.00074],[111.63165,-8.00056],[111.63121,-8.0006],[111.63142,-8.00114],[111.63171,-8.00142],[111.63089,-8.00167],[111.6304,-8.0013],[111.63013,-8.00147],[111.62996,-8.00178],[111.62953,-8.00152],[111.62903,-8.00169],[111.62859,-8.00131],[111.62847,-8.00177],[111.62819,-8.00196],[111.62801,-8.00237],[111.62638,-8.00265],[111.62641,-8.0023],[111.62697,-8.00138],[111.62669,-8.00051],[111.62671,-8.0],[111.62651,-7.99926],[111.62618,-8.0],[111.6257,-8.00035],[111.62545,-8.00079],[111.6252,-8.00086],[111.62498,-8.00071],[111.62491,-8.00088],[111.62476,-8.00047],[111.62449,-8.00022],[111.62368,-7.99999],[111.62399,-7.99972],[111.62395,-7.99961],[111.62347,-7.99972],[111.62313,-7.9997],[111.62295,-7.99955],[111.62281,-7.99898],[111.62216,-7.99903],[111.6216,-7.99938],[111.621,-7.99919],[111.62039,-7.99925],[111.61975,-7.99962],[111.61939,-8.00004],[111.61886,-7.99967],[111.61824,-7.99972],[111.61797,-8.00015],[111.61738,-8.00046],[111.61762,-8.00051],[111.61755,-8.00083],[111.61688,-8.00097],[111.61662,-8.00149],[111.61692,-8.00246],[111.61685,-8.00389],[111.61694,-8.0045],[111.61678,-8.00441],[111.61617,-8.00336],[111.61525,-8.00278],[111.61497,-8.00246],[111.61411,-8.00244],[111.61345,-8.00226],[111.61324,-8.00284],[111.61259,-8.00299],[111.61304,-8.00245],[111.61408,-8.00167],[111.61426,-8.00133],[111.61422,-8.00077],[111.61341,-8.00049],[111.61312,-8.0001],[111.61319,-7.99941],[111.61228,-7.99892],[111.61216,-7.99778],[111.61272,-7.99756],[111.61292,-7.99731],[111.61227,-7.99685],[111.61226,-7.99651],[111.61252,-7.99626],[111.61274,-7.99654],[111.61299,-7.9966],[111.61343,-7.99616],[111.61424,-7.99615],[111.61534,-7.99639],[111.61612,-7.9961],[111.61639,-7.99614],[111.61641,-7.99597],[111.61698,-7.99564],[111.61621,-7.99542],[111.61605,-7.99517],[111.61615,-7.99501],[111.61572,-7.99478],[111.61561,-7.99446],[111.6151,-7.99399],[111.615,-7.99408],[111.6143,-7.99408],[111.61474,-7.9936],[111.61512,-7.99341],[111.61525,-7.99316],[111.61564,-7.99302],[111.61503,-7.99283],[111.6147,-7.99186],[111.61443,-7.99157],[111.61363,-7.99275],[111.61323,-7.99245],[111.61256,-7.99223],[111.61256,-7.99246],[111.61192,-7.99306],[111.61145,-7.99332],[111.61082,-7.99343],[111.61065,-7.99187],[111.61022,-7.99104],[111.60903,-7.99161],[111.60869,-7.99162],[111.60837,-7.99114],[111.60827,-7.98937],[111.60803,-7.98886],[111.60756,-7.98912],[111.60693,-7.98925],[111.6069,-7.98977],[111.60637,-7.99056],[111.60622,-7.99108],[111.606,-7.99098],[111.60574,-7.99061],[111.60578,-7.99028],[111.60558,-7.98983],[111.6052,-7.99033],[111.60534,-7.99046],[111.60529,-7.99062],[111.60469,-7.99045],[111.60441,-7.99066],[111.60513,-7.99145],[111.60506,-7.99162],[111.60547,-7.9922],[111.6056,-7.9927],[111.6062,-7.99312],[111.60627,-7.99332],[111.60638,-7.99411],[111.60603,-7.99486],[111.60613,-7.9955],[111.60562,-7.99583],[111.60585,-7.99629],[111.60624,-7.99667],[111.60615,-7.99775],[111.6057,-7.99823],[111.60494,-7.99837],[111.60498,-7.99898],[111.60528,-7.9994],[111.60471,-8.00002],[111.60454,-8.00042],[111.6045,-8.00074],[111.60475,-8.00152],[111.60468,-8.00204],[111.60439,-8.00235],[111.60402,-8.00328],[111.60412,-8.00391],[111.60345,-8.00411],[111.60297,-8.00409],[111.60318,-8.00447],[111.60317,-8.00481],[111.60284,-8.00512],[111.60249,-8.00593],[111.60189,-8.0068],[111.60175,-8.00772],[111.60105,-8.0078],[111.60088,-8.00861],[111.6001,-8.0093],[111.60017,-8.01044],[111.59997,-8.01131],[111.59915,-8.01294],[111.59917,-8.01406],[111.59989,-8.01576],[111.59937,-8.01597],[111.59893,-8.01677],[111.59847,-8.01703],[111.59802,-8.01774],[111.59735,-8.01837],[111.59715,-8.0184],[111.59654,-8.01804]],[[111.64678,-8.00342],[111.64615,-8.00223],[111.64616,-8.00185],[111.64636,-8.00145],[111.64692,-8.00113],[111.6462,-8.00067],[111.64592,-8.00088],[111.64548,-8.00083],[111.6451,-8.00048],[111.64433,-7.99861],[111.64369,-7.99838],[111.64326,-7.9986],[111.64313,-7.99909],[111.64259,-7.99914],[111.64074,-7.99975],[111.64053,-8.00056],[111.64072,-8.00104],[111.64039,-8.00156],[111.64039,-8.00236],[111.64032,-8.00247],[111.63991,-8.0024],[111.63948,-8.00264],[111.63963,-8.00309],[111.63933,-8.0033]],[[111.63928,-8.00326],[111.63909,-8.00302],[111.63793,-8.00231],[111.63745,-8.0022]],[[111.64784,-8.00478],[111.64836,-8.00492],[111.64882,-8.00551],[111.64882,-8.00584],[111.64829,-8.00602]],[[111.6483,-8.00606],[111.64831,-8.00609]]]}},{"type":"Feature","properties":{"NAMOBJ":"325","REMARK":"Garis Kontur","JNSKNT":2,"VALKNT":325},"geometry":{"type":"LineString","coordinates":[[111.58492,-7.95567],[111.5846,-7.95589],[111.58455,-7.95676],[111.5843,-7.95724],[111.58457,-7.95741],[111.58514,-7.95815],[111.5858,-7.95844],[111.5863,-7.95851],[111.5868,-7.95897],[111.58707,-7.95903],[111.5873,-7.95892],[111.58777,-7.95927],[111.58651,-7.96082],[111.58656,-7.96105],[111.5862,-7.96112],[111.58513,-7.96201],[111.58518,-7.96268],[111.58506,-7.96341],[111.58543,-7.9636],[111.58521,-7.96437],[111.58612,-7.96475],[111.58623,-7.96494],[111.58707,-7.96517],[111.58793,-7.96515],[111.588,-7.96532],[111.58781,-7.9667],[111.58801,-7.96689],[111.58888,-7.96696],[111.58948,-7.96673],[111.58948,-7.96718],[111.58985,-7.96752],[111.58974,-7.96794],[111.58988,-7.96812],[111.59016,-7.96808],[111.59048,-7.9678],[111.59069,-7.96787],[111.59133,-7.96772],[111.5926,-7.96687],[111.59358,-7.9671],[111.59353,-7.96692],[111.59303,-7.96691],[111.59215,-7.96651],[111.59183,-7.96622],[111.59194,-7.9648],[111.59173,-7.96423],[111.5919,-7.96381],[111.59165,-7.96345],[111.59042,-7.96326],[111.59049,-7.96264],[111.59033,-7.96172],[111.58978,-7.96069],[111.58972,-7.95999],[111.58938,-7.95962],[111.58981,-7.95944],[111.59034,-7.9595],[111.59049,-7.9589],[111.59088,-7.95859],[111.59019,-7.958],[111.59057,-7.95783],[111.59059,-7.95766],[111.59014,-7.95665],[111.59092,-7.95668],[111.59112,-7.95652],[111.59157,-7.95668],[111.59213,-7.95624],[111.59253,-7.95624],[111.59317,-7.95576],[111.59322,-7.95493],[111.59288,-7.95498],[111.5925,-7.95528],[111.59204,-7.95528],[111.59196,-7.95478],[111.59162,-7.95438],[111.59158,-7.95376],[111.5911,-7.954],[111.59072,-7.95397],[111.59001,-7.95352],[111.58968,-7.95356],[111.58842,-7.95256],[111.58888,-7.95215],[111.58953,-7.95127],[111.58981,-7.94934],[111.59005,-7.94895],[111.59003,-7.94876],[111.58888,-7.94892],[111.58829,-7.94865],[111.58811,-7.9487],[111.588,-7.94827],[111.58774,-7.94826],[111.5873,-7.94792],[111.58725,-7.94716],[111.587,-7.94675],[111.58622,-7.94692],[111.58589,-7.94665],[111.58605,-7.94624],[111.58634,-7.94606],[111.58647,-7.94575],[111.58601,-7.94561],[111.58513,-7.94423],[111.58569,-7.94379],[111.58571,-7.94327],[111.58432,-7.94231],[111.58366,-7.94144],[111.58308,-7.94112],[111.58253,-7.94024],[111.58154,-7.94005],[111.58126,-7.93984],[111.58129,-7.93963],[111.58108,-7.93915],[111.58163,-7.93845],[111.58158,-7.93813],[111.58191,-7.93815],[111.58197,-7.93757],[111.58172,-7.93744],[111.58086,-7.93843],[111.5805,-7.93861],[111.58005,-7.93915],[111.5798,-7.93928],[111.57965,-7.93976],[111.58012,-7.94042],[111.58022,-7.94128],[111.5805,-7.94192],[111.5816,-7.94244],[111.58145,-7.94277],[111.58175,-7.94345],[111.58186,-7.94438],[111.58168,-7.94619],[111.5815,-7.94631],[111.58123,-7.94704],[111.58021,-7.94801],[111.58023,-7.94848],[111.58071,-7.94898],[111.58097,-7.94957],[111.58147,-7.95002],[111.58189,-7.94976],[111.58239,-7.95031],[111.58307,-7.95051],[111.58406,-7.95102],[111.58449,-7.95148],[111.58463,-7.95223],[111.58483,-7.95256],[111.58544,-7.95264],[111.58562,-7.95242],[111.58595,-7.95259],[111.58539,-7.9535],[111.58552,-7.95414],[111.58526,-7.95448],[111.58563,-7.95549],[111.58492,-7.95567]]}},{"type":"Feature","properties":{"NAMOBJ":"500","REMARK":"Garis Kontur","JNSKNT":1,"VALKNT":500},"geometry":{"type":"LineString","coordinates":[[111.60539,-7.9725],[111.60522,-7.97236],[111.60423,-7.97253],[111.60361,-7.97236],[111.60328,-7.97209],[111.60273,-7.97227],[111.60287,-7.97268],[111.6034,-7.97282],[111.60377,-7.97268],[111.60478,-7.97278],[111.60539,-7.9725]]}},{"type":"Feature","properties":{"NAMOBJ":"462.5","REMARK":"Garis Kontur","JNSKNT":2,"VALKNT":462.5},"geometry":{"type":"LineString","coordinates":[[111.58702,-7.96343],[111.58732,-7.96335],[111.58808,-7.96348],[111.58848,-7.96335],[111.58866,-7.96201],[111.58853,-7.96201],[111.58806,-7.96266],[111.58702,-7.96343]]}},{"type":"Feature","properties":{"NAMOBJ":"512.5","REMARK":"Garis Kontur","JNSKNT":2,"VALKNT":512.5},"geometry":{"type":"LineString","coordinates":[[111.5513,-8.04569],[111.55156,-8.04566],[111.55179,-8.04525],[111.55192,-8.04398],[111.55192,-8.04335],[111.55172,-8.04305],[111.5518,-8.04277],[111.55212,-8.04298],[111.55269,-8.04383],[111.55312,-8.04487],[111.55318,-8.0455],[111.55358,-8.046],[111.55389,-8.04578],[111.55408,-8.04539],[111.55509,-8.04656],[111.55544,-8.04664],[111.55602,-8.04634],[111.55634,-8.0465],[111.55701,-8.04597],[111.55728,-8.04624],[111.55768,-8.04632],[111.55871,-8.04552],[111.55901,-8.046],[111.55948,-8.04615],[111.55999,-8.04585],[111.55996,-8.04569],[111.56086,-8.04583],[111.56134,-8.04531],[111.56151,-8.04528],[111.56116,-8.04446],[111.56041,-8.04397],[111.56,-8.04355],[111.5601,-8.04318],[111.55986,-8.04254],[111.5588,-8.04245],[111.55943,-8.04184],[111.55943,-8.0414],[111.56008,-8.04113],[111.56049,-8.0418],[111.56085,-8.04188],[111.56122,-8.04184],[111.56147,-8.04129],[111.56167,-8.04147],[111.56352,-8.04209],[111.56436,-8.04162],[111.56459,-8.04196],[111.56555,-8.04236],[111.56642,-8.04182],[111.56683,-8.04218],[111.56815,-8.04245],[111.56901,-8.04317],[111.56978,-8.04319],[111.57025,-8.04358],[111.56983,-8.0424],[111.56991,-8.0415],[111.56972,-8.04123],[111.56889,-8.04078],[111.56849,-8.04037],[111.56911,-8.0395],[111.56889,-8.03868],[111.5691,-8.03831],[111.56912,-8.03781],[111.56811,-8.03777],[111.56686,-8.03822],[111.56597,-8.0382],[111.56546,-8.03855],[111.56448,-8.03872],[111.56365,-8.03856],[111.56382,-8.03754],[111.56374,-8.03728],[111.56345,-8.03707],[111.56268,-8.03769],[111.56229,-8.03757],[111.56195,-8.0379],[111.56119,-8.03804],[111.56083,-8.03792],[111.56055,-8.03748],[111.55991,-8.03754],[111.55909,-8.03712],[111.55793,-8.03743],[111.55827,-8.03668],[111.55778,-8.03582],[111.55721,-8.03526],[111.55634,-8.03541],[111.55602,-8.03573],[111.55551,-8.03673],[111.55513,-8.03685],[111.55437,-8.03558],[111.55382,-8.03529],[111.55296,-8.03545],[111.55296,-8.03453],[111.55261,-8.03439],[111.55193,-8.03368],[111.5519,-8.03347],[111.55135,-8.03335],[111.55063,-8.03353],[111.55063,-8.03321],[111.55022,-8.03272],[111.55043,-8.03235],[111.55047,-8.03157],[111.55081,-8.03147],[111.55092,-8.03119],[111.55229,-8.03199],[111.55264,-8.03199],[111.55343,-8.03126],[111.55425,-8.03137],[111.55316,-8.03021],[111.55202,-8.0295],[111.55141,-8.0286],[111.5514,-8.02778],[111.55122,-8.02749],[111.5519,-8.02681],[111.55271,-8.02647],[111.55189,-8.0257],[111.55159,-8.02565],[111.55089,-8.02588],[111.55041,-8.02582],[111.54918,-8.02511],[111.54944,-8.02499],[111.54974,-8.02458],[111.55042,-8.02423],[111.55015,-8.02282],[111.54972,-8.0219],[111.55051,-8.02205],[111.55176,-8.02322],[111.55238,-8.02303],[111.55271,-8.02272],[111.55308,-8.02325],[111.55331,-8.02334],[111.55327,-8.02371],[111.55352,-8.02349],[111.55367,-8.02361],[111.55396,-8.02314],[111.55426,-8.02242],[111.5543,-8.02136],[111.55469,-8.02188],[111.55519,-8.02318],[111.55581,-8.02397],[111.55559,-8.02226],[111.55581,-8.02063],[111.5562,-8.01993],[111.55653,-8.02053],[111.55662,-8.02114],[111.55728,-8.02111],[111.55764,-8.02244],[111.55788,-8.02285],[111.55838,-8.0226],[111.55895,-8.02156],[111.5593,-8.02187],[111.55988,-8.0218],[111.5598,-8.02227],[111.55998,-8.02316],[111.55967,-8.02402],[111.56086,-8.02429],[111.56078,-8.02495],[111.56043,-8.02586],[111.56084,-8.02584],[111.56128,-8.02673],[111.56165,-8.02699],[111.56209,-8.02706],[111.56273,-8.02751],[111.56328,-8.02741],[111.56355,-8.02778],[111.56382,-8.02778],[111.56298,-8.02601],[111.56308,-8.02587],[111.56293,-8.02566],[111.56304,-8.02456],[111.5637,-8.02518],[111.56437,-8.02505],[111.56466,-8.02522],[111.56482,-8.02493],[111.56513,-8.02473],[111.5654,-8.02406],[111.56612,-8.02431],[111.56588,-8.02467],[111.56614,-8.02508],[111.56654,-8.02481],[111.56683,-8.02407],[111.56672,-8.02341],[111.56756,-8.02259],[111.56775,-8.02224],[111.56842,-8.02193],[111.56844,-8.02134],[111.569,-8.02045],[111.56948,-8.02014],[111.57,-8.02018],[111.56987,-8.02007],[111.57002,-8.02001],[111.56996,-8.01975],[111.57029,-8.0194],[111.57042,-8.01891],[111.57073,-8.01846],[111.57113,-8.01841],[111.57175,-8.01865],[111.57184,-8.01833],[111.57209,-8.01806],[111.57213,-8.01766],[111.57069,-8.01717],[111.56921,-8.01691],[111.56904,-8.01788],[111.56833,-8.01768],[111.56828,-8.01788],[111.56843,-8.01811],[111.56859,-8.01889],[111.5682,-8.0194],[111.56817,-8.02019],[111.56761,-8.02037],[111.5676,-8.02087],[111.56728,-8.0216],[111.56707,-8.02141],[111.56644,-8.0213],[111.56556,-8.02037],[111.56496,-8.02046],[111.56515,-8.01988],[111.56455,-8.01987],[111.56469,-8.01962],[111.56464,-8.0193],[111.56491,-8.01921],[111.56516,-8.01885],[111.56475,-8.01821],[111.56501,-8.01739],[111.56448,-8.01703],[111.56366,-8.01752],[111.56353,-8.01822],[111.56219,-8.01799],[111.56208,-8.01862],[111.56169,-8.01914],[111.56123,-8.01886],[111.56082,-8.01885],[111.56043,-8.01852],[111.56007,-8.01855],[111.55938,-8.01784],[111.55892,-8.01777]]}},{"type":"Feature","properties":{"NAMOBJ":"862.5","REMARK":"Garis Kontur","JNSKNT":2,"VALKNT":862.5},"geometry":{"type":"LineString","coordinates":[[111.54015,-8.03709],[111.54036,-8.03638],[111.54059,-8.03623],[111.54044,-8.03602],[111.54043,-8.03568],[111.54088,-8.034],[111.54096,-8.03309],[111.54127,-8.03311],[111.54159,-8.03223],[111.54158,-8.03042],[111.54042,-8.02951],[111.54043,-8.02818],[111.54057,-8.02768],[111.54044,-8.02721],[111.54001,-8.02675],[111.54013,-8.02602],[111.54083,-8.02578],[111.54115,-8.02552],[111.54127,-8.02535],[111.54123,-8.02508],[111.54091,-8.02466],[111.54031,-8.02472],[111.53973,-8.0241],[111.53981,-8.02386],[111.53962,-8.02308],[111.53949,-8.02297],[111.5382,-8.02296],[111.53782,-8.02314],[111.53764,-8.02366],[111.53715,-8.02417]]}},{"type":"Feature","properties":{"NAMOBJ":"700","REMARK":"Garis Kontur","JNSKNT":1,"VALKNT":700},"geometry":{"type":"LineString","coordinates":[[111.5476,-8.0421],[111.54729,-8.04123],[111.54635,-8.04121],[111.54566,-8.04086],[111.54584,-8.04028],[111.54537,-8.03992],[111.54509,-8.03926],[111.54476,-8.03914],[111.5445,-8.03934],[111.54374,-8.03839],[111.54362,-8.03807],[111.54464,-8.03795],[111.54498,-8.03758],[111.54542,-8.03679],[111.54551,-8.03617],[111.54514,-8.03597],[111.54484,-8.03546],[111.54466,-8.03537],[111.54447,-8.03548],[111.54317,-8.03467],[111.54374,-8.03403],[111.54399,-8.03313],[111.54434,-8.03273],[111.54418,-8.03186],[111.54463,-8.03131],[111.54448,-8.02953],[111.54514,-8.02915],[111.54548,-8.02871],[111.54446,-8.02834],[111.54426,-8.02851],[111.54367,-8.02822],[111.54278,-8.02847],[111.54257,-8.02841],[111.54285,-8.0277],[111.54258,-8.02644],[111.54284,-8.0263],[111.54359,-8.02629],[111.54412,-8.02559],[111.54479,-8.02548],[111.54527,-8.02504],[111.54509,-8.02483],[111.54425,-8.02512],[111.54266,-8.02205],[111.54245,-8.02137],[111.54294,-8.02076],[111.54332,-8.02048],[111.54356,-8.02046],[111.54333,-8.01971],[111.5434,-8.01959],[111.54393,-8.01956],[111.54466,-8.01818],[111.54451,-8.01742],[111.54401,-8.01739],[111.54354,-8.01793],[111.54258,-8.01851],[111.54203,-8.01921],[111.54093,-8.01891],[111.54079,-8.01914],[111.54064,-8.02065],[111.53994,-8.02087],[111.53905,-8.0214],[111.53822,-8.02148],[111.53719,-8.02212]]}},{"type":"Feature","properties":{"NAMOBJ":"400","REMARK":"Garis Kontur","JNSKNT":1,"VALKNT":400},"geometry":{"type":"LineString","coordinates":[[111.58439,-7.94909],[111.58454,-7.94804],[111.58444,-7.94764],[111.58418,-7.94731],[111.58345,-7.94685],[111.5846,-7.94618],[111.58429,-7.94533],[111.58428,-7.94465],[111.58452,-7.94408],[111.58506,-7.94344],[111.58312,-7.94279],[111.58221,-7.94211],[111.58263,-7.94334],[111.58257,-7.94406],[111.58277,-7.94478],[111.58256,-7.94562],[111.58265,-7.9462],[111.58182,-7.94741],[111.5816,-7.9481],[111.58119,-7.94829],[111.58167,-7.94885],[111.58241,-7.94905],[111.58299,-7.94942],[111.58339,-7.94947],[111.58451,-7.95003],[111.58439,-7.94909]]}},{"type":"Feature","properties":{"NAMOBJ":"600","REMARK":"Garis Kontur","JNSKNT":1,"VALKNT":600},"geometry":{"type":"LineString","coordinates":[[111.64083,-7.99698],[111.64161,-7.9966],[111.64204,-7.99586],[111.64228,-7.9958],[111.64202,-7.99538],[111.64163,-7.99553],[111.64136,-7.996],[111.64097,-7.9963],[111.64076,-7.99691],[111.64083,-7.99698]]}},{"type":"Feature","properties":{"NAMOBJ":"575","REMARK":"Garis Kontur","JNSKNT":2,"VALKNT":575},"geometry":{"type":"LineString","coordinates":[[111.61504,-8.0],[111.61535,-7.99968],[111.61561,-7.99905],[111.61602,-7.99868],[111.61567,-7.9985],[111.6144,-7.9984],[111.61417,-7.99854],[111.61437,-7.99911],[111.61414,-7.99923],[111.61403,-7.99974],[111.61408,-8.0],[111.61454,-8.00038],[111.61455,-8.00098],[111.61504,-8.0]]}},{"type":"Feature","properties":{"NAMOBJ":"512.5","REMARK":"Garis Kontur","JNSKNT":2,"VALKNT":512.5},"geometry":{"type":"LineString","coordinates":[[111.60311,-7.97224],[111.60289,-7.97229],[111.60296,-7.97253],[111.60339,-7.97269],[111.60372,-7.97253],[111.60327,-7.9722],[111.60311,-7.97224]]}},{"type":"Feature","properties":{"NAMOBJ":"412.5","REMARK":"Garis Kontur","JNSKNT":2,"VALKNT":412.5},"geometry":{"type":"MultiLineString","coordinates":[[[111.53765,-8.01672],[111.53814,-8.01647],[111.53906,-8.01463],[111.53993,-8.01528],[111.54033,-8.0153],[111.54032,-8.01496],[111.54076,-8.01364],[111.54161,-8.01388],[111.5419,-8.01419],[111.54202,-8.01395],[111.54232,-8.01385],[111.54312,-8.01394],[111.54317,-8.01372],[111.54351,-8.01351],[111.54355,-8.01275],[111.5433,-8.01162],[111.54365,-8.01161],[111.54482,-8.01092],[111.54468,-8.01049],[111.5448,-8.00919],[111.54499,-8.00864],[111.54477,-8.008],[111.54504,-8.00734],[111.54621,-8.00878],[111.54673,-8.00899],[111.54705,-8.00889],[111.54732,-8.00899],[111.54822,-8.00811],[111.54825,-8.00717],[111.54868,-8.0071],[111.54898,-8.00733],[111.55071,-8.00749],[111.55111,-8.00632],[111.55112,-8.0054],[111.55223,-8.00533],[111.55188,-8.00443],[111.55261,-8.00412],[111.55339,-8.00429],[111.5534,-8.00383],[111.5537,-8.0034],[111.55339,-8.00335],[111.55273,-8.00293],[111.55242,-8.00179],[111.55215,-8.00154],[111.55201,-8.0011],[111.55169,-8.00083],[111.55187,-8.00061],[111.55292,-8.00075],[111.55308,-7.99919],[111.55329,-7.99913],[111.55359,-7.99877],[111.55407,-7.99881],[111.55419,-7.99871],[111.55422,-7.99848],[111.55382,-7.99701],[111.55417,-7.99614],[111.55476,-7.99671],[111.55589,-7.99739],[111.5561,-7.99663],[111.55649,-7.99661],[111.55698,-7.9969],[111.55714,-7.99644],[111.55749,-7.99631],[111.55752,-7.99579],[111.55809,-7.99556],[111.55735,-7.995],[111.557,-7.99421],[111.55806,-7.99392],[111.55912,-7.99419],[111.55923,-7.99279],[111.55907,-7.99248],[111.55908,-7.99187],[111.55863,-7.99149],[111.55822,-7.99046],[111.55787,-7.9902],[111.55787,-7.98992],[111.55806,-7.98992],[111.5594,-7.99013],[111.55976,-7.99066],[111.56045,-7.9912],[111.56055,-7.99163],[111.56143,-7.99149],[111.56173,-7.99226],[111.56223,-7.99234],[111.5627,-7.99315],[111.56266,-7.99333],[111.5629,-7.9933],[111.56351,-7.99358],[111.56398,-7.99364],[111.56421,-7.99385],[111.56467,-7.99336],[111.56478,-7.99241],[111.56517,-7.99244],[111.56539,-7.99199],[111.56565,-7.99181],[111.56572,-7.99209],[111.56556,-7.99255],[111.5656,-7.99291],[111.56627,-7.99457],[111.5667,-7.99486],[111.56662,-7.99579],[111.56718,-7.99576],[111.5679,-7.99535],[111.56806,-7.99568],[111.56842,-7.99547],[111.56899,-7.9954],[111.56925,-7.99505],[111.56981,-7.9955],[111.5708,-7.99558],[111.57116,-7.99715],[111.57111,-7.99804],[111.57153,-7.99849],[111.57175,-7.99899],[111.57164,-7.99958],[111.57124,-7.99991],[111.57163,-8.00061],[111.57165,-8.00087],[111.57096,-8.00101],[111.5704,-8.00154],[111.56977,-8.00124],[111.56947,-8.00161],[111.56896,-8.0018],[111.56866,-8.00136],[111.56867,-8.00114],[111.56842,-8.00099],[111.56807,-8.0015],[111.56777,-8.00164],[111.56699,-8.00141],[111.56674,-8.00101],[111.56638,-8.00094],[111.5654,-8.00171],[111.56531,-8.00213],[111.565,-8.00245],[111.56499,-8.00302],[111.56428,-8.00395],[111.56361,-8.00428],[111.56381,-8.00444],[111.56408,-8.00505],[111.56494,-8.00582],[111.56547,-8.00683],[111.56583,-8.00717],[111.56442,-8.00785],[111.56352,-8.00802],[111.56311,-8.00789],[111.56192,-8.00697],[111.56164,-8.00718],[111.56132,-8.00707],[111.55854,-8.00579],[111.55841,-8.00655],[111.55822,-8.00689],[111.55853,-8.00777],[111.55872,-8.00794],[111.55882,-8.00913],[111.55782,-8.00977],[111.55812,-8.0105],[111.55865,-8.0112],[111.55857,-8.01149],[111.55876,-8.0123],[111.5584,-8.01295],[111.55875,-8.01292],[111.55951,-8.01321],[111.56005,-8.01327],[111.56094,-8.01213],[111.56121,-8.01238],[111.56075,-8.01319],[111.5607,-8.01401],[111.56122,-8.01417],[111.56177,-8.01361],[111.56256,-8.01376],[111.56311,-8.01341],[111.56351,-8.01363],[111.56172,-8.01584],[111.5612,-8.01694],[111.56134,-8.0169],[111.56136,-8.01706],[111.56181,-8.01693],[111.56206,-8.01658],[111.56241,-8.01653],[111.56265,-8.01681],[111.56303,-8.01695],[111.5636,-8.01622],[111.56459,-8.01577],[111.5649,-8.01604],[111.56528,-8.01682],[111.56571,-8.01731],[111.56572,-8.01764],[111.56643,-8.0186],[111.56648,-8.01898],[111.56685,-8.01883],[111.56695,-8.01768],[111.56725,-8.01685],[111.56707,-8.01594],[111.56764,-8.01597],[111.56766,-8.01496],[111.56808,-8.01502],[111.56897,-8.01475],[111.56947,-8.01504],[111.57014,-8.0152],[111.57092,-8.01579],[111.57258,-8.01551],[111.5733,-8.01501],[111.57349,-8.0146],[111.57361,-8.01458],[111.57428,-8.01615],[111.5745,-8.0163],[111.57518,-8.01636],[111.57558,-8.01635],[111.57571,-8.01602],[111.57622,-8.01592],[111.57678,-8.0161],[111.57706,-8.01605],[111.57817,-8.01484],[111.57838,-8.01475],[111.57836,-8.01534],[111.57804,-8.01619],[111.57883,-8.01639],[111.57948,-8.01821],[111.57925,-8.01856],[111.57944,-8.01878],[111.5799,-8.01855],[111.58019,-8.01876],[111.58035,-8.01928],[111.58006,-8.01953],[111.58073,-8.01993],[111.58082,-8.0204],[111.58134,-8.02048],[111.58125,-8.01967],[111.58172,-8.01906],[111.58336,-8.01925],[111.58368,-8.01909],[111.58323,-8.01863],[111.58299,-8.01786],[111.583,-8.01713],[111.58345,-8.01647],[111.58426,-8.01632],[111.58463,-8.01595],[111.58318,-8.01509],[111.58351,-8.0149],[111.5838,-8.01445],[111.5841,-8.01442],[111.58424,-8.01461],[111.58448,-8.01459],[111.58537,-8.01421],[111.58604,-8.01303],[111.58636,-8.01295],[111.58698,-8.01305],[111.58702,-8.01267],[111.58737,-8.01184],[111.58834,-8.01138],[111.58883,-8.01092],[111.58901,-8.01092],[111.58867,-8.0085],[111.59047,-8.00636],[111.59082,-8.00624],[111.59143,-8.00572],[111.59215,-8.00566],[111.59242,-8.00581],[111.59246,-8.00509],[111.59291,-8.0044],[111.59263,-8.00399],[111.59265,-8.00296],[111.59308,-8.00231],[111.5934,-8.00146],[111.59429,-8.00083],[111.59528,-8.00128],[111.59579,-8.00121],[111.59588,-8.00095],[111.59626,-8.00066],[111.59634,-8.00006],[111.59692,-7.99839],[111.59648,-7.99681],[111.59705,-7.99662],[111.5969,-7.99636],[111.59691,-7.99591],[111.59715,-7.99563],[111.59638,-7.99509],[111.59666,-7.99392],[111.5971,-7.99367],[111.59767,-7.99386],[111.59807,-7.99373],[111.59841,-7.99378],[111.59836,-7.9923],[111.59862,-7.99182],[111.59877,-7.99178],[111.59867,-7.9911],[111.59888,-7.99082],[111.59856,-7.9906],[111.59806,-7.99063],[111.59794,-7.99052],[111.59723,-7.99078],[111.59697,-7.99103],[111.59645,-7.9911],[111.5954,-7.9902],[111.59521,-7.99048],[111.59438,-7.99082],[111.59412,-7.99068],[111.5941,-7.99051],[111.59462,-7.98987],[111.59459,-7.98915],[111.59491,-7.98831],[111.59414,-7.98803],[111.59385,-7.98784],[111.5938,-7.98765],[111.59415,-7.98689],[111.59436,-7.98671],[111.5939,-7.98532],[111.59426,-7.9842],[111.59468,-7.98407],[111.59549,-7.98425],[111.59565,-7.98394],[111.59581,-7.98272],[111.59605,-7.98235],[111.59611,-7.98196],[111.59748,-7.98139],[111.5974,-7.98094],[111.59799,-7.97972],[111.59884,-7.97948],[111.59923,-7.9787],[111.59927,-7.97819],[111.59959,-7.9782],[111.60006,-7.97772],[111.60064,-7.97812],[111.60155,-7.97803],[111.6022,-7.9776],[111.60272,-7.97784],[111.6028,-7.9779],[111.60266,-7.97879],[111.60318,-7.97971],[111.60327,-7.9794],[111.60344,-7.97936],[111.60389,-7.97883],[111.60512,-7.97926],[111.60513,-7.97904],[111.60567,-7.9789],[111.6051,-7.97863],[111.60445,-7.97745],[111.60445,-7.97723],[111.6048,-7.97727],[111.60508,-7.97706],[111.60381,-7.97636],[111.60468,-7.97616],[111.60421,-7.97542],[111.60429,-7.97512],[111.60459,-7.97485],[111.60459,-7.97455],[111.60338,-7.97437],[111.60128,-7.97369],[111.60062,-7.97368],[111.60008,-7.97274],[111.59971,-7.97296],[111.59977,-7.97336],[111.59942,-7.97352],[111.59918,-7.97347],[111.59834,-7.97203],[111.59777,-7.9717],[111.59693,-7.97162],[111.59602,-7.97128],[111.59697,-7.97112],[111.59794,-7.97074],[111.5978,-7.97001],[111.59752,-7.96936],[111.59822,-7.96919],[111.59839,-7.96845],[111.59856,-7.96821],[111.59962,-7.96879],[111.60017,-7.96939],[111.60079,-7.96907],[111.60186,-7.96817],[111.60193,-7.96959],[111.60175,-7.97001],[111.60145,-7.9703],[111.60141,-7.97047],[111.60154,-7.97054],[111.60226,-7.97025],[111.60246,-7.97064],[111.60265,-7.97076],[111.60342,-7.97078],[111.60563,-7.97031],[111.60595,-7.97079],[111.60638,-7.97111],[111.60709,-7.97137],[111.6078,-7.9713],[111.60873,-7.97059],[111.60859,-7.97017],[111.60771,-7.97055],[111.60745,-7.97045],[111.607,-7.96992],[111.60672,-7.96984],[111.60627,-7.96887],[111.60586,-7.96879],[111.60523,-7.96889],[111.60432,-7.96845],[111.60448,-7.96818],[111.60597,-7.96759],[111.60731,-7.96769],[111.60735,-7.96716],[111.6084,-7.96676],[111.60771,-7.966],[111.60842,-7.96547],[111.60843,-7.96512],[111.6086,-7.96484],[111.6081,-7.96462],[111.60791,-7.96478],[111.60774,-7.96438],[111.60711,-7.96391],[111.60723,-7.9629],[111.60793,-7.96272],[111.60816,-7.96255],[111.60794,-7.96184],[111.60749,-7.96117],[111.60729,-7.96113],[111.60707,-7.96079],[111.60645,-7.96155],[111.60596,-7.96179],[111.60563,-7.96185],[111.6053,-7.96161],[111.60499,-7.96077],[111.6055,-7.96046],[111.6049,-7.95979],[111.60532,-7.95932],[111.60473,-7.95925],[111.60462,-7.95912],[111.60424,-7.95928],[111.60414,-7.95955],[111.60366,-7.95932],[111.60334,-7.95936],[111.60305,-7.95978],[111.60353,-7.96065],[111.60334,-7.96105],[111.60202,-7.96009],[111.60185,-7.9594],[111.60152,-7.95926],[111.60124,-7.95934],[111.60056,-7.95991],[111.6004,-7.96066],[111.59972,-7.96155],[111.6,-7.96199],[111.59871,-7.96261],[111.59865,-7.96319],[111.59829,-7.96305],[111.59782,-7.96312],[111.5983,-7.96285],[111.59854,-7.96231],[111.59835,-7.96139],[111.59806,-7.96075],[111.59792,-7.9607],[111.59779,-7.96023],[111.59798,-7.9598],[111.59884,-7.95965],[111.59977,-7.95888],[111.59953,-7.95841],[111.59986,-7.95819],[111.60001,-7.95788],[111.60001,-7.9573],[111.60062,-7.957],[111.60119,-7.95737],[111.60139,-7.95681],[111.60164,-7.95694],[111.60192,-7.95685],[111.60181,-7.95624],[111.6023,-7.95599],[111.602,-7.95542],[111.60172,-7.95524],[111.60241,-7.95454],[111.60218,-7.95439],[111.60221,-7.95391],[111.60202,-7.95364],[111.60184,-7.95349],[111.60145,-7.95345],[111.6014,-7.95332],[111.6015,-7.95324],[111.60107,-7.9529],[111.60065,-7.95305],[111.60041,-7.95295],[111.60003,-7.95216],[111.59973,-7.95252],[111.59923,-7.95251],[111.59889,-7.95284],[111.59811,-7.95217],[111.59802,-7.95194],[111.59744,-7.95218],[111.59735,-7.95159],[111.59664,-7.95097],[111.59754,-7.95067],[111.59714,-7.95014],[111.59697,-7.95051],[111.59693,-7.95036],[111.59696,-7.94984],[111.5974,-7.94904],[111.59721,-7.94861],[111.59701,-7.94862],[111.59673,-7.94802],[111.59707,-7.94783],[111.5963,-7.94766],[111.59583,-7.94721],[111.59594,-7.94636],[111.59552,-7.9459],[111.59603,-7.94541],[111.59645,-7.9444],[111.59645,-7.94389],[111.59602,-7.94284],[111.59616,-7.94186],[111.59657,-7.94156],[111.59697,-7.94159],[111.59706,-7.94097],[111.59684,-7.94076],[111.59679,-7.93961],[111.59725,-7.93956],[111.59773,-7.93915],[111.59781,-7.93935],[111.59829,-7.9397],[111.59827,-7.94055],[111.59883,-7.94084],[111.60002,-7.94065],[111.60073,-7.94228],[111.6013,-7.94218],[111.60156,-7.94283],[111.60287,-7.94275],[111.60402,-7.94321],[111.60505,-7.943],[111.60556,-7.944],[111.6065,-7.94368],[111.60663,-7.94405],[111.60717,-7.94453],[111.60781,-7.94493],[111.60822,-7.94481],[111.60839,-7.94573],[111.60877,-7.94591],[111.6088,-7.94625],[111.60957,-7.94676],[111.60922,-7.94722],[111.60963,-7.94762],[111.60908,-7.94803],[111.61025,-7.94865],[111.61026,-7.94884],[111.60966,-7.94986],[111.60979,-7.95013],[111.6103,-7.95004],[111.61078,-7.95014],[111.61136,-7.94987],[111.61154,-7.95006],[111.61171,-7.94973],[111.61152,-7.94957],[111.61165,-7.94937],[111.61187,-7.94918],[111.61232,-7.94913],[111.61248,-7.94896],[111.61277,-7.94918],[111.61317,-7.94994],[111.61374,-7.95022],[111.6142,-7.95072],[111.61515,-7.95087],[111.61565,-7.95027],[111.61673,-7.95028],[111.61763,-7.95004],[111.6181,-7.95016],[111.61886,-7.94997],[111.61959,-7.95005],[111.62018,-7.95097],[111.62004,-7.95156],[111.62037,-7.95196],[111.6202,-7.95284],[111.62081,-7.95314],[111.62142,-7.95424],[111.62184,-7.95459],[111.62238,-7.95453],[111.62334,-7.95408],[111.62398,-7.95416],[111.62426,-7.95448],[111.62485,-7.95456],[111.62513,-7.95516],[111.62553,-7.95541],[111.62636,-7.95649],[111.62678,-7.95639],[111.62674,-7.95615]],[[111.65391,-7.98138],[111.65349,-7.98143],[111.65335,-7.98231],[111.65254,-7.9828],[111.65245,-7.98415],[111.65228,-7.98443],[111.65131,-7.98468],[111.65076,-7.98458],[111.65064,-7.98469],[111.65093,-7.98496],[111.65126,-7.98571],[111.65217,-7.9862],[111.65234,-7.98646],[111.652,-7.98678],[111.65174,-7.98674],[111.65173,-7.98724],[111.65251,-7.98756],[111.65279,-7.98789],[111.65246,-7.98865],[111.65271,-7.98948],[111.65179,-7.98969],[111.65151,-7.98995],[111.65087,-7.99011],[111.65067,-7.99054],[111.64971,-7.99032],[111.64911,-7.99046],[111.64962,-7.9909],[111.64986,-7.99141],[111.6492,-7.9917],[111.6485,-7.9923],[111.64776,-7.9926],[111.64806,-7.9928],[111.64838,-7.9934],[111.64969,-7.99356],[111.65031,-7.99377],[111.65076,-7.99378],[111.65147,-7.99333],[111.65167,-7.99345],[111.65252,-7.99332],[111.65217,-7.99398],[111.65165,-7.99434],[111.65115,-7.99426],[111.65094,-7.99401],[111.64972,-7.99395],[111.64934,-7.99419],[111.6513,-7.99541],[111.65163,-7.99582],[111.65323,-7.99656],[111.65324,-7.99708],[111.65354,-7.99775],[111.65421,-7.99811],[111.65446,-7.99798],[111.65441,-7.99781],[111.6549,-7.99791],[111.65548,-7.99758],[111.65562,-7.99765],[111.65538,-7.99794],[111.6557,-7.99857]],[[111.61507,-8.00989],[111.61482,-8.00892],[111.61543,-8.00876],[111.61616,-8.00779],[111.61642,-8.00765],[111.61625,-8.00649],[111.61595,-8.00604],[111.61606,-8.00579],[111.61585,-8.00498],[111.61447,-8.00358],[111.61382,-8.00407],[111.61343,-8.00454],[111.6128,-8.00404],[111.61251,-8.00456],[111.61204,-8.00394],[111.61199,-8.0036],[111.61207,-8.00319],[111.61196,-8.00254],[111.61254,-8.00239],[111.61292,-8.002],[111.61393,-8.00138],[111.61404,-8.00108],[111.61322,-8.00089],[111.61268,-8.0004],[111.61197,-8.0],[111.61181,-7.99971],[111.61156,-7.99828],[111.6107,-7.99685],[111.61011,-7.99718],[111.60948,-7.99687],[111.60914,-7.99646],[111.60851,-7.99605],[111.60773,-7.99589],[111.60773,-7.99615],[111.60732,-7.9969],[111.60732,-7.99795],[111.60722,-7.99822],[111.60779,-7.99868],[111.6078,-7.99952],[111.60699,-8.00053],[111.60727,-8.00139],[111.60688,-8.00216],[111.60645,-8.00379],[111.60609,-8.00461],[111.60551,-8.00475],[111.60523,-8.00525],[111.60462,-8.0053],[111.60486,-8.00591],[111.6044,-8.00686],[111.60334,-8.00758],[111.60351,-8.00773],[111.60333,-8.00804],[111.6023,-8.0086],[111.60318,-8.0099],[111.60201,-8.00984],[111.60224,-8.01029],[111.60231,-8.01077],[111.60211,-8.01162],[111.60195,-8.01182],[111.60219,-8.01213],[111.60223,-8.01315],[111.60203,-8.01395],[111.60223,-8.01424],[111.60192,-8.01496],[111.6022,-8.01549],[111.60216,-8.01584],[111.60183,-8.01624],[111.60167,-8.0168],[111.60137,-8.01671],[111.60061,-8.01693],[111.60066,-8.01766],[111.59992,-8.01826]],[[111.6548,-8.00012],[111.65412,-8.00005],[111.65348,-7.99944],[111.65302,-7.99822],[111.65262,-7.99834],[111.65154,-7.99803],[111.65087,-7.9991],[111.65059,-7.99924],[111.65012,-8.00096],[111.64959,-8.00112],[111.64937,-8.00175],[111.6488,-8.00198],[111.64913,-8.00209],[111.64924,-8.00234],[111.64887,-8.00295],[111.64886,-8.00341],[111.64847,-8.00394],[111.64879,-8.00423],[111.64907,-8.0043],[111.64918,-8.00455],[111.64988,-8.00476],[111.64969,-8.00537],[111.64945,-8.00561],[111.64963,-8.00656],[111.64906,-8.00671],[111.64911,-8.00759],[111.64971,-8.00823],[111.64968,-8.00854],[111.64942,-8.00924],[111.64879,-8.0093],[111.64887,-8.00955],[111.64837,-8.01025],[111.64825,-8.01127],[111.64807,-8.01176],[111.64829,-8.01237],[111.64783,-8.01233],[111.64734,-8.0125],[111.64735,-8.01241]],[[111.63149,-8.00703],[111.63218,-8.00518],[111.63213,-8.00395],[111.63146,-8.00435],[111.63137,-8.00426],[111.63188,-8.00294],[111.63131,-8.00316],[111.63094,-8.00314],[111.6308,-8.00328],[111.63054,-8.00325],[111.63039,-8.00303],[111.63006,-8.00391],[111.62966,-8.00447],[111.62955,-8.00414],[111.6291,-8.00366],[111.62916,-8.00357],[111.62882,-8.00327],[111.62871,-8.00402],[111.62786,-8.00447],[111.62753,-8.00408],[111.6268,-8.00429],[111.62635,-8.00398],[111.62563,-8.00385],[111.62564,-8.00315],[111.62525,-8.00238],[111.62561,-8.00168],[111.62511,-8.00204],[111.62401,-8.00225],[111.62409,-8.00125],[111.624,-8.00065],[111.62425,-8.00057],[111.62378,-8.00033],[111.6233,-8.00111],[111.62307,-8.00093],[111.62294,-8.00107],[111.62274,-8.00103],[111.62268,-8.00118],[111.62216,-8.00136],[111.62132,-8.00198],[111.62069,-8.0022],[111.62021,-8.00181],[111.61898,-8.00234],[111.61886,-8.00224],[111.61861,-8.00258],[111.61886,-8.00318],[111.61933,-8.00314],[111.61956,-8.0039],[111.61953,-8.00422],[111.61987,-8.00435],[111.62004,-8.00428],[111.62043,-8.00455],[111.62033,-8.00527],[111.62039,-8.00583],[111.6206,-8.00605],[111.62071,-8.00664],[111.62031,-8.00679],[111.6196,-8.00662],[111.61958,-8.00688],[111.61919,-8.00709],[111.61958,-8.00769],[111.61998,-8.008]],[[111.64569,-8.00323],[111.64565,-8.00297],[111.64535,-8.00266],[111.6453,-8.00304],[111.64517,-8.00313],[111.64364,-8.00352],[111.64294,-8.00345],[111.64249,-8.00275],[111.64213,-8.00265],[111.64179,-8.00221],[111.64134,-8.00289],[111.64137,-8.00365],[111.64062,-8.00329],[111.64023,-8.00327],[111.64021,-8.00421]],[[111.57871,-8.034],[111.57877,-8.03386],[111.57846,-8.03332],[111.57798,-8.03309],[111.5778,-8.03254],[111.57783,-8.03127],[111.5784,-8.03062],[111.57797,-8.03066],[111.57694,-8.03036],[111.57694,-8.02912],[111.57745,-8.02855],[111.57713,-8.02767],[111.57762,-8.02741],[111.57765,-8.02676],[111.57715,-8.0259],[111.57709,-8.02514],[111.57673,-8.02494],[111.57689,-8.02469],[111.57699,-8.02395],[111.57655,-8.02308],[111.57666,-8.02252],[111.57686,-8.02227],[111.57653,-8.02193],[111.57626,-8.02185],[111.57628,-8.02205],[111.57583,-8.02259],[111.57558,-8.02273],[111.57489,-8.02271],[111.57493,-8.02315],[111.57436,-8.02349],[111.57491,-8.02438],[111.57485,-8.02498],[111.57392,-8.02537],[111.5741,-8.02567],[111.57444,-8.02585],[111.57444,-8.02669],[111.5738,-8.02642],[111.57347,-8.02648],[111.57369,-8.02682],[111.57332,-8.02771],[111.57334,-8.02801],[111.57282,-8.02849],[111.57263,-8.02851],[111.57242,-8.02802],[111.57216,-8.02788],[111.57205,-8.02765],[111.57169,-8.02756],[111.57033,-8.02546],[111.57005,-8.02601],[111.56922,-8.0264],[111.56812,-8.02665],[111.56769,-8.02649],[111.56741,-8.02685],[111.56645,-8.02704],[111.56712,-8.0278],[111.56717,-8.02801],[111.56755,-8.02785],[111.56782,-8.02789],[111.56885,-8.02838],[111.56978,-8.02972],[111.5696,-8.02994],[111.56864,-8.0303],[111.56849,-8.03067],[111.5674,-8.03156],[111.56627,-8.03129],[111.56505,-8.03077],[111.56451,-8.0308],[111.56437,-8.03054],[111.56416,-8.03049],[111.56355,-8.03108],[111.56263,-8.03132],[111.56272,-8.03065],[111.56253,-8.03017],[111.56163,-8.03022],[111.56084,-8.03055],[111.55992,-8.03042],[111.55951,-8.03023],[111.55849,-8.03024],[111.55794,-8.02977],[111.55746,-8.02958],[111.55718,-8.02885],[111.5569,-8.0286],[111.5568,-8.0281],[111.55644,-8.02808],[111.55657,-8.02856],[111.55623,-8.0288],[111.5566,-8.0289],[111.55652,-8.02973],[111.55627,-8.03007],[111.55679,-8.03129],[111.5567,-8.03166],[111.55697,-8.03293],[111.55687,-8.0331],[111.55721,-8.03324],[111.55738,-8.03314],[111.55739,-8.03281],[111.55754,-8.03273],[111.55794,-8.03193],[111.55891,-8.03179],[111.55916,-8.03216],[111.55924,-8.03271],[111.55932,-8.03279],[111.55975,-8.03268],[111.55996,-8.03281],[111.56018,-8.03334],[111.56088,-8.03397],[111.56111,-8.03397],[111.56133,-8.03448],[111.56173,-8.03465],[111.56298,-8.03377],[111.5642,-8.03466],[111.56428,-8.03396],[111.56537,-8.0347],[111.56562,-8.03447],[111.56724,-8.03434],[111.56763,-8.03443],[111.56744,-8.03516],[111.56816,-8.03506],[111.56847,-8.0348],[111.56855,-8.03511],[111.56926,-8.03608],[111.5701,-8.0367],[111.57067,-8.03735],[111.57058,-8.03769],[111.57071,-8.03845],[111.57033,-8.03883],[111.57041,-8.03962],[111.57083,-8.0397],[111.57108,-8.03989],[111.57145,-8.04072],[111.57174,-8.04255],[111.57178,-8.04394],[111.57153,-8.04574],[111.57137,-8.04614],[111.57085,-8.04649],[111.56986,-8.04614],[111.56964,-8.04622],[111.56937,-8.04667],[111.569,-8.04679],[111.56721,-8.04576],[111.56692,-8.04526],[111.56629,-8.04577],[111.56571,-8.04536],[111.56537,-8.04528],[111.56533,-8.04553],[111.56561,-8.04631],[111.56435,-8.04622],[111.564,-8.04649],[111.5641,-8.04668],[111.56301,-8.04682],[111.56305,-8.04727],[111.56281,-8.04787],[111.56179,-8.04832],[111.5601,-8.04798],[111.55985,-8.04832],[111.55834,-8.04905],[111.55808,-8.049],[111.55784,-8.04935],[111.55697,-8.04968],[111.55634,-8.04947],[111.55608,-8.04888],[111.55551,-8.049],[111.55463,-8.04889],[111.55437,-8.04873],[111.55426,-8.04882]]]}},{"type":"Feature","properties":{"NAMOBJ":"212.5","REMARK":"Garis Kontur","JNSKNT":2,"VALKNT":212.5},"geometry":{"type":"MultiLineString","coordinates":[[[111.57185,-7.92045],[111.57176,-7.92048],[111.5718,-7.92137],[111.57158,-7.92192],[111.5708,-7.92219],[111.56962,-7.92213],[111.5688,-7.9227],[111.56846,-7.9233],[111.56799,-7.92364],[111.56825,-7.92414],[111.56945,-7.92466],[111.56897,-7.92507],[111.56829,-7.92523],[111.5685,-7.9253],[111.56867,-7.92588],[111.56885,-7.92597],[111.56925,-7.92573],[111.57011,-7.92562],[111.57159,-7.92586],[111.57215,-7.92563],[111.57235,-7.92526],[111.57301,-7.92467],[111.5732,-7.9243],[111.57373,-7.92422],[111.5743,-7.92438],[111.57444,-7.92393]],[[111.57875,-7.92771],[111.57697,-7.9281],[111.57617,-7.92848],[111.57598,-7.92828],[111.57402,-7.92855],[111.57339,-7.92811],[111.57315,-7.92838],[111.5732,-7.92899],[111.57377,-7.92951],[111.57394,-7.92995],[111.57339,-7.92996],[111.57263,-7.93018],[111.57209,-7.9299],[111.57116,-7.92909],[111.5707,-7.92913],[111.57054,-7.92896],[111.57042,-7.92925],[111.5699,-7.9298],[111.56986,-7.93012],[111.56957,-7.9303],[111.56964,-7.93076],[111.56938,-7.93073],[111.56912,-7.93108],[111.56875,-7.93097],[111.56781,-7.93132],[111.56682,-7.93143],[111.56518,-7.93217],[111.56488,-7.93198],[111.56444,-7.93253],[111.56368,-7.93274],[111.56305,-7.93311],[111.56422,-7.93339],[111.5637,-7.93377],[111.56457,-7.93397],[111.56496,-7.93382],[111.56514,-7.93394],[111.56547,-7.93386],[111.56633,-7.93399],[111.56636,-7.93466],[111.56583,-7.93505],[111.5657,-7.93532],[111.56579,-7.9356],[111.5662,-7.93555],[111.56668,-7.93508],[111.56734,-7.93498],[111.56784,-7.93474],[111.56828,-7.9351],[111.56837,-7.93543],[111.56891,-7.93608],[111.56997,-7.93592],[111.57064,-7.93551],[111.57106,-7.93565],[111.57195,-7.93549],[111.57242,-7.93559],[111.57336,-7.93616],[111.57364,-7.93589],[111.57403,-7.93596],[111.57497,-7.93525],[111.57541,-7.9352],[111.57548,-7.93435],[111.57584,-7.93375],[111.57622,-7.93343],[111.57701,-7.93367],[111.5776,-7.93416],[111.57835,-7.93312],[111.57849,-7.93238],[111.57905,-7.932],[111.57943,-7.93138],[111.58003,-7.93112],[111.58055,-7.93105],[111.58083,-7.93084],[111.58098,-7.93047],[111.58172,-7.93023],[111.58223,-7.93039],[111.58246,-7.93099],[111.58332,-7.93089],[111.58382,-7.93187],[111.584,-7.93201],[111.58423,-7.93197],[111.58486,-7.9329],[111.58516,-7.933],[111.58576,-7.9329],[111.58605,-7.93336],[111.58627,-7.93341],[111.58631,-7.93358],[111.58665,-7.93382],[111.58715,-7.93454],[111.5885,-7.93524],[111.58943,-7.93598],[111.5901,-7.93569],[111.59078,-7.93559],[111.59106,-7.93509],[111.59169,-7.93564],[111.59241,-7.93568],[111.59246,-7.93544]],[[111.61717,-7.93661],[111.6169,-7.93718],[111.61608,-7.9375],[111.61563,-7.9375],[111.6143,-7.93703],[111.6142,-7.93708],[111.61423,-7.93689],[111.61317,-7.93622],[111.61268,-7.93661],[111.61208,-7.93767],[111.61165,-7.93807],[111.6115,-7.93812],[111.61108,-7.93786],[111.61112,-7.93839],[111.61107,-7.93855],[111.61093,-7.93857],[111.61095,-7.93808],[111.6106,-7.93716],[111.61093,-7.93703],[111.61056,-7.9366],[111.60944,-7.93667],[111.60912,-7.93714],[111.60877,-7.93702],[111.60814,-7.93705],[111.60793,-7.93691],[111.60771,-7.9365],[111.60702,-7.93622],[111.60707,-7.93657],[111.60626,-7.93676],[111.60591,-7.93703],[111.60583,-7.93674],[111.60558,-7.93656],[111.60416,-7.93641],[111.60369,-7.93582],[111.60319,-7.93589],[111.60313,-7.93488],[111.60252,-7.93556],[111.60221,-7.93543],[111.6019,-7.93502],[111.60166,-7.93549],[111.60145,-7.93563],[111.60056,-7.93559],[111.60022,-7.93529],[111.59978,-7.9354],[111.59941,-7.93443],[111.59936,-7.93388],[111.59867,-7.93346],[111.59803,-7.93405],[111.59793,-7.93466],[111.59725,-7.93454],[111.59722,-7.93434],[111.59698,-7.93438],[111.59671,-7.93402],[111.59601,-7.93449],[111.5947,-7.93467],[111.5947,-7.93515],[111.59488,-7.93554],[111.59473,-7.9358],[111.59447,-7.93718],[111.59433,-7.93734],[111.59375,-7.93732],[111.59344,-7.93774],[111.59319,-7.93772],[111.59265,-7.93793],[111.59267,-7.93817],[111.59212,-7.93814],[111.59182,-7.93825],[111.59208,-7.93948],[111.59164,-7.9399],[111.59173,-7.94047],[111.59113,-7.9403],[111.59054,-7.94033],[111.59006,-7.93996],[111.58996,-7.93951],[111.58968,-7.93942],[111.58945,-7.93918],[111.58869,-7.93919],[111.58793,-7.93852],[111.58751,-7.93842],[111.58769,-7.93919],[111.58827,-7.93962],[111.58883,-7.94059],[111.58949,-7.94103],[111.58968,-7.94171],[111.59022,-7.94185],[111.59047,-7.9421],[111.58964,-7.94241],[111.58903,-7.94238],[111.58893,-7.94279],[111.58873,-7.94294],[111.58869,-7.94375],[111.58955,-7.94441],[111.58957,-7.94461],[111.59022,-7.94471],[111.59035,-7.9454],[111.59058,-7.94565],[111.59103,-7.94585],[111.59112,-7.94622],[111.59142,-7.94642],[111.59198,-7.94644],[111.59208,-7.94667],[111.59206,-7.9474],[111.59267,-7.94723],[111.59217,-7.94807],[111.59246,-7.94863],[111.59252,-7.94954],[111.59273,-7.95017],[111.59258,-7.95113],[111.59246,-7.95129],[111.5925,-7.9501],[111.59224,-7.94984],[111.59198,-7.94909],[111.59182,-7.94807],[111.59157,-7.94826],[111.59145,-7.94814],[111.59139,-7.94735],[111.59116,-7.94713],[111.5911,-7.94685],[111.59058,-7.94651],[111.5901,-7.94639],[111.58992,-7.9465],[111.58972,-7.94583],[111.58906,-7.94516],[111.58805,-7.94458],[111.58777,-7.94466],[111.58755,-7.94353],[111.58758,-7.94253],[111.58772,-7.94224],[111.58749,-7.94116],[111.58622,-7.94075],[111.58516,-7.93987],[111.58504,-7.93934],[111.58473,-7.93901],[111.58481,-7.93881],[111.58465,-7.93858],[111.58394,-7.93834],[111.58445,-7.93646],[111.58324,-7.93571],[111.58252,-7.93555],[111.58217,-7.93532],[111.58181,-7.93479],[111.5821,-7.9341],[111.58208,-7.9334],[111.58159,-7.93311],[111.58103,-7.93254],[111.58076,-7.93284],[111.58056,-7.93357],[111.58094,-7.93438],[111.58062,-7.93539],[111.58063,-7.93575],[111.5802,-7.93577],[111.57985,-7.93631],[111.57957,-7.93646],[111.57883,-7.93644],[111.57822,-7.93669],[111.57729,-7.93644],[111.57722,-7.937],[111.57767,-7.93722],[111.57767,-7.9376],[111.57747,-7.93777],[111.57744,-7.93819],[111.5769,-7.93797],[111.57673,-7.93822],[111.5758,-7.93861],[111.57569,-7.93879],[111.57517,-7.93887],[111.57461,-7.93958],[111.57355,-7.93977],[111.57329,-7.93999],[111.57209,-7.93988],[111.57188,-7.94017],[111.57182,-7.9406],[111.57211,-7.94087],[111.57165,-7.94173],[111.57169,-7.94262],[111.57222,-7.94296],[111.57227,-7.94402],[111.5728,-7.94429],[111.57318,-7.94469],[111.57343,-7.94475],[111.5741,-7.94416],[111.57438,-7.94361],[111.57524,-7.94335],[111.57555,-7.94298],[111.57558,-7.9425],[111.57582,-7.94219],[111.57679,-7.9429],[111.5773,-7.94354],[111.57782,-7.94373],[111.57797,-7.94398],[111.57833,-7.94412],[111.57793,-7.94496],[111.57825,-7.94587],[111.57829,-7.94641],[111.57785,-7.94709],[111.57778,-7.94769],[111.57758,-7.94805],[111.57795,-7.94846],[111.57789,-7.94903],[111.57849,-7.95025],[111.57897,-7.95066],[111.57931,-7.95149],[111.57957,-7.95162],[111.58023,-7.95137],[111.58026,-7.95201],[111.58083,-7.9524],[111.58103,-7.95313],[111.5816,-7.95329],[111.58213,-7.95362],[111.58249,-7.95413],[111.58306,-7.95423],[111.58215,-7.95533],[111.58222,-7.95556],[111.58172,-7.95713],[111.58167,-7.95794],[111.58186,-7.9583],[111.58265,-7.95907],[111.58313,-7.95935],[111.58393,-7.95952],[111.58349,-7.95994],[111.58314,-7.96052],[111.58256,-7.96091],[111.58248,-7.96134],[111.58198,-7.96224],[111.58198,-7.96264],[111.58136,-7.96287],[111.58119,-7.9631],[111.58144,-7.9637],[111.58236,-7.96433],[111.58258,-7.96497],[111.58269,-7.9649],[111.58289,-7.96518],[111.58313,-7.96586],[111.5837,-7.96653],[111.58369,-7.96686],[111.58442,-7.96783],[111.58507,-7.9683],[111.58552,-7.96841],[111.58603,-7.9689],[111.58638,-7.96899],[111.58743,-7.97027],[111.58832,-7.97028],[111.58863,-7.97094],[111.5891,-7.97116],[111.58895,-7.97139],[111.58925,-7.97154],[111.58919,-7.97163],[111.58859,-7.9719],[111.58804,-7.9726],[111.58923,-7.97425],[111.58969,-7.97445],[111.59074,-7.97444],[111.59151,-7.97415],[111.59193,-7.97447],[111.59271,-7.9745],[111.59294,-7.97495],[111.59322,-7.97517],[111.59341,-7.97498],[111.59484,-7.97492],[111.59521,-7.97515],[111.59478,-7.97527],[111.59436,-7.97591],[111.59415,-7.97602],[111.59332,-7.97584],[111.59266,-7.9764],[111.59169,-7.97651],[111.59117,-7.97678],[111.59063,-7.97671],[111.59031,-7.97727],[111.59046,-7.97771],[111.58993,-7.97795],[111.5901,-7.97825],[111.59104,-7.97885],[111.59092,-7.97896],[111.58983,-7.97884],[111.58963,-7.97902],[111.58936,-7.9788],[111.58896,-7.97878],[111.58867,-7.97853],[111.58804,-7.97888],[111.5874,-7.97857],[111.58718,-7.97884],[111.58618,-7.97908],[111.58464,-7.9789],[111.58327,-7.97842],[111.5819,-7.97672],[111.58202,-7.97719],[111.58284,-7.97812],[111.58268,-7.97806],[111.58259,-7.9783],[111.58292,-7.97926],[111.58333,-7.97947],[111.58391,-7.97943],[111.58426,-7.98065],[111.58442,-7.98067],[111.58457,-7.98092],[111.5848,-7.98089],[111.58509,-7.9812],[111.58542,-7.98122],[111.58533,-7.9815],[111.58556,-7.98229],[111.58626,-7.98379],[111.5867,-7.98437],[111.58711,-7.98448],[111.5868,-7.98515],[111.58685,-7.98539],[111.58643,-7.98592],[111.58751,-7.9862],[111.58706,-7.98692],[111.58609,-7.98668],[111.58529,-7.9861],[111.58437,-7.98603],[111.58398,-7.98624],[111.58414,-7.98728],[111.58462,-7.98805],[111.58437,-7.98835],[111.58467,-7.9891],[111.5848,-7.98916],[111.58463,-7.98992],[111.58508,-7.9916],[111.58602,-7.9924],[111.58605,-7.99278],[111.58742,-7.99248],[111.58713,-7.99324],[111.58759,-7.99391],[111.58779,-7.99448],[111.58835,-7.99446],[111.58805,-7.99493],[111.58808,-7.9952],[111.58837,-7.9953],[111.58888,-7.99522],[111.58956,-7.99542],[111.58873,-7.99559],[111.58852,-7.99592],[111.58873,-7.99642],[111.58847,-7.99627],[111.58803,-7.99568],[111.58693,-7.99513],[111.58625,-7.99512],[111.58565,-7.99556],[111.58564,-7.99609],[111.58484,-7.99573],[111.5847,-7.99582],[111.58455,-7.99647],[111.58468,-7.99722],[111.58449,-7.99734],[111.58442,-7.99783],[111.58413,-7.99832],[111.58429,-7.99869],[111.58423,-7.99951],[111.58383,-7.99998],[111.58375,-7.99946],[111.58341,-7.99905],[111.58326,-7.99851],[111.58305,-7.99854],[111.58274,-8.00039],[111.58299,-8.00183],[111.58249,-8.00227],[111.58193,-8.00229],[111.58173,-8.00254],[111.58149,-8.00249],[111.58085,-8.00308],[111.58053,-8.00378],[111.58047,-8.00435],[111.58033,-8.00423],[111.58024,-8.00382],[111.58043,-8.00334],[111.58188,-8.00174],[111.58202,-8.00123],[111.58192,-8.00095],[111.5813,-8.00064],[111.58126,-8.00097],[111.58097,-8.00114],[111.58091,-8.00139],[111.57986,-8.00238],[111.57961,-8.0024],[111.57985,-8.0018],[111.57985,-8.00133],[111.58022,-8.00087],[111.58002,-8.00019],[111.58068,-7.99942],[111.58081,-7.99833],[111.58052,-7.99729],[111.58099,-7.99634],[111.58084,-7.99601],[111.58081,-7.99503],[111.58038,-7.99474],[111.57974,-7.99468],[111.58025,-7.99412],[111.57888,-7.99441],[111.57915,-7.99414],[111.57921,-7.99355],[111.57975,-7.99326],[111.58,-7.99253],[111.5796,-7.99252],[111.57946,-7.99193],[111.57912,-7.99199],[111.57883,-7.99227],[111.57824,-7.99204],[111.57825,-7.99143],[111.57796,-7.99068],[111.57781,-7.99056],[111.57787,-7.99015],[111.57772,-7.98967],[111.57789,-7.98893],[111.57757,-7.9882],[111.57711,-7.98812],[111.5763,-7.9884],[111.5759,-7.98867],[111.57569,-7.98922],[111.57531,-7.98954],[111.57477,-7.98934],[111.57482,-7.98881],[111.57437,-7.98855],[111.5738,-7.98863],[111.57247,-7.98935],[111.57267,-7.98851],[111.57259,-7.98807],[111.57226,-7.98786],[111.57218,-7.98733],[111.5712,-7.9863],[111.5714,-7.98561],[111.57129,-7.98526],[111.57143,-7.98513],[111.57142,-7.98444],[111.57127,-7.98359],[111.57107,-7.9832],[111.57081,-7.98295],[111.57032,-7.98295],[111.56981,-7.98312],[111.56906,-7.98285],[111.56855,-7.98248],[111.56844,-7.98198],[111.56806,-7.98154],[111.56821,-7.98063],[111.56796,-7.97974],[111.568,-7.9792],[111.56756,-7.97836],[111.56717,-7.97792],[111.56743,-7.97701],[111.5683,-7.97656],[111.56805,-7.97609],[111.56766,-7.97564],[111.56671,-7.97637],[111.56621,-7.97782],[111.56503,-7.97937],[111.56434,-7.98015],[111.56379,-7.98007],[111.5634,-7.98061],[111.56385,-7.98334],[111.56424,-7.98424],[111.56387,-7.98437],[111.56317,-7.98407],[111.56258,-7.98428],[111.56185,-7.98421],[111.56155,-7.98401],[111.56171,-7.98337],[111.56161,-7.98299],[111.561,-7.9827],[111.56123,-7.98242],[111.56097,-7.98186],[111.5602,-7.98118],[111.55994,-7.98122],[111.56007,-7.98071],[111.55923,-7.97961],[111.55919,-7.97934],[111.55934,-7.97888],[111.55899,-7.9787],[111.55873,-7.97803],[111.55894,-7.97744],[111.55763,-7.97701],[111.55802,-7.97632],[111.55735,-7.9762],[111.55712,-7.97597],[111.55713,-7.9755],[111.55634,-7.97523],[111.55667,-7.97478],[111.55676,-7.97443],[111.55618,-7.97439],[111.5556,-7.97393],[111.55556,-7.97355],[111.55595,-7.97291],[111.55547,-7.97244],[111.55559,-7.97191],[111.55485,-7.97195],[111.55443,-7.97165],[111.5541,-7.97158],[111.5539,-7.97175],[111.55417,-7.97334],[111.55344,-7.97401],[111.55355,-7.97427],[111.55368,-7.97425],[111.55411,-7.97459],[111.55351,-7.97483],[111.5537,-7.97516],[111.55352,-7.97577],[111.55358,-7.97618],[111.55329,-7.97599],[111.55311,-7.97604],[111.5528,-7.97563],[111.55257,-7.97558],[111.55116,-7.9771],[111.55048,-7.97731],[111.54994,-7.97793],[111.54949,-7.97795],[111.54914,-7.97814],[111.54938,-7.97831],[111.54992,-7.97832],[111.55051,-7.97886],[111.5509,-7.97899],[111.55012,-7.97989],[111.5502,-7.98065],[111.54984,-7.98064],[111.54977,-7.98082],[111.54994,-7.98201],[111.54924,-7.98227],[111.54864,-7.98203],[111.54796,-7.98241],[111.54804,-7.98268],[111.54788,-7.98336],[111.54806,-7.98385],[111.54752,-7.98444],[111.54787,-7.98548],[111.54872,-7.98524],[111.54897,-7.98613],[111.54924,-7.98629],[111.54987,-7.9862],[111.55001,-7.98663],[111.55051,-7.98729],[111.55071,-7.98836],[111.55116,-7.98852],[111.55139,-7.98907],[111.55175,-7.98903],[111.55172,-7.98975],[111.55232,-7.9905],[111.55293,-7.99095],[111.55176,-7.99151],[111.55179,-7.99219],[111.55117,-7.9922],[111.55068,-7.99239],[111.54991,-7.99232],[111.5497,-7.99284],[111.54984,-7.99436],[111.54945,-7.99481],[111.5493,-7.99536],[111.54897,-7.99504],[111.54838,-7.99499],[111.54728,-7.99384],[111.54667,-7.99277],[111.54542,-7.99281],[111.54539,-7.99332],[111.54494,-7.99441],[111.54535,-7.99522],[111.5461,-7.99584],[111.54594,-7.99617],[111.54603,-7.997],[111.5463,-7.99736],[111.54618,-7.99787],[111.54621,-7.99885],[111.54638,-7.99887],[111.54645,-7.99914],[111.54693,-7.99961],[111.54699,-8.00011],[111.54651,-8.00034],[111.546,-8.00024],[111.54636,-8.00108],[111.54639,-8.00145],[111.54626,-8.00135],[111.54614,-8.00158],[111.54638,-8.00227],[111.54693,-8.00253],[111.54674,-8.0027],[111.54599,-8.00232],[111.5456,-8.00229],[111.54541,-8.00254],[111.54453,-8.00279],[111.54472,-8.00229],[111.54418,-8.00151],[111.54429,-8.00124],[111.54418,-8.00048],[111.54356,-8.0],[111.54247,-7.99969],[111.54185,-7.99933],[111.54165,-7.99961],[111.54094,-7.99975],[111.54029,-8.00026],[111.54016,-8.0014],[111.53954,-8.00212],[111.53926,-8.00216],[111.53903,-8.00236],[111.53887,-8.00266],[111.53893,-8.00295],[111.53806,-8.00283],[111.53775,-8.00303],[111.53799,-8.00346],[111.53854,-8.00349],[111.53867,-8.00363],[111.53855,-8.00377],[111.53825,-8.0037],[111.53815,-8.00388],[111.53797,-8.00389],[111.53758,-8.00359],[111.53689,-8.00337],[111.53676,-8.00321],[111.53682,-8.00303],[111.53646,-8.00254],[111.53603,-8.00264],[111.53604,-8.0024],[111.53666,-8.0017],[111.53674,-8.00133],[111.53679,-7.99958],[111.53655,-7.99898],[111.53558,-7.99924],[111.53465,-7.99898],[111.53394,-7.99935]],[[111.64686,-8.01544],[111.64694,-8.01535],[111.64719,-8.0156],[111.64703,-8.0158],[111.64776,-8.01636],[111.64792,-8.01605],[111.64811,-8.01598],[111.64856,-8.01624],[111.64882,-8.01674],[111.64976,-8.01695],[111.65065,-8.01685],[111.65147,-8.01596],[111.65172,-8.01596],[111.65186,-8.01582],[111.6516,-8.01481],[111.65238,-8.01397],[111.65227,-8.0132],[111.65186,-8.01243],[111.65236,-8.01209],[111.65334,-8.0123],[111.65364,-8.01218],[111.65375,-8.01074],[111.65392,-8.01065],[111.65456,-8.00855],[111.65429,-8.00775],[111.65388,-8.00738],[111.65383,-8.00713],[111.65418,-8.00741],[111.65497,-8.00726],[111.65559,-8.00625],[111.65552,-8.00554],[111.65566,-8.00501]],[[111.57443,-8.03989],[111.57439,-8.03974],[111.57557,-8.03858],[111.57539,-8.03846],[111.57528,-8.03812],[111.5753,-8.03717],[111.57519,-8.03695],[111.57552,-8.03717],[111.57572,-8.03775],[111.57635,-8.03817],[111.57708,-8.03796]]]}},{"type":"Feature","properties":{"NAMOBJ":"525","REMARK":"Garis Kontur","JNSKNT":2,"VALKNT":525},"geometry":{"type":"LineString","coordinates":[[111.6186,-7.96551],[111.61847,-7.96565],[111.61849,-7.96588],[111.61863,-7.96607],[111.61886,-7.96611],[111.61885,-7.96566],[111.6186,-7.96551]]}},{"type":"Feature","properties":{"NAMOBJ":"187.5","REMARK":"Garis Kontur","JNSKNT":2,"VALKNT":187.5},"geometry":{"type":"MultiLineString","coordinates":[[[111.57173,-7.91913],[111.57168,-7.91916]],[[111.57154,-7.91949],[111.57114,-7.91988],[111.571,-7.92111],[111.57048,-7.92159]],[[111.56747,-7.92415],[111.5677,-7.92446],[111.56714,-7.92475],[111.56623,-7.92469],[111.56616,-7.92481],[111.56427,-7.92534],[111.56351,-7.92595],[111.56346,-7.92619],[111.56365,-7.92634],[111.56348,-7.92655],[111.56295,-7.92656],[111.5621,-7.92625],[111.56199,-7.92654],[111.56139,-7.92647],[111.56094,-7.92658],[111.56006,-7.92731],[111.56066,-7.92686],[111.56123,-7.92672],[111.56252,-7.92686],[111.56282,-7.927],[111.56282,-7.92746],[111.56304,-7.92803],[111.56341,-7.92832],[111.56394,-7.92784],[111.56516,-7.92734],[111.56569,-7.92743],[111.56687,-7.92709],[111.56729,-7.92618],[111.56802,-7.92685],[111.56943,-7.92636],[111.57033,-7.92676],[111.5708,-7.92645],[111.57139,-7.9265],[111.57179,-7.92635],[111.57343,-7.92513],[111.57371,-7.92523],[111.57378,-7.92555],[111.57398,-7.92565],[111.57611,-7.92591],[111.57636,-7.92579],[111.57729,-7.92674],[111.57782,-7.92708],[111.57813,-7.92705]],[[111.57829,-7.92722],[111.57808,-7.92735],[111.57694,-7.92745],[111.57665,-7.92759],[111.57619,-7.92744],[111.57571,-7.92703],[111.57545,-7.92715],[111.57505,-7.92706],[111.57457,-7.92666],[111.57325,-7.92677],[111.57275,-7.92714],[111.57258,-7.92742],[111.57246,-7.92707],[111.57203,-7.9269],[111.57197,-7.92696],[111.57262,-7.92767],[111.57272,-7.92796],[111.57266,-7.92906],[111.57232,-7.92876],[111.57159,-7.92854],[111.57091,-7.92796],[111.57003,-7.92793],[111.56949,-7.929],[111.56872,-7.92946],[111.56824,-7.92926],[111.56839,-7.92972],[111.56826,-7.93002],[111.56835,-7.93026],[111.56788,-7.93013],[111.56703,-7.93051],[111.56616,-7.93068],[111.56566,-7.9304],[111.56539,-7.93047],[111.56548,-7.93093],[111.56518,-7.93137],[111.56442,-7.93108],[111.56405,-7.93163],[111.56342,-7.93183],[111.56295,-7.93154],[111.56247,-7.9317],[111.56139,-7.93115],[111.5606,-7.93171],[111.55989,-7.93182],[111.55914,-7.93147],[111.55797,-7.93133],[111.55768,-7.93064],[111.5572,-7.93084],[111.55679,-7.93083],[111.55622,-7.93153],[111.55602,-7.93146],[111.55555,-7.93199],[111.55537,-7.93227],[111.55546,-7.93244],[111.55593,-7.933],[111.55674,-7.93305],[111.55706,-7.93359],[111.55718,-7.93312],[111.55795,-7.93352],[111.55819,-7.93338],[111.55857,-7.93341],[111.55872,-7.93364],[111.55849,-7.93398],[111.55812,-7.93396],[111.5578,-7.93421],[111.55748,-7.93478],[111.5571,-7.93508],[111.55644,-7.93534],[111.55635,-7.93561],[111.55739,-7.93633],[111.55795,-7.93639],[111.55826,-7.93662],[111.55811,-7.93663],[111.55824,-7.93675],[111.55854,-7.93674],[111.56004,-7.93611],[111.56042,-7.93615],[111.56052,-7.93631],[111.56002,-7.93682],[111.56001,-7.93716],[111.55902,-7.93826],[111.56002,-7.938],[111.56071,-7.93809],[111.56126,-7.93837],[111.5619,-7.93832],[111.56331,-7.93796],[111.5637,-7.93754],[111.56414,-7.93743],[111.56497,-7.93729],[111.56531,-7.93753],[111.5663,-7.93716],[111.56718,-7.93658],[111.56787,-7.93658],[111.56891,-7.93746],[111.56928,-7.93746],[111.56943,-7.93732],[111.56947,-7.937],[111.57176,-7.93588],[111.57332,-7.93667],[111.57428,-7.93635],[111.57569,-7.93532],[111.57572,-7.93454],[111.57625,-7.93377],[111.57685,-7.93396],[111.57774,-7.9345],[111.57793,-7.93399],[111.57857,-7.93328],[111.57876,-7.93261],[111.57923,-7.9323],[111.58002,-7.93145],[111.58046,-7.93134],[111.58101,-7.93095],[111.58117,-7.93067],[111.58165,-7.9305],[111.58205,-7.93062],[111.58241,-7.93124],[111.58293,-7.9312],[111.58328,-7.93194],[111.58455,-7.933],[111.585,-7.93327],[111.58569,-7.93313],[111.58591,-7.93366],[111.58635,-7.934],[111.58666,-7.93447],[111.5881,-7.9355],[111.58882,-7.93636],[111.59003,-7.93602],[111.59087,-7.93596],[111.59112,-7.93579],[111.59157,-7.93608],[111.59246,-7.93624]],[[111.60323,-7.93371],[111.60256,-7.93431],[111.60245,-7.93473],[111.60238,-7.93451],[111.60114,-7.9346],[111.60157,-7.93516],[111.60155,-7.93536],[111.60137,-7.93548],[111.60062,-7.93538],[111.60053,-7.93496],[111.59994,-7.93466],[111.5998,-7.93365],[111.59973,-7.93371],[111.59928,-7.9332],[111.59877,-7.93327],[111.59833,-7.93315],[111.5979,-7.93374],[111.59779,-7.93357],[111.59706,-7.93384],[111.59658,-7.93361],[111.59545,-7.93412],[111.59453,-7.93432],[111.59448,-7.93533],[111.59426,-7.93546],[111.59444,-7.93598],[111.59428,-7.93684],[111.59337,-7.93744],[111.59238,-7.93743],[111.5923,-7.93764],[111.59186,-7.93747],[111.59167,-7.9376],[111.5914,-7.93787],[111.59157,-7.93823],[111.59142,-7.93854],[111.59126,-7.93888],[111.59069,-7.93938],[111.59072,-7.93963],[111.59052,-7.93958],[111.59021,-7.93919],[111.58953,-7.93899],[111.58937,-7.9385],[111.58875,-7.93856],[111.58777,-7.93792],[111.58735,-7.93805],[111.58717,-7.93855],[111.58745,-7.93939],[111.58802,-7.93979],[111.58814,-7.9403],[111.58869,-7.94112],[111.58931,-7.94158],[111.58899,-7.94222],[111.5887,-7.9423],[111.58886,-7.94259],[111.58849,-7.94288],[111.58839,-7.94366],[111.58843,-7.94403],[111.58904,-7.94453],[111.58906,-7.94471],[111.58839,-7.94422],[111.58822,-7.94395],[111.58809,-7.94338],[111.58818,-7.94288],[111.58809,-7.94169],[111.58783,-7.94142],[111.58769,-7.94074],[111.58727,-7.94034],[111.58628,-7.93991],[111.58576,-7.93929],[111.58561,-7.93832],[111.58589,-7.93736],[111.58521,-7.93746],[111.58495,-7.937],[111.58505,-7.93633],[111.58484,-7.93582],[111.58427,-7.9354],[111.58422,-7.93512],[111.5837,-7.93453],[111.58327,-7.93464],[111.58256,-7.93453],[111.58245,-7.93461],[111.58254,-7.93414],[111.58244,-7.93336],[111.5823,-7.93314],[111.58155,-7.9327],[111.58132,-7.9321],[111.58118,-7.93211],[111.58058,-7.93247],[111.58041,-7.93285],[111.58023,-7.93362],[111.58057,-7.93425],[111.58034,-7.93457],[111.58033,-7.93541],[111.57962,-7.93541],[111.57797,-7.93633],[111.57718,-7.93618],[111.57697,-7.93653],[111.5772,-7.93759],[111.57714,-7.93786],[111.57642,-7.93761],[111.57596,-7.93772],[111.57546,-7.93831],[111.57502,-7.93848],[111.5744,-7.93928],[111.57348,-7.93928],[111.5728,-7.93957],[111.57185,-7.93945],[111.57141,-7.94],[111.57091,-7.94105],[111.57029,-7.94131],[111.56901,-7.94137],[111.56877,-7.94191],[111.56799,-7.94267],[111.56703,-7.94443],[111.56662,-7.9448],[111.56598,-7.94495],[111.5653,-7.94546],[111.56467,-7.94546],[111.56459,-7.94599],[111.56439,-7.94619],[111.56443,-7.94654],[111.56421,-7.94662],[111.56489,-7.94722],[111.56484,-7.94781],[111.5656,-7.94797],[111.56612,-7.94794],[111.56603,-7.94834],[111.56624,-7.94887],[111.56631,-7.94965],[111.56618,-7.94993],[111.56589,-7.95009],[111.56576,-7.95052],[111.56635,-7.95027],[111.56766,-7.94869],[111.56901,-7.94825],[111.56818,-7.95053],[111.56769,-7.95117],[111.56766,-7.95143],[111.56793,-7.95154],[111.5687,-7.95088],[111.56956,-7.95067],[111.56964,-7.95036],[111.57001,-7.95001],[111.57071,-7.95007],[111.57159,-7.95071],[111.5722,-7.95024],[111.57305,-7.94983],[111.57322,-7.95035],[111.57355,-7.95064],[111.57361,-7.95103],[111.57316,-7.95149],[111.57389,-7.95291],[111.57426,-7.95182],[111.57438,-7.95092],[111.57497,-7.95041],[111.57486,-7.95024],[111.5751,-7.95002],[111.57526,-7.94962],[111.57513,-7.94885],[111.57539,-7.94871],[111.57549,-7.94836],[111.57627,-7.94895],[111.57648,-7.94994],[111.57703,-7.9508],[111.57802,-7.95161],[111.57822,-7.95256],[111.57841,-7.95261],[111.57919,-7.95231],[111.57923,-7.95314],[111.57947,-7.95364],[111.57975,-7.95482],[111.57997,-7.95513],[111.58071,-7.95527],[111.58015,-7.95566],[111.58015,-7.95584],[111.57979,-7.95618],[111.58017,-7.95629],[111.58041,-7.9571],[111.58066,-7.95723],[111.58097,-7.95719],[111.5806,-7.95787],[111.58072,-7.95884],[111.58117,-7.95951],[111.5803,-7.95988],[111.58044,-7.96028],[111.58105,-7.96081],[111.5804,-7.9611],[111.58048,-7.96164],[111.58017,-7.9624],[111.5798,-7.96247],[111.57905,-7.96205],[111.57869,-7.96205],[111.5782,-7.96157],[111.5779,-7.96146],[111.57763,-7.96191],[111.57754,-7.96251],[111.57798,-7.96276],[111.57843,-7.96251],[111.58041,-7.96374],[111.58095,-7.96436],[111.58141,-7.96458],[111.58127,-7.96526],[111.5817,-7.96577],[111.58167,-7.9661],[111.58247,-7.96681],[111.58253,-7.96789],[111.58299,-7.96849],[111.58338,-7.96942],[111.58342,-7.96989],[111.58419,-7.97012],[111.58522,-7.97007],[111.5852,-7.97065],[111.58392,-7.97153],[111.58394,-7.972],[111.58423,-7.97217],[111.58412,-7.97232],[111.58418,-7.97243],[111.58462,-7.97263],[111.58526,-7.9725],[111.58615,-7.97321],[111.58693,-7.97344],[111.58706,-7.9733],[111.58725,-7.9737],[111.58805,-7.974],[111.58818,-7.97431],[111.58867,-7.97461],[111.58822,-7.9745],[111.58791,-7.97468],[111.58763,-7.97468],[111.58666,-7.97441],[111.58602,-7.97469],[111.58596,-7.97489],[111.58505,-7.97505],[111.58611,-7.97514],[111.58633,-7.97492],[111.58645,-7.9752],[111.58695,-7.97547],[111.58717,-7.97639],[111.58746,-7.97675],[111.58707,-7.97737],[111.58621,-7.97734],[111.58547,-7.97671],[111.58577,-7.9772],[111.58534,-7.97753],[111.58503,-7.97738],[111.58456,-7.97759],[111.58422,-7.97749],[111.58418,-7.97727],[111.58374,-7.97734],[111.5834,-7.97718],[111.58305,-7.97675],[111.58198,-7.97616],[111.58142,-7.97624],[111.58123,-7.9768],[111.58144,-7.97757],[111.58173,-7.97789],[111.58194,-7.97894],[111.58187,-7.97942],[111.58207,-7.97956],[111.5819,-7.97973],[111.58256,-7.98001],[111.58303,-7.98005],[111.58301,-7.98119],[111.58351,-7.98164],[111.58423,-7.9819],[111.58416,-7.98219],[111.58374,-7.98247],[111.58384,-7.98289],[111.58423,-7.98331],[111.58372,-7.98295],[111.58314,-7.98204],[111.58278,-7.9819],[111.58243,-7.98212],[111.58176,-7.98208],[111.58195,-7.98249],[111.58173,-7.9832],[111.58054,-7.9835],[111.58095,-7.98376],[111.58138,-7.98374],[111.58222,-7.98419],[111.5827,-7.98497],[111.58323,-7.98545],[111.58385,-7.98556],[111.58316,-7.98578],[111.58246,-7.98538],[111.58187,-7.98474],[111.58144,-7.98466],[111.58057,-7.98491],[111.58033,-7.98526],[111.58096,-7.98587],[111.58089,-7.98642],[111.58008,-7.98647],[111.58031,-7.98669],[111.58035,-7.98693],[111.58089,-7.98704],[111.58128,-7.98766],[111.58163,-7.98788],[111.58171,-7.98828],[111.58195,-7.98849],[111.58214,-7.98923],[111.58208,-7.98984],[111.58309,-7.99094],[111.58331,-7.9921],[111.58313,-7.9928],[111.58336,-7.9929],[111.58384,-7.99267],[111.58444,-7.99287],[111.58389,-7.99309],[111.58362,-7.99338],[111.58364,-7.99355],[111.58318,-7.99351],[111.58284,-7.99364],[111.58274,-7.99305],[111.58284,-7.9928],[111.58259,-7.99176],[111.58211,-7.99112],[111.58162,-7.99079],[111.58129,-7.98964],[111.58077,-7.98987],[111.58038,-7.98932],[111.58012,-7.98928],[111.57987,-7.98934],[111.57979,-7.98975],[111.57926,-7.98971],[111.57917,-7.98939],[111.5793,-7.9887],[111.57909,-7.98734],[111.57835,-7.98629],[111.57816,-7.98624],[111.57798,-7.98658],[111.57759,-7.98672],[111.57575,-7.98703],[111.57677,-7.98654],[111.57719,-7.98588],[111.57787,-7.98579],[111.57711,-7.98512],[111.57621,-7.98499],[111.57553,-7.98428],[111.57588,-7.98358],[111.57564,-7.98268],[111.57537,-7.98256],[111.57492,-7.98282],[111.57448,-7.98281],[111.57436,-7.98366],[111.57421,-7.98383],[111.57386,-7.98388],[111.57391,-7.98351],[111.57359,-7.98251],[111.5736,-7.98195],[111.57293,-7.9812],[111.57232,-7.98104],[111.5716,-7.98166],[111.57076,-7.9812],[111.56992,-7.98111],[111.56958,-7.98083],[111.56949,-7.98055],[111.56914,-7.98023],[111.56912,-7.97914],[111.5687,-7.97883],[111.56864,-7.97823],[111.5684,-7.97792],[111.56944,-7.97682],[111.5694,-7.97667],[111.56887,-7.97626],[111.56856,-7.9755],[111.56778,-7.97501],[111.5672,-7.97528],[111.56684,-7.97573],[111.56621,-7.97613],[111.5661,-7.97671],[111.56563,-7.97771],[111.56463,-7.97854],[111.56461,-7.97901],[111.56404,-7.97951],[111.56345,-7.97948],[111.56348,-7.9796],[111.56288,-7.98057],[111.56297,-7.98215],[111.5629,-7.98271],[111.56268,-7.98275],[111.56245,-7.98227],[111.5626,-7.98183],[111.56245,-7.98162],[111.5623,-7.98071],[111.56168,-7.98115],[111.56142,-7.98061],[111.56163,-7.98018],[111.56156,-7.98],[111.56127,-7.98022],[111.56117,-7.98022],[111.5611,-7.97988],[111.56082,-7.97986],[111.56075,-7.97999],[111.56054,-7.97951],[111.5605,-7.97884],[111.55979,-7.97841],[111.55989,-7.97821],[111.55962,-7.97753],[111.55923,-7.97704],[111.559,-7.9765],[111.55882,-7.97638],[111.55887,-7.97613],[111.55869,-7.97577],[111.55829,-7.97551],[111.55802,-7.97551],[111.55727,-7.97483],[111.5575,-7.97394],[111.55708,-7.97373],[111.55626,-7.97375],[111.55595,-7.9736],[111.55619,-7.9734],[111.55647,-7.97283],[111.55606,-7.97228],[111.55648,-7.9717],[111.55506,-7.9717],[111.55381,-7.97083],[111.55331,-7.97115],[111.5533,-7.97129],[111.55359,-7.97265],[111.5539,-7.97331],[111.55271,-7.97371],[111.55302,-7.97421],[111.55361,-7.97447],[111.55335,-7.97465],[111.55317,-7.97545],[111.55218,-7.97532],[111.55167,-7.97606],[111.55139,-7.97608],[111.5509,-7.97666],[111.55028,-7.97684],[111.54988,-7.97736],[111.54896,-7.97786],[111.54853,-7.97781],[111.54795,-7.97793],[111.5483,-7.97856],[111.55013,-7.97904],[111.54933,-7.97948],[111.54949,-7.98021],[111.54886,-7.98086],[111.5493,-7.98146],[111.54932,-7.98165],[111.54832,-7.98171],[111.54707,-7.98207],[111.54738,-7.98277],[111.54741,-7.9837],[111.54688,-7.98446],[111.54729,-7.98504],[111.54731,-7.98591],[111.54752,-7.98618],[111.54798,-7.98614],[111.5482,-7.98597],[111.54825,-7.98621],[111.54887,-7.98693],[111.54935,-7.98695],[111.54969,-7.98804],[111.5501,-7.98867],[111.5498,-7.98934],[111.55058,-7.98952],[111.55034,-7.98976],[111.5505,-7.9901],[111.55023,-7.99016],[111.55014,-7.99048],[111.54952,-7.99011],[111.54876,-7.9904],[111.54863,-7.99157],[111.54875,-7.99192],[111.54909,-7.99208],[111.54875,-7.99231],[111.54879,-7.99259],[111.54849,-7.99339],[111.54867,-7.99371],[111.54895,-7.99378],[111.54903,-7.99392],[111.54859,-7.99383],[111.54811,-7.99349],[111.54785,-7.99345],[111.54773,-7.99296],[111.54718,-7.99267],[111.5471,-7.99249],[111.54626,-7.9919],[111.54508,-7.99216],[111.54481,-7.99243],[111.54472,-7.99351],[111.54454,-7.99376],[111.5446,-7.99433],[111.54442,-7.99458],[111.54474,-7.99526],[111.54474,-7.99588],[111.54539,-7.99641],[111.54479,-7.99765],[111.54479,-7.99864],[111.54459,-7.99872],[111.54445,-7.99835],[111.54355,-7.99767],[111.54303,-7.99762],[111.54255,-7.99783],[111.54367,-7.99918],[111.54266,-7.9989],[111.54204,-7.9984],[111.54122,-7.99841],[111.54082,-7.99825],[111.53984,-7.99831],[111.53966,-7.99801],[111.53902,-7.99839],[111.53784,-7.99847],[111.5376,-7.9986],[111.53752,-7.99883],[111.53723,-7.99801],[111.5369,-7.99785],[111.53654,-7.99789],[111.5362,-7.99816],[111.53607,-7.99797],[111.53598,-7.99826],[111.53581,-7.99833],[111.53449,-7.99816],[111.53338,-7.99821]],[[111.59995,-7.93309],[111.60025,-7.93337]],[[111.64709,-8.01667],[111.64781,-8.01704],[111.64791,-8.01688],[111.64838,-8.01682],[111.6485,-8.01721],[111.64881,-8.01739],[111.64945,-8.01729],[111.65074,-8.01759],[111.65238,-8.01579],[111.6523,-8.0155],[111.65247,-8.01548],[111.65275,-8.01487],[111.65237,-8.01483],[111.6529,-8.01451],[111.65303,-8.01428],[111.65333,-8.01266],[111.65396,-8.01252],[111.65427,-8.01215],[111.65441,-8.01141],[111.65473,-8.01083],[111.65523,-8.01051],[111.65536,-8.0094],[111.65519,-8.00855],[111.65562,-8.00883],[111.65582,-8.00815]]]}},{"type":"Feature","properties":{"NAMOBJ":"537.5","REMARK":"Garis Kontur","JNSKNT":2,"VALKNT":537.5},"geometry":{"type":"MultiLineString","coordinates":[[[111.58518,-8.02447],[111.5853,-8.02402],[111.58563,-8.02367],[111.58563,-8.02313],[111.5858,-8.02289],[111.58575,-8.02227],[111.58633,-8.02223],[111.587,-8.02132],[111.58701,-8.02053],[111.58716,-8.0202],[111.5871,-8.0195],[111.58772,-8.01875],[111.58662,-8.01806],[111.58785,-8.0168],[111.58857,-8.01557],[111.5887,-8.01545],[111.58889,-8.01548],[111.58831,-8.0148],[111.58855,-8.0145],[111.58858,-8.01407],[111.58912,-8.01334],[111.59005,-8.01349],[111.59029,-8.01369],[111.59065,-8.01316],[111.5914,-8.01287],[111.59123,-8.01172],[111.59166,-8.01144],[111.59256,-8.01124],[111.59255,-8.01046],[111.59208,-8.01003],[111.59256,-8.00883],[111.59282,-8.00918],[111.59333,-8.00912],[111.59415,-8.00822],[111.59448,-8.00826],[111.59529,-8.00777],[111.59569,-8.00775],[111.59604,-8.00752],[111.59513,-8.00746],[111.59482,-8.00732],[111.59543,-8.00679],[111.59543,-8.00603],[111.59528,-8.00552],[111.59623,-8.00506],[111.59587,-8.00442],[111.5955,-8.00416],[111.59729,-8.00376],[111.59804,-8.00323],[111.59868,-8.0036],[111.59882,-8.00357],[111.59889,-8.00252],[111.5984,-8.00168],[111.59841,-8.00094],[111.59796,-8.00054],[111.59889,-8.00031],[111.59942,-8.0],[111.59968,-7.99961],[111.59995,-7.99949],[111.59953,-7.99864],[111.60018,-7.99811],[111.59995,-7.99774],[111.59983,-7.99683],[111.60088,-7.99708],[111.60146,-7.99593],[111.60159,-7.99516],[111.60142,-7.99481],[111.60185,-7.99479],[111.60236,-7.995],[111.60235,-7.99531],[111.60206,-7.99584],[111.6026,-7.99626],[111.60261,-7.99675],[111.60287,-7.99706],[111.60375,-7.99707],[111.60385,-7.99764],[111.60356,-7.998],[111.60314,-7.99823],[111.60345,-7.99861],[111.60348,-7.99899],[111.60269,-7.99973],[111.60268,-8.0]],[[111.60268,-8.0],[111.60265,-8.00207],[111.60227,-8.0018],[111.60186,-8.00173],[111.60186,-8.00229],[111.60179,-8.00241],[111.60145,-8.00249],[111.60148,-8.00329],[111.60074,-8.00375],[111.60117,-8.00418],[111.6009,-8.00471],[111.60137,-8.00585],[111.60124,-8.00637],[111.60097,-8.00685],[111.60028,-8.00714],[111.59971,-8.00772],[111.59943,-8.00836],[111.59896,-8.0087],[111.59871,-8.00871],[111.59901,-8.00944],[111.59892,-8.01004],[111.5991,-8.01038],[111.59796,-8.01285],[111.59786,-8.01409],[111.59828,-8.01497],[111.59802,-8.01586],[111.59746,-8.01679],[111.5973,-8.01589],[111.59691,-8.01494],[111.59742,-8.01439],[111.59675,-8.01381],[111.59753,-8.01298],[111.59776,-8.01217],[111.59789,-8.01207],[111.59758,-8.01092],[111.59739,-8.01132],[111.59713,-8.01144],[111.59679,-8.01226],[111.5962,-8.01286],[111.59552,-8.01261],[111.59537,-8.01268],[111.5953,-8.01452],[111.59504,-8.01424],[111.59455,-8.01416],[111.59388,-8.01345],[111.59362,-8.01342],[111.59349,-8.01292],[111.59317,-8.01289],[111.59306,-8.01332],[111.59331,-8.01359],[111.59305,-8.01407],[111.59305,-8.01455],[111.59281,-8.01531],[111.59394,-8.01562],[111.59415,-8.01594],[111.59436,-8.01685],[111.59486,-8.0172],[111.5937,-8.01743],[111.59171,-8.01688],[111.5911,-8.01706],[111.59155,-8.01759],[111.59168,-8.01841],[111.59191,-8.01859],[111.59271,-8.01872],[111.59284,-8.01885]]]}},{"type":"Feature","properties":{"NAMOBJ":"637.5","REMARK":"Garis Kontur","JNSKNT":2,"VALKNT":637.5},"geometry":{"type":"LineString","coordinates":[[111.63631,-7.99479],[111.63625,-7.99503],[111.63649,-7.99483],[111.63651,-7.9944],[111.63631,-7.99479]]}},{"type":"Feature","properties":{"NAMOBJ":"587.5","REMARK":"Garis Kontur","JNSKNT":2,"VALKNT":587.5},"geometry":{"type":"LineString","coordinates":[[111.59992,-8.0013],[111.59985,-8.00139],[111.60034,-8.0011],[111.60032,-8.00047],[111.59992,-8.0013]]}},{"type":"Feature","properties":{"NAMOBJ":"950","REMARK":"Garis Kontur","JNSKNT":1,"VALKNT":950},"geometry":{"type":"MultiLineString","coordinates":[[[111.53809,-8.02765],[111.53843,-8.0268],[111.53809,-8.02592],[111.53893,-8.02572],[111.53938,-8.02531],[111.53893,-8.02531],[111.53826,-8.02509],[111.53809,-8.02516],[111.5379,-8.02458],[111.53726,-8.02577],[111.53714,-8.02575]],[[111.53749,-8.02767],[111.53809,-8.02765]]]}},{"type":"Feature","properties":{"NAMOBJ":"412.5","REMARK":"Garis Kontur","JNSKNT":2,"VALKNT":412.5},"geometry":{"type":"LineString","coordinates":[[111.55617,-7.98661],[111.55675,-7.98606],[111.55699,-7.98515],[111.557,-7.98361],[111.55667,-7.98246],[111.55602,-7.98149],[111.55601,-7.98048],[111.55539,-7.97901],[111.55513,-7.97948],[111.55516,-7.97965],[111.55459,-7.97985],[111.55441,-7.98123],[111.55465,-7.98233],[111.55412,-7.98257],[111.55344,-7.98334],[111.55292,-7.98357],[111.55246,-7.98426],[111.5532,-7.98484],[111.55329,-7.98529],[111.55317,-7.98603],[111.55356,-7.98608],[111.55434,-7.98541],[111.55475,-7.98608],[111.55535,-7.9866],[111.55606,-7.98676],[111.55617,-7.98661]]}},{"type":"Feature","properties":{"NAMOBJ":"562.5","REMARK":"Garis Kontur","JNSKNT":2,"VALKNT":562.5},"geometry":{"type":"LineString","coordinates":[[111.59798,-8.0096],[111.59811,-8.00967],[111.59826,-8.0094],[111.59815,-8.00892],[111.59822,-8.00864],[111.59884,-8.00814],[111.59894,-8.00773],[111.60056,-8.00662],[111.60074,-8.00591],[111.60041,-8.00516],[111.60039,-8.00431],[111.59998,-8.00404],[111.59981,-8.00412],[111.59967,-8.00377],[111.5994,-8.00408],[111.59868,-8.00401],[111.59833,-8.00374],[111.59816,-8.004],[111.59819,-8.00465],[111.59795,-8.00483],[111.59747,-8.00448],[111.59698,-8.00442],[111.59667,-8.00458],[111.59694,-8.00527],[111.59697,-8.00592],[111.59685,-8.00622],[111.5962,-8.00586],[111.59573,-8.00585],[111.59585,-8.00668],[111.59619,-8.00683],[111.59678,-8.00685],[111.59746,-8.00734],[111.59754,-8.00759],[111.59644,-8.00857],[111.59638,-8.00878],[111.59479,-8.009],[111.59413,-8.00929],[111.59386,-8.01117],[111.59406,-8.01168],[111.59429,-8.01191],[111.59503,-8.01174],[111.59556,-8.01138],[111.59551,-8.01061],[111.59619,-8.01024],[111.59673,-8.01034],[111.59653,-8.00954],[111.5968,-8.00916],[111.59717,-8.0091],[111.59798,-8.0096]]}},{"type":"Feature","properties":{"NAMOBJ":"225","REMARK":"Garis Kontur","JNSKNT":2,"VALKNT":225},"geometry":{"type":"LineString","coordinates":[[111.65145,-8.01582],[111.65162,-8.01579],[111.65156,-8.01546],[111.65149,-8.01566],[111.65145,-8.01582]]}},{"type":"Feature","properties":{"NAMOBJ":"250","REMARK":"Garis Kontur","JNSKNT":1,"VALKNT":250},"geometry":{"type":"LineString","coordinates":[[111.57699,-7.9308],[111.57686,-7.93089],[111.57674,-7.93164],[111.57643,-7.93176],[111.57735,-7.93201],[111.57783,-7.9319],[111.578,-7.93159],[111.57799,-7.93089],[111.57822,-7.93071],[111.5779,-7.93048],[111.57704,-7.93061],[111.57699,-7.9308]]}},{"type":"Feature","properties":{"NAMOBJ":"700","REMARK":"Garis Kontur","JNSKNT":1,"VALKNT":700},"geometry":{"type":"LineString","coordinates":[[111.60228,-7.94697],[111.60226,-7.94686],[111.60188,-7.94686],[111.60157,-7.94702],[111.60212,-7.94709],[111.60228,-7.94697]]}},{"type":"Feature","properties":{"NAMOBJ":"612.5","REMARK":"Garis Kontur","JNSKNT":2,"VALKNT":612.5},"geometry":{"type":"LineString","coordinates":[[111.636,-7.98963],[111.63624,-7.98946],[111.63596,-7.98947],[111.63572,-7.98931],[111.63548,-7.98945],[111.636,-7.98963]]}},{"type":"Feature","properties":{"NAMOBJ":"412.5","REMARK":"Garis Kontur","JNSKNT":2,"VALKNT":412.5},"geometry":{"type":"LineString","coordinates":[[111.5871,-7.95303],[111.58671,-7.95421],[111.58669,-7.9547],[111.58677,-7.95523],[111.58711,-7.95595],[111.58702,-7.95617],[111.58647,-7.95662],[111.58581,-7.95683],[111.5859,-7.95698],[111.5858,-7.95714],[111.5866,-7.95766],[111.58783,-7.95733],[111.58808,-7.95749],[111.58824,-7.95783],[111.58866,-7.95798],[111.58857,-7.95782],[111.58897,-7.95701],[111.58821,-7.95628],[111.58842,-7.95531],[111.58885,-7.95546],[111.58921,-7.9552],[111.58978,-7.95562],[111.59072,-7.95531],[111.59032,-7.9548],[111.58978,-7.95455],[111.58959,-7.95427],[111.58831,-7.95378],[111.58781,-7.95373],[111.58725,-7.95316],[111.58733,-7.95221],[111.58788,-7.95159],[111.58889,-7.95092],[111.58869,-7.9508],[111.58847,-7.95042],[111.58849,-7.94998],[111.58702,-7.94981],[111.58624,-7.95126],[111.58628,-7.95171],[111.58692,-7.95197],[111.5871,-7.95303]]}},{"type":"Feature","properties":{"NAMOBJ":"537.5","REMARK":"Garis Kontur","JNSKNT":2,"VALKNT":537.5},"geometry":{"type":"LineString","coordinates":[[111.59851,-7.9423],[111.59814,-7.94283],[111.59809,-7.94349],[111.59782,-7.94379],[111.59809,-7.94444],[111.59826,-7.94456],[111.59834,-7.94498],[111.59894,-7.94577],[111.59838,-7.94621],[111.59902,-7.94764],[111.59965,-7.94798],[111.6006,-7.94991],[111.60169,-7.94974],[111.60284,-7.94916],[111.60284,-7.94959],[111.60248,-7.94983],[111.60293,-7.9502],[111.60447,-7.95063],[111.60486,-7.95099],[111.60557,-7.95088],[111.60617,-7.95061],[111.6064,-7.94974],[111.60692,-7.94888],[111.60677,-7.94796],[111.60691,-7.9477],[111.60633,-7.94729],[111.60605,-7.94728],[111.60564,-7.94665],[111.60438,-7.94645],[111.60379,-7.94618],[111.6033,-7.94517],[111.60248,-7.94503],[111.60228,-7.94478],[111.60158,-7.94481],[111.60068,-7.94446],[111.60039,-7.94422],[111.59967,-7.94462],[111.5992,-7.94456],[111.59911,-7.94417],[111.59921,-7.94371],[111.5988,-7.94271],[111.59892,-7.94238],[111.59879,-7.94223],[111.59851,-7.9423]]}},{"type":"Feature","properties":{"NAMOBJ":"600","REMARK":"Garis Kontur","JNSKNT":1,"VALKNT":600},"geometry":{"type":"MultiLineString","coordinates":[[[111.5897,-8.02012],[111.5893,-8.01976]],[[111.5893,-8.01976],[111.58921,-8.0203],[111.58877,-8.02118]]]}},{"type":"Feature","properties":{"NAMOBJ":"437.5","REMARK":"Garis Kontur","JNSKNT":2,"VALKNT":437.5},"geometry":{"type":"LineString","coordinates":[[111.58298,-7.9432],[111.58283,-7.94401],[111.58324,-7.94489],[111.58289,-7.94572],[111.58289,-7.94602],[111.58306,-7.94625],[111.58347,-7.94587],[111.58335,-7.94506],[111.58366,-7.94447],[111.58393,-7.94347],[111.58302,-7.94309],[111.58298,-7.9432]]}},{"type":"Feature","properties":{"NAMOBJ":"337.5","REMARK":"Garis Kontur","JNSKNT":2,"VALKNT":337.5},"geometry":{"type":"LineString","coordinates":[[111.58177,-7.93755],[111.58011,-7.93922],[111.58008,-7.9396],[111.57984,-7.93994],[111.58021,-7.94033],[111.58033,-7.94119],[111.58063,-7.94178],[111.58126,-7.94223],[111.5817,-7.94235],[111.58155,-7.94265],[111.58188,-7.94338],[111.58201,-7.94434],[111.58174,-7.94639],[111.58134,-7.94717],[111.58042,-7.94793],[111.58041,-7.94839],[111.58145,-7.9498],[111.58166,-7.94988],[111.58195,-7.94958],[111.58246,-7.95009],[111.58316,-7.95026],[111.58358,-7.95062],[111.58433,-7.95091],[111.58468,-7.9513],[111.58487,-7.95224],[111.58507,-7.95253],[111.58532,-7.95256],[111.5855,-7.95218],[111.58613,-7.95251],[111.58558,-7.95357],[111.58564,-7.95416],[111.58548,-7.95438],[111.58583,-7.95556],[111.58535,-7.95584],[111.58513,-7.95579],[111.58477,-7.95597],[111.58461,-7.95715],[111.58537,-7.95809],[111.5864,-7.95838],[111.58702,-7.95883],[111.58747,-7.9586],[111.58795,-7.95897],[111.58806,-7.95926],[111.58685,-7.96076],[111.58688,-7.96117],[111.58628,-7.96141],[111.58545,-7.96223],[111.58529,-7.96338],[111.5856,-7.96358],[111.58552,-7.96432],[111.58681,-7.96495],[111.58804,-7.96508],[111.58802,-7.96655],[111.58888,-7.96679],[111.58956,-7.96658],[111.58964,-7.96714],[111.5898,-7.9673],[111.59064,-7.96765],[111.59122,-7.96752],[111.5921,-7.96667],[111.59175,-7.96645],[111.59158,-7.96617],[111.59158,-7.96527],[111.59142,-7.96455],[111.59159,-7.96392],[111.5914,-7.96368],[111.59079,-7.96363],[111.59023,-7.96338],[111.59033,-7.96293],[111.59017,-7.96155],[111.58957,-7.96064],[111.58947,-7.96003],[111.58916,-7.95962],[111.58938,-7.95937],[111.59015,-7.95924],[111.59064,-7.95858],[111.58998,-7.95796],[111.59045,-7.95766],[111.59012,-7.95712],[111.59001,-7.95657],[111.59087,-7.95656],[111.59112,-7.9563],[111.59166,-7.95645],[111.59299,-7.95565],[111.5931,-7.9551],[111.59247,-7.95542],[111.59188,-7.9553],[111.59145,-7.95458],[111.59153,-7.95407],[111.59126,-7.95418],[111.59072,-7.95412],[111.58999,-7.95363],[111.5896,-7.95366],[111.58822,-7.95258],[111.58948,-7.95112],[111.58957,-7.9499],[111.58982,-7.94899],[111.5889,-7.9491],[111.58827,-7.9488],[111.58798,-7.94902],[111.58782,-7.94857],[111.58738,-7.9485],[111.58699,-7.94818],[111.58688,-7.94702],[111.58649,-7.94714],[111.58613,-7.94775],[111.58577,-7.94683],[111.58555,-7.94668],[111.58629,-7.94586],[111.58598,-7.94578],[111.58541,-7.94517],[111.58496,-7.94434],[111.58511,-7.94406],[111.58563,-7.94367],[111.58564,-7.94334],[111.58516,-7.94292],[111.58428,-7.94255],[111.58412,-7.94216],[111.58353,-7.94159],[111.58289,-7.94126],[111.58255,-7.94083],[111.58243,-7.94042],[111.58149,-7.9403],[111.58112,-7.93991],[111.58089,-7.93916],[111.58115,-7.93895],[111.58152,-7.93802],[111.58179,-7.93796],[111.58177,-7.93755]]}},{"type":"Feature","properties":{"NAMOBJ":"875","REMARK":"Garis Kontur","JNSKNT":2,"VALKNT":875},"geometry":{"type":"MultiLineString","coordinates":[[[111.54001,-8.03683],[111.54085,-8.03352],[111.54087,-8.03294],[111.54109,-8.03287],[111.54149,-8.03223],[111.54139,-8.03112],[111.54148,-8.03082],[111.54141,-8.03038],[111.54023,-8.02952],[111.54031,-8.02766],[111.53983,-8.02692],[111.54003,-8.02595],[111.54078,-8.02567],[111.54113,-8.02522],[111.54089,-8.02479],[111.54025,-8.0248],[111.53996,-8.02439],[111.5395,-8.0241],[111.53966,-8.02363],[111.53951,-8.02307],[111.53805,-8.02307],[111.53786,-8.02319],[111.53772,-8.02369],[111.5374,-8.02418],[111.53715,-8.02427]],[[111.53857,-8.03679],[111.53858,-8.03684]]]}},{"type":"Feature","properties":{"NAMOBJ":"300","REMARK":"Garis Kontur","JNSKNT":1,"VALKNT":300},"geometry":{"type":"LineString","coordinates":[[111.54638,-7.99463],[111.54621,-7.99435],[111.54612,-7.994],[111.54583,-7.99432],[111.54606,-7.99465],[111.54644,-7.99486],[111.54638,-7.99463]]}},{"type":"Feature","properties":{"NAMOBJ":"525","REMARK":"Garis Kontur","JNSKNT":2,"VALKNT":525},"geometry":{"type":"MultiLineString","coordinates":[[[111.60293,-8.0],[111.60383,-7.99895],[111.60372,-7.99827],[111.60437,-7.99778],[111.60421,-7.99767],[111.60431,-7.99701],[111.60419,-7.99663],[111.60348,-7.99676],[111.60306,-7.99668],[111.60308,-7.99608],[111.60254,-7.99576],[111.60326,-7.99475],[111.60282,-7.99358],[111.60298,-7.99325],[111.60353,-7.99309],[111.60306,-7.99285],[111.60299,-7.99262],[111.6029,-7.99287],[111.60255,-7.99307],[111.60196,-7.99301],[111.60247,-7.99414],[111.60237,-7.99458],[111.60104,-7.9945],[111.60131,-7.99508],[111.60114,-7.99597],[111.60077,-7.99668],[111.6006,-7.99672],[111.59993,-7.99636],[111.59962,-7.99665],[111.59975,-7.99728],[111.59969,-7.99769],[111.60002,-7.99807],[111.5992,-7.99853],[111.59973,-7.99941],[111.59945,-7.99956],[111.5991,-8.0],[111.5987,-8.00008],[111.59843,-7.99994],[111.59791,-8.00013],[111.59782,-8.00029],[111.5978,-8.0006],[111.59825,-8.00113],[111.59828,-8.00175],[111.59867,-8.00252],[111.59869,-8.0034],[111.59788,-8.00297],[111.59772,-8.00326],[111.59718,-8.00359],[111.59494,-8.00396],[111.59509,-8.00418],[111.59528,-8.00416],[111.5958,-8.00483],[111.59525,-8.00521],[111.59516,-8.00547],[111.59522,-8.00682],[111.59464,-8.0073],[111.59469,-8.00767],[111.59432,-8.00795],[111.59404,-8.00775],[111.59348,-8.00859],[111.5932,-8.00878],[111.59306,-8.00879],[111.59276,-8.00843],[111.59213,-8.00844],[111.59173,-8.01038],[111.59213,-8.01094],[111.59167,-8.01114],[111.59098,-8.01175],[111.59109,-8.01258],[111.59075,-8.01271],[111.59019,-8.01337],[111.58903,-8.01315],[111.58832,-8.01407],[111.58829,-8.01431],[111.58785,-8.0146],[111.58801,-8.01502],[111.58846,-8.01526],[111.58809,-8.01576],[111.58764,-8.0168],[111.58637,-8.01806],[111.58652,-8.0183],[111.58738,-8.01879],[111.5868,-8.01951],[111.58658,-8.02131],[111.58609,-8.02198],[111.58536,-8.02198],[111.58531,-8.02311],[111.58473,-8.02429],[111.58369,-8.02441],[111.58257,-8.02481],[111.58171,-8.02534],[111.58147,-8.02526],[111.58093,-8.02538],[111.58089,-8.02584],[111.58137,-8.02675],[111.58165,-8.02702],[111.5823,-8.02708]],[[111.59366,-8.01865],[111.59364,-8.01826],[111.59339,-8.01766],[111.59413,-8.01786],[111.59458,-8.01783],[111.59515,-8.01756],[111.59545,-8.01723],[111.5954,-8.01668],[111.59477,-8.01589],[111.59482,-8.01569],[111.59441,-8.01515],[111.59407,-8.01497],[111.59412,-8.01435],[111.59518,-8.01521],[111.59547,-8.01525],[111.59556,-8.01486],[111.5955,-8.01387],[111.59586,-8.01328],[111.59627,-8.01314],[111.5962,-8.01343],[111.59635,-8.01402],[111.59674,-8.0144],[111.59651,-8.01462],[111.59639,-8.01497],[111.59675,-8.01569],[111.59694,-8.01672],[111.59711,-8.01702],[111.59737,-8.0172],[111.59834,-8.01587],[111.59848,-8.01494],[111.598,-8.01409],[111.59796,-8.01352],[111.59805,-8.01297],[111.59892,-8.01129],[111.59922,-8.01034],[111.59922,-8.00923],[111.59904,-8.00886],[111.59966,-8.00852],[111.60003,-8.00768],[111.60041,-8.00726],[111.60121,-8.00682],[111.60167,-8.00592],[111.60136,-8.00485],[111.60173,-8.00425],[111.6013,-8.00374],[111.60172,-8.00354],[111.60192,-8.00274],[111.60222,-8.0026],[111.60223,-8.00228],[111.60282,-8.00247],[111.60303,-8.00179],[111.60293,-8.0]]]}},{"type":"Feature","properties":{"NAMOBJ":"650","REMARK":"Garis Kontur","JNSKNT":1,"VALKNT":650},"geometry":{"type":"LineString","coordinates":[[111.56268,-8.0206],[111.56222,-8.02068],[111.56218,-8.02071],[111.56277,-8.02108],[111.56268,-8.0206]]}},{"type":"Feature","properties":{"NAMOBJ":"612.5","REMARK":"Garis Kontur","JNSKNT":2,"VALKNT":612.5},"geometry":{"type":"LineString","coordinates":[[111.63607,-7.9941],[111.63569,-7.995],[111.63563,-7.99568],[111.63572,-7.99585],[111.63596,-7.9957],[111.6363,-7.99583],[111.63645,-7.99556],[111.63677,-7.99548],[111.6369,-7.99481],[111.63717,-7.99426],[111.63753,-7.99381],[111.63803,-7.99359],[111.63811,-7.993],[111.63783,-7.99297],[111.63755,-7.99321],[111.63653,-7.99355],[111.63607,-7.9941]]}},{"type":"Feature","properties":{"NAMOBJ":"550","REMARK":"Garis Kontur","JNSKNT":1,"VALKNT":550},"geometry":{"type":"LineString","coordinates":[[111.59773,-8.01528],[111.59789,-8.01532],[111.59807,-8.01496],[111.59791,-8.01461],[111.59759,-8.01489],[111.59773,-8.01528]]}},{"type":"Feature","properties":{"NAMOBJ":"962.5","REMARK":"Garis Kontur","JNSKNT":2,"VALKNT":962.5},"geometry":{"type":"LineString","coordinates":[[111.53775,-8.02587],[111.53785,-8.0252],[111.53774,-8.02511],[111.53743,-8.02562],[111.53775,-8.02587]]}},{"type":"Feature","properties":{"NAMOBJ":"550","REMARK":"Garis Kontur","JNSKNT":1,"VALKNT":550},"geometry":{"type":"LineString","coordinates":[[111.55118,-8.04498],[111.55132,-8.04474],[111.55137,-8.04368],[111.55076,-8.04311],[111.55043,-8.04215],[111.55051,-8.04156],[111.55016,-8.04078],[111.55091,-8.04098],[111.55108,-8.04127],[111.55177,-8.0418],[111.55254,-8.04182],[111.55334,-8.04373],[111.55364,-8.04483],[111.55403,-8.04443],[111.55426,-8.04443],[111.55447,-8.04491],[111.55515,-8.04541],[111.55521,-8.04578],[111.55543,-8.04603],[111.55559,-8.04597],[111.55598,-8.0461],[111.55639,-8.04599],[111.55698,-8.04548],[111.5572,-8.0458],[111.55754,-8.04596],[111.55873,-8.04523],[111.55943,-8.04539],[111.5596,-8.04514],[111.56032,-8.04508],[111.56031,-8.04472],[111.55963,-8.04456],[111.55876,-8.04411],[111.55874,-8.04317],[111.55778,-8.04297],[111.55778,-8.04272],[111.5582,-8.04209],[111.55834,-8.04101],[111.55833,-8.04021],[111.55812,-8.03973],[111.55857,-8.03945],[111.55961,-8.03928],[111.56015,-8.03941],[111.5604,-8.03989],[111.56087,-8.04032],[111.5621,-8.0403],[111.56349,-8.0406],[111.56399,-8.04048],[111.56573,-8.04095],[111.56641,-8.04083],[111.56734,-8.04101],[111.5672,-8.04124],[111.56803,-8.04111],[111.56851,-8.04118],[111.56814,-8.04082],[111.56801,-8.04034],[111.56851,-8.03938],[111.56843,-8.03836],[111.56807,-8.0383],[111.56772,-8.03866],[111.5654,-8.03913],[111.56449,-8.03945],[111.56359,-8.03923],[111.56265,-8.0386],[111.56219,-8.03852],[111.56192,-8.03864],[111.56176,-8.03853],[111.56089,-8.03862],[111.56033,-8.03821],[111.55986,-8.03828],[111.55897,-8.03798],[111.55813,-8.03822],[111.5572,-8.03791],[111.55671,-8.03755],[111.5568,-8.0373],[111.5571,-8.0372],[111.55748,-8.03674],[111.55715,-8.03591],[111.55655,-8.03594],[111.55635,-8.03684],[111.55476,-8.03768],[111.55422,-8.03654],[111.55358,-8.03693],[111.55338,-8.03679],[111.55319,-8.03635],[111.55267,-8.03634],[111.55204,-8.03605],[111.55199,-8.03557],[111.55222,-8.03513],[111.55167,-8.03493],[111.55129,-8.03411],[111.55049,-8.03435],[111.54998,-8.03478],[111.54975,-8.03378],[111.54931,-8.03344],[111.54887,-8.03344],[111.54886,-8.03295],[111.54927,-8.0322],[111.54857,-8.03116],[111.54926,-8.031],[111.54999,-8.03045],[111.54997,-8.0295],[111.55216,-8.03129],[111.55238,-8.03053],[111.55088,-8.02909],[111.55073,-8.02864],[111.55079,-8.0282],[111.55017,-8.0279],[111.55056,-8.02672],[111.55097,-8.02624],[111.55062,-8.02627],[111.54913,-8.0258],[111.54823,-8.02584],[111.54762,-8.02604],[111.54857,-8.02479],[111.54914,-8.02453],[111.54949,-8.02414],[111.54964,-8.02317],[111.54938,-8.02184],[111.54914,-8.02134],[111.54929,-8.02129],[111.54987,-8.02161],[111.55023,-8.02158],[111.55044,-8.02141],[111.55197,-8.0223],[111.55258,-8.02218],[111.55273,-8.02196],[111.55309,-8.02276],[111.55339,-8.02294],[111.55368,-8.02229],[111.55374,-8.02136],[111.554,-8.0206],[111.55481,-8.02118],[111.55494,-8.02101],[111.55495,-8.02045],[111.55543,-8.01955],[111.55538,-8.01878],[111.55598,-8.01855],[111.55619,-8.01832],[111.55637,-8.01865],[111.557,-8.01923],[111.55751,-8.02017],[111.55818,-8.01994],[111.55827,-8.02031],[111.55814,-8.02047],[111.5583,-8.02106],[111.5586,-8.0205],[111.55896,-8.02046],[111.56018,-8.02117],[111.56097,-8.021],[111.56067,-8.02166],[111.56078,-8.02293],[111.56119,-8.02309],[111.56122,-8.02339],[111.56153,-8.02323],[111.56186,-8.02444],[111.56266,-8.02376],[111.56286,-8.02311],[111.56315,-8.02365],[111.56369,-8.024],[111.56396,-8.02398],[111.56415,-8.02333],[111.56456,-8.02278],[111.56621,-8.0234],[111.56626,-8.02248],[111.56746,-8.02174],[111.567,-8.02188],[111.56638,-8.02186],[111.56568,-8.02125],[111.56534,-8.02078],[111.56434,-8.02105],[111.56448,-8.02041],[111.56382,-8.02009],[111.56399,-8.01959],[111.56398,-8.01917],[111.56484,-8.01877],[111.56459,-8.01843],[111.56448,-8.01851],[111.56458,-8.0179],[111.56477,-8.01759],[111.56452,-8.0174],[111.56391,-8.01793],[111.5638,-8.01847],[111.56354,-8.01865],[111.5624,-8.01846],[111.56229,-8.01879],[111.56231,-8.01941],[111.56181,-8.01977],[111.56082,-8.01933],[111.56032,-8.01883],[111.55967,-8.01881],[111.5591,-8.01807],[111.55878,-8.01808],[111.55845,-8.0178],[111.55848,-8.01742],[111.55901,-8.01686],[111.55938,-8.01665],[111.55922,-8.01615],[111.55963,-8.01556],[111.55949,-8.01553],[111.55889,-8.01466],[111.55862,-8.01473],[111.5579,-8.01451],[111.55733,-8.01525],[111.55672,-8.01481],[111.55637,-8.01413],[111.55655,-8.01377],[111.55599,-8.01329],[111.55652,-8.01286],[111.55687,-8.01195],[111.55685,-8.01139],[111.55661,-8.01083],[111.55618,-8.0104],[111.55667,-8.00845],[111.55591,-8.00855],[111.5553,-8.00827],[111.55386,-8.00801],[111.55345,-8.00803],[111.55325,-8.00818],[111.55282,-8.00778],[111.55335,-8.00749],[111.55413,-8.00736],[111.55443,-8.007],[111.55502,-8.00688],[111.55629,-8.00723],[111.5567,-8.00585],[111.55659,-8.00508],[111.55669,-8.0047],[111.55702,-8.00441],[111.55727,-8.00332],[111.55792,-8.00274],[111.55846,-8.00416],[111.55897,-8.00406],[111.5598,-8.00424],[111.5608,-8.00499],[111.562,-8.00503],[111.56268,-8.00527],[111.56155,-8.00429],[111.5624,-8.00334],[111.56251,-8.00236],[111.56242,-8.00155],[111.56305,-8.00144],[111.56337,-8.00065],[111.56367,-8.0005],[111.56374,-7.99947],[111.56438,-7.99875],[111.56522,-7.99829],[111.56387,-7.99805],[111.56351,-7.99827],[111.56284,-7.99793],[111.56286,-7.99761],[111.56308,-7.99725],[111.56289,-7.99651],[111.56388,-7.9958],[111.56388,-7.99562],[111.56334,-7.99538],[111.56263,-7.99535],[111.56184,-7.99481],[111.56125,-7.99486],[111.56083,-7.99411],[111.56083,-7.99552],[111.56104,-7.99611],[111.56062,-7.99641],[111.55964,-7.9965],[111.55956,-7.99715],[111.55964,-7.99762],[111.55944,-7.99803],[111.55835,-7.99824],[111.55824,-7.99873],[111.55789,-7.99908],[111.55717,-7.99873],[111.55661,-7.99907],[111.55638,-7.99904],[111.55589,-8.00149],[111.55539,-8.00159],[111.55488,-8.00248],[111.55553,-8.00305],[111.55546,-8.00342],[111.55514,-8.00389],[111.55533,-8.00506],[111.55487,-8.0055],[111.55466,-8.00592],[111.55373,-8.0056],[111.55371,-8.00634],[111.55296,-8.00684],[111.5527,-8.0068],[111.5527,-8.00711],[111.55242,-8.00739],[111.55226,-8.00786],[111.5525,-8.0081],[111.55311,-8.0083],[111.55292,-8.0085],[111.55288,-8.00889],[111.55222,-8.00979],[111.55198,-8.01066],[111.55187,-8.01074],[111.55184,-8.01053],[111.55196,-8.00944],[111.55168,-8.00936],[111.55087,-8.00966],[111.54987,-8.00972],[111.54925,-8.00943],[111.54903,-8.0099],[111.54845,-8.01047],[111.54789,-8.0106],[111.54753,-8.01099],[111.54653,-8.0109],[111.54693,-8.01182],[111.54692,-8.01215],[111.54624,-8.01267],[111.54587,-8.01276],[111.54579,-8.0131],[111.54562,-8.01323],[111.54589,-8.01413],[111.54536,-8.01502],[111.54518,-8.01506],[111.54447,-8.01606],[111.54338,-8.01557],[111.54319,-8.01644],[111.54283,-8.01648],[111.54263,-8.01626],[111.54173,-8.01635],[111.54129,-8.01733],[111.53986,-8.01721],[111.53944,-8.0178],[111.5393,-8.01939],[111.53896,-8.01933],[111.53777,-8.01983]]}},{"type":"Feature","properties":{"NAMOBJ":"950","REMARK":"Garis Kontur","JNSKNT":1,"VALKNT":950},"geometry":{"type":"LineString","coordinates":[[111.53946,-8.03333],[111.53998,-8.03344],[111.54026,-8.03202],[111.54072,-8.03197],[111.5406,-8.03128],[111.53997,-8.03061],[111.53968,-8.0307],[111.53907,-8.0306]]}},{"type":"Feature","properties":{"NAMOBJ":"150","REMARK":"Garis Kontur","JNSKNT":1,"VALKNT":150},"geometry":{"type":"LineString","coordinates":[[111.56535,-7.96838],[111.56443,-7.96785],[111.5646,-7.96806],[111.56457,-7.96844],[111.56495,-7.96891],[111.56442,-7.96977],[111.56527,-7.96967],[111.56571,-7.96925],[111.56535,-7.96838]]}},{"type":"Feature","properties":{"NAMOBJ":"662.5","REMARK":"Garis Kontur","JNSKNT":4,"VALKNT":662.5},"geometry":{"type":"LineString","coordinates":[[111.54512,-8.02024],[111.54511,-8.02031],[111.54521,-8.02033],[111.54512,-8.02024]]}},{"type":"Feature","properties":{"NAMOBJ":"512.5","REMARK":"Garis Kontur","JNSKNT":2,"VALKNT":512.5},"geometry":{"type":"LineString","coordinates":[[111.60563,-7.95148],[111.60703,-7.95079],[111.60706,-7.94993],[111.60755,-7.94929],[111.60734,-7.94888],[111.6072,-7.94805],[111.60747,-7.94745],[111.60685,-7.9473],[111.60646,-7.94683],[111.60606,-7.94691],[111.60556,-7.94626],[111.60486,-7.94613],[111.60452,-7.94623],[111.6045,-7.94605],[111.60409,-7.94586],[111.60387,-7.9456],[111.60349,-7.9449],[111.6026,-7.94488],[111.60234,-7.94464],[111.60158,-7.94468],[111.60017,-7.94404],[111.5998,-7.94434],[111.59943,-7.94437],[111.59951,-7.94387],[111.59929,-7.94304],[111.59896,-7.94268],[111.599,-7.94225],[111.59872,-7.94208],[111.59844,-7.94212],[111.59803,-7.94269],[111.59803,-7.9434],[111.59772,-7.94368],[111.59803,-7.94459],[111.59806,-7.94518],[111.59848,-7.94574],[111.59819,-7.94586],[111.59793,-7.94623],[111.59834,-7.94703],[111.59864,-7.94729],[111.59875,-7.94771],[111.59914,-7.94803],[111.59937,-7.94868],[111.60006,-7.94934],[111.60014,-7.95001],[111.60034,-7.95035],[111.60086,-7.95052],[111.60176,-7.9505],[111.60196,-7.95079],[111.60299,-7.95108],[111.60389,-7.95104],[111.60436,-7.95124],[111.60563,-7.95148]]}},{"type":"Feature","properties":{"NAMOBJ":"437.5","REMARK":"Garis Kontur","JNSKNT":2,"VALKNT":437.5},"geometry":{"type":"LineString","coordinates":[[111.6479,-8.01037],[111.64792,-8.01058],[111.64795,-8.01027],[111.6479,-8.01037]]}},{"type":"Feature","properties":{"NAMOBJ":"587.5","REMARK":"Garis Kontur","JNSKNT":2,"VALKNT":587.5},"geometry":{"type":"LineString","coordinates":[[111.60091,-7.99933],[111.60103,-7.99974],[111.60138,-7.99986],[111.60161,-7.99963],[111.60156,-7.99921],[111.60106,-7.9989],[111.60087,-7.99907],[111.60091,-7.99933]]}},{"type":"Feature","properties":{"NAMOBJ":"475","REMARK":"Garis Kontur","JNSKNT":2,"VALKNT":475},"geometry":{"type":"LineString","coordinates":[[111.60304,-7.97301],[111.6037,-7.97303],[111.6048,-7.97329],[111.60557,-7.97316],[111.60591,-7.97336],[111.60673,-7.97253],[111.60618,-7.97261],[111.60569,-7.972],[111.60486,-7.97202],[111.60432,-7.97221],[111.60355,-7.97204],[111.60333,-7.97188],[111.60172,-7.97214],[111.60113,-7.97235],[111.60222,-7.97258],[111.6025,-7.97248],[111.60271,-7.973],[111.60304,-7.97301]]}},{"type":"Feature","properties":{"NAMOBJ":"450","REMARK":"Garis Kontur","JNSKNT":1,"VALKNT":450},"geometry":{"type":"LineString","coordinates":[[111.58706,-7.9571],[111.58751,-7.95703],[111.58723,-7.95666],[111.58679,-7.95697],[111.58706,-7.9571]]}},{"type":"Feature","properties":{"NAMOBJ":"150","REMARK":"Garis Kontur","JNSKNT":1,"VALKNT":150},"geometry":{"type":"LineString","coordinates":[[111.64828,-8.01978],[111.64886,-8.01933],[111.65064,-8.01937],[111.65156,-8.0186],[111.65247,-8.01842],[111.65296,-8.0177],[111.65339,-8.01763],[111.65362,-8.01652],[111.65471,-8.01565],[111.65505,-8.015]]}},{"type":"Feature","properties":{"NAMOBJ":"437.5","REMARK":"Garis Kontur","JNSKNT":2,"VALKNT":437.5},"geometry":{"type":"LineString","coordinates":[[111.58805,-7.95722],[111.58841,-7.95742],[111.58838,-7.95712],[111.5876,-7.95651],[111.58755,-7.95581],[111.58799,-7.95537],[111.58806,-7.95486],[111.58901,-7.95486],[111.58956,-7.95471],[111.58974,-7.95486],[111.58985,-7.95481],[111.58934,-7.95449],[111.58823,-7.95414],[111.58775,-7.95419],[111.58732,-7.95394],[111.58691,-7.95451],[111.58714,-7.95523],[111.5875,-7.9556],[111.58747,-7.95598],[111.58721,-7.95645],[111.58641,-7.95707],[111.58689,-7.95729],[111.58748,-7.95712],[111.58805,-7.95722]]}},{"type":"Feature","properties":{"NAMOBJ":"600","REMARK":"Garis Kontur","JNSKNT":1,"VALKNT":600},"geometry":{"type":"LineString","coordinates":[[111.62798,-7.96139],[111.62826,-7.96138],[111.62894,-7.96102],[111.6294,-7.96122],[111.62985,-7.96122],[111.62998,-7.96083],[111.63053,-7.96058],[111.63058,-7.95993],[111.6311,-7.96003],[111.63099,-7.9594],[111.63036,-7.95976],[111.6298,-7.95988],[111.62953,-7.96015],[111.62875,-7.96],[111.6283,-7.96013],[111.62796,-7.96044],[111.62755,-7.9604],[111.62725,-7.96057],[111.62758,-7.96126],[111.6275,-7.96146],[111.62709,-7.96159],[111.6271,-7.96173],[111.62768,-7.96171],[111.62798,-7.96139]]}},{"type":"Feature","properties":{"NAMOBJ":"962.5","REMARK":"Garis Kontur","JNSKNT":2,"VALKNT":962.5},"geometry":{"type":"LineString","coordinates":[[111.53959,-8.03296],[111.53998,-8.03313],[111.5401,-8.0322],[111.54037,-8.03134],[111.53995,-8.03088],[111.53929,-8.03111]]}},{"type":"Feature","properties":{"NAMOBJ":"525","REMARK":"Garis Kontur","JNSKNT":2,"VALKNT":525},"geometry":{"type":"LineString","coordinates":[[111.59925,-7.9445],[111.59936,-7.94379],[111.59919,-7.94313],[111.59888,-7.94274],[111.59893,-7.94223],[111.59851,-7.94218],[111.5981,-7.94272],[111.59808,-7.94339],[111.59778,-7.94372],[111.5982,-7.94469],[111.5982,-7.94508],[111.59876,-7.94574],[111.59814,-7.9462],[111.59876,-7.94724],[111.59886,-7.94763],[111.5994,-7.94802],[111.60027,-7.9494],[111.6005,-7.95015],[111.60096,-7.95026],[111.60171,-7.95012],[111.60237,-7.94964],[111.60224,-7.95008],[111.60261,-7.95049],[111.60353,-7.95078],[111.60418,-7.95084],[111.60441,-7.951],[111.60537,-7.95121],[111.60602,-7.95101],[111.60655,-7.95065],[111.60673,-7.9499],[111.60687,-7.94964],[111.60698,-7.94972],[111.60698,-7.94944],[111.60723,-7.94921],[111.60697,-7.94805],[111.60725,-7.94756],[111.60683,-7.9475],[111.60637,-7.94706],[111.60609,-7.94717],[111.60557,-7.94646],[111.60443,-7.94637],[111.60435,-7.94622],[111.60397,-7.94607],[111.60338,-7.94507],[111.60259,-7.94498],[111.60231,-7.94471],[111.60159,-7.94475],[111.6007,-7.94442],[111.60041,-7.94414],[111.5997,-7.94454],[111.59925,-7.9445]]}},{"type":"Feature","properties":{"NAMOBJ":"500","REMARK":"Garis Kontur","JNSKNT":1,"VALKNT":500},"geometry":{"type":"LineString","coordinates":[[111.55143,-8.0458],[111.55176,-8.04577],[111.55203,-8.0453],[111.55212,-8.04372],[111.5527,-8.04434],[111.55293,-8.04487],[111.55301,-8.04556],[111.55354,-8.04619],[111.55366,-8.04626],[111.55416,-8.04579],[111.55472,-8.0466],[111.5554,-8.04683],[111.55601,-8.04651],[111.55634,-8.0467],[111.55673,-8.04658],[111.55706,-8.04622],[111.55719,-8.04634],[111.55788,-8.04646],[111.55867,-8.04569],[111.55894,-8.04618],[111.55946,-8.04644],[111.56007,-8.04591],[111.56086,-8.04605],[111.56145,-8.04542],[111.56205,-8.04536],[111.56164,-8.04497],[111.56146,-8.0444],[111.56083,-8.04396],[111.56043,-8.04341],[111.5602,-8.04247],[111.55949,-8.04211],[111.55977,-8.04185],[111.55975,-8.04165],[111.56012,-8.04162],[111.56038,-8.04198],[111.56085,-8.04209],[111.56148,-8.04197],[111.5616,-8.04161],[111.56267,-8.04214],[111.56368,-8.04243],[111.56429,-8.04195],[111.56443,-8.04221],[111.56499,-8.04261],[111.56601,-8.04279],[111.56629,-8.04252],[111.56646,-8.04268],[111.56681,-8.04258],[111.56769,-8.04305],[111.56875,-8.04334],[111.56901,-8.04356],[111.5694,-8.04357],[111.5697,-8.04396],[111.56996,-8.04403],[111.5703,-8.04394],[111.57063,-8.04422],[111.57048,-8.04345],[111.57005,-8.04235],[111.5702,-8.04138],[111.56993,-8.04109],[111.56869,-8.04035],[111.56933,-8.03947],[111.56911,-8.03923],[111.56902,-8.03871],[111.56939,-8.03775],[111.56902,-8.03754],[111.56771,-8.03762],[111.56669,-8.03803],[111.56577,-8.03787],[111.56538,-8.03825],[111.56443,-8.03843],[111.56402,-8.03831],[111.56414,-8.03758],[111.56399,-8.03701],[111.56378,-8.03692],[111.56382,-8.03647],[111.5637,-8.03624],[111.56353,-8.03618],[111.56329,-8.03661],[111.56336,-8.03675],[111.56267,-8.03725],[111.56239,-8.03721],[111.56183,-8.03773],[111.56104,-8.03789],[111.56065,-8.03723],[111.55981,-8.03722],[111.5591,-8.03673],[111.55847,-8.03684],[111.55855,-8.03659],[111.5578,-8.0356],[111.5575,-8.03489],[111.55736,-8.03494],[111.55734,-8.03513],[111.55718,-8.03504],[111.55635,-8.03527],[111.5562,-8.03512],[111.55573,-8.03561],[111.55533,-8.03638],[111.55519,-8.03643],[111.55462,-8.03511],[111.554,-8.03487],[111.55335,-8.03498],[111.5534,-8.03416],[111.55268,-8.03409],[111.55179,-8.0333],[111.55139,-8.03322],[111.55084,-8.03334],[111.55082,-8.03306],[111.55052,-8.03274],[111.55069,-8.03252],[111.55067,-8.03171],[111.55095,-8.03166],[111.55107,-8.03145],[111.55216,-8.03213],[111.5529,-8.03206],[111.55358,-8.03145],[111.55491,-8.03171],[111.55407,-8.03082],[111.55378,-8.03068],[111.55354,-8.03004],[111.55228,-8.02947],[111.55173,-8.0286],[111.55167,-8.02762],[111.55231,-8.027],[111.55314,-8.02654],[111.55321,-8.02637],[111.55277,-8.02629],[111.55201,-8.02554],[111.55144,-8.02545],[111.55106,-8.02566],[111.5506,-8.0257],[111.54959,-8.02513],[111.55004,-8.02471],[111.55037,-8.02461],[111.55066,-8.02418],[111.55011,-8.02227],[111.5502,-8.02221],[111.55039,-8.02223],[111.55175,-8.02342],[111.55202,-8.02343],[111.55269,-8.023],[111.55298,-8.02336],[111.55303,-8.02403],[111.55357,-8.02414],[111.55371,-8.02409],[111.55418,-8.02315],[111.55455,-8.02199],[111.55495,-8.02319],[111.5559,-8.02436],[111.55605,-8.02404],[111.55608,-8.02333],[111.55586,-8.02226],[111.55618,-8.02079],[111.55647,-8.02128],[111.55695,-8.02144],[111.5578,-8.02315],[111.55862,-8.02275],[111.55886,-8.02227],[111.55952,-8.02212],[111.55959,-8.02316],[111.55936,-8.02363],[111.55927,-8.02431],[111.56045,-8.02458],[111.56,-8.02626],[111.56053,-8.02677],[111.56062,-8.02706],[111.56122,-8.02693],[111.56183,-8.02719],[111.56237,-8.02769],[111.56264,-8.02772],[111.56311,-8.02754],[111.56355,-8.02814],[111.56383,-8.02813],[111.56417,-8.02831],[111.56428,-8.02816],[111.56323,-8.02536],[111.56331,-8.02516],[111.56374,-8.02542],[111.56413,-8.02531],[111.56478,-8.02539],[111.56552,-8.0247],[111.56558,-8.02437],[111.56576,-8.02449],[111.5657,-8.02492],[111.56637,-8.02561],[111.5665,-8.02497],[111.56695,-8.0247],[111.56715,-8.02419],[111.56781,-8.02338],[111.56816,-8.02259],[111.56922,-8.02191],[111.56919,-8.02138],[111.56936,-8.02085],[111.5699,-8.02101],[111.57017,-8.02094],[111.57072,-8.02041],[111.57085,-8.02042],[111.57083,-8.01952],[111.57097,-8.01898],[111.57203,-8.01899],[111.57249,-8.01823],[111.57294,-8.0178],[111.5727,-8.01761],[111.57262,-8.01769],[111.57245,-8.01752],[111.57138,-8.01713],[111.56908,-8.01664],[111.56894,-8.01765],[111.56817,-8.01745],[111.56818,-8.01776],[111.56805,-8.01791],[111.56832,-8.01819],[111.56849,-8.01891],[111.5682,-8.0192],[111.56796,-8.01925],[111.56811,-8.02014],[111.5675,-8.02028],[111.56722,-8.02141],[111.5662,-8.02085],[111.56551,-8.02007],[111.56529,-8.02009],[111.56536,-8.01971],[111.56485,-8.01973],[111.56489,-8.01937],[111.56537,-8.01888],[111.56481,-8.01822],[111.56503,-8.01782],[111.56507,-8.01736],[111.56445,-8.0169],[111.56361,-8.0174],[111.56339,-8.01804],[111.56217,-8.01782],[111.56196,-8.01863],[111.5615,-8.01891],[111.56082,-8.01869],[111.55943,-8.01778],[111.5589,-8.01768],[111.55913,-8.01742],[111.5601,-8.01686],[111.56,-8.01608],[111.56057,-8.01538],[111.5597,-8.01505],[111.55954,-8.01484],[111.55942,-8.01414],[111.55903,-8.01433],[111.55809,-8.01421],[111.55774,-8.01387],[111.55725,-8.01441],[111.55685,-8.01339],[111.55743,-8.01231],[111.55747,-8.012],[111.55746,-8.01138],[111.55678,-8.01013],[111.55689,-8.00958],[111.55731,-8.00876],[111.55748,-8.00786],[111.55717,-8.00752],[111.55674,-8.00737],[111.55716,-8.00624],[111.55704,-8.00598],[111.55718,-8.00552],[111.5577,-8.00507],[111.55801,-8.00459],[111.55902,-8.00478],[111.56079,-8.00566],[111.5617,-8.00549],[111.56289,-8.00603],[111.56337,-8.00598],[111.56365,-8.00635],[111.56404,-8.00631],[111.56377,-8.00584],[111.56283,-8.00499],[111.5625,-8.00437],[111.56227,-8.00423],[111.56258,-8.00394],[111.5629,-8.00335],[111.56318,-8.00235],[111.56305,-8.00185],[111.56415,-8.00124],[111.56446,-7.99988],[111.56469,-7.99977],[111.56502,-7.99928],[111.56544,-7.99895],[111.56718,-7.99863],[111.56826,-7.99971],[111.56912,-7.99979],[111.56921,-7.99872],[111.56898,-7.99792],[111.56897,-7.99693],[111.56916,-7.99667],[111.56881,-7.99667],[111.56798,-7.99728],[111.56704,-7.99743],[111.56659,-7.99765],[111.56607,-7.99722],[111.5653,-7.99757],[111.56402,-7.99733],[111.56396,-7.99673],[111.5644,-7.99648],[111.56504,-7.99565],[111.56513,-7.99526],[111.56497,-7.9949],[111.56448,-7.99514],[111.56356,-7.99472],[111.56252,-7.99468],[111.56166,-7.99437],[111.56138,-7.99322],[111.56026,-7.99274],[111.56026,-7.99498],[111.56002,-7.9959],[111.55926,-7.99555],[111.55899,-7.99516],[111.55884,-7.99532],[111.55892,-7.99572],[111.55875,-7.99597],[111.55896,-7.99626],[111.55894,-7.99756],[111.55812,-7.99772],[111.55782,-7.99765],[111.5576,-7.99828],[111.55713,-7.99797],[111.55663,-7.99829],[111.55653,-7.99853],[111.55564,-7.99829],[111.55575,-7.9987],[111.55531,-7.99962],[111.5554,-7.99999],[111.55497,-8.00064],[111.55511,-8.00099],[111.55454,-8.00097],[111.55436,-8.00146],[111.55376,-8.00211],[111.5543,-8.00264],[111.55518,-8.00314],[111.55451,-8.00383],[111.55479,-8.00399],[111.55487,-8.00436],[111.55489,-8.00464],[111.55467,-8.00507],[111.55432,-8.0054],[111.55344,-8.00528],[111.55329,-8.00601],[111.55289,-8.00647],[111.5525,-8.00623],[111.55205,-8.00624],[111.55199,-8.00671],[111.55134,-8.00821],[111.55149,-8.00864],[111.55084,-8.00862],[111.55015,-8.00837],[111.54907,-8.0086],[111.5486,-8.00952],[111.54817,-8.00998],[111.54766,-8.00998],[111.54717,-8.01025],[111.54601,-8.00986],[111.54591,-8.01052],[111.54629,-8.01158],[111.54605,-8.01165],[111.54526,-8.01228],[111.54527,-8.01256],[111.54467,-8.01321],[111.5452,-8.01354],[111.54527,-8.01378],[111.54463,-8.01413],[111.54462,-8.01456],[111.54425,-8.01542],[111.54357,-8.01504],[111.54298,-8.01503],[111.54283,-8.01516],[111.54274,-8.01577],[111.54178,-8.01565],[111.54129,-8.01523],[111.54108,-8.01676],[111.5397,-8.0166],[111.53951,-8.01645],[111.53848,-8.01878],[111.5383,-8.01873],[111.53816,-8.01893]]}},{"type":"Feature","properties":{"NAMOBJ":"562.5","REMARK":"Garis Kontur","JNSKNT":2,"VALKNT":562.5},"geometry":{"type":"LineString","coordinates":[[111.59878,-7.94443],[111.59893,-7.94384],[111.59873,-7.94297],[111.59877,-7.94234],[111.59831,-7.94281],[111.59821,-7.94356],[111.59797,-7.94382],[111.5982,-7.94433],[111.59899,-7.94511],[111.59892,-7.94525],[111.59904,-7.94549],[111.59953,-7.94583],[111.59917,-7.94613],[111.59894,-7.94608],[111.59875,-7.94626],[111.59925,-7.94753],[111.59998,-7.94797],[111.6007,-7.94933],[111.60105,-7.94945],[111.60161,-7.94936],[111.60245,-7.94908],[111.60342,-7.94852],[111.60335,-7.94919],[111.60384,-7.94986],[111.60484,-7.9503],[111.60523,-7.95067],[111.60544,-7.95056],[111.60593,-7.94968],[111.60634,-7.94931],[111.60638,-7.94901],[111.60663,-7.94863],[111.60648,-7.94801],[111.60583,-7.94757],[111.60562,-7.94699],[111.6052,-7.94706],[111.60454,-7.94695],[111.60416,-7.94652],[111.60332,-7.94629],[111.60323,-7.94537],[111.60248,-7.94522],[111.60225,-7.94491],[111.60159,-7.94493],[111.60066,-7.94454],[111.60044,-7.94434],[111.59968,-7.94476],[111.59926,-7.94476],[111.59908,-7.9449],[111.59878,-7.94443]]}},{"type":"Feature","properties":{"NAMOBJ":"575","REMARK":"Garis Kontur","JNSKNT":2,"VALKNT":575},"geometry":{"type":"LineString","coordinates":[[111.56439,-8.03974],[111.56402,-8.03975],[111.5654,-8.04031],[111.56628,-8.0403],[111.5665,-8.03997],[111.56661,-8.03999],[111.56691,-8.04047],[111.56731,-8.04055],[111.56756,-8.04048],[111.56773,-8.03996],[111.56814,-8.03941],[111.56802,-8.039],[111.5666,-8.0393],[111.56631,-8.03926],[111.56612,-8.03941],[111.56553,-8.03949],[111.565,-8.03991],[111.56439,-8.03974]]}},{"type":"Feature","properties":{"NAMOBJ":"562.5","REMARK":"Garis Kontur","JNSKNT":2,"VALKNT":562.5},"geometry":{"type":"LineString","coordinates":[[111.55722,-8.03674],[111.55711,-8.03618],[111.55669,-8.03617],[111.55645,-8.037],[111.55722,-8.03674]]}},{"type":"Feature","properties":{"NAMOBJ":"325","REMARK":"Garis Kontur","JNSKNT":2,"VALKNT":325},"geometry":{"type":"MultiLineString","coordinates":[[[111.62544,-7.95099],[111.62512,-7.95075],[111.6252,-7.95027],[111.62508,-7.95018],[111.62417,-7.95047],[111.62366,-7.9504],[111.62337,-7.95069],[111.6228,-7.95097],[111.62266,-7.95074],[111.62248,-7.95074],[111.62287,-7.95044],[111.62297,-7.94985],[111.62288,-7.94968],[111.62264,-7.94967],[111.62239,-7.94948],[111.62288,-7.94925],[111.62318,-7.94882],[111.62314,-7.94851],[111.62354,-7.948],[111.62362,-7.94726],[111.62345,-7.94687],[111.62308,-7.94662],[111.62281,-7.94667],[111.62327,-7.94563],[111.62344,-7.9447],[111.62338,-7.94432],[111.62374,-7.94379],[111.62414,-7.94355],[111.62425,-7.94303],[111.62367,-7.94273],[111.62288,-7.94201],[111.62273,-7.9417],[111.62185,-7.94147],[111.62143,-7.94094],[111.62131,-7.94102],[111.62145,-7.94161],[111.62148,-7.94287],[111.62138,-7.94331],[111.62106,-7.94375],[111.6211,-7.94415],[111.62075,-7.94412],[111.62062,-7.94426],[111.61976,-7.94449],[111.61914,-7.94363],[111.61842,-7.94404],[111.618,-7.94397],[111.61764,-7.94359],[111.61744,-7.94404],[111.61699,-7.94444],[111.61622,-7.94426],[111.6158,-7.94393],[111.61556,-7.9439],[111.6158,-7.94336],[111.61607,-7.94312],[111.6161,-7.94259],[111.61638,-7.94238],[111.61617,-7.94193],[111.61534,-7.94171],[111.61581,-7.94143],[111.61472,-7.94118],[111.61457,-7.94182],[111.61474,-7.94269],[111.6144,-7.94302],[111.61387,-7.944],[111.61316,-7.94422],[111.61337,-7.94441],[111.61276,-7.94531],[111.61283,-7.94622],[111.61261,-7.94654],[111.61219,-7.94666],[111.61207,-7.94613],[111.61163,-7.94615],[111.61173,-7.94541],[111.61083,-7.9453],[111.61077,-7.94462],[111.6102,-7.94423],[111.6101,-7.94372],[111.60949,-7.94349],[111.60936,-7.94295],[111.60905,-7.94255],[111.60874,-7.94138],[111.60802,-7.94128],[111.60831,-7.94053],[111.60823,-7.93975],[111.60845,-7.93926],[111.60809,-7.93945],[111.60763,-7.93947],[111.60698,-7.94008],[111.60558,-7.94038],[111.60507,-7.9407],[111.60455,-7.9407],[111.60412,-7.941],[111.60399,-7.94066],[111.60276,-7.93914],[111.60246,-7.93937],[111.60175,-7.9393],[111.60131,-7.9397],[111.60123,-7.93918],[111.60099,-7.93903],[111.60081,-7.93868],[111.6006,-7.93915],[111.60029,-7.93888],[111.59989,-7.93893],[111.59993,-7.9386],[111.5996,-7.93816],[111.59963,-7.93778],[111.59883,-7.93821],[111.59851,-7.93787],[111.59831,-7.93725],[111.59789,-7.93782],[111.59729,-7.9378],[111.59646,-7.93762],[111.59635,-7.93747],[111.59639,-7.93721],[111.59612,-7.9371],[111.59576,-7.93774],[111.59506,-7.93832],[111.59487,-7.93882],[111.595,-7.93982],[111.59526,-7.94014],[111.59465,-7.94052],[111.59469,-7.94094],[111.59435,-7.94178],[111.59369,-7.94245],[111.5939,-7.94332],[111.59425,-7.94385],[111.59437,-7.9448],[111.59386,-7.94571],[111.59405,-7.94625],[111.59451,-7.94655],[111.59459,-7.94712],[111.59511,-7.94803],[111.59549,-7.94811],[111.59569,-7.9487],[111.59575,-7.94927],[111.59558,-7.95085],[111.59604,-7.951],[111.59614,-7.95158],[111.59661,-7.95221],[111.59648,-7.95308],[111.59618,-7.95333],[111.59627,-7.95357],[111.59652,-7.95353],[111.59701,-7.95369],[111.59777,-7.95301],[111.59781,-7.95361],[111.59817,-7.95421],[111.59856,-7.95418],[111.59878,-7.95396],[111.5992,-7.95388],[111.59922,-7.95439],[111.59973,-7.95424],[111.59989,-7.95434],[111.59944,-7.95523],[111.5996,-7.95564],[111.59904,-7.95604],[111.59857,-7.95701],[111.59708,-7.95606],[111.59655,-7.95624],[111.59643,-7.95669],[111.59673,-7.95736],[111.59765,-7.95803],[111.59702,-7.95833],[111.59543,-7.9582],[111.59528,-7.9584],[111.59566,-7.9589],[111.59566,-7.96043],[111.59579,-7.96073],[111.59601,-7.96084],[111.59568,-7.96112],[111.59608,-7.9614],[111.59658,-7.96214],[111.59648,-7.96237],[111.59603,-7.96256],[111.59639,-7.96325],[111.59603,-7.9634],[111.59527,-7.96406],[111.59521,-7.965],[111.59574,-7.96529],[111.5961,-7.96518],[111.59639,-7.9649],[111.59664,-7.96432],[111.59695,-7.96437],[111.59714,-7.96465],[111.59743,-7.96473],[111.59811,-7.96459],[111.59848,-7.96419],[111.59883,-7.96454],[111.59899,-7.96454],[111.59966,-7.96406],[111.60016,-7.96333],[111.60094,-7.96312],[111.60148,-7.96346],[111.60168,-7.96342],[111.60128,-7.96401],[111.60135,-7.96413],[111.60113,-7.96492],[111.60164,-7.96481],[111.60248,-7.9652],[111.60262,-7.96511],[111.60409,-7.96518],[111.60457,-7.96492],[111.6047,-7.96524],[111.60491,-7.96534],[111.60467,-7.96558],[111.60381,-7.9658],[111.60345,-7.96603],[111.60338,-7.96666],[111.60359,-7.967],[111.60343,-7.96738],[111.60353,-7.96782],[111.60345,-7.96808],[111.6031,-7.96834],[111.60301,-7.96802],[111.60308,-7.9671],[111.60256,-7.96647],[111.60158,-7.96666],[111.60143,-7.96693],[111.60091,-7.96726],[111.60045,-7.96712],[111.60013,-7.96753],[111.59967,-7.96721],[111.59947,-7.9669],[111.59895,-7.96713],[111.59878,-7.96683],[111.59845,-7.96674],[111.59734,-7.96811],[111.59717,-7.96807],[111.59643,-7.96849],[111.59601,-7.96829],[111.59556,-7.96856],[111.59462,-7.96831],[111.59494,-7.96904],[111.59603,-7.96997],[111.5955,-7.97011],[111.59504,-7.96996],[111.59456,-7.97033],[111.59367,-7.97034],[111.59366,-7.97082],[111.59347,-7.97102],[111.593,-7.97079],[111.59312,-7.97138],[111.593,-7.97163],[111.59264,-7.97185],[111.59301,-7.97212],[111.59332,-7.97224],[111.59375,-7.97177],[111.59438,-7.9721],[111.59586,-7.97258],[111.59673,-7.97247],[111.597,-7.97273],[111.59789,-7.97315],[111.59717,-7.97335],[111.59656,-7.97381],[111.59731,-7.97398],[111.59741,-7.97427],[111.59791,-7.97463],[111.59804,-7.97489],[111.59868,-7.97497],[111.59945,-7.97476],[111.60002,-7.97482],[111.60082,-7.97544],[111.59996,-7.97555],[111.5999,-7.97582],[111.60004,-7.97612],[111.59945,-7.97618],[111.59916,-7.97638],[111.59913,-7.977],[111.59876,-7.97689],[111.59841,-7.97751],[111.59839,-7.97777],[111.59803,-7.97826],[111.5977,-7.97816],[111.59695,-7.97833],[111.59663,-7.9781],[111.59616,-7.97812],[111.59602,-7.97789],[111.5961,-7.9791],[111.59463,-7.9801],[111.594,-7.98036],[111.5944,-7.98088],[111.59403,-7.98219],[111.59426,-7.98268],[111.59355,-7.98297],[111.59332,-7.98283],[111.59281,-7.98281],[111.59194,-7.9835],[111.59132,-7.98379],[111.59174,-7.98475],[111.59232,-7.98555],[111.5924,-7.986],[111.59282,-7.98613],[111.59225,-7.98647],[111.59204,-7.98676],[111.59177,-7.98771],[111.59184,-7.98842],[111.5922,-7.98872],[111.59234,-7.98914],[111.59281,-7.98952],[111.59233,-7.98994],[111.59022,-7.99084],[111.59006,-7.99106],[111.59003,-7.99141],[111.59048,-7.99144],[111.59066,-7.99129],[111.59153,-7.99117],[111.59236,-7.99153],[111.59243,-7.99351],[111.5923,-7.99439],[111.59304,-7.99449],[111.59334,-7.9943],[111.59331,-7.99464],[111.59348,-7.99486],[111.59454,-7.99504],[111.59462,-7.99517],[111.5944,-7.99528],[111.59439,-7.99592],[111.59427,-7.99608],[111.59502,-7.99686],[111.59491,-7.99736],[111.59466,-7.99736],[111.59438,-7.99757],[111.59447,-7.99864],[111.59429,-7.99946],[111.59396,-7.99933],[111.59375,-7.99902],[111.59342,-7.99954],[111.59297,-7.99958],[111.59255,-8.00021],[111.59226,-8.00006],[111.59178,-8.00012],[111.59126,-8.00107],[111.5889,-8.00062],[111.5886,-8.00008],[111.58832,-8.00028],[111.58811,-8.00072],[111.58778,-8.00071],[111.58817,-8.00085],[111.58923,-8.0018],[111.59045,-8.00219],[111.59022,-8.0032],[111.58984,-8.00323],[111.58959,-8.00343],[111.58942,-8.00385],[111.58853,-8.00426],[111.58834,-8.0049],[111.58779,-8.00541],[111.58712,-8.00573],[111.58624,-8.00658],[111.58534,-8.00678],[111.58518,-8.00721],[111.58585,-8.00806],[111.58596,-8.00865],[111.58704,-8.00969],[111.58774,-8.01016],[111.58712,-8.01042],[111.58672,-8.01004],[111.58513,-8.01009],[111.58495,-8.0105],[111.58501,-8.01115],[111.58453,-8.01118],[111.58415,-8.01095],[111.58352,-8.01095],[111.58308,-8.01118],[111.583,-8.01278],[111.58262,-8.0127],[111.5822,-8.01288],[111.58182,-8.01408],[111.58087,-8.01499],[111.58096,-8.01534],[111.58067,-8.01571],[111.58095,-8.01601],[111.58089,-8.01654],[111.57999,-8.01567],[111.57996,-8.01529],[111.57974,-8.01507],[111.57967,-8.01365],[111.57947,-8.01316],[111.57922,-8.01305],[111.57949,-8.01257],[111.57964,-8.01196],[111.57813,-8.01065],[111.57831,-8.0101],[111.57812,-8.00977],[111.57714,-8.01022],[111.57722,-8.0105],[111.5768,-8.01165],[111.57618,-8.01264],[111.57636,-8.01327],[111.57549,-8.01277],[111.57517,-8.01308],[111.57512,-8.01278],[111.5749,-8.0126],[111.57407,-8.01253],[111.57372,-8.01207],[111.57325,-8.01192],[111.57282,-8.01205],[111.5726,-8.01245],[111.57183,-8.0128],[111.57164,-8.01211],[111.57008,-8.01209],[111.56871,-8.0124],[111.56807,-8.01269],[111.56668,-8.01291],[111.56576,-8.01359],[111.56561,-8.01407],[111.56526,-8.01381],[111.56503,-8.0138],[111.56488,-8.01285],[111.56399,-8.01206],[111.56377,-8.01194],[111.56303,-8.01201],[111.56303,-8.01166],[111.56125,-8.01099],[111.56182,-8.01057],[111.56197,-8.01031],[111.56126,-8.00946],[111.5617,-8.00948],[111.56203,-8.00927],[111.56269,-8.00968],[111.56325,-8.00948],[111.56424,-8.00945],[111.56562,-8.00898],[111.56823,-8.00682],[111.56751,-8.00639],[111.56739,-8.00549],[111.56688,-8.00483],[111.56664,-8.0047],[111.5668,-8.00443],[111.5668,-8.00367],[111.567,-8.00315],[111.56695,-8.00261],[111.56785,-8.00291],[111.56867,-8.00282],[111.56898,-8.00323],[111.56983,-8.00341],[111.57002,-8.00333],[111.57023,-8.00288],[111.57106,-8.0035],[111.5718,-8.00265],[111.57351,-8.00354],[111.57405,-8.00324],[111.5742,-8.00296],[111.57445,-8.00284],[111.57509,-8.00213],[111.57506,-8.00192],[111.57425,-8.00143],[111.57365,-8.00053],[111.57388,-7.99945],[111.57417,-7.99933],[111.57527,-7.9994],[111.57564,-7.9987],[111.57566,-7.99778],[111.57451,-7.9979],[111.5737,-7.9972],[111.57404,-7.99598],[111.57328,-7.99497],[111.57353,-7.99447],[111.57445,-7.99348],[111.57448,-7.99305],[111.57323,-7.99324],[111.57194,-7.99396],[111.5719,-7.99381],[111.57149,-7.99363],[111.57116,-7.99382],[111.57075,-7.9938],[111.57036,-7.99396],[111.57005,-7.99358],[111.56943,-7.99355],[111.56908,-7.99363],[111.56847,-7.99418],[111.56763,-7.99427],[111.56739,-7.99398],[111.56678,-7.9927],[111.5668,-7.99224],[111.5671,-7.9908],[111.56785,-7.98981],[111.56759,-7.98927],[111.56822,-7.9885],[111.56755,-7.98773],[111.56722,-7.98699],[111.56709,-7.98696],[111.56718,-7.98658],[111.56662,-7.98627],[111.56666,-7.98524],[111.56649,-7.98495],[111.56619,-7.98544],[111.56629,-7.98609],[111.5657,-7.98694],[111.56568,-7.98748],[111.5658,-7.98779],[111.56563,-7.98838],[111.56573,-7.98929],[111.56549,-7.98943],[111.56517,-7.99073],[111.56441,-7.99112],[111.56414,-7.99183],[111.5637,-7.99216],[111.56325,-7.99151],[111.56273,-7.99104],[111.56282,-7.98967],[111.56257,-7.98932],[111.56205,-7.98933],[111.5617,-7.98963],[111.56107,-7.9898],[111.5609,-7.98944],[111.56084,-7.9882],[111.55948,-7.98772],[111.55905,-7.9877],[111.55955,-7.98707],[111.55946,-7.98613],[111.55957,-7.98427],[111.55903,-7.98346],[111.55884,-7.98347],[111.55867,-7.98303],[111.55828,-7.98275],[111.5575,-7.98169],[111.55717,-7.97999],[111.55697,-7.97978],[111.55687,-7.97913],[111.55662,-7.97902],[111.55653,-7.97843],[111.5559,-7.978],[111.55555,-7.97719],[111.55529,-7.97711],[111.55511,-7.97671],[111.55492,-7.9773],[111.55426,-7.97762],[111.55392,-7.97862],[111.55303,-7.9788],[111.55241,-7.97875],[111.55244,-7.97987],[111.55338,-7.98161],[111.55278,-7.98208],[111.5526,-7.98211],[111.55216,-7.98288],[111.55154,-7.98338],[111.5512,-7.98391],[111.55119,-7.98445],[111.55137,-7.98521],[111.55164,-7.98544],[111.5518,-7.98538],[111.55231,-7.98563],[111.55243,-7.98692],[111.55344,-7.98723],[111.55422,-7.98676],[111.55421,-7.98741],[111.55435,-7.98778],[111.55474,-7.98801],[111.55514,-7.98845],[111.55543,-7.98832],[111.55568,-7.98852],[111.55617,-7.98968],[111.55635,-7.9897],[111.55706,-7.99115],[111.55692,-7.99168],[111.55708,-7.99172],[111.55764,-7.99279],[111.55715,-7.99272],[111.55675,-7.99292],[111.55602,-7.99251],[111.55552,-7.99313],[111.5548,-7.99284],[111.5553,-7.99356],[111.55529,-7.99376],[111.55591,-7.99456],[111.55598,-7.99478],[111.55537,-7.9948],[111.55595,-7.99543],[111.55532,-7.99519],[111.55505,-7.99542],[111.55483,-7.9949],[111.55439,-7.99446],[111.55411,-7.99441],[111.55343,-7.99455],[111.55285,-7.99484],[111.5529,-7.99515],[111.55266,-7.99586],[111.55236,-7.99594],[111.55165,-7.99582],[111.55223,-7.99678],[111.55201,-7.99731],[111.55206,-7.99794],[111.55135,-7.99837],[111.55146,-7.99915],[111.55099,-7.9993],[111.55031,-7.99977],[111.54978,-7.99982],[111.54958,-7.99965],[111.5495,-7.99979],[111.54986,-8.00021],[111.55032,-8.00049],[111.55085,-8.00145],[111.55067,-8.00191],[111.55084,-8.00209],[111.5512,-8.00215],[111.5514,-8.00317],[111.55076,-8.00322],[111.55037,-8.00348],[111.54958,-8.00337],[111.55031,-8.00367],[111.55111,-8.00468],[111.55016,-8.0046],[111.54983,-8.00475],[111.54997,-8.00572],[111.54968,-8.00659],[111.54936,-8.00653],[111.54891,-8.00602],[111.54838,-8.00641],[111.54753,-8.00568],[111.5473,-8.00606],[111.54707,-8.00755],[111.54694,-8.00737],[111.5468,-8.00739],[111.54637,-8.00676],[111.54538,-8.00625],[111.54521,-8.00602],[111.54523,-8.00575],[111.54449,-8.00562],[111.54427,-8.00511],[111.54383,-8.00551],[111.54354,-8.00557],[111.54323,-8.00517],[111.54278,-8.00408],[111.54233,-8.00356],[111.54216,-8.00254],[111.54204,-8.00331],[111.54219,-8.00362],[111.54224,-8.00495],[111.54278,-8.00536],[111.54292,-8.00589],[111.54385,-8.00681],[111.54348,-8.00722],[111.54368,-8.00824],[111.54311,-8.00837],[111.54317,-8.00958],[111.5425,-8.00928],[111.54189,-8.00966],[111.54191,-8.00987],[111.54174,-8.00999],[111.54166,-8.01052],[111.54206,-8.01124],[111.54214,-8.01212],[111.542,-8.01209],[111.54151,-8.01247],[111.54136,-8.01206],[111.54063,-8.01191],[111.53983,-8.01203],[111.5396,-8.01245],[111.53949,-8.01314],[111.53921,-8.01302],[111.53872,-8.01315]],[[111.62603,-7.94961],[111.62611,-7.95006]]]}},{"type":"Feature","properties":{"NAMOBJ":"462.5","REMARK":"Garis Kontur","JNSKNT":2,"VALKNT":462.5},"geometry":{"type":"LineString","coordinates":[[111.53795,-8.01826],[111.53852,-8.01755],[111.53925,-8.01545],[111.5399,-8.01605],[111.54085,-8.01628],[111.5408,-8.01591],[111.54108,-8.01438],[111.54176,-8.01503],[111.54236,-8.01519],[111.54259,-8.01455],[111.54396,-8.01484],[111.54412,-8.01416],[111.5444,-8.01371],[111.54456,-8.01365],[111.54422,-8.01326],[111.54454,-8.01229],[111.54578,-8.0113],[111.54539,-8.01012],[111.54559,-8.00915],[111.5463,-8.00961],[111.54704,-8.00969],[111.54741,-8.00952],[111.54795,-8.00952],[111.54843,-8.00878],[111.54863,-8.00872],[111.5489,-8.00776],[111.55075,-8.00781],[111.55088,-8.00794],[111.55112,-8.00768],[111.55167,-8.00653],[111.55149,-8.00581],[111.55261,-8.00583],[111.553,-8.00485],[111.55405,-8.00502],[111.55457,-8.0043],[111.55404,-8.00379],[111.55456,-8.00321],[111.55423,-8.00305],[111.55355,-8.0024],[111.55318,-8.00241],[111.55294,-8.0015],[111.55358,-8.00146],[111.55382,-7.99961],[111.55451,-8.00035],[111.55495,-7.99988],[111.55474,-7.99948],[111.55518,-7.99852],[111.5547,-7.99737],[111.55625,-7.99803],[111.55631,-7.99782],[111.55696,-7.99751],[111.55737,-7.99777],[111.55755,-7.9972],[111.55843,-7.9972],[111.55821,-7.996],[111.55864,-7.99565],[111.55773,-7.99452],[111.558,-7.99441],[111.55825,-7.99457],[111.55908,-7.99472],[111.55968,-7.99514],[111.55987,-7.99395],[111.55973,-7.99206],[111.55889,-7.99067],[111.55994,-7.99145],[111.56018,-7.99208],[111.56097,-7.99224],[111.56116,-7.99278],[111.56189,-7.99277],[111.56183,-7.99309],[111.56195,-7.99387],[111.56262,-7.99421],[111.56348,-7.99422],[111.56432,-7.99467],[111.56473,-7.99435],[111.5652,-7.9937],[111.56529,-7.99428],[111.56584,-7.99539],[111.56587,-7.9957],[111.56577,-7.99598],[111.565,-7.99683],[111.56607,-7.99663],[111.56669,-7.99691],[111.56755,-7.99664],[111.56806,-7.99666],[111.5687,-7.99621],[111.56926,-7.99614],[111.56984,-7.99632],[111.56963,-7.997],[111.56974,-7.9976],[111.56967,-7.99794],[111.57007,-7.99875],[111.5697,-8.00029],[111.56906,-8.00035],[111.56896,-8.00066],[111.56829,-8.00031],[111.56785,-8.00028],[111.56775,-8.00008],[111.56718,-7.99972],[111.56703,-7.99923],[111.56559,-7.99997],[111.56443,-8.00173],[111.56425,-8.00166],[111.56376,-8.00202],[111.5635,-8.00205],[111.56377,-8.00238],[111.56376,-8.00306],[111.56366,-8.00334],[111.56348,-8.0034],[111.56283,-8.00429],[111.56331,-8.00506],[111.564,-8.00557],[111.56468,-8.00695],[111.56352,-8.00714],[111.56285,-8.00646],[111.56261,-8.00663],[111.56182,-8.00602],[111.56148,-8.00621],[111.56079,-8.00615],[111.55987,-8.00562],[111.55828,-8.005],[111.5581,-8.00547],[111.55753,-8.00597],[111.55726,-8.00713],[111.55789,-8.00764],[111.55784,-8.00873],[111.55794,-8.00894],[111.55767,-8.00906],[111.55727,-8.00959],[111.55712,-8.0101],[111.55751,-8.01051],[111.55791,-8.01131],[111.55795,-8.0123],[111.55726,-8.0134],[111.55736,-8.01356],[111.55773,-8.0135],[111.55838,-8.01385],[111.55895,-8.01397],[111.55928,-8.01372],[111.55971,-8.01378],[111.55999,-8.01467],[111.5608,-8.01502],[111.56144,-8.01501],[111.56084,-8.01596],[111.56042,-8.01633],[111.56045,-8.01694],[111.55996,-8.01744],[111.56043,-8.01764],[111.56095,-8.01764],[111.56122,-8.01837],[111.56174,-8.01811],[111.56198,-8.01737],[111.56228,-8.01725],[111.5632,-8.01763],[111.56335,-8.01723],[111.56447,-8.01633],[111.56475,-8.01682],[111.56519,-8.01716],[111.56519,-8.01813],[111.56579,-8.01883],[111.56574,-8.01964],[111.56631,-8.02024],[111.56693,-8.02053],[111.56695,-8.01969],[111.56719,-8.01981],[111.56771,-8.01979],[111.56746,-8.01897],[111.56802,-8.01862],[111.56758,-8.01791],[111.56777,-8.01706],[111.5677,-8.01664],[111.56852,-8.01703],[111.56857,-8.01586],[111.56878,-8.01575],[111.57079,-8.01643],[111.57172,-8.01687],[111.5722,-8.01666],[111.57267,-8.01697],[111.57321,-8.01667],[111.57359,-8.01769],[111.57414,-8.01812],[111.57456,-8.01805],[111.57553,-8.01711],[111.57619,-8.01704],[111.57653,-8.01715],[111.57723,-8.01673],[111.57745,-8.01691],[111.57748,-8.01727],[111.57779,-8.01787],[111.57777,-8.0183],[111.57748,-8.01869],[111.57739,-8.01906],[111.57644,-8.0192],[111.57517,-8.0188],[111.57482,-8.01849],[111.57455,-8.0185],[111.57432,-8.01868],[111.57444,-8.01883],[111.57367,-8.01959],[111.57331,-8.01978],[111.57321,-8.02063],[111.5727,-8.02062],[111.572,-8.02084],[111.57163,-8.02133],[111.57223,-8.02174],[111.57226,-8.02186],[111.57138,-8.0228],[111.57183,-8.02307],[111.57198,-8.02373],[111.572,-8.02406],[111.57159,-8.02529],[111.57117,-8.02451],[111.57018,-8.02415],[111.56959,-8.02416],[111.56945,-8.02424],[111.56934,-8.02495],[111.56898,-8.02527],[111.5681,-8.02548],[111.56743,-8.02523],[111.56705,-8.02523],[111.56694,-8.02589],[111.56668,-8.0263],[111.566,-8.0261],[111.56574,-8.02551],[111.56538,-8.02587],[111.565,-8.026],[111.56412,-8.02595],[111.56419,-8.0263],[111.56493,-8.02771],[111.56612,-8.02865],[111.56667,-8.02898],[111.56818,-8.02873],[111.56812,-8.02885],[111.56837,-8.02953],[111.56722,-8.03054],[111.56709,-8.03038],[111.56629,-8.03016],[111.56566,-8.02938],[111.56538,-8.02944],[111.56361,-8.02915],[111.56292,-8.02918],[111.56273,-8.02893],[111.56222,-8.02864],[111.56221,-8.02841],[111.56076,-8.02863],[111.56064,-8.02851],[111.56059,-8.02793],[111.56006,-8.02819],[111.55911,-8.02838],[111.55879,-8.02768],[111.55818,-8.02745],[111.55828,-8.02672],[111.55843,-8.02667],[111.55871,-8.02621],[111.55901,-8.02616],[111.5592,-8.02586],[111.55919,-8.0255],[111.5583,-8.0255],[111.55805,-8.02577],[111.55798,-8.0253],[111.55823,-8.02399],[111.55757,-8.02417],[111.557,-8.02388],[111.55705,-8.02442],[111.55632,-8.0261],[111.55576,-8.02552],[111.55569,-8.02504],[111.55493,-8.02424],[111.5547,-8.02467],[111.55379,-8.0246],[111.5531,-8.02472],[111.55237,-8.02438],[111.55221,-8.02402],[111.55185,-8.02409],[111.55136,-8.0238],[111.55149,-8.02435],[111.55115,-8.02484],[111.55237,-8.02508],[111.55263,-8.02536],[111.5537,-8.02577],[111.55459,-8.02667],[111.5551,-8.02774],[111.55513,-8.02796],[111.55436,-8.02787],[111.55408,-8.02769],[111.55374,-8.02773],[111.55337,-8.0283],[111.55298,-8.02841],[111.55461,-8.02968],[111.55466,-8.03014],[111.55448,-8.03041],[111.55486,-8.03059],[111.55563,-8.03152],[111.5558,-8.03209],[111.55397,-8.03239],[111.55284,-8.03282],[111.55359,-8.03332],[111.55412,-8.03318],[111.55433,-8.03398],[111.55461,-8.03369],[111.55509,-8.03345],[111.55548,-8.03357],[111.55574,-8.03413],[111.55571,-8.0344],[111.55613,-8.03433],[111.5563,-8.03446],[111.55711,-8.03393],[111.5578,-8.03377],[111.55798,-8.0336],[111.55824,-8.0338],[111.55864,-8.03448],[111.55864,-8.03538],[111.55939,-8.03434],[111.55996,-8.03473],[111.56009,-8.03645],[111.56101,-8.03637],[111.56125,-8.03727],[111.56176,-8.03674],[111.56257,-8.03641],[111.56245,-8.03577],[111.56298,-8.03463],[111.56354,-8.03541],[111.56406,-8.03544],[111.56447,-8.03583],[111.56501,-8.03532],[111.5656,-8.03529],[111.56558,-8.03585],[111.56527,-8.03603],[111.56502,-8.03643],[111.56513,-8.0368],[111.56575,-8.03664],[111.56633,-8.03692],[111.56702,-8.03694],[111.5675,-8.03682],[111.56799,-8.03649],[111.56809,-8.03678],[111.56901,-8.03696],[111.56962,-8.03734],[111.56992,-8.03774],[111.56948,-8.03875],[111.56981,-8.03941],[111.56954,-8.04017],[111.57002,-8.04033],[111.57072,-8.04119],[111.57072,-8.04217],[111.57105,-8.04307],[111.57112,-8.04429],[111.57099,-8.04508],[111.57045,-8.04496],[111.57004,-8.04466],[111.56902,-8.04449],[111.56841,-8.04425],[111.5683,-8.04406],[111.56795,-8.04397],[111.56741,-8.04339],[111.56697,-8.04344],[111.56655,-8.04367],[111.56539,-8.04357],[111.56491,-8.04367],[111.56439,-8.04334],[111.56416,-8.043],[111.56386,-8.04342],[111.56358,-8.04351],[111.56267,-8.04304],[111.56237,-8.04315],[111.56199,-8.04304],[111.5619,-8.04308],[111.5621,-8.04361],[111.5625,-8.04407],[111.56265,-8.04486],[111.56342,-8.04549],[111.56345,-8.04577],[111.5633,-8.04591],[111.56243,-8.04584],[111.56154,-8.04601],[111.56099,-8.0466],[111.56066,-8.04678],[111.5604,-8.04717],[111.55939,-8.04722],[111.55889,-8.04695],[111.5586,-8.04662],[111.55838,-8.04697],[111.55738,-8.0469],[111.55704,-8.04741],[111.55672,-8.04761],[111.55634,-8.04757],[111.55606,-8.04725],[111.55578,-8.04764],[111.55537,-8.04775],[111.55445,-8.04716],[111.55407,-8.04731],[111.55381,-8.04717],[111.55263,-8.04594],[111.55254,-8.04589],[111.55229,-8.04619]]}},{"type":"Feature","properties":{"NAMOBJ":"700","REMARK":"Garis Kontur","JNSKNT":1,"VALKNT":700},"geometry":{"type":"LineString","coordinates":[[111.6581,-7.96698],[111.65856,-7.96816],[111.65887,-7.96842],[111.65893,-7.96915],[111.65904,-7.96929],[111.65882,-7.96934],[111.6579,-7.9691],[111.65807,-7.96885],[111.65807,-7.96845],[111.65715,-7.96761],[111.65666,-7.96753],[111.65636,-7.96729],[111.65635,-7.9671],[111.65667,-7.96693],[111.65733,-7.96704],[111.6578,-7.96698],[111.65787,-7.96676]]}},{"type":"Feature","properties":{"NAMOBJ":"762.5","REMARK":"Garis Kontur","JNSKNT":2,"VALKNT":762.5},"geometry":{"type":"LineString","coordinates":[[111.53884,-8.04228],[111.5391,-8.04218],[111.53925,-8.0419],[111.53993,-8.04168],[111.54048,-8.04187],[111.54059,-8.04175],[111.54118,-8.04168],[111.5415,-8.04107],[111.54179,-8.04131],[111.54191,-8.04113],[111.54196,-8.04089],[111.54162,-8.0403],[111.5427,-8.0397],[111.54341,-8.0398],[111.54268,-8.0386],[111.54256,-8.03781],[111.54197,-8.03713],[111.54266,-8.03703],[111.54325,-8.03717],[111.54388,-8.03705],[111.54393,-8.03635],[111.54353,-8.03595],[111.54283,-8.03564],[111.54208,-8.03555],[111.54235,-8.03494],[111.54209,-8.03439],[111.54257,-8.03403],[111.54272,-8.03313],[111.54314,-8.03222],[111.54299,-8.03045],[111.54318,-8.02956],[111.54267,-8.0292],[111.54172,-8.02895],[111.54164,-8.0288],[111.54221,-8.02764],[111.54202,-8.02669],[111.54138,-8.0262],[111.54184,-8.02603],[111.5425,-8.02537],[111.54246,-8.02499],[111.54199,-8.02411],[111.5418,-8.02333],[111.54117,-8.02318],[111.54083,-8.02274],[111.54032,-8.02168],[111.54057,-8.0213],[111.54002,-8.02183],[111.53903,-8.02217],[111.53816,-8.02214],[111.53717,-8.02289]]}},{"type":"Feature","properties":{"NAMOBJ":"562.5","REMARK":"Garis Kontur","JNSKNT":2,"VALKNT":562.5},"geometry":{"type":"LineString","coordinates":[[111.551,-8.04454],[111.55114,-8.04382],[111.55054,-8.04317],[111.55016,-8.04219],[111.5503,-8.04148],[111.55007,-8.04121],[111.54993,-8.04038],[111.55045,-8.04076],[111.55101,-8.04081],[111.55184,-8.04161],[111.55267,-8.0416],[111.55375,-8.04429],[111.55405,-8.04416],[111.55435,-8.04426],[111.5545,-8.0446],[111.55486,-8.04476],[111.55486,-8.04488],[111.55536,-8.04528],[111.55542,-8.04561],[111.55547,-8.04545],[111.55619,-8.0459],[111.55693,-8.04533],[111.55717,-8.04541],[111.55731,-8.04572],[111.55752,-8.04584],[111.55869,-8.04521],[111.55938,-8.04523],[111.55946,-8.04504],[111.55983,-8.04491],[111.55943,-8.04485],[111.55905,-8.04449],[111.55861,-8.04431],[111.55843,-8.04342],[111.55758,-8.04327],[111.55729,-8.04308],[111.55767,-8.04258],[111.55793,-8.04175],[111.55741,-8.04062],[111.55752,-8.04002],[111.55736,-8.03971],[111.55814,-8.0393],[111.55848,-8.03885],[111.55903,-8.03853],[111.55979,-8.03896],[111.56039,-8.03907],[111.56087,-8.03976],[111.56122,-8.03978],[111.56179,-8.03951],[111.56302,-8.04003],[111.56366,-8.04021],[111.56406,-8.04012],[111.56441,-8.04036],[111.56546,-8.04061],[111.56634,-8.04057],[111.56643,-8.04041],[111.56667,-8.04066],[111.56706,-8.04077],[111.56792,-8.04077],[111.56793,-8.04003],[111.56833,-8.03936],[111.56817,-8.03847],[111.56787,-8.03884],[111.56539,-8.03932],[111.56478,-8.03966],[111.56452,-8.03965],[111.56356,-8.03946],[111.56222,-8.03879],[111.56101,-8.03885],[111.56026,-8.03846],[111.55992,-8.03853],[111.55891,-8.03823],[111.55813,-8.03846],[111.55782,-8.03826],[111.55721,-8.03819],[111.55666,-8.0378],[111.55625,-8.03772],[111.55647,-8.03734],[111.55641,-8.03705],[111.55496,-8.0378],[111.55468,-8.03782],[111.55418,-8.03682],[111.55359,-8.03716],[111.55314,-8.03686],[111.55303,-8.03656],[111.55268,-8.03657],[111.55194,-8.0363],[111.55168,-8.03582],[111.55184,-8.03526],[111.55124,-8.03488],[111.55107,-8.03439],[111.54992,-8.03519],[111.54966,-8.03419],[111.5492,-8.03415],[111.54904,-8.03429],[111.54857,-8.03372],[111.54815,-8.03363],[111.54846,-8.03248],[111.54831,-8.03135],[111.548,-8.03081],[111.54873,-8.0304],[111.54928,-8.02947],[111.54981,-8.02922],[111.55094,-8.02995],[111.55182,-8.0307],[111.55147,-8.02988],[111.55086,-8.02941],[111.55064,-8.02868],[111.55068,-8.02838],[111.5501,-8.02813],[111.54989,-8.02772],[111.55034,-8.02665],[111.55061,-8.02636],[111.54901,-8.02605],[111.54813,-8.02607],[111.54756,-8.02628],[111.54707,-8.02616],[111.54773,-8.02552],[111.54785,-8.02474],[111.54829,-8.02493],[111.54845,-8.02464],[111.54937,-8.0241],[111.54946,-8.0232],[111.54929,-8.02195],[111.54896,-8.02147],[111.54858,-8.02129],[111.54924,-8.02109],[111.54995,-8.02151],[111.55048,-8.02123],[111.55122,-8.02176],[111.55198,-8.02203],[111.55275,-8.02176],[111.55302,-8.02205],[111.55326,-8.02277],[111.5535,-8.02219],[111.55356,-8.02133],[111.55392,-8.02033],[111.55463,-8.02079],[111.55511,-8.01983],[111.55516,-8.01954],[111.55482,-8.01854],[111.55549,-8.01855],[111.55624,-8.01765],[111.55664,-8.01863],[111.55702,-8.019],[111.55725,-8.01906],[111.55765,-8.01992],[111.55821,-8.01961],[111.55857,-8.01991],[111.55845,-8.02034],[111.55886,-8.02009],[111.55942,-8.02019],[111.5606,-8.02101],[111.56103,-8.02094],[111.56084,-8.02171],[111.56116,-8.02238],[111.56157,-8.02274],[111.56204,-8.02353],[111.56265,-8.02326],[111.56284,-8.02263],[111.56331,-8.02346],[111.56371,-8.02361],[111.56448,-8.02237],[111.56604,-8.02291],[111.56614,-8.02234],[111.56677,-8.02199],[111.56643,-8.02202],[111.56611,-8.02185],[111.56527,-8.021],[111.56445,-8.02128],[111.56417,-8.02118],[111.56431,-8.02047],[111.5636,-8.02016],[111.56382,-8.01966],[111.56381,-8.01909],[111.56468,-8.01872],[111.56437,-8.01861],[111.56463,-8.01764],[111.56449,-8.01759],[111.56401,-8.01816],[111.56391,-8.01852],[111.56354,-8.01873],[111.56255,-8.01862],[111.5626,-8.01952],[111.56185,-8.01996],[111.56082,-8.01948],[111.56027,-8.01897],[111.55963,-8.01891],[111.55935,-8.01872],[111.55905,-8.01825],[111.55823,-8.01793],[111.55839,-8.01729],[111.55916,-8.01664],[111.55899,-8.01612],[111.55938,-8.01559],[111.55884,-8.01477],[111.55851,-8.01484],[111.55798,-8.01464],[111.55785,-8.01505],[111.55735,-8.01542],[111.55655,-8.0149],[111.55619,-8.01411],[111.55641,-8.01382],[111.55602,-8.01359],[111.55584,-8.01325],[111.55628,-8.01297],[111.55674,-8.01198],[111.5567,-8.01139],[111.5564,-8.01078],[111.55601,-8.01047],[111.55634,-8.00871],[111.55548,-8.00866],[111.55418,-8.00837],[111.55342,-8.0085],[111.55357,-8.00874],[111.55312,-8.00905],[111.55318,-8.0094],[111.55278,-8.00943],[111.55253,-8.00992],[111.5525,-8.01049],[111.55213,-8.01083],[111.55177,-8.01169],[111.55152,-8.01185],[111.55137,-8.01168],[111.55156,-8.01053],[111.55128,-8.00968],[111.54981,-8.00985],[111.54933,-8.00964],[111.54869,-8.0105],[111.54795,-8.01071],[111.54747,-8.01123],[111.54698,-8.01131],[111.54717,-8.01167],[111.54712,-8.01244],[111.54635,-8.01272],[111.54582,-8.01322],[111.54609,-8.01424],[111.54487,-8.01594],[111.54458,-8.01619],[111.54352,-8.01576],[111.54328,-8.01657],[111.54178,-8.01656],[111.54135,-8.01756],[111.54087,-8.01737],[111.53992,-8.01734],[111.53962,-8.01775],[111.53947,-8.01949],[111.539,-8.01945],[111.53806,-8.01979],[111.53766,-8.02007]]}},{"type":"Feature","properties":{"NAMOBJ":"662.5","REMARK":"Garis Kontur","JNSKNT":2,"VALKNT":662.5},"geometry":{"type":"LineString","coordinates":[[111.60172,-7.94658],[111.60158,-7.9464],[111.60149,-7.94655],[111.60035,-7.94699],[111.60137,-7.9476],[111.6025,-7.94794],[111.60343,-7.94749],[111.60243,-7.94718],[111.60234,-7.94656],[111.60172,-7.94658]]}},{"type":"Feature","properties":{"NAMOBJ":"437.5","REMARK":"Garis Kontur","JNSKNT":2,"VALKNT":437.5},"geometry":{"type":"LineString","coordinates":[[111.61251,-8.0041],[111.61253,-8.00411],[111.61259,-8.00398],[111.61246,-8.00402],[111.61251,-8.0041]]}},{"type":"Feature","properties":{"NAMOBJ":"600","REMARK":"Garis Kontur","JNSKNT":1,"VALKNT":600},"geometry":{"type":"LineString","coordinates":[[111.56331,-8.0],[111.56337,-7.99916],[111.5635,-7.99903],[111.56338,-7.99909],[111.56331,-7.9989],[111.56206,-7.99861],[111.56201,-7.99809],[111.56213,-7.9973],[111.56195,-7.99652],[111.56198,-7.9961],[111.56222,-7.99575],[111.56213,-7.9957],[111.56195,-7.99581],[111.56154,-7.99662],[111.56113,-7.99694],[111.56103,-7.9972],[111.56005,-7.99705],[111.56007,-7.99788],[111.5598,-7.99837],[111.55889,-7.99866],[111.55862,-7.99902],[111.55791,-7.99942],[111.55751,-7.99947],[111.55731,-7.99936],[111.55689,-7.99951],[111.55691,-7.99989],[111.55639,-8.00174],[111.55604,-8.00219],[111.55645,-8.00221],[111.55724,-8.00163],[111.55781,-8.00039],[111.55801,-8.0002],[111.55855,-8.00042],[111.55883,-8.00041],[111.55886,-8.00145],[111.55925,-8.00196],[111.55937,-8.00233],[111.55917,-8.00313],[111.5594,-8.00333],[111.56094,-8.00379],[111.56152,-8.00327],[111.56145,-8.00301],[111.56174,-8.00122],[111.56242,-8.00101],[111.56262,-8.00116],[111.56296,-8.00039],[111.56331,-8.0]]}},{"type":"Feature","properties":{"NAMOBJ":"512.5","REMARK":"Garis Kontur","JNSKNT":2,"VALKNT":512.5},"geometry":{"type":"LineString","coordinates":[[111.61264,-7.9684],[111.61243,-7.96847],[111.61292,-7.96912],[111.61287,-7.96974],[111.61324,-7.96963],[111.61414,-7.96845],[111.6142,-7.96819],[111.61385,-7.96811],[111.61306,-7.9684],[111.61264,-7.9684]]}},{"type":"Feature","properties":{"NAMOBJ":"925","REMARK":"Garis Kontur","JNSKNT":2,"VALKNT":925},"geometry":{"type":"LineString","coordinates":[[111.5389,-8.03432],[111.53907,-8.03483],[111.53997,-8.03402],[111.54033,-8.03335],[111.54046,-8.0323],[111.54085,-8.03252],[111.54111,-8.03223],[111.54083,-8.03072],[111.54052,-8.03039],[111.53996,-8.03011],[111.53941,-8.03006],[111.53931,-8.02949],[111.53871,-8.02857],[111.53928,-8.02592],[111.5402,-8.02504],[111.5391,-8.0247],[111.53876,-8.02443],[111.53841,-8.02409],[111.53838,-8.02347],[111.53806,-8.02383],[111.53724,-8.02528],[111.53712,-8.02523]]}},{"type":"Feature","properties":{"NAMOBJ":"650","REMARK":"Garis Kontur","JNSKNT":1,"VALKNT":650},"geometry":{"type":"LineString","coordinates":[[111.63153,-7.97513],[111.63158,-7.97506],[111.63179,-7.97464],[111.63168,-7.97468],[111.63153,-7.97513]]}},{"type":"Feature","properties":{"NAMOBJ":"662.5","REMARK":"Garis Kontur","JNSKNT":2,"VALKNT":662.5},"geometry":{"type":"LineString","coordinates":[[111.55038,-8.03844],[111.55095,-8.03911],[111.55178,-8.03959],[111.55232,-8.03942],[111.55299,-8.03878],[111.55221,-8.03845],[111.55107,-8.0383],[111.55033,-8.03826],[111.55038,-8.03844]]}},{"type":"Feature","properties":{"NAMOBJ":"637.5","REMARK":"Garis Kontur","JNSKNT":2,"VALKNT":637.5},"geometry":{"type":"LineString","coordinates":[[111.63201,-7.97351],[111.63153,-7.9733],[111.63074,-7.97345],[111.63005,-7.97418],[111.63129,-7.97446],[111.63104,-7.9753],[111.63166,-7.97543],[111.63193,-7.97532],[111.63222,-7.97467],[111.63254,-7.9745],[111.63309,-7.97386],[111.63246,-7.97382],[111.63201,-7.97351]]}},{"type":"Feature","properties":{"NAMOBJ":"425","REMARK":"Garis Kontur","JNSKNT":2,"VALKNT":425},"geometry":{"type":"LineString","coordinates":[[111.58711,-7.95632],[111.58605,-7.95713],[111.58661,-7.95747],[111.58702,-7.95745],[111.58753,-7.95723],[111.5879,-7.95726],[111.58845,-7.95775],[111.58872,-7.95706],[111.58788,-7.9562],[111.58827,-7.95515],[111.58886,-7.95523],[111.58923,-7.95499],[111.58988,-7.95544],[111.59039,-7.95512],[111.58953,-7.9544],[111.58824,-7.95396],[111.58778,-7.95396],[111.58724,-7.95351],[111.58677,-7.95449],[111.58697,-7.95531],[111.58731,-7.95579],[111.58711,-7.95632]]}},{"type":"Feature","properties":{"NAMOBJ":"562.5","REMARK":"Garis Kontur","JNSKNT":2,"VALKNT":562.5},"geometry":{"type":"MultiLineString","coordinates":[[[111.59005,-8.01402],[111.58934,-8.01376],[111.58911,-8.01402],[111.58911,-8.0148],[111.58947,-8.01543],[111.58946,-8.01587],[111.58939,-8.01597],[111.58902,-8.01584],[111.58888,-8.01592],[111.58805,-8.01716],[111.5873,-8.01801],[111.58825,-8.01843],[111.58831,-8.0189],[111.58826,-8.0195],[111.58808,-8.01986],[111.58818,-8.0204],[111.58806,-8.02093],[111.58788,-8.02099],[111.58729,-8.02267],[111.58684,-8.02301],[111.5867,-8.02334],[111.58685,-8.02344]],[[111.59098,-8.01926],[111.59034,-8.01823],[111.58942,-8.0177],[111.5894,-8.01725],[111.58927,-8.01707],[111.59057,-8.01623],[111.59114,-8.01619],[111.59245,-8.01666],[111.59219,-8.01631],[111.59133,-8.01596],[111.59126,-8.01564],[111.59082,-8.01538],[111.59073,-8.01498],[111.59116,-8.01429],[111.59054,-8.01452],[111.59005,-8.01402]]]}},{"type":"Feature","properties":{"NAMOBJ":"262.5","REMARK":"Garis Kontur","JNSKNT":2,"VALKNT":262.5},"geometry":{"type":"MultiLineString","coordinates":[[[111.58646,-7.93083],[111.58639,-7.93087],[111.58667,-7.93132],[111.58709,-7.93154],[111.58672,-7.93149],[111.58683,-7.93184],[111.58715,-7.93199],[111.58756,-7.93173],[111.5878,-7.93258],[111.58804,-7.93285],[111.58811,-7.93338],[111.58855,-7.93396],[111.58881,-7.93408],[111.58868,-7.9343],[111.58878,-7.93448],[111.58903,-7.93455],[111.58956,-7.93443],[111.58968,-7.93457],[111.58977,-7.93448],[111.59018,-7.9345],[111.59018,-7.93421],[111.59038,-7.93402],[111.59063,-7.93414],[111.59088,-7.93404],[111.59226,-7.93433],[111.59246,-7.93405]],[[111.62555,-7.94173],[111.62539,-7.94127],[111.62507,-7.94089],[111.62439,-7.94108],[111.62415,-7.94146],[111.62399,-7.94121],[111.62341,-7.9409],[111.62324,-7.94057],[111.62235,-7.94011],[111.62191,-7.9396],[111.62148,-7.93987],[111.62092,-7.93953],[111.61955,-7.93939],[111.61893,-7.93916],[111.61891,-7.93995],[111.61945,-7.94146],[111.61889,-7.94137],[111.61863,-7.94147],[111.61803,-7.94123],[111.61772,-7.94136],[111.61766,-7.94099],[111.61743,-7.94076],[111.61728,-7.94025],[111.6172,-7.93909],[111.61695,-7.93854],[111.61667,-7.93835],[111.61627,-7.93831],[111.61583,-7.93875],[111.61568,-7.93916],[111.61522,-7.93907],[111.61389,-7.93787],[111.6136,-7.93745],[111.61259,-7.93846],[111.61267,-7.939],[111.61304,-7.93947],[111.61309,-7.94016],[111.61352,-7.94079],[111.6131,-7.94099],[111.61296,-7.94125],[111.61302,-7.94213],[111.61328,-7.94243],[111.613,-7.94295],[111.61247,-7.94217],[111.61221,-7.9422],[111.6121,-7.94109],[111.61155,-7.94098],[111.611,-7.94042],[111.61061,-7.9403],[111.6105,-7.93993],[111.61069,-7.93965],[111.61031,-7.93974],[111.60955,-7.93947],[111.60938,-7.93957],[111.60934,-7.93936],[111.60958,-7.93896],[111.61013,-7.93853],[111.61007,-7.93777],[111.61018,-7.93722],[111.60975,-7.93749],[111.60902,-7.93763],[111.60896,-7.93803],[111.60879,-7.93822],[111.60851,-7.93801],[111.60872,-7.93762],[111.60788,-7.93763],[111.60744,-7.93719],[111.60718,-7.93799],[111.60732,-7.93813],[111.60688,-7.93824],[111.60608,-7.93902],[111.60564,-7.93873],[111.60538,-7.93868],[111.60508,-7.93879],[111.60482,-7.93827],[111.60504,-7.93792],[111.60499,-7.93712],[111.60325,-7.93681],[111.60279,-7.93699],[111.60252,-7.93639],[111.60234,-7.93653],[111.60178,-7.93587],[111.60109,-7.93615],[111.6002,-7.93599],[111.59972,-7.93666],[111.59952,-7.93656],[111.59919,-7.93614],[111.59876,-7.93458],[111.59862,-7.93513],[111.5983,-7.93553],[111.59785,-7.93583],[111.59695,-7.93512],[111.59668,-7.93474],[111.59601,-7.93508],[111.59578,-7.93569],[111.59537,-7.93628],[111.595,-7.93727],[111.59448,-7.93773],[111.59414,-7.93775],[111.59411,-7.93838],[111.59384,-7.93883],[111.5938,-7.93916],[111.59294,-7.93921],[111.59321,-7.93992],[111.59323,-7.94056],[111.59304,-7.94084],[111.59308,-7.94109],[111.59269,-7.94112],[111.59217,-7.9417],[111.59197,-7.9417],[111.59222,-7.94211],[111.59227,-7.94264],[111.59274,-7.94311],[111.59147,-7.94351],[111.59165,-7.94365],[111.59174,-7.94433],[111.59246,-7.94463],[111.59199,-7.94534],[111.59213,-7.94561],[111.59272,-7.94596],[111.5924,-7.94625],[111.59239,-7.94645],[111.59342,-7.94692],[111.59324,-7.94718],[111.59341,-7.94795],[111.59401,-7.94835],[111.59383,-7.94898],[111.59425,-7.94994],[111.59394,-7.95153],[111.59369,-7.95181],[111.59363,-7.95241],[111.59373,-7.95249],[111.59437,-7.95189],[111.59525,-7.95166],[111.59566,-7.95252],[111.59541,-7.95289],[111.5955,-7.95324],[111.59533,-7.95399],[111.59561,-7.95486],[111.59593,-7.95479],[111.59657,-7.95488],[111.59711,-7.95439],[111.59723,-7.95473],[111.59791,-7.95512],[111.59694,-7.95545],[111.59554,-7.95554],[111.59568,-7.95726],[111.59485,-7.95707],[111.59448,-7.95797],[111.59453,-7.95833],[111.59425,-7.95854],[111.59425,-7.95871],[111.59404,-7.95851],[111.59377,-7.95784],[111.59366,-7.95852],[111.5937,-7.95956],[111.59346,-7.95986],[111.59263,-7.96029],[111.59269,-7.96131],[111.59344,-7.96158],[111.59428,-7.96221],[111.59494,-7.96248],[111.59494,-7.96267],[111.59526,-7.9628],[111.5953,-7.96325],[111.59472,-7.96365],[111.59446,-7.96429],[111.59447,-7.96508],[111.59419,-7.96519],[111.59431,-7.96566],[111.59478,-7.96632],[111.59518,-7.96668],[111.59557,-7.96652],[111.59581,-7.96674],[111.59666,-7.96668],[111.59735,-7.96631],[111.59677,-7.96685],[111.59525,-7.96713],[111.5943,-7.96648],[111.59415,-7.96582],[111.59339,-7.96548],[111.59372,-7.96396],[111.59376,-7.96314],[111.59363,-7.96281],[111.59241,-7.96275],[111.59232,-7.96249],[111.59182,-7.96203],[111.59151,-7.96219],[111.59153,-7.96198],[111.59126,-7.96162],[111.59115,-7.96027],[111.5916,-7.96009],[111.59148,-7.95959],[111.59129,-7.95932],[111.59186,-7.95874],[111.59152,-7.95771],[111.59234,-7.95745],[111.5925,-7.95775],[111.59266,-7.9575],[111.59267,-7.9572],[111.594,-7.95628],[111.5944,-7.95587],[111.59405,-7.95522],[111.59431,-7.95368],[111.59278,-7.95415],[111.59272,-7.95392],[111.5918,-7.95297],[111.59117,-7.95281],[111.59068,-7.95291],[111.59033,-7.95268],[111.59031,-7.9524],[111.59012,-7.95226],[111.59027,-7.95207],[111.59037,-7.95148],[111.59075,-7.95077],[111.59113,-7.95042],[111.59079,-7.94969],[111.59155,-7.94931],[111.59094,-7.94866],[111.59082,-7.94784],[111.59025,-7.94743],[111.59005,-7.94758],[111.58925,-7.94756],[111.58903,-7.94668],[111.58842,-7.94632],[111.58802,-7.94554],[111.5872,-7.94565],[111.5871,-7.94533],[111.58667,-7.94504],[111.58678,-7.94448],[111.5865,-7.94372],[111.58683,-7.94306],[111.58685,-7.94246],[111.58559,-7.94187],[111.5832,-7.93939],[111.58245,-7.93893],[111.58226,-7.93893],[111.58311,-7.9373],[111.58306,-7.93698],[111.58211,-7.93667],[111.58158,-7.93603],[111.5816,-7.93633],[111.58114,-7.93674],[111.58053,-7.93769],[111.58,-7.93781],[111.57974,-7.93815],[111.57914,-7.93781],[111.57866,-7.9379],[111.57867,-7.93916],[111.57897,-7.94],[111.5793,-7.94047],[111.57939,-7.94175],[111.57982,-7.94259],[111.58064,-7.94303],[111.5805,-7.94333],[111.58021,-7.94354],[111.58034,-7.94411],[111.58026,-7.94542],[111.58034,-7.9464],[111.57978,-7.94727],[111.57921,-7.94771],[111.57931,-7.94854],[111.57922,-7.949],[111.57988,-7.94983],[111.58011,-7.95043],[111.58143,-7.95092],[111.58164,-7.95133],[111.58276,-7.95187],[111.58337,-7.95237],[111.58372,-7.95285],[111.5847,-7.95302],[111.58417,-7.95345],[111.58442,-7.95407],[111.58431,-7.95439],[111.58456,-7.95481],[111.58413,-7.95492],[111.58343,-7.95557],[111.58334,-7.95618],[111.58354,-7.95648],[111.58324,-7.95691],[111.58315,-7.95755],[111.5832,-7.9578],[111.58349,-7.95812],[111.58502,-7.95923],[111.5858,-7.95954],[111.58533,-7.96012],[111.58528,-7.96041],[111.58442,-7.96065],[111.58441,-7.96096],[111.58365,-7.96163],[111.58348,-7.96163],[111.58367,-7.96175],[111.58381,-7.96253],[111.5836,-7.96379],[111.5841,-7.96467],[111.58421,-7.96532],[111.58522,-7.9661],[111.58687,-7.96629],[111.58652,-7.96703],[111.58687,-7.96759],[111.58705,-7.96762],[111.58711,-7.96784],[111.58771,-7.96809],[111.58867,-7.96815],[111.58911,-7.96868],[111.58937,-7.96875],[111.58962,-7.96903],[111.59259,-7.96848],[111.59302,-7.96852],[111.59322,-7.9687],[111.59329,-7.96881],[111.59302,-7.96893],[111.59271,-7.96936],[111.59266,-7.96982],[111.59222,-7.97005],[111.59198,-7.97038],[111.59216,-7.97098],[111.59115,-7.97067],[111.5909,-7.97082],[111.59124,-7.97178],[111.5901,-7.97251],[111.59044,-7.9735],[111.59071,-7.97354],[111.5914,-7.97321],[111.59172,-7.97319],[111.59168,-7.97336],[111.59212,-7.97353],[111.59273,-7.97284],[111.59344,-7.97349],[111.59373,-7.97332],[111.59397,-7.97293],[111.59462,-7.9733],[111.59604,-7.97333],[111.59558,-7.97388],[111.59563,-7.97415],[111.59649,-7.97481],[111.59724,-7.97494],[111.59797,-7.97566],[111.59864,-7.97561],[111.5981,-7.97591],[111.59752,-7.97684],[111.59715,-7.97672],[111.59675,-7.97684],[111.59656,-7.97654],[111.59535,-7.97624],[111.59473,-7.97704],[111.59482,-7.97797],[111.59384,-7.97852],[111.59365,-7.97884],[111.59324,-7.97861],[111.59299,-7.97866],[111.59314,-7.97904],[111.59291,-7.97956],[111.593,-7.98029],[111.59277,-7.98116],[111.59192,-7.98078],[111.59132,-7.98091],[111.59095,-7.98081],[111.59062,-7.98148],[111.58978,-7.98159],[111.58875,-7.98109],[111.58806,-7.98052],[111.58706,-7.9804],[111.58647,-7.98053],[111.58709,-7.98145],[111.58744,-7.98241],[111.58845,-7.98286],[111.58871,-7.98354],[111.58997,-7.98475],[111.58983,-7.985],[111.58991,-7.98534],[111.5902,-7.98587],[111.59059,-7.98614],[111.59012,-7.98645],[111.5897,-7.9871],[111.58987,-7.98881],[111.59015,-7.98916],[111.58878,-7.98905],[111.58779,-7.98923],[111.58754,-7.98869],[111.58694,-7.98817],[111.58584,-7.98796],[111.58597,-7.98839],[111.58585,-7.98867],[111.58631,-7.99059],[111.5866,-7.99114],[111.58709,-7.99153],[111.58797,-7.99134],[111.58868,-7.99168],[111.58858,-7.99185],[111.58868,-7.99258],[111.59071,-7.99305],[111.59071,-7.99347],[111.59046,-7.99417],[111.59108,-7.99472],[111.59159,-7.99554],[111.59165,-7.99592],[111.59192,-7.99618],[111.5915,-7.99699],[111.59163,-7.99729],[111.59071,-7.99768],[111.59016,-7.99747],[111.59008,-7.99785],[111.59032,-7.9988],[111.5903,-7.99917],[111.58885,-7.99825],[111.5875,-7.99796],[111.58747,-7.99735],[111.58719,-7.9976],[111.5871,-7.99862],[111.58597,-7.99908],[111.58573,-8.00051],[111.58586,-8.00095],[111.58756,-8.0023],[111.58707,-8.00281],[111.58698,-8.00334],[111.58632,-8.00332],[111.58525,-8.00351],[111.58467,-8.00409],[111.58451,-8.00412],[111.58449,-8.00439],[111.5841,-8.00485],[111.58415,-8.00504],[111.58333,-8.00538],[111.58282,-8.00577],[111.58299,-8.00681],[111.5836,-8.00752],[111.5841,-8.00866],[111.58349,-8.00835],[111.58269,-8.00842],[111.5823,-8.00833],[111.58168,-8.00851],[111.58094,-8.00821],[111.58086,-8.00867],[111.58096,-8.00886],[111.58091,-8.01085],[111.58138,-8.01144],[111.58104,-8.01167],[111.58077,-8.01156],[111.58056,-8.01181],[111.5805,-8.01149],[111.57958,-8.01],[111.57942,-8.00892],[111.57916,-8.00888],[111.57918,-8.00857],[111.5788,-8.00781],[111.57866,-8.0071],[111.57831,-8.00783],[111.57804,-8.00812],[111.57722,-8.00844],[111.57635,-8.00826],[111.57597,-8.00858],[111.57553,-8.00949],[111.57542,-8.01062],[111.57503,-8.00997],[111.57463,-8.01004],[111.57426,-8.01033],[111.57371,-8.00957],[111.5732,-8.00951],[111.57328,-8.00862],[111.57261,-8.00893],[111.57138,-8.00892],[111.56969,-8.00985],[111.56905,-8.00975],[111.5697,-8.00953],[111.57009,-8.00904],[111.57029,-8.00907],[111.57099,-8.00829],[111.57097,-8.0079],[111.57166,-8.00773],[111.57192,-8.00717],[111.57077,-8.00677],[111.57037,-8.00619],[111.57094,-8.00644],[111.57123,-8.00629],[111.57123,-8.00577],[111.57191,-8.00541],[111.57217,-8.00493],[111.57254,-8.00514],[111.57286,-8.00515],[111.57355,-8.00507],[111.57417,-8.00483],[111.57487,-8.00499],[111.57542,-8.00439],[111.57544,-8.00401],[111.57624,-8.00339],[111.57696,-8.00187],[111.57618,-8.00145],[111.57585,-8.00076],[111.57633,-8.00082],[111.57737,-7.9996],[111.5777,-7.9982],[111.57805,-7.99778],[111.57841,-7.9977],[111.57827,-7.99695],[111.57756,-7.99625],[111.57538,-7.99649],[111.57592,-7.99548],[111.57584,-7.99463],[111.57519,-7.99441],[111.57587,-7.994],[111.5761,-7.99333],[111.57611,-7.99235],[111.57586,-7.99139],[111.57467,-7.99154],[111.57437,-7.9913],[111.57411,-7.99141],[111.57372,-7.99185],[111.57349,-7.99132],[111.5728,-7.99133],[111.57231,-7.99199],[111.57228,-7.99236],[111.57205,-7.99253],[111.5715,-7.99154],[111.57098,-7.99247],[111.57048,-7.99279],[111.57011,-7.99237],[111.56984,-7.99259],[111.56856,-7.99259],[111.5683,-7.99274],[111.56855,-7.992],[111.56852,-7.99141],[111.5687,-7.99059],[111.56906,-7.98996],[111.56903,-7.9892],[111.56926,-7.98901],[111.56955,-7.98828],[111.56838,-7.98695],[111.56831,-7.98671],[111.56877,-7.98618],[111.56807,-7.98596],[111.56785,-7.98568],[111.56798,-7.98509],[111.5685,-7.98453],[111.5681,-7.98458],[111.56778,-7.98442],[111.56677,-7.98291],[111.56712,-7.9823],[111.56653,-7.98144],[111.56712,-7.98044],[111.56671,-7.97922],[111.56625,-7.97905],[111.56519,-7.98058],[111.56509,-7.98124],[111.56447,-7.98123],[111.56469,-7.98305],[111.56524,-7.98391],[111.56549,-7.98479],[111.56534,-7.98498],[111.5648,-7.98513],[111.56513,-7.98575],[111.56473,-7.98615],[111.56452,-7.98696],[111.56457,-7.98816],[111.56411,-7.98824],[111.56396,-7.98938],[111.56385,-7.98942],[111.56322,-7.9883],[111.56252,-7.98809],[111.5626,-7.98776],[111.56288,-7.98749],[111.56295,-7.98708],[111.56248,-7.98723],[111.56179,-7.98684],[111.56093,-7.98684],[111.56192,-7.98621],[111.562,-7.9859],[111.5623,-7.98556],[111.56236,-7.98523],[111.5615,-7.98492],[111.56108,-7.985],[111.56095,-7.9841],[111.56069,-7.98356],[111.55994,-7.98307],[111.56011,-7.98223],[111.55981,-7.98201],[111.55905,-7.98208],[111.55898,-7.98165],[111.55881,-7.98149],[111.55889,-7.98096],[111.55851,-7.98054],[111.55811,-7.97979],[111.55787,-7.97964],[111.55804,-7.97909],[111.55774,-7.97865],[111.55779,-7.97791],[111.55702,-7.97775],[111.55668,-7.97754],[111.55651,-7.97724],[111.55644,-7.97623],[111.55618,-7.97614],[111.55553,-7.97558],[111.55537,-7.97479],[111.555,-7.97435],[111.5548,-7.9738],[111.55462,-7.97408],[111.55476,-7.97411],[111.55474,-7.97477],[111.55456,-7.97523],[111.55429,-7.97527],[111.55421,-7.97543],[111.55435,-7.97615],[111.55426,-7.97669],[111.55358,-7.97671],[111.55332,-7.97735],[111.55226,-7.97706],[111.55165,-7.97772],[111.55097,-7.97808],[111.55143,-7.97868],[111.55154,-7.97939],[111.55136,-7.98009],[111.55155,-7.98058],[111.55095,-7.98107],[111.55175,-7.98151],[111.55131,-7.98178],[111.55102,-7.98236],[111.55062,-7.98279],[111.54956,-7.98319],[111.54878,-7.98319],[111.54915,-7.98404],[111.5491,-7.98427],[111.54978,-7.98513],[111.54977,-7.98532],[111.55016,-7.98516],[111.5505,-7.98524],[111.55075,-7.98593],[111.55068,-7.98622],[111.55122,-7.98615],[111.55162,-7.98628],[111.55143,-7.98713],[111.55151,-7.98742],[111.55213,-7.98757],[111.55219,-7.98792],[111.55256,-7.98825],[111.55315,-7.98814],[111.55342,-7.98898],[111.55428,-7.98941],[111.55472,-7.98946],[111.55503,-7.99006],[111.55574,-7.99071],[111.55586,-7.99142],[111.55539,-7.99153],[111.55519,-7.99188],[111.55497,-7.99165],[111.55445,-7.99157],[111.55408,-7.99177],[111.55333,-7.9919],[111.55372,-7.99224],[111.55404,-7.99311],[111.55437,-7.99329],[111.55437,-7.9936],[111.55393,-7.99331],[111.55349,-7.99354],[111.55304,-7.99349],[111.55279,-7.9942],[111.55261,-7.99435],[111.55241,-7.99432],[111.55196,-7.99485],[111.55158,-7.99456],[111.55094,-7.99365],[111.55084,-7.99326],[111.55057,-7.99326],[111.55059,-7.99466],[111.55024,-7.99539],[111.55086,-7.99597],[111.55106,-7.99648],[111.55026,-7.99688],[111.55037,-7.99774],[111.55018,-7.99801],[111.54967,-7.99751],[111.54932,-7.99658],[111.54814,-7.99621],[111.5472,-7.99564],[111.54647,-7.99375],[111.54629,-7.9935],[111.54587,-7.99359],[111.5455,-7.99412],[111.54553,-7.9945],[111.54579,-7.9949],[111.54681,-7.99542],[111.54703,-7.99567],[111.54675,-7.99659],[111.54698,-7.9974],[111.54753,-7.99851],[111.54807,-7.99889],[111.54843,-7.99894],[111.54842,-7.99948],[111.54814,-8.00029],[111.54879,-8.00056],[111.54926,-8.00112],[111.54936,-8.00241],[111.549,-8.00238],[111.54843,-8.00262],[111.54898,-8.00404],[111.5495,-8.00408],[111.54909,-8.00452],[111.54911,-8.00562],[111.54861,-8.00544],[111.54764,-8.00464],[111.54722,-8.00445],[111.54689,-8.00464],[111.54689,-8.00483],[111.54629,-8.00537],[111.54588,-8.00469],[111.54545,-8.00449],[111.54483,-8.00391],[111.54414,-8.00397],[111.54385,-8.00415],[111.54366,-8.00326],[111.54326,-8.00283],[111.54297,-8.0015],[111.54328,-8.00089],[111.54263,-8.00083],[111.542,-8.0005],[111.54168,-8.00088],[111.54129,-8.001],[111.54124,-8.00122],[111.54152,-8.00232],[111.54085,-8.00385],[111.54059,-8.00417],[111.54081,-8.0045],[111.54082,-8.00512],[111.5412,-8.0061],[111.54173,-8.00679],[111.54139,-8.00701],[111.54123,-8.00741],[111.54121,-8.00777],[111.54145,-8.00832],[111.54077,-8.00834],[111.54039,-8.00893],[111.54046,-8.00945],[111.54036,-8.00962],[111.54011,-8.00935],[111.53992,-8.00937]],[[111.62572,-7.94229],[111.62576,-7.94245],[111.62556,-7.94174]],[[111.53764,-8.00547],[111.53756,-8.00496],[111.53721,-8.005],[111.53631,-8.00468],[111.53564,-8.00461],[111.53581,-8.00381],[111.53533,-8.00357],[111.53521,-8.00328],[111.53524,-8.00207],[111.53573,-8.0014],[111.53593,-8.00059],[111.53586,-8.00001],[111.5347,-7.99981],[111.5343,-8.00015],[111.53422,-8.0008]]]}},{"type":"Feature","properties":{"NAMOBJ":"687.5","REMARK":"Garis Kontur","JNSKNT":2,"VALKNT":687.5},"geometry":{"type":"LineString","coordinates":[[111.55087,-8.03859],[111.55154,-8.0391],[111.55205,-8.03883],[111.55075,-8.03848],[111.55087,-8.03859]]}},{"type":"Feature","properties":{"NAMOBJ":"450","REMARK":"Garis Kontur","JNSKNT":1,"VALKNT":450},"geometry":{"type":"LineString","coordinates":[[111.59874,-7.96068],[111.59899,-7.9608],[111.59945,-7.96051],[111.59966,-7.96027],[111.59975,-7.95983],[111.59883,-7.9601],[111.59874,-7.96068]]}},{"type":"Feature","properties":{"NAMOBJ":"337.5","REMARK":"Garis Kontur","JNSKNT":2,"VALKNT":337.5},"geometry":{"type":"LineString","coordinates":[[111.5736,-8.0],[111.57337,-8.00041],[111.57376,-8.00142],[111.5749,-8.00206],[111.57351,-8.00335],[111.57169,-8.00233],[111.57126,-8.0025],[111.5709,-8.00295],[111.57018,-8.00261],[111.56999,-8.00285],[111.56958,-8.003],[111.56926,-8.00293],[111.56914,-8.00274],[111.56876,-8.00274],[111.56861,-8.00252],[111.56774,-8.0027],[111.56716,-8.00235],[111.56683,-8.00233],[111.56612,-8.00492],[111.5664,-8.00506],[111.56708,-8.00596],[111.56708,-8.00649],[111.56767,-8.00688],[111.56704,-8.00765],[111.56552,-8.00882],[111.56423,-8.00925],[111.56261,-8.00926],[111.56196,-8.00865],[111.56188,-8.00884],[111.5612,-8.00897],[111.56033,-8.00849],[111.56049,-8.00891],[111.56028,-8.00917],[111.56025,-8.00948],[111.56098,-8.00988],[111.5615,-8.01033],[111.56081,-8.01099],[111.5616,-8.01148],[111.56245,-8.01165],[111.56245,-8.01236],[111.56329,-8.01217],[111.56412,-8.01251],[111.56469,-8.01337],[111.56446,-8.01449],[111.56488,-8.01427],[111.56568,-8.01491],[111.56587,-8.01478],[111.56586,-8.0143],[111.56609,-8.01363],[111.56635,-8.0134],[111.56861,-8.01277],[111.5694,-8.01276],[111.56978,-8.01262],[111.57079,-8.01278],[111.57131,-8.01289],[111.57173,-8.01338],[111.57196,-8.01301],[111.57261,-8.0127],[111.57306,-8.01211],[111.57335,-8.01216],[111.57385,-8.01281],[111.57428,-8.01301],[111.57481,-8.01283],[111.57498,-8.01372],[111.5755,-8.01322],[111.57567,-8.0132],[111.5767,-8.01371],[111.5763,-8.01259],[111.57694,-8.01192],[111.57747,-8.01051],[111.57791,-8.01023],[111.57793,-8.01078],[111.5786,-8.01134],[111.5787,-8.01166],[111.57945,-8.01215],[111.57912,-8.01269],[111.57908,-8.01314],[111.57924,-8.01322],[111.57951,-8.01369],[111.5796,-8.01516],[111.57981,-8.01537],[111.57992,-8.01583],[111.58017,-8.01617],[111.58056,-8.0164],[111.58096,-8.01689],[111.58109,-8.01631],[111.58137,-8.01585],[111.58114,-8.0157],[111.58117,-8.01498],[111.58213,-8.01408],[111.58246,-8.01323],[111.58281,-8.013],[111.58327,-8.01298],[111.58367,-8.01167],[111.58386,-8.01145],[111.58539,-8.01146],[111.58525,-8.01029],[111.58655,-8.0102],[111.58713,-8.01067],[111.58832,-8.01033],[111.58723,-8.0095],[111.58643,-8.00867],[111.58633,-8.00775],[111.586,-8.00743],[111.58682,-8.00646],[111.58794,-8.00575],[111.58834,-8.00527],[111.58863,-8.00512],[111.58873,-8.00446],[111.58966,-8.00406],[111.59021,-8.00345],[111.59044,-8.00349],[111.59056,-8.0028],[111.59085,-8.00212],[111.5893,-8.00155],[111.58845,-8.00091],[111.58856,-8.00062],[111.58883,-8.00087],[111.58957,-8.00116],[111.5898,-8.00144],[111.5905,-8.00133],[111.59136,-8.00154],[111.59205,-8.00041],[111.59257,-8.00056],[111.59296,-8.0]]}},{"type":"Feature","properties":{"NAMOBJ":"600","REMARK":"Garis Kontur","JNSKNT":1,"VALKNT":600},"geometry":{"type":"LineString","coordinates":[[111.55553,-8.0056],[111.5554,-8.00567],[111.55534,-8.00573],[111.55558,-8.00577],[111.55568,-8.00563],[111.55553,-8.0056]]}},{"type":"Feature","properties":{"NAMOBJ":"762.5","REMARK":"Garis Kontur","JNSKNT":2,"VALKNT":762.5},"geometry":{"type":"LineString","coordinates":[[111.54137,-8.01951],[111.5412,-8.01941],[111.54129,-8.01956],[111.54113,-8.02063],[111.54075,-8.02111],[111.541,-8.02102],[111.54129,-8.02058],[111.54131,-8.02013],[111.54155,-8.01959],[111.54137,-8.01951]]}},{"type":"Feature","properties":{"NAMOBJ":"512.5","REMARK":"Garis Kontur","JNSKNT":2,"VALKNT":512.5},"geometry":{"type":"LineString","coordinates":[[111.55892,-8.01777],[111.55892,-8.01777],[111.55892,-8.01777],[111.55892,-8.01777]]}},{"type":"Feature","properties":{"NAMOBJ":"637.5","REMARK":"Garis Kontur","JNSKNT":2,"VALKNT":637.5},"geometry":{"type":"LineString","coordinates":[[111.56284,-8.0],[111.56298,-7.99934],[111.5626,-7.99948],[111.56175,-7.99931],[111.56151,-7.99908],[111.56148,-7.99875],[111.56088,-7.99782],[111.56034,-7.99784],[111.56017,-7.99847],[111.56024,-7.99863],[111.56003,-7.99903],[111.56001,-8.0],[111.56024,-8.00057],[111.56039,-8.00255],[111.56074,-8.00279],[111.56083,-8.00266],[111.56111,-8.00061],[111.5617,-8.0005],[111.56261,-8.00055],[111.56284,-8.0]]}},{"type":"Feature","properties":{"NAMOBJ":"650","REMARK":"Garis Kontur","JNSKNT":1,"VALKNT":650},"geometry":{"type":"LineString","coordinates":[[111.64154,-7.97463],[111.64116,-7.9742],[111.6406,-7.97393],[111.64021,-7.97391],[111.64007,-7.97356],[111.63998,-7.97363],[111.63997,-7.97397],[111.64093,-7.97476],[111.64158,-7.97495],[111.64154,-7.97463]]}},{"type":"Feature","properties":{"NAMOBJ":"612.5","REMARK":"Garis Kontur","JNSKNT":2,"VALKNT":612.5},"geometry":{"type":"LineString","coordinates":[[111.63546,-7.95829],[111.63525,-7.95851],[111.63543,-7.95881],[111.63563,-7.9584],[111.63619,-7.95837],[111.63603,-7.95811],[111.63546,-7.95829]]}},{"type":"Feature","properties":{"NAMOBJ":"600","REMARK":"Garis Kontur","JNSKNT":1,"VALKNT":600},"geometry":{"type":"LineString","coordinates":[[111.63681,-7.98979],[111.63785,-7.98907],[111.63795,-7.98865],[111.6384,-7.98807],[111.63797,-7.98767],[111.63794,-7.98721],[111.63841,-7.98584],[111.63903,-7.98535],[111.63896,-7.98492],[111.63832,-7.98408],[111.6386,-7.98299],[111.63876,-7.9829],[111.63882,-7.9826],[111.63848,-7.98274],[111.63801,-7.9827],[111.63779,-7.98302],[111.63802,-7.98326],[111.63804,-7.98415],[111.63792,-7.98464],[111.63739,-7.98506],[111.6378,-7.98536],[111.63807,-7.98583],[111.63808,-7.98609],[111.63741,-7.98673],[111.63726,-7.98768],[111.63677,-7.98822],[111.63659,-7.98861],[111.63616,-7.98875],[111.63564,-7.98838],[111.63523,-7.98779],[111.63518,-7.98866],[111.63473,-7.98882],[111.63435,-7.98853],[111.63404,-7.98853],[111.63374,-7.98819],[111.63309,-7.98825],[111.63339,-7.98864],[111.63385,-7.98871],[111.63453,-7.98921],[111.63463,-7.98956],[111.63441,-7.98968],[111.63465,-7.9904],[111.63527,-7.99044],[111.63649,-7.99022],[111.63681,-7.98979]]}},{"type":"Feature","properties":{"NAMOBJ":"512.5","REMARK":"Garis Kontur","JNSKNT":2,"VALKNT":512.5},"geometry":{"type":"LineString","coordinates":[[111.55523,-7.9847],[111.55541,-7.98515],[111.55565,-7.9853],[111.55573,-7.98508],[111.55547,-7.98386],[111.55546,-7.9831],[111.55483,-7.98375],[111.55406,-7.98411],[111.55423,-7.98437],[111.55489,-7.98438],[111.55523,-7.9847]]}},{"type":"Feature","properties":{"NAMOBJ":"587.5","REMARK":"Garis Kontur","JNSKNT":2,"VALKNT":587.5},"geometry":{"type":"LineString","coordinates":[[111.58958,-8.01442],[111.58968,-8.01458],[111.58992,-8.01506],[111.58998,-8.01493],[111.58958,-8.01442]]}},{"type":"Feature","properties":{"NAMOBJ":"712.5","REMARK":"Garis Kontur","JNSKNT":2,"VALKNT":712.5},"geometry":{"type":"MultiLineString","coordinates":[[[111.5472,-8.04192],[111.54739,-8.0419],[111.54729,-8.04162],[111.54705,-8.04148],[111.54644,-8.04146],[111.5453,-8.0409],[111.54552,-8.04074],[111.54556,-8.04034],[111.54495,-8.03942],[111.54437,-8.03954],[111.5436,-8.03858],[111.54326,-8.03791],[111.54458,-8.03781],[111.5451,-8.03674],[111.54506,-8.0361],[111.54474,-8.03552],[111.54449,-8.03566],[111.54318,-8.03487],[111.54291,-8.03486],[111.54291,-8.03462],[111.54348,-8.03403],[111.54373,-8.03313],[111.54421,-8.03258],[111.54396,-8.03171],[111.54429,-8.03129],[111.54408,-8.03008],[111.54438,-8.02942],[111.54509,-8.02886],[111.54497,-8.0286],[111.54449,-8.02847],[111.54422,-8.02872],[111.54364,-8.02837],[111.54269,-8.0286],[111.54231,-8.02847],[111.54265,-8.02765],[111.54245,-8.02649],[111.54217,-8.02629],[111.54359,-8.02606],[111.54398,-8.02548],[111.54459,-8.0254],[111.5447,-8.02528],[111.54407,-8.02528],[111.54321,-8.02409],[111.5426,-8.02253],[111.54229,-8.02228],[111.54201,-8.02133],[111.54293,-8.0201],[111.54319,-8.01946],[111.54358,-8.01921],[111.54393,-8.01866],[111.5443,-8.01793],[111.54422,-8.01742],[111.54264,-8.01864],[111.54215,-8.01926],[111.54186,-8.01929],[111.54095,-8.01902],[111.5407,-8.02073],[111.53906,-8.02155],[111.53829,-8.0216],[111.53716,-8.02226]],[[111.54285,-8.04134],[111.54272,-8.04088],[111.54299,-8.04111]]]}},{"type":"Feature","properties":{"NAMOBJ":"450","REMARK":"Garis Kontur","JNSKNT":1,"VALKNT":450},"geometry":{"type":"LineString","coordinates":[[111.58291,-7.94381],[111.58298,-7.94426],[111.58328,-7.94464],[111.58351,-7.94437],[111.58364,-7.94359],[111.58305,-7.94321],[111.58291,-7.94381]]}},{"type":"Feature","properties":{"NAMOBJ":"437.5","REMARK":"Garis Kontur","JNSKNT":2,"VALKNT":437.5},"geometry":{"type":"LineString","coordinates":[[111.58377,-7.94788],[111.58372,-7.94778],[111.58311,-7.94783],[111.58282,-7.94773],[111.58248,-7.94784],[111.58233,-7.94714],[111.58181,-7.94805],[111.58178,-7.94854],[111.58301,-7.94889],[111.58305,-7.94865],[111.58347,-7.94806],[111.58377,-7.94788]]}},{"type":"Feature","properties":{"NAMOBJ":"525","REMARK":"Garis Kontur","JNSKNT":2,"VALKNT":525},"geometry":{"type":"LineString","coordinates":[[111.64694,-8.0022],[111.64713,-8.00266],[111.64717,-8.0027],[111.64725,-8.00238],[111.64697,-8.00212],[111.64694,-8.0022]]}},{"type":"Feature","properties":{"NAMOBJ":"500","REMARK":"Garis Kontur","JNSKNT":1,"VALKNT":500},"geometry":{"type":"LineString","coordinates":[[111.64272,-8.00155],[111.64285,-8.0017],[111.6429,-8.00131],[111.64278,-8.00121],[111.64272,-8.00155]]}},{"type":"Feature","properties":{"NAMOBJ":"362.5","REMARK":"Garis Kontur","JNSKNT":2,"VALKNT":362.5},"geometry":{"type":"LineString","coordinates":[[111.61161,-8.00183],[111.6116,-8.00139],[111.61154,-8.00138],[111.61148,-8.00143],[111.61161,-8.00183]]}},{"type":"Feature","properties":{"NAMOBJ":"575","REMARK":"Garis Kontur","JNSKNT":2,"VALKNT":575},"geometry":{"type":"LineString","coordinates":[[111.59526,-8.00953],[111.59527,-8.00957],[111.5953,-8.00961],[111.59533,-8.00953],[111.59526,-8.00953]]}},{"type":"Feature","properties":{"NAMOBJ":"375","REMARK":"Garis Kontur","JNSKNT":2,"VALKNT":375},"geometry":{"type":"MultiLineString","coordinates":[[[111.62587,-7.95474],[111.62582,-7.95493],[111.62551,-7.95414],[111.62516,-7.95368],[111.62491,-7.95364],[111.62494,-7.95329],[111.62519,-7.95291],[111.625,-7.95266],[111.62345,-7.95293],[111.62319,-7.95287],[111.62299,-7.95245],[111.62205,-7.95351],[111.62191,-7.95342],[111.62164,-7.95297],[111.62168,-7.95203],[111.62156,-7.95196],[111.62148,-7.95213],[111.62078,-7.95223],[111.62096,-7.95191],[111.62071,-7.95145],[111.6209,-7.95083],[111.62059,-7.95047],[111.62033,-7.94988],[111.61997,-7.94954],[111.61946,-7.94938],[111.61768,-7.94936],[111.6169,-7.94983],[111.61437,-7.94968],[111.61359,-7.94896],[111.61406,-7.94813],[111.61423,-7.94734],[111.61494,-7.94643],[111.61482,-7.94603],[111.61436,-7.94558],[111.61423,-7.945],[111.61402,-7.94539],[111.61407,-7.94617],[111.61363,-7.94726],[111.61367,-7.94745],[111.61256,-7.94826],[111.61173,-7.94857],[111.61111,-7.9485],[111.61095,-7.94798],[111.61031,-7.94778],[111.61069,-7.94724],[111.61005,-7.94715],[111.61028,-7.94657],[111.61025,-7.94627],[111.60941,-7.94571],[111.60918,-7.94532],[111.60913,-7.94419],[111.60928,-7.94398],[111.60882,-7.94399],[111.60711,-7.94352],[111.60741,-7.94312],[111.60711,-7.94263],[111.60623,-7.94279],[111.60624,-7.94178],[111.60732,-7.94078],[111.60755,-7.94026],[111.60698,-7.94085],[111.60622,-7.94103],[111.60584,-7.94164],[111.60508,-7.94171],[111.60426,-7.94224],[111.60373,-7.94203],[111.60331,-7.94205],[111.60329,-7.94174],[111.60258,-7.94152],[111.60203,-7.94096],[111.60158,-7.94114],[111.60117,-7.94081],[111.60091,-7.94108],[111.60036,-7.93998],[111.59965,-7.94012],[111.59924,-7.93986],[111.59889,-7.93992],[111.59895,-7.93927],[111.59851,-7.93885],[111.598,-7.9386],[111.59767,-7.93854],[111.59699,-7.93905],[111.59613,-7.93867],[111.59591,-7.93885],[111.5959,-7.9391],[111.59639,-7.94083],[111.59609,-7.94091],[111.59564,-7.94155],[111.59525,-7.94253],[111.59477,-7.94286],[111.59519,-7.9435],[111.5953,-7.94413],[111.59565,-7.94442],[111.59552,-7.94478],[111.59557,-7.94505],[111.59478,-7.94592],[111.59529,-7.94631],[111.5955,-7.94679],[111.59546,-7.94719],[111.59603,-7.94799],[111.59635,-7.94815],[111.59686,-7.94909],[111.59639,-7.94971],[111.5962,-7.95078],[111.59644,-7.95125],[111.59706,-7.9517],[111.59701,-7.95258],[111.59714,-7.95275],[111.59787,-7.95242],[111.59843,-7.95301],[111.59852,-7.95326],[111.59884,-7.95346],[111.59908,-7.95315],[111.59972,-7.95279],[111.59991,-7.95344],[111.60086,-7.95365],[111.60082,-7.9539],[111.60112,-7.95407],[111.60136,-7.95453],[111.60052,-7.9552],[111.6006,-7.95592],[111.60025,-7.9564],[111.5996,-7.95671],[111.59973,-7.95717],[111.59956,-7.95754],[111.59915,-7.95781],[111.59912,-7.95802],[111.59881,-7.95808],[111.59884,-7.95884],[111.59792,-7.9591],[111.59757,-7.95877],[111.59724,-7.95909],[111.59652,-7.95916],[111.59671,-7.96039],[111.59685,-7.96074],[111.5971,-7.96094],[111.59679,-7.96146],[111.59696,-7.96179],[111.59758,-7.96223],[111.59712,-7.96266],[111.59703,-7.96317],[111.59665,-7.96378],[111.597,-7.96371],[111.59768,-7.96395],[111.59808,-7.96359],[111.59914,-7.96368],[111.59913,-7.96289],[111.59991,-7.96276],[111.60049,-7.96229],[111.60092,-7.96218],[111.60093,-7.96149],[111.6012,-7.96096],[111.6017,-7.96151],[111.6031,-7.96193],[111.60365,-7.96189],[111.60369,-7.9623],[111.60312,-7.96326],[111.60321,-7.96332],[111.60431,-7.96298],[111.60522,-7.96246],[111.60641,-7.96217],[111.60698,-7.96182],[111.60687,-7.96234],[111.60707,-7.96254],[111.60655,-7.9628],[111.60654,-7.96353],[111.60668,-7.9638],[111.60668,-7.96422],[111.60724,-7.96481],[111.60735,-7.96512],[111.60664,-7.96483],[111.60664,-7.96528],[111.60646,-7.96562],[111.60665,-7.96619],[111.60632,-7.96628],[111.60608,-7.96669],[111.60555,-7.96671],[111.605,-7.96722],[111.60423,-7.96762],[111.60408,-7.96759],[111.60399,-7.96854],[111.60386,-7.96873],[111.60421,-7.96913],[111.60514,-7.96935],[111.60493,-7.96953],[111.60417,-7.96957],[111.6033,-7.96986],[111.6031,-7.96918],[111.60258,-7.96909],[111.6024,-7.96868],[111.60241,-7.96727],[111.60111,-7.96798],[111.60063,-7.96804],[111.60035,-7.96827],[111.59974,-7.96814],[111.59925,-7.96772],[111.59886,-7.96797],[111.59847,-7.96754],[111.59789,-7.96813],[111.59776,-7.96845],[111.59788,-7.96889],[111.59679,-7.96887],[111.59657,-7.9691],[111.59622,-7.96918],[111.59711,-7.96969],[111.59734,-7.97047],[111.59693,-7.97068],[111.59623,-7.97056],[111.5958,-7.97098],[111.59524,-7.97079],[111.59481,-7.97114],[111.59435,-7.9713],[111.59527,-7.97168],[111.59707,-7.97197],[111.598,-7.97233],[111.59876,-7.97347],[111.59823,-7.97371],[111.59839,-7.97411],[111.59894,-7.97416],[111.59946,-7.97403],[111.59975,-7.97381],[111.6,-7.97333],[111.6004,-7.97403],[111.6013,-7.9744],[111.60177,-7.9749],[111.60268,-7.97525],[111.6028,-7.97552],[111.60279,-7.97604],[111.60305,-7.97645],[111.60311,-7.97707],[111.60264,-7.97684],[111.60215,-7.9763],[111.60164,-7.97666],[111.6012,-7.97674],[111.60068,-7.97631],[111.60032,-7.97671],[111.59968,-7.97686],[111.59962,-7.9774],[111.59918,-7.9776],[111.59888,-7.97845],[111.59834,-7.97905],[111.59756,-7.97903],[111.59721,-7.98003],[111.5969,-7.98046],[111.59613,-7.98075],[111.59551,-7.9812],[111.59491,-7.98103],[111.59539,-7.98148],[111.59532,-7.98191],[111.59501,-7.98221],[111.59503,-7.98303],[111.5949,-7.98355],[111.59471,-7.98361],[111.59433,-7.98329],[111.59362,-7.98396],[111.59289,-7.98436],[111.59288,-7.9846],[111.59381,-7.98647],[111.59334,-7.98681],[111.59284,-7.98766],[111.59306,-7.98779],[111.59342,-7.98842],[111.59415,-7.98854],[111.59382,-7.98918],[111.59391,-7.9899],[111.5932,-7.99061],[111.59373,-7.99205],[111.59433,-7.99166],[111.5953,-7.99163],[111.59557,-7.99132],[111.59592,-7.99173],[111.59654,-7.9918],[111.59671,-7.99196],[111.5981,-7.99149],[111.5972,-7.99234],[111.59719,-7.9926],[111.59607,-7.9931],[111.5962,-7.99329],[111.596,-7.99359],[111.59599,-7.9939],[111.59567,-7.99432],[111.59558,-7.995],[111.59624,-7.99587],[111.59588,-7.99594],[111.59573,-7.99615],[111.59617,-7.99665],[111.59603,-7.99713],[111.59616,-7.99802],[111.59628,-7.99815],[111.59594,-7.99872],[111.59592,-7.99961],[111.59542,-8.00053],[111.59437,-8.00055],[111.59416,-8.0004],[111.59363,-8.00049],[111.59249,-8.00107],[111.59222,-8.00145],[111.59204,-8.00204],[111.5921,-8.00235],[111.5917,-8.00325],[111.59136,-8.00332],[111.59129,-8.00408],[111.59144,-8.00439],[111.59064,-8.00452],[111.5906,-8.00498],[111.59035,-8.00501],[111.58936,-8.00586],[111.58891,-8.00609],[111.58803,-8.00692],[111.58761,-8.00796],[111.58755,-8.00864],[111.58824,-8.00924],[111.58827,-8.00955],[111.58863,-8.01003],[111.58868,-8.01057],[111.58853,-8.01057],[111.58803,-8.01098],[111.58718,-8.01118],[111.58656,-8.01082],[111.58604,-8.01102],[111.58615,-8.01215],[111.58525,-8.01229],[111.58446,-8.01327],[111.58438,-8.01387],[111.58319,-8.014],[111.58259,-8.01476],[111.58211,-8.01516],[111.58225,-8.01546],[111.58282,-8.01581],[111.58173,-8.01647],[111.58114,-8.01756],[111.58136,-8.01791],[111.58197,-8.01832],[111.58126,-8.01811],[111.581,-8.01826],[111.57954,-8.01587],[111.57892,-8.01571],[111.57909,-8.01506],[111.57909,-8.01398],[111.57859,-8.0136],[111.57825,-8.01352],[111.57832,-8.01335],[111.57817,-8.01323],[111.57818,-8.01279],[111.57762,-8.01234],[111.57709,-8.01284],[111.57733,-8.01313],[111.57739,-8.01379],[111.57759,-8.01407],[111.57735,-8.01473],[111.57702,-8.0151],[111.5769,-8.01481],[111.57627,-8.01423],[111.57554,-8.01445],[111.57529,-8.01495],[111.57451,-8.01536],[111.57438,-8.01499],[111.57433,-8.0139],[111.57291,-8.01338],[111.57204,-8.01428],[111.57147,-8.01462],[111.57131,-8.0143],[111.57058,-8.01383],[111.56902,-8.01351],[111.56791,-8.01394],[111.56678,-8.01407],[111.56661,-8.01476],[111.56684,-8.01541],[111.56645,-8.01557],[111.56642,-8.01686],[111.56616,-8.01726],[111.5659,-8.01639],[111.56536,-8.01602],[111.56473,-8.01534],[111.56385,-8.01563],[111.56334,-8.01559],[111.56297,-8.01608],[111.56257,-8.01596],[111.56261,-8.01573],[111.56297,-8.01535],[111.56288,-8.01499],[111.56395,-8.01397],[111.56411,-8.01355],[111.56318,-8.01282],[111.56285,-8.01297],[111.56262,-8.01325],[111.56181,-8.01313],[111.56148,-8.01331],[111.56176,-8.01273],[111.56184,-8.01212],[111.56158,-8.0119],[111.56083,-8.01162],[111.55986,-8.01185],[111.55937,-8.01182],[111.55932,-8.01133],[111.5596,-8.01047],[111.55937,-8.01038],[111.55928,-8.00997],[111.559,-8.00968],[111.55953,-8.00929],[111.55955,-8.00871],[111.55908,-8.00698],[111.56035,-8.00731],[111.56094,-8.00758],[111.56144,-8.00805],[111.56166,-8.0081],[111.56193,-8.00784],[111.56266,-8.00837],[111.56353,-8.00857],[111.56444,-8.00861],[111.56551,-8.00777],[111.56667,-8.00726],[111.56652,-8.00691],[111.56622,-8.00686],[111.5657,-8.0054],[111.56469,-8.00484],[111.56439,-8.00439],[111.56512,-8.00415],[111.56573,-8.00326],[111.56582,-8.00247],[111.56624,-8.0022],[111.56647,-8.00165],[111.56806,-8.00232],[111.56822,-8.00227],[111.56847,-8.00176],[111.56862,-8.00207],[111.56901,-8.00239],[111.56981,-8.00211],[111.56997,-8.00177],[111.57059,-8.00204],[111.5714,-8.00157],[111.57257,-8.00208],[111.57343,-8.00224],[111.57363,-8.00194],[111.57293,-8.00143],[111.57274,-8.00052],[111.57277,-7.99978],[111.57242,-7.99955],[111.57332,-7.99869],[111.57362,-7.99861],[111.57309,-7.99831],[111.57232,-7.9975],[111.57272,-7.99701],[111.57272,-7.99659],[111.57166,-7.99584],[111.57168,-7.99518],[111.57184,-7.99487],[111.57133,-7.99492],[111.57053,-7.99465],[111.56995,-7.99463],[111.5692,-7.99416],[111.56888,-7.99474],[111.56789,-7.99481],[111.56723,-7.99509],[111.56715,-7.99442],[111.56658,-7.99406],[111.56644,-7.99339],[111.56602,-7.99269],[111.56626,-7.99221],[111.5663,-7.99037],[111.56705,-7.98975],[111.5669,-7.98965],[111.56676,-7.989],[111.56701,-7.98853],[111.56638,-7.98764],[111.56668,-7.98824],[111.56636,-7.989],[111.56638,-7.98941],[111.56623,-7.98966],[111.56603,-7.98974],[111.56581,-7.991],[111.56542,-7.99147],[111.56492,-7.99164],[111.56493,-7.99213],[111.56448,-7.99219],[111.56416,-7.99325],[111.56329,-7.99291],[111.56309,-7.99297],[111.56308,-7.99275],[111.56266,-7.99232],[111.56256,-7.99198],[111.5623,-7.99184],[111.562,-7.9919],[111.56191,-7.99057],[111.56086,-7.99109],[111.55976,-7.98954],[111.55921,-7.98949],[111.55806,-7.98897],[111.55759,-7.9891],[111.55745,-7.98897],[111.55726,-7.98902],[111.55707,-7.98716],[111.55762,-7.98632],[111.55756,-7.98585],[111.55778,-7.98516],[111.55799,-7.98373],[111.55784,-7.98333],[111.55744,-7.98315],[111.5572,-7.98251],[111.55665,-7.98174],[111.55661,-7.98073],[111.55614,-7.9799],[111.55624,-7.9796],[111.55579,-7.97867],[111.5552,-7.978],[111.55494,-7.97823],[111.55474,-7.97921],[111.55435,-7.97918],[111.55358,-7.97946],[111.55343,-7.98],[111.55367,-7.98142],[111.55403,-7.98165],[111.55429,-7.98202],[111.55345,-7.98239],[111.55258,-7.98358],[111.55192,-7.98409],[111.55213,-7.98472],[111.55296,-7.98523],[111.55271,-7.98638],[111.55351,-7.98657],[111.55432,-7.98617],[111.55495,-7.98665],[111.55517,-7.98714],[111.55564,-7.98731],[111.55615,-7.98798],[111.5565,-7.98855],[111.5567,-7.98931],[111.55724,-7.98959],[111.55737,-7.99035],[111.55783,-7.99065],[111.55787,-7.99107],[111.55813,-7.99152],[111.5587,-7.99204],[111.55879,-7.99299],[111.55871,-7.99372],[111.55786,-7.99342],[111.55669,-7.99373],[111.55633,-7.99344],[111.5563,-7.99387],[111.55655,-7.99416],[111.55676,-7.99489],[111.55696,-7.99517],[111.55744,-7.99545],[111.55693,-7.99557],[111.55676,-7.9961],[111.55621,-7.99602],[111.5556,-7.99662],[111.5553,-7.99656],[111.55467,-7.99615],[111.55429,-7.99534],[111.55388,-7.99546],[111.5536,-7.99539],[111.55359,-7.99594],[111.55328,-7.99636],[111.55313,-7.99697],[111.55268,-7.99773],[111.55298,-7.99795],[111.553,-7.99826],[111.55224,-7.99872],[111.55244,-7.99931],[111.55237,-7.99996],[111.55146,-7.99999],[111.55085,-8.00037],[111.55159,-8.00127],[111.55139,-8.00173],[111.55176,-8.00191],[111.55261,-8.00333],[111.55275,-8.00381],[111.55107,-8.00382],[111.55179,-8.00512],[111.55083,-8.00509],[111.55083,-8.006],[111.55063,-8.00621],[111.55033,-8.00696],[111.55035,-8.00722],[111.54899,-8.007],[111.54869,-8.00665],[111.54823,-8.00676],[111.54778,-8.00648],[111.54773,-8.00769],[111.54727,-8.0087],[111.54693,-8.00832],[111.54659,-8.00843],[111.54613,-8.00752],[111.54536,-8.00695],[111.54488,-8.00636],[111.54454,-8.00639],[111.54474,-8.00708],[111.54469,-8.00725],[111.54418,-8.0077],[111.54444,-8.00873],[111.54418,-8.00909],[111.54415,-8.01055],[111.54357,-8.01089],[111.5427,-8.01097],[111.543,-8.01287],[111.5428,-8.01287],[111.54264,-8.01304],[111.54202,-8.01302],[111.54162,-8.01335],[111.5409,-8.0128],[111.54032,-8.01282],[111.54015,-8.01413],[111.53989,-8.01451],[111.53954,-8.01419],[111.53895,-8.01407],[111.53865,-8.01429],[111.53813,-8.01519],[111.53781,-8.01548]],[[111.65595,-7.99177],[111.6556,-7.99125],[111.65494,-7.99155],[111.65453,-7.99191],[111.654,-7.99182],[111.65361,-7.99202],[111.65227,-7.99227],[111.65193,-7.992],[111.65226,-7.9921],[111.65275,-7.99175],[111.65304,-7.99171],[111.65403,-7.99078],[111.65415,-7.99038],[111.65512,-7.99011],[111.65564,-7.98964],[111.65509,-7.98926],[111.65475,-7.98928],[111.65361,-7.98883],[111.6534,-7.98774],[111.65273,-7.98709],[111.65239,-7.98705],[111.65281,-7.98654],[111.65273,-7.98586],[111.65185,-7.98531],[111.65241,-7.98512],[111.65281,-7.98535],[111.65331,-7.98533],[111.65317,-7.98461],[111.65323,-7.98369],[111.65309,-7.98332],[111.65335,-7.98328],[111.65348,-7.98306]],[[111.65623,-7.99438],[111.65587,-7.99421],[111.65505,-7.9944],[111.65442,-7.99429],[111.65571,-7.99336],[111.65603,-7.99324],[111.65622,-7.99331]],[[111.65618,-7.99689],[111.65593,-7.99667],[111.65623,-7.99636],[111.65629,-7.99607]],[[111.6011,-8.01833],[111.60147,-8.01756],[111.60214,-8.01785],[111.6025,-8.01778],[111.60218,-8.01695],[111.60239,-8.01696],[111.6028,-8.01663],[111.60285,-8.01597],[111.6032,-8.01564],[111.60322,-8.01528],[111.60347,-8.01496],[111.60374,-8.01415],[111.60344,-8.0136],[111.60315,-8.01341],[111.60344,-8.0131],[111.60386,-8.01229],[111.60378,-8.01166],[111.60363,-8.01154],[111.60383,-8.0113],[111.60375,-8.01101],[111.60451,-8.01052],[111.60409,-8.00957],[111.60353,-8.00906],[111.60415,-8.00886],[111.60437,-8.00866],[111.60574,-8.00828],[111.60582,-8.00733],[111.60625,-8.00686],[111.60572,-8.00584],[111.60723,-8.00537],[111.6073,-8.00523],[111.60714,-8.00404],[111.60758,-8.0026],[111.60814,-8.00186],[111.60825,-8.00123],[111.6081,-8.00077],[111.60827,-8.00067],[111.60827,-8.00048],[111.60861,-8.0],[111.60876,-7.99955],[111.60865,-7.99876],[111.60834,-7.99795],[111.60814,-7.99776],[111.60781,-7.99784],[111.60809,-7.99679],[111.60878,-7.99742],[111.60995,-7.99793],[111.61066,-7.99857],[111.61111,-7.99949],[111.61094,-7.99963],[111.61111,-7.99988],[111.61226,-8.00046],[111.6131,-8.00113],[111.61382,-8.00123],[111.61198,-8.00228],[111.61124,-8.00245],[111.61174,-8.00279],[111.61179,-8.00448],[111.61253,-8.00526],[111.61301,-8.0048],[111.61349,-8.00525],[111.61435,-8.00453],[111.61501,-8.00512],[111.61478,-8.00543],[111.61434,-8.00558],[111.61426,-8.00586],[111.61367,-8.00648],[111.6142,-8.00694],[111.61434,-8.00729],[111.61511,-8.00773],[111.61388,-8.00856],[111.61333,-8.00874],[111.61352,-8.00944],[111.61349,-8.0103],[111.6136,-8.01055],[111.6126,-8.01167]],[[111.6472,-8.01301],[111.6479,-8.01293],[111.64797,-8.01307],[111.64833,-8.01286],[111.64882,-8.01333],[111.64913,-8.01337],[111.64883,-8.01217],[111.64855,-8.01183],[111.64898,-8.01029],[111.64917,-8.00985],[111.64972,-8.00993],[111.65034,-8.0097],[111.65027,-8.00854],[111.65053,-8.00822],[111.65105,-8.00808],[111.65041,-8.00789],[111.64958,-8.00707],[111.65019,-8.00675],[111.64988,-8.00574],[111.65059,-8.00522],[111.65061,-8.00493],[111.65016,-8.00396],[111.64974,-8.00379],[111.65047,-8.00308],[111.65026,-8.00216],[111.65064,-8.00246],[111.65115,-8.0025],[111.65144,-8.0031],[111.6517,-8.00316],[111.65099,-8.00094],[111.65151,-8.00082],[111.65222,-8.0009],[111.65233,-7.99977],[111.65289,-8.00019],[111.65334,-8.00029],[111.65402,-8.00091],[111.65421,-8.00068],[111.65448,-8.00059]],[[111.62141,-8.00738],[111.62112,-8.007],[111.62161,-8.00635],[111.62126,-8.00558],[111.62152,-8.00498],[111.62112,-8.00416],[111.62057,-8.00375],[111.62151,-8.00365],[111.6225,-8.00321],[111.62326,-8.00182],[111.62343,-8.0017],[111.62344,-8.00227],[111.62374,-8.0031],[111.62446,-8.00288],[111.62432,-8.00317],[111.62439,-8.00354],[111.62473,-8.00412],[111.62542,-8.0048],[111.62606,-8.005],[111.62568,-8.00593],[111.62573,-8.00626],[111.62595,-8.00643],[111.62661,-8.00549],[111.62694,-8.00543],[111.62748,-8.00602],[111.62799,-8.005],[111.62892,-8.00463],[111.62912,-8.00561],[111.62943,-8.00562],[111.62974,-8.00495],[111.63017,-8.00463],[111.63055,-8.00404],[111.63057,-8.0036],[111.63079,-8.00369],[111.63115,-8.00355],[111.63092,-8.00406],[111.63091,-8.0055],[111.63171,-8.00498],[111.63159,-8.00587],[111.63106,-8.00717],[111.63057,-8.00756],[111.63011,-8.0077],[111.63011,-8.00781]],[[111.64076,-8.00479],[111.64071,-8.00406],[111.6415,-8.00423],[111.6419,-8.0041],[111.64213,-8.0039],[111.64212,-8.00353],[111.64255,-8.00388],[111.64261,-8.00436],[111.64272,-8.00444],[111.64393,-8.00464],[111.64489,-8.0043]],[[111.55914,-8.04953],[111.5594,-8.04932],[111.56001,-8.04917],[111.56053,-8.04885],[111.56064,-8.04864],[111.56162,-8.04882],[111.56234,-8.04872],[111.56268,-8.04888],[111.5632,-8.04868],[111.56358,-8.04827],[111.56385,-8.04749],[111.56449,-8.04729],[111.56485,-8.04689],[111.56541,-8.04707],[111.56617,-8.04712],[111.56622,-8.0466],[111.56688,-8.04687],[111.56712,-8.04653],[111.5679,-8.047],[111.56817,-8.04728],[111.56817,-8.04751],[111.5688,-8.04727],[111.56905,-8.04731],[111.57,-8.04679],[111.57028,-8.04696],[111.57083,-8.04703],[111.57172,-8.0467],[111.5719,-8.04674],[111.57214,-8.04485],[111.57201,-8.0415],[111.57209,-8.04028],[111.57152,-8.03935],[111.57186,-8.03924],[111.57198,-8.03887],[111.57193,-8.03852],[111.57233,-8.03795],[111.57181,-8.03761],[111.57146,-8.03668],[111.56933,-8.03493],[111.56909,-8.03405],[111.5681,-8.03427],[111.56755,-8.03374],[111.56644,-8.0339],[111.56569,-8.03366],[111.56543,-8.03386],[111.56449,-8.03337],[111.56426,-8.03309],[111.56374,-8.03359],[111.56308,-8.03332],[111.56164,-8.03371],[111.56091,-8.0331],[111.56078,-8.03248],[111.56087,-8.03217],[111.56022,-8.03176],[111.55981,-8.03181],[111.55942,-8.03146],[111.55869,-8.03122],[111.55866,-8.03108],[111.55989,-8.03123],[111.56103,-8.03161],[111.56112,-8.03151],[111.56151,-8.03151],[111.56149,-8.03207],[111.56162,-8.03251],[111.56195,-8.03234],[111.56268,-8.03231],[111.5643,-8.03193],[111.56462,-8.03211],[111.56538,-8.03219],[111.56631,-8.03222],[111.56653,-8.03211],[111.56751,-8.03246],[111.56889,-8.03134],[111.56904,-8.03069],[111.5699,-8.03095],[111.5705,-8.03037],[111.57071,-8.02997],[111.57075,-8.02982],[111.57045,-8.02916],[111.57021,-8.02887],[111.56985,-8.02869],[111.56938,-8.02781],[111.57019,-8.028],[111.57062,-8.02746],[111.57263,-8.02945],[111.57321,-8.02924],[111.57414,-8.02858],[111.57424,-8.02745],[111.5746,-8.02752],[111.57546,-8.02681],[111.57555,-8.02625],[111.57534,-8.02586],[111.57574,-8.02564],[111.5758,-8.02486],[111.57607,-8.02546],[111.57627,-8.02549],[111.5765,-8.02579],[111.57655,-8.02609],[111.57643,-8.02639],[111.57658,-8.02702],[111.57609,-8.02806],[111.57615,-8.02851],[111.57605,-8.02886],[111.57518,-8.0301],[111.57509,-8.03046],[111.57566,-8.03096],[111.57622,-8.03122],[111.57651,-8.03123],[111.57655,-8.03243],[111.57607,-8.0331],[111.57636,-8.03332],[111.57665,-8.03315],[111.57707,-8.03326],[111.5776,-8.03369],[111.57784,-8.03481],[111.57801,-8.03486],[111.57825,-8.03472]]]}},{"type":"Feature","properties":{"NAMOBJ":"600","REMARK":"Garis Kontur","JNSKNT":1,"VALKNT":600},"geometry":{"type":"MultiLineString","coordinates":[[[111.63569,-7.95587],[111.63562,-7.95587]],[[111.63408,-7.95679],[111.63509,-7.95592],[111.63548,-7.95594],[111.63572,-7.95615],[111.63578,-7.95637],[111.63548,-7.95688],[111.63538,-7.95734],[111.63596,-7.95773],[111.63561,-7.9581],[111.6353,-7.95814],[111.6349,-7.95853],[111.63553,-7.95934],[111.63588,-7.95864],[111.63671,-7.95887],[111.63683,-7.95877],[111.63656,-7.95835],[111.63654,-7.95809],[111.63617,-7.95764],[111.63667,-7.95703],[111.63665,-7.95658],[111.63674,-7.95649],[111.63752,-7.95713],[111.63807,-7.95738],[111.63881,-7.95717]],[[111.65124,-7.96219],[111.65094,-7.96221],[111.65069,-7.9625],[111.64962,-7.96226],[111.64888,-7.96326],[111.64879,-7.96318],[111.64909,-7.96214],[111.64868,-7.96159],[111.64819,-7.96165],[111.64782,-7.96207],[111.64765,-7.96203],[111.64745,-7.96138],[111.64608,-7.96142],[111.64495,-7.96221],[111.64477,-7.96162],[111.64437,-7.96134],[111.64354,-7.96159],[111.64357,-7.96256],[111.6424,-7.96243],[111.64226,-7.96318],[111.64236,-7.96364],[111.64177,-7.96328],[111.64148,-7.96388],[111.64117,-7.96348],[111.64127,-7.96245],[111.64106,-7.96218],[111.64057,-7.96241],[111.6403,-7.96241],[111.64004,-7.96278],[111.63966,-7.96302],[111.63905,-7.96233],[111.63875,-7.96232],[111.63796,-7.96326],[111.63778,-7.9633],[111.63802,-7.96376],[111.63783,-7.96387],[111.63745,-7.96392],[111.6371,-7.96362],[111.63674,-7.96359],[111.63611,-7.96328],[111.63518,-7.96362],[111.63442,-7.96335],[111.63361,-7.96345],[111.63371,-7.96397],[111.63583,-7.96429],[111.63573,-7.96443],[111.63511,-7.96453],[111.63474,-7.96483],[111.63447,-7.96536],[111.63397,-7.96583],[111.63396,-7.96603],[111.6342,-7.96636],[111.63456,-7.96672],[111.636,-7.96656],[111.6358,-7.96695],[111.63606,-7.96761],[111.63653,-7.96782],[111.63697,-7.96778],[111.63709,-7.96802],[111.63775,-7.96843],[111.63779,-7.96876],[111.63616,-7.96915],[111.63614,-7.96962],[111.63641,-7.96997],[111.63736,-7.9704],[111.63774,-7.97074],[111.63843,-7.97075],[111.6386,-7.97144],[111.63943,-7.97163],[111.63885,-7.97186],[111.63879,-7.9721],[111.63807,-7.97204],[111.63691,-7.9723],[111.6363,-7.97206],[111.63576,-7.97208],[111.63502,-7.97264],[111.63426,-7.97246],[111.6339,-7.97224],[111.63333,-7.97262],[111.63159,-7.97256],[111.63088,-7.9728],[111.63006,-7.97271],[111.62971,-7.97338],[111.62905,-7.9733],[111.62789,-7.97357],[111.62781,-7.9744],[111.62825,-7.97497],[111.62871,-7.97519],[111.62962,-7.97519],[111.62946,-7.97586],[111.6295,-7.97628],[111.62967,-7.97635],[111.62962,-7.97692],[111.63061,-7.97699],[111.63104,-7.97761],[111.63116,-7.97696],[111.63142,-7.97655],[111.63175,-7.97674],[111.63237,-7.97746],[111.63255,-7.97703],[111.63332,-7.97638],[111.63347,-7.97649],[111.63383,-7.97626],[111.63389,-7.97524],[111.63371,-7.97511],[111.63424,-7.97422],[111.63511,-7.97414],[111.63534,-7.97398],[111.63546,-7.97403],[111.63546,-7.97462],[111.6356,-7.97485],[111.63546,-7.97513],[111.6355,-7.97624],[111.63643,-7.97652],[111.63672,-7.97649],[111.63698,-7.97691],[111.63607,-7.97782],[111.63506,-7.97772],[111.63307,-7.9795],[111.63336,-7.98005],[111.63383,-7.98054],[111.63296,-7.98109],[111.63272,-7.98139],[111.6327,-7.98218],[111.63249,-7.98238],[111.63257,-7.98272],[111.63368,-7.98241],[111.63399,-7.98144],[111.63448,-7.98075],[111.63498,-7.98033],[111.6357,-7.97847],[111.63676,-7.97796],[111.6371,-7.97806],[111.63743,-7.97784],[111.63767,-7.97791],[111.63782,-7.97874],[111.63742,-7.97962],[111.63747,-7.97975],[111.63814,-7.97889],[111.63887,-7.97883],[111.63936,-7.97814],[111.63966,-7.97935],[111.63947,-7.97997],[111.63981,-7.97964],[111.64006,-7.97906],[111.64073,-7.97905],[111.64109,-7.97874],[111.64107,-7.9784],[111.64062,-7.97783],[111.64076,-7.9775],[111.64128,-7.97758],[111.64186,-7.97784],[111.64199,-7.97777],[111.64204,-7.97879],[111.64246,-7.97959],[111.64337,-7.97876],[111.64346,-7.97799],[111.64377,-7.97759],[111.64366,-7.97688],[111.64425,-7.97667],[111.64459,-7.97636],[111.64542,-7.97616],[111.64541,-7.97566],[111.64486,-7.97543],[111.64501,-7.97466],[111.64513,-7.97478],[111.64514,-7.97532],[111.64603,-7.97515],[111.64628,-7.97558],[111.64596,-7.97535],[111.6456,-7.9754],[111.64559,-7.97556],[111.64593,-7.97595],[111.64593,-7.97621],[111.64503,-7.97696],[111.6451,-7.97766],[111.64432,-7.97873],[111.64434,-7.97947],[111.64363,-7.98073],[111.64346,-7.98137],[111.64422,-7.98151],[111.64484,-7.98127],[111.64539,-7.98133],[111.64547,-7.98189],[111.64497,-7.98247],[111.64519,-7.98302],[111.64493,-7.98324],[111.64469,-7.98389],[111.64483,-7.9848],[111.64461,-7.98543],[111.64465,-7.98562],[111.64484,-7.98561],[111.64525,-7.98486],[111.64606,-7.985],[111.64648,-7.98484],[111.64572,-7.98415],[111.64689,-7.98144],[111.64691,-7.98047],[111.64715,-7.98038],[111.64743,-7.98048],[111.64766,-7.98076],[111.64802,-7.98085],[111.64872,-7.98145],[111.64958,-7.98155],[111.64944,-7.98124],[111.64824,-7.98044],[111.64885,-7.97974],[111.6494,-7.97938],[111.64956,-7.97776],[111.64947,-7.9777],[111.65019,-7.97752],[111.65012,-7.97691],[111.65107,-7.97619],[111.65185,-7.97602],[111.65221,-7.97559],[111.65306,-7.97627],[111.65331,-7.97696],[111.65362,-7.9771],[111.65377,-7.97696],[111.65379,-7.97596],[111.65402,-7.97546],[111.65395,-7.97499],[111.65421,-7.97468],[111.65465,-7.97463],[111.65495,-7.97377],[111.65485,-7.97305],[111.65513,-7.97325],[111.65552,-7.97399],[111.65576,-7.97515],[111.65667,-7.97499],[111.65679,-7.97473],[111.65673,-7.97349],[111.65745,-7.97508],[111.65888,-7.97498],[111.65915,-7.97464],[111.65907,-7.97399],[111.65919,-7.97397],[111.65943,-7.97425],[111.6597,-7.97528],[111.66072,-7.97521],[111.66092,-7.97504],[111.66106,-7.97455],[111.66169,-7.97441],[111.66204,-7.97417],[111.66187,-7.97377]]]}},{"type":"Feature","properties":{"NAMOBJ":"250","REMARK":"Garis Kontur","JNSKNT":1,"VALKNT":250},"geometry":{"type":"MultiLineString","coordinates":[[[111.59246,-7.93448],[111.59231,-7.93469],[111.59205,-7.93476],[111.59086,-7.93447],[111.59063,-7.93474],[111.59005,-7.93484],[111.59,-7.93537],[111.58961,-7.93555],[111.58947,-7.93533],[111.58944,-7.93478],[111.58889,-7.93478],[111.58829,-7.93449],[111.58826,-7.93427],[111.58776,-7.93374],[111.58738,-7.93357],[111.58693,-7.93273],[111.58613,-7.9327],[111.58589,-7.93229],[111.58556,-7.9323],[111.58515,-7.93211],[111.585,-7.93167],[111.58456,-7.93122],[111.58438,-7.93029],[111.58485,-7.93022],[111.58536,-7.93057],[111.58606,-7.93057]],[[111.54012,-8.0083],[111.54046,-8.00787],[111.54039,-8.00741],[111.54081,-8.00723],[111.5412,-8.0068],[111.54095,-8.00655],[111.54058,-8.00532],[111.54062,-8.00454],[111.54035,-8.00416],[111.54046,-8.00384],[111.54085,-8.00354],[111.54132,-8.0023],[111.54099,-8.00152],[111.54107,-8.001],[111.54111,-8.00083],[111.54172,-8.00065],[111.54198,-8.00033],[111.54263,-8.00069],[111.54353,-8.00079],[111.54322,-8.00149],[111.54349,-8.00272],[111.5438,-8.00315],[111.54389,-8.00381],[111.54498,-8.00362],[111.5454,-8.00386],[111.5455,-8.00418],[111.54623,-8.00431],[111.54632,-8.00497],[111.54692,-8.0044],[111.54709,-8.00403],[111.54728,-8.00404],[111.5475,-8.00425],[111.54744,-8.00438],[111.54881,-8.00527],[111.54865,-8.00379],[111.54837,-8.00324],[111.54815,-8.00239],[111.54794,-8.00223],[111.54903,-8.00193],[111.54872,-8.00158],[111.54878,-8.00109],[111.54804,-8.00026],[111.54797,-7.9998],[111.54822,-7.9991],[111.54717,-7.99853],[111.54672,-7.99734],[111.54656,-7.99649],[111.5468,-7.99584],[111.54675,-7.99561],[111.54614,-7.9953],[111.54563,-7.99492],[111.54548,-7.99466],[111.54539,-7.99416],[111.54591,-7.99334],[111.54639,-7.99333],[111.54695,-7.99461],[111.54752,-7.99544],[111.5482,-7.99596],[111.54895,-7.99612],[111.54925,-7.99633],[111.54963,-7.99669],[111.54972,-7.99722],[111.55,-7.99745],[111.55012,-7.99682],[111.5506,-7.99636],[111.55048,-7.996],[111.5501,-7.99572],[111.55012,-7.99504],[111.55044,-7.99459],[111.55036,-7.99296],[111.55099,-7.99293],[111.55107,-7.99339],[111.55187,-7.99448],[111.55236,-7.99412],[111.55261,-7.9942],[111.55284,-7.99337],[111.55353,-7.99336],[111.55391,-7.99308],[111.55378,-7.99269],[111.55298,-7.99201],[111.55292,-7.99175],[111.55417,-7.99141],[111.55488,-7.99151],[111.55545,-7.99133],[111.55542,-7.99112],[111.55476,-7.9904],[111.55441,-7.9897],[111.55301,-7.98923],[111.5528,-7.98886],[111.55281,-7.98843],[111.55258,-7.98847],[111.55192,-7.98787],[111.55166,-7.9879],[111.55123,-7.98708],[111.55143,-7.9864],[111.55112,-7.98634],[111.55083,-7.98647],[111.55054,-7.98634],[111.55036,-7.98542],[111.54964,-7.98554],[111.54913,-7.98489],[111.54843,-7.98463],[111.54895,-7.9841],[111.5486,-7.98339],[111.54858,-7.98283],[111.54904,-7.983],[111.54996,-7.9829],[111.55071,-7.98241],[111.55086,-7.98197],[111.55121,-7.98163],[111.55088,-7.98149],[111.55065,-7.98113],[111.55115,-7.98066],[111.5511,-7.98015],[111.55142,-7.97912],[111.55125,-7.97866],[111.55091,-7.9784],[111.55082,-7.97792],[111.5516,-7.97748],[111.55231,-7.97674],[111.55317,-7.97698],[111.55347,-7.97648],[111.55408,-7.97658],[111.55413,-7.9755],[111.55461,-7.97473],[111.55431,-7.97404],[111.55447,-7.97352],[111.55468,-7.97338],[111.55471,-7.97254],[111.55505,-7.97312],[111.55494,-7.97345],[111.55506,-7.97414],[111.55576,-7.97479],[111.55562,-7.97522],[111.55571,-7.97555],[111.55602,-7.97584],[111.55653,-7.976],[111.5568,-7.97745],[111.55801,-7.97778],[111.5579,-7.97853],[111.55834,-7.97896],[111.55828,-7.97987],[111.55884,-7.9807],[111.55927,-7.98093],[111.55909,-7.98142],[111.55924,-7.98189],[111.55967,-7.98179],[111.5603,-7.98214],[111.56014,-7.98299],[111.56083,-7.98337],[111.56112,-7.98398],[111.56117,-7.98476],[111.56158,-7.98473],[111.56209,-7.98498],[111.56283,-7.98492],[111.56243,-7.98599],[111.56207,-7.98637],[111.56153,-7.98665],[111.56195,-7.98664],[111.5625,-7.98701],[111.56311,-7.98693],[111.56319,-7.98733],[111.56279,-7.98794],[111.56337,-7.98805],[111.56377,-7.98854],[111.56388,-7.98786],[111.56423,-7.98782],[111.56415,-7.98702],[111.56458,-7.98619],[111.5644,-7.98602],[111.56486,-7.98571],[111.5645,-7.98516],[111.56457,-7.98501],[111.56519,-7.98477],[111.56508,-7.98409],[111.5645,-7.98309],[111.56425,-7.98098],[111.5649,-7.98098],[111.56496,-7.98054],[111.5663,-7.97868],[111.56713,-7.97938],[111.56713,-7.97979],[111.56737,-7.9805],[111.56692,-7.98151],[111.56735,-7.98231],[111.56703,-7.9828],[111.56774,-7.98398],[111.56806,-7.98434],[111.56935,-7.98416],[111.57002,-7.98419],[111.56875,-7.9848],[111.56817,-7.98559],[111.56846,-7.98582],[111.56924,-7.98608],[111.56887,-7.98692],[111.56976,-7.98795],[111.56981,-7.98817],[111.56981,-7.98855],[111.56951,-7.98931],[111.56942,-7.99021],[111.569,-7.99113],[111.56913,-7.99129],[111.56979,-7.9915],[111.56917,-7.99172],[111.5691,-7.99224],[111.56976,-7.99212],[111.56991,-7.99221],[111.57009,-7.99209],[111.57044,-7.9924],[111.57054,-7.99225],[111.57075,-7.9923],[111.57101,-7.9917],[111.57145,-7.99121],[111.57203,-7.99205],[111.57245,-7.99116],[111.5728,-7.99098],[111.57334,-7.99085],[111.57357,-7.99104],[111.57394,-7.99108],[111.57397,-7.99126],[111.5748,-7.99094],[111.57552,-7.99104],[111.57614,-7.9908],[111.57646,-7.99168],[111.57656,-7.99321],[111.57624,-7.99418],[111.57585,-7.99434],[111.57647,-7.9944],[111.57652,-7.99477],[111.57649,-7.99524],[111.57625,-7.99556],[111.57619,-7.99597],[111.57598,-7.9961],[111.57802,-7.99598],[111.57798,-7.99605],[111.57884,-7.9969],[111.57879,-7.99775],[111.57894,-7.99781],[111.57891,-7.99797],[111.57876,-7.99822],[111.578,-7.99867],[111.57774,-7.99965],[111.5767,-8.0006],[111.57661,-8.00098],[111.57647,-8.00109],[111.57769,-8.00144],[111.57762,-8.00215],[111.57567,-8.00502],[111.57511,-8.00537],[111.57451,-8.0054],[111.57422,-8.00562],[111.57341,-8.00581],[111.57257,-8.00574],[111.57272,-8.0061],[111.57264,-8.00633],[111.5728,-8.00638],[111.57354,-8.00628],[111.5745,-8.0064],[111.57561,-8.00622],[111.5756,-8.00642],[111.57488,-8.00695],[111.57469,-8.00723],[111.57327,-8.00763],[111.57259,-8.00828],[111.57297,-8.00833],[111.57341,-8.0079],[111.57372,-8.00799],[111.57393,-8.00836],[111.57419,-8.00823],[111.57463,-8.00829],[111.57454,-8.00895],[111.5751,-8.00856],[111.57525,-8.00926],[111.57552,-8.00866],[111.57612,-8.00807],[111.57725,-8.00803],[111.57729,-8.00789],[111.57805,-8.0077],[111.5785,-8.0069],[111.57878,-8.00669],[111.57892,-8.00678],[111.57898,-8.00719],[111.57958,-8.00839],[111.57972,-8.00847],[111.57996,-8.00988],[111.58055,-8.01041],[111.5805,-8.00946],[111.58062,-8.00914],[111.58048,-8.00807],[111.58079,-8.0078],[111.58084,-8.00735],[111.58163,-8.00769],[111.58159,-8.00753],[111.58258,-8.00788],[111.58331,-8.00783],[111.58236,-8.00671],[111.58229,-8.00626],[111.58239,-8.0058],[111.58275,-8.00539],[111.58345,-8.00499],[111.5842,-8.00414],[111.58431,-8.00384],[111.58497,-8.00332],[111.58556,-8.00321],[111.5861,-8.00288],[111.58659,-8.00294],[111.58665,-8.00259],[111.58692,-8.00237],[111.58557,-8.00118],[111.58537,-8.00051],[111.58558,-7.99947],[111.58587,-7.99887],[111.58681,-7.9983],[111.58686,-7.99744],[111.58711,-7.99692],[111.58775,-7.99685],[111.58819,-7.99766],[111.58884,-7.99781],[111.58895,-7.99805],[111.59012,-7.99881],[111.58979,-7.99773],[111.58991,-7.99715],[111.5903,-7.99716],[111.59069,-7.99736],[111.59119,-7.99716],[111.59114,-7.99676],[111.59142,-7.99632],[111.5916,-7.99623],[111.59121,-7.99573],[111.59112,-7.99531],[111.59084,-7.99486],[111.59069,-7.99485],[111.58996,-7.99417],[111.59035,-7.99325],[111.58904,-7.99308],[111.58835,-7.99275],[111.58827,-7.99243],[111.58846,-7.99176],[111.58792,-7.99162],[111.58729,-7.99179],[111.58697,-7.99174],[111.58646,-7.99128],[111.58623,-7.99087],[111.58595,-7.99076],[111.58602,-7.99053],[111.58562,-7.98871],[111.58578,-7.98854],[111.5852,-7.98729],[111.58616,-7.9879],[111.58715,-7.98796],[111.58794,-7.98867],[111.58871,-7.98863],[111.58938,-7.98873],[111.58934,-7.98853],[111.58904,-7.98831],[111.58919,-7.98703],[111.58926,-7.9868],[111.58986,-7.98626],[111.58947,-7.98625],[111.58915,-7.98606],[111.58931,-7.98552],[111.58916,-7.98506],[111.58939,-7.9847],[111.5884,-7.98378],[111.58815,-7.98302],[111.58696,-7.98254],[111.58665,-7.98131],[111.58617,-7.98087],[111.58601,-7.98034],[111.58577,-7.98013],[111.58722,-7.98007],[111.58838,-7.98021],[111.58887,-7.98069],[111.58966,-7.9811],[111.59019,-7.98099],[111.59077,-7.9801],[111.59209,-7.9804],[111.59227,-7.98063],[111.59267,-7.9808],[111.59275,-7.98042],[111.59259,-7.97972],[111.59293,-7.97902],[111.59255,-7.97822],[111.59272,-7.97798],[111.59291,-7.97784],[111.59344,-7.97848],[111.59365,-7.97813],[111.59457,-7.9778],[111.59449,-7.97679],[111.59522,-7.97606],[111.59637,-7.97633],[111.59678,-7.97657],[111.5971,-7.97638],[111.59731,-7.9764],[111.59737,-7.97607],[111.5978,-7.97578],[111.59715,-7.97503],[111.59632,-7.97496],[111.59534,-7.97423],[111.59538,-7.97381],[111.59558,-7.97352],[111.59507,-7.97364],[111.59408,-7.97339],[111.59339,-7.9737],[111.5927,-7.97314],[111.59216,-7.97383],[111.5915,-7.97331],[111.59072,-7.97375],[111.59004,-7.97356],[111.58983,-7.97319],[111.58968,-7.97246],[111.58974,-7.97221],[111.59094,-7.97167],[111.59062,-7.9708],[111.59112,-7.97042],[111.59156,-7.97046],[111.5917,-7.97008],[111.59205,-7.9696],[111.59237,-7.96944],[111.59266,-7.96886],[111.59178,-7.96913],[111.59125,-7.96903],[111.58985,-7.96931],[111.58939,-7.96929],[111.58879,-7.96893],[111.58837,-7.96834],[111.58784,-7.9684],[111.5871,-7.96827],[111.58632,-7.96705],[111.58647,-7.9667],[111.58512,-7.96648],[111.58403,-7.96556],[111.58386,-7.96481],[111.58342,-7.96418],[111.58309,-7.96392],[111.58286,-7.96318],[111.58342,-7.96294],[111.58354,-7.96257],[111.58319,-7.96165],[111.58345,-7.96155],[111.58433,-7.96073],[111.58428,-7.96064],[111.5847,-7.96015],[111.58524,-7.95987],[111.5854,-7.95963],[111.58478,-7.95941],[111.58341,-7.95833],[111.58286,-7.95747],[111.5831,-7.95637],[111.58303,-7.95617],[111.58326,-7.9555],[111.58409,-7.95471],[111.58434,-7.95464],[111.58422,-7.95443],[111.58425,-7.95383],[111.584,-7.95344],[111.58437,-7.95312],[111.58343,-7.95296],[111.58263,-7.95225],[111.58161,-7.95161],[111.58135,-7.95113],[111.57993,-7.95064],[111.57895,-7.94897],[111.57912,-7.94853],[111.57893,-7.94802],[111.57896,-7.94761],[111.57967,-7.94694],[111.57996,-7.94638],[111.58001,-7.9445],[111.57979,-7.94353],[111.58034,-7.94312],[111.57917,-7.94261],[111.57918,-7.94204],[111.57899,-7.9417],[111.57897,-7.94064],[111.57858,-7.93996],[111.57843,-7.93902],[111.57839,-7.93805],[111.57855,-7.9376],[111.57886,-7.93748],[111.57988,-7.93767],[111.58043,-7.93734],[111.58082,-7.93707],[111.58099,-7.93656],[111.58117,-7.93658],[111.58116,-7.93624],[111.58149,-7.93582],[111.58182,-7.93588],[111.58238,-7.9366],[111.58339,-7.93686],[111.58313,-7.93789],[111.5826,-7.93874],[111.58373,-7.93934],[111.5846,-7.94051],[111.58593,-7.94179],[111.58706,-7.94216],[111.58702,-7.94317],[111.58679,-7.94368],[111.58709,-7.94451],[111.58696,-7.94498],[111.5872,-7.94511],[111.58734,-7.94536],[111.58795,-7.94524],[111.5883,-7.94549],[111.58875,-7.94623],[111.58921,-7.94636],[111.58942,-7.94735],[111.59032,-7.9472],[111.59094,-7.94769],[111.59106,-7.94853],[111.59171,-7.9492],[111.59164,-7.94953],[111.5911,-7.94979],[111.59135,-7.95015],[111.59187,-7.95045],[111.59122,-7.95076],[111.59034,-7.95218],[111.59056,-7.95232],[111.59057,-7.95258],[111.59168,-7.95284],[111.59192,-7.9528],[111.59206,-7.95314],[111.59271,-7.95357],[111.59294,-7.95391],[111.59444,-7.95347],[111.59424,-7.95528],[111.59458,-7.95568],[111.59459,-7.95586],[111.59433,-7.95619],[111.59298,-7.95718],[111.59317,-7.95811],[111.59247,-7.95813],[111.59188,-7.95794],[111.59196,-7.95869],[111.59168,-7.95944],[111.5919,-7.9601],[111.59158,-7.96048],[111.59152,-7.96119],[111.59185,-7.96156],[111.5918,-7.96185],[111.59218,-7.96181],[111.59311,-7.9624],[111.59355,-7.96257],[111.59375,-7.9625],[111.59394,-7.96268],[111.5941,-7.96331],[111.59388,-7.96456],[111.59438,-7.9641],[111.59429,-7.96347],[111.59447,-7.96276],[111.59422,-7.96243],[111.59343,-7.96187],[111.59256,-7.96148],[111.59256,-7.96096],[111.59235,-7.96021],[111.59284,-7.95982],[111.59286,-7.95955],[111.59352,-7.95932],[111.59351,-7.95837],[111.59371,-7.95782],[111.59387,-7.95777],[111.5941,-7.95818],[111.59458,-7.95699],[111.59493,-7.95682],[111.59536,-7.957],[111.5955,-7.95649],[111.59529,-7.95534],[111.59616,-7.95542],[111.59659,-7.95521],[111.59697,-7.95526],[111.59742,-7.95508],[111.59697,-7.95499],[111.59689,-7.95486],[111.59635,-7.95505],[111.59547,-7.95492],[111.59517,-7.95408],[111.59521,-7.95345],[111.59538,-7.95324],[111.59519,-7.95256],[111.59518,-7.95184],[111.5949,-7.95181],[111.59444,-7.95199],[111.59384,-7.95261],[111.59349,-7.95253],[111.59346,-7.95215],[111.59372,-7.95144],[111.59381,-7.94985],[111.59346,-7.94893],[111.59378,-7.94827],[111.59314,-7.94804],[111.59325,-7.94779],[111.5931,-7.9472],[111.59317,-7.94705],[111.59268,-7.94667],[111.59242,-7.94678],[111.5923,-7.94629],[111.59255,-7.946],[111.59218,-7.94586],[111.59203,-7.94566],[111.59175,-7.94581],[111.59149,-7.94513],[111.59193,-7.9448],[111.59194,-7.94467],[111.59115,-7.94442],[111.59091,-7.94379],[111.59021,-7.94375],[111.58976,-7.94351],[111.58935,-7.94382],[111.58921,-7.94339],[111.59041,-7.94335],[111.59072,-7.94352],[111.59148,-7.94297],[111.59224,-7.94287],[111.59148,-7.94152],[111.59216,-7.94137],[111.59263,-7.94086],[111.59281,-7.94083],[111.5927,-7.94052],[111.5929,-7.93989],[111.59257,-7.93895],[111.59315,-7.93888],[111.59364,-7.93899],[111.5938,-7.93783],[111.59396,-7.93759],[111.59439,-7.93768],[111.59488,-7.93724],[111.59516,-7.93622],[111.59559,-7.93565],[111.59558,-7.93502],[111.59603,-7.93495],[111.59672,-7.93451],[111.59694,-7.93493],[111.59741,-7.93508],[111.59787,-7.93547],[111.59837,-7.93508],[111.59863,-7.93421],[111.59891,-7.93399],[111.59879,-7.9342],[111.59907,-7.93514],[111.59961,-7.93635],[111.59988,-7.936],[111.60021,-7.93582],[111.60102,-7.93602],[111.60166,-7.93588],[111.60184,-7.93562],[111.60207,-7.93593],[111.60258,-7.93604],[111.60287,-7.93662],[111.60316,-7.93654],[111.60452,-7.93693],[111.60519,-7.93691],[111.60538,-7.93754],[111.60522,-7.93797],[111.60526,-7.9383],[111.60552,-7.93811],[111.60607,-7.93866],[111.60685,-7.93811],[111.60734,-7.93706],[111.6079,-7.9375],[111.60862,-7.93751],[111.60961,-7.93742],[111.61036,-7.93703],[111.61028,-7.93867],[111.60989,-7.93896],[111.60989,-7.93921],[111.60972,-7.93937],[111.61035,-7.93955],[111.61103,-7.93931],[111.61153,-7.94009],[111.61193,-7.94043],[111.61225,-7.94052],[111.61275,-7.9412],[111.61288,-7.941],[111.61288,-7.94011],[111.61277,-7.93945],[111.61236,-7.93898],[111.61234,-7.9385],[111.61363,-7.93719],[111.61397,-7.93766],[111.61442,-7.93796],[111.61517,-7.93877],[111.61559,-7.93887],[111.61565,-7.93861],[111.61605,-7.93821],[111.61708,-7.93814],[111.61746,-7.93903],[111.6176,-7.94002],[111.61786,-7.94007],[111.61806,-7.94027],[111.61806,-7.94065],[111.61836,-7.94056],[111.61851,-7.94092],[111.61902,-7.94095],[111.61863,-7.94028],[111.61858,-7.93934],[111.61876,-7.9388],[111.6196,-7.93917],[111.61972,-7.93904],[111.62102,-7.93922],[111.62148,-7.93948],[111.62197,-7.93928],[111.62224,-7.93943],[111.62242,-7.93988],[111.62397,-7.94039]],[[111.62392,-7.94009],[111.62375,-7.93995]],[[111.62412,-7.94052],[111.62428,-7.94069],[111.62515,-7.94065],[111.62463,-7.94051]],[[111.53404,-8.00012],[111.53461,-7.99962],[111.53518,-7.99982],[111.5361,-7.99983],[111.536,-8.00151],[111.53552,-8.00209],[111.53544,-8.0025],[111.53549,-8.00341],[111.53604,-8.00354],[111.53593,-8.00442],[111.53632,-8.00443],[111.53721,-8.00475],[111.53774,-8.00473],[111.53783,-8.00549]],[[111.65534,-8.00327],[111.65537,-8.00439],[111.65503,-8.00471],[111.65499,-8.0054],[111.65479,-8.00554],[111.65451,-8.00552],[111.6545,-8.00581],[111.65399,-8.00627],[111.65366,-8.00573],[111.65267,-8.00553],[111.65204,-8.00513],[111.65238,-8.00615],[111.65217,-8.00663],[111.65253,-8.00661],[111.65276,-8.0068],[111.65348,-8.00864],[111.65315,-8.0088],[111.65285,-8.00945],[111.65324,-8.01018],[111.65266,-8.01056],[111.65267,-8.01138],[111.65241,-8.01135],[111.65228,-8.01114],[111.65213,-8.01118],[111.65165,-8.01183],[111.65069,-8.01156],[111.65102,-8.01212],[111.65102,-8.01279],[111.65152,-8.01398],[111.6508,-8.01477],[111.65103,-8.01485],[111.65082,-8.01569],[111.65092,-8.01582],[111.6505,-8.01619],[111.65009,-8.01635],[111.64974,-8.01632],[111.64826,-8.01514],[111.64778,-8.01544],[111.64702,-8.01495],[111.64704,-8.01467],[111.6469,-8.01463]],[[111.60662,-8.01588],[111.60652,-8.01579],[111.60671,-8.01535],[111.60603,-8.01589],[111.60614,-8.01659],[111.60666,-8.01672],[111.60683,-8.01704],[111.60687,-8.01853],[111.60673,-8.01905]],[[111.57747,-8.03708],[111.57626,-8.03751],[111.57577,-8.0367],[111.57563,-8.03611],[111.57532,-8.03611],[111.5751,-8.03594],[111.57459,-8.03506],[111.57417,-8.03491],[111.57381,-8.0342],[111.57383,-8.03372],[111.57322,-8.03393],[111.57279,-8.03285],[111.57265,-8.03351],[111.57172,-8.03387],[111.57111,-8.03385],[111.57081,-8.03372],[111.57129,-8.03431],[111.57276,-8.03479],[111.5732,-8.03517],[111.57389,-8.0368],[111.57381,-8.03718],[111.57426,-8.03761],[111.57438,-8.03838],[111.57457,-8.03857],[111.57399,-8.03942],[111.57361,-8.03955],[111.57369,-8.04033],[111.57351,-8.04075],[111.57334,-8.04334],[111.57356,-8.04499],[111.5736,-8.04513],[111.57375,-8.04512]]]}},{"type":"Feature","properties":{"NAMOBJ":"325","REMARK":"Garis Kontur","JNSKNT":2,"VALKNT":325},"geometry":{"type":"LineString","coordinates":[[111.56583,-7.98237],[111.56571,-7.98293],[111.56592,-7.98332],[111.56599,-7.98318],[111.56583,-7.98237]]}},{"type":"Feature","properties":{"NAMOBJ":"687.5","REMARK":"Garis Kontur","JNSKNT":2,"VALKNT":687.5},"geometry":{"type":"LineString","coordinates":[[111.60074,-7.94508],[111.60077,-7.94509],[111.60078,-7.94508],[111.60072,-7.94507],[111.60074,-7.94508]]}},{"type":"Feature","properties":{"NAMOBJ":"437.5","REMARK":"Garis Kontur","JNSKNT":2,"VALKNT":437.5},"geometry":{"type":"MultiLineString","coordinates":[[[111.62734,-7.95655],[111.62721,-7.95714],[111.62695,-7.95705],[111.62596,-7.95732],[111.62621,-7.95697],[111.62542,-7.95617],[111.6246,-7.95488],[111.62405,-7.9546],[111.62329,-7.95447],[111.6224,-7.95488],[111.62168,-7.95503],[111.62151,-7.95475],[111.62112,-7.95456],[111.62079,-7.95386],[111.62036,-7.95328],[111.61986,-7.95311],[111.61989,-7.95252],[111.62009,-7.95199],[111.61977,-7.95164],[111.61984,-7.95151],[111.61969,-7.95108],[111.61924,-7.95041],[111.6179,-7.95069],[111.61725,-7.95044],[111.61595,-7.95061],[111.61515,-7.9517],[111.61457,-7.95149],[111.6141,-7.95152],[111.61344,-7.95116],[111.61293,-7.95183],[111.61264,-7.95189],[111.61238,-7.95215],[111.61228,-7.95141],[111.6126,-7.95097],[111.61259,-7.95072],[111.61281,-7.95035],[111.6128,-7.94994],[111.61253,-7.94958],[111.61224,-7.94961],[111.61183,-7.9506],[111.61161,-7.95076],[111.61138,-7.95067],[111.61071,-7.95089],[111.60922,-7.95092],[111.60922,-7.95069],[111.60944,-7.95041],[111.60921,-7.95031],[111.60904,-7.95],[111.60929,-7.94975],[111.60969,-7.94885],[111.60945,-7.94864],[111.60917,-7.94861],[111.60849,-7.94806],[111.60889,-7.94767],[111.60883,-7.94715],[111.60905,-7.9471],[111.60914,-7.94682],[111.60862,-7.94667],[111.60806,-7.94613],[111.60771,-7.94626],[111.60748,-7.94561],[111.60711,-7.94515],[111.6063,-7.94486],[111.60601,-7.94459],[111.60532,-7.94464],[111.60436,-7.94357],[111.60311,-7.94373],[111.60251,-7.94357],[111.60161,-7.94367],[111.60115,-7.9431],[111.60062,-7.94285],[111.60039,-7.94288],[111.60025,-7.94217],[111.59971,-7.9417],[111.59969,-7.9412],[111.59923,-7.94115],[111.59882,-7.9413],[111.59824,-7.94087],[111.59804,-7.94085],[111.59783,-7.93998],[111.59749,-7.93975],[111.59728,-7.9401],[111.59726,-7.94054],[111.59763,-7.94087],[111.59729,-7.94172],[111.59704,-7.94189],[111.59706,-7.94324],[111.5968,-7.94344],[111.59686,-7.94417],[111.59672,-7.94471],[111.59674,-7.94534],[111.59626,-7.94583],[111.59635,-7.94621],[111.59603,-7.94706],[111.59627,-7.94729],[111.59755,-7.94765],[111.59758,-7.94788],[111.59723,-7.94804],[111.59778,-7.9489],[111.59813,-7.94911],[111.59793,-7.94994],[111.59828,-7.95128],[111.59798,-7.95141],[111.59737,-7.95141],[111.59763,-7.95176],[111.59812,-7.95179],[111.59872,-7.95233],[111.59915,-7.95218],[111.59973,-7.95218],[111.60024,-7.95174],[111.60056,-7.95272],[111.6008,-7.95271],[111.60119,-7.9523],[111.60131,-7.95258],[111.60151,-7.9527],[111.60246,-7.95294],[111.60224,-7.95351],[111.60284,-7.95449],[111.60247,-7.95529],[111.60293,-7.95598],[111.6023,-7.95646],[111.6024,-7.95685],[111.60276,-7.95713],[111.60169,-7.9574],[111.6015,-7.95767],[111.60152,-7.95796],[111.60134,-7.95807],[111.60063,-7.9575],[111.60041,-7.95748],[111.60024,-7.95757],[111.60009,-7.95831],[111.60058,-7.95898],[111.60072,-7.95882],[111.60189,-7.95848],[111.60277,-7.95858],[111.60321,-7.95839],[111.60339,-7.95814],[111.60427,-7.95846],[111.60451,-7.95833],[111.6046,-7.9581],[111.60486,-7.95862],[111.606,-7.95875],[111.60603,-7.95913],[111.60687,-7.95976],[111.60703,-7.95969],[111.6078,-7.96014],[111.60829,-7.95996],[111.60837,-7.96081],[111.60802,-7.96097],[111.60844,-7.9613],[111.60822,-7.96193],[111.60835,-7.96267],[111.60803,-7.96303],[111.60743,-7.96307],[111.60722,-7.96335],[111.60735,-7.96362],[111.60795,-7.96401],[111.60857,-7.96391],[111.60858,-7.96434],[111.60869,-7.96447],[111.60925,-7.9645],[111.60941,-7.96464],[111.60909,-7.96523],[111.60897,-7.96587],[111.60931,-7.9663],[111.60906,-7.96636],[111.60945,-7.96673],[111.60947,-7.96727],[111.60903,-7.96723],[111.60835,-7.96756],[111.6079,-7.96757],[111.60801,-7.96789],[111.60782,-7.96799],[111.607,-7.96812],[111.60628,-7.96792],[111.60619,-7.96808],[111.60585,-7.96808],[111.60556,-7.96836],[111.60567,-7.96845],[111.60627,-7.96838],[111.60692,-7.96882],[111.60726,-7.96936],[111.6079,-7.96986],[111.60871,-7.96885],[111.60886,-7.96901],[111.60973,-7.96891],[111.61033,-7.96915],[111.61055,-7.96937],[111.61056,-7.96976],[111.61069,-7.96973],[111.61074,-7.96949],[111.61103,-7.96967],[111.61073,-7.96992],[111.61068,-7.9706],[111.61135,-7.97126],[111.61119,-7.97146],[111.61127,-7.97263],[111.61191,-7.97293],[111.61228,-7.97279],[111.61262,-7.97237],[111.61343,-7.9723],[111.61384,-7.97254],[111.6131,-7.97274],[111.61286,-7.9734],[111.61284,-7.97391],[111.61258,-7.97396],[111.61249,-7.97371],[111.61212,-7.97364],[111.61124,-7.97425],[111.61045,-7.97455],[111.60972,-7.97432],[111.60957,-7.97324],[111.60926,-7.97329],[111.60859,-7.97412],[111.60835,-7.97421],[111.60841,-7.97393],[111.60885,-7.97356],[111.60884,-7.97333],[111.60895,-7.97325],[111.60888,-7.97181],[111.60871,-7.97154],[111.60833,-7.97175],[111.60669,-7.9719],[111.60633,-7.97183],[111.6058,-7.97125],[111.60508,-7.97141],[111.60416,-7.97133],[111.60352,-7.97158],[111.60297,-7.97156],[111.60333,-7.97147],[111.60243,-7.97118],[111.60185,-7.97121],[111.60144,-7.97161],[111.60067,-7.97159],[111.60036,-7.97141],[111.60119,-7.9699],[111.6016,-7.96972],[111.60149,-7.96898],[111.60087,-7.96956],[111.60009,-7.96976],[111.59931,-7.96915],[111.59903,-7.96877],[111.59862,-7.96864],[111.5984,-7.96933],[111.59798,-7.96954],[111.59825,-7.97046],[111.59819,-7.97083],[111.59701,-7.97137],[111.59724,-7.9713],[111.59825,-7.97162],[111.59857,-7.97185],[111.59877,-7.97244],[111.59904,-7.97276],[111.59941,-7.97283],[111.60005,-7.97249],[111.60042,-7.97263],[111.60076,-7.97344],[111.60151,-7.97334],[111.6021,-7.97342],[111.60311,-7.9736],[111.60408,-7.97399],[111.60502,-7.97396],[111.60539,-7.97422],[111.60491,-7.97525],[111.60518,-7.97571],[111.60541,-7.97578],[111.60574,-7.97651],[111.6063,-7.97687],[111.60622,-7.97734],[111.60588,-7.97783],[111.60726,-7.97846],[111.60788,-7.97961],[111.60641,-7.97973],[111.60658,-7.98057],[111.60615,-7.98085],[111.60586,-7.98081],[111.60529,-7.98031],[111.60464,-7.97999],[111.6045,-7.98057],[111.60466,-7.98149],[111.60456,-7.9816],[111.60459,-7.98203],[111.60491,-7.98267],[111.60577,-7.98232],[111.60636,-7.98243],[111.60601,-7.98297],[111.60591,-7.9836],[111.60621,-7.98438],[111.60706,-7.98513],[111.60648,-7.98559],[111.60597,-7.98557],[111.60559,-7.98487],[111.6048,-7.98464],[111.60431,-7.98418],[111.60382,-7.98449],[111.60353,-7.98492],[111.60337,-7.98491],[111.60313,-7.98424],[111.60325,-7.984],[111.60315,-7.98325],[111.60297,-7.98296],[111.60256,-7.9827],[111.60249,-7.98222],[111.60203,-7.98156],[111.6024,-7.98058],[111.60201,-7.97987],[111.60214,-7.97934],[111.6019,-7.97852],[111.60128,-7.97863],[111.60077,-7.97887],[111.60049,-7.97862],[111.59984,-7.97841],[111.5996,-7.97848],[111.59958,-7.97872],[111.59903,-7.97957],[111.59824,-7.97993],[111.59801,-7.98074],[111.59816,-7.98149],[111.59645,-7.98249],[111.59633,-7.98293],[111.5965,-7.98338],[111.59623,-7.98366],[111.59583,-7.98471],[111.59554,-7.98501],[111.5946,-7.98507],[111.59461,-7.986],[111.59493,-7.9869],[111.59454,-7.98736],[111.59446,-7.98773],[111.5947,-7.98769],[111.59531,-7.98819],[111.59495,-7.98996],[111.59545,-7.98979],[111.59646,-7.9906],[111.59766,-7.9899],[111.59939,-7.99013],[111.60008,-7.99006],[111.59996,-7.99048],[111.60039,-7.99065],[111.60006,-7.99078],[111.5999,-7.9912],[111.59947,-7.99158],[111.59956,-7.99225],[111.59984,-7.99249],[111.59894,-7.9923],[111.59876,-7.99249],[111.59884,-7.99305],[111.59913,-7.99335],[111.59897,-7.99402],[111.59909,-7.99434],[111.59833,-7.99448],[111.59714,-7.99424],[111.59702,-7.99434],[111.59692,-7.99503],[111.59711,-7.99508],[111.59751,-7.99553],[111.59726,-7.99605],[111.59741,-7.9964],[111.5979,-7.99688],[111.59758,-7.99721],[111.59757,-7.99748],[111.59725,-7.99733],[111.59695,-7.99739],[111.59731,-7.9987],[111.59703,-7.99955],[111.59674,-7.99994],[111.59667,-8.00087],[111.5963,-8.0014],[111.59644,-8.00184],[111.5951,-8.00179],[111.5946,-8.00155],[111.59386,-8.00199],[111.59309,-8.00311],[111.59288,-8.00324],[111.59318,-8.00426],[111.59319,-8.00472],[111.59295,-8.00482],[111.59281,-8.00508],[111.59266,-8.0065],[111.59242,-8.00633],[111.59137,-8.00657],[111.59072,-8.00712],[111.58944,-8.00894],[111.58933,-8.00955],[111.58941,-8.01094],[111.58961,-8.01102],[111.58945,-8.01114],[111.5894,-8.01142],[111.58809,-8.01198],[111.58803,-8.01226],[111.58731,-8.01322],[111.58727,-8.01342],[111.58646,-8.01342],[111.58567,-8.01453],[111.58506,-8.01488],[111.58551,-8.01585],[111.58568,-8.01592],[111.58563,-8.01608],[111.58511,-8.01678],[111.58451,-8.01706],[111.58409,-8.01706],[111.58394,-8.01772],[111.58398,-8.0186],[111.58475,-8.01904],[111.58433,-8.01938],[111.58405,-8.01986],[111.58256,-8.01984],[111.58217,-8.02041],[111.58212,-8.02091],[111.58176,-8.02109],[111.58093,-8.02113],[111.58049,-8.02086],[111.58002,-8.02031],[111.57918,-8.0199],[111.57806,-8.01904],[111.57813,-8.01871],[111.57803,-8.01858],[111.57808,-8.01847],[111.57814,-8.01853],[111.5782,-8.018],[111.57805,-8.0177],[111.57799,-8.01681],[111.57761,-8.01647],[111.57752,-8.01616],[111.57658,-8.01682],[111.57542,-8.01693],[111.57491,-8.01739],[111.57471,-8.01731],[111.57443,-8.01746],[111.57412,-8.01681],[111.57382,-8.01653],[111.57355,-8.01557],[111.57262,-8.01632],[111.57244,-8.01616],[111.57163,-8.01632],[111.57114,-8.01628],[111.5704,-8.01598],[111.56987,-8.01554],[111.56895,-8.01522],[111.56818,-8.01539],[111.5681,-8.01644],[111.56743,-8.01619],[111.56751,-8.01695],[111.56729,-8.0178],[111.56742,-8.01837],[111.56763,-8.0186],[111.56713,-8.01881],[111.56732,-8.01944],[111.56717,-8.01952],[111.56672,-8.01928],[111.56667,-8.01983],[111.56638,-8.01957],[111.56604,-8.01952],[111.56613,-8.01872],[111.5655,-8.01803],[111.56538,-8.01722],[111.56454,-8.01606],[111.56381,-8.01644],[111.56308,-8.01733],[111.56244,-8.01702],[111.56236,-8.01682],[111.56161,-8.01726],[111.56162,-8.01747],[111.56133,-8.01782],[111.56123,-8.01755],[111.56093,-8.01731],[111.56049,-8.01728],[111.5608,-8.01683],[111.56083,-8.0164],[111.56107,-8.01624],[111.56174,-8.01515],[111.56221,-8.01484],[111.563,-8.01386],[111.56254,-8.01403],[111.56183,-8.01389],[111.5615,-8.01455],[111.5612,-8.01471],[111.56023,-8.01434],[111.56014,-8.01357],[111.55913,-8.01342],[111.55858,-8.01357],[111.55819,-8.01343],[111.5581,-8.01325],[111.55766,-8.01327],[111.55833,-8.01233],[111.55813,-8.01155],[111.55828,-8.01133],[111.55735,-8.0099],[111.55754,-8.00949],[111.55841,-8.00903],[111.55829,-8.00853],[111.5584,-8.00808],[111.55807,-8.00779],[111.55785,-8.00708],[111.5576,-8.00701],[111.5584,-8.00535],[111.55989,-8.00594],[111.5608,-8.00649],[111.56159,-8.00663],[111.56184,-8.00643],[111.56245,-8.00699],[111.56353,-8.00763],[111.56518,-8.00711],[111.5646,-8.00606],[111.56415,-8.00539],[111.56367,-8.00505],[111.56332,-8.00434],[111.56414,-8.00334],[111.56426,-8.00239],[111.56452,-8.00246],[111.56478,-8.0022],[111.56524,-8.00115],[111.56595,-8.00057],[111.56606,-8.00033],[111.56693,-8.00013],[111.56715,-8.00062],[111.56796,-8.00093],[111.56842,-8.00063],[111.56904,-8.00097],[111.56903,-8.00118],[111.56913,-8.00123],[111.56938,-8.00079],[111.57009,-8.0008],[111.57035,-8.0005],[111.57051,-7.99978],[111.57086,-7.99949],[111.57097,-7.99894],[111.57062,-7.99836],[111.57063,-7.99805],[111.57047,-7.99782],[111.57049,-7.99749],[111.57027,-7.99694],[111.57043,-7.99658],[111.57035,-7.99589],[111.56977,-7.99595],[111.56922,-7.9956],[111.56896,-7.99584],[111.56802,-7.99623],[111.5677,-7.99597],[111.56655,-7.99651],[111.56633,-7.99646],[111.56603,-7.99628],[111.56627,-7.99594],[111.56624,-7.99517],[111.56579,-7.99461],[111.56535,-7.99286],[111.56513,-7.99284],[111.56495,-7.99348],[111.56464,-7.99369],[111.56425,-7.99422],[111.56394,-7.99395],[111.56215,-7.99366],[111.56238,-7.99314],[111.56206,-7.99257],[111.56148,-7.99246],[111.56123,-7.99182],[111.56096,-7.99193],[111.56039,-7.99179],[111.56015,-7.99128],[111.55947,-7.99082],[111.55936,-7.99051],[111.55904,-7.99033],[111.55833,-7.99032],[111.55887,-7.99137],[111.55933,-7.99179],[111.55951,-7.99301],[111.55946,-7.9942],[111.55929,-7.99451],[111.55798,-7.99414],[111.5574,-7.9944],[111.55753,-7.99476],[111.55839,-7.9956],[111.55779,-7.99594],[111.55799,-7.99687],[111.5574,-7.9968],[111.55718,-7.99736],[111.55625,-7.99698],[111.55606,-7.99763],[111.55514,-7.99729],[111.55431,-7.9968],[111.5543,-7.99745],[111.55474,-7.99851],[111.55462,-7.99893],[111.55433,-7.9995],[111.55408,-7.99923],[111.55365,-7.99923],[111.55341,-7.99946],[111.55329,-8.00067],[111.55315,-8.00101],[111.5522,-8.00102],[111.55266,-8.00145],[111.55289,-8.00278],[111.55372,-8.00292],[111.55415,-8.00328],[111.55368,-8.0038],[111.55381,-8.00392],[111.55389,-8.00441],[111.55381,-8.00469],[111.55272,-8.00454],[111.55245,-8.00471],[111.55246,-8.00554],[111.55138,-8.00563],[111.55129,-8.00599],[111.55139,-8.00643],[111.55081,-8.00764],[111.5492,-8.00758],[111.54857,-8.00743],[111.54845,-8.00845],[111.54811,-8.00858],[111.5473,-8.00923],[111.54652,-8.0093],[111.54625,-8.00919],[111.54593,-8.00901],[111.54531,-8.00822],[111.54534,-8.00871],[111.5452,-8.00894],[111.54508,-8.01057],[111.5452,-8.01106],[111.54481,-8.01143],[111.54382,-8.01198],[111.54401,-8.0126],[111.54399,-8.01329],[111.54412,-8.01347],[111.5436,-8.01381],[111.5436,-8.01444],[111.54253,-8.0143],[111.54227,-8.01437],[111.54213,-8.01468],[111.54148,-8.01432],[111.54126,-8.01407],[111.54095,-8.01399],[111.54061,-8.0158],[111.53994,-8.01567],[111.53916,-8.015],[111.53826,-8.01711],[111.53779,-8.01761]],[[111.6479,-8.00987],[111.64801,-8.01011],[111.64844,-8.00948],[111.6484,-8.00934],[111.64866,-8.00905],[111.649,-8.00892],[111.64923,-8.00846],[111.64856,-8.0076],[111.64867,-8.00682],[111.6488,-8.00673],[111.64873,-8.00631],[111.6493,-8.00626],[111.6492,-8.00568],[111.64954,-8.00517],[111.64878,-8.00498],[111.64868,-8.00458],[111.64842,-8.00427],[111.64814,-8.0043],[111.64838,-8.0029],[111.64863,-8.00224],[111.64822,-8.00178],[111.649,-8.0016],[111.64925,-8.00063],[111.64979,-8.00066],[111.6501,-7.99942],[111.65058,-7.99852],[111.65124,-7.99783],[111.65141,-7.99747],[111.65209,-7.99744],[111.65213,-7.99725],[111.65209,-7.99698],[111.6519,-7.99679],[111.65151,-7.99683],[111.65072,-7.99654],[111.65037,-7.99588],[111.64928,-7.99527],[111.64697,-7.99498],[111.64743,-7.99443],[111.64788,-7.99412],[111.6482,-7.99417],[111.64828,-7.99403],[111.64772,-7.99349],[111.64751,-7.99289],[111.64712,-7.99262],[111.64694,-7.99231],[111.64698,-7.99197],[111.64664,-7.99149],[111.64706,-7.99159],[111.64755,-7.9922],[111.64788,-7.99219],[111.64843,-7.99182],[111.64876,-7.99127],[111.64914,-7.99108],[111.64863,-7.99063],[111.6483,-7.99006],[111.64832,-7.98981],[111.64879,-7.99001],[111.64963,-7.98982],[111.64996,-7.98988],[111.65018,-7.9892],[111.65049,-7.98906],[111.6507,-7.98877],[111.65108,-7.98892],[111.65177,-7.98888],[111.65179,-7.98864],[111.65226,-7.9879],[111.65109,-7.98733],[111.65139,-7.98696],[111.65118,-7.98655],[111.65182,-7.98646],[111.65096,-7.98589],[111.6507,-7.98503],[111.65028,-7.98493],[111.6501,-7.98438],[111.65061,-7.98414],[111.65141,-7.98432],[111.65211,-7.9842],[111.65222,-7.98358],[111.65206,-7.98279],[111.65233,-7.98211],[111.65296,-7.98142],[111.6531,-7.9808],[111.65386,-7.98091],[111.65423,-7.98039],[111.65499,-7.98059]],[[111.59845,-8.01841],[111.59905,-8.01775],[111.59905,-8.01761],[111.59985,-8.01707],[111.59999,-8.01679],[111.59996,-8.01644],[111.60107,-8.01638],[111.60167,-8.01565],[111.60113,-8.01496],[111.60126,-8.01422],[111.60111,-8.01365],[111.60109,-8.01275],[111.60064,-8.0121],[111.6011,-8.01155],[111.60126,-8.01068],[111.60123,-8.01019],[111.60092,-8.00949],[111.60156,-8.00922],[111.60203,-8.00926],[111.60161,-8.00864],[111.6016,-8.00827],[111.60252,-8.00791],[111.60282,-8.00767],[111.60283,-8.00713],[111.60368,-8.0064],[111.60363,-8.00624],[111.60407,-8.00516],[111.60405,-8.00476],[111.60485,-8.00462],[111.60522,-8.0035],[111.60561,-8.00332],[111.60605,-8.00291],[111.60627,-8.00138],[111.6062,-8.00036],[111.60671,-7.9999],[111.60671,-7.99872],[111.60649,-7.99847],[111.60695,-7.99776],[111.60683,-7.99706],[111.60715,-7.99607],[111.60698,-7.99585],[111.60724,-7.99451],[111.60749,-7.99407],[111.6074,-7.99369],[111.60748,-7.99389],[111.6079,-7.99409],[111.60768,-7.99479],[111.60772,-7.99511],[111.60833,-7.99543],[111.60915,-7.99548],[111.6093,-7.9951],[111.60917,-7.9948],[111.60926,-7.99465],[111.60968,-7.99471],[111.61022,-7.99443],[111.6105,-7.99446],[111.61091,-7.99429],[111.61246,-7.99465],[111.61197,-7.9948],[111.61129,-7.99463],[111.6109,-7.99506],[111.6116,-7.99602],[111.6117,-7.99684],[111.61212,-7.9971],[111.61224,-7.99733],[111.61218,-7.99754],[111.61175,-7.99779],[111.61202,-7.99941],[111.61267,-7.99959],[111.61233,-8.0],[111.61329,-8.00072],[111.61405,-8.00088],[111.61413,-8.00126],[111.614,-8.00149],[111.61297,-8.00218],[111.61258,-8.00258],[111.61222,-8.00268],[111.61218,-8.00354],[111.61343,-8.00392],[111.61442,-8.00295],[111.61624,-8.00486],[111.61672,-8.00579],[111.61702,-8.0059],[111.61686,-8.00611],[111.61712,-8.00674],[111.61718,-8.00752],[111.61707,-8.00809],[111.61639,-8.00858],[111.61633,-8.00889],[111.61662,-8.00882],[111.61707,-8.00903],[111.6173,-8.00943]],[[111.6194,-8.00823],[111.6183,-8.00784],[111.61813,-8.0081],[111.6181,-8.00855],[111.61825,-8.00881],[111.61774,-8.00844],[111.61768,-8.00794],[111.61791,-8.00733],[111.61814,-8.00715],[111.61777,-8.00694],[111.61792,-8.00588],[111.61833,-8.00588],[111.61873,-8.00569],[111.61951,-8.00589],[111.61871,-8.00513],[111.61872,-8.00483],[111.61924,-8.00447],[111.61872,-8.00411],[111.61879,-8.00375],[111.61802,-8.00313],[111.6178,-8.00278],[111.61848,-8.00163],[111.61889,-8.00143],[111.61887,-8.00118],[111.61961,-8.00122],[111.62015,-8.00086],[111.62069,-8.00138],[111.62158,-8.00072],[111.62233,-8.00044],[111.62242,-8.0003],[111.62288,-8.00072],[111.62315,-8.00026],[111.62346,-8.00056],[111.62376,-8.00017],[111.62407,-8.0002],[111.62448,-8.00063],[111.62439,-8.00165],[111.62549,-8.00144],[111.62608,-8.0007],[111.6261,-8.0013],[111.62626,-8.00151],[111.6257,-8.00226],[111.62595,-8.00271],[111.62596,-8.00337],[111.6269,-8.00368],[111.62776,-8.00327],[111.62808,-8.00347],[111.62856,-8.00291],[111.62877,-8.00233],[111.62914,-8.00287],[111.62989,-8.00331],[111.63016,-8.00245],[111.63044,-8.00206],[111.63088,-8.00276],[111.6323,-8.00222],[111.63239,-8.00165],[111.63265,-8.00193],[111.63323,-8.0019],[111.63347,-8.00185],[111.6336,-8.00142],[111.63386,-8.00178],[111.63418,-8.00195],[111.63347,-8.00217],[111.63238,-8.00313],[111.63281,-8.0041],[111.63276,-8.00433],[111.63242,-8.00453],[111.63245,-8.00503]],[[111.63987,-8.00384],[111.64,-8.00316],[111.63994,-8.00283],[111.64057,-8.00293],[111.64099,-8.00316],[111.64099,-8.00247],[111.64124,-8.00224],[111.64141,-8.00137],[111.64182,-8.00154],[111.64246,-8.00211],[111.64302,-8.0029],[111.64337,-8.00301],[111.64433,-8.00281],[111.64436,-8.00226],[111.64472,-8.00167],[111.64588,-8.00145],[111.64555,-8.00188],[111.64558,-8.00221],[111.64624,-8.0033]],[[111.55347,-8.04742],[111.5541,-8.04797],[111.55442,-8.04783],[111.55532,-8.04816],[111.55611,-8.04796],[111.55625,-8.04858],[111.55671,-8.04887],[111.55674,-8.04905],[111.55712,-8.04909],[111.55766,-8.04796],[111.55841,-8.04778],[111.55868,-8.04754],[111.55907,-8.04774],[111.55983,-8.04777],[111.56028,-8.04763],[111.56107,-8.0478],[111.56179,-8.04767],[111.56221,-8.04677],[111.56214,-8.04645],[111.56228,-8.04625],[111.56285,-8.04617],[111.56368,-8.04633],[111.56419,-8.04598],[111.56478,-8.04586],[111.56449,-8.04534],[111.56358,-8.04459],[111.56335,-8.04421],[111.56417,-8.0441],[111.5658,-8.04426],[111.56625,-8.04444],[111.56711,-8.04417],[111.56759,-8.04527],[111.56812,-8.04507],[111.5687,-8.04542],[111.56948,-8.04561],[111.56993,-8.04535],[111.57018,-8.04576],[111.57083,-8.04601],[111.57116,-8.04569],[111.57146,-8.04411],[111.57142,-8.04304],[111.57112,-8.04185],[111.57109,-8.04108],[111.57119,-8.04089],[111.57083,-8.04031],[111.56991,-8.03996],[111.57012,-8.03947],[111.56991,-8.03876],[111.57009,-8.03851],[111.5703,-8.03773],[111.5698,-8.03701],[111.56888,-8.03652],[111.56887,-8.03624],[111.56839,-8.03567],[111.5672,-8.0361],[111.56671,-8.03613],[111.56666,-8.03583],[111.56632,-8.03578],[111.56678,-8.03522],[111.56669,-8.03476],[111.56602,-8.03481],[111.56532,-8.03508],[111.56467,-8.03478],[111.56432,-8.03506],[111.5636,-8.03486],[111.56297,-8.03404],[111.56266,-8.0346],[111.56221,-8.03497],[111.56191,-8.03576],[111.56149,-8.03596],[111.56142,-8.03558],[111.56114,-8.03547],[111.56064,-8.03566],[111.56055,-8.03433],[111.55952,-8.03346],[111.55916,-8.03355],[111.55901,-8.03311],[111.55855,-8.03265],[111.55856,-8.03237],[111.55813,-8.03249],[111.55794,-8.03312],[111.55757,-8.03348],[111.55721,-8.03359],[111.55661,-8.0335],[111.5564,-8.03372],[111.55608,-8.03327],[111.55547,-8.03291],[111.55644,-8.03241],[111.5565,-8.03221],[111.55604,-8.03079],[111.55534,-8.03019],[111.55579,-8.02998],[111.55561,-8.02949],[111.55419,-8.0285],[111.55435,-8.02839],[111.55539,-8.02844],[111.55563,-8.0283],[111.55552,-8.02756],[111.5552,-8.0268],[111.5549,-8.02629],[111.55436,-8.02588],[111.55416,-8.02536],[111.55481,-8.02525],[111.55485,-8.02563],[111.55511,-8.02592],[111.55543,-8.02602],[111.55595,-8.02642],[111.55626,-8.02678],[111.55644,-8.02725],[111.55728,-8.02617],[111.5577,-8.02635],[111.5574,-8.02681],[111.55747,-8.02808],[111.55796,-8.02867],[111.558,-8.02901],[111.5586,-8.02933],[111.55859,-8.0295],[111.55892,-8.02979],[111.55927,-8.02975],[111.55925,-8.02947],[111.55978,-8.02939],[111.5602,-8.02907],[111.56083,-8.02932],[111.56164,-8.02938],[111.56179,-8.02929],[111.56242,-8.02959],[111.56273,-8.02937],[111.56298,-8.02975],[111.56366,-8.02972],[111.56478,-8.03007],[111.56557,-8.02998],[111.56583,-8.03047],[111.56611,-8.03064],[111.56726,-8.03094],[111.56809,-8.03038],[111.5683,-8.02994],[111.56899,-8.02961],[111.56854,-8.0286],[111.56791,-8.0283],[111.56678,-8.02856],[111.56563,-8.02767],[111.56523,-8.02697],[111.56474,-8.02648],[111.56544,-8.0265],[111.56574,-8.02616],[111.56602,-8.02655],[111.56634,-8.02669],[111.56678,-8.02651],[111.56742,-8.0257],[111.56811,-8.02598],[111.56932,-8.02563],[111.56991,-8.025],[111.56994,-8.02461],[111.57083,-8.02493],[111.57154,-8.02627],[111.57163,-8.02681],[111.57238,-8.02758],[111.57259,-8.02763],[111.57291,-8.02611],[111.5735,-8.02582],[111.57307,-8.02518],[111.57354,-8.02495],[111.57405,-8.02437],[111.57388,-8.02416],[111.57342,-8.02404],[111.5732,-8.02346],[111.57283,-8.02305],[111.57283,-8.02283],[111.5733,-8.02224],[111.57331,-8.02193],[111.57308,-8.02142],[111.57352,-8.02161],[111.57424,-8.02162],[111.57479,-8.02178],[111.57459,-8.02042],[111.575,-8.02021],[111.57535,-8.02017],[111.57654,-8.02045],[111.57806,-8.02035],[111.57899,-8.02101],[111.57927,-8.02193],[111.57956,-8.02214],[111.57895,-8.02228],[111.57797,-8.02285],[111.57789,-8.02303],[111.57815,-8.02382],[111.57849,-8.02412],[111.57792,-8.02585],[111.57849,-8.02665],[111.57839,-8.02732],[111.57862,-8.02855],[111.57856,-8.02907],[111.57814,-8.02947],[111.57822,-8.02966],[111.57833,-8.02957],[111.57887,-8.02971],[111.57942,-8.03028],[111.57899,-8.03092],[111.57843,-8.03217],[111.57907,-8.03329]]]}},{"type":"Feature","properties":{"NAMOBJ":"425","REMARK":"Garis Kontur","JNSKNT":2,"VALKNT":425},"geometry":{"type":"LineString","coordinates":[[111.58276,-7.94363],[111.5828,-7.94428],[111.58307,-7.94474],[111.58304,-7.94511],[111.58279,-7.94563],[111.58281,-7.94607],[111.583,-7.94632],[111.58296,-7.94659],[111.58361,-7.94626],[111.58384,-7.94593],[111.58363,-7.94533],[111.5837,-7.94472],[111.5842,-7.94353],[111.58443,-7.94345],[111.58363,-7.94327],[111.58285,-7.9429],[111.58276,-7.94363]]}},{"type":"Feature","properties":{"NAMOBJ":"525","REMARK":"Garis Kontur","JNSKNT":2,"VALKNT":525},"geometry":{"type":"LineString","coordinates":[[111.61613,-8.0],[111.61625,-7.99963],[111.61682,-7.99919],[111.61692,-7.99832],[111.6166,-7.9983],[111.61612,-7.99797],[111.61433,-7.99755],[111.61396,-7.99768],[111.61354,-7.99813],[111.61345,-7.99881],[111.61361,-8.0],[111.61441,-8.00055],[111.61442,-8.00124],[111.61461,-8.00129],[111.61507,-8.00105],[111.6153,-8.00046],[111.61613,-8.0]]}},{"type":"Feature","properties":{"NAMOBJ":"312.5","REMARK":"Garis Kontur","JNSKNT":2,"VALKNT":312.5},"geometry":{"type":"MultiLineString","coordinates":[[[111.62554,-7.95],[111.62532,-7.94962],[111.62514,-7.94955],[111.62481,-7.94966],[111.62424,-7.95016],[111.62354,-7.95005],[111.62335,-7.94977],[111.6237,-7.94857],[111.62422,-7.94797],[111.62404,-7.94694],[111.62371,-7.94649],[111.6233,-7.9463],[111.62363,-7.9454],[111.62363,-7.94421],[111.62375,-7.944],[111.62434,-7.94367],[111.62473,-7.94306],[111.62456,-7.94263],[111.62387,-7.94234],[111.62305,-7.94162],[111.62216,-7.94117],[111.62173,-7.94059],[111.62116,-7.94068],[111.61998,-7.9403],[111.62051,-7.9408],[111.62083,-7.94084],[111.62118,-7.94113],[111.6212,-7.94289],[111.62107,-7.94325],[111.62086,-7.94341],[111.62085,-7.94367],[111.62059,-7.94357],[111.61992,-7.94377],[111.61983,-7.94341],[111.61941,-7.94333],[111.61861,-7.94373],[111.61827,-7.94376],[111.61793,-7.9437],[111.61748,-7.94324],[111.61687,-7.94365],[111.61649,-7.94366],[111.61626,-7.94359],[111.61622,-7.94344],[111.61642,-7.94329],[111.61647,-7.94295],[111.6168,-7.94244],[111.61635,-7.94179],[111.61632,-7.94098],[111.61606,-7.93991],[111.61633,-7.93955],[111.61583,-7.93992],[111.61499,-7.93962],[111.61453,-7.93932],[111.61404,-7.93922],[111.61391,-7.93906],[111.61434,-7.94066],[111.61439,-7.94138],[111.61431,-7.94165],[111.61397,-7.94166],[111.61422,-7.9419],[111.61436,-7.94261],[111.6142,-7.9427],[111.61411,-7.94315],[111.61369,-7.94381],[111.61271,-7.94422],[111.61274,-7.94452],[111.61227,-7.94521],[111.61208,-7.94492],[111.61178,-7.94477],[111.61149,-7.94507],[111.61123,-7.94459],[111.61124,-7.94425],[111.61063,-7.94411],[111.61026,-7.94361],[111.61021,-7.94335],[111.60971,-7.94311],[111.60922,-7.94156],[111.60944,-7.94073],[111.6088,-7.94108],[111.60846,-7.94094],[111.60856,-7.94048],[111.60842,-7.93969],[111.60875,-7.93904],[111.60899,-7.93884],[111.60894,-7.93876],[111.60854,-7.93878],[111.6082,-7.93916],[111.6076,-7.93929],[111.60678,-7.93997],[111.606,-7.94018],[111.60572,-7.94012],[111.6052,-7.94039],[111.60442,-7.94055],[111.60432,-7.94015],[111.60368,-7.93947],[111.60335,-7.93935],[111.60311,-7.93907],[111.60317,-7.93853],[111.60243,-7.93907],[111.60175,-7.93895],[111.60152,-7.93907],[111.60134,-7.93806],[111.60093,-7.93803],[111.60075,-7.93833],[111.60019,-7.93868],[111.60018,-7.93839],[111.59972,-7.93802],[111.59983,-7.93756],[111.59948,-7.93741],[111.59893,-7.93778],[111.59891,-7.93749],[111.59861,-7.93733],[111.59848,-7.93686],[111.5979,-7.93744],[111.59752,-7.93743],[111.59696,-7.93735],[111.59679,-7.93724],[111.59681,-7.93695],[111.59618,-7.93668],[111.59573,-7.93743],[111.59479,-7.93835],[111.59462,-7.93895],[111.59492,-7.93997],[111.59452,-7.94026],[111.59426,-7.94023],[111.59444,-7.94084],[111.59409,-7.94174],[111.59375,-7.94188],[111.59355,-7.94221],[111.59336,-7.9422],[111.59336,-7.94255],[111.59361,-7.94298],[111.5938,-7.94373],[111.5937,-7.9441],[111.59419,-7.94488],[111.59393,-7.94532],[111.59344,-7.94541],[111.59342,-7.94553],[111.5938,-7.9463],[111.59436,-7.94661],[111.59428,-7.94715],[111.59488,-7.94811],[111.59518,-7.94815],[111.59529,-7.94886],[111.59558,-7.94919],[111.59539,-7.95094],[111.59597,-7.95104],[111.59604,-7.95168],[111.59648,-7.95231],[111.5964,-7.95292],[111.59616,-7.95311],[111.59598,-7.95389],[111.59619,-7.95405],[111.59659,-7.95381],[111.59701,-7.9539],[111.59713,-7.9537],[111.59765,-7.95343],[111.59782,-7.95404],[111.5982,-7.95445],[111.59892,-7.95409],[111.59904,-7.95415],[111.59902,-7.9546],[111.59951,-7.95465],[111.5993,-7.95512],[111.59936,-7.95561],[111.59884,-7.95587],[111.59881,-7.95618],[111.5985,-7.95665],[111.59709,-7.95592],[111.59626,-7.95621],[111.59635,-7.95709],[111.59672,-7.95764],[111.59728,-7.95798],[111.59693,-7.95815],[111.59531,-7.95793],[111.59509,-7.95836],[111.59552,-7.959],[111.59548,-7.96044],[111.59528,-7.96065],[111.59364,-7.96079],[111.59429,-7.96103],[111.59496,-7.96159],[111.59528,-7.96153],[111.59601,-7.96169],[111.59642,-7.96214],[111.59579,-7.96256],[111.59618,-7.96324],[111.59519,-7.96389],[111.59504,-7.9645],[111.59513,-7.96527],[111.5953,-7.96542],[111.59574,-7.96563],[111.59625,-7.96545],[111.59672,-7.96456],[111.59704,-7.96508],[111.59723,-7.96513],[111.59768,-7.96503],[111.59856,-7.96458],[111.59886,-7.96478],[111.59912,-7.96475],[111.60011,-7.96376],[111.60018,-7.96351],[111.60041,-7.96348],[111.60091,-7.9637],[111.60062,-7.96383],[111.60066,-7.96521],[111.60141,-7.96518],[111.60256,-7.96552],[111.6033,-7.96545],[111.60341,-7.96578],[111.6033,-7.96606],[111.60309,-7.9662],[111.60318,-7.96672],[111.6034,-7.96698],[111.60321,-7.96724],[111.60284,-7.96643],[111.60229,-7.96616],[111.60157,-7.96627],[111.6012,-7.96688],[111.60079,-7.96713],[111.60033,-7.96706],[111.60011,-7.96728],[111.59975,-7.96702],[111.5996,-7.96654],[111.59901,-7.96696],[111.59886,-7.96676],[111.5984,-7.96663],[111.59758,-7.96757],[111.59727,-7.96772],[111.59723,-7.9679],[111.59702,-7.96779],[111.59631,-7.96828],[111.59595,-7.96797],[111.59553,-7.96836],[111.59434,-7.96795],[111.59479,-7.96915],[111.5956,-7.9699],[111.59483,-7.96976],[111.59443,-7.97005],[111.59406,-7.97014],[111.59338,-7.96984],[111.59342,-7.97093],[111.59288,-7.97061],[111.59297,-7.9715],[111.59238,-7.97174],[111.59247,-7.97224],[111.59284,-7.97218],[111.59342,-7.97248],[111.59378,-7.9719],[111.59513,-7.97257],[111.59614,-7.97277],[111.59671,-7.9726],[111.5975,-7.97313],[111.59684,-7.97338],[111.59639,-7.97378],[111.59648,-7.97396],[111.59712,-7.97418],[111.59726,-7.9744],[111.59778,-7.97465],[111.59808,-7.97519],[111.59903,-7.9751],[111.5998,-7.97519],[111.59997,-7.97534],[111.59974,-7.97556],[111.59982,-7.97594],[111.5993,-7.9761],[111.59904,-7.97639],[111.59903,-7.97689],[111.59872,-7.97668],[111.59862,-7.97673],[111.59799,-7.97798],[111.59781,-7.9779],[111.59699,-7.97811],[111.59655,-7.97785],[111.59617,-7.97788],[111.59633,-7.97768],[111.59588,-7.9774],[111.59568,-7.97786],[111.59583,-7.97892],[111.59519,-7.9794],[111.59377,-7.98017],[111.5938,-7.98047],[111.59405,-7.98079],[111.59376,-7.98196],[111.59396,-7.98261],[111.59359,-7.98276],[111.59318,-7.98248],[111.5927,-7.98244],[111.59208,-7.9828],[111.59163,-7.98333],[111.59055,-7.98347],[111.59126,-7.9841],[111.59134,-7.98455],[111.59226,-7.98607],[111.59256,-7.98612],[111.59219,-7.98622],[111.59176,-7.98682],[111.59149,-7.98815],[111.59179,-7.98897],[111.59233,-7.98967],[111.59109,-7.99016],[111.59068,-7.99049],[111.58974,-7.99078],[111.58978,-7.99168],[111.59112,-7.99178],[111.5916,-7.99163],[111.59189,-7.99183],[111.59213,-7.99326],[111.5919,-7.99424],[111.59203,-7.99472],[111.59249,-7.9946],[111.59321,-7.99466],[111.59342,-7.99514],[111.59433,-7.9951],[111.594,-7.9962],[111.5943,-7.99681],[111.59455,-7.99704],[111.59412,-7.99742],[111.59403,-7.99871],[111.59385,-7.99841],[111.59328,-7.99807],[111.59326,-7.99891],[111.59305,-7.99927],[111.59252,-7.99968],[111.59151,-7.99963],[111.59107,-8.00056],[111.59012,-8.00032],[111.58937,-8.00031],[111.58862,-7.99968],[111.58821,-7.99964],[111.58776,-8.00015],[111.58723,-8.00035],[111.58718,-8.00056],[111.58754,-8.00085],[111.58811,-8.00107],[111.58915,-8.00205],[111.58991,-8.0023],[111.58995,-8.00291],[111.5892,-8.00306],[111.58913,-8.00366],[111.5883,-8.00413],[111.58816,-8.00473],[111.58712,-8.00535],[111.58622,-8.00625],[111.58461,-8.00647],[111.58483,-8.00677],[111.58477,-8.00728],[111.58512,-8.00775],[111.58541,-8.00865],[111.58594,-8.00894],[111.58691,-8.00989],[111.58499,-8.00996],[111.58468,-8.01052],[111.58471,-8.01084],[111.58411,-8.01056],[111.58384,-8.01022],[111.58349,-8.01038],[111.58205,-8.01053],[111.58253,-8.01143],[111.58265,-8.01242],[111.58189,-8.01252],[111.5819,-8.01316],[111.5817,-8.01366],[111.5805,-8.01483],[111.58031,-8.0157],[111.57987,-8.01486],[111.57977,-8.01417],[111.57984,-8.01361],[111.57951,-8.01298],[111.57978,-8.0118],[111.5784,-8.01053],[111.57848,-8.0099],[111.57826,-8.00933],[111.57681,-8.00984],[111.57681,-8.01081],[111.57642,-8.01202],[111.57607,-8.01254],[111.57609,-8.01291],[111.57556,-8.01256],[111.57427,-8.01239],[111.57418,-8.0122],[111.57398,-8.01214],[111.57394,-8.01187],[111.57309,-8.01148],[111.57253,-8.01214],[111.57211,-8.01225],[111.57195,-8.01151],[111.57151,-8.01171],[111.57046,-8.01171],[111.56885,-8.01195],[111.56807,-8.01239],[111.5668,-8.01251],[111.5664,-8.01232],[111.56631,-8.01249],[111.56574,-8.01276],[111.56511,-8.01195],[111.56444,-8.01186],[111.56396,-8.01111],[111.56351,-8.01127],[111.56305,-8.01037],[111.56255,-8.01079],[111.56223,-8.01077],[111.56252,-8.01025],[111.56217,-8.00982],[111.56258,-8.01004],[111.56286,-8.00994],[111.56338,-8.01002],[111.56443,-8.00954],[111.56579,-8.00911],[111.56716,-8.00826],[111.56793,-8.00736],[111.56867,-8.00677],[111.56784,-8.00618],[111.5677,-8.00514],[111.56748,-8.00465],[111.56717,-8.00449],[111.56733,-8.00415],[111.56715,-8.00297],[111.56756,-8.00316],[111.56775,-8.00311],[111.56775,-8.00328],[111.56797,-8.0034],[111.56814,-8.00338],[111.56818,-8.00314],[111.56874,-8.00311],[111.56886,-8.00338],[111.5697,-8.00374],[111.57021,-8.00362],[111.57037,-8.00339],[111.57105,-8.00394],[111.5719,-8.00301],[111.57252,-8.00342],[111.57354,-8.00373],[111.5744,-8.00324],[111.57539,-8.00208],[111.57515,-8.00174],[111.57466,-8.00143],[111.57395,-8.00053],[111.57395,-7.99991],[111.57413,-7.99956],[111.5744,-7.99965],[111.57549,-7.99956],[111.57594,-7.99876],[111.57605,-7.99777],[111.57593,-7.99751],[111.57462,-7.99763],[111.5742,-7.99733],[111.57402,-7.99709],[111.57403,-7.9968],[111.5745,-7.99589],[111.57404,-7.9954],[111.57399,-7.99513],[111.57347,-7.99488],[111.5744,-7.99384],[111.57479,-7.9936],[111.57492,-7.99262],[111.57455,-7.9927],[111.57444,-7.99262],[111.57359,-7.99295],[111.57309,-7.99286],[111.57278,-7.9933],[111.5721,-7.99362],[111.57152,-7.99327],[111.57107,-7.9936],[111.57039,-7.99374],[111.57004,-7.99338],[111.56994,-7.99347],[111.56923,-7.99341],[111.56845,-7.99403],[111.56773,-7.99413],[111.56737,-7.99369],[111.56694,-7.99242],[111.56726,-7.99152],[111.56726,-7.99092],[111.56813,-7.98984],[111.56793,-7.98966],[111.56785,-7.98928],[111.56846,-7.98841],[111.56777,-7.98768],[111.56725,-7.9869],[111.56752,-7.98648],[111.56684,-7.98617],[111.56686,-7.98518],[111.56647,-7.98441],[111.56645,-7.984],[111.56599,-7.98271],[111.56612,-7.98224],[111.56583,-7.98173],[111.56549,-7.98239],[111.56547,-7.98289],[111.56576,-7.98328],[111.56635,-7.98468],[111.56619,-7.98516],[111.56592,-7.98535],[111.56607,-7.98602],[111.5656,-7.98658],[111.5655,-7.98697],[111.56553,-7.98919],[111.56519,-7.9893],[111.56526,-7.98973],[111.56495,-7.99062],[111.56435,-7.99098],[111.56417,-7.99137],[111.56357,-7.99163],[111.56295,-7.99088],[111.56303,-7.98969],[111.56274,-7.9892],[111.56187,-7.98917],[111.56124,-7.98949],[111.56102,-7.98821],[111.56105,-7.98808],[111.5612,-7.98815],[111.56112,-7.98776],[111.56089,-7.98764],[111.56072,-7.9878],[111.55977,-7.98745],[111.55998,-7.98722],[111.5599,-7.98691],[111.56021,-7.98643],[111.55997,-7.98585],[111.56001,-7.98422],[111.5597,-7.98377],[111.55905,-7.98333],[111.55897,-7.98286],[111.55813,-7.98224],[111.55774,-7.98173],[111.55732,-7.97982],[111.55707,-7.9797],[111.55706,-7.97912],[111.55672,-7.97895],[111.55665,-7.97843],[111.556,-7.97786],[111.55568,-7.97706],[111.55542,-7.97696],[111.55502,-7.97613],[111.55473,-7.97723],[111.55409,-7.97742],[111.55371,-7.97832],[111.55303,-7.9785],[111.55241,-7.97841],[111.55221,-7.97854],[111.55213,-7.97882],[111.55227,-7.97999],[111.55322,-7.98155],[111.55258,-7.98176],[111.55208,-7.98245],[111.55202,-7.98271],[111.55135,-7.98321],[111.55087,-7.98385],[111.55092,-7.98432],[111.55122,-7.98539],[111.55168,-7.98572],[111.55188,-7.98558],[111.55219,-7.98574],[111.55218,-7.98684],[111.55256,-7.98709],[111.55261,-7.98728],[111.55285,-7.98723],[111.55346,-7.98739],[111.55409,-7.98704],[111.55427,-7.98797],[111.55531,-7.98869],[111.55553,-7.98859],[111.55655,-7.99042],[111.55649,-7.99072],[111.55682,-7.9912],[111.55676,-7.99183],[111.55709,-7.99249],[111.55673,-7.99261],[111.55594,-7.99228],[111.55543,-7.99286],[111.55479,-7.99245],[111.5545,-7.99251],[111.55514,-7.99357],[111.55514,-7.99382],[111.55558,-7.99439],[111.55554,-7.99456],[111.55513,-7.99461],[111.55502,-7.99505],[111.55444,-7.99425],[111.5542,-7.99416],[111.55366,-7.99444],[111.55331,-7.99428],[111.55274,-7.9948],[111.55281,-7.99525],[111.55251,-7.99576],[111.55144,-7.99559],[111.55192,-7.99683],[111.55178,-7.99724],[111.55184,-7.99787],[111.55114,-7.99827],[111.55121,-7.99895],[111.55091,-7.99906],[111.55084,-7.99927],[111.55035,-7.99936],[111.5501,-7.99964],[111.54985,-7.99969],[111.5494,-7.99917],[111.54926,-7.99856],[111.54881,-7.99779],[111.54882,-7.99735],[111.54778,-7.99718],[111.54827,-7.9979],[111.54881,-7.99812],[111.5494,-7.99941],[111.54924,-7.99979],[111.54953,-8.00025],[111.55009,-8.00056],[111.55073,-8.00152],[111.55048,-8.00198],[111.55083,-8.00227],[111.55069,-8.00236],[111.55069,-8.00258],[111.55108,-8.0031],[111.55066,-8.00313],[111.5504,-8.0033],[111.54961,-8.00319],[111.54937,-8.00332],[111.54942,-8.00344],[111.55023,-8.0038],[111.55083,-8.00456],[111.55019,-8.00448],[111.54963,-8.00473],[111.54986,-8.00522],[111.54989,-8.00564],[111.54959,-8.00644],[111.54915,-8.00619],[111.54894,-8.00588],[111.54841,-8.00622],[111.5475,-8.0054],[111.54713,-8.00598],[111.54692,-8.00714],[111.54636,-8.00658],[111.54538,-8.00607],[111.54538,-8.00561],[111.54461,-8.00542],[111.54437,-8.00481],[111.54359,-8.00545],[111.54327,-8.00492],[111.54295,-8.00397],[111.54246,-8.00345],[111.54229,-8.00197],[111.54238,-8.00151],[111.54211,-8.00147],[111.54211,-8.00217],[111.54184,-8.00338],[111.54201,-8.00498],[111.5426,-8.00568],[111.54271,-8.00598],[111.54365,-8.00678],[111.54322,-8.00702],[111.54344,-8.00797],[111.54283,-8.00805],[111.54294,-8.00927],[111.54262,-8.00913],[111.54216,-8.00923],[111.5418,-8.00945],[111.54178,-8.0097],[111.54155,-8.00999],[111.54152,-8.01059],[111.54191,-8.01137],[111.54178,-8.0118],[111.54161,-8.01192],[111.54157,-8.01181],[111.54072,-8.01167],[111.5396,-8.01183],[111.53945,-8.01198],[111.53937,-8.01274],[111.53921,-8.01267],[111.53918,-8.01246],[111.53898,-8.01255]],[[111.62567,-7.94924],[111.62565,-7.94999]],[[111.647,-8.01402],[111.64714,-8.01369],[111.64788,-8.01422],[111.64838,-8.01401],[111.64883,-8.01465],[111.64991,-8.01525],[111.65001,-8.01434],[111.65029,-8.01408],[111.64996,-8.0131],[111.65,-8.01247],[111.64986,-8.01211],[111.64953,-8.01188],[111.64986,-8.01135],[111.64988,-8.01065],[111.65064,-8.01058],[111.65118,-8.01069],[111.6516,-8.01033],[111.6518,-8.00984],[111.65145,-8.00946],[111.65163,-8.00869],[111.65231,-8.00836],[111.65211,-8.00767],[111.65149,-8.00729],[111.65082,-8.00719],[111.65101,-8.00663],[111.6508,-8.00613],[111.65145,-8.00588],[111.65106,-8.00369],[111.65161,-8.00386],[111.65256,-8.00465],[111.65314,-8.00469],[111.65315,-8.0043],[111.65339,-8.00415],[111.65358,-8.0042],[111.65353,-8.00365],[111.65438,-8.00296],[111.65425,-8.00249],[111.65441,-8.00226],[111.65439,-8.00172]],[[111.6032,-8.01859],[111.60384,-8.01844],[111.60529,-8.01869],[111.60599,-8.01843],[111.60587,-8.01763],[111.60528,-8.0176],[111.60468,-8.0172],[111.60512,-8.01694],[111.60516,-8.01672],[111.60477,-8.0164],[111.60416,-8.0154],[111.60452,-8.01504],[111.60491,-8.01415],[111.60505,-8.01374],[111.60501,-8.01336],[111.60565,-8.01308],[111.60539,-8.01215],[111.60504,-8.01154],[111.60618,-8.01139],[111.6067,-8.01098],[111.60678,-8.01074],[111.60662,-8.01071],[111.60596,-8.00976],[111.60684,-8.0099],[111.60765,-8.00983],[111.60743,-8.00939],[111.60747,-8.0088],[111.60793,-8.0077],[111.60795,-8.00707],[111.60816,-8.00707],[111.6088,-8.0065],[111.60885,-8.00617],[111.60935,-8.0059],[111.60975,-8.005],[111.60974,-8.00394],[111.61017,-8.00475],[111.61024,-8.0059],[111.61113,-8.00629],[111.61133,-8.0066],[111.61077,-8.00646],[111.61051,-8.00656],[111.60945,-8.00816],[111.60937,-8.00846],[111.60945,-8.00857],[111.60928,-8.00867],[111.60936,-8.00889],[111.60981,-8.00917],[111.6106,-8.01021],[111.60985,-8.01043],[111.60853,-8.01181],[111.60923,-8.01257],[111.60861,-8.01317],[111.60872,-8.01361],[111.60865,-8.01425],[111.60802,-8.01452],[111.60833,-8.01518],[111.60792,-8.01551]],[[111.64145,-8.00534],[111.64145,-8.00534]],[[111.6242,-8.00731],[111.62469,-8.00801],[111.62587,-8.00861],[111.62601,-8.00879],[111.62626,-8.00877],[111.62698,-8.00852],[111.62709,-8.00774],[111.62696,-8.00734],[111.62765,-8.00735],[111.62878,-8.00678],[111.62892,-8.00652],[111.62982,-8.0061],[111.63011,-8.00582],[111.63034,-8.00632],[111.63084,-8.00647],[111.63058,-8.0066],[111.62984,-8.00654],[111.62952,-8.00671],[111.62954,-8.00687],[111.62913,-8.00741],[111.62911,-8.00794],[111.62859,-8.00842],[111.62843,-8.00903],[111.62852,-8.0092]],[[111.56665,-8.04843],[111.5668,-8.04835],[111.56717,-8.04847],[111.56736,-8.04837],[111.56758,-8.04861],[111.56855,-8.04869],[111.56905,-8.04847],[111.56938,-8.04817],[111.56984,-8.04811],[111.57029,-8.0477],[111.57109,-8.0478],[111.5726,-8.04737],[111.57284,-8.04681],[111.57293,-8.04524],[111.57264,-8.04303],[111.57281,-8.04097],[111.57302,-8.03994],[111.573,-8.03935],[111.5729,-8.03928],[111.57361,-8.03851],[111.57342,-8.03822],[111.57351,-8.03777],[111.57307,-8.03766],[111.57282,-8.0374],[111.57281,-8.0367],[111.57251,-8.03578],[111.57082,-8.03493],[111.5705,-8.0346],[111.57003,-8.03388],[111.56995,-8.03308],[111.5695,-8.03271],[111.56942,-8.03246],[111.56966,-8.0324],[111.56976,-8.03219],[111.5699,-8.03227],[111.57049,-8.03265],[111.57054,-8.03306],[111.57093,-8.03337],[111.57203,-8.03322],[111.57235,-8.03255],[111.57268,-8.03237],[111.57284,-8.03201],[111.57294,-8.03227],[111.57453,-8.03264],[111.57492,-8.03258],[111.57464,-8.03317],[111.5748,-8.03364],[111.57545,-8.03447],[111.57536,-8.03492],[111.57607,-8.03534],[111.57654,-8.03587],[111.57703,-8.03617],[111.57764,-8.03572]]]}},{"type":"Feature","properties":{"NAMOBJ":"637.5","REMARK":"Garis Kontur","JNSKNT":2,"VALKNT":637.5},"geometry":{"type":"LineString","coordinates":[[111.64691,-7.97771],[111.64675,-7.97855],[111.64661,-7.97866],[111.64588,-7.97872],[111.64542,-7.97914],[111.64524,-7.97961],[111.64529,-7.97984],[111.64679,-7.97918],[111.64774,-7.97921],[111.64825,-7.9788],[111.64878,-7.97809],[111.64945,-7.97624],[111.64874,-7.97635],[111.6482,-7.97709],[111.64704,-7.97736],[111.64691,-7.97771]]}},{"type":"Feature","properties":{"NAMOBJ":"562.5","REMARK":"Garis Kontur","JNSKNT":2,"VALKNT":562.5},"geometry":{"type":"LineString","coordinates":[[111.56891,-8.01922],[111.56893,-8.01909],[111.56877,-8.01942],[111.56891,-8.01922]]}},{"type":"Feature","properties":{"NAMOBJ":"750","REMARK":"Garis Kontur","JNSKNT":1,"VALKNT":750},"geometry":{"type":"MultiLineString","coordinates":[[[111.54037,-8.04217],[111.5413,-8.04175],[111.54156,-8.04128],[111.54178,-8.04144],[111.54205,-8.04129],[111.54211,-8.04082],[111.54178,-8.04038],[111.54246,-8.04013],[111.5427,-8.04019],[111.54282,-8.03997],[111.54331,-8.04005],[111.54392,-8.04095],[111.54442,-8.0411],[111.54455,-8.041],[111.54438,-8.0401],[111.54391,-8.03996],[111.54344,-8.03951],[111.54282,-8.03839],[111.5427,-8.03766],[111.54233,-8.03724],[111.54368,-8.03731],[111.54404,-8.03715],[111.54417,-8.03681],[111.54414,-8.03627],[111.54364,-8.03584],[111.54265,-8.03543],[111.54223,-8.03548],[111.54247,-8.03495],[111.54223,-8.03448],[111.54278,-8.03403],[111.54297,-8.03313],[111.54339,-8.03222],[111.54326,-8.03044],[111.54341,-8.02953],[111.54268,-8.02906],[111.54172,-8.02876],[111.54232,-8.02767],[111.54213,-8.02663],[111.54162,-8.02617],[111.54285,-8.02538],[111.54223,-8.0241],[111.54201,-8.02321],[111.54166,-8.02318],[111.54128,-8.02278],[111.54061,-8.02156],[111.54077,-8.02131],[111.54121,-8.02108],[111.54203,-8.01949],[111.54109,-8.01927],[111.5412,-8.01957],[111.54102,-8.02066],[111.54074,-8.02102],[111.53999,-8.02162],[111.53905,-8.02201],[111.53826,-8.02199],[111.53714,-8.02272]],[[111.53969,-8.04215],[111.54001,-8.04204],[111.54018,-8.04214]]]}},{"type":"Feature","properties":{"NAMOBJ":"612.5","REMARK":"Garis Kontur","JNSKNT":2,"VALKNT":612.5},"geometry":{"type":"LineString","coordinates":[[111.62868,-7.96014],[111.62807,-7.96055],[111.62778,-7.96045],[111.62732,-7.96062],[111.62776,-7.96127],[111.62891,-7.96081],[111.62981,-7.96112],[111.62986,-7.96072],[111.63038,-7.96043],[111.63041,-7.95994],[111.62989,-7.95999],[111.62947,-7.96024],[111.62868,-7.96014]]}},{"type":"Feature","properties":{"NAMOBJ":"575","REMARK":"Garis Kontur","JNSKNT":2,"VALKNT":575},"geometry":{"type":"LineString","coordinates":[[111.59034,-8.01949],[111.59003,-8.01886],[111.58985,-8.01878],[111.58984,-8.01837],[111.58933,-8.01815],[111.58859,-8.01749],[111.58851,-8.01685],[111.58777,-8.01787],[111.58851,-8.01821],[111.58881,-8.01934],[111.58845,-8.02009],[111.58839,-8.0209],[111.58797,-8.02221]]}},{"type":"Feature","properties":{"NAMOBJ":"575","REMARK":"Garis Kontur","JNSKNT":2,"VALKNT":575},"geometry":{"type":"LineString","coordinates":[[111.59426,-8.01109],[111.59448,-8.01129],[111.59501,-8.01134],[111.59513,-8.01121],[111.59514,-8.01071],[111.5944,-8.01049],[111.59426,-8.01109]]}},{"type":"Feature","properties":{"NAMOBJ":"587.5","REMARK":"Garis Kontur","JNSKNT":2,"VALKNT":587.5},"geometry":{"type":"LineString","coordinates":[[111.64818,-7.9987],[111.64849,-7.99872],[111.64841,-7.99846],[111.64863,-7.99823],[111.64828,-7.99808],[111.64799,-7.99832],[111.64809,-7.99861],[111.64785,-7.999],[111.64818,-7.9987]]}},{"type":"Feature","properties":{"NAMOBJ":"600","REMARK":"Garis Kontur","JNSKNT":1,"VALKNT":600},"geometry":{"type":"LineString","coordinates":[[111.62876,-7.97129],[111.62854,-7.97171],[111.62866,-7.97192],[111.62969,-7.9722],[111.62975,-7.97206],[111.62934,-7.97196],[111.62876,-7.97129]]}},{"type":"Feature","properties":{"NAMOBJ":"787.5","REMARK":"Garis Kontur","JNSKNT":2,"VALKNT":787.5},"geometry":{"type":"LineString","coordinates":[[111.53959,-8.04111],[111.53993,-8.04098],[111.54071,-8.04145],[111.54106,-8.04141],[111.54135,-8.04074],[111.54152,-8.04067],[111.54127,-8.04002],[111.54181,-8.03989],[111.54229,-8.03946],[111.54239,-8.03917],[111.54216,-8.03824],[111.54194,-8.03773],[111.54138,-8.037],[111.54267,-8.03662],[111.54357,-8.03659],[111.54357,-8.03638],[111.54318,-8.03607],[111.5415,-8.0357],[111.54197,-8.03503],[111.54178,-8.03419],[111.54216,-8.03403],[111.5424,-8.03283],[111.54265,-8.03223],[111.54251,-8.03049],[111.54269,-8.02951],[111.54176,-8.02935],[111.54136,-8.02906],[111.54138,-8.02873],[111.54178,-8.02818],[111.54198,-8.02765],[111.54181,-8.02678],[111.54096,-8.02621],[111.54194,-8.02573],[111.54209,-8.02498],[111.54146,-8.02408],[111.5414,-8.02371],[111.54093,-8.02359],[111.54051,-8.02318],[111.54002,-8.02227],[111.53926,-8.02241],[111.53816,-8.02239],[111.53741,-8.02295],[111.53718,-8.02333]]}},{"type":"Feature","properties":{"NAMOBJ":"487.5","REMARK":"Garis Kontur","JNSKNT":2,"VALKNT":487.5},"geometry":{"type":"MultiLineString","coordinates":[[[111.58178,-8.02808],[111.58028,-8.02675],[111.58037,-8.02643],[111.58007,-8.02598],[111.58004,-8.02566],[111.58035,-8.02472],[111.58079,-8.02428],[111.58157,-8.02403],[111.58176,-8.02372],[111.58204,-8.02356],[111.5826,-8.02363],[111.58303,-8.02288],[111.58352,-8.02305],[111.58393,-8.02303],[111.58399,-8.02175],[111.58412,-8.02131],[111.584,-8.02095],[111.58449,-8.02102],[111.58503,-8.02091],[111.58534,-8.02105],[111.58605,-8.01935],[111.58662,-8.0189],[111.58585,-8.01861],[111.58571,-8.018],[111.58622,-8.01767],[111.5865,-8.01693],[111.58684,-8.01678],[111.58719,-8.01588],[111.58782,-8.01526],[111.5872,-8.01515],[111.58673,-8.01475],[111.58698,-8.01395],[111.58787,-8.01401],[111.58847,-8.01317],[111.58864,-8.01257],[111.58891,-8.01267],[111.58977,-8.01251],[111.59,-8.01258],[111.59047,-8.01147],[111.59108,-8.01089],[111.59073,-8.01045],[111.59065,-8.0095],[111.59085,-8.00945],[111.591,-8.00864],[111.59142,-8.00796],[111.59175,-8.00769],[111.59251,-8.00789],[111.59274,-8.00783],[111.59347,-8.00706],[111.59356,-8.00666],[111.59422,-8.00689],[111.59429,-8.0068],[111.59442,-8.00588],[111.59424,-8.00525],[111.59427,-8.00494],[111.59451,-8.00467],[111.5935,-8.00365],[111.59438,-8.00342],[111.59515,-8.00295],[111.59638,-8.00276],[111.597,-8.00308],[111.59747,-8.00242],[111.59784,-8.00243],[111.59788,-8.00194],[111.59733,-8.00102],[111.5973,-8.00044],[111.59764,-7.99958],[111.59802,-7.99905],[111.59865,-7.999],[111.59843,-7.99875],[111.59833,-7.99783],[111.5988,-7.99792],[111.59926,-7.99773],[111.59917,-7.99731],[111.59926,-7.99682],[111.59843,-7.99632],[111.59793,-7.99541],[111.59846,-7.9957],[111.5994,-7.99568],[111.60036,-7.99546],[111.60052,-7.99512],[111.60047,-7.9948],[111.59993,-7.99366],[111.60041,-7.99341],[111.60153,-7.99369],[111.60145,-7.99318],[111.60121,-7.99278],[111.60114,-7.99166],[111.60142,-7.9916],[111.60203,-7.99188],[111.60184,-7.9915],[111.60184,-7.99097],[111.60222,-7.99066],[111.60147,-7.99008],[111.60194,-7.9896],[111.60181,-7.98931],[111.60142,-7.98897],[111.60074,-7.9887],[111.60051,-7.98835],[111.59972,-7.98809],[111.59958,-7.98815],[111.59958,-7.98874],[111.5994,-7.9889],[111.59886,-7.9888],[111.59849,-7.98897],[111.59809,-7.98896],[111.59721,-7.98877],[111.59631,-7.98926],[111.59601,-7.98919],[111.59619,-7.9885],[111.59597,-7.98794],[111.59627,-7.98784],[111.59663,-7.98728],[111.59593,-7.98679],[111.59589,-7.98644],[111.59645,-7.98635],[111.597,-7.98573],[111.59748,-7.98416],[111.59799,-7.9836],[111.59778,-7.98297],[111.59883,-7.98194],[111.59925,-7.98017],[111.59964,-7.98179],[111.5996,-7.98234],[111.59933,-7.98311],[111.59941,-7.98335],[111.59932,-7.98398],[111.59966,-7.98423],[111.59964,-7.98485],[111.59976,-7.98526],[111.60059,-7.98574],[111.60105,-7.98585],[111.60131,-7.98619],[111.60124,-7.98654],[111.60138,-7.98693],[111.6016,-7.98694],[111.60212,-7.98755],[111.60337,-7.98836],[111.6046,-7.98781],[111.60526,-7.98829],[111.60581,-7.98817],[111.60632,-7.98842],[111.6069,-7.98828],[111.60799,-7.9878],[111.60822,-7.98748],[111.60863,-7.98726],[111.60877,-7.98692],[111.60945,-7.98631],[111.60962,-7.98626],[111.60978,-7.98643],[111.60988,-7.98611],[111.61049,-7.98577],[111.61036,-7.98541],[111.60923,-7.98447],[111.60864,-7.9834],[111.60867,-7.9833],[111.60886,-7.9833],[111.60891,-7.98305],[111.61027,-7.98269],[111.60973,-7.98251],[111.60903,-7.98189],[111.60905,-7.97894],[111.6095,-7.9784],[111.60991,-7.97743],[111.61026,-7.9772],[111.61067,-7.97715],[111.61148,-7.97595],[111.6123,-7.9761],[111.61266,-7.97593],[111.61287,-7.97624],[111.61277,-7.97681],[111.61316,-7.97652],[111.61352,-7.97676],[111.6137,-7.97604],[111.61403,-7.97568],[111.61432,-7.97631],[111.61447,-7.97718],[111.61583,-7.97684],[111.61629,-7.97684],[111.6166,-7.9771],[111.61682,-7.97758],[111.6169,-7.97837],[111.61733,-7.97784],[111.61756,-7.9773],[111.61791,-7.97704],[111.61814,-7.97658],[111.61713,-7.97598],[111.61664,-7.97523],[111.617,-7.975],[111.61731,-7.97397],[111.61797,-7.97411],[111.61824,-7.97345],[111.61853,-7.97314],[111.61832,-7.97254],[111.61838,-7.97225],[111.61923,-7.97108],[111.61978,-7.97108],[111.6202,-7.97069],[111.6199,-7.96999],[111.62024,-7.96961],[111.62064,-7.96942],[111.62138,-7.96857],[111.62209,-7.96803],[111.62245,-7.96792],[111.62232,-7.96777],[111.62335,-7.96801],[111.62414,-7.96792],[111.6246,-7.96813],[111.62479,-7.96767],[111.62514,-7.96747],[111.62573,-7.96775],[111.62636,-7.96739],[111.62776,-7.96778],[111.62828,-7.96751],[111.62872,-7.9678],[111.62914,-7.96751],[111.62974,-7.96755],[111.62953,-7.96735],[111.629,-7.96737],[111.62815,-7.967],[111.62784,-7.967],[111.62773,-7.96661],[111.62811,-7.96607],[111.62808,-7.96561],[111.62852,-7.96567],[111.62886,-7.96552],[111.6291,-7.96496],[111.62958,-7.96463],[111.62972,-7.96436],[111.62852,-7.96411],[111.62875,-7.96475],[111.62858,-7.96524],[111.62788,-7.96515],[111.62709,-7.96568],[111.62697,-7.96595],[111.62597,-7.96628],[111.62518,-7.96584],[111.6249,-7.96545],[111.62444,-7.96612],[111.62425,-7.96625],[111.62394,-7.9662],[111.62314,-7.96544],[111.62316,-7.96503],[111.62248,-7.96594],[111.62123,-7.96657],[111.62098,-7.96621],[111.62106,-7.96607],[111.62096,-7.96544],[111.62077,-7.96572],[111.61996,-7.966],[111.62,-7.96694],[111.61985,-7.96708],[111.61907,-7.96706],[111.61898,-7.96727],[111.61868,-7.96732],[111.61828,-7.96714],[111.61808,-7.96689],[111.61779,-7.96794],[111.61715,-7.96839],[111.61727,-7.96862],[111.61722,-7.96926],[111.6161,-7.96957],[111.61551,-7.96955],[111.61459,-7.96886],[111.6146,-7.96911],[111.61439,-7.96921],[111.6143,-7.96967],[111.61371,-7.97018],[111.61268,-7.97024],[111.61244,-7.96915],[111.61149,-7.96828],[111.61113,-7.96752],[111.6109,-7.96738],[111.61063,-7.96759],[111.61041,-7.96651],[111.6117,-7.96656],[111.61241,-7.96693],[111.61191,-7.96637],[111.61156,-7.96533],[111.61176,-7.96518],[111.61253,-7.96527],[111.61258,-7.96502],[111.6134,-7.96537],[111.61406,-7.96522],[111.61362,-7.96494],[111.61359,-7.96467],[111.61325,-7.96432],[111.61351,-7.96422],[111.61317,-7.96387],[111.61374,-7.9631],[111.613,-7.96335],[111.61267,-7.96359],[111.61167,-7.96343],[111.61189,-7.96331],[111.61197,-7.96289],[111.61225,-7.9627],[111.61205,-7.96253],[111.61204,-7.96197],[111.61139,-7.96085],[111.61074,-7.96093],[111.61063,-7.96107],[111.61026,-7.96081],[111.61012,-7.96055],[111.61014,-7.96007],[111.60997,-7.95966],[111.61046,-7.95933],[111.61064,-7.95891],[111.61034,-7.95819],[111.61165,-7.95734],[111.61207,-7.95729],[111.61249,-7.95751],[111.61346,-7.95706],[111.61326,-7.95682],[111.61282,-7.95667],[111.61263,-7.95612],[111.61324,-7.95547],[111.6142,-7.95494],[111.61465,-7.95402],[111.61458,-7.95362],[111.61512,-7.95338],[111.61509,-7.95301],[111.61582,-7.95256],[111.616,-7.95263],[111.61609,-7.95293],[111.61642,-7.95304],[111.61697,-7.95274],[111.61737,-7.95306],[111.61876,-7.95285],[111.61902,-7.95342],[111.61904,-7.95411],[111.61968,-7.95407],[111.62007,-7.95386],[111.62028,-7.95394],[111.62045,-7.95434],[111.62035,-7.95453],[111.62059,-7.95505],[111.62006,-7.95603],[111.61999,-7.95756],[111.62012,-7.95751],[111.6204,-7.95697],[111.62109,-7.95648],[111.62153,-7.95679],[111.62184,-7.95613],[111.62269,-7.95548],[111.62338,-7.95526],[111.62425,-7.9558],[111.62447,-7.95616],[111.62375,-7.95691],[111.62421,-7.95713],[111.6242,-7.95823],[111.62363,-7.95881],[111.62407,-7.95924],[111.62428,-7.9598],[111.62441,-7.95975],[111.6245,-7.95913],[111.62493,-7.95861],[111.62519,-7.95865],[111.62535,-7.96],[111.62571,-7.95948],[111.62607,-7.95941],[111.62664,-7.95884],[111.62699,-7.95876],[111.6275,-7.95819],[111.62803,-7.9581]],[[111.6553,-7.97889],[111.65509,-7.97932],[111.65422,-7.9796],[111.65387,-7.98006],[111.6527,-7.98001],[111.65241,-7.97983],[111.65244,-7.98052],[111.65177,-7.9813],[111.65122,-7.98235],[111.6513,-7.98338],[111.65058,-7.98332],[111.65036,-7.9831],[111.64971,-7.98359],[111.64919,-7.98366],[111.64943,-7.98444],[111.64936,-7.98529],[111.64966,-7.98603],[111.65004,-7.9863],[111.65018,-7.98659],[111.65002,-7.9866],[111.6498,-7.98697],[111.64921,-7.98724],[111.64969,-7.98776],[111.64915,-7.98863],[111.64919,-7.98906],[111.64869,-7.98924],[111.64721,-7.98811],[111.64769,-7.98903],[111.64779,-7.98952],[111.64759,-7.9901],[111.64785,-7.99054],[111.64789,-7.99109],[111.64774,-7.99123],[111.64704,-7.99081],[111.64647,-7.99075],[111.64606,-7.99046],[111.64578,-7.98988],[111.64538,-7.98987],[111.64418,-7.99035],[111.64395,-7.99015],[111.64385,-7.99023],[111.64415,-7.99063],[111.64456,-7.99087],[111.64522,-7.99102],[111.64566,-7.99148],[111.64619,-7.9921],[111.64612,-7.99228],[111.64641,-7.99307],[111.64673,-7.99347],[111.6461,-7.99405],[111.64469,-7.99434],[111.64411,-7.99419],[111.64463,-7.99468],[111.64482,-7.99515],[111.64525,-7.99564],[111.64511,-7.99608],[111.64565,-7.99654],[111.64566,-7.9968],[111.64595,-7.99709],[111.64609,-7.99763],[111.64698,-7.99708],[111.64747,-7.99707],[111.64764,-7.99663],[111.64828,-7.99622],[111.6487,-7.9961],[111.64971,-7.99663],[111.65005,-7.9973],[111.65055,-7.9976],[111.64958,-7.99918],[111.64938,-7.99988],[111.64894,-7.99988],[111.64879,-7.99968],[111.64869,-7.99983],[111.64831,-8.00117],[111.64738,-8.00118],[111.6472,-8.00142],[111.64771,-8.0024],[111.64763,-8.00303],[111.6471,-8.00354]],[[111.63592,-8.00225],[111.63587,-8.00207],[111.63642,-8.00182],[111.6366,-8.00134],[111.63694,-8.00111],[111.63729,-8.00042],[111.6373,-7.99971],[111.63772,-7.99899],[111.63775,-7.99849],[111.63757,-7.99859],[111.63693,-7.9985],[111.63641,-7.99891],[111.63611,-7.99893],[111.63592,-7.99944],[111.6352,-8.00043],[111.63532,-8.00081],[111.63506,-8.00076],[111.63444,-8.00033],[111.63427,-7.99953],[111.63384,-7.99877],[111.63383,-7.99797],[111.63329,-7.99695],[111.63312,-7.99689],[111.63263,-7.99776],[111.63267,-7.99813],[111.63237,-7.99868],[111.63224,-7.99951],[111.6326,-8.0004],[111.63232,-8.00054],[111.63113,-8.00017],[111.63091,-8.00078],[111.63115,-8.00113],[111.63111,-8.00128],[111.63068,-8.00129],[111.63052,-8.00109],[111.63,-8.00131],[111.62977,-8.00112],[111.62902,-8.00138],[111.6285,-8.00108],[111.62821,-8.00169],[111.62739,-8.00226],[111.62662,-8.00237],[111.62715,-8.00127],[111.6269,-8.00038],[111.62705,-7.99955],[111.62681,-7.99943],[111.62657,-7.99857],[111.62613,-7.99975],[111.62553,-8.00017],[111.62531,-8.00054],[111.62501,-8.00048],[111.625,-8.00032],[111.62458,-7.99992],[111.62401,-7.99992],[111.62439,-7.99951],[111.62434,-7.9994],[111.62343,-7.9993],[111.62308,-7.99872],[111.62231,-7.99876],[111.62226,-7.99858],[111.62206,-7.99857],[111.6199,-7.99877],[111.61948,-7.99903],[111.6193,-7.99939],[111.61888,-7.99909],[111.618,-7.99911],[111.61741,-8.0],[111.6158,-8.00125],[111.61483,-8.00148],[111.61475,-8.00227],[111.61433,-8.00231],[111.61375,-8.00212],[111.61429,-8.00143],[111.61426,-8.00071],[111.61362,-8.00044],[111.61329,-8.00007],[111.61325,-7.99921],[111.6124,-7.99879],[111.61225,-7.99779],[111.61309,-7.99754],[111.61313,-7.99723],[111.61257,-7.99697],[111.61247,-7.99676],[111.61308,-7.99699],[111.6136,-7.99664],[111.61545,-7.99702],[111.61612,-7.99684],[111.61661,-7.99716],[111.61679,-7.99658],[111.6176,-7.99569],[111.6167,-7.99518],[111.61637,-7.99476],[111.61621,-7.99407],[111.61598,-7.99374],[111.61655,-7.99306],[111.61611,-7.99254],[111.61583,-7.99256],[111.61533,-7.99228],[111.61534,-7.99148],[111.61595,-7.98954],[111.61533,-7.98994],[111.61501,-7.9899],[111.61405,-7.98883],[111.61417,-7.99022],[111.61393,-7.99138],[111.6134,-7.99187],[111.61252,-7.99113],[111.61242,-7.99118],[111.61221,-7.99086],[111.61203,-7.99166],[111.61169,-7.99206],[111.61103,-7.99249],[111.61089,-7.99194],[111.61092,-7.99121],[111.61049,-7.99065],[111.60985,-7.99059],[111.6094,-7.99091],[111.60917,-7.99092],[111.60916,-7.99051],[111.60954,-7.99047],[111.60965,-7.99033],[111.60963,-7.98969],[111.61003,-7.98861],[111.6089,-7.9877],[111.60865,-7.98798],[111.60772,-7.98827],[111.60647,-7.98896],[111.60643,-7.98952],[111.60622,-7.98987],[111.60591,-7.98985],[111.60582,-7.98948],[111.6056,-7.98912],[111.60544,-7.98908],[111.60525,-7.98959],[111.60486,-7.98988],[111.60434,-7.99017],[111.6038,-7.99014],[111.60397,-7.99065],[111.60461,-7.99155],[111.60504,-7.99266],[111.60558,-7.99326],[111.60576,-7.99389],[111.60543,-7.99482],[111.6055,-7.99517],[111.60497,-7.99534],[111.60494,-7.99553],[111.60513,-7.99561],[111.60536,-7.99636],[111.60586,-7.99715],[111.60584,-7.99788],[111.60461,-7.99827],[111.60481,-7.99873],[111.60429,-7.99949],[111.60469,-7.99965],[111.60418,-8.00046],[111.60378,-8.00063],[111.60426,-8.0014],[111.6043,-8.00189],[111.60368,-8.00322],[111.60363,-8.00361],[111.60311,-8.00368],[111.60254,-8.00392],[111.60268,-8.00409],[111.6027,-8.00442],[111.60256,-8.005],[111.6023,-8.0055],[111.60229,-8.00592],[111.60178,-8.00671],[111.60165,-8.00733],[111.60082,-8.00755],[111.60057,-8.00857],[111.59988,-8.00918],[111.59993,-8.00949],[111.59966,-8.01134],[111.59911,-8.01225],[111.59871,-8.01325],[111.59868,-8.01374],[111.59916,-8.01523],[111.59922,-8.01587],[111.5989,-8.0164],[111.59831,-8.01686],[111.59785,-8.01761],[111.59716,-8.01812],[111.59665,-8.01786],[111.59622,-8.01724],[111.5959,-8.01775]],[[111.64695,-8.00347],[111.64636,-8.00225],[111.64636,-8.00176],[111.64652,-8.00144],[111.64715,-8.00113],[111.64684,-8.00075],[111.64612,-8.0004],[111.64568,-8.00054],[111.64525,-7.99992],[111.64515,-7.99949],[111.64494,-7.99932],[111.64464,-7.99861],[111.64431,-7.99823],[111.64376,-7.99817],[111.64343,-7.99795],[111.64231,-7.99885],[111.64023,-7.99917],[111.64009,-7.99939],[111.64029,-7.99965],[111.63999,-8.00055],[111.64025,-8.00099],[111.6398,-8.00135],[111.64021,-8.00176],[111.64022,-8.00222],[111.63922,-8.00252],[111.63943,-8.00298],[111.63934,-8.00306],[111.6379,-8.0021],[111.63695,-8.0021]]]}},{"type":"Feature","properties":{"NAMOBJ":"550","REMARK":"Garis Kontur","JNSKNT":1,"VALKNT":550},"geometry":{"type":"LineString","coordinates":[[111.59879,-7.94229],[111.59829,-7.9427],[111.59815,-7.94354],[111.59787,-7.94379],[111.59849,-7.94489],[111.59925,-7.94583],[111.59876,-7.94604],[111.59861,-7.94627],[111.59913,-7.94758],[111.5999,-7.94807],[111.60005,-7.94858],[111.60065,-7.94961],[111.60096,-7.94972],[111.60138,-7.94964],[111.60251,-7.94923],[111.60318,-7.94877],[111.60329,-7.94966],[111.60319,-7.94987],[111.60385,-7.95024],[111.60451,-7.9504],[111.605,-7.95084],[111.60568,-7.95069],[111.60599,-7.95035],[111.6061,-7.94982],[111.60677,-7.94875],[111.60661,-7.94783],[111.60598,-7.94744],[111.60555,-7.94681],[111.60447,-7.94671],[111.60428,-7.94648],[111.60355,-7.94624],[111.60328,-7.94528],[111.60249,-7.94513],[111.60227,-7.94485],[111.60161,-7.94488],[111.60064,-7.94449],[111.60042,-7.94428],[111.59969,-7.94468],[111.59913,-7.94472],[111.59896,-7.94438],[111.59906,-7.94366],[111.59879,-7.94294],[111.59879,-7.94229]]}},{"type":"Feature","properties":{"NAMOBJ":"450","REMARK":"Garis Kontur","JNSKNT":1,"VALKNT":450},"geometry":{"type":"LineString","coordinates":[[111.58185,-7.94811],[111.58186,-7.94849],[111.58269,-7.94865],[111.58292,-7.94809],[111.58238,-7.94806],[111.58215,-7.94746],[111.58185,-7.94811]]}},{"type":"Feature","properties":{"NAMOBJ":"687.5","REMARK":"Garis Kontur","JNSKNT":2,"VALKNT":687.5},"geometry":{"type":"LineString","coordinates":[[111.65234,-7.9651],[111.65184,-7.96559],[111.6514,-7.96571],[111.6517,-7.96632],[111.65147,-7.96697],[111.65181,-7.96669],[111.6522,-7.96671],[111.6525,-7.96593],[111.6525,-7.96516],[111.65234,-7.9651]]}},{"type":"Feature","properties":{"NAMOBJ":"750","REMARK":"Garis Kontur","JNSKNT":1,"VALKNT":750},"geometry":{"type":"LineString","coordinates":[[111.54257,-8.01927],[111.54274,-8.01924],[111.54297,-8.01885],[111.54288,-8.01888],[111.54257,-8.01927]]}},{"type":"Feature","properties":{"NAMOBJ":"437.5","REMARK":"Garis Kontur","JNSKNT":2,"VALKNT":437.5},"geometry":{"type":"LineString","coordinates":[[111.60963,-7.97251],[111.60982,-7.97253],[111.60974,-7.97219],[111.60965,-7.97235],[111.60963,-7.97251]]}},{"type":"Feature","properties":{"NAMOBJ":"550","REMARK":"Garis Kontur","JNSKNT":1,"VALKNT":550},"geometry":{"type":"LineString","coordinates":[[111.59753,-8.01357],[111.59734,-8.01371],[111.5977,-8.01378],[111.59767,-8.01371],[111.59753,-8.01357]]}},{"type":"Feature","properties":{"NAMOBJ":"662.5","REMARK":"Garis Kontur","JNSKNT":2,"VALKNT":662.5},"geometry":{"type":"LineString","coordinates":[[111.60428,-7.94785],[111.60447,-7.9483],[111.60516,-7.94887],[111.6057,-7.94822],[111.60541,-7.9476],[111.60428,-7.94785]]}},{"type":"Feature","properties":{"NAMOBJ":"300","REMARK":"Garis Kontur","JNSKNT":1,"VALKNT":300},"geometry":{"type":"LineString","coordinates":[[111.56621,-7.97983],[111.56609,-7.98003],[111.56586,-7.98098],[111.56614,-7.98065],[111.56621,-7.97983]]}},{"type":"Feature","properties":{"NAMOBJ":"637.5","REMARK":"Garis Kontur","JNSKNT":2,"VALKNT":637.5},"geometry":{"type":"LineString","coordinates":[[111.625,-7.99136],[111.6233,-7.99154],[111.62299,-7.99172],[111.62279,-7.99263],[111.62284,-7.99313],[111.62306,-7.99326],[111.62336,-7.99381],[111.62442,-7.99388],[111.62457,-7.99395],[111.62431,-7.9942],[111.62449,-7.99427],[111.625,-7.99427],[111.6253,-7.99398],[111.62613,-7.99461],[111.62682,-7.99432],[111.62756,-7.99447],[111.62804,-7.99431],[111.62848,-7.99343],[111.62793,-7.99271],[111.6278,-7.99226],[111.6271,-7.99206],[111.62642,-7.99163],[111.62555,-7.99131],[111.62521,-7.99125],[111.625,-7.99136]]}},{"type":"Feature","properties":{"NAMOBJ":"800","REMARK":"Garis Kontur","JNSKNT":1,"VALKNT":800},"geometry":{"type":"LineString","coordinates":[[111.5402,-8.04075],[111.54092,-8.04129],[111.54087,-8.04112],[111.54117,-8.04047],[111.54105,-8.04019],[111.54112,-8.03987],[111.5418,-8.03955],[111.54202,-8.03915],[111.54165,-8.03859],[111.54177,-8.03845],[111.54161,-8.03767],[111.54113,-8.0369],[111.54189,-8.03675],[111.54253,-8.03637],[111.54326,-8.03627],[111.5417,-8.03592],[111.54127,-8.0357],[111.54178,-8.03494],[111.5415,-8.034],[111.54196,-8.03402],[111.54225,-8.03313],[111.54224,-8.03269],[111.54243,-8.03224],[111.54233,-8.03071],[111.54249,-8.02981],[111.54185,-8.02959],[111.54122,-8.02919],[111.5414,-8.02825],[111.54178,-8.02793],[111.54187,-8.02766],[111.5416,-8.0268],[111.54069,-8.02628],[111.54142,-8.02584],[111.54174,-8.0258],[111.54191,-8.02498],[111.54116,-8.02393],[111.54097,-8.02388],[111.54026,-8.02318],[111.53984,-8.02255],[111.53819,-8.02252],[111.53734,-8.02313],[111.53717,-8.0235]]}},{"type":"Feature","properties":{"NAMOBJ":"462.5","REMARK":"Garis Kontur","JNSKNT":2,"VALKNT":462.5},"geometry":{"type":"LineString","coordinates":[[111.55487,-7.98528],[111.55537,-7.9859],[111.55588,-7.98608],[111.55609,-7.98528],[111.55624,-7.98516],[111.55614,-7.98387],[111.55623,-7.98306],[111.55557,-7.98179],[111.55533,-7.98057],[111.55512,-7.98127],[111.55505,-7.98279],[111.55481,-7.98287],[111.55429,-7.98343],[111.55314,-7.98419],[111.55363,-7.98478],[111.55372,-7.98529],[111.55455,-7.98473],[111.55487,-7.98528]]}},{"type":"Feature","properties":{"NAMOBJ":"550","REMARK":"Garis Kontur","JNSKNT":1,"VALKNT":550},"geometry":{"type":"LineString","coordinates":[[111.61838,-7.99725],[111.61859,-7.99706],[111.61888,-7.99657],[111.61872,-7.99667],[111.61838,-7.99725]]}},{"type":"Feature","properties":{"NAMOBJ":"662.5","REMARK":"Garis Kontur","JNSKNT":2,"VALKNT":662.5},"geometry":{"type":"LineString","coordinates":[[111.60054,-7.94516],[111.60102,-7.94533],[111.60145,-7.94561],[111.60136,-7.9452],[111.60041,-7.9448],[111.60019,-7.94504],[111.60054,-7.94516]]}},{"type":"Feature","properties":{"NAMOBJ":"537.5","REMARK":"Garis Kontur","JNSKNT":2,"VALKNT":537.5},"geometry":{"type":"LineString","coordinates":[[111.55126,-8.04527],[111.55155,-8.04478],[111.55156,-8.04361],[111.55086,-8.04281],[111.55051,-8.04123],[111.5509,-8.04138],[111.55178,-8.04212],[111.5524,-8.04216],[111.55301,-8.04341],[111.55351,-8.04486],[111.55352,-8.04529],[111.55419,-8.04466],[111.5543,-8.04502],[111.55493,-8.04552],[111.55499,-8.04579],[111.55541,-8.04625],[111.55573,-8.04628],[111.55642,-8.04613],[111.55699,-8.04563],[111.55715,-8.04587],[111.55758,-8.04609],[111.55875,-8.04529],[111.55915,-8.04542],[111.55943,-8.04567],[111.55972,-8.0453],[111.56054,-8.04532],[111.56073,-8.04521],[111.56072,-8.04459],[111.55903,-8.04392],[111.55902,-8.04303],[111.55797,-8.04289],[111.55836,-8.04227],[111.55892,-8.04077],[111.55916,-8.04061],[111.55938,-8.04022],[111.55937,-8.04003],[111.55909,-8.03983],[111.55914,-8.03975],[111.55979,-8.03983],[111.56039,-8.04036],[111.56064,-8.04103],[111.5606,-8.04125],[111.56079,-8.04146],[111.56105,-8.04143],[111.56106,-8.04101],[111.5616,-8.04069],[111.56176,-8.0409],[111.56284,-8.04117],[111.56357,-8.04122],[111.56449,-8.0409],[111.56519,-8.04146],[111.56535,-8.04144],[111.56547,-8.04123],[111.56623,-8.04133],[111.56639,-8.04118],[111.56706,-8.04143],[111.56704,-8.04158],[111.56812,-8.04151],[111.56899,-8.04182],[111.56918,-8.04172],[111.56892,-8.04126],[111.56809,-8.04038],[111.56832,-8.03991],[111.56875,-8.03944],[111.56862,-8.0391],[111.56859,-8.03817],[111.56808,-8.03812],[111.56717,-8.03862],[111.56448,-8.0392],[111.56361,-8.03901],[111.56334,-8.03874],[111.56335,-8.03846],[111.56267,-8.03827],[111.56089,-8.03841],[111.5604,-8.03793],[111.5599,-8.03804],[111.55902,-8.03776],[111.55812,-8.03798],[111.55723,-8.03764],[111.55715,-8.03744],[111.55755,-8.03709],[111.55774,-8.03673],[111.55748,-8.03602],[111.55721,-8.03569],[111.55647,-8.03579],[111.55615,-8.03673],[111.55489,-8.03746],[111.55442,-8.03678],[111.55425,-8.03624],[111.55268,-8.03612],[111.55218,-8.03585],[111.55246,-8.03495],[111.55177,-8.03437],[111.55156,-8.03378],[111.55088,-8.03407],[111.55012,-8.0342],[111.54986,-8.03312],[111.54963,-8.03292],[111.54932,-8.03295],[111.54937,-8.03268],[111.54986,-8.03221],[111.54945,-8.03136],[111.54995,-8.03105],[111.55036,-8.0306],[111.55041,-8.03014],[111.55088,-8.03039],[111.55115,-8.03082],[111.55234,-8.03177],[111.55248,-8.03159],[111.55252,-8.03119],[111.55301,-8.03101],[111.55262,-8.03072],[111.55246,-8.03033],[111.55147,-8.0295],[111.55085,-8.02871],[111.551,-8.02798],[111.55044,-8.02778],[111.55082,-8.02671],[111.55181,-8.02621],[111.55148,-8.02602],[111.5506,-8.02614],[111.54879,-8.02542],[111.54831,-8.02556],[111.54866,-8.02498],[111.54928,-8.02467],[111.54957,-8.02429],[111.54999,-8.02409],[111.54975,-8.02361],[111.54977,-8.02272],[111.54963,-8.02263],[111.54939,-8.02146],[111.54983,-8.02171],[111.5504,-8.02163],[111.55144,-8.02226],[111.55177,-8.02259],[111.55228,-8.02258],[111.55274,-8.0222],[111.55298,-8.0228],[111.55352,-8.02311],[111.55387,-8.02235],[111.55393,-8.02137],[111.55413,-8.0209],[111.55493,-8.02157],[111.55516,-8.02235],[111.55523,-8.0204],[111.55588,-8.01912],[111.55618,-8.01894],[111.55674,-8.0194],[111.55719,-8.02045],[111.55805,-8.02029],[111.55794,-8.02054],[111.55809,-8.02189],[111.55878,-8.02065],[111.55959,-8.02133],[111.55992,-8.02141],[111.5606,-8.0213],[111.5604,-8.02167],[111.5605,-8.02363],[111.56086,-8.02374],[111.56128,-8.02367],[111.56149,-8.02401],[111.56125,-8.02526],[111.56146,-8.02539],[111.56147,-8.02567],[111.56168,-8.02601],[111.56189,-8.02611],[111.562,-8.02649],[111.56217,-8.02646],[111.56267,-8.02688],[111.56214,-8.0259],[111.56215,-8.02501],[111.56224,-8.02462],[111.56264,-8.02428],[111.56293,-8.02371],[111.56363,-8.02436],[111.56427,-8.02432],[111.56454,-8.02325],[111.56466,-8.02316],[111.56583,-8.02353],[111.56631,-8.02384],[111.56636,-8.02269],[111.56768,-8.02174],[111.5677,-8.02115],[111.56751,-8.02158],[111.56707,-8.02178],[111.56701,-8.02167],[111.56624,-8.02153],[111.56538,-8.02065],[111.56455,-8.02088],[111.56459,-8.02028],[111.56407,-8.02002],[111.56422,-8.01922],[111.56489,-8.01883],[111.56458,-8.01825],[111.56484,-8.01752],[111.56451,-8.01727],[111.5638,-8.01775],[111.56379,-8.01825],[111.56359,-8.01852],[111.56319,-8.01842],[111.56273,-8.0185],[111.56227,-8.01829],[111.56231,-8.01862],[111.56216,-8.01907],[111.5618,-8.01965],[111.56133,-8.01925],[111.56081,-8.01916],[111.56037,-8.0187],[111.56,-8.01879],[111.55973,-8.01872],[111.55923,-8.01799],[111.55873,-8.01793],[111.55856,-8.01757],[111.55904,-8.017],[111.55966,-8.01667],[111.55948,-8.01617],[111.55966,-8.01572],[111.55998,-8.01551],[111.55956,-8.01543],[111.55911,-8.0146],[111.55779,-8.01438],[111.5573,-8.01505],[111.5569,-8.01472],[111.5566,-8.01421],[111.55671,-8.01382],[111.55624,-8.01332],[111.55659,-8.01303],[111.55691,-8.01237],[111.55702,-8.01161],[111.55681,-8.01088],[111.55636,-8.01031],[111.55695,-8.00819],[111.55602,-8.0083],[111.55535,-8.00797],[111.55425,-8.00779],[111.55409,-8.00765],[111.55527,-8.0072],[111.55606,-8.00742],[111.55635,-8.00735],[111.55671,-8.00643],[111.55691,-8.00549],[111.55689,-8.00489],[111.55737,-8.00429],[111.55734,-8.00412],[111.55772,-8.00341],[111.55837,-8.00433],[111.55899,-8.00426],[111.55988,-8.00451],[111.56079,-8.00518],[111.56134,-8.00508],[111.56311,-8.00554],[111.56244,-8.00483],[111.56164,-8.00427],[111.56188,-8.00414],[111.56255,-8.00329],[111.5627,-8.00235],[111.56255,-8.00161],[111.56322,-8.00144],[111.56351,-8.00074],[111.56384,-8.00052],[111.56396,-8.00008],[111.56383,-7.99957],[111.5648,-7.99869],[111.56536,-7.99839],[111.56618,-7.99816],[111.56751,-7.99831],[111.56808,-7.99888],[111.56865,-7.99915],[111.56865,-7.99811],[111.56849,-7.99752],[111.56836,-7.99749],[111.56806,-7.99778],[111.5669,-7.99811],[111.5653,-7.99814],[111.56439,-7.998],[111.56422,-7.99784],[111.5635,-7.99801],[111.56314,-7.9978],[111.56342,-7.99703],[111.56317,-7.99657],[111.56403,-7.99593],[111.56423,-7.99562],[111.56339,-7.99518],[111.56262,-7.99519],[111.56179,-7.99471],[111.56139,-7.99479],[111.56119,-7.99459],[111.56091,-7.99368],[111.56076,-7.99355],[111.56062,-7.99527],[111.56075,-7.99609],[111.55977,-7.99638],[111.55949,-7.99628],[111.55942,-7.9979],[111.55826,-7.99814],[111.55809,-7.99874],[111.55785,-7.99886],[111.55712,-7.99852],[111.55661,-7.99895],[111.55625,-7.99886],[111.55605,-7.99939],[111.55572,-8.0014],[111.55521,-8.00143],[111.55465,-8.00244],[111.55544,-8.00308],[111.55502,-8.00383],[111.55521,-8.00497],[111.55468,-8.00557],[111.55464,-8.00586],[111.55368,-8.00551],[111.55365,-8.00623],[111.55296,-8.00674],[111.5525,-8.00658],[111.55252,-8.00712],[111.55207,-8.00775],[111.55217,-8.0082],[111.55255,-8.00867],[111.55227,-8.00907],[111.55206,-8.00896],[111.55083,-8.00946],[111.54992,-8.00957],[111.54942,-8.00919],[111.5492,-8.0092],[111.54902,-8.00965],[111.54812,-8.01051],[111.54783,-8.01041],[111.54739,-8.01081],[111.54687,-8.01053],[111.54634,-8.01042],[111.54642,-8.01118],[111.54669,-8.01191],[111.54627,-8.01242],[111.54566,-8.01259],[111.54542,-8.01323],[111.54569,-8.01402],[111.5454,-8.01414],[111.54514,-8.01494],[111.54443,-8.01594],[111.54326,-8.0154],[111.54312,-8.01635],[111.54288,-8.01633],[111.54266,-8.01603],[111.54174,-8.01618],[111.5416,-8.01604],[111.54152,-8.01661],[111.54123,-8.01718],[111.5398,-8.01707],[111.53933,-8.01772],[111.5391,-8.01925],[111.53892,-8.01921],[111.53824,-8.01956],[111.5379,-8.0196]]}},{"type":"Feature","properties":{"NAMOBJ":"237.5","REMARK":"Garis Kontur","JNSKNT":2,"VALKNT":237.5},"geometry":{"type":"MultiLineString","coordinates":[[[111.58023,-7.92947],[111.57864,-7.92921],[111.57854,-7.92905],[111.57854,-7.92818],[111.57823,-7.92857],[111.578,-7.92915],[111.57777,-7.92904],[111.57765,-7.9287],[111.57721,-7.92909],[111.57678,-7.92917],[111.57653,-7.92972],[111.57624,-7.92957],[111.5758,-7.92993],[111.57519,-7.92992],[111.57507,-7.93067],[111.57472,-7.93104],[111.57339,-7.93126],[111.57242,-7.93106],[111.57168,-7.9314],[111.57212,-7.93137],[111.57298,-7.93177],[111.5729,-7.932],[111.5719,-7.93275],[111.57211,-7.93307],[111.57287,-7.93323],[111.57285,-7.9336],[111.57349,-7.93434],[111.57431,-7.93452],[111.57454,-7.93418],[111.57527,-7.93368],[111.57565,-7.93324],[111.57604,-7.93318],[111.57636,-7.93297],[111.57702,-7.93309],[111.57799,-7.93293],[111.57815,-7.93274],[111.57822,-7.93217],[111.57869,-7.93185],[111.57925,-7.93101]],[[111.57925,-7.93101],[111.57996,-7.93089],[111.58009,-7.93067],[111.58151,-7.92998],[111.58189,-7.92992],[111.58236,-7.93015],[111.58251,-7.93015],[111.5822,-7.92997]]]}},{"type":"Feature","properties":{"NAMOBJ":"625","REMARK":"Garis Kontur","JNSKNT":2,"VALKNT":625},"geometry":{"type":"LineString","coordinates":[[111.56301,-8.0],[111.56314,-7.99921],[111.56281,-7.99913],[111.56258,-7.99924],[111.56169,-7.99901],[111.56173,-7.99848],[111.56153,-7.99796],[111.56166,-7.99736],[111.56134,-7.99776],[111.56029,-7.99754],[111.56009,-7.99849],[111.55948,-7.99881],[111.55939,-7.99911],[111.55968,-7.9997],[111.55989,-8.00057],[111.56013,-8.00225],[111.56007,-8.0027],[111.56037,-8.00304],[111.56079,-8.00318],[111.56104,-8.00281],[111.56122,-8.00078],[111.56261,-8.00076],[111.56301,-8.0]]}},{"type":"Feature","properties":{"NAMOBJ":"650","REMARK":"Garis Kontur","JNSKNT":1,"VALKNT":650},"geometry":{"type":"LineString","coordinates":[[111.60408,-7.94767],[111.604,-7.94766],[111.60456,-7.94852],[111.60518,-7.94901],[111.60533,-7.94896],[111.60579,-7.94831],[111.60542,-7.94755],[111.60461,-7.94778],[111.60408,-7.94767]]}},{"type":"Feature","properties":{"NAMOBJ":"600","REMARK":"Garis Kontur","JNSKNT":1,"VALKNT":600},"geometry":{"type":"LineString","coordinates":[[111.55014,-8.04362],[111.54978,-8.04323],[111.5494,-8.04134],[111.54902,-8.04045],[111.54853,-8.03981],[111.54805,-8.03965],[111.54816,-8.03956],[111.54859,-8.03943],[111.5493,-8.03967],[111.54953,-8.03937],[111.5497,-8.03961],[111.55087,-8.04035],[111.55149,-8.04004],[111.55157,-8.04044],[111.55191,-8.04093],[111.55298,-8.04138],[111.55351,-8.04213],[111.55357,-8.04254],[111.55453,-8.04302],[111.55469,-8.04332],[111.55552,-8.0439],[111.55582,-8.04395],[111.55595,-8.04427],[111.55589,-8.04441],[111.55632,-8.04488],[111.55755,-8.04513],[111.55772,-8.04535],[111.55855,-8.04516],[111.55778,-8.0443],[111.55636,-8.0438],[111.55619,-8.04349],[111.55566,-8.04306],[111.55562,-8.04281],[111.55532,-8.04293],[111.55513,-8.04235],[111.55484,-8.04224],[111.55452,-8.04233],[111.5544,-8.04214],[111.55561,-8.04209],[111.55611,-8.04235],[111.55632,-8.04231],[111.5568,-8.04189],[111.55646,-8.04098],[111.556,-8.04068],[111.55601,-8.04011],[111.55565,-8.03949],[111.55588,-8.0389],[111.55648,-8.03861],[111.5556,-8.03816],[111.55426,-8.03843],[111.55365,-8.03787],[111.55251,-8.03762],[111.55085,-8.03677],[111.55072,-8.03691],[111.55067,-8.03743],[111.55055,-8.03741],[111.54996,-8.03712],[111.54982,-8.03684],[111.54905,-8.03674],[111.54891,-8.03595],[111.54799,-8.03592],[111.54728,-8.03495],[111.54751,-8.03467],[111.54733,-8.03446],[111.54633,-8.03453],[111.54612,-8.03444],[111.54646,-8.03403],[111.54659,-8.03349],[111.54705,-8.03298],[111.54709,-8.03238],[111.54684,-8.03231],[111.54673,-8.03206],[111.5476,-8.03084],[111.54763,-8.03007],[111.54772,-8.02973],[111.54796,-8.02951],[111.54783,-8.0292],[111.54802,-8.02883],[111.54814,-8.02867],[111.54844,-8.0286],[111.54978,-8.02852],[111.54937,-8.02796],[111.54929,-8.02714],[111.54955,-8.02665],[111.54903,-8.0268],[111.54813,-8.02676],[111.54742,-8.02706],[111.54665,-8.02669],[111.54527,-8.02659],[111.54626,-8.02599],[111.54684,-8.02531],[111.54718,-8.02519],[111.54722,-8.02495],[111.54696,-8.02477],[111.54685,-8.02425],[111.54814,-8.02416],[111.54873,-8.02317],[111.5487,-8.02286],[111.54889,-8.02262],[111.54891,-8.02225],[111.54856,-8.02196],[111.54749,-8.0219],[111.54689,-8.02172],[111.54705,-8.02137],[111.54903,-8.02047],[111.54978,-8.02065],[111.54993,-8.02084],[111.55014,-8.02068],[111.5506,-8.02069],[111.55085,-8.02088],[111.55204,-8.02106],[111.55257,-8.0206],[111.55303,-8.02086],[111.55322,-8.02112],[111.55357,-8.01983],[111.55371,-8.01973],[111.55435,-8.01988],[111.55439,-8.01873],[111.55422,-8.01825],[111.55561,-8.01738],[111.55593,-8.01709],[111.55618,-8.01657],[111.55671,-8.017],[111.55714,-8.01772],[111.55732,-8.01833],[111.55771,-8.01876],[111.55799,-8.01848],[111.55831,-8.01859],[111.56043,-8.0201],[111.56136,-8.02057],[111.56181,-8.02133],[111.56158,-8.02162],[111.56216,-8.022],[111.56241,-8.02238],[111.56266,-8.0223],[111.5628,-8.02209],[111.56338,-8.02274],[111.5637,-8.02224],[111.56423,-8.02184],[111.56544,-8.02185],[111.56521,-8.02168],[111.56515,-8.02143],[111.56463,-8.02167],[111.56411,-8.0216],[111.56378,-8.02138],[111.56381,-8.02066],[111.56321,-8.02027],[111.56349,-8.01956],[111.56337,-8.01903],[111.56299,-8.01909],[111.56292,-8.0196],[111.56264,-8.0201],[111.56173,-8.02044],[111.55799,-8.01824],[111.55779,-8.01782],[111.55814,-8.0169],[111.55879,-8.01659],[111.55848,-8.01609],[111.55872,-8.01558],[111.55844,-8.01513],[111.55829,-8.01514],[111.55827,-8.01537],[111.55788,-8.01578],[111.55746,-8.01597],[111.55719,-8.0159],[111.55682,-8.0155],[111.55608,-8.01517],[111.55575,-8.01399],[111.55525,-8.01308],[111.55619,-8.01215],[111.55625,-8.01142],[111.5556,-8.01073],[111.5557,-8.00958],[111.55559,-8.00929],[111.55501,-8.0096],[111.55458,-8.00959],[111.55405,-8.00934],[111.5541,-8.00971],[111.55361,-8.01026],[111.55362,-8.01118],[111.55372,-8.0113],[111.55312,-8.01141],[111.55316,-8.01171],[111.55283,-8.01221],[111.5529,-8.01256],[111.55263,-8.01257],[111.55228,-8.01284],[111.55226,-8.01304],[111.55251,-8.01343],[111.55239,-8.01354],[111.55238,-8.01345],[111.55205,-8.01401],[111.55172,-8.015],[111.55075,-8.01629],[111.55038,-8.01646],[111.55017,-8.01675],[111.55006,-8.01679],[111.54996,-8.01602],[111.55008,-8.01557],[111.55068,-8.01537],[111.55062,-8.01506],[111.55082,-8.01456],[111.55056,-8.01411],[111.55038,-8.01322],[111.54999,-8.01303],[111.54939,-8.012],[111.54914,-8.01183],[111.54923,-8.01155],[111.54996,-8.01157],[111.55036,-8.01129],[111.55037,-8.01013],[111.54965,-8.01023],[111.54897,-8.01084],[111.54817,-8.01109],[111.54794,-8.01129],[111.54772,-8.01187],[111.54771,-8.01266],[111.54753,-8.01303],[111.54747,-8.01311],[111.54691,-8.0131],[111.54648,-8.01329],[111.54648,-8.01391],[111.54636,-8.01413],[111.54646,-8.01446],[111.5463,-8.01493],[111.54583,-8.01567],[111.54482,-8.0167],[111.54427,-8.01641],[111.54392,-8.01637],[111.54346,-8.01693],[111.54306,-8.01693],[111.54266,-8.01717],[111.54196,-8.01723],[111.54186,-8.01779],[111.54157,-8.01816],[111.54085,-8.01775],[111.54019,-8.0178],[111.53979,-8.01953],[111.53991,-8.01975],[111.53825,-8.02012],[111.53753,-8.02059]]}},{"type":"Feature","properties":{"NAMOBJ":"187.5","REMARK":"Garis Kontur","JNSKNT":2,"VALKNT":187.5},"geometry":{"type":"LineString","coordinates":[[111.56327,-7.93959],[111.56344,-7.93988],[111.56343,-7.93924],[111.56313,-7.93839],[111.5627,-7.93824],[111.56317,-7.9389],[111.56327,-7.93959]]}},{"type":"Feature","properties":{"NAMOBJ":"625","REMARK":"Garis Kontur","JNSKNT":2,"VALKNT":625},"geometry":{"type":"LineString","coordinates":[[111.56298,-8.02041],[111.56298,-8.01995],[111.56264,-8.02046],[111.56183,-8.02059],[111.56217,-8.02132],[111.56316,-8.02195],[111.56367,-8.02168],[111.56337,-8.02134],[111.56344,-8.0208],[111.56298,-8.02041]]}},{"type":"Feature","properties":{"NAMOBJ":"575","REMARK":"Garis Kontur","JNSKNT":2,"VALKNT":575},"geometry":{"type":"LineString","coordinates":[[111.60191,-8.0],[111.60213,-7.99929],[111.6015,-7.99862],[111.60144,-7.99783],[111.60066,-7.9981],[111.60064,-7.99841],[111.60039,-7.99875],[111.60062,-7.99916],[111.60062,-7.99954],[111.59996,-8.00064],[111.59951,-8.0009],[111.59953,-8.00139],[111.59928,-8.00183],[111.5996,-8.00249],[111.59957,-8.00285],[111.59992,-8.00294],[111.60001,-8.00198],[111.60054,-8.00161],[111.60067,-8.00135],[111.60079,-8.0014],[111.60081,-8.00005],[111.6016,-8.0005],[111.60191,-8.0]]}},{"type":"Feature","properties":{"NAMOBJ":"600","REMARK":"Garis Kontur","JNSKNT":1,"VALKNT":600},"geometry":{"type":"LineString","coordinates":[[111.59999,-7.94478],[111.59917,-7.94506],[111.5994,-7.94533],[111.59971,-7.94536],[111.60029,-7.94595],[111.59938,-7.94655],[111.59953,-7.94728],[111.60029,-7.94776],[111.60088,-7.94856],[111.60163,-7.9488],[111.60238,-7.94867],[111.60347,-7.94814],[111.60383,-7.94815],[111.60507,-7.9496],[111.60505,-7.94977],[111.60522,-7.94991],[111.60539,-7.94953],[111.60599,-7.94887],[111.6062,-7.94824],[111.60555,-7.94738],[111.60524,-7.94729],[111.60488,-7.94738],[111.60302,-7.94669],[111.6027,-7.9462],[111.60295,-7.9457],[111.60294,-7.94547],[111.60236,-7.94535],[111.60218,-7.94512],[111.60161,-7.94513],[111.60052,-7.94454],[111.59999,-7.94478]]}},{"type":"Feature","properties":{"NAMOBJ":"650","REMARK":"Garis Kontur","JNSKNT":1,"VALKNT":650},"geometry":{"type":"LineString","coordinates":[[111.62925,-7.9604],[111.62891,-7.9604],[111.62964,-7.96051],[111.62965,-7.96043],[111.62925,-7.9604]]}},{"type":"Feature","properties":{"NAMOBJ":"137.5","REMARK":"Garis Kontur","JNSKNT":2,"VALKNT":137.5},"geometry":{"type":"MultiLineString","coordinates":[[[111.5571,-7.92587],[111.55754,-7.92569],[111.55802,-7.92574],[111.55728,-7.92595],[111.5568,-7.92635],[111.55642,-7.92694],[111.55681,-7.92722],[111.55691,-7.92712],[111.55722,-7.92732],[111.55798,-7.92698],[111.55844,-7.92707],[111.55768,-7.92723],[111.55707,-7.92751],[111.55634,-7.92721],[111.55528,-7.92733],[111.55463,-7.92661],[111.55269,-7.92668],[111.55213,-7.927],[111.55227,-7.92741],[111.55202,-7.9281],[111.55185,-7.92826],[111.55182,-7.92865],[111.55145,-7.92898],[111.551,-7.92913],[111.55058,-7.9299],[111.55062,-7.93038],[111.55097,-7.93082]],[[111.55662,-7.92633],[111.55697,-7.92593]],[[111.55425,-7.92614],[111.55499,-7.92641]],[[111.55201,-7.9263],[111.55251,-7.9262]],[[111.55158,-7.92784],[111.55166,-7.92781]],[[111.55077,-7.92876],[111.55094,-7.92853]],[[111.55098,-7.93083],[111.55174,-7.93071],[111.55211,-7.93048],[111.55164,-7.93097],[111.55153,-7.93089],[111.55121,-7.93109],[111.55123,-7.93139],[111.55085,-7.93218],[111.55008,-7.93238],[111.55,-7.93298],[111.55027,-7.93316],[111.55137,-7.93296],[111.55178,-7.93339],[111.55132,-7.93322],[111.55053,-7.9334],[111.54985,-7.93332],[111.54919,-7.9327],[111.54843,-7.93246],[111.54826,-7.93279],[111.54709,-7.93346],[111.54625,-7.93378],[111.54589,-7.93431],[111.54514,-7.93416],[111.54443,-7.93512],[111.54401,-7.93552],[111.54367,-7.93553],[111.54381,-7.93575],[111.54303,-7.93634],[111.54279,-7.9372],[111.54141,-7.93786],[111.54122,-7.93833],[111.54072,-7.93875],[111.54015,-7.93961],[111.54035,-7.93982],[111.54004,-7.94012],[111.54029,-7.94023],[111.54089,-7.94018],[111.54177,-7.93976],[111.54258,-7.93986],[111.54372,-7.93963],[111.54556,-7.93981],[111.54594,-7.94018],[111.54605,-7.94116],[111.54598,-7.94193],[111.54619,-7.94224],[111.54712,-7.94171],[111.54656,-7.94253],[111.54555,-7.943],[111.54528,-7.94336],[111.54507,-7.94342],[111.54497,-7.94373],[111.54391,-7.94416],[111.54255,-7.94537],[111.54161,-7.94553],[111.54052,-7.94544],[111.54068,-7.94559],[111.54169,-7.94571],[111.54276,-7.94638],[111.54349,-7.94606],[111.54443,-7.94586],[111.54491,-7.946],[111.54543,-7.94595],[111.54557,-7.94643],[111.5454,-7.94714],[111.54578,-7.94738],[111.54619,-7.94743],[111.54676,-7.94801],[111.54681,-7.94861],[111.54657,-7.94905],[111.54666,-7.94923],[111.54723,-7.94889],[111.54738,-7.94861],[111.54777,-7.94832],[111.54805,-7.94741],[111.54849,-7.94706],[111.54922,-7.94688],[111.54981,-7.94708],[111.55006,-7.9468],[111.55094,-7.94696],[111.55166,-7.94625],[111.5523,-7.94614],[111.55269,-7.94577],[111.55458,-7.94607],[111.55526,-7.94647],[111.55559,-7.94624],[111.55587,-7.94705],[111.55615,-7.94714],[111.55616,-7.94732],[111.5564,-7.94725],[111.55643,-7.94703],[111.55688,-7.94718],[111.5582,-7.94556],[111.55805,-7.94544],[111.55807,-7.94439],[111.55782,-7.94349],[111.55868,-7.94311],[111.55895,-7.94242],[111.55989,-7.9424],[111.56087,-7.94213],[111.56128,-7.9417],[111.56177,-7.94147],[111.56228,-7.94143],[111.56346,-7.94174],[111.56355,-7.94221],[111.56381,-7.94228],[111.56418,-7.94229],[111.56465,-7.94198],[111.56535,-7.94186],[111.56544,-7.94153],[111.56594,-7.94115],[111.56586,-7.94003],[111.56615,-7.93963],[111.56697,-7.93955],[111.56791,-7.9389],[111.56865,-7.93975],[111.56915,-7.93919],[111.56909,-7.93898],[111.5693,-7.93887],[111.56986,-7.93794],[111.57047,-7.93736],[111.57079,-7.93732],[111.5708,-7.9375],[111.57048,-7.93772],[111.56997,-7.93855],[111.56986,-7.93905],[111.56999,-7.93974],[111.56987,-7.94012],[111.56933,-7.94058],[111.56853,-7.94052],[111.5677,-7.94069],[111.56745,-7.94092],[111.56759,-7.94143],[111.56711,-7.94237],[111.56642,-7.94284],[111.56583,-7.94359],[111.56534,-7.94399],[111.56367,-7.94423],[111.56338,-7.94418],[111.56296,-7.94389],[111.56228,-7.94386],[111.56128,-7.94418],[111.56057,-7.94476],[111.56046,-7.94527],[111.56055,-7.94577],[111.56079,-7.94619],[111.56068,-7.94697],[111.55952,-7.94869],[111.55917,-7.94891],[111.55872,-7.94959],[111.55893,-7.94991],[111.55819,-7.94998],[111.55804,-7.95017],[111.55803,-7.9508],[111.55724,-7.95096],[111.55721,-7.95147],[111.55617,-7.95292],[111.55618,-7.9532],[111.55648,-7.95351],[111.55612,-7.95358],[111.55602,-7.95288],[111.55572,-7.95255],[111.55556,-7.95208],[111.55414,-7.95111],[111.55361,-7.95055],[111.55298,-7.95076],[111.55251,-7.95129],[111.55191,-7.95101],[111.55124,-7.9511],[111.55112,-7.95122],[111.55107,-7.95182],[111.55034,-7.95234],[111.55035,-7.95218],[111.5499,-7.95319],[111.54959,-7.95344],[111.54924,-7.95401],[111.54875,-7.95397],[111.5489,-7.95437],[111.54833,-7.95402],[111.5474,-7.95444],[111.54729,-7.95533],[111.54808,-7.95621],[111.54804,-7.95718],[111.54877,-7.95798],[111.54984,-7.95696],[111.54998,-7.95707],[111.5512,-7.95694],[111.55264,-7.95648],[111.55371,-7.95664],[111.55352,-7.95722],[111.55303,-7.95773],[111.55218,-7.95777],[111.55136,-7.95815],[111.5509,-7.95983],[111.54986,-7.96075],[111.55099,-7.96232],[111.5514,-7.96357],[111.55165,-7.96373],[111.55219,-7.96375],[111.55258,-7.96398],[111.55322,-7.9638],[111.55373,-7.96403],[111.55457,-7.96403],[111.55645,-7.96367],[111.55663,-7.96384],[111.55696,-7.96326],[111.55783,-7.96299],[111.55798,-7.96325],[111.55855,-7.96344],[111.5585,-7.96363],[111.55818,-7.96386],[111.55827,-7.96402],[111.55805,-7.96528],[111.55856,-7.96552],[111.5592,-7.96611],[111.55958,-7.96724],[111.55982,-7.96733],[111.56004,-7.96718],[111.56061,-7.96611],[111.56102,-7.96625],[111.56055,-7.96711],[111.56057,-7.96726],[111.56075,-7.96736],[111.56062,-7.96744],[111.56062,-7.96776],[111.56043,-7.96792],[111.56008,-7.96775],[111.5593,-7.96778],[111.55803,-7.96737],[111.55709,-7.96738],[111.55692,-7.96726],[111.55679,-7.96625],[111.55639,-7.96602],[111.55601,-7.96624],[111.5553,-7.96603],[111.55499,-7.96623],[111.55476,-7.96661],[111.55519,-7.96702],[111.55531,-7.96774],[111.55523,-7.96789],[111.55559,-7.96827],[111.5553,-7.96886],[111.55501,-7.96897],[111.55286,-7.96893],[111.55188,-7.96903],[111.55164,-7.96888],[111.55138,-7.96845],[111.55094,-7.96829],[111.55058,-7.96754],[111.54994,-7.96708],[111.54988,-7.96802],[111.55004,-7.96888],[111.55041,-7.97018],[111.55086,-7.97052],[111.55095,-7.97076],[111.55078,-7.97117],[111.55034,-7.97137],[111.54997,-7.97175],[111.54996,-7.97192],[111.54967,-7.97202],[111.54925,-7.9728],[111.54957,-7.9734],[111.54927,-7.97347],[111.54913,-7.97381],[111.54908,-7.97519],[111.54867,-7.97594],[111.54807,-7.97643],[111.54756,-7.97631],[111.54689,-7.9767],[111.54699,-7.97701],[111.54677,-7.97707],[111.54665,-7.97751],[111.54628,-7.97794],[111.54577,-7.97783],[111.54573,-7.97803],[111.54533,-7.9781],[111.54468,-7.97885],[111.54466,-7.97976],[111.54359,-7.98072],[111.54339,-7.98059],[111.54325,-7.97974],[111.54293,-7.98025],[111.54253,-7.98044],[111.543,-7.98049],[111.54293,-7.98082],[111.54261,-7.98123],[111.54201,-7.98107],[111.54095,-7.98122],[111.54037,-7.98112],[111.5399,-7.98139],[111.53947,-7.9809],[111.53944,-7.98062],[111.53932,-7.98061],[111.53898,-7.98129],[111.53872,-7.98134],[111.53843,-7.98116],[111.53803,-7.98128],[111.53795,-7.98144],[111.53749,-7.98068],[111.53698,-7.98044],[111.53691,-7.9811],[111.53671,-7.98126],[111.5373,-7.98155],[111.53734,-7.98171],[111.53647,-7.98137],[111.53629,-7.98112],[111.53593,-7.98128],[111.53523,-7.98118],[111.53472,-7.98124],[111.53599,-7.98161],[111.53447,-7.98196],[111.53346,-7.98199],[111.53381,-7.98232],[111.53377,-7.98305],[111.53352,-7.98299],[111.53286,-7.98324],[111.53249,-7.98324],[111.53228,-7.983],[111.532,-7.9823]],[[111.64858,-8.02148],[111.64922,-8.02096],[111.64987,-8.02095],[111.65074,-8.02055],[111.65103,-8.02055],[111.65141,-8.02003],[111.65215,-8.02007],[111.65247,-8.01954],[111.65288,-8.0199],[111.65312,-8.01991],[111.65356,-8.01951]]]}},{"type":"Feature","properties":{"NAMOBJ":"450","REMARK":"Garis Kontur","JNSKNT":1,"VALKNT":450},"geometry":{"type":"LineString","coordinates":[[111.58901,-7.96506],[111.58939,-7.96539],[111.5898,-7.96547],[111.58912,-7.96505],[111.5889,-7.96425],[111.58881,-7.96463],[111.58901,-7.96506]]}},{"type":"Feature","properties":{"NAMOBJ":"487.5","REMARK":"Garis Kontur","JNSKNT":2,"VALKNT":487.5},"geometry":{"type":"LineString","coordinates":[[111.55514,-7.98524],[111.55569,-7.98567],[111.55598,-7.98513],[111.55581,-7.9839],[111.55583,-7.983],[111.55542,-7.98224],[111.5554,-7.98262],[111.55515,-7.98301],[111.55459,-7.98355],[111.55363,-7.98413],[111.5539,-7.98492],[111.55425,-7.9846],[111.55466,-7.98452],[111.55487,-7.98468],[111.55514,-7.98524]]}},{"type":"Feature","properties":{"NAMOBJ":"650","REMARK":"Garis Kontur","JNSKNT":1,"VALKNT":650},"geometry":{"type":"LineString","coordinates":[[111.64823,-7.97735],[111.64746,-7.97759],[111.64721,-7.97812],[111.64716,-7.97856],[111.64738,-7.9788],[111.64787,-7.97868],[111.64867,-7.97779],[111.64883,-7.97709],[111.64876,-7.97701],[111.64858,-7.97729],[111.64823,-7.97735]]}},{"type":"Feature","properties":{"NAMOBJ":"612.5","REMARK":"Garis Kontur","JNSKNT":2,"VALKNT":612.5},"geometry":{"type":"LineString","coordinates":[[111.64132,-7.9967],[111.64202,-7.99563],[111.64196,-7.99553],[111.64154,-7.9959],[111.64155,-7.99617],[111.64117,-7.99674],[111.64132,-7.9967]]}},{"type":"Feature","properties":{"NAMOBJ":"237.5","REMARK":"Garis Kontur","JNSKNT":2,"VALKNT":237.5},"geometry":{"type":"LineString","coordinates":[[111.58863,-7.93955],[111.58854,-7.93951],[111.58891,-7.94002],[111.58964,-7.94044],[111.58941,-7.9399],[111.58863,-7.93955]]}},{"type":"Feature","properties":{"NAMOBJ":"700","REMARK":"Garis Kontur","JNSKNT":1,"VALKNT":700},"geometry":{"type":"LineString","coordinates":[[111.65197,-7.96582],[111.65203,-7.96589],[111.65212,-7.96588],[111.65207,-7.96574],[111.65197,-7.96582]]}},{"type":"Feature","properties":{"NAMOBJ":"562.5","REMARK":"Garis Kontur","JNSKNT":2,"VALKNT":562.5},"geometry":{"type":"LineString","coordinates":[[111.60218,-8.0],[111.60175,-8.0009],[111.60116,-8.00066],[111.60108,-8.0015],[111.60085,-8.00179],[111.60072,-8.00175],[111.60036,-8.00225],[111.60045,-8.00255],[111.60034,-8.00307],[111.59966,-8.00363],[111.59929,-8.00295],[111.59927,-8.00232],[111.59881,-8.00166],[111.59916,-8.00142],[111.59916,-8.0008],[111.5998,-8.00045],[111.6004,-7.99958],[111.60031,-7.99912],[111.60008,-7.99878],[111.6005,-7.99827],[111.60045,-7.99776],[111.60122,-7.99758],[111.60155,-7.99713],[111.60197,-7.99697],[111.60268,-7.99772],[111.60253,-7.99825],[111.60266,-7.99902],[111.60235,-7.99942],[111.60218,-8.0]]}},{"type":"Feature","properties":{"NAMOBJ":"712.5","REMARK":"Garis Kontur","JNSKNT":2,"VALKNT":712.5},"geometry":{"type":"LineString","coordinates":[[111.64165,-7.96735],[111.64151,-7.96746],[111.64136,-7.96739],[111.64106,-7.9669],[111.64064,-7.967],[111.64106,-7.96728],[111.64096,-7.968],[111.64148,-7.9685],[111.642,-7.96812],[111.64318,-7.96828],[111.64386,-7.96773],[111.64368,-7.96772],[111.64388,-7.96672],[111.64323,-7.9667],[111.64165,-7.96735]]}},{"type":"Feature","properties":{"NAMOBJ":"562.5","REMARK":"Garis Kontur","JNSKNT":2,"VALKNT":562.5},"geometry":{"type":"LineString","coordinates":[[111.62688,-7.9645],[111.62685,-7.96428],[111.62623,-7.96381],[111.62642,-7.96466],[111.62688,-7.9645]]}},{"type":"Feature","properties":{"NAMOBJ":"587.5","REMARK":"Garis Kontur","JNSKNT":2,"VALKNT":587.5},"geometry":{"type":"LineString","coordinates":[[111.61482,-8.0],[111.6151,-7.9996],[111.61503,-7.99942],[111.61555,-7.99881],[111.61545,-7.99869],[111.61446,-7.99848],[111.61434,-7.99872],[111.6146,-7.99917],[111.61429,-7.99928],[111.61417,-7.9996],[111.61459,-8.00032],[111.61464,-8.00078],[111.61482,-8.0]]}},{"type":"Feature","properties":{"NAMOBJ":"600","REMARK":"Garis Kontur","JNSKNT":1,"VALKNT":600},"geometry":{"type":"LineString","coordinates":[[111.61465,-7.99931],[111.61442,-7.99937],[111.6143,-7.99956],[111.6146,-7.9998],[111.61465,-7.99931]]}},{"type":"Feature","properties":{"NAMOBJ":"450","REMARK":"Garis Kontur","JNSKNT":1,"VALKNT":450},"geometry":{"type":"MultiLineString","coordinates":[[[111.61889,-8.00839],[111.61833,-8.00813],[111.61837,-8.00854]],[[111.61837,-8.00854],[111.61845,-8.00865]]]}},{"type":"Feature","properties":{"NAMOBJ":"687.5","REMARK":"Garis Kontur","JNSKNT":2,"VALKNT":687.5},"geometry":{"type":"LineString","coordinates":[[111.54782,-8.04219],[111.54788,-8.04167],[111.54755,-8.04109],[111.54642,-8.04099],[111.54593,-8.04078],[111.54609,-8.04036],[111.54626,-8.04033],[111.54614,-8.04013],[111.54541,-8.03971],[111.54522,-8.03905],[111.54446,-8.03891],[111.54387,-8.0382],[111.5447,-8.0381],[111.54504,-8.03775],[111.54547,-8.03768],[111.54588,-8.03672],[111.54632,-8.03671],[111.54678,-8.03732],[111.54701,-8.03725],[111.54761,-8.03739],[111.54778,-8.03719],[111.54679,-8.03672],[111.54638,-8.03631],[111.54566,-8.03619],[111.54496,-8.03538],[111.54462,-8.03525],[111.54447,-8.03532],[111.54341,-8.03464],[111.54404,-8.03402],[111.54424,-8.03318],[111.54446,-8.03298],[111.54453,-8.03266],[111.54441,-8.03193],[111.54492,-8.03132],[111.54491,-8.03041],[111.54469,-8.02974],[111.54572,-8.0289],[111.54593,-8.02847],[111.54539,-8.02831],[111.54413,-8.02828],[111.5437,-8.02807],[111.54283,-8.02834],[111.54309,-8.0277],[111.54282,-8.02653],[111.54359,-8.02653],[111.54426,-8.0257],[111.54486,-8.02563],[111.54551,-8.02503],[111.54519,-8.02438],[111.54566,-8.02327],[111.54532,-8.0235],[111.54482,-8.02448],[111.54447,-8.02476],[111.54339,-8.02239],[111.54311,-8.02124],[111.54394,-8.02047],[111.54374,-8.01978],[111.54447,-8.01961],[111.54547,-8.01968],[111.54569,-8.01923],[111.54573,-8.01879],[111.54584,-8.01878],[111.54503,-8.01753],[111.54532,-8.01756],[111.54531,-8.01737],[111.54599,-8.01729],[111.54651,-8.01684],[111.54638,-8.0161],[111.54584,-8.01677],[111.54519,-8.01726],[111.54486,-8.01742],[111.54419,-8.01727],[111.54393,-8.01736],[111.54357,-8.0178],[111.54252,-8.0184],[111.54195,-8.01915],[111.54169,-8.01894],[111.5409,-8.01881],[111.54067,-8.01918],[111.54072,-8.01966],[111.54058,-8.02057],[111.53995,-8.02069],[111.53896,-8.02125],[111.53814,-8.02137],[111.53724,-8.02198]]}},{"type":"Feature","properties":{"NAMOBJ":"487.5","REMARK":"Garis Kontur","JNSKNT":2,"VALKNT":487.5},"geometry":{"type":"LineString","coordinates":[[111.64257,-8.00142],[111.64285,-8.00201],[111.64317,-8.00201],[111.64325,-8.00132],[111.64276,-8.00098],[111.64257,-8.00142]]}},{"type":"Feature","properties":{"NAMOBJ":"450","REMARK":"Garis Kontur","JNSKNT":1,"VALKNT":450},"geometry":{"type":"LineString","coordinates":[[111.65534,-7.99939],[111.65484,-7.99903],[111.65415,-7.99896],[111.65431,-7.99925],[111.65466,-7.99927],[111.65523,-7.99954]]}},{"type":"Feature","properties":{"NAMOBJ":"275","REMARK":"Garis Kontur","JNSKNT":2,"VALKNT":275},"geometry":{"type":"MultiLineString","coordinates":[[[111.59054,-7.93147],[111.59022,-7.93162],[111.58954,-7.9323],[111.5894,-7.9326],[111.58943,-7.93298],[111.5897,-7.93306],[111.58986,-7.93286],[111.5903,-7.93286],[111.59156,-7.93307],[111.59246,-7.93267]],[[111.625,-7.94388],[111.6257,-7.94284],[111.62537,-7.94245],[111.62516,-7.94129],[111.62476,-7.94133],[111.62439,-7.94177],[111.62414,-7.94176],[111.62375,-7.94128],[111.62301,-7.94082],[111.6224,-7.94078],[111.62243,-7.94045],[111.62188,-7.93989],[111.62142,-7.94007],[111.62066,-7.93978],[111.61926,-7.93965],[111.61916,-7.93999],[111.61943,-7.94049],[111.61946,-7.94087],[111.61996,-7.94134],[111.61996,-7.94201],[111.62008,-7.94223],[111.61825,-7.94207],[111.61765,-7.94186],[111.61745,-7.94198],[111.61698,-7.94074],[111.61704,-7.93987],[111.61676,-7.93871],[111.61628,-7.93857],[111.61574,-7.93938],[111.61521,-7.93923],[111.61472,-7.93894],[111.61354,-7.93772],[111.6129,-7.93839],[111.61298,-7.93897],[111.61341,-7.93949],[111.61331,-7.93987],[111.61373,-7.94093],[111.61312,-7.94135],[111.61358,-7.94249],[111.61313,-7.94323],[111.61225,-7.94352],[111.61224,-7.94321],[111.61151,-7.94272],[111.61171,-7.94248],[111.6115,-7.94174],[111.6109,-7.9413],[111.61057,-7.94088],[111.61036,-7.93994],[111.60959,-7.93975],[111.60947,-7.93996],[111.609,-7.93966],[111.60958,-7.93874],[111.60999,-7.93853],[111.60985,-7.93811],[111.60989,-7.93753],[111.60946,-7.93772],[111.6088,-7.93837],[111.60824,-7.93807],[111.60834,-7.93775],[111.60788,-7.93776],[111.60758,-7.93745],[111.6075,-7.93799],[111.60782,-7.93809],[111.60718,-7.93847],[111.60698,-7.93897],[111.60608,-7.93939],[111.60575,-7.93924],[111.60555,-7.93929],[111.60544,-7.93914],[111.60496,-7.93929],[111.60488,-7.93876],[111.60456,-7.93827],[111.60477,-7.93756],[111.60468,-7.93724],[111.60358,-7.93725],[111.60335,-7.93741],[111.60305,-7.9372],[111.60264,-7.93728],[111.60236,-7.93673],[111.60154,-7.93692],[111.60134,-7.93639],[111.60161,-7.93611],[111.60116,-7.93628],[111.60031,-7.93611],[111.59983,-7.93683],[111.59945,-7.93676],[111.59896,-7.9362],[111.5988,-7.93532],[111.5979,-7.93627],[111.59755,-7.93612],[111.59677,-7.93505],[111.59621,-7.93514],[111.59623,-7.9354],[111.59565,-7.93622],[111.59537,-7.93704],[111.59436,-7.93789],[111.59442,-7.93823],[111.59398,-7.93897],[111.59409,-7.93939],[111.59336,-7.9395],[111.59348,-7.93973],[111.59353,-7.9408],[111.59331,-7.9411],[111.59335,-7.94134],[111.5931,-7.9413],[111.59241,-7.94173],[111.59251,-7.94264],[111.5931,-7.94327],[111.59284,-7.94353],[111.59234,-7.94349],[111.59289,-7.94475],[111.5924,-7.94506],[111.59222,-7.94543],[111.59294,-7.94589],[111.59296,-7.94609],[111.59256,-7.94625],[111.5937,-7.94685],[111.59337,-7.94717],[111.59338,-7.94741],[111.59384,-7.94804],[111.5943,-7.94829],[111.59426,-7.94914],[111.59473,-7.94915],[111.59498,-7.94948],[111.59446,-7.95006],[111.59438,-7.95054],[111.59421,-7.95074],[111.59417,-7.95149],[111.59382,-7.95188],[111.59377,-7.95227],[111.59459,-7.9516],[111.59493,-7.9515],[111.59518,-7.95167],[111.59524,-7.95146],[111.59548,-7.95144],[111.59547,-7.95174],[111.59614,-7.95246],[111.59564,-7.95312],[111.59552,-7.95359],[111.5955,-7.95422],[111.59571,-7.9547],[111.59585,-7.95462],[111.59644,-7.95472],[111.59726,-7.95409],[111.59738,-7.95444],[111.5984,-7.95511],[111.59826,-7.95562],[111.59779,-7.95538],[111.59697,-7.95567],[111.59653,-7.95558],[111.59609,-7.95572],[111.59573,-7.95567],[111.59576,-7.95642],[111.59604,-7.95755],[111.59499,-7.95732],[111.59473,-7.95785],[111.59464,-7.95844],[111.59481,-7.9592],[111.59415,-7.95905],[111.59383,-7.95842],[111.59392,-7.95917],[111.59383,-7.95953],[111.59404,-7.95998],[111.59357,-7.96001],[111.59279,-7.96043],[111.59277,-7.96086],[111.59285,-7.96117],[111.59352,-7.9614],[111.59451,-7.96205],[111.59525,-7.96229],[111.59514,-7.96252],[111.59535,-7.96264],[111.59551,-7.96326],[111.59495,-7.96363],[111.59473,-7.96394],[111.59448,-7.96519],[111.59451,-7.96554],[111.59515,-7.96632],[111.59646,-7.96645],[111.59705,-7.96612],[111.59725,-7.96575],[111.59864,-7.96546],[111.5988,-7.96526],[111.59912,-7.96546],[111.59953,-7.9655],[111.59997,-7.96596],[111.59953,-7.96582],[111.5988,-7.96608],[111.59841,-7.96597],[111.59773,-7.96624],[111.59751,-7.96661],[111.59688,-7.96716],[111.59667,-7.96708],[111.59529,-7.96742],[111.59483,-7.96725],[111.59422,-7.96681],[111.59404,-7.96599],[111.59313,-7.96571],[111.59314,-7.96476],[111.59351,-7.96392],[111.59335,-7.9634],[111.59343,-7.96301],[111.59185,-7.96275],[111.59157,-7.96246],[111.5913,-7.96246],[111.5913,-7.9619],[111.59105,-7.96159],[111.59077,-7.96016],[111.5914,-7.95998],[111.59103,-7.95926],[111.59165,-7.9587],[111.5913,-7.95802],[111.59122,-7.95744],[111.59183,-7.95749],[111.59242,-7.95708],[111.59254,-7.95717],[111.59381,-7.95623],[111.59412,-7.95585],[111.59392,-7.95555],[111.59387,-7.95509],[111.59409,-7.95394],[111.59261,-7.95443],[111.59177,-7.95313],[111.59132,-7.95301],[111.59067,-7.95318],[111.59017,-7.9527],[111.58926,-7.95249],[111.58991,-7.95183],[111.59047,-7.95079],[111.59045,-7.95061],[111.59066,-7.95042],[111.59059,-7.94952],[111.59122,-7.94927],[111.59077,-7.94873],[111.59071,-7.94799],[111.59026,-7.94768],[111.58999,-7.94779],[111.58899,-7.94775],[111.58903,-7.94742],[111.58886,-7.94689],[111.58821,-7.94654],[111.58778,-7.9458],[111.58704,-7.94591],[111.58704,-7.9454],[111.58639,-7.94507],[111.58647,-7.94433],[111.5862,-7.94379],[111.58665,-7.94279],[111.5864,-7.94251],[111.58561,-7.9422],[111.58506,-7.94179],[111.58312,-7.93972],[111.58209,-7.93905],[111.58238,-7.93847],[111.58241,-7.93812],[111.58265,-7.9378],[111.58276,-7.93711],[111.58184,-7.93672],[111.58166,-7.93641],[111.58117,-7.9372],[111.58087,-7.9374],[111.58062,-7.93794],[111.58008,-7.93796],[111.57977,-7.93838],[111.57907,-7.93839],[111.57886,-7.93828],[111.57885,-7.93893],[111.57913,-7.93956],[111.5791,-7.93994],[111.57977,-7.94084],[111.57976,-7.94165],[111.57993,-7.94242],[111.5809,-7.94291],[111.58064,-7.94353],[111.58049,-7.94613],[111.58061,-7.94637],[111.57993,-7.94743],[111.57942,-7.94787],[111.57949,-7.949],[111.58007,-7.94969],[111.58033,-7.95023],[111.5815,-7.95068],[111.58176,-7.9511],[111.58316,-7.9517],[111.58368,-7.95228],[111.58374,-7.95257],[111.58408,-7.95279],[111.58501,-7.95295],[111.58434,-7.95346],[111.58455,-7.95395],[111.5845,-7.95426],[111.58468,-7.95449],[111.58471,-7.95493],[111.58427,-7.95511],[111.58385,-7.95551],[111.58363,-7.95618],[111.58388,-7.95665],[111.58349,-7.9571],[111.58331,-7.9576],[111.58457,-7.95869],[111.58623,-7.95948],[111.5859,-7.95968],[111.58543,-7.96039],[111.5855,-7.96051],[111.58457,-7.96097],[111.58381,-7.96168],[111.58408,-7.9625],[111.58397,-7.96306],[111.58403,-7.96387],[111.5843,-7.96448],[111.58438,-7.9651],[111.585,-7.96574],[111.58717,-7.96602],[111.58672,-7.96703],[111.58694,-7.96737],[111.58805,-7.96786],[111.58884,-7.96772],[111.5899,-7.96892],[111.59121,-7.96849],[111.59177,-7.96851],[111.59277,-7.968],[111.59309,-7.96809],[111.59341,-7.96854],[111.59393,-7.96889],[111.59404,-7.96925],[111.59345,-7.96901],[111.59299,-7.96917],[111.59286,-7.96967],[111.59302,-7.97009],[111.59252,-7.97005],[111.59237,-7.9702],[111.59234,-7.9711],[111.59203,-7.97116],[111.59121,-7.97092],[111.59164,-7.9716],[111.5914,-7.97196],[111.59087,-7.97226],[111.59052,-7.97271],[111.59054,-7.97311],[111.59079,-7.97333],[111.59128,-7.97307],[111.59201,-7.97302],[111.59207,-7.97313],[111.59275,-7.9726],[111.59341,-7.97318],[111.59393,-7.97256],[111.59419,-7.97285],[111.59467,-7.9731],[111.5964,-7.97322],[111.59607,-7.97342],[111.59577,-7.97388],[111.59592,-7.97407],[111.59663,-7.97465],[111.59734,-7.9748],[111.59795,-7.97552],[111.59909,-7.97556],[111.59826,-7.97617],[111.59763,-7.97709],[111.59631,-7.97699],[111.59628,-7.97657],[111.59547,-7.97643],[111.59493,-7.97732],[111.59507,-7.97823],[111.59383,-7.97896],[111.5937,-7.97926],[111.5934,-7.97907],[111.59341,-7.97931],[111.59321,-7.97964],[111.59316,-7.98071],[111.59303,-7.98123],[111.59278,-7.98161],[111.59184,-7.98126],[111.59123,-7.9814],[111.59092,-7.98159],[111.59084,-7.98178],[111.58988,-7.982],[111.58921,-7.98161],[111.58907,-7.98174],[111.58833,-7.98143],[111.58784,-7.98094],[111.58723,-7.98084],[111.58757,-7.98146],[111.58776,-7.98222],[111.58841,-7.98246],[111.58974,-7.9842],[111.59052,-7.98464],[111.59027,-7.98525],[111.59064,-7.9856],[111.59071,-7.98603],[111.5912,-7.98611],[111.59078,-7.98656],[111.59015,-7.98697],[111.59052,-7.98816],[111.59036,-7.98871],[111.59084,-7.98948],[111.58934,-7.98948],[111.58791,-7.98982],[111.58741,-7.98957],[111.58674,-7.98843],[111.5865,-7.98824],[111.58616,-7.98822],[111.58612,-7.98857],[111.58647,-7.9898],[111.58653,-7.99049],[111.58699,-7.99121],[111.5881,-7.99111],[111.58914,-7.99152],[111.58896,-7.99171],[111.58905,-7.99212],[111.58897,-7.99235],[111.58967,-7.99257],[111.59103,-7.99271],[111.59113,-7.9933],[111.59074,-7.99411],[111.59148,-7.99496],[111.5918,-7.99553],[111.59239,-7.99577],[111.5926,-7.9957],[111.59254,-7.99597],[111.59267,-7.9963],[111.59231,-7.99643],[111.59199,-7.9968],[111.59224,-7.99745],[111.592,-7.99779],[111.5909,-7.99803],[111.59038,-7.99788],[111.59056,-7.99898],[111.5904,-7.99938],[111.58977,-7.99926],[111.58893,-7.99859],[111.58869,-7.99863],[111.58748,-7.99823],[111.58743,-7.99866],[111.58718,-7.99899],[111.58623,-7.99929],[111.58607,-8.00093],[111.58724,-8.00141],[111.5879,-8.00197],[111.58807,-8.00227],[111.58777,-8.00246],[111.58773,-8.00263],[111.58788,-8.00313],[111.58741,-8.00385],[111.58637,-8.00395],[111.5854,-8.00444],[111.58566,-8.00538],[111.58506,-8.00555],[111.5844,-8.00528],[111.5835,-8.0058],[111.5831,-8.00581],[111.58351,-8.00681],[111.58382,-8.00706],[111.58426,-8.00806],[111.58436,-8.00885],[111.58488,-8.00915],[111.58426,-8.00918],[111.58348,-8.00877],[111.58189,-8.009],[111.58122,-8.00935],[111.58124,-8.01069],[111.58181,-8.01157],[111.58098,-8.012],[111.58078,-8.01276],[111.58039,-8.0135],[111.58013,-8.01293],[111.58038,-8.01154],[111.57927,-8.01013],[111.57912,-8.00933],[111.57895,-8.00917],[111.57853,-8.00798],[111.57817,-8.00819],[111.57804,-8.00853],[111.57716,-8.00883],[111.57644,-8.00855],[111.57627,-8.00868],[111.57589,-8.00953],[111.57561,-8.01144],[111.57498,-8.01082],[111.57459,-8.01077],[111.57434,-8.01107],[111.57354,-8.01024],[111.57327,-8.01024],[111.57258,-8.01063],[111.5724,-8.01002],[111.57149,-8.00943],[111.56987,-8.01],[111.56965,-8.0103],[111.56955,-8.01013],[111.56892,-8.01026],[111.56853,-8.01006],[111.56769,-8.01038],[111.5675,-8.0096],[111.56907,-8.0092],[111.56933,-8.00865],[111.56953,-8.00851],[111.56935,-8.00778],[111.56956,-8.00749],[111.56975,-8.00743],[111.56988,-8.00698],[111.57009,-8.00682],[111.56979,-8.00627],[111.56966,-8.00567],[111.56937,-8.00527],[111.5694,-8.00495],[111.56997,-8.00542],[111.57048,-8.00517],[111.57063,-8.00492],[111.57125,-8.00507],[111.57152,-8.00496],[111.57178,-8.00481],[111.57205,-8.00434],[111.57257,-8.00466],[111.57287,-8.00457],[111.57336,-8.0048],[111.57405,-8.0045],[111.57472,-8.00463],[111.57505,-8.00414],[111.57511,-8.00379],[111.57579,-8.00324],[111.57641,-8.00217],[111.57642,-8.00202],[111.57594,-8.00154],[111.57577,-8.00114],[111.57504,-8.00052],[111.57602,-8.0004],[111.57623,-8.00054],[111.57632,-8.00019],[111.57696,-7.9996],[111.57716,-7.99812],[111.57796,-7.99761],[111.57794,-7.99733],[111.57733,-7.99656],[111.57493,-7.99679],[111.57503,-7.99647],[111.57542,-7.99609],[111.57547,-7.99581],[111.57531,-7.99477],[111.57478,-7.99442],[111.57577,-7.99361],[111.57581,-7.99226],[111.57558,-7.99174],[111.57453,-7.9918],[111.57439,-7.99163],[111.57423,-7.99189],[111.57367,-7.99231],[111.57284,-7.99169],[111.57268,-7.99185],[111.57262,-7.99245],[111.57206,-7.99276],[111.57178,-7.99256],[111.57154,-7.99198],[111.57124,-7.99258],[111.57046,-7.99306],[111.57005,-7.99277],[111.56871,-7.99291],[111.568,-7.99326],[111.56801,-7.99146],[111.56816,-7.99143],[111.56836,-7.99057],[111.56882,-7.98989],[111.56861,-7.98923],[111.56905,-7.9888],[111.56923,-7.98833],[111.56785,-7.98683],[111.56832,-7.9863],[111.56745,-7.98579],[111.56778,-7.98468],[111.56697,-7.98369],[111.56656,-7.98286],[111.56693,-7.9824],[111.5662,-7.98135],[111.56683,-7.98056],[111.56655,-7.97944],[111.56618,-7.97937],[111.56586,-7.97978],[111.56578,-7.98011],[111.56543,-7.9806],[111.56524,-7.98148],[111.56472,-7.9815],[111.56489,-7.98204],[111.56485,-7.98296],[111.56529,-7.98354],[111.56575,-7.98485],[111.56537,-7.9852],[111.56514,-7.98519],[111.56546,-7.9858],[111.56504,-7.98602],[111.56483,-7.98644],[111.56483,-7.98842],[111.56436,-7.98851],[111.56425,-7.98897],[111.56443,-7.98949],[111.56437,-7.98974],[111.56389,-7.99005],[111.56303,-7.98849],[111.56225,-7.98832],[111.56234,-7.98778],[111.5627,-7.98743],[111.56239,-7.98747],[111.56142,-7.98704],[111.56049,-7.98712],[111.56097,-7.98652],[111.56173,-7.98609],[111.56183,-7.98567],[111.56089,-7.98521],[111.56078,-7.98422],[111.56056,-7.98373],[111.55978,-7.9831],[111.55997,-7.98227],[111.55891,-7.98219],[111.55886,-7.98193],[111.55834,-7.98157],[111.55853,-7.98082],[111.55783,-7.9799],[111.55776,-7.97905],[111.5575,-7.97868],[111.55763,-7.978],[111.55706,-7.97795],[111.55645,-7.97763],[111.55625,-7.97705],[111.55622,-7.97641],[111.55545,-7.97587],[111.55531,-7.97502],[111.55494,-7.97468],[111.55456,-7.97534],[111.5545,-7.97634],[111.55431,-7.97684],[111.55373,-7.97691],[111.55337,-7.97767],[111.55216,-7.97738],[111.55178,-7.97771],[111.5517,-7.97798],[111.5513,-7.97821],[111.55156,-7.97888],[111.55178,-7.98051],[111.5515,-7.98096],[111.55221,-7.98139],[111.55157,-7.98187],[111.55072,-7.98298],[111.54919,-7.98348],[111.54934,-7.98395],[111.55002,-7.98492],[111.55066,-7.9851],[111.5509,-7.98582],[111.55156,-7.98623],[111.55182,-7.9861],[111.55167,-7.98703],[111.55225,-7.98733],[111.55254,-7.98802],[111.55327,-7.98791],[111.55393,-7.98896],[111.55446,-7.98919],[111.55511,-7.98909],[111.55525,-7.98963],[111.55569,-7.99022],[111.5561,-7.99123],[111.5561,-7.99175],[111.55566,-7.99165],[111.55523,-7.99218],[111.55468,-7.9918],[111.5539,-7.99208],[111.55414,-7.99294],[111.55448,-7.99317],[111.55471,-7.99393],[111.55397,-7.99352],[111.55315,-7.99373],[111.55287,-7.9943],[111.55222,-7.99479],[111.55218,-7.99519],[111.55134,-7.99467],[111.55081,-7.99385],[111.55078,-7.99482],[111.55047,-7.99523],[111.55096,-7.99578],[111.55131,-7.9966],[111.55066,-7.99703],[111.55106,-7.99772],[111.55063,-7.99809],[111.55058,-7.99863],[111.55025,-7.99866],[111.54993,-7.99833],[111.54943,-7.99756],[111.5493,-7.99688],[111.54872,-7.99657],[111.54784,-7.99638],[111.54735,-7.99606],[111.54711,-7.99609],[111.54694,-7.99678],[111.54711,-7.99732],[111.54771,-7.99833],[111.54804,-7.99864],[111.54852,-7.99862],[111.54868,-7.99957],[111.54829,-8.00014],[111.549,-8.00033],[111.54908,-8.00051],[111.54942,-8.00067],[111.54956,-8.00082],[111.54952,-8.00139],[111.54965,-8.00181],[111.54995,-8.00184],[111.54973,-8.00198],[111.54971,-8.00219],[111.54997,-8.00274],[111.54926,-8.00267],[111.54874,-8.00285],[111.54893,-8.0037],[111.54994,-8.00413],[111.54946,-8.00429],[111.54916,-8.00455],[111.54941,-8.00544],[111.54926,-8.00589],[111.54888,-8.0056],[111.54851,-8.00571],[111.54793,-8.0051],[111.54726,-8.00466],[111.54708,-8.00474],[111.54708,-8.00501],[111.54641,-8.0057],[111.54574,-8.00512],[111.54526,-8.00504],[111.545,-8.00432],[111.54479,-8.00415],[111.54416,-8.00418],[111.5438,-8.00441],[111.54359,-8.00415],[111.54356,-8.00335],[111.54304,-8.00287],[111.54273,-8.00147],[111.54305,-8.00099],[111.54262,-8.00096],[111.54203,-8.00066],[111.54152,-8.00116],[111.54169,-8.00234],[111.54082,-8.00419],[111.5411,-8.0045],[111.54115,-8.00509],[111.54148,-8.00598],[111.54218,-8.0068],[111.54186,-8.00705],[111.54151,-8.00791],[111.54199,-8.00849],[111.54181,-8.00873],[111.54133,-8.00882],[111.54084,-8.00953],[111.5408,-8.0099],[111.54059,-8.01024],[111.54,-8.00975],[111.53978,-8.00972]],[[111.62484,-7.94419],[111.62494,-7.94397]],[[111.62501,-7.94405],[111.62485,-7.94419]],[[111.53747,-8.00544],[111.53741,-8.00515],[111.53708,-8.00518],[111.53549,-8.00469],[111.53555,-8.00402],[111.53514,-8.00372],[111.53497,-8.00338],[111.53496,-8.00256],[111.5351,-8.00223],[111.53502,-8.00196],[111.53555,-8.00129],[111.53575,-8.00062],[111.5356,-8.00006],[111.53491,-7.99994],[111.53461,-8.00011],[111.53438,-8.00056],[111.53441,-8.00197]],[[111.64693,-8.01439],[111.64703,-8.01424],[111.64748,-8.01459],[111.64745,-8.01472],[111.64781,-8.01493],[111.64832,-8.01467],[111.64882,-8.01529],[111.64974,-8.0159],[111.64999,-8.01593],[111.65021,-8.01571],[111.65047,-8.01567],[111.65039,-8.01554],[111.6507,-8.01489],[111.65036,-8.01526],[111.6504,-8.01466],[111.65108,-8.01398],[111.65084,-8.01385],[111.65059,-8.01314],[111.65062,-8.01221],[111.65033,-8.01184],[111.65032,-8.01116],[111.65067,-8.01108],[111.65146,-8.01128],[111.65212,-8.01059],[111.65218,-8.01035],[111.65266,-8.01],[111.65246,-8.00945],[111.6529,-8.00852],[111.65276,-8.00819],[111.65281,-8.00763],[111.65269,-8.00744],[111.65145,-8.00678],[111.65158,-8.00651],[111.65148,-8.00639],[111.65182,-8.00636],[111.65201,-8.00612],[111.65161,-8.00458],[111.65272,-8.00521],[111.65376,-8.00543],[111.65379,-8.00494],[111.65428,-8.00487],[111.65438,-8.00427],[111.65518,-8.00403],[111.65481,-8.00248]],[[111.62567,-8.01042],[111.62599,-8.0107],[111.62643,-8.01049]],[[111.60579,-8.01944],[111.60627,-8.0192],[111.6065,-8.01857],[111.60645,-8.01704],[111.60583,-8.01686],[111.60585,-8.01668],[111.60535,-8.01588],[111.60646,-8.01518],[111.60663,-8.01476],[111.60662,-8.01386],[111.60645,-8.01371],[111.60666,-8.01304],[111.60619,-8.01211],[111.60762,-8.01114],[111.60772,-8.01116],[111.60765,-8.01129],[111.60678,-8.01219],[111.60741,-8.01386],[111.60711,-8.01416],[111.60728,-8.01488],[111.6069,-8.01575]],[[111.57061,-8.04837],[111.5706,-8.04816],[111.57192,-8.04819],[111.57265,-8.04798],[111.57285,-8.04763],[111.57315,-8.0475],[111.57336,-8.04547],[111.57306,-8.04331],[111.57327,-8.04124],[111.5732,-8.04077],[111.57341,-8.04037],[111.5734,-8.03942],[111.57364,-8.03937],[111.57419,-8.03847],[111.57397,-8.0376],[111.57361,-8.03725],[111.57329,-8.03721],[111.57335,-8.03669],[111.57299,-8.0354],[111.57209,-8.03489],[111.57094,-8.0345],[111.57036,-8.03355],[111.57028,-8.03307],[111.57107,-8.03368],[111.57173,-8.03365],[111.57243,-8.03338],[111.57262,-8.0327],[111.57279,-8.03257],[111.57316,-8.03276],[111.57344,-8.03341],[111.57428,-8.03313],[111.57445,-8.03434],[111.57488,-8.03479],[111.57485,-8.03496],[111.57535,-8.0358],[111.57596,-8.03593],[111.57627,-8.03675],[111.57677,-8.03663],[111.57695,-8.03687],[111.57723,-8.03688],[111.57758,-8.03657]]]}},{"type":"Feature","properties":{"NAMOBJ":"537.5","REMARK":"Garis Kontur","JNSKNT":2,"VALKNT":537.5},"geometry":{"type":"MultiLineString","coordinates":[[[111.58444,-8.02475],[111.58356,-8.02474],[111.58278,-8.02502],[111.5826,-8.02522],[111.58171,-8.02564],[111.58119,-8.0255],[111.58116,-8.02586],[111.58161,-8.02675]],[[111.58161,-8.02675],[111.58243,-8.02687]]]}},{"type":"Feature","properties":{"NAMOBJ":"537.5","REMARK":"Garis Kontur","JNSKNT":2,"VALKNT":537.5},"geometry":{"type":"LineString","coordinates":[[111.56869,-8.01805],[111.56883,-8.01872],[111.5685,-8.01946],[111.56838,-8.02017],[111.56879,-8.02003],[111.56899,-8.01944],[111.56956,-8.0192],[111.56973,-8.0175],[111.56943,-8.01735],[111.56914,-8.0181],[111.56869,-8.01805]]}},{"type":"Feature","properties":{"NAMOBJ":"287.5","REMARK":"Garis Kontur","JNSKNT":2,"VALKNT":287.5},"geometry":{"type":"LineString","coordinates":[[111.53454,-8.00266],[111.53462,-8.00303],[111.53476,-8.00285],[111.53472,-8.00252],[111.53491,-8.00189],[111.53535,-8.00132],[111.53548,-8.00082],[111.53461,-8.00072],[111.5347,-8.00175],[111.53454,-8.00266]]}},{"type":"Feature","properties":{"NAMOBJ":"625","REMARK":"Garis Kontur","JNSKNT":2,"VALKNT":625},"geometry":{"type":"LineString","coordinates":[[111.62426,-7.97876],[111.62411,-7.97833],[111.62338,-7.97812],[111.62272,-7.97881],[111.62324,-7.97929],[111.62398,-7.97948],[111.62392,-7.97967],[111.62408,-7.97975],[111.62441,-7.97911],[111.62426,-7.97876]]}},{"type":"Feature","properties":{"NAMOBJ":"450","REMARK":"Garis Kontur","JNSKNT":1,"VALKNT":450},"geometry":{"type":"LineString","coordinates":[[111.55259,-8.04627],[111.55258,-8.04611],[111.55345,-8.04716],[111.55425,-8.04765],[111.55446,-8.04755],[111.55459,-8.04772],[111.55531,-8.0479],[111.5561,-8.0477],[111.55643,-8.04784],[111.55646,-8.04832],[111.55694,-8.04877],[111.55693,-8.04832],[111.55749,-8.04738],[111.55804,-8.04736],[111.55856,-8.04716],[111.55863,-8.04697],[111.55918,-8.04743],[111.55986,-8.04759],[111.56043,-8.04743],[111.56108,-8.04743],[111.56214,-8.04608],[111.56275,-8.046],[111.56376,-8.04613],[111.56397,-8.04603],[111.56404,-8.04581],[111.56417,-8.04578],[111.56303,-8.04457],[111.56247,-8.04344],[111.56358,-8.04389],[111.5643,-8.0435],[111.56482,-8.04394],[111.56568,-8.04384],[111.56568,-8.04396],[111.56624,-8.04419],[111.56634,-8.04405],[111.56684,-8.04392],[111.5673,-8.04353],[111.56743,-8.04364],[111.56738,-8.04395],[111.56763,-8.04411],[111.56789,-8.04468],[111.56817,-8.04451],[111.56902,-8.04477],[111.56994,-8.04483],[111.57084,-8.04576],[111.57108,-8.04543],[111.57129,-8.04421],[111.57123,-8.04304],[111.57096,-8.04226],[111.57093,-8.04122],[111.57076,-8.0407],[111.57044,-8.04033],[111.56975,-8.04005],[111.56995,-8.03943],[111.56968,-8.03876],[111.57014,-8.03774],[111.56993,-8.03761],[111.56972,-8.03719],[111.56807,-8.03615],[111.56773,-8.0362],[111.56713,-8.03656],[111.56646,-8.03658],[111.56604,-8.03621],[111.56567,-8.0363],[111.56622,-8.0356],[111.56613,-8.03504],[111.56529,-8.03522],[111.56482,-8.03508],[111.56445,-8.03527],[111.56357,-8.03512],[111.56296,-8.03425],[111.56217,-8.03569],[111.5623,-8.0362],[111.56156,-8.03625],[111.56135,-8.03649],[111.56116,-8.03607],[111.56096,-8.03595],[111.56043,-8.03605],[111.56032,-8.03485],[111.55987,-8.03413],[111.55961,-8.03394],[111.559,-8.03421],[111.55887,-8.03378],[111.5586,-8.03345],[111.55823,-8.03337],[111.55812,-8.03313],[111.55767,-8.03363],[111.55722,-8.03377],[111.55686,-8.03371],[111.55609,-8.03406],[111.55571,-8.03329],[111.55485,-8.03308],[111.55453,-8.03329],[111.55439,-8.03305],[111.55392,-8.03302],[111.55391,-8.03288],[111.55631,-8.03221],[111.55601,-8.03176],[111.55581,-8.03115],[111.55498,-8.03029],[111.55532,-8.02993],[111.55523,-8.02961],[111.55352,-8.02851],[111.55396,-8.02802],[111.55539,-8.02821],[111.55492,-8.02677],[111.55474,-8.02647],[111.55406,-8.02589],[111.55394,-8.0256],[111.55306,-8.02512],[111.55257,-8.02503],[111.55284,-8.02476],[111.5532,-8.02494],[111.55367,-8.02481],[111.55461,-8.02512],[111.55483,-8.02503],[111.55497,-8.02472],[111.55527,-8.02494],[111.55564,-8.02588],[111.55636,-8.02643],[111.55675,-8.02623],[111.55741,-8.0248],[111.55753,-8.02489],[111.55765,-8.0257],[111.55782,-8.02604],[111.5583,-8.02606],[111.55786,-8.02685],[111.55779,-8.0278],[111.55814,-8.02815],[111.55848,-8.02878],[111.55908,-8.02908],[111.56018,-8.0285],[111.56041,-8.02884],[111.56081,-8.02898],[111.5613,-8.02903],[111.56194,-8.02891],[111.56263,-8.02909],[111.56293,-8.02944],[111.56331,-8.02953],[111.56488,-8.0297],[111.56562,-8.02964],[111.56621,-8.03041],[111.56724,-8.03071],[111.56778,-8.03038],[111.56828,-8.02976],[111.56872,-8.02957],[111.56834,-8.02866],[111.56807,-8.02854],[111.56718,-8.02861],[111.56675,-8.02877],[111.5664,-8.02856],[111.56525,-8.02773],[111.56483,-8.02678],[111.56452,-8.02654],[111.56436,-8.02622],[111.56522,-8.02614],[111.5656,-8.02599],[111.56575,-8.02578],[111.5659,-8.02618],[111.56637,-8.0263],[111.56652,-8.02645],[111.56673,-8.02641],[111.56709,-8.0259],[111.56723,-8.02543],[111.56809,-8.02571],[111.56901,-8.02548],[111.56963,-8.02496],[111.56969,-8.02435],[111.56992,-8.02435],[111.57101,-8.02473],[111.57175,-8.02612],[111.57187,-8.02662],[111.57216,-8.02698],[111.5725,-8.02507],[111.57311,-8.02413],[111.57238,-8.02343],[111.57215,-8.0228],[111.57249,-8.02216],[111.57275,-8.02208],[111.5724,-8.02129],[111.57285,-8.02099],[111.57399,-8.02111],[111.57381,-8.02006],[111.57445,-8.01949],[111.57534,-8.01952],[111.57632,-8.01986],[111.57765,-8.01965],[111.5777,-8.01946],[111.5776,-8.01935],[111.57797,-8.01817],[111.57772,-8.01686],[111.5773,-8.01654],[111.57656,-8.01701],[111.57547,-8.01702],[111.57431,-8.01789],[111.57406,-8.01767],[111.57359,-8.01674],[111.57343,-8.01613],[111.57262,-8.01673],[111.57227,-8.01642],[111.57152,-8.01661],[111.56991,-8.01597],[111.56984,-8.01582],[111.56896,-8.01542],[111.56838,-8.01556],[111.5683,-8.01672],[111.56759,-8.01636],[111.56764,-8.01701],[111.56742,-8.01787],[111.56786,-8.01862],[111.56733,-8.01891],[111.56751,-8.0196],[111.56717,-8.01967],[111.56685,-8.01948],[111.56675,-8.02015],[111.5659,-8.01958],[111.56596,-8.01877],[111.56533,-8.01807],[111.5653,-8.01725],[111.56451,-8.01618],[111.56349,-8.01694],[111.56313,-8.0175],[111.5623,-8.01705],[111.5618,-8.01731],[111.56175,-8.0179],[111.56162,-8.01786],[111.56128,-8.01812],[111.56104,-8.01751],[111.56029,-8.01736],[111.56052,-8.01706],[111.56061,-8.01637],[111.56096,-8.01609],[111.56163,-8.01501],[111.56199,-8.01482],[111.56255,-8.01417],[111.56192,-8.01411],[111.56168,-8.01469],[111.56102,-8.01487],[111.56005,-8.01446],[111.55995,-8.0137],[111.55922,-8.01357],[111.559,-8.01375],[111.5586,-8.01373],[111.55792,-8.0134],[111.5575,-8.0134],[111.5576,-8.01304],[111.55812,-8.01231],[111.558,-8.01166],[111.55811,-8.01139],[111.55765,-8.0105],[111.55724,-8.01009],[111.55733,-8.00966],[111.5576,-8.00928],[111.55821,-8.00899],[111.55803,-8.0087],[111.55812,-8.00792],[111.55786,-8.00734],[111.55736,-8.00707],[111.55763,-8.00627],[111.55828,-8.00544],[111.55834,-8.00512],[111.55989,-8.00579],[111.56079,-8.00632],[111.56155,-8.0064],[111.56179,-8.00624],[111.56202,-8.00634],[111.56261,-8.00688],[111.56283,-8.00678],[111.56352,-8.00738],[111.56491,-8.00705],[111.56407,-8.00548],[111.56353,-8.0051],[111.56328,-8.00454],[111.56302,-8.00433],[111.56344,-8.00401],[111.56385,-8.00338],[111.56405,-8.00248],[111.56377,-8.00217],[111.56392,-8.00209],[111.56446,-8.00225],[111.56484,-8.00142],[111.56533,-8.00069],[111.5657,-8.00047],[111.5658,-8.00015],[111.56618,-8.00017],[111.56699,-7.99962],[111.56745,-8.00041],[111.568,-8.00061],[111.56801,-8.00072],[111.56838,-8.00048],[111.56901,-8.00083],[111.56919,-8.00056],[111.56958,-8.00061],[111.5699,-8.00048],[111.57053,-7.99877],[111.57036,-7.99831],[111.56997,-7.99787],[111.5701,-7.99747],[111.56988,-7.99685],[111.57011,-7.99649],[111.57016,-7.9961],[111.56972,-7.99614],[111.56926,-7.99584],[111.569,-7.99605],[111.56843,-7.99613],[111.56805,-7.99644],[111.56766,-7.99634],[111.56662,-7.99674],[111.56595,-7.9965],[111.56554,-7.99656],[111.56613,-7.99585],[111.56604,-7.9953],[111.56558,-7.99459],[111.56526,-7.99307],[111.56509,-7.99354],[111.5643,-7.99446],[111.56375,-7.9941],[111.56247,-7.99397],[111.56206,-7.99375],[111.562,-7.99326],[111.56215,-7.99295],[111.56199,-7.99268],[111.56128,-7.99265],[111.56114,-7.99204],[111.56031,-7.99195],[111.56007,-7.9914],[111.55931,-7.99088],[111.55923,-7.99052],[111.55863,-7.99048],[111.55904,-7.99134],[111.55946,-7.99176],[111.55957,-7.99216],[111.55965,-7.99408],[111.55947,-7.99484],[111.55912,-7.99457],[111.55799,-7.99429],[111.55758,-7.99445],[111.55763,-7.99466],[111.55852,-7.99562],[111.55798,-7.99594],[111.5582,-7.99707],[111.55746,-7.99699],[111.55726,-7.99753],[111.55712,-7.99744],[111.55642,-7.99748],[111.55624,-7.99756],[111.55616,-7.99781],[111.55505,-7.99741],[111.55454,-7.99703],[111.55446,-7.99712],[111.55439,-7.99688],[111.55442,-7.99738],[111.55464,-7.99759],[111.55493,-7.99847],[111.55488,-7.99886],[111.55454,-7.99943],[111.55469,-7.99978],[111.55441,-7.99997],[111.55396,-7.99941],[111.55371,-7.99943],[111.55334,-8.00121],[111.55256,-8.00122],[111.55286,-8.00166],[111.55304,-8.0026],[111.55364,-8.00266],[111.55435,-8.00325],[111.5539,-8.0038],[111.55394,-8.00409],[111.5543,-8.00427],[111.55395,-8.00489],[111.55334,-8.00472],[111.55273,-8.00477],[111.55255,-8.00568],[111.55145,-8.00573],[111.55139,-8.00592],[111.55153,-8.00646],[111.55095,-8.00767],[111.55003,-8.00772],[111.54874,-8.00758],[111.54854,-8.0086],[111.54703,-8.00954],[111.54629,-8.00941],[111.54581,-8.00914],[111.54551,-8.00875],[111.54529,-8.01051],[111.54557,-8.01121],[111.54412,-8.01217],[111.5441,-8.01327],[111.5443,-8.01357],[111.5441,-8.01386],[111.5437,-8.01411],[111.54377,-8.01464],[111.54253,-8.01442],[111.54233,-8.01464],[111.54228,-8.01496],[111.54185,-8.01481],[111.54101,-8.01414],[111.5407,-8.01584],[111.54076,-8.01607],[111.53994,-8.01587],[111.5392,-8.0152],[111.5384,-8.01732],[111.53786,-8.01795]]}},{"type":"Feature","properties":{"NAMOBJ":"612.5","REMARK":"Garis Kontur","JNSKNT":2,"VALKNT":612.5},"geometry":{"type":"LineString","coordinates":[[111.63205,-7.96465],[111.63237,-7.96464],[111.63259,-7.96443],[111.63245,-7.96435],[111.63258,-7.96435],[111.6326,-7.96421],[111.63243,-7.96413],[111.63201,-7.96425],[111.63189,-7.96442],[111.63205,-7.96465]]}},{"type":"Feature","properties":{"NAMOBJ":"625","REMARK":"Garis Kontur","JNSKNT":2,"VALKNT":625},"geometry":{"type":"LineString","coordinates":[[111.5495,-8.01065],[111.54953,-8.0107],[111.54992,-8.01048],[111.54975,-8.01049],[111.5495,-8.01065]]}},{"type":"Feature","properties":{"NAMOBJ":"675","REMARK":"Garis Kontur","JNSKNT":2,"VALKNT":675},"geometry":{"type":"LineString","coordinates":[[111.625,-7.99258],[111.62625,-7.99301],[111.62656,-7.99299],[111.62652,-7.99321],[111.626,-7.99389],[111.62557,-7.99354],[111.62522,-7.99351],[111.62474,-7.99327],[111.62418,-7.99324],[111.62431,-7.99284],[111.62403,-7.99249],[111.625,-7.99258]]}},{"type":"Feature","properties":{"NAMOBJ":"500","REMARK":"Garis Kontur","JNSKNT":1,"VALKNT":500},"geometry":{"type":"LineString","coordinates":[[111.64655,-8.00205],[111.647,-8.00321],[111.64742,-8.00298],[111.64745,-8.00209],[111.647,-8.00157],[111.6466,-8.00151],[111.64655,-8.00205]]}},{"type":"Feature","properties":{"NAMOBJ":"425","REMARK":"Garis Kontur","JNSKNT":2,"VALKNT":425},"geometry":{"type":"LineString","coordinates":[[111.5888,-7.96546],[111.58955,-7.96583],[111.58998,-7.96582],[111.59049,-7.96619],[111.59032,-7.96528],[111.58989,-7.9652],[111.58995,-7.96446],[111.5891,-7.96384],[111.58903,-7.96267],[111.58916,-7.96199],[111.5888,-7.96115],[111.58866,-7.96114],[111.58756,-7.96244],[111.5866,-7.96319],[111.58646,-7.96359],[111.58662,-7.96395],[111.58732,-7.96388],[111.5884,-7.964],[111.58855,-7.96432],[111.58842,-7.96445],[111.58875,-7.96496],[111.5888,-7.96546]]}},{"type":"Feature","properties":{"NAMOBJ":"487.5","REMARK":"Garis Kontur","JNSKNT":2,"VALKNT":487.5},"geometry":{"type":"LineString","coordinates":[[111.61673,-7.95144],[111.61653,-7.9514],[111.61626,-7.9516],[111.61632,-7.95212],[111.61673,-7.95242],[111.61784,-7.95227],[111.61831,-7.95188],[111.61829,-7.9517],[111.61737,-7.95174],[111.61698,-7.95165],[111.61673,-7.95144]]}},{"type":"Feature","properties":{"NAMOBJ":"612.5","REMARK":"Garis Kontur","JNSKNT":2,"VALKNT":612.5},"geometry":{"type":"LineString","coordinates":[[111.54968,-8.04323],[111.5496,-8.04264],[111.54934,-8.04217],[111.54919,-8.0413],[111.54891,-8.04064],[111.54829,-8.03989],[111.54785,-8.03974],[111.54766,-8.0398],[111.54742,-8.03943],[111.54817,-8.03941],[111.54869,-8.03914],[111.54918,-8.03945],[111.54946,-8.03873],[111.54998,-8.03941],[111.55066,-8.0399],[111.55087,-8.04004],[111.55124,-8.03982],[111.55156,-8.03996],[111.552,-8.04076],[111.5531,-8.04133],[111.55365,-8.04146],[111.55358,-8.04124],[111.55412,-8.04053],[111.55515,-8.04148],[111.55592,-8.0415],[111.55563,-8.04025],[111.55523,-8.03934],[111.55549,-8.03863],[111.5542,-8.03856],[111.55357,-8.03813],[111.55268,-8.03787],[111.55239,-8.03793],[111.55118,-8.03745],[111.5509,-8.03779],[111.55009,-8.0376],[111.5497,-8.03698],[111.54887,-8.03676],[111.54879,-8.03622],[111.54805,-8.03615],[111.54737,-8.03576],[111.54717,-8.0353],[111.54719,-8.03467],[111.54628,-8.03477],[111.54562,-8.03446],[111.54607,-8.03403],[111.54634,-8.03316],[111.54664,-8.03262],[111.54639,-8.03203],[111.54728,-8.03097],[111.54764,-8.02901],[111.54794,-8.02832],[111.54814,-8.0284],[111.54924,-8.02813],[111.54914,-8.02688],[111.54839,-8.02692],[111.54741,-8.02723],[111.5463,-8.02696],[111.54511,-8.02693],[111.54482,-8.02675],[111.54551,-8.02614],[111.54622,-8.02578],[111.54669,-8.02513],[111.5466,-8.02439],[111.54638,-8.02417],[111.5469,-8.02379],[111.54751,-8.02383],[111.54814,-8.02361],[111.54824,-8.02311],[111.54873,-8.02259],[111.54848,-8.02216],[111.54751,-8.02212],[111.54641,-8.02174],[111.54675,-8.02136],[111.5486,-8.02047],[111.54889,-8.01998],[111.54919,-8.02002],[111.54993,-8.02051],[111.55062,-8.02048],[111.55086,-8.02066],[111.55171,-8.02073],[111.55265,-8.02046],[111.55315,-8.02063],[111.55359,-8.0196],[111.55423,-8.01972],[111.55421,-8.01891],[111.55404,-8.01827],[111.55573,-8.01704],[111.55606,-8.01633],[111.55644,-8.01657],[111.5565,-8.01674],[111.55692,-8.01688],[111.55744,-8.01805],[111.55776,-8.0183],[111.55757,-8.0179],[111.5577,-8.0174],[111.558,-8.0168],[111.55852,-8.01652],[111.55834,-8.01554],[111.55806,-8.0159],[111.55739,-8.01608],[111.55709,-8.01598],[111.55673,-8.01561],[111.55594,-8.01527],[111.55516,-8.01311],[111.55542,-8.01261],[111.55605,-8.01196],[111.55607,-8.01155],[111.55546,-8.01085],[111.55552,-8.00951],[111.55532,-8.00975],[111.5546,-8.00979],[111.55432,-8.00961],[111.55395,-8.0106],[111.55402,-8.0113],[111.55436,-8.01162],[111.55355,-8.01169],[111.55318,-8.01225],[111.55314,-8.01282],[111.55297,-8.01294],[111.55301,-8.01364],[111.55236,-8.01412],[111.55228,-8.01436],[111.55256,-8.01543],[111.55124,-8.01637],[111.55087,-8.01684],[111.55045,-8.01697],[111.55095,-8.01811],[111.55114,-8.01821],[111.55072,-8.01827],[111.54986,-8.01882],[111.54951,-8.01805],[111.54894,-8.01784],[111.54933,-8.01724],[111.54944,-8.01595],[111.54932,-8.01563],[111.54893,-8.01539],[111.54899,-8.01502],[111.55012,-8.01496],[111.55033,-8.01458],[111.54992,-8.01412],[111.54984,-8.01335],[111.54942,-8.01317],[111.54893,-8.01238],[111.54844,-8.01204],[111.54836,-8.0118],[111.54873,-8.0114],[111.5494,-8.01111],[111.5498,-8.01111],[111.55004,-8.01082],[111.5501,-8.01029],[111.5498,-8.01032],[111.54893,-8.01104],[111.54804,-8.01137],[111.54797,-8.0116],[111.54822,-8.01197],[111.54799,-8.01204],[111.54795,-8.01258],[111.54773,-8.01304],[111.5475,-8.01333],[111.54723,-8.01322],[111.54681,-8.01343],[111.54648,-8.01411],[111.54656,-8.01452],[111.54633,-8.01509],[111.54591,-8.01575],[111.54486,-8.01683],[111.54448,-8.01684],[111.54391,-8.01649],[111.5435,-8.01708],[111.5433,-8.017],[111.54266,-8.0174],[111.54203,-8.01743],[111.54197,-8.01782],[111.54163,-8.01829],[111.54085,-8.01792],[111.54027,-8.01794],[111.54021,-8.01863],[111.53991,-8.01956],[111.54008,-8.01988],[111.53825,-8.02029],[111.5375,-8.02077]]}},{"type":"Feature","properties":{"NAMOBJ":"525","REMARK":"Garis Kontur","JNSKNT":2,"VALKNT":525},"geometry":{"type":"LineString","coordinates":[[111.61629,-7.96867],[111.61633,-7.9685],[111.61604,-7.96834],[111.61612,-7.96811],[111.61587,-7.96833],[111.61605,-7.9687],[111.61629,-7.96867]]}},{"type":"Feature","properties":{"NAMOBJ":"575","REMARK":"Garis Kontur","JNSKNT":2,"VALKNT":575},"geometry":{"type":"LineString","coordinates":[[111.56358,-8.0],[111.56317,-8.00051],[111.56275,-8.00135],[111.5623,-8.00132],[111.56208,-8.00143],[111.56188,-8.00367],[111.56173,-8.00395],[111.56125,-8.00409],[111.56117,-8.00444],[111.56081,-8.00441],[111.5603,-8.00396],[111.55896,-8.00361],[111.5587,-8.00366],[111.55851,-8.00294],[111.55858,-8.00244],[111.55834,-8.00223],[111.55832,-8.00107],[111.55787,-8.00199],[111.55728,-8.00257],[111.55675,-8.00286],[111.5563,-8.00361],[111.55584,-8.00394],[111.55572,-8.00476],[111.55616,-8.00522],[111.55623,-8.00584],[111.55598,-8.00657],[111.55514,-8.00629],[111.55381,-8.00692],[111.55328,-8.00679],[111.55383,-8.00657],[111.55383,-8.00583],[111.55443,-8.00609],[111.55465,-8.00606],[111.55548,-8.0052],[111.5556,-8.00485],[111.55554,-8.00394],[111.5557,-8.00297],[111.55539,-8.00267],[111.55566,-8.0019],[111.55606,-8.00174],[111.55626,-8.00146],[111.55669,-7.99933],[111.55724,-7.99904],[111.55779,-7.99933],[111.55845,-7.99888],[111.55861,-7.99852],[111.55966,-7.99822],[111.55993,-7.99759],[111.55983,-7.99677],[111.5607,-7.99678],[111.56135,-7.99613],[111.56133,-7.99559],[111.56109,-7.99511],[111.56171,-7.99507],[111.56262,-7.99567],[111.56322,-7.99578],[111.56273,-7.99602],[111.56242,-7.99636],[111.56259,-7.99784],[111.56249,-7.99811],[111.56267,-7.99816],[111.5629,-7.99852],[111.56349,-7.99876],[111.56424,-7.9986],[111.56353,-7.99938],[111.56358,-8.0]]}},{"type":"Feature","properties":{"NAMOBJ":"737.5","REMARK":"Garis Kontur","JNSKNT":2,"VALKNT":737.5},"geometry":{"type":"MultiLineString","coordinates":[[[111.5458,-8.0416],[111.54615,-8.04171],[111.54562,-8.04141]],[[111.54575,-8.04157],[111.5458,-8.0416]]]}},{"type":"Feature","properties":{"NAMOBJ":"550","REMARK":"Garis Kontur","JNSKNT":1,"VALKNT":550},"geometry":{"type":"LineString","coordinates":[[111.61571,-8.0],[111.61585,-7.99943],[111.61645,-7.99874],[111.61649,-7.99845],[111.6154,-7.99811],[111.61446,-7.99799],[111.61388,-7.99832],[111.61394,-7.99886],[111.61378,-7.9996],[111.61394,-8.0],[111.61446,-8.00046],[111.6145,-8.00112],[111.61491,-8.00094],[111.61488,-8.00066],[111.61519,-8.0002],[111.61571,-8.0]]}},{"type":"Feature","properties":{"NAMOBJ":"637.5","REMARK":"Garis Kontur","JNSKNT":2,"VALKNT":637.5},"geometry":{"type":"LineString","coordinates":[[111.62319,-7.97885],[111.62328,-7.97897],[111.6239,-7.97914],[111.62389,-7.97886],[111.62338,-7.97851],[111.62319,-7.97885]]}},{"type":"Feature","properties":{"NAMOBJ":"150","REMARK":"Garis Kontur","JNSKNT":1,"VALKNT":150},"geometry":{"type":"MultiLineString","coordinates":[[[111.56502,-7.92384],[111.56529,-7.9238],[111.56508,-7.92392]],[[111.56509,-7.92403],[111.56484,-7.92428],[111.56425,-7.92423],[111.56393,-7.92463],[111.56271,-7.92538],[111.56218,-7.92545],[111.56175,-7.92529],[111.56152,-7.92569],[111.56112,-7.92592],[111.5606,-7.92596],[111.55971,-7.92572],[111.5592,-7.92539],[111.55889,-7.92538],[111.55857,-7.92557],[111.55845,-7.92619],[111.55787,-7.926],[111.55753,-7.92603],[111.55694,-7.92679],[111.55722,-7.92704],[111.55821,-7.92684],[111.559,-7.92711],[111.55916,-7.92771],[111.55994,-7.92803],[111.55997,-7.92841],[111.56032,-7.92874],[111.56123,-7.92902],[111.56137,-7.92915],[111.56137,-7.92938],[111.56162,-7.92952],[111.5622,-7.93039],[111.56256,-7.92993],[111.5628,-7.92999],[111.5632,-7.92982],[111.56397,-7.92984],[111.56434,-7.92907],[111.5645,-7.92924],[111.56488,-7.9292],[111.56534,-7.92881],[111.56581,-7.92925],[111.56613,-7.92906],[111.56655,-7.92854],[111.56678,-7.92877],[111.56616,-7.92946],[111.56587,-7.9295],[111.56559,-7.92927],[111.56511,-7.92919],[111.56483,-7.92988],[111.56459,-7.92984],[111.56435,-7.92948],[111.56414,-7.9299],[111.56428,-7.93016],[111.5638,-7.93025],[111.56316,-7.93012],[111.56307,-7.93045],[111.56318,-7.93068],[111.56278,-7.9306],[111.5624,-7.93076],[111.56148,-7.93043],[111.56098,-7.93002],[111.56044,-7.92927],[111.55986,-7.929],[111.55858,-7.92746],[111.55835,-7.9274],[111.55735,-7.92766],[111.55592,-7.9274],[111.55536,-7.92746],[111.55488,-7.92708],[111.55464,-7.92711],[111.55446,-7.92698],[111.55268,-7.92713],[111.55247,-7.92723],[111.55196,-7.9288],[111.55217,-7.92944],[111.55239,-7.92929],[111.55259,-7.92882],[111.55338,-7.92913],[111.55358,-7.93],[111.55343,-7.93021],[111.55273,-7.93036],[111.553,-7.93091],[111.55273,-7.93106],[111.55256,-7.93156],[111.55234,-7.93158],[111.55243,-7.93241],[111.55218,-7.93328],[111.55267,-7.93357],[111.55263,-7.93384],[111.55295,-7.93427],[111.55381,-7.93434],[111.55441,-7.93466],[111.55384,-7.9345],[111.55331,-7.93469],[111.55252,-7.93475],[111.55218,-7.93458],[111.55199,-7.93404],[111.5516,-7.93432],[111.55135,-7.93385],[111.55076,-7.93382],[111.55068,-7.93414],[111.55021,-7.93395],[111.54993,-7.93452],[111.54973,-7.93453],[111.54961,-7.93421],[111.54924,-7.93428],[111.54905,-7.93462],[111.54839,-7.93486],[111.54803,-7.93543],[111.54776,-7.93512],[111.54722,-7.93526],[111.54726,-7.93551],[111.54707,-7.93558],[111.54682,-7.93548],[111.54638,-7.93562],[111.54606,-7.93553],[111.54545,-7.93637],[111.54385,-7.93692],[111.54378,-7.93721],[111.54291,-7.93765],[111.54277,-7.93788],[111.54338,-7.93831],[111.54368,-7.93816],[111.54374,-7.93791],[111.5453,-7.93819],[111.54591,-7.93785],[111.54778,-7.93742],[111.54812,-7.93808],[111.54901,-7.93827],[111.54955,-7.93857],[111.55102,-7.93826],[111.55212,-7.93847],[111.55266,-7.93873],[111.55205,-7.93889],[111.55155,-7.93886],[111.55159,-7.93902],[111.55113,-7.93885],[111.55089,-7.93913],[111.55054,-7.93922],[111.54986,-7.93997],[111.54924,-7.94013],[111.54906,-7.94031],[111.54893,-7.94061],[111.549,-7.94107],[111.54982,-7.94161],[111.54979,-7.94268],[111.54825,-7.9428],[111.54774,-7.94321],[111.54732,-7.9432],[111.54709,-7.94348],[111.54683,-7.94334],[111.54611,-7.9434],[111.54635,-7.94343],[111.54641,-7.94367],[111.5462,-7.94416],[111.54586,-7.94388],[111.54583,-7.94445],[111.54616,-7.94454],[111.54656,-7.94496],[111.54697,-7.94515],[111.54702,-7.94529],[111.54671,-7.94614],[111.54769,-7.94699],[111.54802,-7.94672],[111.54815,-7.94641],[111.54779,-7.94623],[111.54806,-7.94624],[111.54839,-7.94601],[111.54897,-7.94638],[111.54979,-7.94595],[111.55063,-7.94606],[111.55112,-7.94518],[111.55153,-7.94501],[111.55183,-7.94465],[111.55256,-7.94438],[111.55331,-7.94495],[111.554,-7.94489],[111.55518,-7.9451],[111.55615,-7.94501],[111.55643,-7.94579],[111.55642,-7.9467],[111.55679,-7.94691],[111.55752,-7.94606],[111.55776,-7.94556],[111.55749,-7.94484],[111.55721,-7.94456],[111.55718,-7.94402],[111.55699,-7.94362],[111.55718,-7.94286],[111.5582,-7.94221],[111.55851,-7.94174],[111.5598,-7.9417],[111.56049,-7.94156],[111.56097,-7.9413],[111.56097,-7.94087],[111.56112,-7.94072],[111.56117,-7.94038],[111.56107,-7.94008],[111.56085,-7.93991],[111.56089,-7.93976],[111.562,-7.93975],[111.5621,-7.94002],[111.56199,-7.94033],[111.5623,-7.94095],[111.56298,-7.94135],[111.5639,-7.94152],[111.56414,-7.94133],[111.56436,-7.94063],[111.56467,-7.94054],[111.5647,-7.94015],[111.56533,-7.93876],[111.56572,-7.93887],[111.56619,-7.93881],[111.56674,-7.93854],[111.56705,-7.93815],[111.56731,-7.93805],[111.56776,-7.93805],[111.56809,-7.93842],[111.56948,-7.9381],[111.57038,-7.93722],[111.57138,-7.93679],[111.57175,-7.93646],[111.57192,-7.93668],[111.57352,-7.93746],[111.57626,-7.93558],[111.57629,-7.93535],[111.57607,-7.93517],[111.57615,-7.93463],[111.57657,-7.93452],[111.5779,-7.93516],[111.57813,-7.93507],[111.57806,-7.93446],[111.57814,-7.93426],[111.57863,-7.93396],[111.57927,-7.93381],[111.57942,-7.93363],[111.57965,-7.93371],[111.57956,-7.93411],[111.57889,-7.93428],[111.57865,-7.93447],[111.5785,-7.93535],[111.57826,-7.93556],[111.57788,-7.93564],[111.5767,-7.93525],[111.57661,-7.93584],[111.57628,-7.93631],[111.57618,-7.93671],[111.57594,-7.93667],[111.57562,-7.93683],[111.57501,-7.93753],[111.57444,-7.93759],[111.57447,-7.93807],[111.57434,-7.93827],[111.57282,-7.93899],[111.57174,-7.93878],[111.57153,-7.93918],[111.57082,-7.93978],[111.57017,-7.94062],[111.56838,-7.94085],[111.56804,-7.9416],[111.56714,-7.94284],[111.56658,-7.94315],[111.56643,-7.94374],[111.56598,-7.94393],[111.56527,-7.9446],[111.56414,-7.94475],[111.56357,-7.94514],[111.56334,-7.94481],[111.5627,-7.94447],[111.56252,-7.94463],[111.56234,-7.94464],[111.56231,-7.9445],[111.56117,-7.94462],[111.5609,-7.94475],[111.56078,-7.94522],[111.5614,-7.9459],[111.56113,-7.9468],[111.56112,-7.94723],[111.56084,-7.94788],[111.56006,-7.94859],[111.55987,-7.94917],[111.55966,-7.94929],[111.55912,-7.95024],[111.55865,-7.95035],[111.55848,-7.95054],[111.55843,-7.95089],[111.55727,-7.95186],[111.55693,-7.95246],[111.55761,-7.95316],[111.55661,-7.95363],[111.55632,-7.95406],[111.55588,-7.95384],[111.55561,-7.95344],[111.55526,-7.95332],[111.55554,-7.95301],[111.55521,-7.95229],[111.55393,-7.95148],[111.55344,-7.95087],[111.55261,-7.95157],[111.55183,-7.95143],[111.55184,-7.95181],[111.55072,-7.95258],[111.55049,-7.95296],[111.55059,-7.95311],[111.55043,-7.95339],[111.55041,-7.9538],[111.55052,-7.95417],[111.55128,-7.95474],[111.55158,-7.9552],[111.55257,-7.95459],[111.55339,-7.95453],[111.55411,-7.95392],[111.55508,-7.95378],[111.55574,-7.95396],[111.5558,-7.95452],[111.55528,-7.95533],[111.55541,-7.9562],[111.55647,-7.95726],[111.55688,-7.95743],[111.55754,-7.95746],[111.55799,-7.95787],[111.55788,-7.95803],[111.55711,-7.95815],[111.5569,-7.9579],[111.55663,-7.95791],[111.55614,-7.9581],[111.55523,-7.95873],[111.55465,-7.95874],[111.55432,-7.95844],[111.55348,-7.9589],[111.55302,-7.95965],[111.55256,-7.95984],[111.55231,-7.9605],[111.55231,-7.96103],[111.5532,-7.96101],[111.55414,-7.96207],[111.55526,-7.9622],[111.55627,-7.96169],[111.55685,-7.96182],[111.5574,-7.96178],[111.55763,-7.96166],[111.55771,-7.96144],[111.55797,-7.96158],[111.55814,-7.96153],[111.55898,-7.96075],[111.5615,-7.95987],[111.56222,-7.9602],[111.56235,-7.95962],[111.56402,-7.95851],[111.56418,-7.95818],[111.56553,-7.95791],[111.56505,-7.95819],[111.56499,-7.95927],[111.56465,-7.96026],[111.56478,-7.96087],[111.56439,-7.9611],[111.56385,-7.96178],[111.56296,-7.96257],[111.56301,-7.9631],[111.56347,-7.96334],[111.56416,-7.9633],[111.56461,-7.96351],[111.56476,-7.96384],[111.56481,-7.96449],[111.56498,-7.96478],[111.56521,-7.96485],[111.56581,-7.96437],[111.56592,-7.96396],[111.56624,-7.964],[111.56722,-7.96351],[111.56788,-7.96274],[111.56793,-7.9625],[111.56841,-7.96198],[111.56882,-7.96126],[111.56927,-7.961],[111.56937,-7.96043],[111.56964,-7.96025],[111.57028,-7.96011],[111.57075,-7.9595],[111.571,-7.96015],[111.57117,-7.9613],[111.57158,-7.96173],[111.57158,-7.96217],[111.57181,-7.96224],[111.5715,-7.96238],[111.57101,-7.96314],[111.57169,-7.96333],[111.57265,-7.96326],[111.57291,-7.9635],[111.57291,-7.9637],[111.57259,-7.9639],[111.57183,-7.96367],[111.57163,-7.96374],[111.57142,-7.9636],[111.57077,-7.96372],[111.57055,-7.96359],[111.57046,-7.96322],[111.56945,-7.96368],[111.56878,-7.96439],[111.56869,-7.96506],[111.56888,-7.9656],[111.56838,-7.96617],[111.56851,-7.96641],[111.56885,-7.96653],[111.56887,-7.9667],[111.56924,-7.96674],[111.5705,-7.96755],[111.57081,-7.96794],[111.57076,-7.96807],[111.57065,-7.96798],[111.57069,-7.96807],[111.57094,-7.96814],[111.5713,-7.96869],[111.57125,-7.96893],[111.57177,-7.9694],[111.57199,-7.9694],[111.57221,-7.96987],[111.57251,-7.96989],[111.57281,-7.97023],[111.57412,-7.97113],[111.5733,-7.971],[111.57342,-7.97152],[111.57316,-7.9716],[111.57326,-7.97177],[111.57349,-7.97179],[111.57348,-7.97257],[111.57261,-7.97261],[111.57243,-7.97228],[111.57252,-7.97162],[111.57166,-7.97146],[111.57111,-7.97097],[111.5713,-7.97106],[111.57169,-7.97043],[111.57127,-7.97035],[111.57101,-7.97075],[111.57079,-7.97079],[111.57052,-7.97054],[111.57043,-7.97],[111.56983,-7.96989],[111.56917,-7.96913],[111.56848,-7.96922],[111.56803,-7.96945],[111.56755,-7.96901],[111.56723,-7.96917],[111.56647,-7.96908],[111.56611,-7.96947],[111.56531,-7.96983],[111.56543,-7.97046],[111.56566,-7.97042],[111.56559,-7.97079],[111.56618,-7.97031],[111.56652,-7.97033],[111.5666,-7.97121],[111.56704,-7.97127],[111.56743,-7.97158],[111.56716,-7.97178],[111.56641,-7.97181],[111.56654,-7.97202],[111.56632,-7.97257],[111.56618,-7.97263],[111.56597,-7.97252],[111.56611,-7.97182],[111.5655,-7.97192],[111.56529,-7.97237],[111.5648,-7.97231],[111.5649,-7.97188],[111.56468,-7.97116],[111.5643,-7.97179],[111.5638,-7.9716],[111.56375,-7.97123],[111.56345,-7.97142],[111.56319,-7.9709],[111.56257,-7.97149],[111.56165,-7.97161],[111.56169,-7.97199],[111.56143,-7.97232],[111.5614,-7.97275],[111.56117,-7.97209],[111.5607,-7.9717],[111.56067,-7.9715],[111.56102,-7.97154],[111.56098,-7.97126],[111.56064,-7.97103],[111.55973,-7.97089],[111.55954,-7.97031],[111.55837,-7.97083],[111.55738,-7.97062],[111.55721,-7.97105],[111.55718,-7.97073],[111.55667,-7.97047],[111.55621,-7.97054],[111.55617,-7.9703],[111.55595,-7.97016],[111.5553,-7.97031],[111.55496,-7.97013],[111.55434,-7.97005],[111.55185,-7.97014],[111.55163,-7.97068],[111.5522,-7.97146],[111.55206,-7.97163],[111.55208,-7.97246],[111.55183,-7.97265],[111.55167,-7.97317],[111.55125,-7.97383],[111.55123,-7.97433],[111.55084,-7.97454],[111.55063,-7.97518],[111.54955,-7.97596],[111.54927,-7.97637],[111.54839,-7.97713],[111.54758,-7.97707],[111.54729,-7.97719],[111.54715,-7.97745],[111.54723,-7.97817],[111.54715,-7.97869],[111.54726,-7.97902],[111.54718,-7.97936],[111.54742,-7.97966],[111.54723,-7.97976],[111.54719,-7.97995],[111.54703,-7.97987],[111.5456,-7.98162],[111.54511,-7.98298],[111.54514,-7.98324],[111.54472,-7.9835],[111.54473,-7.98378],[111.54444,-7.98393],[111.54438,-7.98437],[111.5438,-7.98444],[111.54403,-7.98485],[111.54362,-7.98503],[111.54369,-7.98536],[111.54352,-7.98552],[111.54295,-7.98563],[111.54307,-7.98591],[111.54276,-7.98603],[111.5426,-7.98636],[111.54194,-7.98652],[111.54168,-7.98681],[111.54156,-7.98745],[111.54135,-7.98736],[111.54089,-7.98765],[111.54067,-7.98739],[111.54047,-7.98751],[111.53992,-7.98736],[111.53957,-7.9884],[111.53946,-7.98802],[111.53904,-7.98788],[111.53903,-7.98754],[111.53718,-7.98782],[111.53647,-7.98729],[111.53626,-7.98793],[111.53568,-7.98753],[111.5349,-7.98753],[111.5342,-7.9878],[111.53351,-7.98837],[111.5331,-7.98836],[111.53277,-7.98782],[111.53257,-7.98783],[111.53242,-7.98846]],[[111.56392,-7.92438],[111.5643,-7.92406],[111.5649,-7.92415]],[[111.5629,-7.92506],[111.56339,-7.92465],[111.56378,-7.92452]],[[111.5624,-7.92527],[111.56278,-7.92515]]]}},{"type":"Feature","properties":{"NAMOBJ":"462.5","REMARK":"Garis Kontur","JNSKNT":2,"VALKNT":462.5},"geometry":{"type":"MultiLineString","coordinates":[[[111.5807,-8.03],[111.58057,-8.02976],[111.5798,-8.02929],[111.57948,-8.02882],[111.57929,-8.02824],[111.57924,-8.02535],[111.57989,-8.02404],[111.57976,-8.02413],[111.57957,-8.02365],[111.57979,-8.02381],[111.5808,-8.02325],[111.58129,-8.02263],[111.58173,-8.02259],[111.58221,-8.02167],[111.58239,-8.02165],[111.58263,-8.02183],[111.58322,-8.02132],[111.58313,-8.02044],[111.58352,-8.02032],[111.58442,-8.02043],[111.58484,-8.02032],[111.5848,-8.02009],[111.58499,-8.01955],[111.58584,-8.01898],[111.58502,-8.0186],[111.58505,-8.01784],[111.58495,-8.01761],[111.58533,-8.01747],[111.58625,-8.01658],[111.58629,-8.01588],[111.58669,-8.01557],[111.58618,-8.01511],[111.58605,-8.01479],[111.58634,-8.01448],[111.58672,-8.01368],[111.58755,-8.01367],[111.58768,-8.01334],[111.58809,-8.01299],[111.58832,-8.01224],[111.58894,-8.01239],[111.58924,-8.01231],[111.5895,-8.01205],[111.58975,-8.01203],[111.58983,-8.01155],[111.59048,-8.01098],[111.58996,-8.01043],[111.58999,-8.00952],[111.59024,-8.00927],[111.59044,-8.0086],[111.59091,-8.0078],[111.59169,-8.00724],[111.59279,-8.00721],[111.59315,-8.00591],[111.59304,-8.00544],[111.59359,-8.00547],[111.59344,-8.00502],[111.59358,-8.00485],[111.59344,-8.00413],[111.59314,-8.00347],[111.59384,-8.00321],[111.59437,-8.00266],[111.59526,-8.00237],[111.59617,-8.00224],[111.59632,-8.00209],[111.59687,-8.00234],[111.59722,-8.00213],[111.59702,-8.00172],[111.59701,-8.00048],[111.59771,-7.99891],[111.59769,-7.99836],[111.59775,-7.99827],[111.59796,-7.99834],[111.59781,-7.99743],[111.5986,-7.99733],[111.5987,-7.99693],[111.59828,-7.99676],[111.59769,-7.99603],[111.59781,-7.99546],[111.59739,-7.99501],[111.59737,-7.99478],[111.5977,-7.99493],[111.59802,-7.99489],[111.59835,-7.99516],[111.59879,-7.99519],[111.59996,-7.99478],[111.5999,-7.9945],[111.59954,-7.99409],[111.59945,-7.99338],[111.59923,-7.99297],[111.59993,-7.99298],[111.60028,-7.99282],[111.60058,-7.99296],[111.6007,-7.9929],[111.60043,-7.99234],[111.60048,-7.99142],[111.60067,-7.99134],[111.60083,-7.99102],[111.60135,-7.991],[111.60135,-7.99059],[111.60077,-7.99008],[111.60083,-7.98979],[111.60112,-7.98974],[111.60135,-7.98948],[111.60056,-7.98913],[111.60011,-7.98865],[111.60003,-7.98901],[111.59978,-7.98929],[111.59896,-7.98945],[111.59871,-7.9893],[111.59814,-7.98943],[111.5974,-7.98923],[111.59709,-7.98966],[111.59637,-7.98993],[111.59559,-7.98951],[111.59566,-7.98823],[111.59519,-7.98762],[111.59573,-7.98737],[111.59539,-7.98699],[111.59529,-7.98587],[111.59613,-7.98577],[111.5964,-7.98553],[111.59662,-7.98447],[111.59731,-7.98344],[111.59695,-7.98281],[111.59832,-7.98186],[111.59837,-7.98155],[111.59853,-7.98149],[111.59847,-7.98103],[111.59869,-7.98019],[111.59918,-7.97982],[111.59972,-7.97896],[111.60078,-7.97932],[111.6006,-7.97969],[111.60068,-7.97996],[111.60058,-7.9808],[111.60077,-7.98247],[111.60048,-7.98305],[111.60077,-7.98322],[111.60123,-7.98405],[111.60149,-7.98383],[111.60204,-7.98413],[111.60254,-7.98509],[111.60224,-7.98575],[111.60228,-7.98623],[111.60284,-7.98637],[111.60278,-7.98621],[111.60295,-7.98632],[111.6034,-7.98735],[111.6036,-7.98707],[111.60446,-7.98663],[111.60445,-7.98551],[111.6051,-7.98607],[111.6054,-7.98676],[111.60542,-7.98712],[111.60614,-7.98665],[111.60616,-7.98686],[111.60707,-7.98719],[111.608,-7.98617],[111.60886,-7.98552],[111.60794,-7.98473],[111.60783,-7.98412],[111.60749,-7.9835],[111.60751,-7.98332],[111.60814,-7.98254],[111.60695,-7.98171],[111.60746,-7.98146],[111.60775,-7.98062],[111.60771,-7.98041],[111.60821,-7.98064],[111.60861,-7.98018],[111.60861,-7.97951],[111.60834,-7.97878],[111.60837,-7.97834],[111.60795,-7.97789],[111.60765,-7.97784],[111.60764,-7.97763],[111.60869,-7.97738],[111.60907,-7.97703],[111.60893,-7.97628],[111.60959,-7.97642],[111.61047,-7.97597],[111.61037,-7.97511],[111.61103,-7.97482],[111.61145,-7.97503],[111.61145,-7.97527],[111.61245,-7.97525],[111.61319,-7.97557],[111.61339,-7.97433],[111.61357,-7.97423],[111.61343,-7.97352],[111.61356,-7.97346],[111.61402,-7.97347],[111.614,-7.97374],[111.61465,-7.97448],[111.61488,-7.97515],[111.61501,-7.97619],[111.6162,-7.97612],[111.61668,-7.97643],[111.61624,-7.97553],[111.61666,-7.97437],[111.61678,-7.97349],[111.61664,-7.97309],[111.6171,-7.97333],[111.61788,-7.97306],[111.61749,-7.97229],[111.61817,-7.97164],[111.61873,-7.97056],[111.61888,-7.97065],[111.61926,-7.97038],[111.61963,-7.97034],[111.61932,-7.96942],[111.62061,-7.96887],[111.62102,-7.96808],[111.62158,-7.96786],[111.62211,-7.96725],[111.62294,-7.96745],[111.62338,-7.96723],[111.6243,-7.96746],[111.62512,-7.96655],[111.6257,-7.96697],[111.62618,-7.96688],[111.62574,-7.96681],[111.62514,-7.96634],[111.62502,-7.96592],[111.62495,-7.96625],[111.62412,-7.96701],[111.62311,-7.96634],[111.62257,-7.96655],[111.62253,-7.96671],[111.62233,-7.96661],[111.62155,-7.96681],[111.62097,-7.96717],[111.62066,-7.96709],[111.6204,-7.9666],[111.62043,-7.96738],[111.61985,-7.96797],[111.6196,-7.96811],[111.61877,-7.96786],[111.61837,-7.96835],[111.61811,-7.96836],[111.6178,-7.96861],[111.61785,-7.96938],[111.61802,-7.96958],[111.6178,-7.96964],[111.61769,-7.96991],[111.61701,-7.97029],[111.61639,-7.97028],[111.6161,-7.97047],[111.61563,-7.97022],[111.61512,-7.97012],[111.6149,-7.9699],[111.61482,-7.97041],[111.6152,-7.97065],[111.61467,-7.97104],[111.61458,-7.97128],[111.61418,-7.97111],[111.61354,-7.97114],[111.61319,-7.97099],[111.61334,-7.97149],[111.6127,-7.97109],[111.61221,-7.97137],[111.61219,-7.971],[111.61186,-7.97063],[111.61195,-7.97055],[111.61173,-7.96974],[111.61199,-7.96937],[111.61126,-7.96899],[111.6112,-7.9686],[111.61092,-7.96809],[111.61071,-7.96824],[111.60995,-7.96825],[111.60955,-7.96805],[111.60894,-7.96825],[111.60877,-7.96804],[111.60895,-7.96798],[111.60876,-7.96783],[111.60895,-7.96777],[111.60978,-7.96799],[111.60998,-7.96796],[111.61016,-7.96771],[111.61001,-7.96723],[111.6101,-7.96646],[111.60998,-7.96599],[111.60955,-7.96533],[111.60991,-7.96478],[111.60944,-7.96423],[111.60898,-7.96415],[111.6088,-7.96357],[111.60795,-7.96344],[111.60846,-7.96304],[111.60862,-7.96256],[111.609,-7.96249],[111.60914,-7.96214],[111.60954,-7.96195],[111.60924,-7.96188],[111.60902,-7.96163],[111.60923,-7.96122],[111.60909,-7.96069],[111.60913,-7.95984],[111.60962,-7.95887],[111.60952,-7.95781],[111.61035,-7.957],[111.61,-7.95708],[111.60967,-7.95698],[111.6093,-7.95717],[111.60842,-7.95832],[111.6082,-7.95891],[111.60768,-7.95915],[111.60726,-7.95864],[111.60723,-7.95835],[111.60812,-7.95704],[111.60792,-7.95651],[111.6079,-7.9558],[111.6075,-7.95661],[111.60659,-7.95771],[111.60574,-7.95785],[111.60519,-7.95746],[111.60511,-7.95707],[111.60461,-7.95655],[111.60454,-7.95589],[111.60413,-7.95689],[111.60397,-7.957],[111.60386,-7.95767],[111.60283,-7.95763],[111.60325,-7.95745],[111.60332,-7.95708],[111.60369,-7.95698],[111.60286,-7.95662],[111.60325,-7.95587],[111.60298,-7.95525],[111.60322,-7.95448],[111.60268,-7.95357],[111.60279,-7.95317],[111.60344,-7.95227],[111.60285,-7.95238],[111.60224,-7.9522],[111.60162,-7.9522],[111.6014,-7.9518],[111.6007,-7.95225],[111.60038,-7.95131],[111.5997,-7.95186],[111.59907,-7.95182],[111.59883,-7.952],[111.59855,-7.95196],[111.59877,-7.95151],[111.59856,-7.95062],[111.59855,-7.94969],[111.59892,-7.94917],[111.59853,-7.94903],[111.59838,-7.94853],[111.59789,-7.94803],[111.59813,-7.94772],[111.5978,-7.94754],[111.59773,-7.94736],[111.59708,-7.94705],[111.59677,-7.94647],[111.59687,-7.94618],[111.59671,-7.94588],[111.59678,-7.94575],[111.59738,-7.94554],[111.59734,-7.94539],[111.59703,-7.94533],[111.59693,-7.94516],[111.59722,-7.94459],[111.59751,-7.94341],[111.59744,-7.94265],[111.59757,-7.94211],[111.59805,-7.94174],[111.59814,-7.94134],[111.59883,-7.94173],[111.59941,-7.94154],[111.59943,-7.94184],[111.5997,-7.9422],[111.59966,-7.9426],[111.59999,-7.94364],[111.6003,-7.94356],[111.6007,-7.9437],[111.60144,-7.94433],[111.60267,-7.94434],[111.60333,-7.94405],[111.60405,-7.94395],[111.6041,-7.94446],[111.60426,-7.94471],[111.60489,-7.9448],[111.60514,-7.94512],[111.60541,-7.945],[111.60562,-7.94508],[111.60608,-7.94567],[111.60715,-7.94566],[111.60742,-7.94651],[111.60788,-7.94664],[111.60826,-7.94695],[111.60829,-7.94683],[111.60844,-7.94698],[111.60864,-7.94697],[111.60846,-7.94706],[111.60844,-7.94761],[111.60806,-7.94804],[111.60844,-7.94854],[111.60901,-7.94892],[111.60899,-7.94919],[111.60876,-7.94978],[111.60842,-7.94994],[111.60836,-7.95105],[111.60796,-7.95146],[111.60798,-7.95174],[111.60856,-7.95158],[111.60886,-7.95177],[111.60963,-7.95171],[111.6106,-7.95123],[111.61148,-7.95114],[111.61157,-7.95133],[111.61146,-7.95256],[111.61125,-7.95296],[111.61219,-7.95298],[111.61243,-7.95387],[111.61325,-7.95395],[111.61351,-7.95376],[111.6135,-7.95339],[111.6139,-7.95221],[111.61422,-7.95234],[111.61429,-7.95257],[111.61462,-7.95242],[111.6148,-7.95217],[111.61528,-7.9522],[111.61569,-7.95191],[111.61579,-7.95147],[111.61638,-7.9509],[111.61678,-7.95083],[111.61727,-7.95111],[111.61793,-7.95127],[111.61892,-7.95097],[111.61927,-7.95125],[111.61907,-7.95167],[111.61953,-7.95359],[111.62022,-7.95353],[111.62059,-7.954],[111.62093,-7.95505],[111.62132,-7.95529],[111.62128,-7.95549],[111.62187,-7.95526],[111.6224,-7.95524],[111.6229,-7.95498],[111.62358,-7.95488],[111.62407,-7.95535],[111.62434,-7.95519],[111.62484,-7.95586],[111.625,-7.95674],[111.62476,-7.95696],[111.62505,-7.95767],[111.62634,-7.95804],[111.62706,-7.95771],[111.62754,-7.95768]],[[111.62758,-7.95768],[111.62779,-7.95767]],[[111.6553,-7.97989],[111.65473,-7.98008],[111.65422,-7.97999],[111.65385,-7.98059],[111.65341,-7.9804],[111.6532,-7.98056],[111.65273,-7.98031],[111.65277,-7.98064],[111.65205,-7.98157],[111.65165,-7.98256],[111.65166,-7.98316],[111.65189,-7.984],[111.65043,-7.98362],[111.64966,-7.98401],[111.64987,-7.98454],[111.64968,-7.98504],[111.65102,-7.98628],[111.65068,-7.98644],[111.65087,-7.9869],[111.64989,-7.98728],[111.65046,-7.98776],[111.65092,-7.98782],[111.65019,-7.98815],[111.64967,-7.98878],[111.64952,-7.98939],[111.64865,-7.98961],[111.64802,-7.98904],[111.64799,-7.99007],[111.64839,-7.99086],[111.64815,-7.99148],[111.64776,-7.99181],[111.64736,-7.99133],[111.64701,-7.99112],[111.6464,-7.99107],[111.6459,-7.99052],[111.64582,-7.99122],[111.64603,-7.9916],[111.64662,-7.99199],[111.64666,-7.99261],[111.64728,-7.99319],[111.64731,-7.99349],[111.64728,-7.99369],[111.64682,-7.99416],[111.64688,-7.99436],[111.64543,-7.9949],[111.64586,-7.99564],[111.64684,-7.99651],[111.64823,-7.99574],[111.64872,-7.99573],[111.64969,-7.9961],[111.65032,-7.99704],[111.65107,-7.99731],[111.65091,-7.99776],[111.65043,-7.99821],[111.64986,-7.99926],[111.64954,-8.00027],[111.64893,-8.00033],[111.64865,-8.00142],[111.64797,-8.00143],[111.6478,-8.00165],[111.64816,-8.00223],[111.64797,-8.0027],[111.64799,-8.00327],[111.64768,-8.00377]],[[111.63342,-8.00388],[111.63337,-8.00315],[111.63534,-8.00197],[111.63619,-8.00127],[111.63643,-8.00077],[111.63634,-8.00027],[111.63656,-7.99961],[111.6359,-8.00021],[111.63593,-8.00069],[111.63559,-8.00116],[111.6343,-8.00134],[111.63373,-8.00058],[111.6337,-8.0],[111.63341,-7.99905],[111.63318,-7.99986],[111.63327,-8.00011],[111.63287,-8.00109],[111.63254,-8.00109],[111.63231,-8.0009],[111.63155,-8.00088],[111.632,-8.00145],[111.63193,-8.00168],[111.63153,-8.00174],[111.631,-8.00205],[111.63045,-8.00149],[111.63013,-8.00191],[111.62974,-8.00204],[111.62884,-8.00184],[111.6287,-8.00166],[111.62805,-8.00278],[111.62759,-8.00267],[111.62672,-8.00292],[111.62619,-8.00293],[111.6262,-8.00229],[111.62679,-8.00142],[111.62641,-7.99988],[111.62571,-8.00064],[111.62557,-8.00098],[111.62518,-8.00112],[111.62498,-8.00098],[111.62475,-8.00115],[111.62466,-8.00052],[111.62439,-8.00026],[111.62386,-8.00007],[111.62358,-8.00018],[111.62343,-7.99994],[111.62297,-8.00007],[111.62249,-7.99967],[111.62241,-7.99931],[111.62193,-7.99982],[111.62143,-8.00009],[111.62113,-8.00007],[111.62053,-7.99971],[111.62012,-7.99982],[111.61936,-8.0005],[111.61851,-8.0002],[111.61816,-8.00056],[111.61794,-8.00115],[111.61707,-8.00139],[111.61729,-8.00228],[111.61703,-8.00414],[111.6181,-8.00474],[111.61759,-8.0048],[111.61697,-8.00462],[111.61719,-8.00545],[111.61617,-8.00398],[111.61499,-8.00308],[111.61465,-8.00268],[111.61428,-8.00258],[111.61352,-8.00323],[111.61249,-8.00327],[111.61247,-8.00282],[111.61408,-8.00159],[111.61421,-8.00131],[111.61419,-8.00081],[111.61337,-8.00057],[111.61289,-8.0],[111.61308,-7.99952],[111.61218,-7.99907],[111.61204,-7.99776],[111.61241,-7.99755],[111.61251,-7.99728],[111.61206,-7.99681],[111.61202,-7.99637],[111.61238,-7.99597],[111.61231,-7.99574],[111.61301,-7.99556],[111.61341,-7.995],[111.61431,-7.99544],[111.6157,-7.99531],[111.6149,-7.99445],[111.6145,-7.99437],[111.61435,-7.99453],[111.61401,-7.99422],[111.6137,-7.99415],[111.61419,-7.99389],[111.61481,-7.99309],[111.61452,-7.9926],[111.61391,-7.99312],[111.61343,-7.99322],[111.61302,-7.99311],[111.61287,-7.99335],[111.61204,-7.99359],[111.61111,-7.99409],[111.61077,-7.99408],[111.61076,-7.99424],[111.6103,-7.99391],[111.61012,-7.99334],[111.61034,-7.99312],[111.61014,-7.99262],[111.60999,-7.99162],[111.60981,-7.9919],[111.60934,-7.99214],[111.60955,-7.99231],[111.60895,-7.99226],[111.60837,-7.99322],[111.60794,-7.99322],[111.60808,-7.9928],[111.60792,-7.99232],[111.60802,-7.99238],[111.60743,-7.99006],[111.60677,-7.99133],[111.60684,-7.99193],[111.60557,-7.99126],[111.60615,-7.99239],[111.60649,-7.99266],[111.60679,-7.99351],[111.60651,-7.99561],[111.6063,-7.99597],[111.60609,-7.996],[111.6066,-7.9965],[111.60635,-7.99724],[111.60642,-7.99778],[111.606,-7.99832],[111.60535,-7.99856],[111.60568,-7.99931],[111.60522,-8.0],[111.60526,-8.00138],[111.6051,-8.00222],[111.60444,-8.00321],[111.60448,-8.00413],[111.60338,-8.00438],[111.60354,-8.0049],[111.60348,-8.0052],[111.60284,-8.00578],[111.60254,-8.00653],[111.60216,-8.00695],[111.60208,-8.00772],[111.60171,-8.00793],[111.60127,-8.00797],[111.6011,-8.00877],[111.60037,-8.00936],[111.60044,-8.01022],[111.6006,-8.01046],[111.60033,-8.01134],[111.59968,-8.0124],[111.59975,-8.01405],[111.60033,-8.01543],[111.60061,-8.01563],[111.60068,-8.01588],[111.60092,-8.01596],[111.60004,-8.01596],[111.5995,-8.01613],[111.59928,-8.01678],[111.59861,-8.01719],[111.59811,-8.01809],[111.59763,-8.01857]],[[111.6466,-8.00338],[111.64592,-8.00216],[111.64625,-8.0014],[111.64668,-8.00113],[111.64627,-8.00096],[111.64603,-8.00118],[111.64564,-8.00105],[111.64527,-8.0012],[111.6453,-8.00109],[111.6444,-8.0],[111.64439,-7.99966],[111.644,-7.99884],[111.64386,-7.99879],[111.64349,-7.99938],[111.64348,-8.00005],[111.64333,-8.00038],[111.64409,-8.00067],[111.6439,-8.00194],[111.64366,-8.00243],[111.64337,-8.00254],[111.64296,-8.00246],[111.6422,-8.00139],[111.64235,-8.00087],[111.64273,-8.00037],[111.64272,-8.0002],[111.64247,-7.99999],[111.64236,-8.00043],[111.64158,-8.00083],[111.64092,-8.00039],[111.64091,-8.00109],[111.64058,-8.00265],[111.63989,-8.00254],[111.63969,-8.00263],[111.63979,-8.00315],[111.63946,-8.00343]],[[111.64779,-8.00437],[111.64793,-8.00465],[111.64845,-8.00475],[111.64872,-8.00527],[111.64907,-8.00541],[111.64895,-8.00577],[111.64904,-8.00597],[111.64846,-8.00609],[111.64835,-8.00662]],[[111.64835,-8.00787],[111.64892,-8.00853],[111.64819,-8.00923],[111.64823,-8.00883]],[[111.58031,-8.03086],[111.58049,-8.03047]]]}},{"type":"Feature","properties":{"NAMOBJ":"387.5","REMARK":"Garis Kontur","JNSKNT":2,"VALKNT":387.5},"geometry":{"type":"LineString","coordinates":[[111.61427,-7.94622],[111.61392,-7.94705],[111.61392,-7.94708],[111.61448,-7.94668],[111.61452,-7.94623],[111.6143,-7.94606],[111.61427,-7.94622]]}},{"type":"Feature","properties":{"NAMOBJ":"575","REMARK":"Garis Kontur","JNSKNT":2,"VALKNT":575},"geometry":{"type":"LineString","coordinates":[[111.61575,-7.9856],[111.61598,-7.98557],[111.61672,-7.98466],[111.61572,-7.98518],[111.61575,-7.9856]]}},{"type":"Feature","properties":{"NAMOBJ":"550","REMARK":"Garis Kontur","JNSKNT":1,"VALKNT":550},"geometry":{"type":"LineString","coordinates":[[111.59167,-8.01217],[111.59175,-8.01219],[111.59176,-8.01277],[111.5921,-8.01209],[111.59191,-8.01181],[111.5917,-8.01179],[111.59159,-8.01187],[111.59167,-8.01217]]}},{"type":"Feature","properties":{"NAMOBJ":"637.5","REMARK":"Garis Kontur","JNSKNT":2,"VALKNT":637.5},"geometry":{"type":"LineString","coordinates":[[111.62846,-7.96056],[111.62849,-7.96069],[111.62899,-7.96056],[111.62969,-7.96075],[111.62971,-7.9605],[111.63001,-7.96024],[111.62967,-7.96037],[111.62907,-7.96027],[111.62846,-7.96056]]}},{"type":"Feature","properties":{"NAMOBJ":"550","REMARK":"Garis Kontur","JNSKNT":1,"VALKNT":550},"geometry":{"type":"LineString","coordinates":[[111.56946,-8.0185],[111.56955,-8.0179],[111.56947,-8.01765],[111.56919,-8.01826],[111.56892,-8.01822],[111.56887,-8.01896],[111.56854,-8.0199],[111.5687,-8.01982],[111.56898,-8.01921],[111.56926,-8.01909],[111.56946,-8.0185]]}},{"type":"Feature","properties":{"NAMOBJ":"237.5","REMARK":"Garis Kontur","JNSKNT":2,"VALKNT":237.5},"geometry":{"type":"LineString","coordinates":[[111.57957,-8.00454],[111.57924,-8.00493],[111.57928,-8.00514],[111.57949,-8.00526],[111.57957,-8.00454]]}},{"type":"Feature","properties":{"NAMOBJ":"637.5","REMARK":"Garis Kontur","JNSKNT":2,"VALKNT":637.5},"geometry":{"type":"LineString","coordinates":[[111.55156,-8.01757],[111.55168,-8.01778],[111.55276,-8.01837],[111.55263,-8.01864],[111.55173,-8.01904],[111.55051,-8.02002],[111.55092,-8.0203],[111.55153,-8.02039],[111.5517,-8.02026],[111.55301,-8.02006],[111.55334,-8.01944],[111.55384,-8.01933],[111.55361,-8.01862],[111.55369,-8.01828],[111.5554,-8.01685],[111.55563,-8.01608],[111.55624,-8.01607],[111.5572,-8.0167],[111.55745,-8.017],[111.55766,-8.01664],[111.55811,-8.01643],[111.5581,-8.01633],[111.55755,-8.01639],[111.55715,-8.01628],[111.55655,-8.01583],[111.55571,-8.01553],[111.55537,-8.01469],[111.55527,-8.01404],[111.55491,-8.01328],[111.55503,-8.0128],[111.55561,-8.01182],[111.55518,-8.01113],[111.55495,-8.01042],[111.5546,-8.01068],[111.55482,-8.01188],[111.55435,-8.01232],[111.55399,-8.01397],[111.55408,-8.01427],[111.55282,-8.01436],[111.55312,-8.01495],[111.55323,-8.01571],[111.55177,-8.017],[111.55136,-8.01715],[111.55156,-8.01757]]}},{"type":"Feature","properties":{"NAMOBJ":"562.5","REMARK":"Garis Kontur","JNSKNT":2,"VALKNT":562.5},"geometry":{"type":"LineString","coordinates":[[111.61533,-8.0],[111.61553,-7.99984],[111.61576,-7.9992],[111.61628,-7.99858],[111.61607,-7.99843],[111.61481,-7.99822],[111.61435,-7.99821],[111.61404,-7.99841],[111.61413,-7.99906],[111.61391,-7.99959],[111.61403,-8.0],[111.61449,-8.00044],[111.61453,-8.00105],[111.6148,-8.0009],[111.61492,-8.0003],[111.61533,-8.0]]}},{"type":"Feature","properties":{"NAMOBJ":"612.5","REMARK":"Garis Kontur","JNSKNT":2,"VALKNT":612.5},"geometry":{"type":"LineString","coordinates":[[111.63622,-7.95684],[111.63619,-7.9566],[111.63604,-7.95652],[111.63564,-7.95723],[111.63603,-7.95729],[111.63627,-7.95702],[111.63622,-7.95684]]}},{"type":"Feature","properties":{"NAMOBJ":"587.5","REMARK":"Garis Kontur","JNSKNT":2,"VALKNT":587.5},"geometry":{"type":"LineString","coordinates":[[111.56344,-8.0],[111.56261,-8.0013],[111.56236,-8.00116],[111.56194,-8.0013],[111.5617,-8.00366],[111.56103,-8.00408],[111.56082,-8.00412],[111.56058,-8.00383],[111.55888,-8.00338],[111.55892,-8.00237],[111.55852,-8.00197],[111.55859,-8.00095],[111.55845,-8.00066],[111.55818,-8.00069],[111.55796,-8.00142],[111.55722,-8.0022],[111.55575,-8.00318],[111.55572,-8.00237],[111.55633,-8.0016],[111.55677,-7.99943],[111.55727,-7.9992],[111.55757,-7.99939],[111.55784,-7.99938],[111.55852,-7.99896],[111.55881,-7.99856],[111.55972,-7.99827],[111.55998,-7.99788],[111.55996,-7.99681],[111.5608,-7.99695],[111.56134,-7.99652],[111.5616,-7.99608],[111.56157,-7.99541],[111.56193,-7.99537],[111.56248,-7.99576],[111.56212,-7.99632],[111.56237,-7.99765],[111.56222,-7.99837],[111.56262,-7.99844],[111.56277,-7.99864],[111.56336,-7.99879],[111.56348,-7.99897],[111.56388,-7.99882],[111.56345,-7.99927],[111.56344,-8.0]]}},{"type":"Feature","properties":{"NAMOBJ":"387.5","REMARK":"Garis Kontur","JNSKNT":2,"VALKNT":387.5},"geometry":{"type":"MultiLineString","coordinates":[[[111.53773,-8.01582],[111.53802,-8.01578],[111.53813,-8.01564],[111.53892,-8.01425],[111.53931,-8.01428],[111.54,-8.01473],[111.54045,-8.01356],[111.54043,-8.01295],[111.54112,-8.01303],[111.54131,-8.01342],[111.54168,-8.0136],[111.54215,-8.01327],[111.54285,-8.01349],[111.54325,-8.01306],[111.54291,-8.01122],[111.54358,-8.01121],[111.5444,-8.0107],[111.54429,-8.01049],[111.54434,-8.00961],[111.54466,-8.00875],[111.54449,-8.00855],[111.54447,-8.00787],[111.54436,-8.00776],[111.54481,-8.00728],[111.5448,-8.0066],[111.54602,-8.0077],[111.54648,-8.00857],[111.54663,-8.00867],[111.54689,-8.00849],[111.54724,-8.00877],[111.5474,-8.00871],[111.5479,-8.00797],[111.54788,-8.00665],[111.54813,-8.00685],[111.54863,-8.00679],[111.54898,-8.00711],[111.55047,-8.00731],[111.5505,-8.0069],[111.55092,-8.00612],[111.55099,-8.00525],[111.55189,-8.00517],[111.55142,-8.00407],[111.55293,-8.0039],[111.55298,-8.00346],[111.55265,-8.00317],[111.55185,-8.00171],[111.55164,-8.00165],[111.5518,-8.00122],[111.55154,-8.00105],[111.5512,-8.00056],[111.55155,-8.00017],[111.55251,-8.00022],[111.55268,-7.99932],[111.55253,-7.99875],[111.55342,-7.99831],[111.55316,-7.99762],[111.5535,-7.99645],[111.55371,-7.99622],[111.55385,-7.99579],[111.55402,-7.99556],[111.55421,-7.99552],[111.55459,-7.9962],[111.55569,-7.99689],[111.55575,-7.99665],[111.55626,-7.99619],[111.55688,-7.99627],[111.55719,-7.99604],[111.55707,-7.99569],[111.55764,-7.99547],[111.55696,-7.99496],[111.55652,-7.99391],[111.55725,-7.99382],[111.55787,-7.99357],[111.55881,-7.99385],[111.55895,-7.99297],[111.55882,-7.99253],[111.55886,-7.99204],[111.5583,-7.99151],[111.55803,-7.99101],[111.55802,-7.99056],[111.55759,-7.99028],[111.55744,-7.98949],[111.55804,-7.98936],[111.55878,-7.98974],[111.55973,-7.98984],[111.56079,-7.99132],[111.56167,-7.99098],[111.56189,-7.99204],[111.56246,-7.99207],[111.56254,-7.99245],[111.56296,-7.99288],[111.56297,-7.99308],[111.56398,-7.99326],[111.56418,-7.99341],[111.56445,-7.99305],[111.56459,-7.99227],[111.56509,-7.99222],[111.56502,-7.99176],[111.56536,-7.99168],[111.56581,-7.99125],[111.56603,-7.99009],[111.56616,-7.9899],[111.56637,-7.98987],[111.56659,-7.98919],[111.56674,-7.98965],[111.5662,-7.99029],[111.56603,-7.99109],[111.56604,-7.99233],[111.56582,-7.99273],[111.56622,-7.99329],[111.56642,-7.99408],[111.56703,-7.99455],[111.56704,-7.99535],[111.56789,-7.99506],[111.5689,-7.99499],[111.56921,-7.99436],[111.56987,-7.99503],[111.57061,-7.99499],[111.57145,-7.99521],[111.57142,-7.99612],[111.57245,-7.99676],[111.57246,-7.9969],[111.57213,-7.99709],[111.57191,-7.99765],[111.57222,-7.99781],[111.57239,-7.99823],[111.573,-7.99861],[111.57234,-7.99913],[111.57201,-7.99971],[111.57221,-7.99985],[111.57247,-8.0004],[111.57269,-8.00142],[111.57305,-8.00179],[111.57256,-8.00181],[111.57127,-8.00135],[111.57055,-8.00185],[111.56995,-8.0016],[111.5697,-8.00197],[111.56939,-8.00216],[111.56897,-8.00221],[111.56843,-8.00144],[111.56791,-8.0021],[111.56646,-8.00144],[111.56559,-8.00234],[111.56552,-8.00318],[111.56527,-8.00326],[111.56475,-8.00416],[111.56409,-8.00433],[111.56449,-8.00501],[111.56548,-8.00552],[111.56595,-8.0068],[111.56654,-8.00713],[111.5652,-8.00774],[111.56441,-8.00837],[111.56354,-8.00839],[111.5627,-8.00815],[111.56193,-8.00751],[111.56176,-8.00777],[111.5615,-8.00779],[111.56126,-8.00768],[111.56106,-8.00739],[111.55888,-8.00646],[111.55859,-8.00678],[111.55877,-8.00693],[111.55902,-8.00774],[111.55923,-8.00858],[111.55926,-8.00924],[111.5586,-8.00973],[111.55885,-8.01003],[111.55891,-8.01062],[111.55924,-8.01074],[111.55904,-8.0114],[111.55913,-8.01226],[111.55988,-8.01222],[111.55994,-8.01244],[111.56009,-8.01213],[111.56085,-8.01185],[111.56153,-8.01202],[111.56166,-8.01226],[111.56124,-8.01325],[111.56127,-8.01356],[111.56173,-8.01328],[111.56261,-8.01345],[111.56315,-8.01302],[111.56395,-8.01353],[111.56392,-8.01373],[111.5635,-8.01403],[111.56263,-8.01501],[111.56275,-8.01525],[111.56258,-8.01537],[111.56231,-8.01614],[111.56258,-8.01617],[111.56297,-8.0165],[111.56348,-8.01577],[111.56409,-8.0158],[111.56418,-8.01563],[111.56464,-8.0155],[111.56517,-8.01596],[111.56535,-8.01635],[111.56576,-8.01658],[111.56606,-8.01754],[111.56629,-8.01789],[111.56653,-8.01754],[111.56674,-8.01682],[111.56662,-8.01613],[111.56668,-8.01573],[111.5669,-8.0156],[111.56715,-8.01563],[111.56695,-8.01436],[111.56809,-8.01424],[111.56901,-8.01386],[111.56988,-8.01435],[111.57059,-8.01442],[111.57099,-8.01464],[111.57121,-8.01488],[111.57128,-8.0152],[111.57182,-8.01505],[111.57298,-8.01393],[111.57405,-8.01415],[111.57416,-8.015],[111.57447,-8.01586],[111.57494,-8.01536],[111.57538,-8.0152],[111.57558,-8.01474],[111.57629,-8.01462],[111.57658,-8.01484],[111.57692,-8.01559],[111.57713,-8.01525],[111.57753,-8.015],[111.57788,-8.01407],[111.57771,-8.0138],[111.57763,-8.01316],[111.57773,-8.01313],[111.57805,-8.0139],[111.57893,-8.0141],[111.57887,-8.01504],[111.57861,-8.01588],[111.57935,-8.01601],[111.58092,-8.01851],[111.581,-8.01858],[111.58138,-8.01835],[111.58172,-8.0185],[111.58269,-8.01864],[111.58201,-8.0179],[111.58157,-8.01778],[111.58161,-8.01752],[111.58187,-8.01681],[111.58269,-8.01608],[111.58355,-8.01586],[111.58244,-8.01522],[111.58342,-8.01414],[111.58396,-8.01401],[111.58463,-8.01409],[111.58474,-8.01377],[111.58534,-8.01329],[111.58551,-8.01256],[111.58613,-8.01239],[111.58645,-8.01246],[111.58637,-8.01129],[111.58659,-8.01095],[111.58713,-8.01136],[111.58803,-8.01115],[111.58856,-8.01068],[111.58875,-8.01065],[111.58872,-8.00995],[111.58845,-8.00955],[111.58839,-8.00902],[111.58793,-8.00864],[111.5881,-8.00788],[111.58892,-8.0068],[111.58951,-8.00649],[111.59003,-8.00606],[111.59015,-8.00573],[111.59096,-8.00519],[111.59089,-8.00479],[111.59181,-8.00489],[111.59197,-8.00457],[111.5923,-8.00439],[111.59189,-8.00401],[111.59185,-8.00372],[111.59216,-8.00291],[111.59258,-8.00228],[111.59242,-8.00158],[111.59253,-8.00132],[111.59367,-8.0007],[111.5942,-8.00054],[111.59436,-8.00066],[111.59496,-8.00066],[111.59528,-8.00082],[111.59562,-8.00074],[111.59609,-7.9996],[111.59612,-7.99928],[111.59639,-7.99882],[111.59646,-7.99816],[111.59628,-7.99747],[111.59625,-7.99662],[111.59609,-7.99633],[111.59618,-7.99619],[111.5965,-7.99622],[111.59651,-7.996],[111.59603,-7.99534],[111.59583,-7.99475],[111.59619,-7.99411],[111.59633,-7.99331],[111.59723,-7.99301],[111.59766,-7.99304],[111.59772,-7.99215],[111.59832,-7.99168],[111.59832,-7.99113],[111.59792,-7.99132],[111.59753,-7.99126],[111.59677,-7.99171],[111.59608,-7.99155],[111.59561,-7.99099],[111.59508,-7.99139],[111.59405,-7.99138],[111.59374,-7.99116],[111.59356,-7.99057],[111.59424,-7.98975],[111.59407,-7.98917],[111.59436,-7.98846],[111.59341,-7.98806],[111.59323,-7.98775],[111.59353,-7.98694],[111.59399,-7.98655],[111.59325,-7.98477],[111.59396,-7.98387],[111.59439,-7.98356],[111.59463,-7.98376],[111.5951,-7.98379],[111.59521,-7.98241],[111.59541,-7.98236],[111.59562,-7.9815],[111.59617,-7.98112],[111.59674,-7.98099],[111.59701,-7.9808],[111.59771,-7.97919],[111.59848,-7.97924],[111.59889,-7.97869],[111.59924,-7.97776],[111.59975,-7.97757],[111.59983,-7.97698],[111.60028,-7.97688],[111.60046,-7.97665],[111.60057,-7.97708],[111.60091,-7.97724],[111.60158,-7.97726],[111.6022,-7.97684],[111.6025,-7.97712],[111.60311,-7.97743],[111.60369,-7.97725],[111.60343,-7.97703],[111.60316,-7.97631],[111.60344,-7.97606],[111.60371,-7.97512],[111.60327,-7.97508],[111.60215,-7.97464],[111.60114,-7.97406],[111.60054,-7.97398],[111.59996,-7.97311],[111.59986,-7.97353],[111.59961,-7.97379],[111.59859,-7.97385],[111.59887,-7.97346],[111.59812,-7.97224],[111.59749,-7.97192],[111.59546,-7.97153],[111.59477,-7.97125],[111.59523,-7.97091],[111.59595,-7.9711],[111.59635,-7.97076],[111.59697,-7.97085],[111.59761,-7.97064],[111.59728,-7.96962],[111.5967,-7.96926],[111.5969,-7.96907],[111.59807,-7.96897],[111.598,-7.96832],[111.59842,-7.96779],[111.59887,-7.96812],[111.59919,-7.96793],[111.59961,-7.96833],[111.60011,-7.96847],[111.60039,-7.96878],[111.6013,-7.96799],[111.60223,-7.96761],[111.60217,-7.96878],[111.6023,-7.96936],[111.6029,-7.96936],[111.60313,-7.97025],[111.6043,-7.96969],[111.60507,-7.96974],[111.60586,-7.96957],[111.60588,-7.96918],[111.60543,-7.96931],[111.60419,-7.96892],[111.60408,-7.96843],[111.60415,-7.96782],[111.60426,-7.96775],[111.60437,-7.96788],[111.60568,-7.96702],[111.60602,-7.96719],[111.60621,-7.96707],[111.60639,-7.96716],[111.60631,-7.96694],[111.6066,-7.96661],[111.60729,-7.96658],[111.60732,-7.96633],[111.60695,-7.96566],[111.60693,-7.96535],[111.60737,-7.96554],[111.60765,-7.9653],[111.60744,-7.96471],[111.6069,-7.96422],[111.60693,-7.96359],[111.60678,-7.96319],[111.60688,-7.96284],[111.60704,-7.96267],[111.60772,-7.96259],[111.60744,-7.96237],[111.60716,-7.9615],[111.60633,-7.96201],[111.60529,-7.96223],[111.60436,-7.96274],[111.60348,-7.96302],[111.60393,-7.9624],[111.60405,-7.96111],[111.60373,-7.96134],[111.60355,-7.96166],[111.60323,-7.96176],[111.60322,-7.96145],[111.60276,-7.96149],[111.60187,-7.96123],[111.60153,-7.96097],[111.60138,-7.9608],[111.60132,-7.96022],[111.60078,-7.96103],[111.6006,-7.96209],[111.60028,-7.96218],[111.59981,-7.96259],[111.59899,-7.96274],[111.59901,-7.96356],[111.598,-7.96339],[111.59759,-7.96382],[111.59693,-7.96356],[111.5972,-7.96323],[111.59737,-7.9627],[111.59798,-7.96225],[111.59772,-7.96184],[111.59737,-7.96161],[111.59711,-7.96167],[111.597,-7.96158],[111.5973,-7.96145],[111.59742,-7.96089],[111.59693,-7.96038],[111.59674,-7.95933],[111.59701,-7.95941],[111.5975,-7.95911],[111.59796,-7.95934],[111.59885,-7.95906],[111.599,-7.95885],[111.59903,-7.95822],[111.59966,-7.95799],[111.59982,-7.95713],[111.59974,-7.95689],[111.60027,-7.95668],[111.60055,-7.95632],[111.60093,-7.95646],[111.60119,-7.95635],[111.60117,-7.95581],[111.60092,-7.95541],[111.60177,-7.95455],[111.60169,-7.95421],[111.60139,-7.95383],[111.60102,-7.95369],[111.60096,-7.95338],[111.60067,-7.95348],[111.60015,-7.95331],[111.59981,-7.9526],[111.5988,-7.95322],[111.59788,-7.95226],[111.59727,-7.95258],[111.59717,-7.95243],[111.59716,-7.95167],[111.59651,-7.95115],[111.59633,-7.95078],[111.59644,-7.95071],[111.59642,-7.95029],[111.5966,-7.94971],[111.59703,-7.94907],[111.59639,-7.94803],[111.59611,-7.94788],[111.5956,-7.94729],[111.59565,-7.94666],[111.59545,-7.94625],[111.59496,-7.94593],[111.59575,-7.94507],[111.59605,-7.94449],[111.59569,-7.94402],[111.59556,-7.94346],[111.59511,-7.943],[111.59543,-7.94283],[111.59601,-7.94141],[111.59658,-7.9409],[111.59621,-7.939],[111.59703,-7.93924],[111.59781,-7.93863],[111.59865,-7.93932],[111.59867,-7.94016],[111.59905,-7.94013],[111.59959,-7.94035],[111.60022,-7.94026],[111.60088,-7.94179],[111.6012,-7.94146],[111.60184,-7.94141],[111.60231,-7.94186],[111.6028,-7.94187],[111.60305,-7.94199],[111.6032,-7.94227],[111.60339,-7.94219],[111.60428,-7.94256],[111.60584,-7.9418],[111.60597,-7.94221],[111.60575,-7.94272],[111.60593,-7.94328],[111.60689,-7.94299],[111.60684,-7.94358],[111.60697,-7.94376],[111.60748,-7.9439],[111.60789,-7.94424],[111.60835,-7.94414],[111.60888,-7.9443],[111.60876,-7.9455],[111.60922,-7.94577],[111.60966,-7.94624],[111.61011,-7.94641],[111.60987,-7.94716],[111.61027,-7.9475],[111.6098,-7.94792],[111.61078,-7.94827],[111.61079,-7.9488],[111.61162,-7.94881],[111.61331,-7.94802],[111.61349,-7.94838],[111.61317,-7.9491],[111.61373,-7.9497],[111.6143,-7.95001],[111.6169,-7.94997],[111.6174,-7.94985],[111.61774,-7.94961],[111.61866,-7.94956],[111.61937,-7.94956],[111.61967,-7.94981],[111.61989,-7.94975],[111.6205,-7.95077],[111.62072,-7.95086],[111.62049,-7.95136],[111.62053,-7.95167],[111.62077,-7.95187],[111.62056,-7.95242],[111.6213,-7.95234],[111.62129,-7.95289],[111.62151,-7.95362],[111.622,-7.95392],[111.62215,-7.95379],[111.6229,-7.9538],[111.62333,-7.95359],[111.62396,-7.95357],[111.62431,-7.95337],[111.6245,-7.95406],[111.62518,-7.95425],[111.62588,-7.95518]],[[111.62591,-7.95521],[111.62609,-7.95535],[111.62612,-7.95524]],[[111.65368,-7.98239],[111.65306,-7.98317],[111.6529,-7.9832],[111.65298,-7.9841],[111.65287,-7.98473],[111.65297,-7.98503],[111.65234,-7.98486],[111.65138,-7.98509],[111.65163,-7.98543],[111.6525,-7.98592],[111.65262,-7.98649],[111.65223,-7.98704],[111.65242,-7.98724],[111.65267,-7.98726],[111.6532,-7.98783],[111.6532,-7.98867],[111.65333,-7.98902],[111.6547,-7.98952],[111.65513,-7.98945],[111.65532,-7.98961],[111.65509,-7.98982],[111.65425,-7.98995],[111.65364,-7.99026],[111.65357,-7.99057],[111.65333,-7.99077],[111.65281,-7.99086],[111.65269,-7.99078],[111.6523,-7.99127],[111.65144,-7.99157],[111.65108,-7.99133],[111.65099,-7.99145],[111.6508,-7.99138],[111.65101,-7.99207],[111.65059,-7.99212],[111.64989,-7.9925],[111.65078,-7.99255],[111.65163,-7.99228],[111.65208,-7.99267],[111.65244,-7.9925],[111.65308,-7.99259],[111.6541,-7.99212],[111.65477,-7.99202],[111.65557,-7.99148],[111.65604,-7.99204]],[[111.65615,-7.99275],[111.65552,-7.9928],[111.65522,-7.99323],[111.65422,-7.9937],[111.65346,-7.99443],[111.65218,-7.9949],[111.65242,-7.9951],[111.65349,-7.99529],[111.65429,-7.99477],[111.65515,-7.99494],[111.65594,-7.99469],[111.65621,-7.99488]],[[111.65624,-7.99532],[111.65561,-7.99581],[111.65514,-7.99644],[111.65526,-7.99679],[111.6561,-7.9972]],[[111.61376,-8.01102],[111.61405,-8.01084],[111.61402,-8.01049],[111.61417,-8.01014],[111.61412,-8.00928],[111.61434,-8.00861],[111.6153,-8.00796],[111.61564,-8.00745],[111.61514,-8.00719],[111.61432,-8.00634],[111.61463,-8.00606],[111.61531,-8.00593],[111.6155,-8.0052],[111.61525,-8.00478],[111.61462,-8.00438],[111.61448,-8.00405],[111.61419,-8.00448],[111.61349,-8.00505],[111.61295,-8.00454],[111.61252,-8.00501],[111.61188,-8.00433],[111.6119,-8.00318],[111.61176,-8.00254],[111.61163,-8.00244],[111.61257,-8.00212],[111.61286,-8.00182],[111.61314,-8.00177],[111.61395,-8.00118],[111.61314,-8.00106],[111.61233,-8.00034],[111.61135,-7.99988],[111.6112,-7.99973],[111.61154,-7.99953],[111.61062,-7.99802],[111.6089,-7.99713],[111.60799,-7.99646],[111.60769,-7.99703],[111.60768,-7.99795],[111.6082,-7.99805],[111.60847,-7.99946],[111.60803,-8.00051],[111.60782,-8.00064],[111.60797,-8.00133],[111.60794,-8.00178],[111.6074,-8.00237],[111.60696,-8.00316],[111.60678,-8.00421],[111.60679,-8.00521],[111.60574,-8.00551],[111.60541,-8.00574],[111.60531,-8.00684],[111.60519,-8.00693],[111.60522,-8.00709],[111.60552,-8.0073],[111.60546,-8.00795],[111.60432,-8.00828],[111.60385,-8.0086],[111.603,-8.00892],[111.60379,-8.0096],[111.60414,-8.0104],[111.60362,-8.01062],[111.60311,-8.01057],[111.60333,-8.01134],[111.60307,-8.0116],[111.60353,-8.01174],[111.60365,-8.01219],[111.60265,-8.01368],[111.60307,-8.01382],[111.60347,-8.01425],[111.60294,-8.01522],[111.60258,-8.01636],[111.60232,-8.01644],[111.60198,-8.01694],[111.60224,-8.01763],[111.60179,-8.01737],[111.60128,-8.01735],[111.60091,-8.01833]],[[111.65453,-8.00048],[111.65408,-8.00062],[111.65358,-8.00019],[111.65315,-8.0],[111.65251,-7.99914],[111.65201,-7.99915],[111.65174,-7.99953],[111.65163,-8.00019],[111.65061,-8.0007],[111.65085,-8.00221],[111.65063,-8.00227],[111.65009,-8.00184],[111.6496,-8.00192],[111.64998,-8.00235],[111.65005,-8.00282],[111.64944,-8.00361],[111.64915,-8.0038],[111.64953,-8.00409],[111.64976,-8.00392],[111.64991,-8.00399],[111.65041,-8.00511],[111.64973,-8.00567],[111.64998,-8.00669],[111.64974,-8.00689],[111.64935,-8.00689],[111.64947,-8.00729],[111.64969,-8.00729],[111.64977,-8.00759],[111.65045,-8.00808],[111.65008,-8.00855],[111.65003,-8.00954],[111.64972,-8.00976],[111.64904,-8.00967],[111.64908,-8.00981],[111.64874,-8.01035],[111.64838,-8.0118],[111.64888,-8.01302],[111.64824,-8.01268],[111.64794,-8.01282],[111.64789,-8.01273],[111.64723,-8.01284]],[[111.63074,-8.00761],[111.63119,-8.00721],[111.63187,-8.00531],[111.63186,-8.00464],[111.63105,-8.00522],[111.63111,-8.00396],[111.63146,-8.0034],[111.63071,-8.00354],[111.63049,-8.00344],[111.63045,-8.00405],[111.63022,-8.00415],[111.62999,-8.0046],[111.62966,-8.00487],[111.62937,-8.00552],[111.62897,-8.00419],[111.62864,-8.00461],[111.62794,-8.0048],[111.62744,-8.00557],[111.62719,-8.00488],[111.627,-8.00518],[111.62672,-8.00517],[111.62634,-8.00541],[111.62636,-8.00498],[111.62622,-8.00458],[111.62557,-8.00447],[111.62506,-8.00422],[111.62481,-8.00345],[111.62482,-8.00255],[111.62385,-8.00277],[111.62363,-8.0023],[111.62367,-8.00151],[111.6235,-8.00124],[111.62247,-8.00264],[111.62174,-8.00296],[111.62158,-8.00285],[111.62127,-8.00314],[111.62069,-8.00316],[111.6201,-8.00338],[111.62026,-8.00377],[111.62101,-8.00427],[111.62125,-8.00514],[111.62103,-8.00567],[111.62131,-8.00642],[111.62082,-8.00703],[111.62107,-8.00757]],[[111.64518,-8.0038],[111.64454,-8.0042],[111.64339,-8.0043],[111.64279,-8.00412],[111.64273,-8.00373],[111.6425,-8.00367],[111.64242,-8.00334],[111.6418,-8.00316],[111.64199,-8.0038],[111.6416,-8.00412],[111.6405,-8.00377],[111.64057,-8.00459]],[[111.57838,-8.03449],[111.57794,-8.03411],[111.57782,-8.0338],[111.57791,-8.03357],[111.57709,-8.03275],[111.57711,-8.03208],[111.57693,-8.03126],[111.5771,-8.03108],[111.57645,-8.03083],[111.57624,-8.03094],[111.57569,-8.03027],[111.57636,-8.02871],[111.57625,-8.02857],[111.57652,-8.02779],[111.57694,-8.0271],[111.57674,-8.02647],[111.57671,-8.02573],[111.57617,-8.02516],[111.57571,-8.02419],[111.57548,-8.02498],[111.57556,-8.02546],[111.57491,-8.02572],[111.57515,-8.02611],[111.57521,-8.02672],[111.57454,-8.02731],[111.57411,-8.02714],[111.57393,-8.02759],[111.57386,-8.02853],[111.57358,-8.0286],[111.57296,-8.02906],[111.57264,-8.02915],[111.57246,-8.029],[111.572,-8.02857],[111.5718,-8.02801],[111.57171,-8.02808],[111.57118,-8.02769],[111.57058,-8.02691],[111.57019,-8.02718],[111.56822,-8.02738],[111.56898,-8.02784],[111.56982,-8.02897],[111.57014,-8.0291],[111.57043,-8.02986],[111.56991,-8.03054],[111.56889,-8.03054],[111.56888,-8.03079],[111.56764,-8.0321],[111.56635,-8.03181],[111.56552,-8.03193],[111.56427,-8.03164],[111.56192,-8.03209],[111.5618,-8.03178],[111.56183,-8.03139],[111.56212,-8.03084],[111.56081,-8.03122],[111.55915,-8.03083],[111.55807,-8.03076],[111.5577,-8.0302],[111.55744,-8.03021],[111.55711,-8.03057],[111.55738,-8.03065],[111.55741,-8.03137],[111.55715,-8.03208],[111.55721,-8.03229],[111.55772,-8.03156],[111.55816,-8.03138],[111.55889,-8.03139],[111.55926,-8.03155],[111.5595,-8.0322],[111.55989,-8.03201],[111.56043,-8.03225],[111.56064,-8.03315],[111.56161,-8.03404],[111.56208,-8.03377],[111.56296,-8.03356],[111.56338,-8.03363],[111.56387,-8.03396],[111.56392,-8.03369],[111.56423,-8.0333],[111.56448,-8.03362],[111.56537,-8.03415],[111.56575,-8.03391],[111.56678,-8.03407],[111.56751,-8.03389],[111.56799,-8.0343],[111.56799,-8.03447],[111.56891,-8.03428],[111.56897,-8.03494],[111.56965,-8.03562],[111.5711,-8.03669],[111.5715,-8.03765],[111.57148,-8.03877],[111.57104,-8.03933],[111.57132,-8.03947],[111.57182,-8.04043],[111.57202,-8.04393],[111.57184,-8.04538],[111.57191,-8.04575],[111.57165,-8.0465],[111.5714,-8.04666],[111.57073,-8.04687],[111.56993,-8.04653],[111.56966,-8.04689],[111.56921,-8.04708],[111.56836,-8.04717],[111.56796,-8.04682],[111.56742,-8.04661],[111.56729,-8.04629],[111.56694,-8.04603],[111.56659,-8.04635],[111.56602,-8.04638],[111.56609,-8.0469],[111.56467,-8.04668],[111.56471,-8.04681],[111.56449,-8.04705],[111.56368,-8.04733],[111.56358,-8.04774],[111.56315,-8.04831],[111.5627,-8.04857],[111.56171,-8.04867],[111.56047,-8.04849],[111.55998,-8.04886],[111.55856,-8.04957],[111.55742,-8.04983]]]}},{"type":"Feature","properties":{"NAMOBJ":"587.5","REMARK":"Garis Kontur","JNSKNT":2,"VALKNT":587.5},"geometry":{"type":"LineString","coordinates":[[111.59947,-7.9449],[111.59919,-7.94494],[111.59911,-7.9452],[111.59938,-7.94546],[111.59963,-7.9455],[111.6,-7.94593],[111.59919,-7.94652],[111.59944,-7.94738],[111.60019,-7.94783],[111.60081,-7.94876],[111.60153,-7.94899],[111.60239,-7.9488],[111.60349,-7.94824],[111.60376,-7.94823],[111.60448,-7.94907],[111.60492,-7.94997],[111.60518,-7.95016],[111.60604,-7.94914],[111.60634,-7.94834],[111.60625,-7.94811],[111.60579,-7.94772],[111.60556,-7.94726],[111.60483,-7.94728],[111.60313,-7.94656],[111.60289,-7.94622],[111.60308,-7.94577],[111.60306,-7.94545],[111.60243,-7.94532],[111.60221,-7.94505],[111.60159,-7.94506],[111.60047,-7.94446],[111.59947,-7.9449]]}},{"type":"Feature","properties":{"NAMOBJ":"587.5","REMARK":"Garis Kontur","JNSKNT":2,"VALKNT":587.5},"geometry":{"type":"MultiLineString","coordinates":[[[111.63332,-7.95724],[111.6342,-7.95699],[111.63511,-7.95653],[111.63519,-7.95633],[111.63536,-7.95646],[111.63513,-7.95739],[111.63562,-7.95777],[111.63455,-7.95849],[111.63525,-7.95936],[111.63496,-7.96026],[111.63516,-7.9606],[111.63566,-7.96047],[111.63577,-7.96008],[111.63557,-7.95964],[111.63589,-7.95959],[111.63608,-7.95897],[111.63661,-7.95922],[111.63687,-7.95911],[111.6374,-7.95917],[111.63722,-7.95906],[111.63726,-7.95854],[111.63686,-7.95789],[111.637,-7.95703],[111.63735,-7.95743],[111.63802,-7.95774],[111.63829,-7.95809],[111.63841,-7.95771],[111.63872,-7.95756]],[[111.64671,-7.96019],[111.64704,-7.96052],[111.64753,-7.96039],[111.64818,-7.96048],[111.64837,-7.96037]],[[111.6501,-7.96172],[111.6494,-7.96187],[111.64919,-7.96142],[111.64876,-7.96123],[111.64836,-7.96122],[111.64795,-7.96143],[111.64749,-7.96104],[111.64696,-7.96122],[111.64617,-7.96109],[111.64511,-7.96162],[111.64477,-7.96087],[111.64397,-7.96106],[111.6432,-7.96141],[111.64333,-7.96228],[111.64229,-7.96224],[111.642,-7.96269],[111.64204,-7.96313],[111.64168,-7.96306],[111.64146,-7.96351],[111.64142,-7.96158],[111.64094,-7.96172],[111.63969,-7.96252],[111.63919,-7.96188],[111.63877,-7.96193],[111.63836,-7.96221],[111.63758,-7.96311],[111.63708,-7.96301],[111.63712,-7.96269],[111.63681,-7.96251],[111.63667,-7.96269],[111.63661,-7.96324],[111.63603,-7.96313],[111.63529,-7.96342],[111.63438,-7.96317],[111.63384,-7.96321],[111.6335,-7.96328],[111.63348,-7.9639],[111.63327,-7.96417],[111.63244,-7.96377],[111.63158,-7.96426],[111.63154,-7.96441],[111.63181,-7.96482],[111.63229,-7.96497],[111.63285,-7.96472],[111.63333,-7.96432],[111.63469,-7.96441],[111.63439,-7.96476],[111.63426,-7.96517],[111.63313,-7.96612],[111.63429,-7.96693],[111.63426,-7.96779],[111.63491,-7.9669],[111.63528,-7.96689],[111.63564,-7.96773],[111.63582,-7.96787],[111.63611,-7.96782],[111.63713,-7.96848],[111.63694,-7.96861],[111.63576,-7.96883],[111.63565,-7.96959],[111.63626,-7.97026],[111.63705,-7.97052],[111.63757,-7.97096],[111.63795,-7.97111],[111.63819,-7.97168],[111.63739,-7.97172],[111.63671,-7.97195],[111.63645,-7.97183],[111.63555,-7.97186],[111.63499,-7.97227],[111.63391,-7.97193],[111.63341,-7.97217],[111.63333,-7.97209],[111.63218,-7.97225],[111.63103,-7.97221],[111.63063,-7.97242],[111.63032,-7.97242],[111.63011,-7.97196],[111.62975,-7.97175],[111.62958,-7.97179],[111.6293,-7.97106],[111.62858,-7.97115],[111.62819,-7.97105],[111.62834,-7.97201],[111.6285,-7.97226],[111.62898,-7.97232],[111.62893,-7.97264],[111.62921,-7.97292],[111.62871,-7.97292],[111.62793,-7.97335],[111.62741,-7.97313],[111.62733,-7.97405],[111.62612,-7.97418],[111.6273,-7.97487],[111.62816,-7.97558],[111.62893,-7.97581],[111.62814,-7.97651],[111.62799,-7.97723],[111.62764,-7.97756],[111.62757,-7.97806],[111.62705,-7.97807],[111.62667,-7.97784],[111.62635,-7.97742],[111.62636,-7.97701],[111.62616,-7.97655],[111.62577,-7.97645],[111.6251,-7.97674],[111.62461,-7.97676],[111.62441,-7.97714],[111.62331,-7.97704],[111.62311,-7.9769],[111.62258,-7.9774],[111.6225,-7.9779],[111.62158,-7.97846],[111.62111,-7.97904],[111.62163,-7.97947],[111.62236,-7.97963],[111.62229,-7.97988],[111.62258,-7.98041],[111.62315,-7.98031],[111.62342,-7.98051],[111.62461,-7.98078],[111.62471,-7.98088],[111.6247,-7.98154],[111.62484,-7.98178],[111.62519,-7.98193],[111.62549,-7.98142],[111.62494,-7.9805],[111.6257,-7.98046],[111.62668,-7.98072],[111.62685,-7.98134],[111.6272,-7.98176],[111.62788,-7.98189],[111.62818,-7.9821],[111.62814,-7.98159],[111.62782,-7.98158],[111.62766,-7.98112],[111.6273,-7.98086],[111.62706,-7.98022],[111.62727,-7.97993],[111.62799,-7.97953],[111.62775,-7.97874],[111.62781,-7.97833],[111.62862,-7.97819],[111.62858,-7.97776],[111.62878,-7.97722],[111.62914,-7.97696],[111.62975,-7.97732],[111.63017,-7.97732],[111.63062,-7.97752],[111.63102,-7.97813],[111.63109,-7.97888],[111.63063,-7.97942],[111.63052,-7.98054],[111.6307,-7.9805],[111.63096,-7.98067],[111.63102,-7.98141],[111.63129,-7.98108],[111.63131,-7.97966],[111.63153,-7.97917],[111.63154,-7.97873],[111.63179,-7.97827],[111.63155,-7.97784],[111.63179,-7.97772],[111.63216,-7.97802],[111.63251,-7.97798],[111.63281,-7.97732],[111.63382,-7.97677],[111.63482,-7.97565],[111.63511,-7.9758],[111.63527,-7.97654],[111.63539,-7.9766],[111.63525,-7.97692],[111.63459,-7.97718],[111.63427,-7.97728],[111.63391,-7.97713],[111.63377,-7.97749],[111.63382,-7.97785],[111.63336,-7.97834],[111.63297,-7.97844],[111.63297,-7.97883],[111.63256,-7.97934],[111.63305,-7.98025],[111.63288,-7.98054],[111.63254,-7.98069],[111.63229,-7.98113],[111.63234,-7.98198],[111.63226,-7.98223],[111.63206,-7.98236],[111.63198,-7.98312],[111.63175,-7.98382],[111.63191,-7.9839],[111.63249,-7.98338],[111.63398,-7.98265],[111.63437,-7.98258],[111.63463,-7.98143],[111.63539,-7.98055],[111.63549,-7.97993],[111.63607,-7.97877],[111.6369,-7.97843],[111.63731,-7.97848],[111.63738,-7.97878],[111.6369,-7.97966],[111.63716,-7.98014],[111.63753,-7.98014],[111.63782,-7.97978],[111.63856,-7.97933],[111.63926,-7.97922],[111.63889,-7.98052],[111.63839,-7.98133],[111.63851,-7.98179],[111.63889,-7.9824],[111.63871,-7.98244],[111.63811,-7.9821],[111.6378,-7.98214],[111.6374,-7.98274],[111.63705,-7.98278],[111.6376,-7.98369],[111.63762,-7.98399],[111.63711,-7.98426],[111.63653,-7.98427],[111.63598,-7.98499],[111.63617,-7.98518],[111.63647,-7.9851],[111.63745,-7.98584],[111.63701,-7.98654],[111.6368,-7.98769],[111.6366,-7.9879],[111.63624,-7.98819],[111.63562,-7.98749],[111.63518,-7.98725],[111.63486,-7.98735],[111.63483,-7.98826],[111.63474,-7.98833],[111.63369,-7.98766],[111.63294,-7.98778],[111.63288,-7.98858],[111.6332,-7.98895],[111.63369,-7.98911],[111.6339,-7.98938],[111.63363,-7.98948],[111.63351,-7.98974],[111.63264,-7.98979],[111.63246,-7.9899],[111.63164,-7.98987],[111.63167,-7.9896],[111.63185,-7.98957],[111.63195,-7.98934],[111.63189,-7.98908],[111.63143,-7.98916],[111.63108,-7.98899],[111.63079,-7.98839],[111.63014,-7.98805],[111.62987,-7.98752],[111.62974,-7.98778],[111.62925,-7.9881],[111.62927,-7.98893],[111.62958,-7.9899],[111.62934,-7.99047],[111.62894,-7.98998],[111.62847,-7.98978],[111.62777,-7.9905],[111.62775,-7.98964],[111.62745,-7.98913],[111.6274,-7.98852],[111.62719,-7.98816],[111.62664,-7.9882],[111.62606,-7.98854],[111.6253,-7.98782],[111.625,-7.98836],[111.62417,-7.98857],[111.62373,-7.98929],[111.62248,-7.98911],[111.62171,-7.98974],[111.62179,-7.99032],[111.62172,-7.99141],[111.62106,-7.99237],[111.62123,-7.99395],[111.62093,-7.99488],[111.62135,-7.99526],[111.62206,-7.99538],[111.62247,-7.9956],[111.62291,-7.99515],[111.62342,-7.9954],[111.62546,-7.99522],[111.62614,-7.99591],[111.62634,-7.99633],[111.62702,-7.99592],[111.62724,-7.996],[111.62728,-7.99693],[111.6279,-7.99681],[111.62882,-7.99688],[111.62826,-7.99791],[111.62841,-7.99888],[111.62859,-7.99849],[111.62911,-7.99816],[111.62974,-7.99732],[111.63051,-7.99693],[111.63066,-7.99594],[111.63091,-7.99544],[111.63091,-7.99512],[111.62988,-7.99594],[111.62977,-7.99549],[111.62904,-7.9954],[111.62893,-7.99523],[111.62885,-7.99502],[111.62921,-7.99448],[111.62972,-7.99414],[111.62953,-7.99385],[111.63004,-7.99343],[111.62989,-7.99276],[111.63064,-7.99319],[111.6308,-7.99342],[111.63095,-7.99265],[111.63136,-7.99213],[111.63156,-7.99233],[111.63234,-7.99239],[111.63251,-7.99276],[111.63298,-7.99254],[111.63428,-7.99139],[111.63533,-7.99107],[111.63557,-7.99133],[111.63589,-7.99105],[111.63682,-7.99095],[111.63689,-7.99142],[111.63707,-7.99153],[111.63665,-7.99207],[111.63665,-7.99233],[111.63561,-7.99361],[111.63519,-7.99501],[111.63526,-7.99588],[111.63556,-7.99631],[111.63611,-7.99608],[111.63663,-7.9962],[111.63707,-7.99693],[111.63714,-7.99656],[111.63703,-7.99598],[111.63729,-7.99575],[111.63757,-7.9947],[111.63791,-7.99427],[111.63823,-7.9944],[111.63882,-7.99419],[111.63896,-7.99385],[111.6393,-7.99376],[111.63896,-7.99315],[111.6395,-7.99246],[111.63902,-7.99215],[111.63801,-7.99216],[111.63756,-7.99139],[111.63737,-7.99017],[111.63837,-7.98933],[111.63855,-7.98845],[111.63883,-7.98831],[111.63974,-7.98825],[111.64053,-7.98793],[111.64074,-7.9877],[111.64025,-7.98761],[111.63972,-7.98776],[111.63855,-7.9873],[111.63864,-7.98672],[111.63881,-7.98652],[111.63908,-7.98646],[111.63928,-7.98594],[111.63967,-7.98552],[111.63961,-7.98508],[111.63907,-7.98431],[111.63916,-7.98396],[111.63934,-7.98362],[111.64059,-7.98432],[111.64144,-7.98401],[111.6421,-7.98429],[111.64211,-7.98411],[111.64123,-7.9835],[111.6412,-7.98301],[111.63998,-7.98072],[111.64012,-7.98021],[111.64001,-7.98002],[111.64027,-7.9797],[111.64051,-7.97978],[111.64065,-7.98004],[111.64148,-7.9807],[111.6418,-7.98027],[111.64184,-7.98003],[111.64163,-7.97968],[111.64188,-7.97931],[111.64233,-7.97988],[111.64305,-7.97968],[111.64362,-7.97919],[111.64391,-7.97813],[111.64439,-7.97784],[111.64451,-7.9776],[111.64458,-7.97799],[111.64415,-7.97818],[111.64398,-7.97847],[111.6439,-7.9789],[111.64402,-7.97941],[111.64379,-7.97965],[111.64338,-7.98073],[111.64275,-7.98163],[111.64341,-7.98204],[111.64412,-7.98206],[111.64439,-7.98235],[111.64394,-7.98274],[111.64469,-7.98284],[111.64485,-7.98304],[111.64448,-7.98399],[111.64459,-7.98459],[111.64399,-7.98478],[111.64393,-7.98561],[111.64336,-7.98566],[111.64371,-7.98647],[111.64402,-7.98689],[111.64412,-7.986],[111.64525,-7.98608],[111.64528,-7.9852],[111.64607,-7.98533],[111.64654,-7.98502],[111.64741,-7.98482],[111.64701,-7.98393],[111.64617,-7.98386],[111.64671,-7.98313],[111.64713,-7.98155],[111.64743,-7.98125],[111.64793,-7.9812],[111.64871,-7.98164],[111.64925,-7.98165],[111.64985,-7.98187],[111.64982,-7.98148],[111.64956,-7.981],[111.64881,-7.98047],[111.64976,-7.97954],[111.64978,-7.97777],[111.65057,-7.97768],[111.65037,-7.97704],[111.65184,-7.97669],[111.65212,-7.97653],[111.65236,-7.97614],[111.6529,-7.97648],[111.65323,-7.97734],[111.65346,-7.97757],[111.65393,-7.97742],[111.65415,-7.97717],[111.65398,-7.97682],[111.65409,-7.97648],[111.65401,-7.97596],[111.6541,-7.97574],[111.65428,-7.97575],[111.65412,-7.97503],[111.65422,-7.97493],[111.6548,-7.97513],[111.65482,-7.97482],[111.65507,-7.9747],[111.65528,-7.97406],[111.65567,-7.9755],[111.6561,-7.97521],[111.6568,-7.97511],[111.657,-7.97473],[111.65745,-7.97527],[111.65842,-7.97532]]]}},{"type":"Feature","properties":{"NAMOBJ":"500","REMARK":"Garis Kontur","JNSKNT":1,"VALKNT":500},"geometry":{"type":"LineString","coordinates":[[111.60637,-7.95575],[111.60647,-7.95495],[111.60691,-7.95445],[111.60519,-7.95359],[111.60518,-7.95369],[111.60605,-7.95433],[111.60545,-7.95492],[111.60537,-7.95521],[111.60588,-7.956],[111.60575,-7.95636],[111.60605,-7.9567],[111.60637,-7.95575]]}},{"type":"Feature","properties":{"NAMOBJ":"612.5","REMARK":"Garis Kontur","JNSKNT":2,"VALKNT":612.5},"geometry":{"type":"LineString","coordinates":[[111.5575,-8.04501],[111.55784,-8.04521],[111.55826,-8.04519],[111.5581,-8.04491],[111.55761,-8.04458],[111.55632,-8.04429],[111.55663,-8.04461],[111.5575,-8.04501]]}},{"type":"Feature","properties":{"NAMOBJ":"262.5","REMARK":"Garis Kontur","JNSKNT":2,"VALKNT":262.5},"geometry":{"type":"MultiLineString","coordinates":[[[111.64692,-8.01451],[111.64699,-8.01442],[111.64714,-8.01451],[111.64726,-8.01462],[111.64719,-8.01483],[111.6478,-8.01518],[111.64831,-8.0149],[111.64884,-8.01549],[111.64974,-8.01611],[111.65002,-8.01614],[111.65073,-8.01584],[111.65061,-8.01561],[111.65087,-8.0149],[111.65053,-8.01475],[111.6513,-8.01398],[111.6511,-8.01381],[111.65085,-8.01316],[111.65087,-8.01213],[111.65051,-8.01168],[111.65046,-8.01134],[111.65067,-8.01125],[111.65152,-8.01152],[111.65199,-8.01098],[111.65234,-8.01085],[111.65242,-8.01045],[111.65301,-8.01008],[111.65265,-8.00946],[111.65314,-8.00853],[111.65295,-8.00803],[111.65298,-8.00761],[111.65227,-8.0068],[111.65179,-8.0067],[111.65219,-8.00618],[111.65178,-8.00485],[111.65269,-8.00537],[111.65399,-8.00571],[111.65414,-8.00522],[111.65477,-8.00529],[111.65465,-8.00485],[111.65471,-8.00457],[111.65521,-8.00425],[111.6553,-8.004],[111.65506,-8.00281]],[[111.60645,-8.01923],[111.60669,-8.01851],[111.60664,-8.01704],[111.6065,-8.01682],[111.60596,-8.01675],[111.60594,-8.01627],[111.60572,-8.01592],[111.60662,-8.01524],[111.60676,-8.01487],[111.60667,-8.01368],[111.60681,-8.01308],[111.60655,-8.01262],[111.60662,-8.01226],[111.607,-8.01296],[111.60707,-8.01413],[111.60698,-8.01442],[111.60716,-8.01474],[111.6067,-8.01584]],[[111.57347,-8.04737],[111.57333,-8.04734],[111.57332,-8.04716],[111.57348,-8.04526],[111.5732,-8.0433],[111.57341,-8.04125],[111.57333,-8.04069],[111.57356,-8.04033],[111.57349,-8.03947],[111.57389,-8.03931],[111.57438,-8.03857],[111.57411,-8.0376],[111.57349,-8.03712],[111.57353,-8.0367],[111.57312,-8.03531],[111.57253,-8.0349],[111.57097,-8.03436],[111.57046,-8.03337],[111.57106,-8.03378],[111.57174,-8.03376],[111.57257,-8.03343],[111.57279,-8.03267],[111.57333,-8.03368],[111.57409,-8.03336],[111.57407,-8.0341],[111.57435,-8.03484],[111.57469,-8.03499],[111.57524,-8.03589],[111.57582,-8.03601],[111.576,-8.03669],[111.57626,-8.03713],[111.57668,-8.03689],[111.57686,-8.03709],[111.57708,-8.0371],[111.57752,-8.03686]]]}},{"type":"Feature","properties":{"NAMOBJ":"587.5","REMARK":"Garis Kontur","JNSKNT":2,"VALKNT":587.5},"geometry":{"type":"MultiLineString","coordinates":[[[111.63249,-7.95861],[111.63286,-7.95848],[111.63295,-7.95803],[111.63279,-7.95784]],[[111.63225,-7.95819],[111.63175,-7.95846],[111.63176,-7.95859],[111.63249,-7.95861]]]}},{"type":"Feature","properties":{"NAMOBJ":"237.5","REMARK":"Garis Kontur","JNSKNT":2,"VALKNT":237.5},"geometry":{"type":"MultiLineString","coordinates":[[[111.57313,-7.92264],[111.57285,-7.92274],[111.57265,-7.9233],[111.57267,-7.92376],[111.57362,-7.92314]],[[111.58468,-7.93007],[111.58425,-7.93005]],[[111.58407,-7.93005],[111.5839,-7.93005]],[[111.58381,-7.93005],[111.5833,-7.93016],[111.58289,-7.9301],[111.58335,-7.93023],[111.58383,-7.93019],[111.58429,-7.93159],[111.58461,-7.93162],[111.58514,-7.93271],[111.58595,-7.93275],[111.58612,-7.93293],[111.58671,-7.93296],[111.5868,-7.93347],[111.58705,-7.93378],[111.58753,-7.93397],[111.58801,-7.93459],[111.58884,-7.93499],[111.58921,-7.93501],[111.58926,-7.93546],[111.58949,-7.93576],[111.59037,-7.9354],[111.5904,-7.93516],[111.59065,-7.93511],[111.59099,-7.93461],[111.59156,-7.93502],[111.59226,-7.93515],[111.59246,-7.93479]],[[111.62229,-7.9385],[111.62255,-7.93879],[111.62256,-7.93907],[111.62211,-7.93869],[111.62173,-7.93878],[111.62171,-7.93895],[111.62149,-7.93907],[111.62062,-7.93883],[111.61971,-7.93877],[111.61948,-7.9386],[111.61857,-7.93842],[111.61835,-7.93885],[111.61826,-7.94002],[111.61805,-7.93976],[111.6179,-7.93983],[111.61777,-7.93969],[111.61771,-7.93896],[111.61737,-7.93779],[111.61652,-7.93802],[111.61605,-7.93807],[111.61588,-7.93798],[111.61556,-7.93843],[111.61523,-7.93846],[111.61479,-7.93806],[111.61473,-7.9378],[111.61413,-7.93749],[111.61366,-7.93698],[111.61198,-7.93858],[111.61225,-7.93938],[111.61254,-7.93967],[111.6125,-7.93994],[111.61209,-7.93966],[111.61151,-7.93953],[111.61127,-7.9392],[111.61103,-7.9391],[111.61052,-7.93937],[111.61016,-7.93937],[111.61026,-7.93924],[111.6102,-7.93898],[111.61042,-7.93881],[111.61051,-7.93838],[111.61043,-7.93718],[111.61062,-7.93695],[111.61022,-7.93688],[111.60964,-7.93727],[111.60795,-7.93737],[111.60731,-7.93693],[111.60691,-7.93758],[111.60605,-7.9383],[111.60585,-7.93816],[111.60593,-7.93764],[111.60581,-7.93757],[111.60548,-7.93776],[111.60551,-7.93717],[111.60532,-7.93677],[111.60387,-7.93667],[111.60315,-7.93624],[111.60292,-7.93637],[111.60279,-7.93572],[111.60225,-7.93572],[111.60186,-7.93543],[111.60161,-7.93579],[111.60093,-7.9359],[111.60022,-7.93564],[111.59962,-7.93596],[111.59926,-7.93514],[111.59902,-7.93397],[111.5987,-7.93378],[111.59844,-7.93414],[111.59818,-7.93497],[111.59797,-7.93516],[111.59764,-7.93493],[111.59697,-7.93477],[111.59672,-7.93427],[111.59602,-7.9348],[111.59514,-7.93489],[111.59517,-7.93537],[111.5954,-7.93563],[111.59505,-7.93601],[111.59473,-7.93723],[111.59435,-7.93757],[111.59394,-7.93746],[111.59373,-7.93754],[111.59349,-7.93797],[111.59324,-7.93815],[111.59329,-7.93868],[111.59286,-7.9386],[111.59227,-7.93872],[111.59262,-7.93977],[111.59239,-7.9399],[111.59226,-7.94063],[111.59241,-7.94078],[111.59154,-7.94127],[111.5903,-7.94085],[111.59067,-7.94109],[111.59088,-7.94163],[111.59121,-7.94173],[111.59166,-7.94255],[111.59145,-7.94255],[111.5907,-7.94312],[111.59054,-7.94302],[111.58952,-7.9431],[111.58902,-7.9429],[111.58898,-7.94299],[111.58902,-7.94356],[111.58925,-7.94395],[111.58963,-7.94392],[111.59128,-7.94471],[111.59103,-7.94528],[111.5914,-7.94548],[111.59148,-7.94617],[111.59169,-7.94622],[111.59206,-7.94595],[111.59236,-7.94612],[111.59219,-7.94637],[111.59241,-7.94708],[111.59278,-7.94691],[111.59302,-7.94716],[111.59308,-7.94746],[111.59282,-7.94804],[111.59351,-7.94834],[111.59311,-7.94901],[111.59361,-7.95062],[111.59325,-7.95247],[111.59363,-7.95276],[111.59394,-7.95272],[111.59451,-7.9521],[111.59497,-7.95197],[111.59494,-7.95279],[111.59522,-7.95291],[111.59531,-7.95324],[111.59497,-7.95355],[111.59501,-7.95439],[111.59535,-7.95502],[111.59584,-7.95518],[111.5956,-7.95527],[111.59525,-7.95519],[111.5951,-7.95534],[111.59531,-7.95609],[111.5951,-7.95676],[111.59489,-7.95668],[111.5941,-7.95692],[111.5937,-7.95729],[111.59365,-7.95754],[111.59382,-7.9577],[111.59359,-7.95766],[111.59338,-7.95836],[111.59248,-7.95897],[111.59261,-7.95837],[111.5928,-7.95846],[111.59335,-7.95816],[111.59351,-7.95768],[111.59338,-7.95708],[111.59479,-7.95604],[111.59476,-7.95556],[111.59443,-7.95512],[111.5946,-7.95368],[111.59446,-7.95328],[111.59302,-7.95376],[111.59279,-7.95337],[111.59235,-7.9531],[111.59201,-7.95266],[111.59163,-7.9527],[111.59113,-7.95251],[111.59093,-7.95219],[111.5907,-7.9521],[111.59135,-7.95162],[111.59169,-7.95073],[111.59209,-7.95058],[111.59213,-7.95046],[111.5917,-7.94982],[111.59185,-7.94937],[111.59169,-7.94869],[111.5915,-7.94874],[111.59119,-7.9484],[111.5911,-7.94758],[111.59048,-7.94697],[111.58964,-7.94707],[111.58935,-7.94616],[111.58912,-7.94608],[111.58818,-7.94513],[111.58751,-7.94496],[111.58726,-7.9444],[111.58709,-7.94354],[111.58723,-7.94321],[111.58724,-7.94176],[111.58585,-7.94144],[111.58456,-7.94004],[111.58399,-7.93911],[111.58296,-7.93861],[111.58348,-7.93779],[111.58361,-7.93711],[111.58382,-7.93675],[111.5832,-7.93644],[111.58244,-7.93638],[111.58207,-7.93572],[111.58156,-7.93551],[111.58139,-7.9351],[111.58114,-7.93524],[111.58104,-7.9364],[111.58076,-7.93631],[111.58048,-7.93656],[111.58009,-7.93655],[111.57982,-7.93704],[111.57959,-7.93712],[111.57894,-7.93696],[111.57816,-7.93737],[111.57819,-7.93914],[111.57784,-7.93922],[111.5777,-7.93995],[111.57835,-7.94098],[111.57873,-7.94347],[111.57883,-7.94358],[111.57905,-7.9435],[111.57927,-7.94319],[111.57967,-7.94335],[111.57951,-7.94347],[111.57958,-7.94387],[111.57944,-7.9447],[111.5796,-7.9464],[111.57893,-7.94722],[111.57855,-7.94805],[111.57857,-7.94836],[111.57877,-7.94848],[111.57856,-7.94858],[111.57863,-7.94901],[111.57974,-7.95089],[111.57999,-7.95082],[111.58082,-7.95123],[111.58115,-7.95127],[111.58164,-7.95219],[111.58254,-7.95268],[111.58312,-7.95328],[111.58371,-7.95319],[111.58398,-7.95327],[111.58382,-7.95348],[111.58411,-7.95446],[111.58378,-7.95453],[111.58348,-7.95479],[111.58325,-7.95534],[111.58303,-7.95554],[111.58273,-7.95615],[111.58254,-7.95714],[111.58271,-7.95795],[111.58293,-7.95798],[111.58333,-7.95854],[111.58412,-7.9591],[111.58479,-7.95981],[111.58427,-7.96016],[111.58393,-7.9606],[111.58395,-7.96075],[111.58304,-7.96151],[111.58306,-7.96245],[111.58267,-7.96259],[111.58258,-7.96301],[111.58206,-7.9634],[111.58272,-7.96389],[111.58356,-7.96485],[111.58374,-7.96553],[111.58432,-7.96625],[111.58523,-7.96689],[111.58568,-7.96688],[111.58607,-7.96709],[111.58634,-7.96781],[111.58708,-7.96862],[111.58741,-7.96876],[111.58806,-7.9687],[111.58848,-7.96926],[111.58914,-7.9696],[111.59149,-7.96954],[111.59127,-7.96998],[111.59035,-7.97089],[111.59045,-7.97163],[111.58933,-7.97203],[111.58923,-7.97246],[111.58949,-7.97336],[111.5898,-7.97377],[111.59072,-7.97396],[111.59155,-7.97353],[111.59214,-7.974],[111.5924,-7.97387],[111.59269,-7.97346],[111.59343,-7.97404],[111.59414,-7.97367],[111.59456,-7.97393],[111.59509,-7.97399],[111.59512,-7.97436],[111.59625,-7.97515],[111.59706,-7.97514],[111.59748,-7.97575],[111.59715,-7.976],[111.59697,-7.97591],[111.59656,-7.97632],[111.59592,-7.97616],[111.59564,-7.97591],[111.59512,-7.97583],[111.59445,-7.97647],[111.5943,-7.97691],[111.5941,-7.97697],[111.59433,-7.97762],[111.59418,-7.97769],[111.59376,-7.97773],[111.59338,-7.97761],[111.59322,-7.9779],[111.59266,-7.97738],[111.59217,-7.97746],[111.5919,-7.97736],[111.59174,-7.97777],[111.59202,-7.97774],[111.59188,-7.97793],[111.59242,-7.97869],[111.5922,-7.97879],[111.59233,-7.98002],[111.59095,-7.97973],[111.5903,-7.97987],[111.5899,-7.98038],[111.58967,-7.98046],[111.58865,-7.97988],[111.58727,-7.97976],[111.58506,-7.97976],[111.58529,-7.9805],[111.58566,-7.98047],[111.58588,-7.98061],[111.58632,-7.98153],[111.58651,-7.98232],[111.58683,-7.98284],[111.58712,-7.98318],[111.58792,-7.98325],[111.58833,-7.98435],[111.58891,-7.98477],[111.58857,-7.98526],[111.58858,-7.98602],[111.58884,-7.98636],[111.58821,-7.9872],[111.5883,-7.98823],[111.58792,-7.98821],[111.58709,-7.98763],[111.58615,-7.98759],[111.58527,-7.98682],[111.58487,-7.98701],[111.58492,-7.98746],[111.58526,-7.98787],[111.58536,-7.98838],[111.58554,-7.98855],[111.58531,-7.98895],[111.5857,-7.99027],[111.58566,-7.99071],[111.58678,-7.9919],[111.58738,-7.99205],[111.5881,-7.99194],[111.5879,-7.99249],[111.58804,-7.99316],[111.58939,-7.99357],[111.58974,-7.99357],[111.58951,-7.99398],[111.58956,-7.99436],[111.59004,-7.99485],[111.59066,-7.9952],[111.59098,-7.99591],[111.59134,-7.99617],[111.59078,-7.99655],[111.59079,-7.99698],[111.58953,-7.9966],[111.58949,-7.99758],[111.58963,-7.99814],[111.58902,-7.9975],[111.5882,-7.99692],[111.58787,-7.99638],[111.58693,-7.99653],[111.5866,-7.99676],[111.58659,-7.99792],[111.58617,-7.99789],[111.58554,-7.99861],[111.58548,-7.99909],[111.58523,-7.99953],[111.58494,-8.00051],[111.58528,-8.00144],[111.58639,-8.00235],[111.58625,-8.00263],[111.58504,-8.00236],[111.58459,-8.00311],[111.58424,-8.00326],[111.58362,-8.00414],[111.58269,-8.00504],[111.58249,-8.00517],[111.58168,-8.00506],[111.58148,-8.00514],[111.58155,-8.00616],[111.58175,-8.00696],[111.58142,-8.00664],[111.58112,-8.00595],[111.58093,-8.00585],[111.58079,-8.00527],[111.58067,-8.00528],[111.58017,-8.00612],[111.58051,-8.00708],[111.58045,-8.00756],[111.58019,-8.00787],[111.57998,-8.00858],[111.57979,-8.00712],[111.57918,-8.00666],[111.57907,-8.00672],[111.57885,-8.00657],[111.57849,-8.00655],[111.57805,-8.00724],[111.5778,-8.00722],[111.5772,-8.00746],[111.57715,-8.00779],[111.57609,-8.00786],[111.57576,-8.008],[111.57563,-8.00747],[111.57624,-8.00758],[111.5765,-8.00731],[111.57654,-8.00698],[111.57676,-8.00678],[111.57683,-8.00648],[111.57869,-8.00573],[111.57828,-8.00495],[111.57786,-8.00533],[111.57748,-8.00535],[111.57693,-8.00566],[111.57717,-8.00582],[111.57716,-8.00597],[111.57671,-8.00572],[111.57598,-8.00585],[111.57555,-8.00554],[111.57624,-8.00505],[111.57672,-8.00437],[111.57771,-8.00339],[111.5778,-8.00307],[111.57831,-8.0026],[111.57827,-8.00201],[111.57862,-8.00082],[111.57851,-8.00025],[111.57833,-8.00019],[111.57778,-8.00038],[111.57756,-8.0003],[111.57797,-7.99974],[111.57807,-7.99986],[111.57836,-7.99972],[111.57853,-7.99915],[111.5794,-7.99842],[111.57956,-7.99756],[111.57937,-7.99576],[111.57808,-7.99565],[111.57722,-7.99573],[111.57744,-7.9955],[111.57726,-7.99507],[111.57738,-7.99486],[111.57705,-7.99422],[111.57681,-7.99409],[111.57726,-7.99384],[111.57702,-7.99335],[111.57695,-7.99189],[111.57674,-7.99082],[111.5765,-7.99054],[111.57654,-7.99005],[111.57679,-7.98976],[111.57672,-7.98954],[111.57683,-7.98926],[111.57641,-7.98941],[111.57606,-7.99028],[111.57534,-7.99063],[111.57487,-7.99048],[111.57433,-7.99072],[111.57382,-7.9904],[111.57289,-7.99043],[111.57277,-7.99062],[111.57245,-7.99064],[111.57192,-7.9911],[111.57184,-7.99133],[111.57169,-7.9911],[111.57115,-7.99107],[111.57076,-7.99157],[111.57024,-7.99155],[111.57034,-7.9912],[111.5698,-7.99066],[111.57018,-7.99028],[111.56996,-7.99009],[111.56986,-7.98968],[111.57016,-7.98937],[111.57032,-7.98832],[111.57008,-7.98764],[111.56933,-7.98656],[111.56935,-7.98643],[111.56997,-7.98601],[111.56873,-7.98557],[111.56904,-7.98507],[111.57012,-7.98468],[111.57056,-7.98411],[111.57063,-7.98359],[111.57,-7.98383],[111.56874,-7.98391],[111.56825,-7.98406],[111.56809,-7.98391],[111.56734,-7.98283],[111.56767,-7.98228],[111.56718,-7.98151],[111.56759,-7.9806],[111.5674,-7.97973],[111.56743,-7.97925],[111.56637,-7.97827],[111.56571,-7.97905],[111.56548,-7.97961],[111.56475,-7.98046],[111.56471,-7.98067],[111.564,-7.98079],[111.5643,-7.98318],[111.56479,-7.98407],[111.56497,-7.98472],[111.56425,-7.9849],[111.5642,-7.98534],[111.56449,-7.98566],[111.56368,-7.98682],[111.5636,-7.98701],[111.56368,-7.98715],[111.56352,-7.98716],[111.56336,-7.9874],[111.56323,-7.98676],[111.56299,-7.9866],[111.56251,-7.9866],[111.56231,-7.98646],[111.56284,-7.98617],[111.56293,-7.98567],[111.56314,-7.9854],[111.56312,-7.98458],[111.56252,-7.98475],[111.56126,-7.98453],[111.56128,-7.98404],[111.56108,-7.98336],[111.56043,-7.98287],[111.56054,-7.98232],[111.56046,-7.98204],[111.55985,-7.98167],[111.55949,-7.98166],[111.55965,-7.98081],[111.55914,-7.98068],[111.55858,-7.97997],[111.55862,-7.979],[111.55823,-7.97845],[111.55826,-7.97764],[111.55702,-7.97737],[111.55671,-7.97585],[111.55584,-7.97547],[111.55587,-7.97511],[111.55611,-7.97475],[111.55526,-7.9741],[111.55519,-7.9734],[111.55541,-7.973],[111.55514,-7.97275],[111.55504,-7.97234],[111.5545,-7.97222],[111.55443,-7.97341],[111.55432,-7.97348],[111.55427,-7.97391],[111.55395,-7.97409],[111.55422,-7.97423],[111.55445,-7.97469],[111.55412,-7.97508],[111.55395,-7.97552],[111.55393,-7.97643],[111.55365,-7.97644],[111.55339,-7.97626],[111.55304,-7.97657],[111.55254,-7.9761],[111.55154,-7.97731],[111.55067,-7.97753],[111.5505,-7.97803],[111.5507,-7.97821],[111.55084,-7.97868],[111.55131,-7.97898],[111.5508,-7.98052],[111.55044,-7.98108],[111.55049,-7.9816],[111.55072,-7.98174],[111.55045,-7.98226],[111.54981,-7.98273],[111.54893,-7.98277],[111.54868,-7.98256],[111.54838,-7.9827],[111.54832,-7.98316],[111.54865,-7.9841],[111.54789,-7.98459],[111.54825,-7.98498],[111.54907,-7.98499],[111.54907,-7.98517],[111.54952,-7.98583],[111.55018,-7.98573],[111.55049,-7.98661],[111.55055,-7.98644],[111.55088,-7.98668],[111.5513,-7.9865],[111.55101,-7.98709],[111.55131,-7.98791],[111.55185,-7.98812],[111.55242,-7.98865],[111.55237,-7.98886],[111.55268,-7.98954],[111.55349,-7.99005],[111.55378,-7.98994],[111.5541,-7.9901],[111.55474,-7.99081],[111.55471,-7.99107],[111.55449,-7.99106],[111.55422,-7.9913],[111.55378,-7.99119],[111.55261,-7.99166],[111.55253,-7.99193],[111.553,-7.99246],[111.55338,-7.99315],[111.55254,-7.99329],[111.55235,-7.99398],[111.55191,-7.99416],[111.55125,-7.99324],[111.55118,-7.99287],[111.55026,-7.9927],[111.55028,-7.99447],[111.54991,-7.99496],[111.54992,-7.996],[111.5501,-7.99639],[111.5499,-7.99687],[111.54978,-7.99658],[111.54903,-7.99582],[111.5484,-7.99571],[111.54785,-7.99525],[111.54701,-7.99425],[111.54672,-7.99352],[111.54639,-7.99309],[111.54575,-7.9932],[111.54529,-7.99413],[111.54543,-7.99482],[111.54604,-7.99545],[111.54661,-7.99568],[111.54638,-7.99649],[111.5469,-7.99871],[111.54736,-7.99881],[111.548,-7.99924],[111.54796,-7.99948],[111.54776,-7.99965],[111.54777,-8.0],[111.54795,-8.00056],[111.5483,-8.001],[111.54761,-8.00156],[111.54805,-8.00178],[111.54738,-8.00202],[111.54766,-8.00244],[111.54789,-8.00251],[111.54801,-8.00281],[111.54819,-8.00336],[111.54805,-8.004],[111.54848,-8.00455],[111.54841,-8.00483],[111.54742,-8.00388],[111.54704,-8.00375],[111.54684,-8.00383],[111.54655,-8.00439],[111.5465,-8.00391],[111.5457,-8.00328],[111.54402,-8.00351],[111.54401,-8.003],[111.54371,-8.00259],[111.54377,-8.00236],[111.54346,-8.00148],[111.54381,-8.00069],[111.54265,-8.00052],[111.54193,-8.00011],[111.54096,-8.00069],[111.54079,-8.00105],[111.54093,-8.00202],[111.54111,-8.00228],[111.54075,-8.00317],[111.54082,-8.00328],[111.5403,-8.00366],[111.54013,-8.00407],[111.54038,-8.00461],[111.54032,-8.00516],[111.54055,-8.00607],[111.54046,-8.0063],[111.54024,-8.00621],[111.53987,-8.00639],[111.54018,-8.00723],[111.54001,-8.00724]],[[111.62151,-7.93857],[111.62189,-7.93846]],[[111.53804,-8.00552],[111.53792,-8.00453],[111.53721,-8.00449],[111.53632,-8.00416],[111.53619,-8.00421],[111.53623,-8.00328],[111.53557,-8.00317],[111.53566,-8.00234],[111.53621,-8.00148],[111.53632,-7.99954],[111.53535,-7.99975],[111.53454,-7.99946],[111.53391,-7.99987]],[[111.64686,-8.01489],[111.64694,-8.01483],[111.647,-8.01512],[111.64756,-8.01545],[111.64751,-8.01554],[111.64775,-8.01573],[111.64797,-8.01547],[111.64822,-8.01541],[111.64884,-8.01597],[111.64977,-8.01654],[111.65018,-8.01655],[111.65063,-8.01636],[111.65106,-8.01589],[111.6512,-8.01489],[111.65107,-8.01479],[111.6518,-8.01398],[111.65151,-8.01347],[111.65123,-8.01257],[111.65124,-8.0122],[111.65105,-8.01189],[111.65182,-8.01207],[111.65215,-8.01144],[111.65246,-8.01163],[111.65313,-8.01165],[111.6529,-8.01065],[111.65339,-8.01038],[111.65347,-8.01021],[111.65304,-8.00945],[111.65325,-8.00903],[111.6538,-8.0088],[111.6529,-8.00641],[111.65259,-8.00623],[111.65262,-8.00597],[111.65241,-8.00554],[111.65339,-8.00582],[111.65398,-8.00668],[111.65427,-8.00648],[111.65453,-8.00662],[111.65491,-8.00576],[111.6552,-8.00555],[111.65514,-8.00492],[111.65532,-8.00486],[111.65548,-8.00459],[111.6555,-8.00367]],[[111.60718,-8.01878],[111.607,-8.01807],[111.60702,-8.01705],[111.60662,-8.01652]],[[111.57363,-8.04383],[111.57343,-8.04365],[111.57375,-8.04151],[111.57365,-8.04078],[111.57381,-8.04033],[111.57371,-8.03966],[111.57416,-8.03942],[111.57469,-8.03876],[111.57471,-8.03857],[111.57456,-8.03843],[111.5744,-8.03761],[111.57427,-8.03749],[111.57415,-8.03668],[111.57338,-8.03509],[111.57295,-8.03466],[111.57198,-8.0345],[111.57157,-8.03425],[111.57218,-8.03397],[111.57267,-8.03392],[111.57281,-8.03369],[111.57296,-8.03409],[111.57331,-8.03424],[111.57354,-8.03418],[111.57398,-8.03496],[111.57449,-8.03516],[111.57474,-8.03581],[111.57543,-8.03626],[111.57553,-8.0367],[111.57613,-8.03765],[111.57628,-8.03772],[111.57707,-8.03757],[111.57737,-8.03733]]]}},{"type":"Feature","properties":{"NAMOBJ":"775","REMARK":"Garis Kontur","JNSKNT":2,"VALKNT":775},"geometry":{"type":"LineString","coordinates":[[111.53922,-8.04156],[111.53998,-8.04131],[111.54057,-8.0416],[111.54113,-8.04154],[111.54142,-8.04097],[111.54182,-8.04097],[111.54139,-8.04017],[111.54193,-8.04009],[111.54281,-8.03936],[111.54249,-8.03876],[111.54243,-8.03797],[111.54157,-8.03706],[111.54264,-8.03684],[111.54338,-8.03701],[111.54375,-8.03691],[111.54375,-8.03642],[111.54342,-8.03603],[111.54268,-8.03572],[111.54178,-8.03565],[111.54216,-8.03498],[111.54194,-8.03429],[111.54214,-8.03427],[111.54237,-8.03402],[111.54256,-8.03299],[111.54289,-8.03223],[111.54273,-8.03045],[111.54296,-8.02974],[111.54294,-8.02954],[111.54268,-8.02936],[111.54174,-8.02915],[111.5415,-8.02893],[111.54209,-8.02763],[111.54191,-8.02673],[111.54115,-8.02621],[111.54191,-8.02588],[111.54218,-8.02549],[111.54228,-8.02499],[111.54174,-8.02409],[111.5416,-8.02352],[111.54077,-8.02318],[111.54016,-8.02195],[111.53912,-8.02231],[111.53814,-8.02226],[111.53719,-8.02309]]}},{"type":"Feature","properties":{"NAMOBJ":"675","REMARK":"Garis Kontur","JNSKNT":2,"VALKNT":675},"geometry":{"type":"LineString","coordinates":[[111.55358,-8.0177],[111.55442,-8.01677],[111.5549,-8.01591],[111.55458,-8.01509],[111.5541,-8.01535],[111.55419,-8.01576],[111.55394,-8.01623],[111.55359,-8.01663],[111.55351,-8.01644],[111.55301,-8.01699],[111.55358,-8.0177]]}},{"type":"Feature","properties":{"NAMOBJ":"587.5","REMARK":"Garis Kontur","JNSKNT":2,"VALKNT":587.5},"geometry":{"type":"LineString","coordinates":[[111.59935,-8.0068],[111.59966,-8.00661],[111.59997,-8.00617],[111.59999,-8.00588],[111.59972,-8.00619],[111.59923,-8.0064],[111.59935,-8.0068]]}},{"type":"Feature","properties":{"NAMOBJ":"437.5","REMARK":"Garis Kontur","JNSKNT":2,"VALKNT":437.5},"geometry":{"type":"LineString","coordinates":[[111.61106,-7.99448],[111.61057,-7.99451],[111.61042,-7.99479],[111.60983,-7.99503],[111.6106,-7.99508],[111.61116,-7.99452],[111.61106,-7.99448]]}},{"type":"Feature","properties":{"NAMOBJ":"262.5","REMARK":"Garis Kontur","JNSKNT":2,"VALKNT":262.5},"geometry":{"type":"LineString","coordinates":[[111.60148,-7.9365],[111.60155,-7.93665],[111.60199,-7.93652],[111.60161,-7.93616],[111.60142,-7.93633],[111.60148,-7.9365]]}},{"type":"Feature","properties":{"NAMOBJ":"175","REMARK":"Garis Kontur","JNSKNT":2,"VALKNT":175},"geometry":{"type":"MultiLineString","coordinates":[[[111.57186,-7.91843],[111.57181,-7.9184]],[[111.57066,-7.92023],[111.57079,-7.91967],[111.57134,-7.91924],[111.57144,-7.91881],[111.57192,-7.91873],[111.572,-7.91901]],[[111.59246,-7.9366],[111.59082,-7.93611],[111.58964,-7.93626],[111.58926,-7.93663],[111.58871,-7.93667],[111.58749,-7.93521],[111.58582,-7.9338],[111.58556,-7.93324],[111.58503,-7.93342],[111.58419,-7.93298],[111.5831,-7.93215],[111.58272,-7.93136],[111.58238,-7.93137],[111.58196,-7.93074],[111.58152,-7.93064],[111.5804,-7.93149],[111.58004,-7.93161],[111.5794,-7.93236],[111.57905,-7.93255],[111.57876,-7.93336],[111.57803,-7.93407],[111.57775,-7.93472],[111.57631,-7.93393],[111.57584,-7.93462],[111.57579,-7.93547],[111.57425,-7.93656],[111.57338,-7.93683],[111.57233,-7.93645],[111.57191,-7.93605],[111.56977,-7.93712],[111.56958,-7.93754],[111.56934,-7.93765],[111.56882,-7.9377],[111.56805,-7.93718],[111.56772,-7.9373],[111.56706,-7.93725],[111.56617,-7.93777],[111.56526,-7.93792],[111.56495,-7.93768],[111.56402,-7.93783],[111.5638,-7.93826],[111.56392,-7.9396],[111.56358,-7.94068],[111.56329,-7.94091],[111.56283,-7.94066],[111.56261,-7.94014],[111.56275,-7.93977],[111.56261,-7.93956],[111.56257,-7.93891],[111.56167,-7.93889],[111.56043,-7.93918],[111.56012,-7.93915],[111.55979,-7.93895],[111.55949,-7.9391],[111.55943,-7.93947],[111.56019,-7.94061],[111.56024,-7.94093],[111.55966,-7.94111],[111.55791,-7.94104],[111.55755,-7.94152],[111.55664,-7.94228],[111.55621,-7.94323],[111.5559,-7.9434],[111.55552,-7.94393],[111.55413,-7.94367],[111.55353,-7.94368],[111.55365,-7.94323],[111.55356,-7.94262],[111.55508,-7.94086],[111.55452,-7.94045],[111.55393,-7.94039],[111.55393,-7.93995],[111.55585,-7.93834],[111.55643,-7.93813],[111.55695,-7.93723],[111.5564,-7.93697],[111.55537,-7.93677],[111.55527,-7.93694],[111.55489,-7.93676],[111.55422,-7.93673],[111.55393,-7.93636],[111.5537,-7.93661],[111.55342,-7.93649],[111.55254,-7.93655],[111.55181,-7.93632],[111.55214,-7.9361],[111.55315,-7.9358],[111.55312,-7.93598],[111.55368,-7.93584],[111.55418,-7.93519],[111.55474,-7.93512],[111.55538,-7.93463],[111.55628,-7.93437],[111.55569,-7.93412],[111.55477,-7.93408],[111.55432,-7.93379],[111.55413,-7.93345],[111.55406,-7.93251],[111.55392,-7.93208],[111.55387,-7.93215],[111.55393,-7.93194],[111.55428,-7.93157],[111.55557,-7.93099],[111.55583,-7.93028],[111.55652,-7.93013],[111.55724,-7.93035],[111.55782,-7.93017],[111.55816,-7.93093],[111.55949,-7.93096],[111.56044,-7.93123],[111.56097,-7.93104],[111.56126,-7.93074],[111.56168,-7.93109],[111.5625,-7.93139],[111.56297,-7.9311],[111.56372,-7.9314],[111.56416,-7.93076],[111.56438,-7.93097],[111.56472,-7.93084],[111.56502,-7.93094],[111.56506,-7.93078],[111.56485,-7.93024],[111.56534,-7.93014],[111.56555,-7.92992],[111.56619,-7.93022],[111.56687,-7.93003],[111.56721,-7.92971],[111.56779,-7.92975],[111.56778,-7.92896],[111.5675,-7.92853],[111.56716,-7.92836],[111.56803,-7.92815],[111.56818,-7.92859],[111.56848,-7.92854],[111.56888,-7.92884],[111.56913,-7.92826],[111.56946,-7.92817],[111.56951,-7.92795],[111.56986,-7.92766],[111.57102,-7.92749],[111.57223,-7.92785],[111.57251,-7.92811],[111.57253,-7.92782],[111.57164,-7.92693],[111.57183,-7.92671],[111.57229,-7.92659],[111.57263,-7.92667],[111.57292,-7.9264],[111.57323,-7.92658],[111.57465,-7.92636],[111.57542,-7.92675],[111.57566,-7.92659],[111.57571,-7.92635],[111.57556,-7.92625],[111.57462,-7.92612],[111.57316,-7.92561],[111.57257,-7.92612],[111.57136,-7.92671],[111.57101,-7.92671],[111.57054,-7.92704],[111.56949,-7.92672],[111.56846,-7.92698],[111.56802,-7.92738],[111.56696,-7.92744],[111.56641,-7.92778],[111.56609,-7.92822],[111.5658,-7.92821],[111.56522,-7.92784],[111.56417,-7.92811],[111.56333,-7.92857],[111.56291,-7.92828],[111.56252,-7.9272],[111.56231,-7.92728],[111.56165,-7.92712],[111.56076,-7.92714],[111.56022,-7.9277],[111.55965,-7.92737],[111.55964,-7.92714],[111.56021,-7.92664],[111.56055,-7.92643],[111.56155,-7.92627],[111.56191,-7.92584],[111.5632,-7.92625],[111.56331,-7.92584],[111.56423,-7.92505],[111.56603,-7.9246],[111.56605,-7.9242],[111.56687,-7.9244],[111.56719,-7.9242]],[[111.53314,-7.99528],[111.53477,-7.99549],[111.53497,-7.99534],[111.53572,-7.99535],[111.53619,-7.99493],[111.5363,-7.99502],[111.53655,-7.99493],[111.53723,-7.99522],[111.53788,-7.99529],[111.53792,-7.9957],[111.53845,-7.99537],[111.53935,-7.99564],[111.53969,-7.99583],[111.53977,-7.99603],[111.53987,-7.99591],[111.54077,-7.99595],[111.54089,-7.99621],[111.54102,-7.99567],[111.54079,-7.99512],[111.54133,-7.99485],[111.54172,-7.99437],[111.54236,-7.99482],[111.54269,-7.99445],[111.54299,-7.99493],[111.54296,-7.9955],[111.54334,-7.99564],[111.54369,-7.99485],[111.54359,-7.99472],[111.54374,-7.99432],[111.54367,-7.99371],[111.54415,-7.99332],[111.5441,-7.9929],[111.54429,-7.99225],[111.54447,-7.99231],[111.54505,-7.99187],[111.54627,-7.99149],[111.54628,-7.99162],[111.54668,-7.99172],[111.54732,-7.99212],[111.54684,-7.99136],[111.54752,-7.99093],[111.54763,-7.99062],[111.5473,-7.98972],[111.54697,-7.98955],[111.54743,-7.98958],[111.54794,-7.98939],[111.54801,-7.98918],[111.54788,-7.98852],[111.54752,-7.98814],[111.54848,-7.98833],[111.54894,-7.98886],[111.54935,-7.9889],[111.54943,-7.98877],[111.54887,-7.98808],[111.54882,-7.98773],[111.54894,-7.98731],[111.54834,-7.98735],[111.54792,-7.98663],[111.54795,-7.98644],[111.54765,-7.98649],[111.54712,-7.98627],[111.54677,-7.98514],[111.54614,-7.98476],[111.54605,-7.98437],[111.54606,-7.98393],[111.54646,-7.98392],[111.54664,-7.98412],[111.5471,-7.98358],[111.54675,-7.98195],[111.54848,-7.98142],[111.54885,-7.98153],[111.54898,-7.98145],[111.54852,-7.98108],[111.54845,-7.98074],[111.54915,-7.98004],[111.54901,-7.97938],[111.54944,-7.97915],[111.54819,-7.9789],[111.54776,-7.97812],[111.54774,-7.97769],[111.54821,-7.97752],[111.5492,-7.97753],[111.54992,-7.97707],[111.55013,-7.97652],[111.55073,-7.97646],[111.55189,-7.97526],[111.55222,-7.97515],[111.55256,-7.97531],[111.5527,-7.97516],[111.55307,-7.9752],[111.5533,-7.97468],[111.55314,-7.97446],[111.55287,-7.97439],[111.55248,-7.97355],[111.55263,-7.97336],[111.55345,-7.97313],[111.55294,-7.97101],[111.55303,-7.97086],[111.55373,-7.97068],[111.55426,-7.97084],[111.55524,-7.97162],[111.55573,-7.9716],[111.55609,-7.97144],[111.5567,-7.9716],[111.55677,-7.97182],[111.55657,-7.97229],[111.5571,-7.97321],[111.55702,-7.97344],[111.55723,-7.97353],[111.55743,-7.97344],[111.55772,-7.97368],[111.55799,-7.97422],[111.55797,-7.97442],[111.55853,-7.97508],[111.5595,-7.97561],[111.55995,-7.97603],[111.55994,-7.97691],[111.5607,-7.97765],[111.56068,-7.97807],[111.56098,-7.97781],[111.56171,-7.97768],[111.56222,-7.97811],[111.56222,-7.97841],[111.56255,-7.97836],[111.56254,-7.97886],[111.56281,-7.97934],[111.56287,-7.98014],[111.56306,-7.97943],[111.56352,-7.97904],[111.56348,-7.9788],[111.56375,-7.97873],[111.56406,-7.97838],[111.56431,-7.97839],[111.56476,-7.97788],[111.56503,-7.97733],[111.5653,-7.97727],[111.56542,-7.97674],[111.56592,-7.9759],[111.56692,-7.97506],[111.5678,-7.97456],[111.56885,-7.97524],[111.56899,-7.97551],[111.56988,-7.97628],[111.57,-7.97668],[111.5698,-7.97744],[111.5695,-7.97788],[111.5696,-7.97825],[111.57026,-7.97878],[111.57026,-7.97931],[111.57076,-7.97903],[111.5712,-7.97926],[111.57164,-7.98008],[111.57175,-7.97986],[111.5726,-7.97926],[111.57286,-7.97855],[111.57324,-7.97887],[111.57413,-7.97876],[111.5744,-7.97885],[111.57467,-7.97944],[111.57443,-7.97982],[111.57447,-7.98018],[111.57432,-7.98056],[111.57449,-7.98092],[111.57421,-7.98164],[111.57467,-7.98152],[111.5749,-7.98109],[111.57528,-7.98094],[111.57558,-7.98016],[111.57612,-7.98159],[111.57667,-7.98196],[111.57651,-7.98284],[111.57658,-7.98346],[111.57637,-7.98401],[111.57695,-7.98375],[111.57776,-7.9847],[111.57851,-7.98515],[111.57867,-7.98542],[111.57858,-7.98566],[111.57879,-7.98569],[111.5792,-7.98617],[111.57951,-7.986],[111.5793,-7.98432],[111.58018,-7.9843],[111.5814,-7.98446],[111.58086,-7.98417],[111.57987,-7.98395],[111.57887,-7.98329],[111.57895,-7.98305],[111.57882,-7.98275],[111.57898,-7.98245],[111.57865,-7.98081],[111.57891,-7.98061],[111.57927,-7.98094],[111.57978,-7.98109],[111.58036,-7.98082],[111.58073,-7.98154],[111.58081,-7.98121],[111.58162,-7.9815],[111.5819,-7.98132],[111.5823,-7.98131],[111.58291,-7.98157],[111.58252,-7.98126],[111.58227,-7.98046],[111.58156,-7.98037],[111.58074,-7.97998],[111.57979,-7.97998],[111.57951,-7.97958],[111.57938,-7.97883],[111.57885,-7.97897],[111.57871,-7.97887],[111.5788,-7.97778],[111.5792,-7.97772],[111.57995,-7.97701],[111.57999,-7.97606],[111.58033,-7.97548],[111.58056,-7.97577],[111.581,-7.9758],[111.58156,-7.97518],[111.58235,-7.9756],[111.58255,-7.97592],[111.58332,-7.97629],[111.58345,-7.97662],[111.58429,-7.97602],[111.58466,-7.97616],[111.58541,-7.97555],[111.5858,-7.97539],[111.5853,-7.9752],[111.585,-7.97543],[111.58449,-7.97548],[111.58377,-7.9752],[111.5836,-7.97497],[111.58348,-7.97432],[111.58396,-7.97451],[111.58422,-7.97444],[111.58433,-7.97455],[111.58491,-7.97443],[111.58522,-7.97419],[111.58574,-7.97431],[111.58579,-7.97398],[111.5852,-7.97338],[111.58429,-7.97345],[111.5834,-7.97318],[111.58328,-7.97302],[111.58175,-7.97346],[111.58146,-7.97343],[111.58093,-7.97379],[111.58042,-7.97363],[111.57946,-7.97373],[111.57898,-7.97315],[111.57869,-7.97362],[111.57864,-7.97309],[111.57889,-7.97286],[111.57905,-7.97239],[111.57858,-7.97205],[111.57815,-7.97193],[111.57873,-7.97188],[111.57897,-7.972],[111.57924,-7.97179],[111.57945,-7.97041],[111.57979,-7.97164],[111.58078,-7.9712],[111.5814,-7.97066],[111.58158,-7.96972],[111.58103,-7.96883],[111.58161,-7.96842],[111.58199,-7.96886],[111.58157,-7.96791],[111.5818,-7.9676],[111.58148,-7.96749],[111.58131,-7.96697],[111.58038,-7.96554],[111.58031,-7.96526],[111.58049,-7.9652],[111.58059,-7.96484],[111.5798,-7.9642],[111.57963,-7.96437],[111.57962,-7.96395],[111.57934,-7.9639],[111.5785,-7.96312],[111.57796,-7.96333],[111.57715,-7.96261],[111.57724,-7.96172],[111.57765,-7.96121],[111.57772,-7.96094],[111.57789,-7.9609],[111.57824,-7.96123],[111.57865,-7.96133],[111.57897,-7.96092],[111.57901,-7.96068],[111.57861,-7.96075],[111.57847,-7.96054],[111.579,-7.95998],[111.57921,-7.9594],[111.57965,-7.95898],[111.5794,-7.95897],[111.57881,-7.95961],[111.57825,-7.9598],[111.57855,-7.9581],[111.57928,-7.95799],[111.5792,-7.95752],[111.57961,-7.95739],[111.57869,-7.95713],[111.5781,-7.95671],[111.57844,-7.95646],[111.57856,-7.95621],[111.57826,-7.95527],[111.57838,-7.95489],[111.57882,-7.95434],[111.57854,-7.95398],[111.57856,-7.95339],[111.57796,-7.95362],[111.5776,-7.95416],[111.57714,-7.95428],[111.57681,-7.95458],[111.57675,-7.95408],[111.57703,-7.95389],[111.57724,-7.95346],[111.5771,-7.95321],[111.5767,-7.95295],[111.57593,-7.95303],[111.57559,-7.95285],[111.57559,-7.95316],[111.57524,-7.95329],[111.57508,-7.95364],[111.57463,-7.95388],[111.57442,-7.95417],[111.57389,-7.95537],[111.5734,-7.9543],[111.57287,-7.95387],[111.5725,-7.95375],[111.57201,-7.9542],[111.57163,-7.95436],[111.57159,-7.95525],[111.57068,-7.95532],[111.57019,-7.95589],[111.56992,-7.95602],[111.57056,-7.95508],[111.57039,-7.95472],[111.5705,-7.95412],[111.57087,-7.95357],[111.57122,-7.95237],[111.56968,-7.95225],[111.56894,-7.95273],[111.56871,-7.95323],[111.56882,-7.95385],[111.56824,-7.95425],[111.56798,-7.95411],[111.56795,-7.95442],[111.56766,-7.95494],[111.56708,-7.95458],[111.5666,-7.95394],[111.56533,-7.95411],[111.56515,-7.95431],[111.56428,-7.95472],[111.56418,-7.95455],[111.56421,-7.95317],[111.56448,-7.95282],[111.56512,-7.95255],[111.56524,-7.95233],[111.56479,-7.95241],[111.56417,-7.95223],[111.5635,-7.95264],[111.56277,-7.95279],[111.56234,-7.95263],[111.56437,-7.95079],[111.56412,-7.95011],[111.56454,-7.94999],[111.56455,-7.94951],[111.56375,-7.94907],[111.56379,-7.94874],[111.56348,-7.94794],[111.5626,-7.94857],[111.56258,-7.94898],[111.56176,-7.94872],[111.56172,-7.9482],[111.56193,-7.94722],[111.56223,-7.94687],[111.56204,-7.94589],[111.56254,-7.94581],[111.56288,-7.94548],[111.56318,-7.94565],[111.56359,-7.94567],[111.56437,-7.94521],[111.56526,-7.94519],[111.56614,-7.94444],[111.5665,-7.94437],[111.56803,-7.94225],[111.5684,-7.94201],[111.56884,-7.9412],[111.57064,-7.94094],[111.57123,-7.9399],[111.57183,-7.93925],[111.57272,-7.93936],[111.57349,-7.93903],[111.57434,-7.93912],[111.5749,-7.93833],[111.57539,-7.93809],[111.57573,-7.93763],[111.57616,-7.93746],[111.57708,-7.93771],[111.5767,-7.93692],[111.57683,-7.9363],[111.57709,-7.93595],[111.57791,-7.93619],[111.57903,-7.93542],[111.57938,-7.93488],[111.58012,-7.93521],[111.58005,-7.93465],[111.58042,-7.93428],[111.58007,-7.93364],[111.58028,-7.93283],[111.5805,-7.93235],[111.58113,-7.93195],[111.58154,-7.9319],[111.58187,-7.93272],[111.58238,-7.93297],[111.58267,-7.9333],[111.58283,-7.93394],[111.58479,-7.93485],[111.58484,-7.93539],[111.58543,-7.93603],[111.58566,-7.93655],[111.58589,-7.9364],[111.58623,-7.93642],[111.58653,-7.93713],[111.58604,-7.9382],[111.58607,-7.93903],[111.58678,-7.93949],[111.58708,-7.93991],[111.58744,-7.94006],[111.58783,-7.94046],[111.5879,-7.94098],[111.58836,-7.94128],[111.58853,-7.94198],[111.58892,-7.94152],[111.58866,-7.94139],[111.58839,-7.94082],[111.58796,-7.9404],[111.58783,-7.93977],[111.58734,-7.93951],[111.58703,-7.93875],[111.58711,-7.93816],[111.58755,-7.93777],[111.58757,-7.93763],[111.58881,-7.93835],[111.58963,-7.93822],[111.58972,-7.93854],[111.59039,-7.93907],[111.59067,-7.93867],[111.59122,-7.93843],[111.59113,-7.93811],[111.5909,-7.938],[111.59138,-7.93767],[111.59163,-7.93728],[111.59204,-7.93727],[111.59223,-7.93739],[111.59238,-7.93724],[111.5927,-7.9372],[111.59336,-7.93728],[111.59379,-7.937],[111.59415,-7.93632],[111.59379,-7.93583],[111.59407,-7.93517],[111.59402,-7.93461],[111.59442,-7.93428],[111.59539,-7.93388],[111.59544,-7.93346],[111.59646,-7.9334],[111.59687,-7.93326],[111.59693,-7.93297]],[[111.59407,-7.93408],[111.59399,-7.93411]]]}},{"type":"Feature","properties":{"NAMOBJ":"575","REMARK":"Garis Kontur","JNSKNT":2,"VALKNT":575},"geometry":{"type":"LineString","coordinates":[[111.64772,-7.99943],[111.64821,-7.99884],[111.64864,-7.99887],[111.64858,-7.99852],[111.64894,-7.99813],[111.64881,-7.99772],[111.6485,-7.99784],[111.64833,-7.99776],[111.64803,-7.99816],[111.64778,-7.99815],[111.64792,-7.99861],[111.64742,-7.99902],[111.64772,-7.99943]]}},{"type":"Feature","properties":{"NAMOBJ":"675","REMARK":"Garis Kontur","JNSKNT":2,"VALKNT":675},"geometry":{"type":"LineString","coordinates":[[111.54818,-8.04235],[111.54803,-8.04218],[111.54812,-8.0413],[111.54788,-8.04103],[111.54771,-8.04087],[111.54722,-8.04093],[111.54633,-8.04068],[111.54647,-8.04036],[111.54615,-8.03979],[111.54542,-8.03946],[111.54539,-8.0389],[111.54465,-8.03868],[111.54427,-8.0383],[111.54564,-8.0379],[111.54611,-8.03717],[111.54684,-8.03785],[111.54707,-8.03738],[111.54746,-8.03756],[111.54802,-8.03754],[111.54828,-8.03714],[111.54702,-8.03674],[111.54653,-8.0361],[111.54574,-8.03611],[111.54512,-8.03525],[111.54449,-8.03517],[111.54365,-8.03464],[111.54434,-8.03402],[111.54466,-8.03259],[111.54467,-8.03193],[111.54521,-8.03132],[111.54526,-8.03041],[111.54498,-8.02985],[111.54603,-8.029],[111.54628,-8.02822],[111.54541,-8.02798],[111.54401,-8.02805],[111.54373,-8.02792],[111.54312,-8.02816],[111.54334,-8.02769],[111.5431,-8.02667],[111.54366,-8.02664],[111.5444,-8.02582],[111.54501,-8.02568],[111.54573,-8.02511],[111.54534,-8.02432],[111.54585,-8.02335],[111.54584,-8.02297],[111.54499,-8.02355],[111.54494,-8.02378],[111.54459,-8.02409],[111.54357,-8.02129],[111.54461,-8.02103],[111.54448,-8.02094],[111.54455,-8.02076],[111.54425,-8.02059],[111.54416,-8.01992],[111.54524,-8.01993],[111.54581,-8.02025],[111.5464,-8.01893],[111.54632,-8.01865],[111.54568,-8.01814],[111.54548,-8.0176],[111.54612,-8.01748],[111.5468,-8.0169],[111.54661,-8.01594],[111.54689,-8.01478],[111.54639,-8.01597],[111.54547,-8.01699],[111.54488,-8.01732],[111.54419,-8.0172],[111.54384,-8.01733],[111.54354,-8.01769],[111.54248,-8.01827],[111.54195,-8.01904],[111.54172,-8.01885],[111.54093,-8.01866],[111.54063,-8.01891],[111.54056,-8.01915],[111.54062,-8.01971],[111.54052,-8.02046],[111.53997,-8.0205],[111.53902,-8.02104],[111.53825,-8.02118],[111.53728,-8.02184]]}},{"type":"Feature","properties":{"NAMOBJ":"725","REMARK":"Garis Kontur","JNSKNT":2,"VALKNT":725},"geometry":{"type":"MultiLineString","coordinates":[[[111.54583,-8.04168],[111.54623,-8.04188],[111.54699,-8.04184],[111.54502,-8.04098],[111.54497,-8.04075],[111.54519,-8.04025],[111.54484,-8.03961],[111.5444,-8.03977],[111.54404,-8.03951],[111.54356,-8.03892],[111.54298,-8.03766],[111.54452,-8.03767],[111.54462,-8.03746],[111.54476,-8.0367],[111.54455,-8.03579],[111.54294,-8.0351],[111.54269,-8.03511],[111.54275,-8.03483],[111.54266,-8.03461],[111.54324,-8.03405],[111.54359,-8.03286],[111.54394,-8.03262],[111.54375,-8.03147],[111.54389,-8.0313],[111.54385,-8.02985],[111.54412,-8.0297],[111.54428,-8.02933],[111.54479,-8.02898],[111.5445,-8.02859],[111.54417,-8.02892],[111.54361,-8.02853],[111.54327,-8.02861],[111.54292,-8.0289],[111.54207,-8.02855],[111.54254,-8.02767],[111.54234,-8.02654],[111.54198,-8.02621],[111.54269,-8.02593],[111.5435,-8.02585],[111.5435,-8.02505],[111.54272,-8.02406],[111.5425,-8.02282],[111.5418,-8.02228],[111.54173,-8.02178],[111.54143,-8.02139],[111.54165,-8.02119],[111.54191,-8.02115],[111.54191,-8.02091],[111.54352,-8.01868],[111.54391,-8.01772],[111.54311,-8.01852],[111.5427,-8.01871],[111.54223,-8.01932],[111.54176,-8.01933],[111.54101,-8.01908],[111.54076,-8.02081],[111.53907,-8.0217],[111.53835,-8.02172],[111.53729,-8.02228],[111.53714,-8.02248]],[[111.54186,-8.04174],[111.54246,-8.04173],[111.54266,-8.04127],[111.54242,-8.04068],[111.54306,-8.04063],[111.54318,-8.04081]],[[111.54156,-8.04169],[111.54165,-8.04158]]]}},{"type":"Feature","properties":{"NAMOBJ":"537.5","REMARK":"Garis Kontur","JNSKNT":2,"VALKNT":537.5},"geometry":{"type":"LineString","coordinates":[[111.55522,-7.98421],[111.55527,-7.98429],[111.55527,-7.98429],[111.55522,-7.98413],[111.55522,-7.98421]]}},{"type":"Feature","properties":{"NAMOBJ":"762.5","REMARK":"Garis Kontur","JNSKNT":2,"VALKNT":762.5},"geometry":{"type":"LineString","coordinates":[[111.54407,-8.04075],[111.54426,-8.04077],[111.54422,-8.04035],[111.54381,-8.04013],[111.54407,-8.04075]]}},{"type":"Feature","properties":{"NAMOBJ":"287.5","REMARK":"Garis Kontur","JNSKNT":2,"VALKNT":287.5},"geometry":{"type":"MultiLineString","coordinates":[[[111.62496,-7.94613],[111.62494,-7.94636],[111.62456,-7.94554],[111.62406,-7.94534],[111.62421,-7.94488],[111.62418,-7.94423],[111.62457,-7.94412],[111.62519,-7.94304],[111.62506,-7.9417],[111.62496,-7.94159],[111.62452,-7.94196],[111.62406,-7.94189],[111.62343,-7.94134],[111.62237,-7.94092],[111.62188,-7.94013],[111.62138,-7.94027],[111.62047,-7.93999],[111.6194,-7.93988],[111.61975,-7.94086],[111.62033,-7.94125],[111.6206,-7.94127],[111.62054,-7.94158],[111.62073,-7.94195],[111.62078,-7.94257],[111.62062,-7.94287],[111.61982,-7.94253],[111.61962,-7.94265],[111.61907,-7.94262],[111.61791,-7.94283],[111.61735,-7.94251],[111.61716,-7.94257],[111.61717,-7.94232],[111.61683,-7.9417],[111.6168,-7.94099],[111.61663,-7.94059],[111.61679,-7.9398],[111.61659,-7.93892],[111.61617,-7.93904],[111.61585,-7.93951],[111.6157,-7.93956],[111.61449,-7.939],[111.6135,-7.93796],[111.61315,-7.9384],[111.61328,-7.93896],[111.61362,-7.93935],[111.61357,-7.9398],[111.61396,-7.94096],[111.61371,-7.94128],[111.61335,-7.94147],[111.61381,-7.9424],[111.61384,-7.94273],[111.61332,-7.94346],[111.61254,-7.94374],[111.61221,-7.94372],[111.61201,-7.94387],[111.61139,-7.9432],[111.61095,-7.94306],[111.61095,-7.94271],[111.61113,-7.94249],[111.6101,-7.94124],[111.61001,-7.94021],[111.60968,-7.94014],[111.60941,-7.94028],[111.60927,-7.94008],[111.60878,-7.9399],[111.60878,-7.93962],[111.60949,-7.93858],[111.60986,-7.93846],[111.60964,-7.938],[111.60952,-7.93812],[111.60917,-7.93815],[111.6088,-7.93853],[111.60782,-7.93785],[111.60805,-7.93822],[111.60799,-7.93842],[111.60775,-7.9387],[111.60746,-7.93874],[111.60724,-7.93913],[111.60608,-7.93975],[111.60556,-7.9395],[111.6048,-7.93984],[111.60469,-7.93947],[111.6042,-7.93889],[111.60439,-7.93746],[111.60389,-7.93753],[111.60334,-7.938],[111.60273,-7.93755],[111.60244,-7.93758],[111.60208,-7.93713],[111.60151,-7.93717],[111.60123,-7.93658],[111.60129,-7.93638],[111.60065,-7.93625],[111.60036,-7.9363],[111.60022,-7.9365],[111.60007,-7.93686],[111.60021,-7.93714],[111.60017,-7.93735],[111.59992,-7.93732],[111.59958,-7.93717],[111.59958,-7.93698],[111.59877,-7.93634],[111.5987,-7.9359],[111.5979,-7.93666],[111.59717,-7.93624],[111.59654,-7.93542],[111.59587,-7.93628],[111.59559,-7.93714],[111.59454,-7.93803],[111.59416,-7.93902],[111.59441,-7.93965],[111.59374,-7.93977],[111.59369,-7.94019],[111.59387,-7.94088],[111.59358,-7.94129],[111.59359,-7.94154],[111.59316,-7.94147],[111.59271,-7.942],[111.59276,-7.94256],[111.59337,-7.94336],[111.59288,-7.94383],[111.5934,-7.94481],[111.59246,-7.94537],[111.59323,-7.94592],[111.59326,-7.94612],[111.59303,-7.94624],[111.59397,-7.94675],[111.59369,-7.94713],[111.59381,-7.94747],[111.59413,-7.94798],[111.59446,-7.94821],[111.59452,-7.94888],[111.59506,-7.94927],[111.59513,-7.94976],[111.5947,-7.95021],[111.59463,-7.95096],[111.59444,-7.95113],[111.5944,-7.95146],[111.59397,-7.95193],[111.59476,-7.95137],[111.59507,-7.95142],[111.5952,-7.95128],[111.5957,-7.95124],[111.59566,-7.95176],[111.59624,-7.9525],[111.59569,-7.95362],[111.59574,-7.95443],[111.59629,-7.95457],[111.59705,-7.95418],[111.59739,-7.95384],[111.59754,-7.95431],[111.59802,-7.95458],[111.59811,-7.95476],[111.59851,-7.95489],[111.59884,-7.95471],[111.59908,-7.95498],[111.59894,-7.95514],[111.59904,-7.95537],[111.59846,-7.95551],[111.59834,-7.95603],[111.59793,-7.9559],[111.59766,-7.95559],[111.59674,-7.95582],[111.59597,-7.95585],[111.5959,-7.95639],[111.59633,-7.95773],[111.59507,-7.95758],[111.59476,-7.95836],[111.59505,-7.95909],[111.59506,-7.95968],[111.59476,-7.95939],[111.59406,-7.95915],[111.59427,-7.96014],[111.59299,-7.9605],[111.5929,-7.96084],[111.59295,-7.96096],[111.59521,-7.96206],[111.59571,-7.96209],[111.59535,-7.96253],[111.59575,-7.96321],[111.59506,-7.96366],[111.59476,-7.96431],[111.59472,-7.96544],[111.59511,-7.96596],[111.59564,-7.96623],[111.59627,-7.96622],[111.59695,-7.96549],[111.59729,-7.96554],[111.59865,-7.96509],[111.59889,-7.96522],[111.59931,-7.96519],[111.59989,-7.96473],[111.59977,-7.96526],[111.60032,-7.96589],[111.60038,-7.96637],[111.60062,-7.96648],[111.60094,-7.96627],[111.60074,-7.96663],[111.60048,-7.96671],[111.60003,-7.96659],[111.59966,-7.96598],[111.59892,-7.96639],[111.59864,-7.96627],[111.59827,-7.96631],[111.59772,-7.96663],[111.597,-7.96744],[111.59641,-7.96748],[111.59634,-7.96767],[111.59608,-7.9675],[111.59534,-7.9677],[111.59472,-7.96749],[111.59432,-7.9672],[111.59386,-7.9662],[111.59331,-7.96613],[111.5929,-7.96588],[111.59276,-7.96519],[111.59319,-7.96398],[111.59312,-7.96322],[111.59248,-7.9632],[111.59205,-7.96296],[111.59109,-7.96273],[111.59112,-7.96222],[111.59039,-7.96004],[111.59117,-7.9599],[111.59083,-7.95921],[111.59148,-7.95865],[111.59099,-7.95805],[111.59105,-7.9576],[111.59078,-7.95711],[111.59165,-7.9573],[111.59225,-7.95682],[111.59254,-7.957],[111.59361,-7.95621],[111.59384,-7.95583],[111.59368,-7.95509],[111.59379,-7.95424],[111.59284,-7.95444],[111.59245,-7.95467],[111.59171,-7.95322],[111.59144,-7.95322],[111.59078,-7.95352],[111.59025,-7.95295],[111.58975,-7.95292],[111.58908,-7.95249],[111.58939,-7.95219],[111.59023,-7.9508],[111.59014,-7.95061],[111.59043,-7.94997],[111.59036,-7.94944],[111.59083,-7.94914],[111.59067,-7.94891],[111.59052,-7.94817],[111.59013,-7.94794],[111.58989,-7.94819],[111.58939,-7.94828],[111.58898,-7.948],[111.58869,-7.948],[111.58869,-7.94711],[111.58795,-7.94667],[111.58754,-7.94609],[111.58679,-7.94616],[111.58695,-7.94545],[111.58613,-7.94513],[111.58618,-7.94442],[111.58589,-7.94395],[111.58632,-7.94292],[111.586,-7.9426],[111.5851,-7.94214],[111.58282,-7.93981],[111.58192,-7.93922],[111.58185,-7.93898],[111.58227,-7.93836],[111.58259,-7.93738],[111.58251,-7.93723],[111.58174,-7.93689],[111.581,-7.93749],[111.58066,-7.93816],[111.58019,-7.93817],[111.57975,-7.93864],[111.57901,-7.9386],[111.5793,-7.9394],[111.57924,-7.93994],[111.5799,-7.94087],[111.57985,-7.94151],[111.58008,-7.9423],[111.58055,-7.94259],[111.58108,-7.94273],[111.58115,-7.94297],[111.58097,-7.94369],[111.58111,-7.94456],[111.58088,-7.94535],[111.58089,-7.94617],[111.58023,-7.94741],[111.57966,-7.94798],[111.57961,-7.94851],[111.57975,-7.94897],[111.58053,-7.95004],[111.5816,-7.95046],[111.58204,-7.95093],[111.58352,-7.95158],[111.58386,-7.952],[111.58407,-7.95268],[111.58527,-7.95287],[111.58462,-7.95348],[111.58486,-7.95438],[111.58483,-7.95474],[111.58502,-7.95514],[111.58439,-7.95525],[111.58413,-7.95563],[111.58392,-7.95618],[111.58415,-7.95661],[111.58369,-7.95712],[111.58351,-7.95756],[111.58429,-7.95804],[111.58475,-7.95859],[111.58656,-7.95943],[111.58599,-7.95989],[111.58572,-7.96039],[111.58577,-7.96059],[111.58469,-7.96116],[111.58403,-7.96179],[111.58405,-7.96215],[111.58435,-7.96251],[111.58435,-7.96342],[111.58454,-7.96404],[111.5846,-7.96493],[111.58519,-7.96546],[111.58541,-7.96541],[111.58651,-7.96577],[111.58738,-7.9658],[111.58732,-7.96643],[111.58694,-7.96708],[111.58733,-7.96739],[111.58799,-7.96762],[111.58904,-7.96744],[111.58918,-7.96794],[111.58979,-7.96863],[111.59154,-7.96827],[111.59294,-7.96773],[111.59335,-7.96786],[111.59427,-7.96858],[111.59446,-7.96932],[111.59479,-7.96963],[111.59363,-7.96946],[111.59335,-7.96923],[111.5931,-7.96927],[111.59302,-7.96958],[111.59316,-7.97002],[111.59312,-7.97035],[111.59244,-7.97036],[111.59261,-7.97129],[111.59172,-7.97127],[111.59187,-7.97151],[111.59184,-7.97209],[111.59127,-7.97244],[111.59126,-7.97274],[111.59109,-7.97295],[111.59236,-7.97279],[111.59276,-7.97247],[111.59343,-7.97288],[111.59388,-7.97226],[111.59427,-7.97264],[111.59479,-7.97291],[111.5961,-7.97306],[111.5966,-7.97295],[111.59688,-7.97314],[111.59628,-7.97344],[111.59594,-7.9739],[111.5968,-7.9745],[111.59738,-7.97465],[111.59783,-7.97505],[111.5979,-7.97538],[111.59947,-7.97551],[111.59935,-7.97574],[111.59899,-7.97589],[111.59878,-7.9763],[111.59842,-7.97635],[111.59798,-7.97712],[111.59767,-7.9773],[111.59704,-7.97747],[111.5961,-7.97712],[111.59596,-7.97691],[111.59613,-7.97679],[111.59613,-7.97662],[111.59558,-7.97668],[111.59514,-7.97744],[111.59515,-7.97789],[111.59535,-7.97841],[111.59529,-7.97856],[111.59422,-7.97919],[111.59383,-7.97967],[111.59348,-7.97951],[111.59333,-7.98123],[111.59308,-7.98166],[111.59333,-7.9823],[111.59233,-7.98185],[111.59163,-7.98189],[111.59093,-7.98218],[111.59071,-7.98244],[111.59051,-7.98227],[111.58977,-7.98238],[111.58963,-7.98253],[111.5887,-7.98187],[111.58804,-7.98161],[111.58818,-7.98187],[111.58938,-7.983],[111.58987,-7.98392],[111.59082,-7.98449],[111.59079,-7.98515],[111.59131,-7.98568],[111.59148,-7.98606],[111.5917,-7.98612],[111.59064,-7.98699],[111.59097,-7.98822],[111.59084,-7.98856],[111.5909,-7.98906],[111.59139,-7.98965],[111.58863,-7.99002],[111.58828,-7.99057],[111.58786,-7.99068],[111.58775,-7.99047],[111.5874,-7.99032],[111.58699,-7.98988],[111.58676,-7.98916],[111.58643,-7.98865],[111.58681,-7.98994],[111.58685,-7.99065],[111.587,-7.99093],[111.58818,-7.99087],[111.58898,-7.99113],[111.58933,-7.99152],[111.58923,-7.99175],[111.58954,-7.99223],[111.59078,-7.99228],[111.59129,-7.99246],[111.59154,-7.99334],[111.59109,-7.99392],[111.59107,-7.9941],[111.59194,-7.99528],[111.59216,-7.99532],[111.59253,-7.99509],[111.59308,-7.99503],[111.59301,-7.99524],[111.5933,-7.99558],[111.59372,-7.9955],[111.59315,-7.99626],[111.59347,-7.99678],[111.59286,-7.99666],[111.59248,-7.99678],[111.59274,-7.99726],[111.59296,-7.99741],[111.59254,-7.99759],[111.59258,-7.99783],[111.59237,-7.99832],[111.59157,-7.99832],[111.59083,-7.99862],[111.59063,-7.99851],[111.59075,-7.99882],[111.59055,-7.99961],[111.58973,-7.99954],[111.58898,-7.99905],[111.58852,-7.99899],[111.588,-7.99868],[111.58775,-7.99871],[111.58738,-7.99935],[111.58706,-7.99931],[111.5864,-7.99963],[111.58629,-8.00083],[111.58716,-8.00109],[111.58798,-8.00158],[111.58842,-8.00231],[111.58828,-8.00245],[111.5884,-8.00336],[111.58786,-8.00363],[111.58763,-8.00419],[111.5872,-8.00424],[111.58677,-8.00453],[111.58592,-8.00566],[111.58529,-8.00581],[111.5844,-8.00564],[111.58383,-8.00596],[111.5834,-8.00597],[111.58421,-8.00691],[111.5845,-8.00775],[111.58459,-8.00864],[111.58567,-8.00946],[111.58529,-8.00954],[111.58457,-8.00932],[111.58424,-8.00974],[111.58405,-8.00944],[111.58343,-8.00909],[111.5825,-8.00928],[111.58299,-8.00957],[111.58169,-8.00972],[111.58147,-8.0099],[111.58143,-8.01018],[111.58184,-8.01127],[111.58223,-8.01191],[111.5813,-8.0121],[111.58109,-8.01318],[111.58051,-8.01364],[111.58041,-8.01386],[111.57996,-8.01289],[111.58015,-8.01157],[111.57989,-8.01137],[111.57916,-8.01034],[111.57899,-8.0103],[111.57861,-8.00858],[111.57834,-8.00838],[111.57822,-8.00843],[111.57811,-8.00879],[111.57717,-8.00912],[111.57646,-8.00892],[111.57602,-8.01038],[111.57597,-8.0114],[111.57572,-8.01201],[111.57526,-8.01163],[111.57484,-8.01155],[111.57469,-8.01185],[111.57447,-8.01177],[111.57389,-8.01093],[111.57342,-8.01066],[111.57287,-8.01095],[111.5724,-8.01148],[111.57225,-8.01063],[111.572,-8.01035],[111.5715,-8.01019],[111.56989,-8.01092],[111.56899,-8.01082],[111.56814,-8.01106],[111.56716,-8.0111],[111.56699,-8.011],[111.56664,-8.01111],[111.5671,-8.01051],[111.56726,-8.01051],[111.56729,-8.01018],[111.56689,-8.00982],[111.56618,-8.00975],[111.56609,-8.00961],[111.56689,-8.00941],[111.56784,-8.00867],[111.56858,-8.00765],[111.56942,-8.00683],[111.56938,-8.00644],[111.56881,-8.00596],[111.5687,-8.00553],[111.56869,-8.00535],[111.56895,-8.00527],[111.56906,-8.00504],[111.56859,-8.00462],[111.5684,-8.00425],[111.569,-8.00426],[111.56986,-8.00469],[111.57053,-8.00427],[111.5712,-8.00469],[111.57199,-8.00376],[111.57341,-8.00449],[111.57396,-8.00425],[111.57453,-8.00432],[111.57483,-8.00354],[111.57527,-8.00323],[111.57597,-8.00218],[111.57594,-8.00193],[111.57605,-8.00196],[111.57459,-8.00052],[111.57456,-8.00028],[111.57531,-8.00027],[111.57615,-8.00003],[111.57659,-7.99951],[111.57676,-7.99794],[111.57717,-7.99779],[111.57754,-7.99746],[111.57719,-7.99691],[111.57679,-7.99697],[111.57617,-7.99685],[111.57484,-7.99706],[111.57459,-7.99692],[111.57492,-7.99616],[111.57516,-7.99598],[111.57515,-7.99581],[111.57476,-7.99484],[111.57431,-7.9945],[111.5752,-7.99386],[111.57548,-7.99348],[111.57545,-7.99201],[111.57435,-7.99204],[111.57366,-7.9926],[111.57346,-7.99243],[111.57289,-7.9923],[111.57259,-7.99281],[111.57206,-7.99307],[111.57155,-7.99262],[111.57105,-7.99309],[111.57046,-7.9933],[111.57008,-7.99296],[111.56986,-7.99312],[111.56889,-7.99322],[111.56845,-7.99354],[111.56785,-7.99367],[111.56753,-7.99229],[111.56774,-7.99173],[111.56774,-7.99106],[111.56855,-7.98995],[111.56856,-7.98974],[111.5683,-7.98925],[111.56877,-7.98878],[111.56897,-7.98836],[111.56767,-7.98681],[111.56795,-7.98637],[111.56715,-7.98588],[111.56736,-7.98472],[111.56636,-7.9828],[111.56671,-7.98238],[111.56598,-7.98128],[111.56652,-7.98054],[111.5663,-7.97955],[111.566,-7.97982],[111.56569,-7.98059],[111.56556,-7.98131],[111.56508,-7.98174],[111.56509,-7.98302],[111.5654,-7.98333],[111.566,-7.98484],[111.56547,-7.98525],[111.56569,-7.98588],[111.56492,-7.9864],[111.56511,-7.98877],[111.56457,-7.98879],[111.56469,-7.98977],[111.56458,-7.99045],[111.56384,-7.99062],[111.56293,-7.98871],[111.56179,-7.98862],[111.56219,-7.9876],[111.5616,-7.9875],[111.56122,-7.98722],[111.56033,-7.98724],[111.56061,-7.98657],[111.56136,-7.98599],[111.56075,-7.98544],[111.56079,-7.98514],[111.5606,-7.98481],[111.56057,-7.98415],[111.56047,-7.98393],[111.55961,-7.98316],[111.55976,-7.98243],[111.55873,-7.98233],[111.55865,-7.98206],[111.55807,-7.98165],[111.5583,-7.98138],[111.55814,-7.98068],[111.55765,-7.97982],[111.55753,-7.97905],[111.55728,-7.97876],[111.55726,-7.97849],[111.55743,-7.9781],[111.55684,-7.97808],[111.55627,-7.97771],[111.55588,-7.97667],[111.55535,-7.97607],[111.55513,-7.97517],[111.55497,-7.97506],[111.55471,-7.97547],[111.55468,-7.97626],[111.55445,-7.97697],[111.55385,-7.97705],[111.55349,-7.97792],[111.552,-7.97768],[111.55179,-7.97827],[111.55161,-7.97842],[111.55196,-7.98005],[111.55187,-7.98083],[111.55251,-7.98138],[111.55084,-7.98317],[111.55011,-7.98352],[111.54956,-7.9836],[111.5503,-7.98473],[111.55078,-7.98502],[111.55074,-7.98528],[111.55109,-7.9858],[111.55161,-7.98615],[111.55197,-7.98598],[111.55183,-7.98691],[111.55241,-7.98729],[111.55261,-7.98783],[111.55367,-7.98762],[111.55348,-7.98797],[111.55428,-7.98886],[111.55526,-7.98891],[111.55549,-7.98959],[111.55589,-7.99012],[111.55639,-7.99143],[111.55627,-7.99205],[111.55575,-7.99184],[111.55528,-7.99238],[111.55469,-7.99207],[111.55418,-7.9922],[111.55425,-7.99279],[111.55456,-7.99307],[111.55496,-7.99407],[111.55482,-7.99421],[111.55401,-7.99371],[111.55358,-7.99415],[111.55324,-7.99391],[111.55303,-7.99431],[111.5525,-7.99471],[111.55253,-7.99512],[111.55234,-7.99542],[111.55158,-7.99515],[111.55091,-7.99455],[111.55087,-7.99512],[111.55074,-7.99527],[111.55108,-7.99561],[111.55155,-7.99666],[111.55107,-7.99714],[111.55141,-7.99778],[111.55095,-7.99812],[111.55085,-7.99881],[111.55009,-7.99902],[111.54976,-7.99891],[111.54979,-7.99846],[111.5492,-7.99764],[111.54915,-7.99699],[111.5475,-7.99652],[111.54717,-7.99673],[111.5472,-7.99716],[111.54791,-7.99821],[111.54868,-7.99852],[111.54896,-7.99962],[111.54865,-8.0],[111.54923,-8.00042],[111.54978,-8.00064],[111.54984,-8.00152],[111.55025,-8.0018],[111.55008,-8.00244],[111.55033,-8.00292],[111.54967,-8.00285],[111.54894,-8.00298],[111.54907,-8.00356],[111.54983,-8.00389],[111.5502,-8.00422],[111.5499,-8.00424],[111.54929,-8.00461],[111.54964,-8.00553],[111.54937,-8.00606],[111.54886,-8.00569],[111.54847,-8.00586],[111.54727,-8.00482],[111.54723,-8.00518],[111.54662,-8.00587],[111.54657,-8.00613],[111.54591,-8.00568],[111.54566,-8.00535],[111.54494,-8.00517],[111.54477,-8.00495],[111.54463,-8.00425],[111.54374,-8.00477],[111.54338,-8.00415],[111.54344,-8.00347],[111.5431,-8.00333],[111.54283,-8.00302],[111.54256,-8.00159],[111.54281,-8.00111],[111.54205,-8.00087],[111.54172,-8.00127],[111.5418,-8.00242],[111.54121,-8.00419],[111.54139,-8.00439],[111.54149,-8.00509],[111.54177,-8.00581],[111.54189,-8.00598],[111.54209,-8.00601],[111.54266,-8.00676],[111.54256,-8.00688],[111.54264,-8.00726],[111.54225,-8.00736],[111.54212,-8.00765],[111.54239,-8.00869],[111.54155,-8.00905],[111.54141,-8.00971],[111.54118,-8.00997],[111.5412,-8.01039],[111.54089,-8.01053],[111.54102,-8.01084],[111.54094,-8.01098],[111.54054,-8.01078],[111.54011,-8.0103],[111.53982,-8.01024],[111.53965,-8.01037]],[[111.64696,-8.01427],[111.64707,-8.01405],[111.64782,-8.01468],[111.64834,-8.01445],[111.64884,-8.0151],[111.64975,-8.01569],[111.64996,-8.01572],[111.6502,-8.01545],[111.65027,-8.01454],[111.65086,-8.01398],[111.65055,-8.01383],[111.65037,-8.01307],[111.65042,-8.0123],[111.65004,-8.0118],[111.65018,-8.01158],[111.65018,-8.01098],[111.65064,-8.01091],[111.65135,-8.01103],[111.65231,-8.0099],[111.65211,-8.00925],[111.65246,-8.00901],[111.65268,-8.00854],[111.65257,-8.00835],[111.65264,-8.00764],[111.65255,-8.00751],[111.6512,-8.00692],[111.65141,-8.00655],[111.65125,-8.0063],[111.65185,-8.00611],[111.65144,-8.00429],[111.65274,-8.00504],[111.65352,-8.00519],[111.65354,-8.00471],[111.65396,-8.00462],[111.65412,-8.00442],[111.65397,-8.00399],[111.65428,-8.00403],[111.65486,-8.00378],[111.65463,-8.00224]],[[111.53727,-8.00542],[111.53727,-8.00533],[111.53626,-8.00516],[111.53528,-8.00472],[111.53532,-8.00414],[111.53489,-8.00398],[111.53461,-8.0032]],[[111.53537,-8.00507],[111.53543,-8.005],[111.5355,-8.00515]],[[111.6247,-8.00852],[111.6249,-8.00859],[111.6253,-8.00941],[111.62542,-8.00936],[111.62615,-8.01026],[111.62645,-8.01013],[111.62666,-8.00973],[111.62703,-8.00948],[111.62706,-8.0092],[111.6274,-8.00895],[111.62778,-8.00827],[111.62831,-8.00791],[111.62797,-8.00914],[111.62768,-8.00924],[111.62717,-8.00994]],[[111.60482,-8.01918],[111.60588,-8.01908],[111.60622,-8.01886],[111.60634,-8.01852],[111.60627,-8.01716],[111.60566,-8.01699],[111.60569,-8.01668],[111.60497,-8.01572],[111.60522,-8.0155],[111.60554,-8.01554],[111.60602,-8.01532],[111.60637,-8.01506],[111.6065,-8.01464],[111.60625,-8.01372],[111.60644,-8.01309],[111.60602,-8.0124],[111.60587,-8.0119],[111.6061,-8.01189],[111.60699,-8.01145],[111.60748,-8.01075],[111.60746,-8.01056],[111.6081,-8.01055],[111.60859,-8.00997],[111.6087,-8.01043],[111.60857,-8.01085],[111.60837,-8.01106],[111.60775,-8.01132],[111.60719,-8.01225],[111.6072,-8.01237],[111.60777,-8.01255],[111.60726,-8.01301],[111.6077,-8.01355],[111.60775,-8.01393],[111.60724,-8.01416],[111.60759,-8.01494],[111.60727,-8.01523],[111.60711,-8.01566]],[[111.56923,-8.04871],[111.56916,-8.04861],[111.56968,-8.04849],[111.57047,-8.048],[111.57187,-8.04802],[111.57265,-8.04771],[111.57295,-8.04745],[111.57323,-8.04566],[111.57292,-8.04321],[111.5731,-8.04067],[111.57325,-8.04041],[111.5732,-8.03934],[111.57356,-8.03929],[111.57398,-8.03843],[111.57382,-8.03759],[111.57358,-8.03737],[111.57312,-8.03725],[111.57317,-8.03669],[111.57282,-8.03553],[111.57167,-8.0349],[111.57089,-8.03463],[111.57025,-8.03366],[111.57003,-8.03279],[111.57103,-8.03358],[111.57173,-8.03355],[111.5723,-8.03333],[111.57253,-8.03264],[111.5728,-8.03243],[111.57336,-8.03274],[111.57351,-8.03321],[111.57375,-8.03312],[111.57381,-8.0329],[111.57448,-8.03292],[111.57445,-8.03372],[111.57503,-8.03464],[111.57501,-8.03492],[111.57536,-8.03552],[111.57605,-8.03581],[111.57627,-8.03639],[111.57683,-8.03646],[111.57716,-8.03673],[111.57758,-8.03643]]]}},{"type":"Feature","properties":{"NAMOBJ":"712.5","REMARK":"Garis Kontur","JNSKNT":2,"VALKNT":712.5},"geometry":{"type":"LineString","coordinates":[[111.60518,-7.94831],[111.60524,-7.94824],[111.60515,-7.94803],[111.60496,-7.94825],[111.60518,-7.94831]]}},{"type":"Feature","properties":{"NAMOBJ":"850","REMARK":"Garis Kontur","JNSKNT":1,"VALKNT":850},"geometry":{"type":"LineString","coordinates":[[111.54053,-8.03797],[111.54038,-8.03713],[111.54052,-8.03658],[111.54098,-8.0363],[111.54068,-8.03595],[111.54064,-8.03562],[111.5411,-8.03346],[111.54145,-8.03342],[111.54157,-8.03314],[111.54168,-8.03222],[111.54159,-8.03052],[111.54175,-8.03035],[111.5406,-8.02951],[111.54063,-8.02838],[111.54082,-8.02765],[111.54062,-8.02697],[111.54013,-8.02659],[111.54024,-8.02608],[111.54095,-8.02582],[111.5414,-8.02543],[111.54135,-8.02502],[111.54093,-8.02453],[111.54041,-8.02458],[111.53996,-8.02408],[111.5397,-8.02311],[111.53949,-8.02288],[111.53827,-8.02289],[111.53776,-8.02311],[111.53754,-8.02364],[111.53716,-8.02402]]}},{"type":"Feature","properties":{"NAMOBJ":"525","REMARK":"Garis Kontur","JNSKNT":2,"VALKNT":525},"geometry":{"type":"LineString","coordinates":[[111.59846,-7.98695],[111.59796,-7.98668],[111.59762,-7.98766],[111.59767,-7.98828],[111.59811,-7.98789],[111.59808,-7.98756],[111.59854,-7.98708],[111.59846,-7.98695]]}},{"type":"Feature","properties":{"NAMOBJ":"650","REMARK":"Garis Kontur","JNSKNT":1,"VALKNT":650},"geometry":{"type":"LineString","coordinates":[[111.63065,-7.97398],[111.63119,-7.97422],[111.63163,-7.97414],[111.6319,-7.97447],[111.63246,-7.97429],[111.63254,-7.97409],[111.63153,-7.97346],[111.63088,-7.97362],[111.63065,-7.97398]]}},{"type":"Feature","properties":{"NAMOBJ":"625","REMARK":"Garis Kontur","JNSKNT":2,"VALKNT":625},"geometry":{"type":"LineString","coordinates":[[111.60259,-7.94559],[111.60214,-7.94525],[111.60156,-7.94522],[111.60047,-7.94464],[111.59976,-7.94501],[111.5996,-7.94512],[111.60016,-7.94531],[111.60071,-7.94613],[111.5997,-7.94678],[111.59977,-7.94717],[111.60129,-7.9483],[111.60196,-7.94846],[111.60235,-7.94842],[111.60336,-7.94796],[111.60389,-7.94789],[111.60447,-7.94868],[111.60527,-7.94932],[111.60575,-7.94884],[111.60596,-7.94821],[111.60557,-7.94758],[111.60528,-7.94741],[111.60472,-7.94758],[111.60282,-7.94694],[111.60244,-7.94628],[111.60226,-7.94621],[111.60259,-7.94559]]}},{"type":"Feature","properties":{"NAMOBJ":"712.5","REMARK":"Garis Kontur","JNSKNT":2,"VALKNT":712.5},"geometry":{"type":"LineString","coordinates":[[111.63998,-7.96664],[111.63981,-7.96661],[111.6398,-7.96676],[111.64012,-7.96687],[111.63998,-7.96664]]}},{"type":"Feature","properties":{"NAMOBJ":"450","REMARK":"Garis Kontur","JNSKNT":1,"VALKNT":450},"geometry":{"type":"LineString","coordinates":[[111.58672,-7.96356],[111.58674,-7.96372],[111.58729,-7.96353],[111.58873,-7.96366],[111.58866,-7.96312],[111.58878,-7.96202],[111.58866,-7.96161],[111.58826,-7.96221],[111.58672,-7.96356]]}},{"type":"Feature","properties":{"NAMOBJ":"687.5","REMARK":"Garis Kontur","JNSKNT":2,"VALKNT":687.5},"geometry":{"type":"LineString","coordinates":[[111.55452,-8.01623],[111.55449,-8.01594],[111.55393,-8.01661],[111.55377,-8.01722],[111.55452,-8.01623]]}},{"type":"Feature","properties":{"NAMOBJ":"675","REMARK":"Garis Kontur","JNSKNT":2,"VALKNT":675},"geometry":{"type":"LineString","coordinates":[[111.60154,-7.94676],[111.60081,-7.94702],[111.60133,-7.9473],[111.60222,-7.94745],[111.60261,-7.94768],[111.60299,-7.94755],[111.60237,-7.94723],[111.6023,-7.94664],[111.60176,-7.94664],[111.60154,-7.94676]]}},{"type":"Feature","properties":{"NAMOBJ":"700","REMARK":"Garis Kontur","JNSKNT":1,"VALKNT":700},"geometry":{"type":"LineString","coordinates":[[111.55107,-8.03861],[111.5512,-8.03879],[111.55153,-8.03894],[111.55128,-8.03868],[111.55107,-8.03861]]}},{"type":"Feature","properties":{"NAMOBJ":"562.5","REMARK":"Garis Kontur","JNSKNT":2,"VALKNT":562.5},"geometry":{"type":"LineString","coordinates":[[111.62293,-7.96966],[111.62268,-7.96979],[111.62264,-7.96995],[111.62288,-7.96983],[111.62293,-7.96966]]}},{"type":"Feature","properties":{"NAMOBJ":"462.5","REMARK":"Garis Kontur","JNSKNT":2,"VALKNT":462.5},"geometry":{"type":"LineString","coordinates":[[111.59944,-7.95998],[111.59904,-7.96025],[111.59903,-7.96056],[111.59952,-7.96018],[111.59959,-7.95999],[111.59944,-7.95998]]}},{"type":"Feature","properties":{"NAMOBJ":"475","REMARK":"Garis Kontur","JNSKNT":2,"VALKNT":475},"geometry":{"type":"LineString","coordinates":[[111.57615,-8.0189],[111.57717,-8.01871],[111.57765,-8.01817],[111.57762,-8.01784],[111.57715,-8.01695],[111.57687,-8.01696],[111.57653,-8.01724],[111.57617,-8.01713],[111.57558,-8.0172],[111.57509,-8.0176],[111.5748,-8.01805],[111.57536,-8.01853],[111.57615,-8.0189]]}},{"type":"Feature","properties":{"NAMOBJ":"387.5","REMARK":"Garis Kontur","JNSKNT":2,"VALKNT":387.5},"geometry":{"type":"LineString","coordinates":[[111.5889,-7.96612],[111.58971,-7.96626],[111.58985,-7.96617],[111.59035,-7.96679],[111.59072,-7.9668],[111.59105,-7.96656],[111.59089,-7.96513],[111.59051,-7.9644],[111.58955,-7.96344],[111.5896,-7.96187],[111.58922,-7.96107],[111.58872,-7.96043],[111.58805,-7.9608],[111.5875,-7.96166],[111.58679,-7.96245],[111.58619,-7.96279],[111.58609,-7.96345],[111.58649,-7.9643],[111.588,-7.96447],[111.58831,-7.96464],[111.58851,-7.96534],[111.5884,-7.96604],[111.5889,-7.96612]]}},{"type":"Feature","properties":{"NAMOBJ":"600","REMARK":"Garis Kontur","JNSKNT":1,"VALKNT":600},"geometry":{"type":"LineString","coordinates":[[111.625,-7.98922],[111.62481,-7.98926],[111.62467,-7.98959],[111.62431,-7.98989],[111.62356,-7.98987],[111.62316,-7.99002],[111.62258,-7.98981],[111.62225,-7.99006],[111.62216,-7.99068],[111.62237,-7.99084],[111.62234,-7.99109],[111.62194,-7.99202],[111.62159,-7.99239],[111.62141,-7.99302],[111.62176,-7.99408],[111.6215,-7.99476],[111.62168,-7.99498],[111.6225,-7.99516],[111.62285,-7.99461],[111.62448,-7.99492],[111.62539,-7.99487],[111.6263,-7.99544],[111.62659,-7.99585],[111.6273,-7.99563],[111.62749,-7.99576],[111.62761,-7.99642],[111.62907,-7.99672],[111.62902,-7.99713],[111.62852,-7.99814],[111.62897,-7.99794],[111.62972,-7.99694],[111.63032,-7.99654],[111.63064,-7.99558],[111.63022,-7.99596],[111.62982,-7.9961],[111.6296,-7.99569],[111.62896,-7.99567],[111.62837,-7.99542],[111.62913,-7.99385],[111.62976,-7.99333],[111.62945,-7.99243],[111.6298,-7.99241],[111.63055,-7.99292],[111.63088,-7.9923],[111.63143,-7.9918],[111.6316,-7.99192],[111.63266,-7.99199],[111.63404,-7.99102],[111.63371,-7.99007],[111.63288,-7.99012],[111.63159,-7.99071],[111.63127,-7.99068],[111.6309,-7.99045],[111.63091,-7.98989],[111.63105,-7.98976],[111.63048,-7.98931],[111.62987,-7.98824],[111.62951,-7.98849],[111.6295,-7.98888],[111.6301,-7.99039],[111.6301,-7.99078],[111.62975,-7.99115],[111.62905,-7.99134],[111.6289,-7.99028],[111.62842,-7.99013],[111.62763,-7.99099],[111.6274,-7.99047],[111.6273,-7.9897],[111.62687,-7.9893],[111.62668,-7.98922],[111.62603,-7.98985],[111.62538,-7.98902],[111.625,-7.98922]]}},{"type":"Feature","properties":{"NAMOBJ":"700","REMARK":"Garis Kontur","JNSKNT":1,"VALKNT":700},"geometry":{"type":"LineString","coordinates":[[111.54573,-8.01697],[111.54555,-8.01712],[111.54586,-8.01711],[111.54626,-8.01675],[111.5462,-8.01647],[111.54573,-8.01697]]}},{"type":"Feature","properties":{"NAMOBJ":"600","REMARK":"Garis Kontur","JNSKNT":1,"VALKNT":600},"geometry":{"type":"LineString","coordinates":[[111.625,-7.9774],[111.62429,-7.97759],[111.62365,-7.9774],[111.62311,-7.97745],[111.62274,-7.97803],[111.62151,-7.979],[111.62214,-7.97934],[111.62276,-7.9793],[111.62273,-7.97959],[111.62257,-7.97977],[111.62266,-7.9801],[111.62321,-7.97991],[111.62374,-7.98025],[111.62456,-7.98047],[111.62465,-7.98011],[111.6254,-7.97988],[111.62596,-7.97907],[111.62526,-7.97786],[111.62556,-7.97721],[111.625,-7.9774]]}},{"type":"Feature","properties":{"NAMOBJ":"675","REMARK":"Garis Kontur","JNSKNT":2,"VALKNT":675},"geometry":{"type":"LineString","coordinates":[[111.65522,-7.97064],[111.65518,-7.97052],[111.65533,-7.96979],[111.65503,-7.97046],[111.65505,-7.9706],[111.65522,-7.97064]]}},{"type":"Feature","properties":{"NAMOBJ":"550","REMARK":"Garis Kontur","JNSKNT":1,"VALKNT":550},"geometry":{"type":"LineString","coordinates":[[111.60254,-8.0],[111.60262,-7.99949],[111.60304,-7.99908],[111.60283,-7.99812],[111.60293,-7.99786],[111.60318,-7.99773],[111.60319,-7.9975],[111.60288,-7.99752],[111.60244,-7.99706],[111.6021,-7.99633],[111.60182,-7.9962],[111.60179,-7.99597],[111.60101,-7.9974],[111.60015,-7.99732],[111.60035,-7.99815],[111.59985,-7.99873],[111.60017,-7.99958],[111.59908,-8.00049],[111.59847,-8.00068],[111.59858,-8.00077],[111.59854,-8.00167],[111.59915,-8.00256],[111.59901,-8.00297],[111.59936,-8.0037],[111.59892,-8.00382],[111.59819,-8.00347],[111.5975,-8.00408],[111.59701,-8.00403],[111.59641,-8.00433],[111.59611,-8.00431],[111.59643,-8.00475],[111.59674,-8.00575],[111.59613,-8.00544],[111.59553,-8.00571],[111.59564,-8.00674],[111.59527,-8.00713],[111.59584,-8.00706],[111.59668,-8.00727],[111.59701,-8.0075],[111.59598,-8.00823],[111.59529,-8.00831],[111.59438,-8.00876],[111.59417,-8.0087],[111.59346,-8.00945],[111.5926,-8.00956],[111.59245,-8.00981],[111.59258,-8.01007],[111.59342,-8.01045],[111.59337,-8.01114],[111.59315,-8.0116],[111.59366,-8.01208],[111.594,-8.01278],[111.59456,-8.01351],[111.59488,-8.01222],[111.59522,-8.01212],[111.5962,-8.01135],[111.59608,-8.01101],[111.59668,-8.01107],[111.59716,-8.01092],[111.59727,-8.00993],[111.59782,-8.01],[111.59814,-8.01044],[111.5983,-8.01151],[111.59842,-8.01154],[111.59897,-8.01042],[111.59871,-8.00995],[111.59874,-8.00968],[111.59844,-8.00881],[111.59866,-8.00852],[111.59919,-8.00829],[111.59941,-8.00763],[111.60013,-8.00704],[111.60079,-8.00683],[111.60104,-8.006],[111.60099,-8.00565],[111.60064,-8.00505],[111.60063,-8.00416],[111.6002,-8.00381],[111.60086,-8.00304],[111.60093,-8.00277],[111.60076,-8.00226],[111.6014,-8.00205],[111.60152,-8.00126],[111.60207,-8.00122],[111.60254,-8.0]]}},{"type":"Feature","properties":{"NAMOBJ":"575","REMARK":"Garis Kontur","JNSKNT":2,"VALKNT":575},"geometry":{"type":"LineString","coordinates":[[111.6115,-7.98027],[111.61134,-7.98057],[111.61137,-7.98078],[111.61145,-7.98079],[111.6115,-7.98027]]}},{"type":"Feature","properties":{"NAMOBJ":"662.5","REMARK":"Garis Kontur","JNSKNT":2,"VALKNT":662.5},"geometry":{"type":"LineString","coordinates":[[111.56239,-8.0],[111.56248,-7.99978],[111.56152,-7.99967],[111.56105,-7.99926],[111.56075,-7.99953],[111.56067,-8.0],[111.56088,-8.00031],[111.56235,-8.0001],[111.56239,-8.0]]}},{"type":"Feature","properties":{"NAMOBJ":"587.5","REMARK":"Garis Kontur","JNSKNT":2,"VALKNT":587.5},"geometry":{"type":"LineString","coordinates":[[111.59002,-8.01981],[111.58969,-8.0196],[111.58949,-8.01895],[111.58914,-8.01843],[111.5891,-8.01963],[111.58842,-8.02162]]}},{"type":"Feature","properties":{"NAMOBJ":"562.5","REMARK":"Garis Kontur","JNSKNT":2,"VALKNT":562.5},"geometry":{"type":"LineString","coordinates":[[111.62652,-7.96249],[111.62627,-7.96259],[111.62606,-7.96347],[111.62615,-7.96343],[111.62652,-7.96249]]}},{"type":"Feature","properties":{"NAMOBJ":"625","REMARK":"Garis Kontur","JNSKNT":2,"VALKNT":625},"geometry":{"type":"LineString","coordinates":[[111.53747,-8.021],[111.53827,-8.02046],[111.54022,-8.01999],[111.54003,-8.01953],[111.54022,-8.01877],[111.54035,-8.01864],[111.54039,-8.0181],[111.54085,-8.01808],[111.54171,-8.01843],[111.54207,-8.01786],[111.5421,-8.01759],[111.54268,-8.01762],[111.54327,-8.01717],[111.54351,-8.0172],[111.54396,-8.01662],[111.54438,-8.01696],[111.54492,-8.01697],[111.546,-8.01581],[111.5464,-8.01513],[111.54665,-8.01464],[111.54659,-8.01411],[111.54691,-8.01353],[111.54762,-8.0134],[111.54796,-8.01303],[111.54817,-8.01254],[111.54868,-8.01286],[111.54907,-8.01358],[111.54955,-8.0138],[111.54958,-8.01408],[111.54979,-8.01436],[111.54972,-8.01446],[111.5489,-8.01455],[111.54833,-8.01448],[111.54829,-8.01459],[111.5482,-8.01548],[111.54888,-8.0161],[111.54866,-8.01758],[111.5481,-8.01804],[111.54886,-8.01872],[111.54875,-8.01923],[111.54819,-8.02046],[111.54596,-8.02172],[111.54647,-8.02209],[111.54824,-8.02239],[111.54796,-8.02299],[111.54802,-8.02332],[111.54724,-8.02312],[111.54605,-8.02402],[111.54602,-8.0243],[111.54645,-8.02465],[111.54651,-8.02506],[111.54613,-8.02562],[111.54429,-8.02695],[111.54429,-8.0271],[111.5448,-8.02719],[111.54542,-8.02707],[111.54734,-8.0274],[111.54882,-8.02705],[111.54899,-8.02779],[111.54893,-8.0279],[111.54814,-8.02817],[111.54773,-8.02798],[111.54744,-8.02882],[111.54731,-8.02987],[111.54705,-8.03009],[111.54692,-8.03106],[111.54647,-8.03168],[111.546,-8.032],[111.546,-8.03216],[111.54621,-8.03234],[111.54567,-8.03401],[111.54509,-8.03445],[111.54582,-8.03479],[111.54623,-8.03518],[111.54704,-8.03493],[111.54714,-8.03584],[111.54731,-8.03607],[111.54762,-8.03628],[111.54864,-8.03648],[111.5487,-8.0368],[111.5496,-8.03713],[111.54995,-8.03774],[111.55095,-8.03798],[111.5511,-8.03778],[111.55184,-8.03789],[111.55489,-8.03884],[111.55499,-8.03963],[111.55524,-8.04031],[111.5551,-8.04056],[111.55385,-8.03981],[111.55325,-8.04058],[111.55213,-8.04062],[111.55162,-8.03987],[111.55105,-8.03962],[111.55086,-8.03972],[111.55011,-8.0392],[111.54916,-8.03804],[111.5492,-8.0386],[111.54895,-8.03877],[111.54892,-8.03899],[111.54877,-8.03886],[111.54809,-8.03906],[111.54748,-8.03887],[111.54743,-8.03898],[111.5469,-8.03905],[111.54725,-8.04034],[111.54766,-8.04007],[111.54814,-8.04003],[111.54881,-8.04083],[111.54915,-8.04217],[111.54946,-8.04271],[111.54952,-8.04309]]}},{"type":"Feature","properties":{"NAMOBJ":"425","REMARK":"Garis Kontur","JNSKNT":2,"VALKNT":425},"geometry":{"type":"LineString","coordinates":[[111.58392,-7.94912],[111.5835,-7.94892],[111.58374,-7.94819],[111.58404,-7.94795],[111.58403,-7.94773],[111.58349,-7.94755],[111.58314,-7.94758],[111.58275,-7.94738],[111.58249,-7.94743],[111.5825,-7.94696],[111.58237,-7.94698],[111.58201,-7.9474],[111.5817,-7.94816],[111.58174,-7.94865],[111.58214,-7.94883],[111.58276,-7.9489],[111.58389,-7.94955],[111.584,-7.9494],[111.58392,-7.94912]]}},{"type":"Feature","properties":{"NAMOBJ":"475","REMARK":"Garis Kontur","JNSKNT":2,"VALKNT":475},"geometry":{"type":"LineString","coordinates":[[111.55174,-8.04605],[111.55236,-8.04597],[111.55253,-8.04538],[111.5527,-8.04578],[111.55386,-8.04693],[111.55414,-8.04697],[111.55438,-8.04673],[111.55542,-8.04749],[111.55554,-8.04721],[111.556,-8.04694],[111.55676,-8.04714],[111.5573,-8.0468],[111.55728,-8.04668],[111.55821,-8.04677],[111.55859,-8.04635],[111.55947,-8.04699],[111.56018,-8.04694],[111.56044,-8.04646],[111.56087,-8.04647],[111.56165,-8.04566],[111.56179,-8.04579],[111.56303,-8.0457],[111.56303,-8.04554],[111.56229,-8.04487],[111.56228,-8.04418],[111.56183,-8.0439],[111.56135,-8.04305],[111.56121,-8.04264],[111.5614,-8.04268],[111.56176,-8.04253],[111.56206,-8.04253],[111.56358,-8.04314],[111.56415,-8.04264],[111.56446,-8.04313],[111.56507,-8.04337],[111.56647,-8.04341],[111.56724,-8.04324],[111.56759,-8.04329],[111.56811,-8.04377],[111.56852,-8.0438],[111.56873,-8.04411],[111.57018,-8.04446],[111.57088,-8.04488],[111.57095,-8.04436],[111.57086,-8.04305],[111.57049,-8.04223],[111.57058,-8.0417],[111.57051,-8.04126],[111.56994,-8.04055],[111.56929,-8.04022],[111.56967,-8.03939],[111.56931,-8.03878],[111.56971,-8.03772],[111.56904,-8.03716],[111.56798,-8.03698],[111.56652,-8.0373],[111.56567,-8.03703],[111.56464,-8.03746],[111.56473,-8.03598],[111.56437,-8.03608],[111.56357,-8.03573],[111.56307,-8.03515],[111.56274,-8.03585],[111.5627,-8.03674],[111.56228,-8.03672],[111.56183,-8.03689],[111.56168,-8.03724],[111.56115,-8.03752],[111.56085,-8.03671],[111.55989,-8.03681],[111.55965,-8.0363],[111.55956,-8.03577],[111.55968,-8.03504],[111.55955,-8.03481],[111.55922,-8.03514],[111.55909,-8.03561],[111.55886,-8.03564],[111.55862,-8.03593],[111.55851,-8.03586],[111.55826,-8.03504],[111.55823,-8.0344],[111.55794,-8.03387],[111.55631,-8.03489],[111.55598,-8.03459],[111.55547,-8.03492],[111.55523,-8.03439],[111.55545,-8.03403],[111.5552,-8.03381],[111.55465,-8.03415],[111.55416,-8.03421],[111.55393,-8.03343],[111.55359,-8.03355],[111.55266,-8.03322],[111.55217,-8.03284],[111.55163,-8.03281],[111.55146,-8.03219],[111.55276,-8.03253],[111.55358,-8.03208],[111.55546,-8.03194],[111.55498,-8.03117],[111.55423,-8.03042],[111.55437,-8.03023],[111.55432,-8.02979],[111.55357,-8.02944],[111.55267,-8.0286],[111.55256,-8.02825],[111.55277,-8.02778],[111.55343,-8.0274],[111.55381,-8.02733],[111.55464,-8.02745],[111.55435,-8.02677],[111.55357,-8.02598],[111.55264,-8.02566],[111.55225,-8.02523],[111.5505,-8.02503],[111.55115,-8.02419],[111.55079,-8.0232],[111.5519,-8.02392],[111.55253,-8.02366],[111.55249,-8.02417],[111.55304,-8.02449],[111.55426,-8.02437],[111.55462,-8.02342],[111.55539,-8.02404],[111.55598,-8.02531],[111.55624,-8.02551],[111.5566,-8.02473],[111.55678,-8.02324],[111.55665,-8.0229],[111.55675,-8.02269],[111.55714,-8.02296],[111.55741,-8.02363],[111.5579,-8.0237],[111.55879,-8.02326],[111.55868,-8.02369],[111.5588,-8.02406],[111.55851,-8.02436],[111.55843,-8.02501],[111.55966,-8.02511],[111.5594,-8.02616],[111.55894,-8.02664],[111.55881,-8.02698],[111.55958,-8.02774],[111.55961,-8.02792],[111.55999,-8.0277],[111.56081,-8.0277],[111.56121,-8.02752],[111.56174,-8.0282],[111.56253,-8.02806],[111.56255,-8.02858],[111.56278,-8.02876],[111.56367,-8.0288],[111.56427,-8.029],[111.56457,-8.02891],[111.56538,-8.0292],[111.56567,-8.02916],[111.56589,-8.02928],[111.56628,-8.02984],[111.56687,-8.03015],[111.56815,-8.02946],[111.56803,-8.02917],[111.56782,-8.02908],[111.56686,-8.02917],[111.56647,-8.02904],[111.56495,-8.02809],[111.56459,-8.02763],[111.56402,-8.02637],[111.56396,-8.02576],[111.56495,-8.02587],[111.56568,-8.02535],[111.56598,-8.02554],[111.5661,-8.02601],[111.56662,-8.02618],[111.56679,-8.0259],[111.56693,-8.02509],[111.5676,-8.02504],[111.5681,-8.02525],[111.56891,-8.02509],[111.56905,-8.02495],[111.56922,-8.0241],[111.57001,-8.02392],[111.57012,-8.02356],[111.57081,-8.023],[111.57098,-8.02234],[111.57162,-8.02176],[111.57115,-8.02133],[111.57131,-8.02101],[111.5716,-8.02082],[111.57166,-8.01984],[111.57248,-8.01991],[111.5727,-8.0197],[111.57275,-8.01942],[111.57375,-8.01869],[111.57388,-8.01821],[111.57339,-8.01774],[111.57299,-8.01709],[111.57266,-8.01717],[111.57211,-8.0169],[111.57177,-8.01703],[111.57049,-8.0165],[111.56879,-8.01616],[111.5687,-8.01732],[111.56786,-8.01691],[111.56771,-8.01791],[111.5682,-8.01878],[111.56758,-8.01901],[111.56786,-8.01992],[111.56709,-8.01991],[111.56708,-8.02016],[111.56727,-8.0204],[111.56705,-8.02086],[111.56647,-8.02053],[111.56619,-8.02053],[111.56584,-8.01997],[111.56557,-8.01979],[111.56564,-8.01886],[111.56505,-8.01818],[111.56515,-8.01724],[111.56464,-8.01684],[111.56446,-8.01653],[111.56346,-8.01724],[111.56326,-8.01779],[111.56221,-8.01742],[111.56175,-8.01826],[111.56122,-8.01853],[111.5608,-8.01797],[111.55948,-8.01751],[111.56034,-8.01699],[111.56024,-8.01628],[111.56072,-8.01582],[111.56123,-8.01506],[111.56077,-8.01515],[111.55994,-8.01489],[111.55976,-8.01465],[111.5596,-8.01389],[111.55936,-8.01387],[111.559,-8.01415],[111.55823,-8.01398],[111.55779,-8.01364],[111.55748,-8.01364],[111.55728,-8.01381],[111.55717,-8.01342],[111.55778,-8.01227],[111.55779,-8.0114],[111.55736,-8.01051],[111.55696,-8.01011],[111.55719,-8.00954],[111.55768,-8.00888],[111.55782,-8.00779],[111.55717,-8.00722],[111.55734,-8.00621],[111.55726,-8.00598],[111.55808,-8.00525],[111.55823,-8.00493],[111.55892,-8.00507],[111.5608,-8.00599],[111.5617,-8.0058],[111.56261,-8.00637],[111.56304,-8.00618],[111.56352,-8.0069],[111.56453,-8.00687],[111.56392,-8.00566],[111.56307,-8.00494],[111.56268,-8.00427],[111.56304,-8.00362],[111.56345,-8.00328],[111.56351,-8.00234],[111.5633,-8.00194],[111.5637,-8.00188],[111.56442,-8.00137],[111.56528,-7.99971],[111.56559,-7.99978],[111.56574,-7.99952],[111.56698,-7.99899],[111.56732,-7.99909],[111.56747,-7.99964],[111.56816,-8.00012],[111.56881,-8.00029],[111.56894,-8.00013],[111.56945,-8.00014],[111.56971,-7.99866],[111.56942,-7.99705],[111.56955,-7.99644],[111.56913,-7.99633],[111.56872,-7.99637],[111.56813,-7.99689],[111.56756,-7.99685],[111.56664,-7.9971],[111.5661,-7.99683],[111.5653,-7.9969],[111.56524,-7.99714],[111.56469,-7.99702],[111.56464,-7.9969],[111.56542,-7.99599],[111.5656,-7.9955],[111.56512,-7.99416],[111.56496,-7.99443],[111.56434,-7.99483],[111.56353,-7.99439],[111.56243,-7.9943],[111.56188,-7.99396],[111.56176,-7.99291],[111.56107,-7.99289],[111.56073,-7.99236],[111.56024,-7.99231],[111.56,-7.99214],[111.55947,-7.99137],[111.55996,-7.9923],[111.55998,-7.99486],[111.5598,-7.99542],[111.5595,-7.9953],[111.55909,-7.99487],[111.55811,-7.99461],[111.55804,-7.99474],[111.55875,-7.99565],[111.55844,-7.99601],[111.55862,-7.99702],[111.55854,-7.99729],[111.55764,-7.99738],[111.55745,-7.99796],[111.55704,-7.99765],[111.55648,-7.99793],[111.55635,-7.9982],[111.555,-7.99771],[111.55538,-7.99874],[111.55494,-7.99949],[111.55507,-7.99982],[111.55457,-8.00063],[111.55394,-8.00002],[111.55384,-8.00146],[111.55357,-8.00171],[111.5532,-8.00173],[111.55329,-8.0023],[111.5536,-8.00228],[111.55426,-8.00292],[111.55476,-8.00317],[111.55412,-8.00379],[111.55464,-8.00412],[111.55468,-8.00441],[111.55442,-8.00491],[111.55415,-8.00518],[111.55312,-8.00497],[111.55275,-8.00611],[111.55238,-8.00597],[111.5517,-8.00599],[111.55182,-8.00663],[111.55163,-8.00675],[111.55127,-8.00771],[111.55093,-8.00821],[111.55051,-8.00794],[111.54898,-8.00803],[111.5487,-8.00881],[111.54811,-8.0097],[111.54751,-8.00968],[111.5471,-8.00993],[111.54572,-8.00951],[111.54555,-8.00991],[111.54557,-8.01018],[111.54591,-8.01137],[111.54479,-8.0124],[111.54433,-8.01318],[111.54445,-8.01342],[111.54495,-8.0137],[111.54436,-8.01398],[111.54407,-8.01507],[111.54357,-8.0148],[111.54272,-8.01473],[111.54247,-8.0154],[111.54176,-8.01523],[111.54116,-8.01465],[111.54091,-8.0165],[111.53983,-8.01623],[111.53931,-8.01576],[111.53865,-8.01777],[111.53805,-8.01851]]}},{"type":"Feature","properties":{"NAMOBJ":"512.5","REMARK":"Garis Kontur","JNSKNT":2,"VALKNT":512.5},"geometry":{"type":"LineString","coordinates":[[111.55892,-8.01777],[111.55874,-8.01771],[111.55907,-8.01731],[111.55992,-8.01677],[111.55991,-8.01592],[111.56035,-8.01545],[111.55973,-8.01525],[111.5595,-8.01502],[111.55936,-8.01425],[111.55906,-8.01442],[111.55815,-8.01431],[111.55773,-8.01403],[111.55723,-8.01454],[111.55706,-8.01438],[111.55704,-8.01402],[111.55673,-8.01337],[111.55734,-8.01201],[111.55731,-8.0114],[111.55667,-8.01003],[111.55675,-8.00958],[111.55719,-8.00871],[111.55732,-8.00792],[111.55717,-8.00771],[111.55654,-8.00753],[111.55708,-8.00614],[111.55696,-8.00598],[111.55717,-8.00527],[111.5578,-8.00453],[111.55787,-8.00428],[111.5583,-8.00456],[111.55905,-8.00462],[111.56079,-8.0055],[111.56171,-8.00546],[111.56296,-8.00588],[111.56333,-8.00583],[111.56379,-8.00607],[111.56268,-8.00495],[111.56248,-8.00452],[111.56205,-8.00424],[111.56254,-8.00378],[111.56279,-8.00332],[111.56302,-8.00235],[111.56283,-8.00175],[111.56361,-8.00142],[111.56388,-8.00104],[111.5642,-8.00048],[111.56423,-7.99972],[111.56448,-7.99966],[111.56534,-7.99876],[111.56677,-7.99852],[111.56739,-7.9986],[111.56805,-7.99933],[111.5684,-7.99955],[111.56899,-7.99959],[111.56876,-7.99762],[111.5688,-7.99699],[111.56895,-7.99678],[111.56802,-7.99744],[111.56651,-7.99785],[111.56601,-7.99751],[111.56523,-7.99782],[111.56432,-7.99747],[111.56372,-7.99758],[111.56393,-7.99715],[111.56368,-7.99666],[111.5647,-7.99574],[111.56489,-7.99512],[111.56451,-7.99525],[111.56351,-7.99487],[111.56249,-7.99483],[111.56159,-7.99447],[111.56124,-7.99335],[111.56053,-7.99301],[111.56043,-7.99304],[111.5604,-7.99502],[111.56019,-7.99561],[111.56023,-7.996],[111.55979,-7.9961],[111.55906,-7.99564],[111.55918,-7.99663],[111.55908,-7.99772],[111.55796,-7.99783],[111.55773,-7.99849],[111.55715,-7.99816],[111.5567,-7.99849],[111.55663,-7.99871],[111.5559,-7.99851],[111.55588,-7.99889],[111.55555,-7.9996],[111.5556,-7.99994],[111.55529,-8.00108],[111.55482,-8.0012],[111.55411,-8.00226],[111.55527,-8.00312],[111.55469,-8.00383],[111.55489,-8.004],[111.55498,-8.00479],[111.5544,-8.00552],[111.55355,-8.00537],[111.55354,-8.00598],[111.55294,-8.00659],[111.55245,-8.00633],[111.55219,-8.00632],[111.55211,-8.00695],[111.55172,-8.0078],[111.55161,-8.00834],[111.55192,-8.0087],[111.55082,-8.00889],[111.54992,-8.00869],[111.54907,-8.00883],[111.54873,-8.00957],[111.54818,-8.01014],[111.54777,-8.01013],[111.54725,-8.01048],[111.54614,-8.00997],[111.54606,-8.01051],[111.5464,-8.01167],[111.54541,-8.01234],[111.54545,-8.0126],[111.54493,-8.01321],[111.54527,-8.01343],[111.54539,-8.01385],[111.54489,-8.01413],[111.54481,-8.01467],[111.54432,-8.01556],[111.54351,-8.01517],[111.54305,-8.01514],[111.54289,-8.016],[111.54265,-8.01579],[111.54178,-8.01585],[111.54138,-8.01543],[111.54133,-8.01638],[111.54111,-8.0169],[111.53964,-8.01679],[111.53903,-8.01764],[111.53869,-8.0189],[111.53814,-8.01915]]}},{"type":"Feature","properties":{"NAMOBJ":"712.5","REMARK":"Garis Kontur","JNSKNT":2,"VALKNT":712.5},"geometry":{"type":"MultiLineString","coordinates":[[[111.65486,-7.96525],[111.65494,-7.96541]],[[111.65494,-7.96541],[111.65496,-7.9653]]]}},{"type":"Feature","properties":{"NAMOBJ":"612.5","REMARK":"Garis Kontur","JNSKNT":2,"VALKNT":612.5},"geometry":{"type":"LineString","coordinates":[[111.63415,-7.97952],[111.63393,-7.97964],[111.63428,-7.98007],[111.63446,-7.97944],[111.63415,-7.97952]]}},{"type":"Feature","properties":{"NAMOBJ":"587.5","REMARK":"Garis Kontur","JNSKNT":2,"VALKNT":587.5},"geometry":{"type":"LineString","coordinates":[[111.60069,-7.99868],[111.60074,-7.99877],[111.60084,-7.99868],[111.60082,-7.99848],[111.60069,-7.99868]]}},{"type":"Feature","properties":{"NAMOBJ":"562.5","REMARK":"Garis Kontur","JNSKNT":2,"VALKNT":562.5},"geometry":{"type":"LineString","coordinates":[[111.62799,-8.0],[111.62795,-8.00016],[111.62811,-8.0]]}},{"type":"Feature","properties":{"NAMOBJ":"525","REMARK":"Garis Kontur","JNSKNT":2,"VALKNT":525},"geometry":{"type":"LineString","coordinates":[[111.60306,-7.97235],[111.60321,-7.97253],[111.6035,-7.97252],[111.60326,-7.97231],[111.60306,-7.97235]]}},{"type":"Feature","properties":{"NAMOBJ":"287.5","REMARK":"Garis Kontur","JNSKNT":2,"VALKNT":287.5},"geometry":{"type":"LineString","coordinates":[[111.54621,-7.99387],[111.54569,-7.99431],[111.54595,-7.99472],[111.54653,-7.99499],[111.54621,-7.99387]]}},{"type":"Feature","properties":{"NAMOBJ":"700","REMARK":"Garis Kontur","JNSKNT":1,"VALKNT":700},"geometry":{"type":"LineString","coordinates":[[111.60478,-7.94823],[111.60509,-7.9485],[111.60537,-7.94823],[111.60523,-7.94787],[111.60476,-7.94812],[111.60478,-7.94823]]}},{"type":"Feature","properties":{"NAMOBJ":"450","REMARK":"Garis Kontur","JNSKNT":1,"VALKNT":450},"geometry":{"type":"LineString","coordinates":[[111.61074,-7.99459],[111.61061,-7.99467],[111.6106,-7.99489],[111.61084,-7.9946],[111.61074,-7.99459]]}},{"type":"Feature","properties":{"NAMOBJ":"500","REMARK":"Garis Kontur","JNSKNT":1,"VALKNT":500},"geometry":{"type":"LineString","coordinates":[[111.60352,-7.95325],[111.60328,-7.95346],[111.60366,-7.95382],[111.6038,-7.95435],[111.60454,-7.95362],[111.6045,-7.95258],[111.60352,-7.95325]]}},{"type":"Feature","properties":{"NAMOBJ":"662.5","REMARK":"Garis Kontur","JNSKNT":2,"VALKNT":662.5},"geometry":{"type":"LineString","coordinates":[[111.53733,-8.02169],[111.53828,-8.02102],[111.53901,-8.02084],[111.53993,-8.02038],[111.54045,-8.02035],[111.54052,-8.01977],[111.54042,-8.01927],[111.54052,-8.01888],[111.5408,-8.01859],[111.54171,-8.01874],[111.54195,-8.01894],[111.54239,-8.01807],[111.54279,-8.01801],[111.54418,-8.0171],[111.54491,-8.01723],[111.54545,-8.0169],[111.54616,-8.01601],[111.54632,-8.01596],[111.54705,-8.01402],[111.54711,-8.01495],[111.54689,-8.016],[111.54711,-8.01678],[111.54732,-8.01688],[111.54688,-8.01731],[111.54624,-8.01767],[111.54581,-8.01775],[111.54671,-8.01859],[111.54682,-8.01884],[111.54709,-8.01898],[111.54661,-8.01955],[111.54649,-8.02033],[111.54697,-8.02049],[111.54698,-8.0206],[111.54683,-8.02072],[111.54599,-8.02068],[111.54561,-8.02096],[111.54543,-8.02046],[111.5453,-8.02042],[111.54527,-8.02111],[111.54444,-8.02158],[111.54483,-8.02204],[111.54482,-8.02226],[111.54464,-8.02238],[111.54481,-8.02326],[111.54516,-8.02285],[111.54569,-8.02265],[111.54611,-8.0228],[111.54606,-8.02327],[111.5455,-8.02423],[111.54586,-8.02514],[111.54509,-8.02582],[111.54452,-8.02596],[111.54386,-8.02666],[111.54334,-8.02682],[111.54354,-8.02713],[111.54348,-8.02786],[111.54408,-8.02782],[111.54444,-8.02761],[111.54455,-8.02774],[111.5454,-8.02767],[111.54609,-8.02788],[111.54623,-8.02779],[111.54658,-8.02803],[111.54634,-8.02955],[111.5456,-8.02969],[111.54536,-8.02985],[111.54566,-8.03041],[111.54558,-8.03131],[111.54493,-8.03197],[111.5449,-8.03313],[111.54464,-8.03403],[111.54393,-8.03466],[111.5445,-8.03501],[111.54526,-8.03512],[111.54585,-8.03597],[111.54637,-8.03598],[111.54668,-8.03584],[111.54723,-8.03674],[111.54874,-8.03716],[111.54819,-8.03775],[111.54824,-8.03795],[111.54726,-8.03767],[111.5469,-8.03819],[111.54622,-8.03771],[111.54598,-8.03824],[111.54557,-8.03819],[111.54481,-8.03838],[111.54542,-8.03862],[111.54551,-8.03884],[111.5461,-8.03935],[111.54667,-8.04043],[111.5466,-8.04056],[111.54722,-8.04078],[111.54787,-8.04066],[111.54844,-8.04133],[111.54828,-8.04216],[111.54868,-8.04257]]}},{"type":"Feature","properties":{"NAMOBJ":"625","REMARK":"Garis Kontur","JNSKNT":2,"VALKNT":625},"geometry":{"type":"LineString","coordinates":[[111.59847,-7.94331],[111.59841,-7.94377],[111.59829,-7.94388],[111.59847,-7.94419],[111.59855,-7.94403],[111.59847,-7.94331]]}},{"type":"Feature","properties":{"NAMOBJ":"237.5","REMARK":"Garis Kontur","JNSKNT":2,"VALKNT":237.5},"geometry":{"type":"LineString","coordinates":[[111.58166,-7.93391],[111.58163,-7.9335],[111.58123,-7.93329],[111.58114,-7.93387],[111.5814,-7.93463],[111.58122,-7.93508],[111.5815,-7.93493],[111.58166,-7.93391]]}},{"type":"Feature","properties":{"NAMOBJ":"612.5","REMARK":"Garis Kontur","JNSKNT":2,"VALKNT":612.5},"geometry":{"type":"LineString","coordinates":[[111.63757,-7.98847],[111.63776,-7.98819],[111.63734,-7.9885],[111.6369,-7.98912],[111.63757,-7.98847]]}},{"type":"Feature","properties":{"NAMOBJ":"637.5","REMARK":"Garis Kontur","JNSKNT":2,"VALKNT":637.5},"geometry":{"type":"LineString","coordinates":[[111.59979,-7.9451],[111.60042,-7.94532],[111.60101,-7.94616],[111.60004,-7.94672],[111.59984,-7.94691],[111.59985,-7.94708],[111.60017,-7.9472],[111.60143,-7.94814],[111.60219,-7.9483],[111.60335,-7.94781],[111.6039,-7.94774],[111.60451,-7.94859],[111.60521,-7.94916],[111.60562,-7.94879],[111.60588,-7.94826],[111.60545,-7.94751],[111.60461,-7.94769],[111.60312,-7.94724],[111.60269,-7.94697],[111.60241,-7.94638],[111.60205,-7.94634],[111.60201,-7.946],[111.60245,-7.94547],[111.60211,-7.94532],[111.60157,-7.94529],[111.60132,-7.94506],[111.60046,-7.94469],[111.59979,-7.9451]]}},{"type":"Feature","properties":{"NAMOBJ":"612.5","REMARK":"Garis Kontur","JNSKNT":2,"VALKNT":612.5},"geometry":{"type":"LineString","coordinates":[[111.625,-7.97895],[111.62484,-7.97881],[111.62476,-7.97806],[111.62346,-7.97794],[111.62337,-7.9778],[111.62351,-7.97772],[111.62342,-7.97768],[111.62289,-7.97825],[111.62198,-7.97891],[111.6224,-7.97912],[111.62298,-7.97918],[111.62296,-7.97967],[111.62336,-7.97956],[111.62339,-7.97984],[111.62412,-7.98001],[111.62441,-7.98],[111.62441,-7.97981],[111.62471,-7.97964],[111.62518,-7.97905],[111.625,-7.97895]]}},{"type":"Feature","properties":{"NAMOBJ":"550","REMARK":"Garis Kontur","JNSKNT":1,"VALKNT":550},"geometry":{"type":"MultiLineString","coordinates":[[[111.59186,-8.01907],[111.59133,-8.01878],[111.59063,-8.01787],[111.59018,-8.01768],[111.58992,-8.01716],[111.59068,-8.01656],[111.59137,-8.01649],[111.59235,-8.01689],[111.59331,-8.01709],[111.59392,-8.01698],[111.5934,-8.01682],[111.59321,-8.01644],[111.59324,-8.01621],[111.59275,-8.01587],[111.59188,-8.01561],[111.59178,-8.01515],[111.59155,-8.01497],[111.59211,-8.01407],[111.59166,-8.01333],[111.5916,-8.01356],[111.59077,-8.01387],[111.59066,-8.01401],[111.59045,-8.01409],[111.59032,-8.01395]],[[111.59032,-8.01395],[111.58998,-8.0137],[111.58919,-8.01356],[111.58884,-8.01407],[111.58882,-8.01477],[111.58924,-8.01575],[111.58879,-8.01567],[111.58804,-8.01683],[111.5869,-8.01804],[111.58806,-8.01865],[111.58808,-8.01876],[111.58761,-8.01954],[111.58764,-8.0203],[111.58743,-8.02059],[111.58744,-8.02112],[111.58714,-8.02223],[111.58628,-8.02269],[111.58596,-8.02313],[111.58608,-8.02362],[111.58636,-8.02382]]]}},{"type":"Feature","properties":{"NAMOBJ":"425","REMARK":"Garis Kontur","JNSKNT":2,"VALKNT":425},"geometry":{"type":"MultiLineString","coordinates":[[[111.53773,-8.01722],[111.53814,-8.01687],[111.53895,-8.01505],[111.53915,-8.01485],[111.53993,-8.01548],[111.54049,-8.01555],[111.54053,-8.015],[111.54086,-8.0138],[111.54143,-8.01397],[111.5416,-8.01422],[111.54201,-8.01444],[111.54218,-8.01415],[111.54341,-8.01422],[111.54347,-8.01381],[111.54394,-8.01339],[111.54388,-8.01295],[111.54356,-8.01234],[111.54354,-8.01179],[111.54501,-8.01099],[111.54488,-8.0105],[111.54517,-8.00848],[111.54494,-8.00802],[111.54516,-8.0078],[111.54611,-8.00892],[111.54662,-8.00914],[111.54712,-8.00904],[111.54731,-8.00911],[111.54834,-8.00827],[111.54842,-8.0073],[111.55077,-8.00756],[111.5512,-8.00655],[111.55126,-8.00552],[111.55234,-8.00543],[111.5522,-8.00455],[111.55271,-8.0043],[111.55365,-8.00452],[111.55356,-8.00381],[111.55399,-8.00331],[111.55282,-8.00285],[111.55256,-8.00162],[111.55223,-8.00143],[111.55209,-8.00104],[111.55181,-8.00088],[111.55252,-8.00081],[111.55298,-8.00092],[111.55311,-8.00073],[111.55324,-7.99933],[111.55365,-7.99899],[111.55431,-7.99903],[111.5545,-7.99851],[111.55401,-7.99705],[111.55431,-7.99647],[111.55515,-7.99714],[111.55598,-7.99751],[111.55612,-7.9969],[111.55627,-7.99675],[111.55706,-7.99711],[111.55727,-7.99659],[111.55774,-7.99664],[111.55761,-7.99627],[111.55764,-7.99587],[111.55827,-7.99558],[111.55744,-7.99488],[111.55719,-7.99433],[111.55803,-7.99404],[111.55916,-7.99435],[111.55927,-7.99423],[111.55936,-7.99294],[111.55919,-7.99184],[111.55879,-7.99148],[111.55807,-7.99012],[111.55931,-7.99028],[111.55962,-7.99075],[111.5603,-7.99124],[111.56049,-7.9917],[111.56091,-7.99179],[111.56129,-7.99169],[111.56166,-7.99237],[111.56216,-7.99247],[111.56255,-7.99322],[111.56241,-7.9935],[111.56302,-7.99352],[111.56395,-7.9938],[111.56421,-7.99401],[111.56483,-7.99341],[111.565,-7.99261],[111.56521,-7.99258],[111.56545,-7.9922],[111.56558,-7.99219],[111.56543,-7.99268],[111.56549,-7.99308],[111.56583,-7.9938],[111.56601,-7.99456],[111.56646,-7.99502],[111.56642,-7.99602],[111.56726,-7.99597],[111.5678,-7.9956],[111.56814,-7.99603],[111.56858,-7.99568],[111.56902,-7.9956],[111.56923,-7.99534],[111.5698,-7.99573],[111.57059,-7.99576],[111.57074,-7.99618],[111.57066,-7.99692],[111.57088,-7.99773],[111.57083,-7.99813],[111.57126,-7.9987],[111.57138,-7.99915],[111.57106,-7.99973],[111.57082,-7.9999],[111.57065,-8.00052],[111.57105,-8.00062],[111.57074,-8.00071],[111.57027,-8.00118],[111.5696,-8.00105],[111.56897,-8.00159],[111.56883,-8.0014],[111.56885,-8.00105],[111.56841,-8.00079],[111.5679,-8.00139],[111.56715,-8.00108],[111.56687,-8.00051],[111.56655,-8.00069],[111.5662,-8.00056],[111.56616,-8.00085],[111.56533,-8.00136],[111.56517,-8.00201],[111.5646,-8.00257],[111.56448,-8.00323],[111.5642,-8.00367],[111.56377,-8.00392],[111.56347,-8.00431],[111.56388,-8.00505],[111.56469,-8.00587],[111.56546,-8.00717],[111.56449,-8.00761],[111.5635,-8.00784],[111.56229,-8.00709],[111.56189,-8.00666],[111.56173,-8.00692],[111.56156,-8.00692],[111.55849,-8.00562],[111.55831,-8.00589],[111.55798,-8.00692],[111.55827,-8.00777],[111.55856,-8.00801],[111.55862,-8.00907],[111.55807,-8.00951],[111.55746,-8.00972],[111.55846,-8.01128],[111.55834,-8.01151],[111.55854,-8.01233],[111.55828,-8.01279],[111.55787,-8.01316],[111.55821,-8.01314],[111.55853,-8.01342],[111.55904,-8.01327],[111.56013,-8.01344],[111.56043,-8.01325],[111.56045,-8.01417],[111.56123,-8.01448],[111.5618,-8.01378],[111.56276,-8.01381],[111.56307,-8.01362],[111.56326,-8.01376],[111.56105,-8.01643],[111.56088,-8.01712],[111.56118,-8.01718],[111.56136,-8.01736],[111.56152,-8.01714],[111.56238,-8.01667],[111.56254,-8.01692],[111.56305,-8.01714],[111.56364,-8.01638],[111.56463,-8.01594],[111.56554,-8.01726],[111.56569,-8.01799],[111.56622,-8.01866],[111.5663,-8.01899],[111.56616,-8.01947],[111.5664,-8.01939],[111.56659,-8.01953],[111.56669,-8.01907],[111.56712,-8.01923],[111.56694,-8.01883],[111.56702,-8.01864],[111.56725,-8.01853],[111.56717,-8.01772],[111.56738,-8.0169],[111.56726,-8.01604],[111.56788,-8.01618],[111.56796,-8.01518],[111.56895,-8.01501],[111.57006,-8.0154],[111.57079,-8.01594],[111.57171,-8.01601],[111.57261,-8.01591],[111.57355,-8.01519],[111.5736,-8.01498],[111.57406,-8.01635],[111.57444,-8.01668],[111.57522,-8.01694],[111.57581,-8.0168],[111.57611,-8.01658],[111.57666,-8.01651],[111.57734,-8.01604],[111.57778,-8.01556],[111.57797,-8.01569],[111.5779,-8.01638],[111.57843,-8.01658],[111.57875,-8.01695],[111.57862,-8.0171],[111.57876,-8.01757],[111.57849,-8.01883],[111.57856,-8.01905],[111.57893,-8.01938],[111.57902,-8.01926],[111.57918,-8.01952],[111.58036,-8.02011],[111.58042,-8.02042],[111.58088,-8.02075],[111.58137,-8.02088],[111.58175,-8.02082],[111.58169,-8.02052],[111.58204,-8.02007],[111.58204,-8.01954],[111.58216,-8.01948],[111.58266,-8.01942],[111.58343,-8.01958],[111.58362,-8.01949],[111.58391,-8.01961],[111.58398,-8.01938],[111.58431,-8.01908],[111.58349,-8.01859],[111.58355,-8.01778],[111.58338,-8.0173],[111.58353,-8.01684],[111.58405,-8.01669],[111.5844,-8.01675],[111.58517,-8.01601],[111.58486,-8.01545],[111.58461,-8.0156],[111.58362,-8.01505],[111.58363,-8.01494],[111.58391,-8.01457],[111.58426,-8.01482],[111.58485,-8.01473],[111.58544,-8.01444],[111.5863,-8.01323],[111.58713,-8.01323],[111.58717,-8.01296],[111.58752,-8.01262],[111.58788,-8.01186],[111.58882,-8.01136],[111.58913,-8.01103],[111.58904,-8.00877],[111.58892,-8.00862],[111.58984,-8.00777],[111.59064,-8.00668],[111.59161,-8.00607],[111.59225,-8.00601],[111.59255,-8.00617],[111.59266,-8.00599],[111.5926,-8.00518],[111.59302,-8.00456],[111.59304,-8.00433],[111.59275,-8.00309],[111.59333,-8.00231],[111.59352,-8.00162],[111.59388,-8.00158],[111.5944,-8.0011],[111.59518,-8.00153],[111.59579,-8.00152],[111.59596,-8.00146],[111.59599,-8.00112],[111.59649,-8.00064],[111.5971,-7.99869],[111.59706,-7.99813],[111.59674,-7.99709],[111.5971,-7.99687],[111.59754,-7.99684],[111.59708,-7.99599],[111.59732,-7.9955],[111.59668,-7.99507],[111.59686,-7.99409],[111.59709,-7.99395],[111.5979,-7.99414],[111.59871,-7.99413],[111.59872,-7.9932],[111.59856,-7.99239],[111.59874,-7.99207],[111.59903,-7.99195],[111.59907,-7.99151],[111.5989,-7.99124],[111.59916,-7.99104],[111.59933,-7.99107],[111.5995,-7.99067],[111.59923,-7.99054],[111.59896,-7.9906],[111.59877,-7.99042],[111.59845,-7.99044],[111.59782,-7.99018],[111.59642,-7.99085],[111.59539,-7.98993],[111.59473,-7.99029],[111.59478,-7.98943],[111.59517,-7.98821],[111.59473,-7.98794],[111.59445,-7.98798],[111.59413,-7.98781],[111.59436,-7.98696],[111.59465,-7.98677],[111.59417,-7.98557],[111.59439,-7.98465],[111.5949,-7.98443],[111.5952,-7.98456],[111.59559,-7.9845],[111.59587,-7.98406],[111.59599,-7.98344],[111.59617,-7.98331],[111.59614,-7.98285],[111.59632,-7.98221],[111.59781,-7.98147],[111.59772,-7.98075],[111.59815,-7.97983],[111.59898,-7.97948],[111.5994,-7.97873],[111.59944,-7.97826],[111.59974,-7.97829],[111.6,-7.97803],[111.60064,-7.97836],[111.60138,-7.97835],[111.60208,-7.97801],[111.60229,-7.97803],[111.60218,-7.97828],[111.60231,-7.97887],[111.6031,-7.98067],[111.60316,-7.98118],[111.60288,-7.98178],[111.6035,-7.98227],[111.60362,-7.98251],[111.60354,-7.98273],[111.60399,-7.98346],[111.60484,-7.98402],[111.60478,-7.98335],[111.60432,-7.98341],[111.60406,-7.98281],[111.60407,-7.98242],[111.60449,-7.98226],[111.60405,-7.98182],[111.60418,-7.9814],[111.60404,-7.98045],[111.60417,-7.97989],[111.60403,-7.97943],[111.60432,-7.97933],[111.60522,-7.97967],[111.60566,-7.97999],[111.60576,-7.97964],[111.60595,-7.97951],[111.60711,-7.97933],[111.60652,-7.97876],[111.60609,-7.97863],[111.60548,-7.97813],[111.60522,-7.97817],[111.60479,-7.97765],[111.60525,-7.97764],[111.60568,-7.977],[111.60531,-7.97693],[111.60489,-7.97652],[111.60516,-7.97636],[111.60526,-7.97613],[111.60507,-7.9761],[111.60448,-7.9754],[111.60475,-7.9751],[111.60494,-7.97429],[111.60378,-7.97418],[111.60297,-7.97386],[111.60137,-7.9735],[111.60075,-7.97356],[111.60058,-7.97345],[111.60018,-7.97264],[111.59974,-7.97274],[111.59961,-7.97284],[111.59964,-7.97309],[111.59925,-7.97322],[111.59867,-7.97251],[111.59847,-7.97195],[111.59814,-7.97171],[111.59649,-7.97131],[111.59697,-7.97125],[111.59807,-7.97078],[111.59793,-7.96983],[111.59776,-7.96945],[111.59831,-7.96927],[111.59856,-7.96845],[111.5992,-7.96866],[111.60009,-7.96956],[111.60083,-7.96932],[111.60169,-7.96852],[111.60176,-7.96969],[111.60161,-7.96994],[111.60131,-7.97011],[111.60105,-7.97092],[111.60135,-7.97097],[111.60151,-7.97083],[111.60177,-7.97089],[111.60204,-7.97078],[111.60215,-7.97091],[111.60256,-7.9709],[111.60296,-7.97116],[111.60341,-7.97119],[111.60571,-7.97082],[111.60652,-7.97156],[111.60773,-7.97161],[111.60878,-7.97105],[111.60895,-7.9707],[111.6089,-7.97017],[111.60923,-7.96989],[111.60955,-7.96987],[111.60969,-7.96997],[111.60966,-7.9707],[111.60987,-7.97079],[111.61017,-7.97148],[111.6105,-7.97178],[111.61052,-7.97296],[111.61074,-7.97253],[111.61078,-7.97146],[111.61032,-7.9711],[111.6101,-7.97069],[111.61024,-7.9698],[111.61008,-7.96945],[111.60965,-7.96921],[111.60873,-7.9694],[111.60846,-7.96961],[111.60826,-7.97002],[111.60776,-7.97032],[111.60726,-7.96971],[111.60697,-7.96972],[111.60654,-7.96879],[111.6062,-7.9686],[111.6054,-7.96868],[111.60479,-7.96838],[111.60551,-7.96798],[111.60589,-7.96799],[111.60608,-7.96778],[111.60764,-7.96779],[111.60754,-7.9673],[111.60802,-7.9673],[111.60897,-7.96699],[111.60885,-7.96669],[111.60823,-7.96619],[111.6086,-7.96586],[111.60891,-7.96506],[111.60925,-7.96466],[111.60849,-7.96462],[111.60836,-7.96423],[111.60784,-7.96423],[111.60725,-7.96381],[111.60728,-7.96354],[111.60715,-7.96346],[111.60736,-7.96295],[111.60797,-7.96289],[111.60826,-7.96257],[111.60801,-7.96172],[111.60807,-7.96148],[111.60757,-7.96089],[111.60766,-7.96069],[111.60804,-7.96058],[111.60761,-7.96053],[111.60703,-7.96023],[111.60636,-7.9611],[111.60595,-7.96075],[111.60612,-7.96031],[111.606,-7.95994],[111.60561,-7.95948],[111.60569,-7.95907],[111.60541,-7.9591],[111.60481,-7.95889],[111.60466,-7.95867],[111.60437,-7.95885],[111.60344,-7.95869],[111.60281,-7.95878],[111.60255,-7.95889],[111.60236,-7.95935],[111.6019,-7.95906],[111.60125,-7.95901],[111.60082,-7.95921],[111.60024,-7.95972],[111.60012,-7.96058],[111.59981,-7.96074],[111.59945,-7.96139],[111.59955,-7.96187],[111.59966,-7.96192],[111.59899,-7.96226],[111.5988,-7.96218],[111.59863,-7.96163],[111.59866,-7.96123],[111.59833,-7.96084],[111.59824,-7.96053],[111.5983,-7.95998],[111.59904,-7.95977],[111.60016,-7.95899],[111.59981,-7.95837],[111.60015,-7.95783],[111.60009,-7.95739],[111.60063,-7.95721],[111.60123,-7.95769],[111.60155,-7.9571],[111.60229,-7.95705],[111.60205,-7.95632],[111.6027,-7.95597],[111.60235,-7.95561],[111.60221,-7.95522],[111.6026,-7.95452],[111.60206,-7.95354],[111.60206,-7.9532],[111.60127,-7.95283],[111.60114,-7.95258],[111.60091,-7.95283],[111.60041,-7.95279],[111.60012,-7.95196],[111.59974,-7.95235],[111.59904,-7.95243],[111.59886,-7.95259],[111.59806,-7.95186],[111.59752,-7.95196],[111.59746,-7.95158],[111.5969,-7.95117],[111.59727,-7.95099],[111.5979,-7.95105],[111.5977,-7.95017],[111.5974,-7.94984],[111.59778,-7.94906],[111.59761,-7.94898],[111.59695,-7.94803],[111.59739,-7.94776],[111.59634,-7.9475],[111.59596,-7.94723],[111.59617,-7.94637],[111.5959,-7.94595],[111.5964,-7.94533],[111.59667,-7.94429],[111.59652,-7.94253],[111.59661,-7.94187],[111.59713,-7.9417],[111.59714,-7.94136],[111.59734,-7.94091],[111.59698,-7.94077],[111.59692,-7.94053],[111.59699,-7.93991],[111.59731,-7.93966],[111.59767,-7.93943],[111.59799,-7.9397],[111.59818,-7.94061],[111.59879,-7.94107],[111.59987,-7.94091],[111.60018,-7.94172],[111.6005,-7.94205],[111.60058,-7.94261],[111.60082,-7.94248],[111.60104,-7.94254],[111.60153,-7.9432],[111.60271,-7.94317],[111.60385,-7.94342],[111.60465,-7.94332],[111.6052,-7.94392],[111.60541,-7.94441],[111.60564,-7.94426],[111.60602,-7.94443],[111.60629,-7.94415],[111.60655,-7.94455],[111.60738,-7.94493],[111.60765,-7.94524],[111.60799,-7.94515],[111.60821,-7.94593],[111.60853,-7.94605],[111.60873,-7.94652],[111.60929,-7.94681],[111.60913,-7.94726],[111.60935,-7.94762],[111.60913,-7.94787],[111.60899,-7.94783],[111.60869,-7.94803],[111.6092,-7.94837],[111.60952,-7.94836],[111.60981,-7.94868],[111.61006,-7.94874],[111.6094,-7.94999],[111.60959,-7.95034],[111.60952,-7.95058],[111.61069,-7.95075],[111.61151,-7.95048],[111.61179,-7.95013],[111.61202,-7.94944],[111.61222,-7.94933],[111.61273,-7.94945],[111.61311,-7.95005],[111.61317,-7.95047],[111.61308,-7.95086],[111.61367,-7.95088],[111.61421,-7.95113],[111.61474,-7.95114],[111.61515,-7.95131],[111.6158,-7.95044],[111.61668,-7.95043],[111.61745,-7.95025],[111.61799,-7.95042],[111.61875,-7.95021],[111.61938,-7.9502],[111.61991,-7.95098],[111.61988,-7.95154],[111.6202,-7.952],[111.62003,-7.95298],[111.62026,-7.953],[111.62053,-7.95322],[111.62132,-7.95447],[111.62164,-7.95458],[111.62174,-7.95485],[111.62239,-7.95471],[111.62321,-7.95433],[111.62368,-7.95442],[111.62392,-7.95433],[111.62424,-7.95462],[111.6247,-7.95474],[111.62506,-7.95542],[111.62533,-7.9555],[111.62639,-7.95679],[111.62708,-7.9568],[111.62696,-7.95624]],[[111.65454,-7.98092],[111.65426,-7.98078],[111.65416,-7.98104],[111.65375,-7.9812],[111.65332,-7.98111],[111.65332,-7.98148],[111.65296,-7.98214],[111.65244,-7.98243],[111.65224,-7.98289],[111.65237,-7.98332],[111.65231,-7.9841],[111.65218,-7.98429],[111.65132,-7.98451],[111.65067,-7.98436],[111.65037,-7.98454],[111.65046,-7.9848],[111.65082,-7.985],[111.65111,-7.98582],[111.65211,-7.98646],[111.65197,-7.98661],[111.65148,-7.98663],[111.65167,-7.98705],[111.65152,-7.98731],[111.6524,-7.9877],[111.65253,-7.98786],[111.65212,-7.98866],[111.65221,-7.98908],[111.65209,-7.98919],[111.65156,-7.98919],[111.65131,-7.98935],[111.65056,-7.9894],[111.6503,-7.99023],[111.64968,-7.99007],[111.64855,-7.99017],[111.64953,-7.99127],[111.64893,-7.99151],[111.64856,-7.992],[111.64798,-7.99236],[111.64734,-7.99239],[111.6472,-7.99225],[111.64729,-7.99255],[111.64788,-7.993],[111.64783,-7.99327],[111.64808,-7.99363],[111.64891,-7.994],[111.64792,-7.99448],[111.64963,-7.99485],[111.64986,-7.99499],[111.64977,-7.99525],[111.65104,-7.99585],[111.65118,-7.99625],[111.65223,-7.99648],[111.65261,-7.99677],[111.65276,-7.99795],[111.65148,-7.9977],[111.65061,-7.99878],[111.65028,-7.99943],[111.64996,-8.0008],[111.64942,-8.00085],[111.64919,-8.00168],[111.64884,-8.00184],[111.6485,-8.00184],[111.64888,-8.00223],[111.6483,-8.00408],[111.64855,-8.00408],[111.64865,-8.00435],[111.64888,-8.00445],[111.64895,-8.0048],[111.64978,-8.00491],[111.64932,-8.00564],[111.64948,-8.00644],[111.6489,-8.00649],[111.64875,-8.00763],[111.64943,-8.00828],[111.64946,-8.00848],[111.64913,-8.00902],[111.64861,-8.00927],[111.64869,-8.00949],[111.64817,-8.0102],[111.64796,-8.01222],[111.64784,-8.01202],[111.6476,-8.01213],[111.64769,-8.01177]],[[111.61541,-8.00966],[111.61516,-8.00914],[111.61585,-8.00913],[111.61598,-8.0086],[111.61692,-8.00769],[111.61656,-8.00603],[111.61606,-8.00498],[111.61465,-8.00357],[111.61445,-8.00313],[111.6143,-8.00348],[111.61343,-8.00425],[111.61276,-8.00389],[111.61251,-8.00434],[111.61207,-8.00376],[111.61209,-8.00261],[111.61255,-8.00249],[111.61294,-8.00209],[111.61396,-8.00144],[111.61409,-8.00123],[111.61404,-8.00099],[111.61326,-8.00081],[111.61277,-8.00038],[111.61207,-8.0],[111.61201,-7.99984],[111.61227,-7.99964],[111.61191,-7.99955],[111.61164,-7.9979],[111.61167,-7.99772],[111.61217,-7.99747],[111.61207,-7.99721],[111.61135,-7.99689],[111.6107,-7.99606],[111.61012,-7.99627],[111.60978,-7.99657],[111.60921,-7.99623],[111.60915,-7.99595],[111.60766,-7.9954],[111.60742,-7.99515],[111.60748,-7.99547],[111.60731,-7.99564],[111.6074,-7.99567],[111.60741,-7.99618],[111.60712,-7.99688],[111.60714,-7.99784],[111.60684,-7.99836],[111.6072,-7.99867],[111.60727,-7.99942],[111.60707,-8.0],[111.60652,-8.00045],[111.60679,-8.0014],[111.60652,-8.00195],[111.60651,-8.00279],[111.60623,-8.00368],[111.60538,-8.00405],[111.60502,-8.00486],[111.60465,-8.00497],[111.60425,-8.0049],[111.60446,-8.00591],[111.60408,-8.00659],[111.60316,-8.00729],[111.60305,-8.0075],[111.60316,-8.00777],[111.60247,-8.00822],[111.60185,-8.00841],[111.6026,-8.00955],[111.60135,-8.00964],[111.60188,-8.01062],[111.60138,-8.01192],[111.60166,-8.01207],[111.60165,-8.0126],[111.60185,-8.01315],[111.60151,-8.01495],[111.60196,-8.01555],[111.60165,-8.0162],[111.60155,-8.01616],[111.60125,-8.01648],[111.60031,-8.01669],[111.59993,-8.01768],[111.59935,-8.01793],[111.59886,-8.01845]],[[111.6322,-8.00563],[111.63233,-8.0052],[111.63224,-8.0042],[111.63232,-8.00372],[111.63169,-8.00381],[111.63205,-8.00298],[111.63257,-8.0024],[111.63125,-8.00302],[111.63068,-8.00296],[111.63042,-8.00249],[111.62979,-8.00394],[111.6294,-8.00331],[111.62905,-8.0033],[111.62876,-8.00284],[111.62833,-8.00359],[111.62838,-8.00379],[111.62812,-8.00397],[111.6276,-8.00368],[111.62689,-8.00396],[111.62583,-8.00362],[111.62584,-8.00296],[111.62543,-8.00226],[111.62565,-8.00216],[111.62578,-8.00182],[111.62582,-8.00126],[111.62556,-8.00154],[111.62511,-8.00175],[111.6242,-8.00195],[111.6244,-8.00072],[111.62386,-8.00017],[111.62338,-8.00084],[111.62312,-8.00064],[111.6229,-8.0009],[111.6226,-8.00076],[111.62074,-8.00179],[111.62017,-8.0013],[111.61995,-8.00152],[111.61894,-8.00167],[111.6185,-8.00201],[111.61819,-8.00256],[111.61862,-8.00335],[111.61882,-8.00347],[111.61923,-8.00341],[111.61927,-8.00426],[111.61938,-8.00447],[111.61963,-8.00454],[111.61966,-8.00472],[111.61917,-8.00499],[111.61959,-8.00525],[111.61975,-8.00588],[111.62027,-8.0063],[111.61985,-8.00639],[111.61909,-8.00623],[111.61859,-8.00709],[111.61869,-8.0077],[111.6197,-8.00811]],[[111.64598,-8.00327],[111.64533,-8.0022],[111.64531,-8.0019],[111.64507,-8.00214],[111.64476,-8.00301],[111.64344,-8.00326],[111.64299,-8.00318],[111.64248,-8.00238],[111.64224,-8.00235],[111.64175,-8.00188],[111.64118,-8.00263],[111.64118,-8.0034],[111.64063,-8.00308],[111.64006,-8.003],[111.64002,-8.00401]],[[111.6477,-8.01159],[111.64774,-8.0109]],[[111.57898,-8.0336],[111.57876,-8.03313],[111.57824,-8.03281],[111.57808,-8.03246],[111.57831,-8.03128],[111.57895,-8.03035],[111.57874,-8.03022],[111.57845,-8.03041],[111.57775,-8.03037],[111.57768,-8.02948],[111.5773,-8.02909],[111.57781,-8.02887],[111.57801,-8.02854],[111.57791,-8.02798],[111.57803,-8.02763],[111.57802,-8.02675],[111.57752,-8.02585],[111.57774,-8.02427],[111.57735,-8.02331],[111.57732,-8.02281],[111.57764,-8.0224],[111.57814,-8.02221],[111.57819,-8.02143],[111.57805,-8.02124],[111.57712,-8.02128],[111.5769,-8.02148],[111.57542,-8.02095],[111.57526,-8.02108],[111.57544,-8.02225],[111.57525,-8.02237],[111.57424,-8.0223],[111.5742,-8.02269],[111.57358,-8.02312],[111.57381,-8.02367],[111.57401,-8.02371],[111.57453,-8.02459],[111.57437,-8.02495],[111.57358,-8.02527],[111.57402,-8.02603],[111.57311,-8.02625],[111.57331,-8.02678],[111.57296,-8.02778],[111.57275,-8.02789],[111.57236,-8.02783],[111.57199,-8.02735],[111.57171,-8.02724],[111.57079,-8.02547],[111.57056,-8.02518],[111.57013,-8.02497],[111.56973,-8.02577],[111.56849,-8.02626],[111.56806,-8.02631],[111.56754,-8.02607],[111.56694,-8.02666],[111.56628,-8.02689],[111.56594,-8.02678],[111.56572,-8.02648],[111.56564,-8.02673],[111.56542,-8.02684],[111.56586,-8.0271],[111.56622,-8.02767],[111.56693,-8.02832],[111.56773,-8.02808],[111.56818,-8.0282],[111.56873,-8.02852],[111.5694,-8.02967],[111.56846,-8.03013],[111.56833,-8.03053],[111.56721,-8.03126],[111.56628,-8.03101],[111.56542,-8.03042],[111.56521,-8.0305],[111.56445,-8.03014],[111.56435,-8.03023],[111.56405,-8.03012],[111.56356,-8.03049],[111.56301,-8.03067],[111.56302,-8.03035],[111.56263,-8.02981],[111.56215,-8.02993],[111.56136,-8.02963],[111.56095,-8.02978],[111.5606,-8.03008],[111.56006,-8.02999],[111.55888,-8.03009],[111.5577,-8.02931],[111.55754,-8.0291],[111.55757,-8.02889],[111.55719,-8.02859],[111.55708,-8.02721],[111.55657,-8.02762],[111.55634,-8.02764],[111.55611,-8.02752],[111.55587,-8.02699],[111.55573,-8.02787],[111.55584,-8.02836],[111.55562,-8.02869],[111.55537,-8.02875],[111.55621,-8.02942],[111.5562,-8.02991],[111.55583,-8.03011],[111.55627,-8.03045],[111.55669,-8.03221],[111.55644,-8.03276],[111.55601,-8.03293],[111.55646,-8.03329],[111.55721,-8.03341],[111.55744,-8.03334],[111.55766,-8.03312],[111.55766,-8.03288],[111.55805,-8.03212],[111.5588,-8.03198],[111.55895,-8.03221],[111.55888,-8.03262],[111.55921,-8.03286],[111.55926,-8.03311],[111.5595,-8.03297],[111.55993,-8.03309],[111.55995,-8.03343],[111.56087,-8.03423],[111.56098,-8.03495],[111.56136,-8.03486],[111.56179,-8.03508],[111.56205,-8.0347],[111.56265,-8.03434],[111.56298,-8.03389],[111.56374,-8.03469],[111.56433,-8.03491],[111.56442,-8.03436],[111.56536,-8.03494],[111.56565,-8.03467],[111.56698,-8.03456],[111.56723,-8.03486],[111.56686,-8.03547],[111.56725,-8.03563],[111.5683,-8.0351],[111.56836,-8.0354],[111.56889,-8.03588],[111.56905,-8.03631],[111.56987,-8.03684],[111.57047,-8.03761],[111.5704,-8.0385],[111.5701,-8.03879],[111.57029,-8.03945],[111.57017,-8.03977],[111.57096,-8.0401],[111.57136,-8.04083],[111.57131,-8.04165],[111.57161,-8.04304],[111.57162,-8.04402],[111.57121,-8.04593],[111.57084,-8.04625],[111.56995,-8.04593],[111.5699,-8.04579],[111.56939,-8.04605],[111.56908,-8.04646],[111.56816,-8.04567],[111.56773,-8.04575],[111.56741,-8.04552],[111.56708,-8.04499],[111.56702,-8.04455],[111.56549,-8.04491],[111.56466,-8.04445],[111.56442,-8.04461],[111.56453,-8.04481],[111.56509,-8.04509],[111.56503,-8.04566],[111.56525,-8.04583],[111.56523,-8.04606],[111.56433,-8.04603],[111.56361,-8.04656],[111.56259,-8.0465],[111.56273,-8.04683],[111.56253,-8.04742],[111.56228,-8.04775],[111.56162,-8.0481],[111.56011,-8.0478],[111.55971,-8.0481],[111.55933,-8.04813],[111.55861,-8.04854],[111.55852,-8.04848],[111.55858,-8.04815],[111.55814,-8.04828],[111.55719,-8.04946],[111.5565,-8.04925],[111.55643,-8.0489],[111.55614,-8.04871],[111.5561,-8.04852],[111.55563,-8.0486],[111.55456,-8.04846],[111.55436,-8.04817],[111.55416,-8.04824],[111.55363,-8.04785],[111.55364,-8.04795]]]}},{"type":"Feature","properties":{"NAMOBJ":"487.5","REMARK":"Garis Kontur","JNSKNT":2,"VALKNT":487.5},"geometry":{"type":"LineString","coordinates":[[111.60293,-7.94462],[111.60157,-7.94455],[111.60073,-7.94423],[111.60033,-7.94386],[111.59973,-7.94402],[111.5995,-7.94286],[111.59927,-7.9426],[111.59946,-7.94224],[111.59911,-7.94198],[111.59838,-7.94192],[111.59789,-7.94257],[111.59783,-7.94336],[111.59757,-7.94383],[111.59771,-7.94437],[111.59754,-7.94516],[111.59774,-7.94536],[111.59776,-7.94561],[111.59739,-7.9463],[111.59757,-7.94674],[111.59846,-7.94754],[111.59885,-7.94892],[111.59969,-7.94932],[111.59919,-7.94956],[111.59928,-7.94982],[111.59909,-7.95058],[111.59921,-7.95138],[111.59955,-7.95136],[111.59978,-7.9511],[111.60043,-7.95087],[111.60089,-7.95146],[111.6015,-7.95129],[111.60168,-7.95144],[111.60236,-7.95141],[111.60241,-7.95171],[111.6035,-7.95198],[111.60395,-7.95172],[111.60427,-7.95181],[111.60407,-7.95249],[111.60335,-7.953],[111.60303,-7.95356],[111.60356,-7.95413],[111.60366,-7.95455],[111.60358,-7.95508],[111.60371,-7.95542],[111.60431,-7.95509],[111.60482,-7.95421],[111.6052,-7.95435],[111.60507,-7.95468],[111.60504,-7.95566],[111.60545,-7.95666],[111.60603,-7.95723],[111.60624,-7.95726],[111.60637,-7.95709],[111.60638,-7.95674],[111.60685,-7.956],[111.60708,-7.9553],[111.60762,-7.95465],[111.60838,-7.9543],[111.6084,-7.95397],[111.60868,-7.95412],[111.60882,-7.95457],[111.60877,-7.95636],[111.60907,-7.95607],[111.60895,-7.95536],[111.60973,-7.95547],[111.61012,-7.95572],[111.61024,-7.95512],[111.61074,-7.95512],[111.61097,-7.9553],[111.61122,-7.9552],[111.61162,-7.95451],[111.61188,-7.9536],[111.61181,-7.95343],[111.61157,-7.95336],[111.61063,-7.95352],[111.61056,-7.95342],[111.61087,-7.95247],[111.61088,-7.95158],[111.61029,-7.95198],[111.6098,-7.95262],[111.60771,-7.95338],[111.60724,-7.95415],[111.60679,-7.95381],[111.60603,-7.95349],[111.60569,-7.95292],[111.60517,-7.95259],[111.60586,-7.95234],[111.60639,-7.95171],[111.60773,-7.95102],[111.60768,-7.9505],[111.60796,-7.94993],[111.60794,-7.94975],[111.60842,-7.94927],[111.60786,-7.94897],[111.60777,-7.94871],[111.60779,-7.94827],[111.60766,-7.94805],[111.60786,-7.94771],[111.60797,-7.94709],[111.6076,-7.94713],[111.60708,-7.94692],[111.60678,-7.9462],[111.60608,-7.94632],[111.60557,-7.9457],[111.60522,-7.94563],[111.60478,-7.94579],[111.60467,-7.9455],[111.60422,-7.94533],[111.60373,-7.94448],[111.60331,-7.94445],[111.60293,-7.94462]]}},{"type":"Feature","properties":{"NAMOBJ":"525","REMARK":"Garis Kontur","JNSKNT":2,"VALKNT":525},"geometry":{"type":"LineString","coordinates":[[111.55556,-7.98478],[111.55528,-7.98348],[111.55489,-7.98389],[111.55444,-7.98403],[111.5548,-7.98408],[111.55512,-7.98434],[111.5556,-7.98508],[111.55556,-7.98478]]}},{"type":"Feature","properties":{"NAMOBJ":"612.5","REMARK":"Garis Kontur","JNSKNT":2,"VALKNT":612.5},"geometry":{"type":"LineString","coordinates":[[111.60147,-7.94509],[111.60049,-7.94459],[111.59955,-7.94507],[111.59929,-7.94506],[111.6,-7.94538],[111.60047,-7.94602],[111.5995,-7.94668],[111.59967,-7.94722],[111.60107,-7.94842],[111.60185,-7.94864],[111.60231,-7.94857],[111.60378,-7.94797],[111.605,-7.94939],[111.60529,-7.94949],[111.60591,-7.94881],[111.60608,-7.94822],[111.60553,-7.94747],[111.60527,-7.94735],[111.6047,-7.94746],[111.60355,-7.94711],[111.60287,-7.94677],[111.60251,-7.94624],[111.60281,-7.94549],[111.60229,-7.94536],[111.60216,-7.94518],[111.60166,-7.94521],[111.60147,-7.94509]]}},{"type":"Feature","properties":{"NAMOBJ":"437.5","REMARK":"Garis Kontur","JNSKNT":2,"VALKNT":437.5},"geometry":{"type":"LineString","coordinates":[[111.58823,-7.95101],[111.58847,-7.9509],[111.58805,-7.95035],[111.58713,-7.95032],[111.58708,-7.95119],[111.58722,-7.95172],[111.5875,-7.95131],[111.58823,-7.95101]]}},{"type":"Feature","properties":{"NAMOBJ":"300","REMARK":"Garis Kontur","JNSKNT":1,"VALKNT":300},"geometry":{"type":"MultiLineString","coordinates":[[[111.62517,-7.94897],[111.62459,-7.94881],[111.62419,-7.94921],[111.62425,-7.94886],[111.62471,-7.94832],[111.62447,-7.94818],[111.62466,-7.94732],[111.62453,-7.94669],[111.62376,-7.94595],[111.62392,-7.94552],[111.62381,-7.94527],[111.62396,-7.94479],[111.62387,-7.94414],[111.62442,-7.94393],[111.62481,-7.94343],[111.62492,-7.94311],[111.62478,-7.94258],[111.62486,-7.94203],[111.62471,-7.94212],[111.62403,-7.94206],[111.6229,-7.94129],[111.62233,-7.94108],[111.62177,-7.94037],[111.62128,-7.94048],[111.62033,-7.94018],[111.61962,-7.94014],[111.6198,-7.94051],[111.6204,-7.94101],[111.62086,-7.94108],[111.62103,-7.94123],[111.62084,-7.94181],[111.62101,-7.94255],[111.62069,-7.94323],[111.62041,-7.94325],[111.62038,-7.94305],[111.61962,-7.94285],[111.61871,-7.94332],[111.61788,-7.94338],[111.61762,-7.94293],[111.61724,-7.94275],[111.617,-7.94279],[111.61699,-7.94236],[111.61661,-7.94183],[111.61652,-7.94083],[111.61633,-7.94031],[111.61658,-7.93985],[111.61641,-7.93917],[111.61602,-7.93959],[111.61565,-7.9397],[111.61419,-7.93901],[111.61352,-7.9383],[111.61356,-7.93891],[111.6138,-7.93933],[111.61415,-7.9409],[111.61416,-7.94112],[111.61371,-7.94157],[111.61407,-7.94227],[111.61407,-7.94265],[111.61349,-7.94363],[111.61241,-7.94399],[111.61224,-7.94447],[111.61208,-7.94454],[111.61131,-7.94383],[111.61055,-7.94354],[111.61064,-7.94325],[111.61053,-7.94284],[111.60989,-7.94219],[111.60969,-7.94169],[111.60962,-7.94089],[111.60973,-7.9404],[111.60899,-7.94076],[111.60875,-7.94076],[111.60892,-7.94053],[111.60863,-7.9401],[111.60858,-7.93972],[111.60933,-7.93865],[111.60917,-7.9384],[111.60878,-7.9387],[111.60822,-7.93834],[111.60802,-7.93899],[111.60773,-7.93904],[111.60751,-7.9393],[111.6066,-7.9398],[111.60603,-7.94],[111.60566,-7.93981],[111.6052,-7.94013],[111.60463,-7.94021],[111.60446,-7.93969],[111.60364,-7.93897],[111.60376,-7.93883],[111.60378,-7.93791],[111.60325,-7.9383],[111.60221,-7.93833],[111.60179,-7.93853],[111.60198,-7.93755],[111.60158,-7.93771],[111.60098,-7.93725],[111.60079,-7.93702],[111.60112,-7.93662],[111.60106,-7.93648],[111.60044,-7.93663],[111.60074,-7.93722],[111.60055,-7.9375],[111.60057,-7.93793],[111.60037,-7.93816],[111.60003,-7.93774],[111.60006,-7.93749],[111.59942,-7.93713],[111.59904,-7.93717],[111.59926,-7.937],[111.59864,-7.93656],[111.5986,-7.9364],[111.59793,-7.93706],[111.59716,-7.93683],[111.59694,-7.93654],[111.59631,-7.93617],[111.59612,-7.93631],[111.59582,-7.93706],[111.59526,-7.93746],[111.59454,-7.93851],[111.59437,-7.93906],[111.59468,-7.93978],[111.59438,-7.93998],[111.59397,-7.94003],[111.59417,-7.9408],[111.59385,-7.94149],[111.59388,-7.94173],[111.5933,-7.9416],[111.59293,-7.94212],[111.59353,-7.94349],[111.59327,-7.94357],[111.59343,-7.94425],[111.59394,-7.94493],[111.59329,-7.94513],[111.59292,-7.94542],[111.59326,-7.94568],[111.59355,-7.94636],[111.59417,-7.94666],[111.59398,-7.94714],[111.59405,-7.94731],[111.5947,-7.94821],[111.59485,-7.94882],[111.59534,-7.94935],[111.59513,-7.95109],[111.59586,-7.9511],[111.59585,-7.95173],[111.59635,-7.95233],[111.5963,-7.9528],[111.59615,-7.95292],[111.59584,-7.95375],[111.59581,-7.95428],[111.59613,-7.95441],[111.59678,-7.95407],[111.59702,-7.95412],[111.5972,-7.95381],[111.59747,-7.9537],[111.59811,-7.95462],[111.59881,-7.95434],[111.59897,-7.9547],[111.59928,-7.9548],[111.59917,-7.95552],[111.59867,-7.95561],[111.59843,-7.95643],[111.59795,-7.95625],[111.59749,-7.95579],[111.59624,-7.95598],[111.59607,-7.95638],[111.59623,-7.95723],[111.59678,-7.958],[111.59522,-7.95768],[111.59491,-7.95838],[111.5953,-7.95906],[111.59522,-7.96019],[111.59512,-7.9602],[111.59476,-7.95966],[111.59433,-7.95947],[111.5945,-7.95997],[111.59436,-7.96039],[111.59303,-7.96073],[111.5945,-7.96154],[111.59521,-7.96181],[111.59578,-7.96185],[111.59614,-7.96212],[111.59578,-7.96229],[111.59555,-7.96257],[111.59592,-7.96324],[111.59512,-7.96376],[111.59487,-7.96443],[111.59496,-7.96545],[111.59565,-7.96595],[111.59606,-7.96593],[111.59655,-7.96567],[111.59683,-7.96503],[111.59695,-7.9653],[111.59721,-7.96539],[111.59839,-7.96487],[111.59869,-7.96486],[111.59891,-7.96502],[111.59924,-7.96496],[111.59955,-7.96473],[111.60014,-7.9639],[111.60026,-7.96429],[111.6002,-7.96517],[111.6006,-7.96579],[111.60081,-7.96551],[111.60148,-7.96545],[111.60262,-7.96595],[111.60154,-7.96584],[111.6011,-7.96673],[111.6006,-7.96702],[111.60013,-7.96703],[111.59988,-7.96679],[111.59968,-7.96629],[111.59897,-7.96668],[111.59845,-7.96648],[111.59786,-7.96684],[111.59713,-7.96767],[111.59683,-7.9676],[111.59629,-7.96804],[111.59589,-7.96775],[111.59536,-7.96812],[111.59507,-7.96802],[111.59493,-7.9678],[111.59457,-7.9677],[111.59413,-7.96729],[111.59376,-7.96636],[111.59351,-7.9663],[111.59329,-7.96639],[111.59278,-7.96613],[111.59238,-7.96617],[111.59243,-7.96526],[111.59271,-7.96421],[111.59278,-7.96341],[111.59247,-7.96345],[111.59197,-7.96313],[111.59092,-7.96288],[111.59075,-7.96169],[111.59058,-7.9616],[111.59055,-7.96128],[111.58998,-7.95988],[111.59088,-7.95982],[111.59067,-7.95916],[111.59126,-7.95864],[111.59076,-7.95807],[111.59097,-7.95768],[111.59051,-7.95689],[111.59105,-7.95687],[111.59159,-7.95709],[111.59208,-7.9566],[111.59254,-7.95676],[111.59342,-7.95617],[111.59359,-7.95581],[111.59352,-7.95453],[111.59277,-7.95462],[111.59233,-7.95489],[111.59197,-7.95437],[111.59197,-7.95397],[111.59168,-7.95335],[111.59071,-7.95363],[111.59013,-7.95315],[111.58971,-7.95318],[111.58907,-7.9526],[111.58884,-7.95255],[111.58965,-7.95153],[111.58998,-7.95076],[111.58995,-7.95045],[111.59021,-7.94992],[111.59014,-7.94945],[111.59047,-7.94898],[111.59031,-7.94834],[111.59011,-7.94818],[111.58962,-7.94842],[111.58922,-7.94844],[111.58848,-7.94822],[111.58849,-7.94749],[111.58784,-7.94699],[111.58741,-7.94632],[111.58645,-7.94633],[111.58682,-7.94555],[111.58618,-7.94537],[111.58594,-7.94516],[111.586,-7.94463],[111.58566,-7.94412],[111.58599,-7.94356],[111.58591,-7.94298],[111.5852,-7.94254],[111.5828,-7.94012],[111.58197,-7.93947],[111.5817,-7.93948],[111.58163,-7.93894],[111.5821,-7.93845],[111.58238,-7.93737],[111.58176,-7.93717],[111.58114,-7.93756],[111.58068,-7.9383],[111.58022,-7.9384],[111.57977,-7.93889],[111.57934,-7.93888],[111.57948,-7.93932],[111.57939,-7.93993],[111.57994,-7.94062],[111.57999,-7.94147],[111.58021,-7.94216],[111.58124,-7.94269],[111.58134,-7.94384],[111.58155,-7.94439],[111.5812,-7.94537],[111.58115,-7.9464],[111.58059,-7.94722],[111.5799,-7.94785],[111.57983,-7.94859],[111.58072,-7.94984],[111.58118,-7.95027],[111.58147,-7.95037],[111.58187,-7.95021],[111.58238,-7.95081],[111.58375,-7.95144],[111.58412,-7.95193],[111.58425,-7.95259],[111.58495,-7.95279],[111.58551,-7.95277],[111.5849,-7.95348],[111.58498,-7.9546],[111.58529,-7.95525],[111.58441,-7.95553],[111.5842,-7.95616],[111.58432,-7.95661],[111.58371,-7.95754],[111.58438,-7.95783],[111.58502,-7.95851],[111.58691,-7.95939],[111.58634,-7.95994],[111.58606,-7.96049],[111.58606,-7.96073],[111.58567,-7.96085],[111.58419,-7.96179],[111.58458,-7.96223],[111.58459,-7.96343],[111.58486,-7.96376],[111.58473,-7.96431],[111.58482,-7.96477],[111.58569,-7.9654],[111.5876,-7.96559],[111.58747,-7.96665],[111.58721,-7.96699],[111.58789,-7.96739],[111.58879,-7.96735],[111.58918,-7.96715],[111.58935,-7.96788],[111.5898,-7.96844],[111.59089,-7.96821],[111.59282,-7.96746],[111.59313,-7.96749],[111.59364,-7.96777],[111.59407,-7.96775],[111.59408,-7.96787],[111.5939,-7.96795],[111.59435,-7.96833],[111.59462,-7.96923],[111.59527,-7.96979],[111.59478,-7.96969],[111.59426,-7.96986],[111.59346,-7.96967],[111.59321,-7.96947],[111.5933,-7.97066],[111.59306,-7.97046],[111.59266,-7.97048],[111.59282,-7.97142],[111.59213,-7.97152],[111.59218,-7.97216],[111.59201,-7.97257],[111.59248,-7.97255],[111.59279,-7.97232],[111.59347,-7.9727],[111.59383,-7.97206],[111.59493,-7.97273],[111.59616,-7.97291],[111.59664,-7.97268],[111.59722,-7.97312],[111.59635,-7.97359],[111.59617,-7.97387],[111.59637,-7.97406],[111.59772,-7.97477],[111.59794,-7.97526],[111.59949,-7.9753],[111.59968,-7.97541],[111.59958,-7.97579],[111.5991,-7.97601],[111.5989,-7.97663],[111.5986,-7.97652],[111.59834,-7.97683],[111.59792,-7.9778],[111.59777,-7.97773],[111.59704,-7.97789],[111.59597,-7.97722],[111.59578,-7.97691],[111.59536,-7.97776],[111.59565,-7.97847],[111.59559,-7.97874],[111.59517,-7.97908],[111.59433,-7.97949],[111.59395,-7.97986],[111.59353,-7.97998],[111.59369,-7.98072],[111.59347,-7.98179],[111.59352,-7.98213],[111.59378,-7.9825],[111.59236,-7.98222],[111.59061,-7.9829],[111.58986,-7.98301],[111.59041,-7.98389],[111.59075,-7.98421],[111.59104,-7.98427],[111.59125,-7.98513],[111.59163,-7.9857],[111.59215,-7.98611],[111.59123,-7.9869],[111.59119,-7.98825],[111.59138,-7.98922],[111.59184,-7.98972],[111.58934,-7.99038],[111.589,-7.99089],[111.58939,-7.99116],[111.58959,-7.99195],[111.59101,-7.992],[111.59165,-7.99231],[111.59185,-7.99338],[111.59155,-7.99423],[111.59202,-7.99502],[111.59252,-7.99484],[111.59318,-7.99483],[111.59322,-7.99517],[111.59339,-7.99537],[111.59409,-7.99524],[111.5939,-7.99583],[111.59349,-7.99627],[111.59421,-7.99696],[111.59394,-7.9971],[111.59339,-7.99712],[111.59378,-7.99744],[111.59383,-7.99796],[111.5934,-7.99764],[111.59295,-7.99781],[111.5927,-7.99854],[111.5928,-7.99899],[111.59273,-7.99912],[111.5917,-7.99888],[111.59098,-7.99902],[111.59084,-7.99998],[111.58962,-7.99985],[111.58859,-7.99931],[111.58791,-7.99934],[111.58738,-7.99966],[111.5866,-7.99977],[111.58669,-8.0007],[111.5872,-8.00083],[111.58805,-8.00129],[111.58874,-8.00211],[111.58939,-8.00252],[111.58876,-8.00274],[111.58881,-8.00353],[111.58814,-8.00387],[111.58797,-8.00456],[111.58713,-8.00492],[111.5862,-8.00592],[111.58522,-8.00611],[111.58443,-8.00601],[111.58398,-8.00619],[111.58432,-8.00648],[111.58455,-8.0069],[111.58461,-8.00747],[111.58481,-8.00775],[111.58499,-8.00865],[111.58575,-8.00914],[111.58628,-8.00969],[111.58521,-8.00978],[111.5847,-8.00957],[111.58442,-8.01032],[111.58357,-8.00952],[111.58362,-8.00974],[111.58348,-8.0099],[111.5817,-8.01009],[111.5817,-8.01032],[111.58238,-8.01163],[111.58241,-8.01214],[111.58164,-8.01223],[111.58155,-8.01319],[111.58094,-8.01392],[111.5803,-8.01432],[111.58005,-8.01401],[111.58001,-8.01356],[111.57972,-8.01287],[111.57995,-8.01163],[111.57957,-8.01137],[111.57896,-8.01049],[111.57867,-8.01042],[111.57873,-8.01005],[111.57845,-8.00891],[111.57715,-8.00941],[111.57661,-8.00936],[111.57633,-8.01039],[111.57627,-8.01175],[111.57585,-8.0125],[111.57554,-8.01222],[111.57528,-8.01218],[111.57522,-8.01239],[111.57482,-8.01221],[111.57444,-8.01225],[111.57422,-8.01206],[111.57416,-8.01166],[111.57317,-8.01119],[111.57229,-8.01179],[111.57211,-8.01087],[111.57153,-8.01116],[111.56984,-8.01155],[111.56964,-8.01144],[111.56895,-8.01148],[111.56896,-8.01137],[111.56717,-8.01188],[111.56673,-8.01156],[111.56589,-8.01208],[111.56573,-8.0117],[111.56611,-8.01103],[111.56535,-8.01106],[111.56458,-8.01043],[111.56397,-8.01068],[111.56358,-8.01099],[111.56319,-8.01021],[111.56361,-8.01018],[111.56379,-8.01028],[111.56412,-8.00997],[111.56481,-8.00977],[111.56535,-8.00943],[111.56598,-8.00929],[111.56717,-8.0087],[111.56767,-8.00821],[111.56792,-8.00774],[111.56868,-8.00723],[111.56909,-8.00674],[111.56821,-8.00596],[111.56828,-8.00516],[111.5681,-8.00489],[111.56792,-8.00415],[111.56765,-8.00407],[111.56759,-8.00356],[111.56821,-8.00373],[111.56878,-8.0036],[111.56915,-8.00392],[111.56987,-8.00422],[111.57046,-8.00392],[111.57112,-8.00429],[111.57179,-8.00363],[111.57195,-8.00327],[111.57226,-8.00362],[111.57349,-8.00419],[111.57378,-8.00398],[111.57441,-8.00388],[111.57461,-8.00336],[111.57569,-8.00208],[111.57545,-8.00171],[111.57503,-8.00143],[111.57429,-8.00061],[111.57418,-7.99983],[111.57529,-7.99993],[111.57599,-7.99971],[111.57625,-7.99892],[111.5763,-7.99795],[111.57653,-7.99777],[111.57668,-7.99744],[111.57714,-7.99741],[111.57633,-7.99733],[111.57621,-7.99719],[111.5747,-7.9973],[111.57427,-7.99698],[111.57432,-7.99672],[111.57475,-7.99613],[111.57477,-7.99588],[111.57438,-7.99496],[111.57384,-7.99468],[111.57511,-7.99364],[111.57523,-7.99228],[111.57443,-7.99224],[111.57359,-7.99277],[111.57303,-7.99255],[111.57276,-7.99302],[111.57207,-7.99339],[111.57154,-7.99297],[111.5709,-7.99341],[111.57042,-7.99355],[111.57004,-7.99313],[111.56986,-7.99334],[111.56918,-7.99329],[111.56844,-7.99377],[111.56782,-7.99392],[111.56745,-7.99348],[111.56752,-7.99309],[111.56737,-7.99232],[111.56751,-7.99159],[111.56746,-7.99103],[111.56835,-7.98987],[111.56812,-7.98956],[111.56811,-7.98927],[111.56871,-7.98842],[111.56749,-7.98688],[111.56775,-7.9864],[111.56702,-7.98601],[111.56707,-7.98517],[111.56696,-7.98469],[111.56614,-7.98271],[111.56642,-7.9823],[111.56581,-7.98124],[111.56529,-7.98204],[111.56524,-7.98287],[111.5656,-7.98335],[111.56616,-7.98478],[111.56606,-7.98507],[111.56571,-7.98532],[111.56588,-7.98581],[111.56583,-7.98601],[111.56523,-7.98645],[111.56531,-7.98696],[111.5652,-7.98752],[111.56534,-7.9886],[111.56527,-7.98902],[111.56483,-7.98902],[111.56498,-7.98971],[111.56481,-7.9905],[111.5644,-7.9907],[111.56419,-7.99097],[111.56369,-7.99106],[111.56318,-7.99043],[111.56326,-7.98975],[111.56291,-7.98903],[111.56191,-7.98894],[111.56145,-7.98911],[111.56143,-7.98859],[111.56171,-7.98787],[111.56116,-7.98745],[111.56012,-7.98734],[111.56022,-7.98707],[111.56009,-7.98696],[111.56013,-7.98679],[111.56086,-7.98615],[111.56071,-7.98611],[111.56044,-7.98554],[111.56033,-7.98488],[111.5604,-7.98418],[111.55941,-7.98329],[111.55945,-7.9826],[111.5589,-7.98265],[111.55805,-7.98189],[111.55792,-7.98166],[111.55803,-7.98152],[111.55783,-7.98065],[111.55749,-7.9798],[111.55729,-7.97964],[111.55729,-7.97902],[111.55699,-7.97887],[111.55701,-7.97833],[111.55659,-7.97817],[111.55614,-7.97779],[111.5558,-7.97693],[111.55522,-7.97621],[111.55499,-7.9754],[111.55459,-7.9771],[111.55397,-7.97722],[111.55361,-7.97805],[111.55267,-7.97812],[111.55202,-7.97799],[111.55186,-7.97887],[111.55203,-7.97931],[111.55203,-7.97976],[111.55228,-7.98064],[111.55264,-7.98127],[111.55294,-7.98146],[111.5525,-7.98154],[111.55188,-7.98228],[111.5518,-7.98254],[111.55132,-7.98285],[111.55084,-7.98349],[111.55033,-7.98377],[111.55059,-7.98439],[111.55089,-7.98472],[111.55091,-7.9852],[111.55115,-7.9856],[111.55167,-7.986],[111.55196,-7.98579],[111.55209,-7.98586],[111.55212,-7.98645],[111.552,-7.98685],[111.5525,-7.98719],[111.55259,-7.98755],[111.55305,-7.98745],[111.55347,-7.98755],[111.55395,-7.98729],[111.55393,-7.98768],[111.55406,-7.98785],[111.55393,-7.988],[111.55449,-7.9886],[111.55507,-7.98886],[111.5554,-7.98875],[111.55631,-7.99055],[111.55624,-7.99075],[111.55659,-7.99135],[111.55657,-7.99197],[111.55672,-7.9923],[111.55581,-7.99201],[111.55539,-7.99261],[111.55478,-7.99226],[111.55446,-7.99243],[111.5545,-7.99229],[111.55435,-7.99232],[111.55437,-7.99267],[111.555,-7.99367],[111.55498,-7.9939],[111.55532,-7.99413],[111.55521,-7.99443],[111.555,-7.99445],[111.55495,-7.9946],[111.55455,-7.99414],[111.55406,-7.99392],[111.55362,-7.99432],[111.55333,-7.9941],[111.55271,-7.99463],[111.5527,-7.99521],[111.55247,-7.9956],[111.55138,-7.99534],[111.55113,-7.99517],[111.55093,-7.99525],[111.55118,-7.99541],[111.55172,-7.99659],[111.55171,-7.99682],[111.55145,-7.99716],[111.55165,-7.99784],[111.55104,-7.99818],[111.55108,-7.99887],[111.55063,-7.99912],[111.55008,-7.99918],[111.5499,-7.99937],[111.54957,-7.99903],[111.54951,-7.99849],[111.549,-7.99773],[111.54901,-7.99716],[111.548,-7.9969],[111.54736,-7.99705],[111.54808,-7.99803],[111.54877,-7.99837],[111.54919,-7.99949],[111.549,-7.99987],[111.54922,-8.0],[111.54938,-8.00034],[111.54983,-8.00048],[111.54997,-8.00073],[111.55002,-8.00116],[111.55046,-8.00167],[111.55033,-8.00207],[111.55057,-8.00283],[111.5508,-8.00305],[111.54963,-8.00302],[111.54914,-8.00313],[111.54919,-8.00346],[111.55015,-8.00392],[111.5505,-8.00439],[111.54991,-8.00436],[111.54947,-8.00468],[111.54981,-8.00554],[111.54951,-8.00627],[111.54895,-8.00581],[111.54845,-8.00602],[111.54743,-8.00511],[111.54687,-8.00593],[111.54666,-8.00658],[111.54576,-8.00599],[111.54552,-8.00547],[111.54468,-8.0053],[111.54449,-8.00452],[111.54407,-8.00475],[111.54367,-8.00519],[111.54316,-8.0041],[111.5431,-8.00369],[111.54258,-8.00333],[111.54242,-8.00178],[111.5426,-8.00125],[111.54206,-8.00118],[111.54191,-8.00137],[111.54191,-8.00251],[111.54157,-8.00332],[111.54165,-8.00443],[111.5418,-8.00508],[111.54236,-8.00597],[111.54317,-8.00678],[111.543,-8.00696],[111.54309,-8.00767],[111.54269,-8.00765],[111.54257,-8.00782],[111.54273,-8.00896],[111.54243,-8.0089],[111.54178,-8.00917],[111.54163,-8.00971],[111.54137,-8.00999],[111.54143,-8.01146],[111.54083,-8.01151],[111.54018,-8.01127],[111.53943,-8.01134]],[[111.62493,-7.94815],[111.62497,-7.94841]],[[111.62506,-7.94841],[111.62524,-7.94881]],[[111.64698,-8.01414],[111.6471,-8.01387],[111.64785,-8.01444],[111.64836,-8.01423],[111.64883,-8.01491],[111.64979,-8.01549],[111.65006,-8.01535],[111.65014,-8.01444],[111.65056,-8.01406],[111.65016,-8.01308],[111.65021,-8.01239],[111.65002,-8.01199],[111.64976,-8.01186],[111.65002,-8.01146],[111.65003,-8.0108],[111.65128,-8.01085],[111.65174,-8.0104],[111.65183,-8.01008],[111.65205,-8.00987],[111.65175,-8.00944],[111.65181,-8.00895],[111.65247,-8.00855],[111.65236,-8.00786],[111.65246,-8.00764],[111.65146,-8.00712],[111.65098,-8.0071],[111.65121,-8.00659],[111.65103,-8.00623],[111.65166,-8.006],[111.65124,-8.00395],[111.65251,-8.00479],[111.65329,-8.00495],[111.65332,-8.00448],[111.65382,-8.00439],[111.65373,-8.00378],[111.65406,-8.00355],[111.6546,-8.0034],[111.65443,-8.00243],[111.6545,-8.002]],[[111.53609,-8.00526],[111.53585,-8.0051],[111.53581,-8.00522]],[[111.62433,-8.00809],[111.62442,-8.00823],[111.625,-8.00847],[111.62519,-8.0088],[111.62546,-8.00885],[111.62619,-8.00974],[111.6264,-8.00941],[111.62721,-8.00874],[111.62744,-8.00775],[111.62795,-8.00749],[111.62841,-8.00743],[111.62913,-8.00692],[111.62892,-8.00775],[111.62838,-8.00828],[111.62813,-8.0094]],[[111.60376,-8.01865],[111.60529,-8.01896],[111.606,-8.01871],[111.60617,-8.01854],[111.60607,-8.01738],[111.60532,-8.01725],[111.60549,-8.01668],[111.60492,-8.01617],[111.60451,-8.01553],[111.60488,-8.01496],[111.60577,-8.0141],[111.6056,-8.01355],[111.60608,-8.01329],[111.6055,-8.01172],[111.60614,-8.01164],[111.60694,-8.01122],[111.60703,-8.01076],[111.60671,-8.01021],[111.6081,-8.01014],[111.60816,-8.00977],[111.60797,-8.00972],[111.60776,-8.00919],[111.60795,-8.00849],[111.60862,-8.0082],[111.60866,-8.00792],[111.60906,-8.00773],[111.60884,-8.00839],[111.60836,-8.00869],[111.60837,-8.00897],[111.60856,-8.00927],[111.60871,-8.00925],[111.60942,-8.00976],[111.6089,-8.01051],[111.60872,-8.01112],[111.60806,-8.01134],[111.60756,-8.01215],[111.60802,-8.01222],[111.60853,-8.01249],[111.60818,-8.01285],[111.60769,-8.01299],[111.60799,-8.01316],[111.60803,-8.01398],[111.60822,-8.01413],[111.60755,-8.01426],[111.60796,-8.01506],[111.60736,-8.01556]],[[111.56849,-8.04892],[111.56948,-8.04834],[111.56981,-8.04827],[111.57037,-8.04785],[111.57121,-8.04794],[111.57182,-8.04784],[111.57282,-8.04732],[111.57297,-8.04686],[111.57308,-8.04545],[111.57278,-8.04312],[111.57299,-8.04124],[111.57292,-8.0408],[111.57309,-8.04044],[111.57314,-8.03958],[111.57304,-8.0393],[111.57356,-8.03895],[111.5738,-8.03846],[111.57369,-8.0376],[111.573,-8.0373],[111.57299,-8.0367],[111.5727,-8.03564],[111.57085,-8.03477],[111.57014,-8.03377],[111.57005,-8.03307],[111.56975,-8.03258],[111.56996,-8.03251],[111.57038,-8.03277],[111.57044,-8.03305],[111.57098,-8.03347],[111.57172,-8.03345],[111.57215,-8.03328],[111.57244,-8.03259],[111.57282,-8.03229],[111.57354,-8.03269],[111.57474,-8.0327],[111.57451,-8.03322],[111.57466,-8.03378],[111.57522,-8.03452],[111.57518,-8.03491],[111.57536,-8.03522],[111.57608,-8.03564],[111.57627,-8.03604],[111.57712,-8.03648],[111.57757,-8.03614]]]}},{"type":"Feature","properties":{"NAMOBJ":"500","REMARK":"Garis Kontur","JNSKNT":1,"VALKNT":500},"geometry":{"type":"LineString","coordinates":[[111.62815,-7.95844],[111.62771,-7.95852],[111.62719,-7.95896],[111.62677,-7.95909],[111.62559,-7.96028],[111.62529,-7.96077],[111.62511,-7.96062],[111.6252,-7.9594],[111.625,-7.95931],[111.62438,-7.96039],[111.6243,-7.96078],[111.62396,-7.96069],[111.62399,-7.96035],[111.62367,-7.95972],[111.62323,-7.9593],[111.62304,-7.95945],[111.62261,-7.95926],[111.62244,-7.95887],[111.62277,-7.95886],[111.62324,-7.95828],[111.62376,-7.95811],[111.62375,-7.95775],[111.62312,-7.95718],[111.62307,-7.95672],[111.62332,-7.9565],[111.62374,-7.95644],[111.62409,-7.95609],[111.62364,-7.95554],[111.62339,-7.95542],[111.62269,-7.95573],[111.6227,-7.957],[111.62214,-7.95761],[111.62143,-7.95766],[111.62091,-7.95747],[111.62025,-7.95839],[111.61881,-7.95881],[111.61918,-7.95806],[111.61928,-7.95748],[111.61949,-7.9572],[111.6195,-7.95614],[111.62007,-7.95495],[111.62025,-7.9549],[111.62017,-7.9546],[111.62034,-7.95433],[111.62023,-7.9541],[111.62008,-7.95408],[111.61978,-7.95455],[111.61925,-7.95463],[111.61893,-7.95541],[111.6184,-7.95538],[111.61803,-7.95579],[111.61784,-7.95528],[111.61787,-7.95481],[111.618,-7.95451],[111.61843,-7.95411],[111.61815,-7.95403],[111.61781,-7.95442],[111.61698,-7.95422],[111.61653,-7.95437],[111.61609,-7.95502],[111.61545,-7.9543],[111.61499,-7.95425],[111.61431,-7.95565],[111.61326,-7.9561],[111.61329,-7.95625],[111.61392,-7.95636],[111.61417,-7.95705],[111.61531,-7.95742],[111.61504,-7.95766],[111.615,-7.95798],[111.61427,-7.95813],[111.61354,-7.95779],[111.61331,-7.95779],[111.61291,-7.95806],[111.61237,-7.95812],[111.61164,-7.95785],[111.61133,-7.95794],[111.61076,-7.95837],[111.61111,-7.95866],[111.61115,-7.95922],[111.61102,-7.95968],[111.61084,-7.95987],[111.61179,-7.95993],[111.61255,-7.96067],[111.61361,-7.96044],[111.61382,-7.96123],[111.61374,-7.96178],[111.61348,-7.96172],[111.6136,-7.96203],[111.61434,-7.96196],[111.61511,-7.96221],[111.61541,-7.96189],[111.61581,-7.96327],[111.61634,-7.96334],[111.6155,-7.96374],[111.61528,-7.96344],[111.61425,-7.96421],[111.61435,-7.96448],[111.61492,-7.96496],[111.61542,-7.96618],[111.61516,-7.96699],[111.61441,-7.9659],[111.61365,-7.96591],[111.61422,-7.96682],[111.61402,-7.96716],[111.61394,-7.96791],[111.61322,-7.96802],[111.61304,-7.96737],[111.61248,-7.96752],[111.6115,-7.96726],[111.61094,-7.96726],[111.61136,-7.96754],[111.61157,-7.968],[111.61249,-7.96886],[111.6127,-7.96918],[111.6128,-7.97001],[111.61354,-7.96988],[111.61396,-7.96947],[111.61411,-7.969],[111.6144,-7.96894],[111.61451,-7.96847],[111.61524,-7.9689],[111.6156,-7.96929],[111.61601,-7.96932],[111.61652,-7.96904],[111.61706,-7.96894],[111.61709,-7.96875],[111.61685,-7.96827],[111.61722,-7.96814],[111.61756,-7.96776],[111.61776,-7.96708],[111.61766,-7.96673],[111.61792,-7.96622],[111.6182,-7.9665],[111.6186,-7.96663],[111.61875,-7.96708],[111.61889,-7.96702],[111.61883,-7.96666],[111.61966,-7.96672],[111.61986,-7.96611],[111.61943,-7.96559],[111.62015,-7.96572],[111.62048,-7.96558],[111.62074,-7.96516],[111.62145,-7.96459],[111.62156,-7.96481],[111.62147,-7.96622],[111.62221,-7.96572],[111.6223,-7.96533],[111.62246,-7.96519],[111.62234,-7.96517],[111.62231,-7.96498],[111.62246,-7.96465],[111.62275,-7.96456],[111.62317,-7.96412],[111.62361,-7.96391],[111.62375,-7.96417],[111.62357,-7.96521],[111.62401,-7.96592],[111.62424,-7.96592],[111.62459,-7.96544],[111.62493,-7.96527],[111.62498,-7.96544],[111.62604,-7.96591],[111.62693,-7.96558],[111.62776,-7.96493],[111.62827,-7.96486],[111.62819,-7.96417],[111.62784,-7.96339],[111.6286,-7.96378],[111.6294,-7.96392],[111.63058,-7.96257],[111.63041,-7.96358],[111.63,-7.96435],[111.63022,-7.96497],[111.62967,-7.96505],[111.62887,-7.96575],[111.62832,-7.9659],[111.62797,-7.96661],[111.62887,-7.96718],[111.62973,-7.96691],[111.63031,-7.96763],[111.63081,-7.9674],[111.63097,-7.9676],[111.63096,-7.96796],[111.63125,-7.96834],[111.63106,-7.96874],[111.63088,-7.96831],[111.63049,-7.96817],[111.62977,-7.96819],[111.62972,-7.96788],[111.62956,-7.96773],[111.62888,-7.96811],[111.62846,-7.96816],[111.62823,-7.96778],[111.62781,-7.96799],[111.62649,-7.96758],[111.626,-7.96778],[111.62588,-7.96799],[111.62523,-7.96777],[111.6249,-7.96841],[111.62467,-7.9686],[111.62419,-7.96811],[111.62335,-7.96819],[111.6225,-7.96797],[111.62156,-7.96882],[111.62142,-7.96934],[111.62069,-7.96961],[111.62041,-7.97039],[111.62066,-7.97086],[111.61973,-7.97139],[111.6194,-7.97129],[111.61864,-7.97233],[111.61878,-7.97319],[111.61795,-7.97458],[111.61742,-7.97443],[111.61722,-7.97519],[111.61705,-7.9752],[111.61739,-7.97583],[111.61796,-7.97615],[111.61836,-7.9766],[111.61798,-7.97759],[111.61683,-7.97901],[111.61672,-7.97877],[111.61666,-7.97766],[111.61637,-7.97717],[111.61594,-7.97702],[111.61483,-7.97735],[111.6144,-7.97761],[111.61401,-7.97627],[111.61394,-7.97648],[111.61407,-7.97782],[111.61397,-7.97791],[111.61383,-7.97753],[111.61364,-7.97743],[111.61264,-7.97729],[111.61229,-7.97742],[111.6125,-7.97656],[111.61244,-7.97623],[111.61194,-7.9762],[111.61161,-7.9763],[111.61073,-7.97753],[111.61035,-7.97765],[111.60987,-7.97819],[111.6098,-7.97872],[111.60945,-7.97935],[111.60956,-7.97976],[111.60978,-7.97999],[111.60954,-7.98034],[111.60932,-7.98163],[111.60966,-7.98203],[111.61023,-7.98194],[111.61061,-7.98241],[111.61097,-7.98259],[111.61055,-7.98314],[111.60943,-7.98353],[111.6097,-7.98402],[111.60987,-7.98401],[111.61001,-7.98461],[111.61075,-7.98525],[111.61104,-7.98569],[111.61085,-7.98638],[111.6104,-7.98666],[111.61028,-7.98713],[111.61041,-7.98754],[111.61033,-7.98784],[111.61002,-7.98802],[111.61051,-7.98842],[111.61023,-7.98944],[111.60998,-7.98972],[111.61065,-7.99022],[111.61137,-7.99028],[111.6114,-7.99065],[111.61214,-7.99001],[111.61318,-7.99064],[111.61328,-7.99019],[111.6127,-7.98959],[111.61313,-7.98866],[111.61293,-7.98771],[111.61317,-7.98714],[111.61309,-7.98686],[111.61331,-7.98664],[111.61418,-7.9879],[111.61509,-7.98857],[111.61516,-7.98848],[111.6159,-7.98851],[111.61643,-7.98834],[111.61697,-7.98836],[111.61758,-7.98803],[111.61688,-7.989],[111.6167,-7.98961],[111.61687,-7.99012],[111.61661,-7.99042],[111.61659,-7.99141],[111.61628,-7.99215],[111.61693,-7.99252],[111.61733,-7.99325],[111.61688,-7.99331],[111.61666,-7.99459],[111.617,-7.99504],[111.6177,-7.9954],[111.61788,-7.9958],[111.61707,-7.99682],[111.61687,-7.99765],[111.61615,-7.99742],[111.61584,-7.99747],[111.61522,-7.9972],[111.61483,-7.99728],[111.61431,-7.99707],[111.6136,-7.99738],[111.6133,-7.99738],[111.61309,-7.99774],[111.61247,-7.99782],[111.61235,-7.99797],[111.61255,-7.99878],[111.61333,-7.99904],[111.61341,-8.00008],[111.61428,-8.00059],[111.61434,-8.00136],[111.6146,-8.00146],[111.61491,-8.00132],[111.6153,-8.00111],[111.61539,-8.00076],[111.61561,-8.00056],[111.61663,-8.00026],[111.61728,-7.99953],[111.61746,-7.99858],[111.61788,-7.99878],[111.61887,-7.99851],[111.61913,-7.9986],[111.62001,-7.99809],[111.62068,-7.99812],[111.62107,-7.99828],[111.62232,-7.99825],[111.62258,-7.9984],[111.62305,-7.99841],[111.62334,-7.99827],[111.62384,-7.999],[111.62479,-7.99909],[111.62436,-7.9998],[111.6246,-7.99979],[111.6252,-8.0002],[111.62609,-7.99945],[111.62651,-7.99841],[111.62688,-7.99836],[111.62716,-7.99949],[111.62727,-8.00132],[111.62692,-8.002],[111.62709,-8.00203],[111.6281,-8.0014],[111.62841,-8.00081],[111.62898,-8.00107],[111.62976,-8.00077],[111.63004,-8.0009],[111.63061,-8.00081],[111.63095,-7.99992],[111.63157,-7.99949],[111.63149,-7.99993],[111.63193,-8.00017],[111.63185,-7.9995],[111.63199,-7.99891],[111.63229,-7.99784],[111.6326,-7.99747],[111.63281,-7.99683],[111.63261,-7.99631],[111.63267,-7.99598],[111.63339,-7.99654],[111.63415,-7.99777],[111.63409,-7.99869],[111.63474,-7.99984],[111.63476,-8.0003],[111.63498,-8.00041],[111.63573,-7.99934],[111.63596,-7.99841],[111.63641,-7.99861],[111.63699,-7.99832],[111.63762,-7.99845],[111.63781,-7.99814],[111.63789,-7.99907],[111.6382,-7.99946],[111.63762,-8.00006],[111.63743,-8.00095],[111.63729,-8.00125],[111.63703,-8.00135],[111.63678,-8.00192],[111.63787,-8.00188],[111.63862,-8.00252],[111.63907,-8.00272],[111.63884,-8.00223],[111.63941,-8.00232],[111.64004,-8.00212],[111.6396,-8.00199],[111.63938,-8.00099],[111.63959,-8.00087],[111.63944,-8.0007],[111.63944,-8.00045],[111.6397,-8.0002],[111.63982,-7.99955],[111.63953,-7.99946],[111.63957,-7.99886],[111.63973,-7.99849],[111.63983,-7.99858],[111.64096,-7.99862],[111.64094,-7.9985],[111.64156,-7.99812],[111.64246,-7.99822],[111.64285,-7.99773],[111.64336,-7.99755],[111.64434,-7.9979],[111.64509,-7.99892],[111.64548,-7.99923],[111.64552,-7.9998],[111.64592,-8.0],[111.64602,-8.00028],[111.64693,-8.00057],[111.64738,-8.00104],[111.64814,-8.00103],[111.64857,-7.99958],[111.64883,-7.99945],[111.64913,-7.9997],[111.64933,-7.99969],[111.64945,-7.99911],[111.65029,-7.99768],[111.64992,-7.99741],[111.64955,-7.9968],[111.64863,-7.99629],[111.64789,-7.99679],[111.64755,-7.9973],[111.64711,-7.99729],[111.64691,-7.99763],[111.64614,-7.99803],[111.64585,-7.99795],[111.6458,-7.9974],[111.64474,-7.99634],[111.64454,-7.99592],[111.64463,-7.99563],[111.6445,-7.99532],[111.64438,-7.9953],[111.64432,-7.99497],[111.64355,-7.99398],[111.64392,-7.99389],[111.64434,-7.994],[111.64541,-7.99369],[111.64588,-7.9937],[111.64638,-7.9935],[111.64615,-7.99325],[111.64597,-7.99215],[111.64554,-7.99152],[111.64516,-7.99126],[111.64441,-7.99115],[111.64381,-7.99052],[111.64375,-7.99027],[111.64391,-7.98969],[111.64381,-7.98956],[111.64353,-7.98958],[111.64379,-7.98923],[111.6435,-7.98891],[111.64398,-7.9891],[111.64436,-7.98991],[111.64522,-7.98962],[111.64594,-7.9897],[111.64628,-7.99042],[111.64663,-7.99063],[111.64729,-7.99075],[111.64767,-7.99104],[111.64774,-7.99098],[111.64735,-7.99014],[111.64761,-7.98945],[111.64754,-7.98907],[111.6467,-7.98763],[111.6477,-7.98826],[111.64789,-7.9886],[111.64864,-7.98904],[111.64894,-7.98888],[111.64885,-7.98865],[111.64915,-7.98834],[111.64932,-7.98782],[111.64884,-7.98712],[111.64967,-7.9868],[111.64964,-7.98634],[111.64912,-7.98526],[111.64918,-7.9846],[111.64877,-7.98335],[111.64964,-7.98343],[111.65032,-7.98284],[111.65069,-7.98311],[111.65104,-7.98311],[111.65101,-7.98231],[111.65162,-7.98117],[111.65214,-7.9805],[111.65212,-7.98008],[111.65235,-7.97954],[111.65269,-7.97984],[111.65398,-7.97968],[111.65418,-7.97943],[111.65464,-7.97933],[111.65515,-7.97884],[111.65549,-7.97815]]}},{"type":"Feature","properties":{"NAMOBJ":"650","REMARK":"Garis Kontur","JNSKNT":1,"VALKNT":650},"geometry":{"type":"LineString","coordinates":[[111.60268,-7.94801],[111.60336,-7.94765],[111.60403,-7.94763],[111.60272,-7.94721],[111.60238,-7.94648],[111.60193,-7.94649],[111.60176,-7.94633],[111.60177,-7.94586],[111.60213,-7.9454],[111.60153,-7.94542],[111.60138,-7.94515],[111.60044,-7.94474],[111.59999,-7.94501],[111.60078,-7.9454],[111.60133,-7.94609],[111.60126,-7.94637],[111.60025,-7.94678],[111.60002,-7.94701],[111.60148,-7.94792],[111.60225,-7.94814],[111.60268,-7.94801]]}},{"type":"Feature","properties":{"NAMOBJ":"637.5","REMARK":"Garis Kontur","JNSKNT":2,"VALKNT":637.5},"geometry":{"type":"LineString","coordinates":[[111.59843,-7.94356],[111.59834,-7.9439],[111.59844,-7.94408],[111.59849,-7.94377],[111.59843,-7.94356]]}},{"type":"Feature","properties":{"NAMOBJ":"387.5","REMARK":"Garis Kontur","JNSKNT":2,"VALKNT":387.5},"geometry":{"type":"LineString","coordinates":[[111.58744,-7.94929],[111.58688,-7.94936],[111.58635,-7.94992],[111.58614,-7.95042],[111.58582,-7.95055],[111.58592,-7.95097],[111.58568,-7.95166],[111.58621,-7.95197],[111.58675,-7.95255],[111.58633,-7.95433],[111.58645,-7.95532],[111.58682,-7.95588],[111.58614,-7.9564],[111.58532,-7.95656],[111.58531,-7.95721],[111.58633,-7.95792],[111.58705,-7.95795],[111.5878,-7.95758],[111.58794,-7.95801],[111.58873,-7.9587],[111.58947,-7.95842],[111.5891,-7.95768],[111.58946,-7.9571],[111.5888,-7.95616],[111.58879,-7.95587],[111.58924,-7.95566],[111.58975,-7.95602],[111.59013,-7.95594],[111.59068,-7.95603],[111.59099,-7.95568],[111.59136,-7.9556],[111.59088,-7.95491],[111.59041,-7.95453],[111.58996,-7.95438],[111.58977,-7.95409],[111.58802,-7.9534],[111.5874,-7.95281],[111.58738,-7.95265],[111.58767,-7.95227],[111.58912,-7.95086],[111.58891,-7.95073],[111.58899,-7.94968],[111.58801,-7.9497],[111.58744,-7.94929]]}},{"type":"Feature","properties":{"NAMOBJ":"437.5","REMARK":"Garis Kontur","JNSKNT":2,"VALKNT":437.5},"geometry":{"type":"LineString","coordinates":[[111.58948,-7.9651],[111.58954,-7.96456],[111.58942,-7.96423],[111.58893,-7.96387],[111.58884,-7.96295],[111.58897,-7.9621],[111.58876,-7.9613],[111.58818,-7.96206],[111.58671,-7.96332],[111.58658,-7.96376],[111.58677,-7.96384],[111.58734,-7.9637],[111.5886,-7.96383],[111.58883,-7.96431],[111.58861,-7.96456],[111.58885,-7.96494],[111.58882,-7.96531],[111.58974,-7.96571],[111.58994,-7.96561],[111.59024,-7.96585],[111.59012,-7.96543],[111.58948,-7.9651]]}},{"type":"Feature","properties":{"NAMOBJ":"512.5","REMARK":"Garis Kontur","JNSKNT":2,"VALKNT":512.5},"geometry":{"type":"LineString","coordinates":[[111.59691,-7.9884],[111.59777,-7.98854],[111.59879,-7.9882],[111.59859,-7.98752],[111.59905,-7.98732],[111.5993,-7.98695],[111.59847,-7.98593],[111.59823,-7.98476],[111.59783,-7.98492],[111.59742,-7.98598],[111.59734,-7.98657],[111.59743,-7.98699],[111.59706,-7.98783],[111.59653,-7.9882],[111.59647,-7.98863],[111.59691,-7.9884]]}},{"type":"Feature","properties":{"NAMOBJ":"537.5","REMARK":"Garis Kontur","JNSKNT":2,"VALKNT":537.5},"geometry":{"type":"LineString","coordinates":[[111.61265,-7.98508],[111.6125,-7.98446],[111.61245,-7.98438],[111.61249,-7.98525],[111.61265,-7.98508]]}},{"type":"Feature","properties":{"NAMOBJ":"587.5","REMARK":"Garis Kontur","JNSKNT":2,"VALKNT":587.5},"geometry":{"type":"LineString","coordinates":[[111.63877,-7.99663],[111.63896,-7.99547],[111.63882,-7.99536],[111.63863,-7.99639],[111.63877,-7.99663]]}},{"type":"Feature","properties":{"NAMOBJ":"400","REMARK":"Garis Kontur","JNSKNT":1,"VALKNT":400},"geometry":{"type":"LineString","coordinates":[[111.58683,-7.94965],[111.58592,-7.95164],[111.5868,-7.95217],[111.58689,-7.95242],[111.58693,-7.95279],[111.58654,-7.95451],[111.58662,-7.95529],[111.58701,-7.95592],[111.58624,-7.95656],[111.58546,-7.95666],[111.58546,-7.95678],[111.58562,-7.95702],[111.58558,-7.95719],[111.58645,-7.95779],[111.58709,-7.95777],[111.58785,-7.95745],[111.58807,-7.95791],[111.58881,-7.95853],[111.58913,-7.95828],[111.58885,-7.95771],[111.58923,-7.9571],[111.58851,-7.95622],[111.58854,-7.95566],[111.58885,-7.95565],[111.58922,-7.9554],[111.58978,-7.95582],[111.59029,-7.95565],[111.59072,-7.95569],[111.591,-7.95543],[111.59032,-7.95461],[111.58979,-7.95444],[111.58967,-7.95421],[111.58834,-7.95361],[111.5879,-7.95354],[111.58734,-7.95301],[111.5873,-7.9526],[111.58746,-7.95228],[111.58824,-7.95147],[111.589,-7.9509],[111.5887,-7.95064],[111.58875,-7.94982],[111.58793,-7.94981],[111.58732,-7.94951],[111.58683,-7.94965]]}},{"type":"Feature","properties":{"NAMOBJ":"675","REMARK":"Garis Kontur","JNSKNT":2,"VALKNT":675},"geometry":{"type":"MultiLineString","coordinates":[[[111.65882,-7.96761],[111.65901,-7.96779],[111.65951,-7.96793],[111.66133,-7.96805],[111.66176,-7.96782],[111.66231,-7.968],[111.66178,-7.96817],[111.66175,-7.969],[111.66104,-7.96836],[111.6606,-7.96838],[111.65951,-7.9688],[111.65951,-7.96895],[111.66012,-7.96947],[111.6592,-7.96965],[111.659,-7.96981],[111.65896,-7.97108],[111.65854,-7.97049],[111.6585,-7.97006],[111.65837,-7.9699],[111.65802,-7.96971],[111.65786,-7.96979],[111.65733,-7.96944],[111.65748,-7.96878],[111.65689,-7.96815],[111.65598,-7.96854],[111.65541,-7.96937],[111.65536,-7.96966],[111.65503,-7.96983],[111.65525,-7.96925],[111.65491,-7.96868],[111.65521,-7.96848],[111.65542,-7.96812],[111.65565,-7.96738],[111.65488,-7.96722],[111.65532,-7.9663],[111.65387,-7.96612],[111.65273,-7.96615],[111.65252,-7.96733],[111.65194,-7.96703],[111.65149,-7.96737],[111.65134,-7.96729],[111.65065,-7.96738],[111.65029,-7.96727],[111.64991,-7.96739],[111.64953,-7.96774],[111.64936,-7.9681],[111.64977,-7.96859],[111.64998,-7.96906],[111.64976,-7.96931],[111.6497,-7.96971],[111.64865,-7.96982],[111.64848,-7.96914],[111.64814,-7.96886],[111.64709,-7.96964],[111.64697,-7.96966],[111.64632,-7.96901],[111.64594,-7.96938],[111.64525,-7.96925],[111.6449,-7.96958],[111.64464,-7.96932],[111.64396,-7.96927],[111.64303,-7.97],[111.64286,-7.96993],[111.64271,-7.96956],[111.64226,-7.96921],[111.64163,-7.97026],[111.64149,-7.96943],[111.64119,-7.96931],[111.64061,-7.96951],[111.6407,-7.96914],[111.64057,-7.96865],[111.63983,-7.968],[111.64017,-7.96765],[111.63956,-7.96754],[111.63883,-7.96696],[111.63867,-7.96658],[111.63819,-7.96622],[111.63868,-7.96587],[111.6397,-7.96565],[111.6405,-7.96608],[111.64138,-7.96552],[111.64186,-7.96638],[111.64312,-7.96582],[111.64316,-7.9657],[111.64428,-7.96566],[111.6445,-7.96528],[111.64449,-7.96439],[111.64513,-7.96433],[111.64535,-7.96409],[111.64563,-7.96422],[111.64601,-7.96409],[111.64635,-7.96422],[111.64626,-7.96476],[111.64534,-7.96572],[111.64472,-7.96616],[111.64529,-7.96676],[111.6449,-7.9671],[111.64494,-7.96738],[111.64577,-7.96752],[111.64668,-7.96715],[111.64728,-7.96772],[111.64832,-7.96783],[111.64815,-7.96686],[111.64818,-7.96634],[111.64855,-7.96581],[111.64956,-7.96646],[111.64966,-7.96671],[111.65058,-7.96692],[111.65126,-7.96671],[111.65144,-7.96648],[111.65126,-7.96608],[111.65092,-7.96583],[111.65078,-7.96503],[111.65113,-7.96542],[111.6515,-7.96542],[111.65241,-7.96483],[111.65297,-7.96521],[111.65303,-7.96554],[111.65327,-7.96555],[111.65345,-7.96548],[111.6538,-7.96464]],[[111.65557,-7.96559],[111.65571,-7.96595],[111.65615,-7.96583]],[[111.65682,-7.96607],[111.65704,-7.96646],[111.65749,-7.96648]]]}},{"type":"Feature","properties":{"NAMOBJ":"562.5","REMARK":"Garis Kontur","JNSKNT":2,"VALKNT":562.5},"geometry":{"type":"LineString","coordinates":[[111.64771,-7.99975],[111.64828,-7.999],[111.64877,-7.99899],[111.64875,-7.99858],[111.64915,-7.9981],[111.64904,-7.9977],[111.64869,-7.99744],[111.64831,-7.9975],[111.64798,-7.99784],[111.64794,-7.99804],[111.64761,-7.99792],[111.64765,-7.99853],[111.64717,-7.99888],[111.64719,-7.99927],[111.64771,-7.99975]]}},{"type":"Feature","properties":{"NAMOBJ":"562.5","REMARK":"Garis Kontur","JNSKNT":2,"VALKNT":562.5},"geometry":{"type":"LineString","coordinates":[[111.56368,-8.0],[111.56349,-8.00052],[111.56326,-8.00056],[111.56292,-8.00137],[111.56226,-8.00147],[111.5622,-8.00332],[111.56205,-8.00341],[111.56174,-8.00409],[111.5614,-8.00419],[111.56135,-8.00435],[111.56209,-8.00489],[111.5608,-8.0047],[111.56001,-8.00408],[111.55894,-8.00383],[111.55858,-8.00393],[111.55813,-8.00217],[111.55696,-8.00313],[111.55641,-8.00435],[111.55633,-8.0051],[111.55647,-8.00592],[111.55621,-8.00708],[111.55557,-8.00669],[111.55499,-8.00653],[111.55429,-8.00681],[111.55399,-8.00714],[111.55304,-8.00714],[111.55243,-8.00766],[111.55289,-8.00693],[111.55377,-8.00645],[111.55378,-8.00572],[111.55471,-8.00596],[111.5554,-8.00514],[111.55548,-8.00493],[111.55528,-8.00407],[111.55555,-8.00356],[111.55561,-8.00301],[111.55511,-8.00255],[111.55534,-8.00228],[111.55552,-8.00178],[111.55608,-8.0015],[111.55657,-7.99921],[111.55718,-7.99888],[111.55779,-7.99922],[111.55834,-7.99882],[111.55849,-7.99837],[111.55956,-7.99812],[111.55984,-7.99757],[111.55972,-7.99666],[111.56065,-7.9966],[111.56111,-7.99618],[111.56116,-7.99588],[111.56097,-7.99537],[111.56096,-7.99472],[111.56116,-7.99499],[111.56178,-7.99494],[111.56261,-7.99551],[111.56331,-7.99558],[111.56365,-7.99575],[111.5628,-7.99627],[111.56264,-7.9965],[111.56276,-7.99809],[111.56352,-7.99853],[111.56401,-7.99818],[111.56472,-7.99843],[111.56428,-7.99871],[111.5637,-7.99934],[111.56368,-8.0]]}},{"type":"Feature","properties":{"NAMOBJ":"400","REMARK":"Garis Kontur","JNSKNT":1,"VALKNT":400},"geometry":{"type":"LineString","coordinates":[[111.57181,-8.0],[111.57168,-7.99982],[111.57191,-7.99958],[111.57225,-7.99875],[111.57212,-7.99869],[111.57191,-7.99792],[111.57154,-7.99781],[111.57154,-7.99729],[111.57189,-7.9969],[111.57113,-7.99648],[111.57106,-7.99543],[111.57073,-7.99529],[111.56984,-7.99528],[111.56924,-7.99468],[111.56888,-7.99525],[111.56833,-7.99524],[111.56805,-7.99537],[111.56798,-7.99522],[111.5677,-7.99526],[111.56709,-7.99555],[111.56682,-7.99554],[111.56689,-7.99472],[111.56638,-7.99443],[111.5664,-7.99423],[111.56571,-7.99276],[111.56588,-7.99221],[111.56587,-7.99139],[111.56521,-7.99189],[111.56518,-7.99227],[111.5647,-7.99237],[111.56448,-7.99336],[111.56419,-7.99355],[111.56394,-7.99339],[111.5637,-7.99349],[111.5631,-7.99322],[111.56278,-7.99322],[111.56234,-7.9922],[111.56178,-7.99212],[111.56157,-7.99125],[111.56066,-7.9915],[111.56067,-7.99128],[111.56,-7.99069],[111.55956,-7.99],[111.55771,-7.98964],[111.5577,-7.9902],[111.55812,-7.99049],[111.55814,-7.99086],[111.55857,-7.99167],[111.55901,-7.99195],[111.55893,-7.99238],[111.55912,-7.99288],[111.55898,-7.9933],[111.55905,-7.99398],[111.55785,-7.99376],[111.55698,-7.99409],[111.55677,-7.99405],[111.55725,-7.99511],[111.55786,-7.99552],[111.55732,-7.99574],[111.55734,-7.99617],[111.55703,-7.99633],[111.5569,-7.99657],[111.55621,-7.9964],[111.55586,-7.99675],[111.55581,-7.99716],[111.55492,-7.99666],[111.55429,-7.99603],[111.55416,-7.9957],[111.55364,-7.99695],[111.55351,-7.99777],[111.55386,-7.9985],[111.55352,-7.99853],[111.55286,-7.99897],[111.5529,-7.99927],[111.55269,-8.0]]}},{"type":"Feature","properties":{"NAMOBJ":"362.5","REMARK":"Garis Kontur","JNSKNT":2,"VALKNT":362.5},"geometry":{"type":"LineString","coordinates":[[111.59811,-7.95746],[111.59772,-7.95693],[111.59749,-7.95677],[111.59749,-7.95718],[111.59798,-7.95759],[111.59811,-7.95746]]}},{"type":"Feature","properties":{"NAMOBJ":"675","REMARK":"Garis Kontur","JNSKNT":2,"VALKNT":675},"geometry":{"type":"LineString","coordinates":[[111.55079,-8.03867],[111.551,-8.03897],[111.55178,-8.03941],[111.55257,-8.03878],[111.55107,-8.0384],[111.55057,-8.03841],[111.55079,-8.03867]]}},{"type":"Feature","properties":{"NAMOBJ":"512.5","REMARK":"Garis Kontur","JNSKNT":2,"VALKNT":512.5},"geometry":{"type":"LineString","coordinates":[[111.64675,-8.00213],[111.64709,-8.00296],[111.64719,-8.00293],[111.64738,-8.00252],[111.64734,-8.00221],[111.64678,-8.00178],[111.64675,-8.00213]]}},{"type":"Feature","properties":{"NAMOBJ":"475","REMARK":"Garis Kontur","JNSKNT":2,"VALKNT":475},"geometry":{"type":"LineString","coordinates":[[111.64294,-8.00228],[111.64344,-8.00228],[111.64361,-8.00135],[111.64326,-8.00086],[111.64295,-8.00067],[111.64269,-8.00072],[111.64241,-8.00133],[111.64294,-8.00228]]}},{"type":"Feature","properties":{"NAMOBJ":"725","REMARK":"Garis Kontur","JNSKNT":2,"VALKNT":725},"geometry":{"type":"LineString","coordinates":[[111.64127,-7.96798],[111.64154,-7.96817],[111.64194,-7.96784],[111.64247,-7.96794],[111.64324,-7.96771],[111.64337,-7.96699],[111.64124,-7.96785],[111.64127,-7.96798]]}},{"type":"Feature","properties":{"NAMOBJ":"662.5","REMARK":"Garis Kontur","JNSKNT":2,"VALKNT":662.5},"geometry":{"type":"LineString","coordinates":[[111.55189,-8.0198],[111.55183,-8.01988],[111.55254,-8.01972],[111.55287,-8.01943],[111.55189,-8.0198]]}},{"type":"Feature","properties":{"NAMOBJ":"662.5","REMARK":"Garis Kontur","JNSKNT":2,"VALKNT":662.5},"geometry":{"type":"LineString","coordinates":[[111.64786,-7.97782],[111.64753,-7.97819],[111.64746,-7.97847],[111.64776,-7.97844],[111.64805,-7.97823],[111.64859,-7.97756],[111.64786,-7.97782]]}},{"type":"Feature","properties":{"NAMOBJ":"712.5","REMARK":"Garis Kontur","JNSKNT":2,"VALKNT":712.5},"geometry":{"type":"LineString","coordinates":[[111.60206,-7.94696],[111.60204,-7.94694],[111.60193,-7.94698],[111.60199,-7.94699],[111.60206,-7.94696]]}},{"type":"Feature","properties":{"NAMOBJ":"200","REMARK":"Garis Kontur","JNSKNT":1,"VALKNT":200},"geometry":{"type":"MultiLineString","coordinates":[[[111.57164,-7.91986],[111.57148,-7.92017],[111.57158,-7.92094],[111.57132,-7.92163],[111.57088,-7.92193],[111.56978,-7.92194]],[[111.56771,-7.92375],[111.56784,-7.924]],[[111.568,-7.92433],[111.56834,-7.92462],[111.56806,-7.92468],[111.56794,-7.92454],[111.56777,-7.92487],[111.56702,-7.92513],[111.56623,-7.92497],[111.56401,-7.92575],[111.56373,-7.92605],[111.56388,-7.92614],[111.56433,-7.92727],[111.56409,-7.92739],[111.56338,-7.92733],[111.5635,-7.92687],[111.5631,-7.92694],[111.56305,-7.92747],[111.56325,-7.92791],[111.56344,-7.92799],[111.56377,-7.92768],[111.56436,-7.92738],[111.56595,-7.92698],[111.56625,-7.9267],[111.56655,-7.92662],[111.56731,-7.92564],[111.56794,-7.92569],[111.56837,-7.92637],[111.57023,-7.92589],[111.57095,-7.92595],[111.5716,-7.92618],[111.57289,-7.92526],[111.57337,-7.92465],[111.57423,-7.9248],[111.57501,-7.92543],[111.5759,-7.92563],[111.57619,-7.92549]],[[111.57853,-7.92747],[111.57687,-7.92778],[111.5763,-7.9282],[111.57611,-7.92813],[111.57591,-7.92781],[111.57562,-7.92776],[111.5751,-7.92778],[111.57422,-7.92804],[111.57348,-7.9273],[111.57387,-7.9271],[111.57388,-7.92695],[111.57337,-7.92721],[111.57288,-7.92774],[111.57295,-7.92909],[111.57344,-7.92964],[111.57257,-7.9297],[111.57247,-7.9298],[111.5715,-7.92905],[111.5712,-7.92859],[111.5703,-7.92825],[111.56984,-7.92937],[111.56861,-7.93057],[111.56809,-7.93088],[111.5662,-7.93114],[111.5659,-7.9309],[111.56565,-7.93145],[111.56532,-7.93171],[111.56465,-7.93151],[111.56408,-7.93211],[111.56341,-7.93231],[111.5627,-7.93201],[111.56198,-7.93207],[111.56166,-7.93166],[111.56164,-7.93196],[111.56125,-7.93213],[111.56085,-7.93286],[111.5599,-7.93256],[111.5601,-7.93268],[111.56029,-7.9332],[111.56077,-7.93333],[111.56091,-7.93376],[111.55983,-7.93455],[111.55947,-7.93533],[111.55983,-7.93554],[111.56015,-7.93516],[111.56067,-7.93549],[111.56099,-7.93519],[111.56172,-7.93533],[111.56246,-7.9351],[111.5637,-7.93514],[111.56376,-7.93552],[111.56331,-7.93613],[111.56308,-7.93616],[111.56189,-7.93693],[111.56148,-7.93731],[111.56199,-7.93757],[111.56485,-7.93693],[111.56509,-7.93708],[111.56537,-7.93703],[111.56732,-7.93587],[111.56775,-7.93589],[111.56853,-7.93668],[111.56918,-7.93712],[111.56929,-7.93679],[111.57149,-7.93573],[111.57218,-7.93578],[111.57338,-7.93646],[111.5736,-7.93626],[111.57408,-7.9362],[111.57523,-7.9354],[111.57554,-7.93531],[111.57559,-7.93446],[111.57619,-7.93364],[111.57689,-7.93379],[111.57766,-7.93435],[111.57785,-7.93389],[111.57847,-7.93314],[111.57862,-7.9325],[111.57915,-7.93214],[111.57955,-7.93155],[111.58,-7.93129],[111.58052,-7.93118],[111.58093,-7.93089],[111.58109,-7.93057],[111.58166,-7.93036],[111.58214,-7.9305],[111.58244,-7.93112],[111.58312,-7.93104],[111.58352,-7.93184],[111.58418,-7.93231],[111.58477,-7.93304],[111.58514,-7.93314],[111.58574,-7.93301],[111.58606,-7.93359],[111.58648,-7.93388],[111.58684,-7.93445],[111.58831,-7.93538],[111.58882,-7.93596],[111.58916,-7.93589],[111.58937,-7.93611],[111.58961,-7.93607],[111.59,-7.93587],[111.5909,-7.93573],[111.59105,-7.93547],[111.5916,-7.93584],[111.59246,-7.93592]],[[111.61082,-7.93577],[111.61092,-7.93595],[111.61052,-7.93625],[111.61023,-7.93599],[111.61002,-7.93599],[111.60897,-7.93633],[111.60855,-7.93666],[111.60796,-7.93636],[111.60696,-7.93555],[111.60648,-7.93597],[111.60688,-7.93608],[111.607,-7.93633],[111.6067,-7.9364],[111.60642,-7.93628],[111.60608,-7.93668],[111.60585,-7.93637],[111.60459,-7.93637],[111.60426,-7.93624],[111.60392,-7.93537],[111.60379,-7.93524],[111.60355,-7.93531],[111.60356,-7.93496],[111.60327,-7.93472],[111.60314,-7.93434],[111.60295,-7.93445],[111.60247,-7.93543],[111.60226,-7.93527],[111.60205,-7.93475],[111.6016,-7.9348],[111.60175,-7.93515],[111.60151,-7.93551],[111.60059,-7.9355],[111.60016,-7.93513],[111.59983,-7.93515],[111.59959,-7.93447],[111.59961,-7.93391],[111.59942,-7.93363],[111.59908,-7.93339],[111.59853,-7.9333],[111.59797,-7.93398],[111.59703,-7.93411],[111.59689,-7.93388],[111.59667,-7.93384],[111.59578,-7.93428],[111.59525,-7.93429],[111.5946,-7.93453],[111.59466,-7.93484],[111.59454,-7.93533],[111.59465,-7.93579],[111.59433,-7.93717],[111.59376,-7.93723],[111.59338,-7.93759],[111.59244,-7.93767],[111.59244,-7.93792],[111.59207,-7.93773],[111.59163,-7.93795],[111.59173,-7.93823],[111.59157,-7.93855],[111.59171,-7.93918],[111.59138,-7.93925],[111.59105,-7.93958],[111.59118,-7.94005],[111.59041,-7.93995],[111.59024,-7.9394],[111.58971,-7.93927],[111.58915,-7.93894],[111.5891,-7.93878],[111.58842,-7.93854],[111.58806,-7.93827],[111.5874,-7.93821],[111.58734,-7.93849],[111.58758,-7.9393],[111.58812,-7.93968],[111.58831,-7.9402],[111.5888,-7.94089],[111.58928,-7.94117],[111.58951,-7.9417],[111.58984,-7.94188],[111.58911,-7.94205],[111.5889,-7.9423],[111.58888,-7.94273],[111.58859,-7.94295],[111.58853,-7.94388],[111.58897,-7.94427],[111.58937,-7.94438],[111.58942,-7.9448],[111.58998,-7.94477],[111.59047,-7.94573],[111.59148,-7.94666],[111.59194,-7.94795],[111.59185,-7.94775],[111.59177,-7.94786],[111.59157,-7.94784],[111.59157,-7.94728],[111.59142,-7.94708],[111.5914,-7.94674],[111.59115,-7.94651],[111.59087,-7.94633],[111.59048,-7.94629],[111.5903,-7.94603],[111.59003,-7.94614],[111.59004,-7.94588],[111.58983,-7.94583],[111.58934,-7.94515],[111.58837,-7.94442],[111.58795,-7.94452],[111.58777,-7.94354],[111.58782,-7.94277],[111.58773,-7.94276],[111.58788,-7.94243],[111.58758,-7.94091],[111.587,-7.94058],[111.58642,-7.94057],[111.58561,-7.93981],[111.58524,-7.93891],[111.58525,-7.93808],[111.5846,-7.93797],[111.58474,-7.93742],[111.58456,-7.93713],[111.58473,-7.93647],[111.5846,-7.93637],[111.58461,-7.93608],[111.58349,-7.93542],[111.58371,-7.93498],[111.58353,-7.93468],[111.58315,-7.93492],[111.58284,-7.93489],[111.5826,-7.93538],[111.58242,-7.93536],[111.58216,-7.93476],[111.58232,-7.93414],[111.58222,-7.93332],[111.58151,-7.93286],[111.58107,-7.93229],[111.58062,-7.93264],[111.5804,-7.93357],[111.58074,-7.93431],[111.58048,-7.93556],[111.58008,-7.93553],[111.57978,-7.93584],[111.57918,-7.93598],[111.57821,-7.93649],[111.57739,-7.93632],[111.57717,-7.93638],[111.57713,-7.93701],[111.5774,-7.9372],[111.57744,-7.93765],[111.57724,-7.93777],[111.5772,-7.93794],[111.57654,-7.93773],[111.57604,-7.93788],[111.57597,-7.93798],[111.57617,-7.93811],[111.57577,-7.93822],[111.57559,-7.93853],[111.57512,-7.93866],[111.57457,-7.9394],[111.57356,-7.9395],[111.5731,-7.93975],[111.57188,-7.93963],[111.57108,-7.94122],[111.57029,-7.94156],[111.5694,-7.94174],[111.56848,-7.94265],[111.56809,-7.94315],[111.56738,-7.94467],[111.56706,-7.946],[111.56721,-7.94707],[111.56806,-7.94702],[111.56892,-7.94645],[111.56956,-7.94624],[111.57084,-7.94467],[111.57093,-7.94571],[111.57121,-7.94594],[111.57119,-7.94662],[111.57109,-7.9472],[111.57059,-7.94807],[111.57072,-7.9484],[111.5715,-7.94865],[111.57164,-7.94845],[111.57252,-7.9481],[111.57328,-7.94802],[111.57387,-7.94779],[111.57401,-7.94738],[111.57445,-7.94678],[111.5743,-7.94621],[111.57459,-7.94542],[111.57568,-7.94518],[111.57592,-7.94502],[111.57609,-7.9455],[111.57688,-7.94626],[111.57636,-7.94715],[111.57696,-7.94739],[111.57745,-7.94707],[111.57736,-7.94755],[111.57705,-7.94807],[111.5777,-7.94862],[111.5777,-7.9488],[111.57737,-7.949],[111.5774,-7.94952],[111.57803,-7.94995],[111.57815,-7.95055],[111.57845,-7.95078],[111.57896,-7.95163],[111.57963,-7.95187],[111.57954,-7.95236],[111.58084,-7.95421],[111.58228,-7.95446],[111.58145,-7.95532],[111.58102,-7.95615],[111.58142,-7.95692],[111.58111,-7.95814],[111.58142,-7.95873],[111.58186,-7.95895],[111.58229,-7.95975],[111.58293,-7.95983],[111.58228,-7.96001],[111.58194,-7.96104],[111.58159,-7.96165],[111.58122,-7.96202],[111.58088,-7.96282],[111.58044,-7.96293],[111.58037,-7.96307],[111.58077,-7.96327],[111.58131,-7.96414],[111.58158,-7.96435],[111.58203,-7.96443],[111.58218,-7.96524],[111.58249,-7.96534],[111.58272,-7.966],[111.5832,-7.96668],[111.58333,-7.96741],[111.58459,-7.96916],[111.58524,-7.96936],[111.5856,-7.96933],[111.58605,-7.96973],[111.58663,-7.97065],[111.58642,-7.97123],[111.58643,-7.97158],[111.58696,-7.97185],[111.58656,-7.97221],[111.58698,-7.97243],[111.5878,-7.97216],[111.58756,-7.9725],[111.58761,-7.97302],[111.58749,-7.97306],[111.58781,-7.97347],[111.58838,-7.97382],[111.58882,-7.9745],[111.58922,-7.97465],[111.5907,-7.97477],[111.59142,-7.97449],[111.59181,-7.97497],[111.59234,-7.97537],[111.5927,-7.97549],[111.59243,-7.97587],[111.59209,-7.97603],[111.59089,-7.97557],[111.5901,-7.97571],[111.59008,-7.97524],[111.58987,-7.9751],[111.58955,-7.9752],[111.58928,-7.97561],[111.58895,-7.97558],[111.58888,-7.97601],[111.58929,-7.97625],[111.58937,-7.97647],[111.5902,-7.97634],[111.58989,-7.97673],[111.58977,-7.97715],[111.5892,-7.97695],[111.5893,-7.97806],[111.5892,-7.97817],[111.58869,-7.97794],[111.5887,-7.97766],[111.58836,-7.97752],[111.58805,-7.97802],[111.58766,-7.97794],[111.58706,-7.97826],[111.5836,-7.97827],[111.5832,-7.97786],[111.58306,-7.97742],[111.58277,-7.97713],[111.58255,-7.9771],[111.58222,-7.97662],[111.5819,-7.97641],[111.58165,-7.97653],[111.58158,-7.9769],[111.5817,-7.9773],[111.58225,-7.97805],[111.58228,-7.97852],[111.58264,-7.97949],[111.58323,-7.97979],[111.58351,-7.97978],[111.58367,-7.98057],[111.58422,-7.98154],[111.58496,-7.98153],[111.58491,-7.98243],[111.58541,-7.98338],[111.58541,-7.98408],[111.58608,-7.98441],[111.58586,-7.98462],[111.58515,-7.98468],[111.58463,-7.98459],[111.58386,-7.98418],[111.58403,-7.98507],[111.58569,-7.98591],[111.5855,-7.98598],[111.58468,-7.9857],[111.58378,-7.9858],[111.58364,-7.98597],[111.58364,-7.98666],[111.58335,-7.98701],[111.58322,-7.98793],[111.58293,-7.98862],[111.58335,-7.98891],[111.58362,-7.98934],[111.58363,-7.9902],[111.58383,-7.99113],[111.58353,-7.99142],[111.58398,-7.9922],[111.58433,-7.99244],[111.58523,-7.99255],[111.58565,-7.99316],[111.58617,-7.9932],[111.58662,-7.99301],[111.58726,-7.99432],[111.58703,-7.99444],[111.58684,-7.99475],[111.58675,-7.99429],[111.58613,-7.99407],[111.58593,-7.99384],[111.58564,-7.99393],[111.58512,-7.99336],[111.5848,-7.9932],[111.58442,-7.99322],[111.58439,-7.99336],[111.58411,-7.99353],[111.58411,-7.99386],[111.58471,-7.99441],[111.58475,-7.99466],[111.58416,-7.99455],[111.58369,-7.99489],[111.58364,-7.99542],[111.58346,-7.99507],[111.58296,-7.99519],[111.58276,-7.99548],[111.58264,-7.99611],[111.58277,-7.99703],[111.58333,-7.99828],[111.58311,-7.99809],[111.58252,-7.99809],[111.58192,-7.99881],[111.58133,-7.99897],[111.58148,-7.99877],[111.5816,-7.99812],[111.58184,-7.99837],[111.58193,-7.99824],[111.58172,-7.99752],[111.58171,-7.99688],[111.58152,-7.99673],[111.58127,-7.99612],[111.58159,-7.99461],[111.58108,-7.99434],[111.58126,-7.99391],[111.58091,-7.99366],[111.5801,-7.99367],[111.58062,-7.99335],[111.58073,-7.99305],[111.5809,-7.99337],[111.58165,-7.99324],[111.5818,-7.99333],[111.58212,-7.99314],[111.58144,-7.99251],[111.58139,-7.99174],[111.58062,-7.99172],[111.58046,-7.99114],[111.58056,-7.99071],[111.58016,-7.99025],[111.57985,-7.99063],[111.57966,-7.99055],[111.57924,-7.99101],[111.57874,-7.99122],[111.57852,-7.99081],[111.57857,-7.99054],[111.57818,-7.98973],[111.57858,-7.9895],[111.57859,-7.98875],[111.57802,-7.98757],[111.57725,-7.98747],[111.5762,-7.98785],[111.57548,-7.98861],[111.57526,-7.98811],[111.57449,-7.98767],[111.57411,-7.98764],[111.57432,-7.98722],[111.57508,-7.98657],[111.57467,-7.98565],[111.57401,-7.98569],[111.57346,-7.98592],[111.57308,-7.98557],[111.57301,-7.98498],[111.57254,-7.985],[111.57244,-7.98489],[111.57262,-7.98383],[111.57242,-7.98349],[111.57174,-7.98302],[111.57138,-7.9826],[111.56982,-7.98257],[111.56877,-7.98149],[111.5686,-7.98068],[111.5688,-7.9803],[111.56848,-7.97986],[111.56847,-7.97911],[111.56816,-7.97882],[111.5677,-7.97789],[111.568,-7.97704],[111.56884,-7.9767],[111.56854,-7.97637],[111.56832,-7.97581],[111.56774,-7.9753],[111.56736,-7.97551],[111.56643,-7.9763],[111.56619,-7.97734],[111.56538,-7.97843],[111.56503,-7.97868],[111.5649,-7.97921],[111.56425,-7.97991],[111.56362,-7.97969],[111.56355,-7.98],[111.56314,-7.98057],[111.56314,-7.98096],[111.56337,-7.98232],[111.56333,-7.98268],[111.56354,-7.98292],[111.56359,-7.98336],[111.56377,-7.98351],[111.56387,-7.98396],[111.56325,-7.98367],[111.5622,-7.98386],[111.56227,-7.98352],[111.56202,-7.98306],[111.56202,-7.98227],[111.56164,-7.98251],[111.56154,-7.98189],[111.56116,-7.98124],[111.5607,-7.98086],[111.56038,-7.98092],[111.56048,-7.98071],[111.56041,-7.98028],[111.55979,-7.97972],[111.55973,-7.9789],[111.55914,-7.97842],[111.55903,-7.97777],[111.55911,-7.97747],[111.55898,-7.97723],[111.55797,-7.97678],[111.55837,-7.97639],[111.55846,-7.97593],[111.55798,-7.97596],[111.55743,-7.9753],[111.55689,-7.975],[111.55713,-7.97407],[111.55628,-7.97412],[111.55576,-7.97381],[111.55573,-7.97364],[111.55618,-7.97287],[111.55571,-7.97234],[111.55608,-7.9718],[111.55487,-7.97177],[111.5539,-7.97097],[111.55372,-7.97112],[111.55361,-7.97173],[111.55405,-7.97335],[111.55343,-7.97379],[111.55307,-7.97388],[111.55338,-7.97434],[111.55368,-7.97437],[111.55384,-7.97452],[111.55342,-7.97475],[111.5535,-7.97519],[111.55333,-7.97579],[111.5527,-7.97544],[111.55239,-7.97544],[111.55177,-7.97624],[111.55151,-7.97629],[111.55086,-7.97704],[111.55042,-7.9771],[111.54984,-7.97774],[111.54953,-7.97772],[111.54891,-7.97812],[111.54828,-7.97812],[111.5484,-7.97847],[111.54891,-7.9784],[111.54962,-7.97857],[111.55051,-7.97901],[111.54977,-7.97971],[111.54989,-7.98043],[111.54968,-7.98043],[111.54926,-7.98093],[111.54945,-7.98115],[111.54965,-7.98196],[111.54857,-7.98185],[111.54807,-7.98212],[111.54755,-7.98221],[111.54771,-7.98276],[111.54764,-7.98349],[111.54781,-7.98382],[111.54725,-7.98442],[111.54765,-7.98505],[111.54757,-7.98577],[111.54771,-7.98591],[111.54847,-7.98553],[111.54858,-7.98612],[111.54879,-7.98639],[111.54921,-7.98659],[111.54969,-7.98652],[111.54973,-7.987],[111.55033,-7.98841],[111.5504,-7.98896],[111.55106,-7.98933],[111.55097,-7.98973],[111.55162,-7.99026],[111.5517,-7.99061],[111.5519,-7.9908],[111.55091,-7.99071],[111.5511,-7.99106],[111.55105,-7.99148],[111.5507,-7.99133],[111.55017,-7.99145],[111.54988,-7.9917],[111.54987,-7.99186],[111.55016,-7.99207],[111.54966,-7.99223],[111.54953,-7.99239],[111.54936,-7.99425],[111.54905,-7.99474],[111.54865,-7.99439],[111.54814,-7.9944],[111.54785,-7.99407],[111.54769,-7.99364],[111.54709,-7.99313],[111.54689,-7.99263],[111.54651,-7.99258],[111.54626,-7.99237],[111.54555,-7.99233],[111.54526,-7.99246],[111.54502,-7.99387],[111.54476,-7.99458],[111.54524,-7.99556],[111.54573,-7.99599],[111.54569,-7.99706],[111.54584,-7.99729],[111.5461,-7.9974],[111.5458,-7.99794],[111.54591,-7.99914],[111.54611,-7.99935],[111.54546,-7.9995],[111.54516,-7.99923],[111.54506,-7.99937],[111.54555,-8.00006],[111.54509,-8.00052],[111.54512,-8.00074],[111.54542,-8.00109],[111.54546,-8.00202],[111.54527,-8.00194],[111.54486,-8.00125],[111.54463,-8.00123],[111.54448,-8.00106],[111.54443,-8.00034],[111.54417,-7.99984],[111.54343,-7.99969],[111.54225,-7.99921],[111.54158,-7.99918],[111.54122,-7.99935],[111.54072,-7.99921],[111.53972,-8.0],[111.53822,-8.00045],[111.53807,-8.00059],[111.53792,-8.0011],[111.53763,-8.00091],[111.53755,-8.00097],[111.53728,-8.00192],[111.53685,-8.00178],[111.53703,-8.00116],[111.53704,-7.99959],[111.53699,-7.99914],[111.53674,-7.99865],[111.53655,-7.99858],[111.53628,-7.99883],[111.53583,-7.9989],[111.53555,-7.99877],[111.53551,-7.99891],[111.53525,-7.9988],[111.53536,-7.9987],[111.53502,-7.99864],[111.53407,-7.99899]],[[111.64689,-8.01568],[111.647,-8.01567],[111.64707,-8.01618],[111.64779,-8.01669],[111.64832,-8.01635],[111.64879,-8.01705],[111.64917,-8.01702],[111.65053,-8.01729],[111.65171,-8.01609],[111.65198,-8.01597],[111.65213,-8.01576],[111.65185,-8.01481],[111.65264,-8.0142],[111.65274,-8.01398],[111.65269,-8.01314],[111.65254,-8.01305],[111.65266,-8.01243],[111.65336,-8.01248],[111.65388,-8.01232],[111.65412,-8.01193],[111.65406,-8.01109],[111.65423,-8.01029],[111.65479,-8.00994],[111.65502,-8.00868],[111.6546,-8.00771],[111.6553,-8.00783],[111.65555,-8.00689]]]}},{"type":"Feature","properties":{"NAMOBJ":"575","REMARK":"Garis Kontur","JNSKNT":2,"VALKNT":575},"geometry":{"type":"LineString","coordinates":[[111.64046,-7.99684],[111.64057,-7.99719],[111.64077,-7.9973],[111.6412,-7.99715],[111.64152,-7.99676],[111.64183,-7.99677],[111.64206,-7.9965],[111.6423,-7.99653],[111.64274,-7.99588],[111.64232,-7.99512],[111.64214,-7.99502],[111.64164,-7.99515],[111.64111,-7.99559],[111.6406,-7.99529],[111.6405,-7.9953],[111.6403,-7.99568],[111.64046,-7.99684]]}},{"type":"Feature","properties":{"NAMOBJ":"412.5","REMARK":"Garis Kontur","JNSKNT":2,"VALKNT":412.5},"geometry":{"type":"LineString","coordinates":[[111.6537,-7.99605],[111.65362,-7.99616],[111.65377,-7.99627],[111.65457,-7.99566],[111.6537,-7.99605]]}},{"type":"Feature","properties":{"NAMOBJ":"312.5","REMARK":"Garis Kontur","JNSKNT":2,"VALKNT":312.5},"geometry":{"type":"LineString","coordinates":[[111.59065,-7.96262],[111.59051,-7.96178],[111.58982,-7.96017],[111.58979,-7.9598],[111.58965,-7.95969],[111.59063,-7.95972],[111.59054,-7.9591],[111.59108,-7.95862],[111.59043,-7.95804],[111.59069,-7.95798],[111.59079,-7.95771],[111.59037,-7.95679],[111.59105,-7.95672],[111.59162,-7.95688],[111.59221,-7.95639],[111.59249,-7.9565],[111.59317,-7.95608],[111.59336,-7.95579],[111.5934,-7.95479],[111.59289,-7.95477],[111.59215,-7.95517],[111.59212,-7.95485],[111.59178,-7.95436],[111.59179,-7.95377],[111.59167,-7.95354],[111.59072,-7.95381],[111.59008,-7.95336],[111.58979,-7.95346],[111.58955,-7.95339],[111.58904,-7.95277],[111.58855,-7.95256],[111.58897,-7.95231],[111.5896,-7.95137],[111.58998,-7.94991],[111.58996,-7.9494],[111.59025,-7.94893],[111.59006,-7.94847],[111.58937,-7.94865],[111.58824,-7.94845],[111.58818,-7.94817],[111.58829,-7.94781],[111.58792,-7.94787],[111.58722,-7.94654],[111.58661,-7.94653],[111.58634,-7.94665],[111.58617,-7.9465],[111.58666,-7.94565],[111.58603,-7.94545],[111.58583,-7.94514],[111.58586,-7.94491],[111.58539,-7.94419],[111.58576,-7.94387],[111.58588,-7.94344],[111.58581,-7.94324],[111.58434,-7.94203],[111.58373,-7.94123],[111.58324,-7.94096],[111.58264,-7.94012],[111.58202,-7.93999],[111.58153,-7.93965],[111.58136,-7.93905],[111.582,-7.93839],[111.58206,-7.93778],[111.58225,-7.93744],[111.5821,-7.93733],[111.58167,-7.93733],[111.58121,-7.93769],[111.58078,-7.93835],[111.58021,-7.93866],[111.57986,-7.93909],[111.57962,-7.93902],[111.57953,-7.93993],[111.58003,-7.94052],[111.5801,-7.94139],[111.58036,-7.94205],[111.58142,-7.94257],[111.58134,-7.94288],[111.58164,-7.94362],[111.58172,-7.94445],[111.58136,-7.94647],[111.58094,-7.9471],[111.5801,-7.9478],[111.58003,-7.94848],[111.58104,-7.94988],[111.58156,-7.95018],[111.58181,-7.94999],[111.58236,-7.95055],[111.58387,-7.95121],[111.58431,-7.95168],[111.58441,-7.95237],[111.5846,-7.95264],[111.58504,-7.95273],[111.58576,-7.95267],[111.58517,-7.95348],[111.58529,-7.95408],[111.58512,-7.95426],[111.58513,-7.95446],[111.58539,-7.95534],[111.58517,-7.95533],[111.5845,-7.95573],[111.58446,-7.95665],[111.58399,-7.95734],[111.58451,-7.95764],[111.58507,-7.95834],[111.58615,-7.95893],[111.58743,-7.95932],[111.58683,-7.95987],[111.58623,-7.9607],[111.58627,-7.96087],[111.58604,-7.96089],[111.58504,-7.96154],[111.58477,-7.9619],[111.58491,-7.96264],[111.58483,-7.96345],[111.58494,-7.9636],[111.58521,-7.96364],[111.58501,-7.96409],[111.58499,-7.96453],[111.58519,-7.96476],[111.58593,-7.96494],[111.58616,-7.96523],[111.58782,-7.96538],[111.58761,-7.96669],[111.58776,-7.96704],[111.58795,-7.96715],[111.58873,-7.96716],[111.58935,-7.96692],[111.58932,-7.96724],[111.58954,-7.96742],[111.58961,-7.96794],[111.58983,-7.96827],[111.59142,-7.96786],[111.59271,-7.96719],[111.59387,-7.96745],[111.59395,-7.96733],[111.59369,-7.96649],[111.5932,-7.96666],[111.5921,-7.96625],[111.59213,-7.96533],[111.59231,-7.96451],[111.59215,-7.96412],[111.59245,-7.9636],[111.59196,-7.96347],[111.59153,-7.96318],[111.59068,-7.96308],[111.59065,-7.96262]]}},{"type":"Feature","properties":{"NAMOBJ":"837.5","REMARK":"Garis Kontur","JNSKNT":2,"VALKNT":837.5},"geometry":{"type":"LineString","coordinates":[[111.54081,-8.03912],[111.54111,-8.03888],[111.54086,-8.03766],[111.5406,-8.03735],[111.54059,-8.03697],[111.54068,-8.03665],[111.54126,-8.03631],[111.54089,-8.03583],[111.54083,-8.03551],[111.54106,-8.03494],[111.54113,-8.03357],[111.54173,-8.03347],[111.5418,-8.03118],[111.54198,-8.03024],[111.54078,-8.02951],[111.54084,-8.02857],[111.54098,-8.02783],[111.54113,-8.02769],[111.54084,-8.02681],[111.54025,-8.02651],[111.54034,-8.02614],[111.54099,-8.02591],[111.5415,-8.02549],[111.54148,-8.02501],[111.54096,-8.0244],[111.5406,-8.0244],[111.53996,-8.02377],[111.53979,-8.02312],[111.53943,-8.02279],[111.53817,-8.02286],[111.53761,-8.02315],[111.53746,-8.02361],[111.53716,-8.02386]]}},{"type":"Feature","properties":{"NAMOBJ":"575","REMARK":"Garis Kontur","JNSKNT":2,"VALKNT":575},"geometry":{"type":"LineString","coordinates":[[111.55085,-8.0443],[111.55086,-8.04397],[111.55096,-8.04393],[111.55026,-8.04314],[111.54997,-8.04238],[111.54993,-8.04141],[111.54945,-8.04009],[111.55059,-8.04062],[111.55111,-8.04061],[111.55193,-8.04138],[111.55277,-8.0415],[111.55313,-8.04215],[111.55321,-8.04274],[111.55386,-8.0439],[111.55535,-8.04462],[111.55534,-8.04489],[111.55547,-8.04479],[111.55566,-8.04515],[111.55628,-8.04562],[111.55678,-8.04517],[111.5573,-8.04531],[111.55753,-8.04566],[111.55907,-8.04508],[111.55915,-8.04491],[111.55847,-8.04452],[111.55817,-8.04375],[111.55737,-8.04352],[111.55685,-8.04303],[111.55723,-8.04288],[111.55763,-8.04202],[111.5569,-8.04044],[111.55664,-8.03956],[111.55717,-8.03938],[111.5581,-8.03855],[111.55721,-8.03846],[111.55668,-8.03811],[111.55631,-8.03806],[111.55607,-8.03775],[111.55621,-8.03743],[111.55572,-8.03773],[111.55447,-8.03811],[111.55405,-8.03718],[111.55359,-8.0374],[111.55286,-8.03683],[111.55184,-8.03656],[111.55152,-8.03592],[111.55145,-8.03537],[111.55087,-8.03487],[111.54984,-8.0355],[111.54963,-8.0353],[111.54954,-8.03454],[111.54904,-8.03502],[111.54832,-8.03404],[111.54731,-8.03394],[111.54787,-8.03312],[111.54789,-8.03246],[111.54777,-8.03217],[111.54815,-8.03169],[111.54785,-8.03067],[111.54813,-8.0299],[111.54842,-8.02954],[111.54977,-8.02895],[111.55119,-8.02991],[111.55077,-8.02941],[111.55056,-8.02859],[111.55003,-8.02832],[111.54972,-8.02781],[111.5497,-8.02746],[111.55021,-8.02648],[111.54918,-8.02625],[111.54878,-8.02635],[111.54813,-8.0263],[111.54748,-8.02652],[111.54656,-8.02625],[111.5476,-8.02533],[111.54753,-8.02452],[111.54824,-8.02467],[111.54839,-8.02445],[111.54924,-8.02401],[111.54919,-8.02205],[111.54878,-8.02158],[111.54767,-8.02145],[111.54914,-8.02088],[111.54955,-8.02098],[111.54992,-8.02141],[111.5505,-8.02106],[111.55084,-8.02134],[111.55174,-8.02151],[111.55201,-8.02173],[111.5525,-8.02162],[111.55275,-8.0214],[111.55323,-8.02228],[111.55378,-8.02003],[111.55438,-8.0202],[111.55448,-8.02047],[111.55477,-8.02016],[111.55489,-8.01955],[111.5546,-8.01843],[111.555,-8.01819],[111.55533,-8.01835],[111.55546,-8.01807],[111.55629,-8.01724],[111.55693,-8.01863],[111.55743,-8.01889],[111.55778,-8.0196],[111.55803,-8.01947],[111.55822,-8.01918],[111.55888,-8.01975],[111.55964,-8.02003],[111.56068,-8.02078],[111.56117,-8.02078],[111.56109,-8.02179],[111.56169,-8.02236],[111.5621,-8.02318],[111.56249,-8.02294],[111.5626,-8.02257],[111.56283,-8.02239],[111.56317,-8.02301],[111.56361,-8.02334],[111.56405,-8.02246],[111.56441,-8.02214],[111.56592,-8.02249],[111.56598,-8.02228],[111.56624,-8.0221],[111.56522,-8.02119],[111.5645,-8.02142],[111.564,-8.02132],[111.56413,-8.02051],[111.56346,-8.02021],[111.5637,-8.01958],[111.56369,-8.01903],[111.56447,-8.01872],[111.56424,-8.0186],[111.56445,-8.01782],[111.56401,-8.01856],[111.56356,-8.01879],[111.56269,-8.01874],[111.56268,-8.01965],[111.56193,-8.02014],[111.56072,-8.01957],[111.56022,-8.0191],[111.55954,-8.01898],[111.55865,-8.01816],[111.55817,-8.018],[111.55831,-8.01716],[111.55863,-8.01683],[111.55903,-8.01664],[111.55879,-8.0161],[111.5592,-8.01561],[111.55884,-8.01488],[111.55838,-8.01495],[111.55813,-8.01485],[111.55811,-8.01505],[111.55741,-8.01562],[111.55637,-8.01498],[111.55603,-8.01409],[111.55621,-8.01388],[111.55548,-8.01319],[111.55628,-8.01268],[111.55656,-8.01202],[111.55655,-8.0114],[111.55587,-8.01047],[111.55605,-8.00888],[111.55542,-8.00885],[111.55505,-8.009],[111.55443,-8.00872],[111.55366,-8.00882],[111.5536,-8.00968],[111.55286,-8.00978],[111.55273,-8.01062],[111.55217,-8.01129],[111.55213,-8.01164],[111.55192,-8.012],[111.55201,-8.01217],[111.55169,-8.0125],[111.55151,-8.01241],[111.55141,-8.01205],[111.55111,-8.01178],[111.55116,-8.01039],[111.55099,-8.00989],[111.54975,-8.00998],[111.54942,-8.00985],[111.54897,-8.0105],[111.54801,-8.01081],[111.54761,-8.01141],[111.54738,-8.01153],[111.5472,-8.01232],[111.54727,-8.01271],[111.54661,-8.01277],[111.54601,-8.01322],[111.54614,-8.01414],[111.54628,-8.01433],[111.54512,-8.01593],[111.54462,-8.01629],[111.54367,-8.01597],[111.54334,-8.01667],[111.54183,-8.01677],[111.54144,-8.01783],[111.54103,-8.01753],[111.54,-8.01748],[111.53982,-8.01777],[111.53957,-8.0195],[111.53822,-8.01983],[111.53759,-8.02028]]}},{"type":"Feature","properties":{"NAMOBJ":"575","REMARK":"Garis Kontur","JNSKNT":2,"VALKNT":575},"geometry":{"type":"LineString","coordinates":[[111.61442,-7.98071],[111.61437,-7.98088],[111.61384,-7.98085],[111.61376,-7.9815],[111.61344,-7.98194],[111.61424,-7.98158],[111.61495,-7.98164],[111.61552,-7.98124],[111.61553,-7.97969],[111.61526,-7.98043],[111.61442,-7.98071]]}},{"type":"Feature","properties":{"NAMOBJ":"125","REMARK":"Garis Kontur","JNSKNT":2,"VALKNT":125},"geometry":{"type":"LineString","coordinates":[[111.54018,-7.94394],[111.53997,-7.94403],[111.53994,-7.94445],[111.53981,-7.94456],[111.53955,-7.94406],[111.53886,-7.94387],[111.53838,-7.94356],[111.53857,-7.94326],[111.53883,-7.94328],[111.53928,-7.9434],[111.53915,-7.94358],[111.53969,-7.944],[111.53991,-7.944],[111.53999,-7.94374],[111.54018,-7.94394]]}},{"type":"Feature","properties":{"NAMOBJ":"962.5","REMARK":"Garis Kontur","JNSKNT":2,"VALKNT":962.5},"geometry":{"type":"MultiLineString","coordinates":[[[111.53772,-8.02729],[111.53806,-8.0268],[111.53722,-8.0266]],[[111.53739,-8.0273],[111.53772,-8.02729]]]}},{"type":"Feature","properties":{"NAMOBJ":"437.5","REMARK":"Garis Kontur","JNSKNT":2,"VALKNT":437.5},"geometry":{"type":"LineString","coordinates":[[111.58424,-8.01499],[111.58446,-8.01513],[111.58476,-8.01492],[111.58452,-8.01494],[111.58424,-8.01499]]}},{"type":"Feature","properties":{"NAMOBJ":"550","REMARK":"Garis Kontur","JNSKNT":1,"VALKNT":550},"geometry":{"type":"MultiLineString","coordinates":[[[111.63153,-7.95778],[111.63105,-7.95813],[111.6306,-7.95881],[111.62885,-7.95917],[111.62787,-7.95974],[111.62749,-7.9601],[111.6266,-7.96025],[111.62661,-7.96059],[111.62687,-7.961],[111.62603,-7.96153],[111.62615,-7.96211],[111.62605,-7.96239],[111.62574,-7.96253],[111.62565,-7.96324],[111.62588,-7.9643],[111.62625,-7.96493],[111.62689,-7.9647],[111.62709,-7.9642],[111.62636,-7.96345],[111.62679,-7.96257],[111.62745,-7.96243],[111.62789,-7.9627],[111.62845,-7.96272],[111.62863,-7.96225],[111.63025,-7.96166],[111.63125,-7.96076],[111.63151,-7.96079],[111.63169,-7.96065],[111.6322,-7.95974],[111.63334,-7.95891],[111.63357,-7.95852],[111.63357,-7.9591],[111.63416,-7.95973],[111.63406,-7.96058],[111.63502,-7.96119],[111.63583,-7.9611],[111.63616,-7.96092],[111.6366,-7.9602],[111.63703,-7.95981],[111.6373,-7.96036],[111.63785,-7.96035],[111.63871,-7.95987],[111.63894,-7.95929],[111.63951,-7.95963]],[[111.6399,-7.95983],[111.64014,-7.96015],[111.6407,-7.96033],[111.64119,-7.96066]],[[111.64128,-7.96078],[111.63969,-7.96069],[111.63942,-7.96034],[111.63925,-7.96033],[111.63888,-7.96074],[111.63845,-7.9609],[111.63784,-7.96143],[111.63754,-7.9612],[111.63695,-7.9615],[111.63654,-7.9618],[111.63605,-7.96242],[111.63564,-7.96265],[111.63334,-7.96253],[111.6329,-7.96223],[111.63295,-7.96331],[111.63241,-7.96318],[111.63191,-7.96345],[111.63152,-7.96339],[111.63089,-7.96437],[111.63152,-7.96556],[111.63212,-7.96575],[111.63192,-7.96626],[111.63192,-7.96681],[111.63243,-7.96726],[111.63294,-7.96741],[111.63312,-7.96735],[111.63322,-7.96851],[111.63289,-7.96903],[111.63328,-7.9692],[111.63393,-7.96912],[111.63424,-7.96935],[111.63441,-7.96928],[111.63438,-7.96991],[111.6346,-7.97022],[111.63512,-7.97057],[111.63508,-7.97073],[111.63426,-7.97072],[111.63331,-7.97042],[111.63315,-7.97064],[111.63272,-7.97073],[111.63244,-7.97096],[111.63153,-7.97067],[111.63125,-7.9708],[111.63076,-7.97073],[111.63046,-7.97094],[111.63019,-7.9705],[111.63,-7.96966],[111.62933,-7.96995],[111.62878,-7.97041],[111.62864,-7.97024],[111.62851,-7.96951],[111.62813,-7.96983],[111.62801,-7.97017],[111.62768,-7.97016],[111.62737,-7.96988],[111.62721,-7.96872],[111.62672,-7.96871],[111.62642,-7.96879],[111.62655,-7.96878],[111.62668,-7.96896],[111.62682,-7.96973],[111.62665,-7.97068],[111.62644,-7.97026],[111.62562,-7.96987],[111.62543,-7.96999],[111.62489,-7.96991],[111.62408,-7.9704],[111.62401,-7.97058],[111.62415,-7.97127],[111.62387,-7.9712],[111.62352,-7.97143],[111.62365,-7.97263],[111.62293,-7.97197],[111.6225,-7.97243],[111.62146,-7.97265],[111.62119,-7.9725],[111.62118,-7.97235],[111.62053,-7.97214],[111.62052,-7.97244],[111.62132,-7.97286],[111.62145,-7.97318],[111.62101,-7.97427],[111.62131,-7.9751],[111.62156,-7.97513],[111.62093,-7.97559],[111.62029,-7.97651],[111.61968,-7.97657],[111.61938,-7.97644],[111.61959,-7.97671],[111.61971,-7.97757],[111.61889,-7.97792],[111.61872,-7.97833],[111.6181,-7.97856],[111.61806,-7.97885],[111.61762,-7.97932],[111.61784,-7.97936],[111.61852,-7.97903],[111.61883,-7.97852],[111.61901,-7.97882],[111.61944,-7.9791],[111.61955,-7.97997],[111.61979,-7.98044],[111.62078,-7.98064],[111.62166,-7.98157],[111.62245,-7.98209],[111.62352,-7.9821],[111.62323,-7.98269],[111.62313,-7.98344],[111.62344,-7.98323],[111.62408,-7.98349],[111.62447,-7.98338],[111.62476,-7.98413],[111.62581,-7.98446],[111.62619,-7.98394],[111.62624,-7.9835],[111.6266,-7.98434],[111.62692,-7.9847],[111.62912,-7.98458],[111.6297,-7.98415],[111.63025,-7.98328],[111.63041,-7.98271],[111.63054,-7.98297],[111.63091,-7.98287],[111.6307,-7.98342],[111.63048,-7.98361],[111.63058,-7.98389],[111.63048,-7.98392],[111.63043,-7.9843],[111.63062,-7.98459],[111.63056,-7.98495],[111.6307,-7.98502],[111.63131,-7.98472],[111.63163,-7.98501],[111.63222,-7.9849],[111.6318,-7.98526],[111.63113,-7.9854],[111.63045,-7.98519],[111.62986,-7.98519],[111.6295,-7.98549],[111.62841,-7.98593],[111.62804,-7.98722],[111.62719,-7.98674],[111.62727,-7.98628],[111.62701,-7.9861],[111.62604,-7.98593],[111.6255,-7.98605],[111.62514,-7.98579],[111.625,-7.9859],[111.62479,-7.98576],[111.62442,-7.98581],[111.62361,-7.985],[111.62257,-7.98522],[111.62239,-7.98576],[111.62267,-7.98616],[111.62251,-7.98613],[111.62169,-7.98529],[111.62041,-7.98449],[111.61988,-7.98443],[111.61957,-7.98398],[111.61892,-7.98413],[111.61872,-7.98443],[111.61852,-7.98444],[111.61861,-7.98354],[111.61787,-7.98375],[111.61729,-7.98303],[111.61704,-7.98308],[111.61699,-7.98332],[111.61659,-7.9832],[111.61608,-7.98349],[111.61552,-7.98329],[111.61567,-7.98296],[111.61537,-7.98235],[111.61561,-7.98214],[111.61583,-7.98158],[111.61614,-7.98122],[111.61611,-7.9789],[111.61594,-7.97805],[111.61555,-7.97814],[111.61497,-7.97875],[111.61473,-7.97965],[111.6142,-7.98018],[111.61359,-7.98016],[111.61338,-7.9805],[111.61266,-7.98102],[111.61218,-7.98079],[111.61211,-7.98033],[111.61221,-7.97971],[111.61319,-7.97844],[111.61298,-7.97849],[111.61222,-7.97934],[111.61188,-7.97943],[111.6112,-7.97897],[111.61125,-7.97839],[111.61083,-7.97891],[111.6107,-7.97931],[111.61106,-7.97997],[111.61065,-7.98053],[111.61063,-7.98074],[111.61115,-7.98144],[111.61216,-7.98134],[111.61233,-7.98152],[111.61245,-7.9824],[111.61286,-7.98305],[111.61315,-7.98284],[111.61351,-7.98282],[111.61407,-7.98231],[111.61462,-7.9827],[111.6149,-7.98348],[111.61478,-7.9837],[111.61488,-7.9844],[111.61474,-7.98502],[111.61538,-7.9854],[111.6155,-7.98642],[111.61632,-7.98624],[111.61663,-7.98584],[111.61663,-7.98618],[111.61683,-7.9863],[111.61692,-7.9857],[111.61719,-7.9857],[111.61753,-7.98525],[111.61796,-7.98516],[111.61787,-7.98494],[111.61827,-7.985],[111.61915,-7.9856],[111.61987,-7.98491],[111.62016,-7.98505],[111.62099,-7.98594],[111.6212,-7.98681],[111.62224,-7.98737],[111.62138,-7.98781],[111.62084,-7.98843],[111.62025,-7.98956],[111.6204,-7.99012],[111.61992,-7.99055],[111.61958,-7.99138],[111.61974,-7.9923],[111.6192,-7.99272],[111.61927,-7.99315],[111.61907,-7.99348],[111.61916,-7.99416],[111.61869,-7.99454],[111.61867,-7.99479],[111.61893,-7.99512],[111.61888,-7.99584],[111.61969,-7.99581],[111.62039,-7.99612],[111.62097,-7.99614],[111.62233,-7.99667],[111.62303,-7.99629],[111.62343,-7.99663],[111.6245,-7.99643],[111.62478,-7.99669],[111.62433,-7.99675],[111.62427,-7.99686],[111.62441,-7.99699],[111.62537,-7.99699],[111.62594,-7.99735],[111.6265,-7.99726],[111.62666,-7.99769],[111.627,-7.9978],[111.62768,-7.99743],[111.62758,-7.99772],[111.62767,-7.9978],[111.62761,-7.99863],[111.6279,-7.9992],[111.62779,-8.0005],[111.62795,-8.0003],[111.62834,-8.00025],[111.62848,-7.99994],[111.62959,-7.99966],[111.62987,-7.99941],[111.63027,-7.99819],[111.63057,-7.99803],[111.63058,-7.99773],[111.63126,-7.99755],[111.6314,-7.99737],[111.6317,-7.9973],[111.63151,-7.99681],[111.63162,-7.99499],[111.63115,-7.99437],[111.63184,-7.99414],[111.63178,-7.99337],[111.63237,-7.9941],[111.63249,-7.99401],[111.63266,-7.99411],[111.63305,-7.99385],[111.63293,-7.9942],[111.63316,-7.99466],[111.63439,-7.99389],[111.63452,-7.99485],[111.63447,-7.99591],[111.63549,-7.99699],[111.6361,-7.99673],[111.63621,-7.9968],[111.63663,-7.99758],[111.63748,-7.99753],[111.63767,-7.99702],[111.63795,-7.99697],[111.63825,-7.99647],[111.63869,-7.99791],[111.63952,-7.99633],[111.63967,-7.99624],[111.64,-7.99661],[111.64047,-7.99753],[111.64066,-7.99761],[111.64133,-7.99736],[111.6416,-7.99704],[111.64261,-7.99695],[111.64282,-7.9968],[111.64318,-7.9959],[111.64276,-7.99498],[111.6424,-7.99458],[111.64073,-7.99462],[111.64021,-7.99423],[111.64041,-7.99359],[111.64023,-7.99324],[111.64107,-7.99251],[111.64137,-7.99348],[111.64155,-7.9932],[111.6422,-7.99319],[111.6422,-7.99209],[111.64246,-7.99201],[111.64285,-7.99234],[111.64333,-7.99195],[111.64348,-7.99142],[111.64335,-7.99123],[111.64289,-7.99121],[111.64247,-7.99072],[111.64186,-7.99097],[111.64155,-7.99077],[111.64064,-7.99122],[111.64021,-7.99109],[111.63959,-7.99057],[111.64016,-7.99028],[111.64058,-7.98944],[111.64128,-7.98929],[111.64164,-7.98947],[111.64241,-7.98938],[111.64234,-7.98905],[111.64247,-7.9884],[111.64178,-7.98802],[111.64241,-7.98754],[111.642,-7.98721],[111.64168,-7.98665],[111.64128,-7.9863],[111.6413,-7.98577],[111.64175,-7.98528],[111.6421,-7.98526],[111.64277,-7.98451],[111.64229,-7.98556],[111.6418,-7.986],[111.64198,-7.98607],[111.64228,-7.98654],[111.64267,-7.98631],[111.64303,-7.98645],[111.6433,-7.98684],[111.64345,-7.98771],[111.64469,-7.98824],[111.64509,-7.98874],[111.6466,-7.98915],[111.64615,-7.98858],[111.64544,-7.98829],[111.64555,-7.98776],[111.64505,-7.98682],[111.64581,-7.9868],[111.64598,-7.98628],[111.64695,-7.98568],[111.64714,-7.9857],[111.64748,-7.98682],[111.6474,-7.98717],[111.64788,-7.98774],[111.64825,-7.98774],[111.6481,-7.98715],[111.64856,-7.98614],[111.64826,-7.9858],[111.64821,-7.98497],[111.6476,-7.98327],[111.64771,-7.98264],[111.64764,-7.98222],[111.64864,-7.98219],[111.64963,-7.98253],[111.65001,-7.9822],[111.65042,-7.98134],[111.65103,-7.98069],[111.65049,-7.98019],[111.65062,-7.97823],[111.65152,-7.97825],[111.65146,-7.97767],[111.65196,-7.97775],[111.65251,-7.97756],[111.65243,-7.97781],[111.65317,-7.97878],[111.65338,-7.97876],[111.6536,-7.97829],[111.65411,-7.97855],[111.65483,-7.97731],[111.65483,-7.9767],[111.65501,-7.97624],[111.6552,-7.97682],[111.65548,-7.97694],[111.65594,-7.97584],[111.65633,-7.97567],[111.65666,-7.9757]],[[111.64153,-7.96069],[111.64153,-7.9607]]]}},{"type":"Feature","properties":{"NAMOBJ":"612.5","REMARK":"Garis Kontur","JNSKNT":2,"VALKNT":612.5},"geometry":{"type":"LineString","coordinates":[[111.56114,-8.02019],[111.56074,-8.01992],[111.56044,-8.01984],[111.56105,-8.02029],[111.56131,-8.02033],[111.56114,-8.02019]]}},{"type":"Feature","properties":{"NAMOBJ":"500","REMARK":"Garis Kontur","JNSKNT":1,"VALKNT":500},"geometry":{"type":"LineString","coordinates":[[111.6113,-7.95409],[111.61155,-7.95366],[111.6107,-7.95388],[111.61024,-7.95357],[111.61059,-7.95216],[111.61004,-7.95284],[111.60849,-7.95345],[111.60909,-7.95372],[111.6093,-7.95459],[111.60953,-7.95486],[111.61057,-7.9546],[111.6108,-7.95467],[111.61077,-7.95456],[111.61098,-7.95454],[111.6113,-7.95409]]}}]}