{"type":"FeatureCollection","features":[{"type":"Feature","properties":{"gridcode":1,"GEMPABUMI":"Sangat Rendah","NTGbumi":1,"_cls":"Sangat Rendah"},"geometry":{"type":"MultiPolygon","coordinates":[[[[111.55671,-8.04998],[111.55671,-8.04991],[111.55677,-8.0499],[111.55676,-8.04991],[111.55671,-8.04998]]],[[[111.55869,-8.0497],[111.55746,-8.04988],[111.5574,-8.0498],[111.55923,-8.0495],[111.55869,-8.0497]]],[[[111.56052,-8.04931],[111.56026,-8.04933],[111.56055,-8.04928],[111.56052,-8.04931]]],[[[111.56408,-8.04944],[111.56344,-8.04962],[111.56434,-8.04903],[111.56426,-8.0492],[111.56408,-8.04944]]],[[[111.56729,-8.04872],[111.56775,-8.04882],[111.56761,-8.0488],[111.56729,-8.04872]]],[[[111.56979,-8.04867],[111.56956,-8.04871],[111.56983,-8.04865],[111.56979,-8.04867]]],[[[111.57199,-8.04835],[111.57116,-8.04835],[111.57335,-8.04786],[111.57327,-8.04795],[111.57268,-8.04823],[111.57199,-8.04835]]],[[[111.57345,-8.04763],[111.57341,-8.04775],[111.57351,-8.04672],[111.57352,-8.0468],[111.57345,-8.04763]]],[[[111.57384,-8.04466],[111.57362,-8.04568],[111.57376,-8.0443],[111.57384,-8.04466]]],[[[111.57409,-8.04211],[111.57395,-8.04242],[111.57411,-8.04081],[111.57409,-8.04211]]],[[[111.57416,-8.04038],[111.57414,-8.04043],[111.57415,-8.04043],[111.57416,-8.04038]]],[[[111.57462,-8.03971],[111.57433,-8.03998],[111.57468,-8.03917],[111.57558,-8.03917],[111.57462,-8.03971]]],[[[111.54203,-8.03807],[111.54234,-8.03917],[111.54124,-8.03886],[111.54203,-8.03807]]],[[[111.57671,-8.03871],[111.57647,-8.03874],[111.57647,-8.03827],[111.57698,-8.03788],[111.57758,-8.03642],[111.57751,-8.03695],[111.57739,-8.03731],[111.57679,-8.03858],[111.57671,-8.03871]]],[[[111.55699,-8.03523],[111.55761,-8.03737],[111.55541,-8.03675],[111.55699,-8.03523]]],[[[111.5612,-8.0329],[111.56077,-8.03592],[111.55909,-8.03338],[111.5612,-8.0329]]],[[[111.57902,-8.03354],[111.57837,-8.03449],[111.57869,-8.03372],[111.57917,-8.032],[111.57964,-8.032],[111.57948,-8.03243],[111.57911,-8.0331],[111.57902,-8.03354]]],[[[111.55233,-8.02895],[111.55312,-8.032],[111.55095,-8.03051],[111.55233,-8.02895]]],[[[111.55455,-8.02639],[111.55491,-8.02842],[111.55375,-8.02792],[111.55455,-8.02639]]],[[[111.58035,-8.03081],[111.58007,-8.03117],[111.58007,-8.03021],[111.58066,-8.02991],[111.58271,-8.02584],[111.58261,-8.0266],[111.58234,-8.02701],[111.58189,-8.02791],[111.58111,-8.02913],[111.58068,-8.03003],[111.58035,-8.03081]]],[[[111.58337,-8.02514],[111.58281,-8.02565],[111.58306,-8.02514],[111.58452,-8.02472],[111.58337,-8.02514]]],[[[111.58617,-8.02394],[111.58519,-8.02447],[111.58546,-8.02394],[111.58617,-8.02394]]],[[[111.58668,-8.02361],[111.58635,-8.02382],[111.58635,-8.02305],[111.5884,-8.02164],[111.58764,-8.02264],[111.58668,-8.02361]]],[[[111.65142,-8.02146],[111.65103,-8.02141],[111.65103,-8.02126],[111.6519,-8.02126],[111.65165,-8.0214],[111.65142,-8.02146]]],[[[111.65319,-8.02058],[111.65283,-8.02073],[111.65283,-8.02036],[111.65333,-8.02036],[111.6533,-8.02048],[111.65319,-8.02058]]],[[[111.58407,-8.02012],[111.58456,-8.02126],[111.58249,-8.02089],[111.58407,-8.02012]]],[[[111.64834,-8.02036],[111.64834,-8.02114],[111.64816,-8.0209],[111.64828,-8.02008],[111.64834,-8.02036]]],[[[111.58928,-8.02054],[111.58871,-8.02126],[111.58995,-8.01947],[111.59037,-8.01947],[111.58928,-8.02054]]],[[[111.58456,-8.01857],[111.58425,-8.01966],[111.58346,-8.01888],[111.58456,-8.01857]]],[[[111.59945,-8.01835],[111.59918,-8.01847],[111.59838,-8.0184],[111.59786,-8.0185],[111.59732,-8.01869],[111.59713,-8.01871],[111.59702,-8.01867],[111.59664,-8.01816],[111.59945,-8.01835]]],[[[111.59423,-8.01851],[111.59174,-8.0191],[111.59174,-8.01857],[111.59541,-8.01814],[111.59514,-8.01842],[111.59498,-8.01847],[111.59423,-8.01851]]],[[[111.65377,-8.01823],[111.65373,-8.0183],[111.65373,-8.01751],[111.65378,-8.01795],[111.65377,-8.01823]]],[[[111.65373,-8.01726],[111.65373,-8.01678],[111.6541,-8.01678],[111.65384,-8.01705],[111.65373,-8.01726]]],[[[111.60746,-8.01857],[111.60704,-8.0189],[111.60665,-8.01909],[111.60627,-8.01935],[111.60596,-8.01944],[111.60575,-8.01944],[111.60531,-8.01929],[111.60489,-8.01921],[111.60449,-8.01906],[111.60387,-8.01868],[111.60346,-8.01859],[111.60286,-8.01859],[111.60255,-8.01849],[111.60327,-8.01567],[111.60639,-8.01498],[111.60692,-8.01574],[111.60662,-8.01588],[111.60637,-8.01607],[111.60642,-8.01638],[111.60652,-8.01648],[111.6067,-8.01655],[111.60689,-8.01666],[111.60704,-8.01687],[111.60713,-8.01742],[111.60726,-8.0178],[111.60753,-8.01805],[111.60778,-8.01816],[111.60746,-8.01857]]],[[[111.60801,-8.0155],[111.60773,-8.01553],[111.60821,-8.01528],[111.60881,-8.01409],[111.60968,-8.01409],[111.60861,-8.01508],[111.60801,-8.0155]]],[[[111.5642,-8.01326],[111.56652,-8.01595],[111.56944,-8.01846],[111.56762,-8.02252],[111.56199,-8.02297],[111.56054,-8.01816],[111.55603,-8.01925],[111.55642,-8.02413],[111.55468,-8.02615],[111.5532,-8.02508],[111.55109,-8.02263],[111.55072,-8.02386],[111.55105,-8.02792],[111.5455,-8.02837],[111.54503,-8.02484],[111.54551,-8.02442],[111.54729,-8.0216],[111.55177,-8.02196],[111.5554,-8.01547],[111.55623,-8.01361],[111.55806,-8.01375],[111.5642,-8.01326]]],[[[111.61006,-8.01324],[111.60971,-8.01405],[111.60971,-8.0132],[111.61011,-8.0132],[111.61006,-8.01324]]],[[[111.58046,-8.01465],[111.58096,-8.01768],[111.57789,-8.01717],[111.57913,-8.01282],[111.58046,-8.01465]]],[[[111.57614,-8.01224],[111.57647,-8.01499],[111.5745,-8.0146],[111.57348,-8.0127],[111.57614,-8.01224]]],[[[111.61082,-8.01259],[111.61061,-8.01277],[111.61061,-8.0123],[111.61153,-8.01185],[111.61138,-8.01196],[111.61082,-8.01259]]],[[[111.61296,-8.0116],[111.61252,-8.01169],[111.61197,-8.01168],[111.61318,-8.01143],[111.61296,-8.0116]]],[[[111.61437,-8.01069],[111.6142,-8.01078],[111.6142,-8.01051],[111.61472,-8.01031],[111.61437,-8.01069]]],[[[111.58456,-8.01857],[111.58518,-8.01597],[111.58417,-8.01017],[111.58701,-8.00899],[111.59123,-8.01066],[111.58988,-8.01447],[111.58713,-8.01815],[111.58456,-8.01857]]],[[[111.61705,-8.0095],[111.61665,-8.00953],[111.61824,-8.00889],[111.61818,-8.00896],[111.61744,-8.0094],[111.61705,-8.0095]]],[[[111.62498,-8.00872],[111.62588,-8.0105],[111.62761,-8.00966],[111.62685,-8.01014],[111.62592,-8.01092],[111.62588,-8.01089],[111.62488,-8.00872],[111.62498,-8.00872]]],[[[111.62408,-8.00693],[111.62408,-8.00711],[111.62404,-8.00704],[111.62376,-8.00693],[111.62408,-8.00693]]],[[[111.62132,-8.00748],[111.62082,-8.00767],[111.62139,-8.00693],[111.62019,-8.00633],[111.62174,-8.00405],[111.62303,-8.00662],[111.62286,-8.00674],[111.62252,-8.00688],[111.62178,-8.00699],[111.62132,-8.00748]]],[[[111.60605,-8.00936],[111.60789,-8.0124],[111.60489,-8.0142],[111.60303,-8.0118],[111.60163,-8.01141],[111.60163,-8.01051],[111.59983,-8.01051],[111.59983,-8.00693],[111.60034,-8.00654],[111.60137,-8.00402],[111.60471,-8.00833],[111.60605,-8.00936]]],[[[111.59515,-8.0063],[111.59354,-8.00872],[111.58958,-8.00827],[111.59216,-8.00391],[111.59449,-8.00338],[111.59515,-8.0063]]],[[[111.64475,-8.00335],[111.64538,-8.00335],[111.64521,-8.00375],[111.64487,-8.00433],[111.64475,-8.00447],[111.64475,-8.00335]]],[[[111.63304,-8.00462],[111.63273,-8.00473],[111.6338,-8.00318],[111.63476,-8.00294],[111.6343,-8.00326],[111.63376,-8.00353],[111.63334,-8.00395],[111.63304,-8.00462]]],[[[111.63711,-8.00131],[111.63746,-8.0022],[111.63723,-8.00208],[111.6368,-8.00211],[111.63711,-8.00131]]],[[[111.64475,-8.00335],[111.64385,-8.00335],[111.64385,-8.005],[111.643,-8.00521],[111.6426,-8.00526],[111.64242,-8.00536],[111.64147,-8.00526],[111.64145,-8.00535],[111.64135,-8.00524],[111.64121,-8.00523],[111.63929,-8.00326],[111.63793,-8.00245],[111.63846,-8.00245],[111.6433,-8.00127],[111.64475,-8.00335]]],[[[111.60306,-7.99952],[111.60342,-8.00156],[111.60225,-8.00106],[111.60306,-7.99952]]],[[[111.62498,-8.00872],[111.62538,-8.00733],[111.62738,-8.0046],[111.62711,-8.00237],[111.62371,-8.00436],[111.62279,-8.00059],[111.62754,-7.99758],[111.62937,-7.99987],[111.63155,-8.0016],[111.63217,-8.00514],[111.63249,-8.00492],[111.63177,-8.00668],[111.63108,-8.00754],[111.6306,-8.00764],[111.62988,-8.00789],[111.62932,-8.00859],[111.62859,-8.00917],[111.62827,-8.00933],[111.62858,-8.00872],[111.62678,-8.00783],[111.62498,-8.00872]]],[[[111.60881,-7.99619],[111.60935,-7.99681],[111.61408,-7.99643],[111.61731,-7.99786],[111.6162,-8.00104],[111.61397,-7.99846],[111.61353,-7.99991],[111.61575,-8.00388],[111.61443,-8.00824],[111.61171,-8.00734],[111.61205,-8.00311],[111.60877,-7.99856],[111.6057,-7.99719],[111.60653,-7.9966],[111.60881,-7.99619]]],[[[111.65631,-7.99635],[111.65616,-7.99694],[111.65625,-7.99547],[111.65631,-7.99635]]],[[[111.59387,-7.99687],[111.59444,-7.99887],[111.58955,-7.99826],[111.59115,-7.99489],[111.59387,-7.99687]]],[[[111.63576,-7.99887],[111.63527,-7.99773],[111.6337,-7.99851],[111.63576,-7.99887],[111.63521,-8.00103],[111.63001,-7.99913],[111.63089,-7.99493],[111.63455,-7.99411],[111.63793,-7.99671],[111.64242,-7.99759],[111.64168,-7.99851],[111.63576,-7.99887]]],[[[111.57605,-7.99932],[111.57557,-8.00156],[111.57331,-8.00113],[111.57342,-7.99844],[111.57065,-7.99323],[111.5738,-7.99128],[111.57605,-7.99932]]],[[[111.60049,-7.99905],[111.59983,-8.00066],[111.59676,-7.99847],[111.59751,-7.99656],[111.59874,-7.99568],[111.59766,-7.99024],[111.60072,-7.9903],[111.60127,-7.99307],[111.60008,-7.99697],[111.60049,-7.99905]]],[[[111.5697,-7.99712],[111.56873,-8.00287],[111.56701,-8.00204],[111.56548,-8.00027],[111.56435,-8.00018],[111.56264,-8.00032],[111.56005,-7.99888],[111.55541,-8.00094],[111.55525,-8.0029],[111.55555,-8.00661],[111.54924,-8.00892],[111.54863,-8.00424],[111.54952,-8.00424],[111.54952,-8.00335],[111.55161,-8.00156],[111.54737,-7.99791],[111.55163,-7.99425],[111.55405,-7.9904],[111.55899,-7.9895],[111.56382,-7.98773],[111.5653,-7.99036],[111.56348,-7.99361],[111.56482,-7.99565],[111.5697,-7.99712]]],[[[111.56713,-7.98609],[111.56749,-7.98813],[111.56632,-7.98763],[111.56713,-7.98609]]],[[[111.59694,-7.9889],[111.59624,-7.99081],[111.59252,-7.99033],[111.59209,-7.98503],[111.59694,-7.9889]]],[[[111.61024,-7.97954],[111.61061,-7.98186],[111.60755,-7.98107],[111.60906,-7.97791],[111.61024,-7.97954]]],[[[111.61061,-7.97648],[111.6103,-7.97758],[111.60951,-7.97679],[111.61061,-7.97648]]],[[[111.61061,-7.97648],[111.61111,-7.97532],[111.61265,-7.97613],[111.61061,-7.97648]]],[[[111.66115,-7.97515],[111.661,-7.97545],[111.66083,-7.97553],[111.66007,-7.97543],[111.65961,-7.97555],[111.65934,-7.97559],[111.65911,-7.97539],[111.66115,-7.97515]]],[[[111.65443,-7.98727],[111.65503,-7.988],[111.65496,-7.98807],[111.65516,-7.98829],[111.65579,-7.9888],[111.65637,-7.98956],[111.65686,-7.98998],[111.6564,-7.99023],[111.65558,-7.99081],[111.65586,-7.99147],[111.65606,-7.99212],[111.65613,-7.9926],[111.65552,-7.9926],[111.65552,-7.99171],[111.65503,-7.99131],[111.65395,-7.98997],[111.6502,-7.98773],[111.65064,-7.9913],[111.6487,-7.99395],[111.6518,-7.99817],[111.65463,-7.99977],[111.65463,-7.99887],[111.65552,-7.99887],[111.65575,-7.99841],[111.65553,-7.99912],[111.65504,-7.99982],[111.65456,-8.00042],[111.65447,-8.00061],[111.65435,-8.00108],[111.65436,-8.0016],[111.65446,-8.00192],[111.6546,-8.00219],[111.65508,-8.00284],[111.65534,-8.00327],[111.6556,-8.00388],[111.65574,-8.00436],[111.65575,-8.00455],[111.65566,-8.00502],[111.65559,-8.00585],[111.65571,-8.00644],[111.65554,-8.00683],[111.65562,-8.00722],[111.65562,-8.00761],[111.65592,-8.0084],[111.65589,-8.00881],[111.65566,-8.00936],[111.65561,-8.00931],[111.65565,-8.01131],[111.65532,-8.01204],[111.65526,-8.0123],[111.65463,-8.0123],[111.65463,-8.0132],[111.65504,-8.0132],[111.65497,-8.01353],[111.65496,-8.01426],[111.65505,-8.01507],[111.655,-8.01551],[111.65463,-8.01617],[111.65463,-8.01409],[111.65103,-8.01409],[111.65103,-8.01588],[111.64744,-8.01588],[111.64744,-8.01768],[111.64771,-8.01821],[111.64742,-8.01787],[111.64718,-8.01729],[111.64708,-8.0166],[111.64695,-8.01605],[111.64686,-8.01546],[111.64686,-8.01488],[111.64722,-8.01295],[111.64725,-8.01255],[111.64754,-8.01217],[111.6477,-8.01174],[111.6477,-8.01104],[111.64781,-8.01059],[111.64784,-8.01007],[111.64799,-8.00953],[111.64799,-8.00914],[111.64834,-8.00867],[111.64827,-8.00817],[111.64847,-8.00743],[111.64835,-8.00695],[111.64836,-8.00633],[111.64824,-8.00577],[111.64789,-8.00517],[111.64771,-8.00378],[111.64684,-8.00343],[111.64619,-8.00329],[111.64563,-8.00322],[111.64504,-7.99855],[111.64684,-7.99551],[111.64215,-7.98912],[111.64335,-7.98763],[111.64701,-7.98609],[111.64784,-7.98226],[111.64985,-7.98065],[111.64869,-7.97869],[111.65176,-7.97781],[111.65459,-7.9743],[111.65692,-7.97509],[111.6573,-7.97556],[111.65704,-7.97558],[111.6567,-7.97568],[111.65641,-7.97579],[111.65626,-7.97593],[111.65613,-7.97621],[111.65598,-7.9767],[111.6558,-7.97712],[111.65569,-7.97753],[111.65565,-7.9778],[111.65545,-7.97824],[111.6553,-7.97871],[111.65535,-7.97939],[111.65535,-7.97972],[111.65527,-7.98003],[111.6551,-7.98043],[111.65499,-7.98059],[111.65388,-7.9814],[111.65372,-7.98154],[111.65369,-7.98162],[111.65376,-7.98223],[111.65338,-7.98336],[111.65335,-7.98357],[111.65342,-7.98378],[111.65351,-7.98448],[111.65367,-7.98499],[111.65371,-7.98551],[111.65369,-7.98584],[111.65358,-7.98614],[111.65367,-7.98644],[111.65382,-7.98659],[111.65407,-7.98675],[111.65443,-7.98727]],[[111.65074,-8.00298],[111.65373,-8.00335],[111.65335,-8.00141],[111.6515,-8.00037],[111.65074,-8.00298]],[[111.65336,-8.00761],[111.65552,-8.00962],[111.65552,-8.00693],[111.65336,-8.00761]]],[[[111.6615,-7.97491],[111.66127,-7.97501],[111.66165,-7.97353],[111.66192,-7.97383],[111.66225,-7.97403],[111.66223,-7.97414],[111.66209,-7.9743],[111.66164,-7.97459],[111.66161,-7.97479],[111.6615,-7.97491]]],[[[111.55637,-7.97654],[111.55746,-7.98386],[111.55405,-7.98806],[111.55161,-7.98659],[111.54773,-7.98723],[111.54773,-7.98634],[111.54683,-7.98634],[111.54683,-7.98544],[111.54593,-7.98544],[111.54593,-7.98275],[111.54683,-7.98275],[111.54683,-7.98186],[111.54912,-7.98226],[111.55147,-7.98361],[111.55279,-7.9813],[111.55181,-7.97169],[111.5554,-7.97241],[111.55761,-7.9738],[111.55761,-7.97559],[111.55637,-7.97654]],[[111.55375,-7.9806],[111.55581,-7.98096],[111.55532,-7.97983],[111.55375,-7.9806]]],[[[111.60671,-7.97092],[111.60702,-7.97201],[111.60592,-7.9717],[111.60671,-7.97092]]],[[[111.61856,-7.97838],[111.6178,-7.98007],[111.61655,-7.97951],[111.61358,-7.97882],[111.61417,-7.97693],[111.61359,-7.97506],[111.61653,-7.97406],[111.61856,-7.97077],[111.62028,-7.97151],[111.61748,-7.97494],[111.61856,-7.97838]]],[[[111.63718,-7.96916],[111.63756,-7.97201],[111.63518,-7.97169],[111.63455,-7.97053],[111.63185,-7.9697],[111.63718,-7.96916]]],[[[111.63815,-7.96733],[111.63846,-7.96842],[111.63736,-7.96812],[111.63815,-7.96733]]],[[[111.66262,-7.96713],[111.66343,-7.96758],[111.66349,-7.96774],[111.6635,-7.96809],[111.66271,-7.96753],[111.66271,-7.96932],[111.66332,-7.96889],[111.66299,-7.96982],[111.66257,-7.97055],[111.66271,-7.97022],[111.66068,-7.96981],[111.66181,-7.96753],[111.66098,-7.96743],[111.66187,-7.96716],[111.66262,-7.96713]]],[[[111.65692,-7.96611],[111.65718,-7.96628],[111.65693,-7.96613],[111.6566,-7.966],[111.65692,-7.96611]]],[[[111.65436,-7.96505],[111.65528,-7.96546],[111.65311,-7.96457],[111.65261,-7.96393],[111.65285,-7.96397],[111.65302,-7.96405],[111.65319,-7.96427],[111.65317,-7.96437],[111.65367,-7.96454],[111.65436,-7.96505]]],[[[111.65149,-7.9624],[111.65154,-7.96255],[111.65073,-7.96194],[111.65099,-7.96202],[111.6514,-7.96229],[111.65149,-7.9624]]],[[[111.62549,-7.95115],[111.62509,-7.95293],[111.62607,-7.95271],[111.62612,-7.95298],[111.62607,-7.95325],[111.62581,-7.9535],[111.62572,-7.95381],[111.62574,-7.95394],[111.62586,-7.95411],[111.6258,-7.95437],[111.62585,-7.95448],[111.62588,-7.95494],[111.62583,-7.955],[111.62589,-7.95521],[111.62605,-7.95521],[111.62614,-7.95525],[111.62618,-7.95528],[111.62619,-7.95535],[111.62636,-7.95544],[111.62642,-7.95556],[111.62643,-7.95581],[111.62656,-7.956],[111.62659,-7.95612],[111.6269,-7.95618],[111.62736,-7.95657],[111.62753,-7.95685],[111.62754,-7.95768],[111.6278,-7.95767],[111.62797,-7.95793],[111.62816,-7.95854],[111.62823,-7.95861],[111.62838,-7.95856],[111.62851,-7.95857],[111.62877,-7.95841],[111.62896,-7.95842],[111.62929,-7.9586],[111.62938,-7.95872],[111.62963,-7.95803],[111.62977,-7.95815],[111.63005,-7.95817],[111.63006,-7.95794],[111.62999,-7.95783],[111.63003,-7.95772],[111.63051,-7.95775],[111.63081,-7.9577],[111.63119,-7.95774],[111.63129,-7.9578],[111.63145,-7.95775],[111.63161,-7.95781],[111.63165,-7.95819],[111.63183,-7.95815],[111.63202,-7.95822],[111.6326,-7.95814],[111.63273,-7.95807],[111.63281,-7.95795],[111.63279,-7.95784],[111.63297,-7.95769],[111.63346,-7.95707],[111.63364,-7.95697],[111.63396,-7.95689],[111.63453,-7.95639],[111.63377,-7.95952],[111.63666,-7.96009],[111.63952,-7.95953],[111.63953,-7.95972],[111.63966,-7.9598],[111.64007,-7.95987],[111.64035,-7.96009],[111.64072,-7.96018],[111.64094,-7.96026],[111.64123,-7.96073],[111.64131,-7.96081],[111.64142,-7.96081],[111.64148,-7.96077],[111.64162,-7.96054],[111.64169,-7.96052],[111.64182,-7.96057],[111.64202,-7.96077],[111.64248,-7.96101],[111.6426,-7.961],[111.64275,-7.96086],[111.64282,-7.96085],[111.64295,-7.96093],[111.64308,-7.96091],[111.64314,-7.96087],[111.64318,-7.96079],[111.64512,-7.96217],[111.64275,-7.96378],[111.6396,-7.96178],[111.63704,-7.96253],[111.63449,-7.96447],[111.62985,-7.96611],[111.62647,-7.96869],[111.62747,-7.96364],[111.62505,-7.96049],[111.62565,-7.95749],[111.62328,-7.95599],[111.62012,-7.95537],[111.61959,-7.95499],[111.61997,-7.95168],[111.62552,-7.95044],[111.62563,-7.95053],[111.62555,-7.95087],[111.6254,-7.95106],[111.62549,-7.95115]]],[[[111.58869,-7.94131],[111.58905,-7.94335],[111.58788,-7.94285],[111.58869,-7.94131]]],[[[111.6199,-7.93806],[111.62006,-7.93815],[111.62051,-7.93803],[111.62152,-7.93952],[111.61959,-7.94245],[111.61652,-7.94165],[111.61727,-7.93925],[111.61832,-7.9385],[111.61911,-7.9374],[111.6193,-7.93746],[111.61943,-7.93755],[111.61979,-7.9379],[111.6199,-7.93806]]],[[[111.59624,-7.94783],[111.59654,-7.94892],[111.59733,-7.94813],[111.59624,-7.94783],[111.59696,-7.94544],[111.60004,-7.94383],[111.60517,-7.94746],[111.60693,-7.94731],[111.60974,-7.94407],[111.60785,-7.93894],[111.60749,-7.93543],[111.60795,-7.93594],[111.60822,-7.93609],[111.60836,-7.93608],[111.60853,-7.93614],[111.6092,-7.93583],[111.60938,-7.93577],[111.60954,-7.93567],[111.61007,-7.93573],[111.61036,-7.93567],[111.61069,-7.93571],[111.61107,-7.93594],[111.61115,-7.93644],[111.61125,-7.93681],[111.61118,-7.93712],[111.61119,-7.93722],[111.61132,-7.93728],[111.61153,-7.93719],[111.6117,-7.93705],[111.61187,-7.93676],[111.612,-7.93649],[111.61199,-7.93636],[111.61211,-7.93592],[111.61344,-7.93916],[111.611,-7.94016],[111.61022,-7.94101],[111.61291,-7.94464],[111.6137,-7.94952],[111.6119,-7.9509],[111.61101,-7.95205],[111.60881,-7.95173],[111.60679,-7.95202],[111.60393,-7.9509],[111.60123,-7.95062],[111.6037,-7.9547],[111.60112,-7.95896],[111.60034,-7.96118],[111.60842,-7.96255],[111.6092,-7.96475],[111.60741,-7.96613],[111.60662,-7.96803],[111.60471,-7.97061],[111.60393,-7.9752],[111.60142,-7.97935],[111.59646,-7.97862],[111.59399,-7.98181],[111.59158,-7.97869],[111.59372,-7.97515],[111.58995,-7.97469],[111.58923,-7.9728],[111.58963,-7.96891],[111.58451,-7.96467],[111.5863,-7.95992],[111.58474,-7.95579],[111.58533,-7.95009],[111.58087,-7.9491],[111.58315,-7.94514],[111.58137,-7.94205],[111.58056,-7.93928],[111.57886,-7.93787],[111.58399,-7.93595],[111.5842,-7.93798],[111.58385,-7.94142],[111.58586,-7.94384],[111.59208,-7.94494],[111.59234,-7.94748],[111.58987,-7.94953],[111.58855,-7.95183],[111.58865,-7.95275],[111.58838,-7.9554],[111.59382,-7.95173],[111.59485,-7.94823],[111.59624,-7.94783]],[[111.60393,-7.96365],[111.60312,-7.96603],[111.60432,-7.96663],[111.605,-7.96527],[111.60393,-7.96365]],[[111.60054,-7.9661],[111.59915,-7.96544],[111.59683,-7.96715],[111.59983,-7.96753],[111.60054,-7.9661]],[[111.59965,-7.97252],[111.60163,-7.9729],[111.60129,-7.97016],[111.59864,-7.97061],[111.59965,-7.97252]]],[[[111.59553,-7.93318],[111.59592,-7.93319],[111.59669,-7.93501],[111.60196,-7.93435],[111.60224,-7.93663],[111.60023,-7.93748],[111.59943,-7.94027],[111.59207,-7.94236],[111.58879,-7.93973],[111.59286,-7.93688],[111.59308,-7.93685],[111.59323,-7.93674],[111.59331,-7.93656],[111.59409,-7.93602],[111.59381,-7.93426],[111.594,-7.93409],[111.59483,-7.93395],[111.59496,-7.93389],[111.5951,-7.93364],[111.59511,-7.93346],[111.59508,-7.93339],[111.59512,-7.93331],[111.59553,-7.93318]]],[[[111.58186,-7.9346],[111.57626,-7.93633],[111.57592,-7.93482],[111.57647,-7.9335],[111.57827,-7.9335],[111.57827,-7.9326],[111.58125,-7.93187],[111.58186,-7.9346]]],[[[111.58333,-7.93005],[111.58366,-7.9326],[111.58245,-7.93197],[111.58313,-7.93006],[111.58333,-7.93005]]],[[[111.56611,-7.92871],[111.56659,-7.93081],[111.56356,-7.93038],[111.56611,-7.92871]]],[[[111.57674,-7.92589],[111.57798,-7.92692],[111.57611,-7.92645],[111.57674,-7.92589]]],[[[111.55901,-7.92495],[111.55941,-7.92633],[111.55736,-7.92575],[111.5575,-7.92562],[111.55762,-7.92556],[111.55775,-7.92557],[111.55805,-7.92569],[111.55832,-7.92567],[111.55848,-7.92553],[111.55867,-7.92518],[111.55901,-7.92495]]],[[[111.56628,-7.92435],[111.56659,-7.92544],[111.5655,-7.92513],[111.56628,-7.92435]]],[[[111.57203,-7.92103],[111.57214,-7.92125],[111.57157,-7.92114],[111.57182,-7.92039],[111.57203,-7.92103]]]]}},{"type":"Feature","properties":{"gridcode":2,"GEMPABUMI":"Rendah","NTGbumi":2,"_cls":"Rendah"},"geometry":{"type":"MultiPolygon","coordinates":[[[[111.5567,-8.04998],[111.55664,-8.05],[111.55646,-8.04994],[111.55671,-8.04991],[111.5567,-8.04998]]],[[[111.65253,-8.01737],[111.64744,-8.01768],[111.64744,-8.01588],[111.65103,-8.01588],[111.65103,-8.01409],[111.65463,-8.01409],[111.65463,-8.01617],[111.65452,-8.01637],[111.6541,-8.01678],[111.65373,-8.01678],[111.65253,-8.01737]]],[[[111.65504,-8.0132],[111.65463,-8.0132],[111.65463,-8.0123],[111.65526,-8.0123],[111.65504,-8.0132]]],[[[111.62498,-8.00872],[111.62678,-8.00783],[111.62858,-8.00872],[111.62827,-8.00933],[111.62588,-8.0105],[111.62498,-8.00872]]],[[[111.65552,-8.00693],[111.65552,-8.00962],[111.65336,-8.00761],[111.65552,-8.00693]]],[[[111.54863,-8.00424],[111.54863,-8.00335],[111.54952,-8.00335],[111.54952,-8.00424],[111.54863,-8.00424]]],[[[111.64475,-8.00335],[111.64475,-8.00447],[111.64455,-8.00468],[111.64429,-8.00485],[111.64385,-8.005],[111.64385,-8.00335],[111.64475,-8.00335]]],[[[111.65335,-8.00141],[111.65373,-8.00335],[111.65074,-8.00298],[111.6515,-8.00037],[111.65335,-8.00141]]],[[[111.53644,-8.00296],[111.53753,-8.00545],[111.53555,-8.00518],[111.53537,-8.00506],[111.53477,-8.00409],[111.53418,-8.00061],[111.53544,-7.99938],[111.53644,-8.00296]]],[[[111.63576,-7.99887],[111.6337,-7.99851],[111.63527,-7.99773],[111.63576,-7.99887]]],[[[111.65552,-7.99171],[111.65552,-7.9926],[111.65613,-7.9926],[111.65626,-7.99358],[111.65621,-7.99485],[111.65625,-7.99547],[111.65616,-7.99694],[111.65598,-7.99768],[111.65575,-7.99841],[111.65552,-7.99887],[111.65463,-7.99887],[111.65463,-7.99977],[111.6518,-7.99817],[111.6487,-7.99395],[111.65064,-7.9913],[111.6502,-7.98773],[111.65395,-7.98997],[111.65503,-7.99131],[111.65552,-7.99171]],[[111.65343,-7.99558],[111.65463,-7.99619],[111.65568,-7.99408],[111.65423,-7.9932],[111.65343,-7.99558]]],[[[111.54773,-7.98723],[111.54683,-7.98723],[111.54683,-7.98634],[111.54773,-7.98634],[111.54773,-7.98723]]],[[[111.54683,-7.98634],[111.54593,-7.98634],[111.54593,-7.98544],[111.54683,-7.98544],[111.54683,-7.98634]]],[[[111.54683,-7.98186],[111.54683,-7.98275],[111.54593,-7.98275],[111.54593,-7.98186],[111.54683,-7.98186]]],[[[111.55532,-7.97983],[111.55581,-7.98096],[111.55375,-7.9806],[111.55532,-7.97983]]],[[[111.54683,-7.98186],[111.54683,-7.98096],[111.54773,-7.98096],[111.54773,-7.97738],[111.54952,-7.97738],[111.54952,-7.97648],[111.55042,-7.97648],[111.55042,-7.97559],[111.55132,-7.97559],[111.55132,-7.97111],[111.55291,-7.97049],[111.55671,-7.97111],[111.55671,-7.97201],[111.55761,-7.97201],[111.55761,-7.9738],[111.5554,-7.97241],[111.55181,-7.97169],[111.55279,-7.9813],[111.55147,-7.98361],[111.54912,-7.98226],[111.54683,-7.98186]]],[[[111.60129,-7.97016],[111.60163,-7.9729],[111.59965,-7.97252],[111.59864,-7.97061],[111.60129,-7.97016]]],[[[111.55062,-7.96901],[111.54952,-7.96932],[111.54983,-7.96823],[111.55062,-7.96901]]],[[[111.66332,-7.96889],[111.66271,-7.96932],[111.66271,-7.96753],[111.6635,-7.96809],[111.66332,-7.96889]]],[[[111.60054,-7.9661],[111.59983,-7.96753],[111.59683,-7.96715],[111.59915,-7.96544],[111.60054,-7.9661]]],[[[111.605,-7.96527],[111.60432,-7.96663],[111.60312,-7.96603],[111.60393,-7.96365],[111.605,-7.96527]]],[[[111.57948,-7.9626],[111.57737,-7.96395],[111.57737,-7.96305],[111.57647,-7.96305],[111.57647,-7.96216],[111.57948,-7.9626]]],[[[111.63557,-7.95739],[111.63756,-7.95768],[111.63743,-7.95678],[111.63753,-7.95685],[111.63765,-7.95688],[111.63801,-7.95692],[111.63812,-7.95696],[111.63841,-7.95696],[111.63856,-7.9569],[111.6389,-7.95696],[111.63873,-7.95743],[111.63871,-7.95778],[111.63883,-7.95831],[111.63879,-7.95859],[111.63901,-7.95874],[111.6392,-7.95905],[111.63932,-7.95916],[111.63935,-7.9593],[111.63951,-7.95944],[111.63952,-7.95953],[111.63666,-7.96009],[111.63377,-7.95952],[111.63453,-7.95639],[111.63495,-7.95592],[111.63511,-7.95588],[111.63581,-7.95587],[111.63604,-7.95596],[111.63668,-7.95632],[111.63557,-7.95739]]],[[[111.62581,-7.95131],[111.62597,-7.95135],[111.62617,-7.95132],[111.62632,-7.9514],[111.62642,-7.95167],[111.62628,-7.9519],[111.62633,-7.95195],[111.62632,-7.95233],[111.62606,-7.95253],[111.62607,-7.95271],[111.62509,-7.95293],[111.62549,-7.95115],[111.62581,-7.95131]]],[[[111.62574,-7.95079],[111.62555,-7.95087],[111.62563,-7.95053],[111.62574,-7.95062],[111.62576,-7.9507],[111.62574,-7.95079]]],[[[111.59624,-7.94783],[111.59733,-7.94813],[111.59654,-7.94892],[111.59624,-7.94783]]],[[[111.55339,-7.94542],[111.55312,-7.94604],[111.55104,-7.94566],[111.55187,-7.94397],[111.55517,-7.94463],[111.55339,-7.94542]]],[[[111.61959,-7.95499],[111.61909,-7.9546],[111.6183,-7.9527],[111.61658,-7.95192],[111.61362,-7.95575],[111.60933,-7.95512],[111.61136,-7.95847],[111.60936,-7.96353],[111.61241,-7.96857],[111.61852,-7.97027],[111.61805,-7.96713],[111.62259,-7.96364],[111.62389,-7.95748],[111.61998,-7.95639],[111.61959,-7.95499],[111.62012,-7.95537],[111.62328,-7.95599],[111.62565,-7.95749],[111.62505,-7.96049],[111.62747,-7.96364],[111.62647,-7.96869],[111.62985,-7.96611],[111.63449,-7.96447],[111.63704,-7.96253],[111.6396,-7.96178],[111.64275,-7.96378],[111.64512,-7.96217],[111.64318,-7.96079],[111.64322,-7.96062],[111.64321,-7.96017],[111.64328,-7.96011],[111.64338,-7.96011],[111.64363,-7.9602],[111.64405,-7.96043],[111.64422,-7.96046],[111.64434,-7.96042],[111.64441,-7.96026],[111.64448,-7.96023],[111.64459,-7.96026],[111.64831,-7.96014],[111.64837,-7.96037],[111.64878,-7.96081],[111.64977,-7.96131],[111.64986,-7.96141],[111.64986,-7.9615],[111.65026,-7.96185],[111.65073,-7.96194],[111.65154,-7.96255],[111.65175,-7.96315],[111.65216,-7.9637],[111.65237,-7.96389],[111.65261,-7.96393],[111.65311,-7.96457],[111.65528,-7.96546],[111.65582,-7.96572],[111.65693,-7.96613],[111.65777,-7.96667],[111.65849,-7.96735],[111.65902,-7.96777],[111.66052,-7.96757],[111.66098,-7.96743],[111.66181,-7.96753],[111.66068,-7.96981],[111.66271,-7.97022],[111.6624,-7.97089],[111.66223,-7.97107],[111.66171,-7.97122],[111.66163,-7.97129],[111.66172,-7.97189],[111.66154,-7.97224],[111.66151,-7.97323],[111.66158,-7.97344],[111.66165,-7.97353],[111.66127,-7.97501],[111.66119,-7.97504],[111.66115,-7.97515],[111.65911,-7.97539],[111.65906,-7.97536],[111.65841,-7.97532],[111.65783,-7.97537],[111.6573,-7.97556],[111.65692,-7.97509],[111.65459,-7.9743],[111.65176,-7.97781],[111.64869,-7.97869],[111.64985,-7.98065],[111.64784,-7.98226],[111.64701,-7.98609],[111.64335,-7.98763],[111.64215,-7.98912],[111.64684,-7.99551],[111.64504,-7.99855],[111.64563,-8.00322],[111.64544,-8.00319],[111.64538,-8.00335],[111.64475,-8.00335],[111.6433,-8.00127],[111.63846,-8.00245],[111.63793,-8.00245],[111.63746,-8.0022],[111.63711,-8.00131],[111.6368,-8.00211],[111.63611,-8.00215],[111.63528,-8.00258],[111.63476,-8.00294],[111.6338,-8.00318],[111.63273,-8.00473],[111.63254,-8.00479],[111.63249,-8.00492],[111.63217,-8.00514],[111.63155,-8.0016],[111.62937,-7.99987],[111.62754,-7.99758],[111.62279,-8.00059],[111.62371,-8.00436],[111.62711,-8.00237],[111.62738,-8.0046],[111.62538,-8.00733],[111.62498,-8.00872],[111.62488,-8.00872],[111.62484,-8.00859],[111.62457,-8.00846],[111.62436,-8.00828],[111.62422,-8.00738],[111.62408,-8.00711],[111.62408,-8.00693],[111.62376,-8.00693],[111.62318,-8.0065],[111.62303,-8.00662],[111.62174,-8.00405],[111.62019,-8.00633],[111.62139,-8.00693],[111.62082,-8.00767],[111.6194,-8.00823],[111.61858,-8.00849],[111.61824,-8.00889],[111.61665,-8.00953],[111.61552,-8.00961],[111.61515,-8.00979],[111.61472,-8.01031],[111.6142,-8.01051],[111.6133,-8.01051],[111.6133,-8.01134],[111.61318,-8.01143],[111.61197,-8.01168],[111.61177,-8.01167],[111.61153,-8.01185],[111.61061,-8.0123],[111.60971,-8.0123],[111.60971,-8.0132],[111.60881,-8.0132],[111.60881,-8.01409],[111.60821,-8.01528],[111.60773,-8.01553],[111.60736,-8.01556],[111.60692,-8.01574],[111.60639,-8.01498],[111.60327,-8.01567],[111.60255,-8.01849],[111.60201,-8.01829],[111.60185,-8.01826],[111.60156,-8.01827],[111.60096,-8.01834],[111.6005,-8.01829],[111.6003,-8.01824],[111.59969,-8.01827],[111.59945,-8.01835],[111.59664,-8.01816],[111.59646,-8.01795],[111.59625,-8.01754],[111.59562,-8.01789],[111.59541,-8.01814],[111.59174,-8.01857],[111.59085,-8.01857],[111.59085,-8.01929],[111.59046,-8.01938],[111.59037,-8.01947],[111.58995,-8.01947],[111.58959,-8.01743],[111.58878,-8.01897],[111.58995,-8.01947],[111.58871,-8.02126],[111.5884,-8.02164],[111.58635,-8.02305],[111.58546,-8.02305],[111.58546,-8.02394],[111.58519,-8.02447],[111.58452,-8.02472],[111.58306,-8.02514],[111.58281,-8.02565],[111.58273,-8.02572],[111.58271,-8.02584],[111.58066,-8.02991],[111.58007,-8.03021],[111.5797,-8.02968],[111.57714,-8.02895],[111.57917,-8.032],[111.57869,-8.03372],[111.57837,-8.03449],[111.57828,-8.03463],[111.57817,-8.03496],[111.57795,-8.03519],[111.57777,-8.03543],[111.57762,-8.03576],[111.57757,-8.03615],[111.57758,-8.03642],[111.57698,-8.03788],[111.57647,-8.03827],[111.57534,-8.03696],[111.57468,-8.03917],[111.57412,-8.0405],[111.57395,-8.04242],[111.57375,-8.04283],[111.57366,-8.0431],[111.57359,-8.04369],[111.57376,-8.0443],[111.57362,-8.04568],[111.5735,-8.0463],[111.57351,-8.04672],[111.57341,-8.04775],[111.57335,-8.04786],[111.57116,-8.04835],[111.57092,-8.04834],[111.57026,-8.0484],[111.56983,-8.04865],[111.56956,-8.04871],[111.56911,-8.04872],[111.56851,-8.04892],[111.56828,-8.04891],[111.56775,-8.04882],[111.56716,-8.04869],[111.56577,-8.04796],[111.56542,-8.04795],[111.56486,-8.04799],[111.56468,-8.04806],[111.56463,-8.04815],[111.56457,-8.04852],[111.56434,-8.04903],[111.56344,-8.04962],[111.56303,-8.04968],[111.56339,-8.04672],[111.56698,-8.04525],[111.5662,-8.04403],[111.56301,-8.04213],[111.56127,-8.03989],[111.55688,-8.03924],[111.55362,-8.04174],[111.555,-8.0444],[111.55803,-8.04258],[111.56249,-8.04602],[111.56061,-8.04798],[111.55695,-8.04744],[111.55385,-8.04816],[111.55362,-8.04794],[111.55343,-8.04729],[111.5531,-8.04681],[111.55271,-8.04634],[111.5525,-8.04622],[111.55184,-8.04614],[111.55126,-8.04566],[111.55126,-8.0452],[111.55104,-8.04461],[111.55061,-8.04391],[111.55023,-8.0437],[111.54917,-8.04278],[111.54702,-8.04184],[111.54655,-8.04206],[111.54592,-8.04179],[111.54553,-8.0413],[111.5451,-8.04123],[111.54473,-8.04127],[111.5442,-8.04141],[111.54374,-8.04127],[111.54318,-8.04081],[111.5425,-8.04189],[111.54235,-8.04195],[111.5422,-8.04184],[111.54192,-8.04183],[111.54175,-8.04158],[111.54167,-8.04156],[111.54131,-8.04199],[111.54103,-8.04203],[111.54048,-8.04221],[111.54024,-8.04212],[111.5398,-8.04225],[111.5396,-8.04207],[111.53947,-8.04208],[111.53878,-8.0425],[111.53887,-8.04218],[111.53933,-8.04136],[111.53964,-8.04106],[111.54022,-8.04074],[111.54058,-8.04026],[111.54085,-8.03893],[111.5404,-8.03757],[111.53998,-8.03677],[111.53986,-8.0366],[111.53969,-8.03646],[111.53854,-8.03685],[111.53871,-8.03647],[111.53874,-8.03648],[111.53874,-8.03641],[111.53913,-8.03557],[111.53873,-8.03527],[111.53869,-8.0352],[111.53867,-8.03468],[111.53919,-8.03392],[111.53953,-8.03316],[111.53963,-8.03281],[111.53964,-8.03241],[111.53956,-8.03192],[111.5393,-8.03113],[111.53895,-8.03036],[111.53845,-8.02953],[111.53833,-8.02658],[111.53716,-8.02598],[111.53712,-8.02528],[111.53719,-8.02303],[111.53712,-8.02265],[111.53717,-8.0222],[111.53745,-8.02129],[111.53748,-8.02085],[111.5376,-8.02024],[111.53772,-8.01991],[111.53812,-8.01922],[111.53817,-8.01906],[111.53814,-8.01875],[111.53791,-8.01814],[111.53779,-8.01759],[111.53764,-8.01667],[111.53766,-8.01618],[111.5377,-8.01596],[111.53795,-8.01627],[111.54176,-8.01136],[111.54363,-8.00792],[111.54234,-8.00693],[111.54017,-8.00367],[111.541,-8.00069],[111.54234,-7.99977],[111.54576,-8.00601],[111.54863,-8.00424],[111.54924,-8.00892],[111.55555,-8.00661],[111.55525,-8.0029],[111.55541,-8.00094],[111.56005,-7.99888],[111.56264,-8.00032],[111.56435,-8.00018],[111.56548,-8.00027],[111.56701,-8.00204],[111.56873,-8.00287],[111.5697,-7.99712],[111.56482,-7.99565],[111.56348,-7.99361],[111.5653,-7.99036],[111.56382,-7.98773],[111.55899,-7.9895],[111.55405,-7.9904],[111.55163,-7.99425],[111.54737,-7.99791],[111.55161,-8.00156],[111.54952,-8.00335],[111.54952,-8.00066],[111.54773,-8.00066],[111.54556,-7.99745],[111.54503,-7.99708],[111.54546,-7.99232],[111.54887,-7.99453],[111.55159,-7.98978],[111.54863,-7.98902],[111.54863,-7.98813],[111.54773,-7.98813],[111.54773,-7.98723],[111.55161,-7.98659],[111.55405,-7.98806],[111.55746,-7.98386],[111.55637,-7.97654],[111.55761,-7.97559],[111.55795,-7.97704],[111.56046,-7.9822],[111.5634,-7.98129],[111.5639,-7.97917],[111.56724,-7.97783],[111.56697,-7.97598],[111.56929,-7.97559],[111.56876,-7.97775],[111.56839,-7.98096],[111.56717,-7.98197],[111.56888,-7.98495],[111.56976,-7.99182],[111.57695,-7.98772],[111.57839,-7.989],[111.57607,-7.99517],[111.57721,-7.99603],[111.58276,-7.99546],[111.581,-7.99951],[111.57796,-7.9992],[111.57672,-8.00135],[111.57714,-8.00552],[111.57363,-8.00588],[111.56976,-8.0031],[111.56549,-8.00999],[111.55907,-8.00759],[111.55863,-8.01188],[111.56569,-8.0123],[111.56606,-8.01283],[111.57078,-8.01404],[111.57198,-8.0123],[111.57251,-8.01194],[111.57325,-8.01088],[111.57521,-8.01015],[111.57601,-8.00801],[111.57951,-8.00656],[111.58106,-8.01257],[111.58296,-8.00982],[111.58211,-8.00604],[111.5826,-8.00386],[111.58065,-8.00252],[111.5797,-8.00065],[111.58456,-8.00269],[111.58387,-7.99958],[111.58546,-7.99619],[111.586,-7.99584],[111.58671,-7.9943],[111.58486,-7.99312],[111.58526,-7.99171],[111.58422,-7.98802],[111.586,-7.98688],[111.58671,-7.98502],[111.58456,-7.98365],[111.58456,-7.98275],[111.58366,-7.98275],[111.58323,-7.98229],[111.58157,-7.98076],[111.58243,-7.97516],[111.58539,-7.97834],[111.58879,-7.98149],[111.59135,-7.98139],[111.59116,-7.97671],[111.58995,-7.97559],[111.58995,-7.97469],[111.59372,-7.97515],[111.59158,-7.97869],[111.59399,-7.98181],[111.59646,-7.97862],[111.60142,-7.97935],[111.60393,-7.9752],[111.60471,-7.97061],[111.60662,-7.96803],[111.60741,-7.96613],[111.6092,-7.96475],[111.60842,-7.96255],[111.60034,-7.96118],[111.60112,-7.95896],[111.6037,-7.9547],[111.60123,-7.95062],[111.60393,-7.9509],[111.60679,-7.95202],[111.60881,-7.95173],[111.61101,-7.95205],[111.6119,-7.9509],[111.6137,-7.94952],[111.61291,-7.94464],[111.61022,-7.94101],[111.611,-7.94016],[111.61344,-7.93916],[111.61211,-7.93592],[111.61236,-7.93538],[111.6126,-7.93511],[111.61273,-7.93513],[111.61289,-7.93531],[111.61343,-7.936],[111.61297,-7.93679],[111.61737,-7.93831],[111.6176,-7.93667],[111.61777,-7.93681],[111.61797,-7.93704],[111.61827,-7.93729],[111.61841,-7.93737],[111.61911,-7.9374],[111.61832,-7.9385],[111.61727,-7.93925],[111.61652,-7.94165],[111.61959,-7.94245],[111.62152,-7.93952],[111.62051,-7.93803],[111.62062,-7.93802],[111.62074,-7.93807],[111.62086,-7.93838],[111.62102,-7.93854],[111.62126,-7.93858],[111.62155,-7.93857],[111.62201,-7.93842],[111.62215,-7.93843],[111.62258,-7.93864],[111.62263,-7.93867],[111.62266,-7.93878],[111.62259,-7.93898],[111.62258,-7.9393],[111.62266,-7.9395],[111.62273,-7.93957],[111.62295,-7.93969],[111.62326,-7.93983],[111.62385,-7.93998],[111.62392,-7.94007],[111.62392,-7.94019],[111.62398,-7.94033],[111.62397,-7.94038],[111.62402,-7.94048],[111.62411,-7.94052],[111.62451,-7.94057],[111.62464,-7.94051],[111.62476,-7.94041],[111.62493,-7.94044],[111.62499,-7.94051],[111.62514,-7.94053],[111.62531,-7.94068],[111.62536,-7.94083],[111.62536,-7.94097],[111.62554,-7.94106],[111.62563,-7.94125],[111.62565,-7.94144],[111.62554,-7.94155],[111.62555,-7.94174],[111.62562,-7.94181],[111.62565,-7.9421],[111.62575,-7.94237],[111.62584,-7.94241],[111.62586,-7.94248],[111.62592,-7.9425],[111.62596,-7.94257],[111.626,-7.94271],[111.62599,-7.94287],[111.62589,-7.94297],[111.62587,-7.94304],[111.62566,-7.94337],[111.62562,-7.94339],[111.62543,-7.94334],[111.62532,-7.94338],[111.62533,-7.94366],[111.62523,-7.94382],[111.62493,-7.94389],[111.62494,-7.94398],[111.62319,-7.94335],[111.62229,-7.9421],[111.62139,-7.94335],[111.62049,-7.94335],[111.62049,-7.94425],[111.61725,-7.94464],[111.614,-7.94901],[111.61675,-7.94941],[111.62214,-7.94828],[111.62368,-7.94629],[111.62501,-7.94649],[111.62493,-7.94665],[111.62483,-7.94674],[111.62486,-7.94684],[111.62506,-7.947],[111.62512,-7.94719],[111.62487,-7.94775],[111.62485,-7.94789],[111.62496,-7.94824],[111.62493,-7.94831],[111.62498,-7.94842],[111.62511,-7.94841],[111.62519,-7.94852],[111.62525,-7.94853],[111.62532,-7.94861],[111.62529,-7.9487],[111.62517,-7.94893],[111.62518,-7.94908],[111.62527,-7.94914],[111.62574,-7.94926],[111.62586,-7.94954],[111.62612,-7.94965],[111.62615,-7.94971],[111.62615,-7.94987],[111.6261,-7.95016],[111.62594,-7.9502],[111.62574,-7.95002],[111.62563,-7.94998],[111.62554,-7.95],[111.62554,-7.95027],[111.62549,-7.95041],[111.62552,-7.95044],[111.61997,-7.95168],[111.61959,-7.95499]],[[111.616,-7.94335],[111.61561,-7.9404],[111.61479,-7.94272],[111.616,-7.94335]],[[111.60402,-7.95553],[111.60791,-7.95589],[111.60751,-7.9539],[111.60465,-7.95246],[111.60402,-7.95553]],[[111.60772,-7.95827],[111.60881,-7.95857],[111.6085,-7.95748],[111.60772,-7.95827]],[[111.61043,-7.96983],[111.60805,-7.97303],[111.6065,-7.97418],[111.60484,-7.97666],[111.60702,-7.97828],[111.6092,-7.97508],[111.61181,-7.97314],[111.61043,-7.96983]],[[111.62947,-7.98096],[111.63395,-7.982],[111.63615,-7.9784],[111.63307,-7.97886],[111.63172,-7.97866],[111.63005,-7.9789],[111.62947,-7.98096],[111.62772,-7.9794],[111.62985,-7.97548],[111.62715,-7.97425],[111.62726,-7.97244],[111.62684,-7.96979],[111.62456,-7.97338],[111.61893,-7.97553],[111.62034,-7.97945],[111.62181,-7.9778],[111.62334,-7.97696],[111.62558,-7.98181],[111.62749,-7.98318],[111.62947,-7.98096]],[[111.64035,-7.98147],[111.63805,-7.98443],[111.63531,-7.98403],[111.6341,-7.98421],[111.6347,-7.98826],[111.63332,-7.99053],[111.63087,-7.99017],[111.62998,-7.99132],[111.63756,-7.9926],[111.63795,-7.99031],[111.63896,-7.98774],[111.63975,-7.98493],[111.64078,-7.98323],[111.64035,-7.98147]],[[111.62049,-7.9935],[111.62012,-7.99119],[111.61784,-7.98821],[111.61189,-7.98938],[111.61113,-7.99118],[111.61562,-7.99208],[111.61727,-7.99312],[111.62049,-7.9935]],[[111.60881,-7.99619],[111.60653,-7.9966],[111.6057,-7.99719],[111.60877,-7.99856],[111.61205,-8.00311],[111.61171,-8.00734],[111.61443,-8.00824],[111.61575,-8.00388],[111.61353,-7.99991],[111.61397,-7.99846],[111.6162,-8.00104],[111.61731,-7.99786],[111.61408,-7.99643],[111.60935,-7.99681],[111.60881,-7.99619],[111.61024,-7.99579],[111.60883,-7.9897],[111.611,-7.98803],[111.61011,-7.98655],[111.60287,-7.98794],[111.59996,-7.98418],[111.59793,-7.98754],[111.60194,-7.98917],[111.60305,-7.99568],[111.60509,-7.99478],[111.60445,-7.99042],[111.60643,-7.99163],[111.60741,-7.994],[111.60881,-7.99619]],[[111.60072,-7.9903],[111.59766,-7.99024],[111.59874,-7.99568],[111.59751,-7.99656],[111.59676,-7.99847],[111.59983,-8.00066],[111.60049,-7.99905],[111.60008,-7.99697],[111.60127,-7.99307],[111.60072,-7.9903]],[[111.60306,-7.99952],[111.60225,-8.00106],[111.60342,-8.00156],[111.60306,-7.99952]],[[111.608,-8.00117],[111.60662,-8.00715],[111.61061,-8.00783],[111.61019,-8.00246],[111.608,-8.00117]],[[111.59983,-8.00693],[111.59902,-8.00387],[111.59661,-8.00641],[111.59406,-8.01014],[111.59247,-8.01128],[111.59105,-8.01593],[111.59399,-8.01535],[111.59703,-8.01595],[111.59868,-8.00775],[111.59983,-8.00693],[111.59983,-8.01051],[111.60163,-8.01051],[111.60163,-8.01141],[111.59952,-8.0119],[111.59859,-8.01473],[111.6015,-8.01623],[111.60287,-8.01307],[111.60163,-8.0123],[111.60163,-8.01141],[111.60303,-8.0118],[111.60489,-8.0142],[111.60789,-8.0124],[111.60605,-8.00936],[111.60471,-8.00833],[111.60137,-8.00402],[111.60034,-8.00654],[111.59983,-8.00693]],[[111.58456,-8.01857],[111.58346,-8.01888],[111.58425,-8.01966],[111.58456,-8.01857],[111.58713,-8.01815],[111.58988,-8.01447],[111.59123,-8.01066],[111.58701,-8.00899],[111.58417,-8.01017],[111.58518,-8.01597],[111.58456,-8.01857]],[[111.54503,-8.02484],[111.54569,-8.01816],[111.54455,-8.01899],[111.54372,-8.01995],[111.53923,-8.0213],[111.54319,-8.02683],[111.54455,-8.02525],[111.54503,-8.02484],[111.5455,-8.02837],[111.55105,-8.02792],[111.55072,-8.02386],[111.55109,-8.02263],[111.5532,-8.02508],[111.55468,-8.02615],[111.55642,-8.02413],[111.55603,-8.01925],[111.56054,-8.01816],[111.56199,-8.02297],[111.56762,-8.02252],[111.56944,-8.01846],[111.56652,-8.01595],[111.5642,-8.01326],[111.55806,-8.01375],[111.55623,-8.01361],[111.5554,-8.01547],[111.55177,-8.02196],[111.54729,-8.0216],[111.54551,-8.02442],[111.54503,-8.02484]],[[111.55347,-8.01417],[111.55218,-8.01011],[111.54859,-8.01222],[111.54733,-8.01843],[111.54863,-8.01947],[111.54926,-8.02038],[111.55226,-8.0197],[111.55132,-8.01588],[111.55347,-8.01417]],[[111.5745,-8.0146],[111.57647,-8.01499],[111.57614,-8.01224],[111.57348,-8.0127],[111.5745,-8.0146]],[[111.57913,-8.01282],[111.57789,-8.01717],[111.58096,-8.01768],[111.58046,-8.01465],[111.57913,-8.01282]],[[111.56999,-8.01916],[111.57108,-8.01947],[111.57078,-8.01837],[111.56999,-8.01916]],[[111.5786,-8.01904],[111.57737,-8.02036],[111.57691,-8.02079],[111.57514,-8.02511],[111.57846,-8.02885],[111.57963,-8.02518],[111.58147,-8.02348],[111.58138,-8.02136],[111.5786,-8.01904]],[[111.58249,-8.02089],[111.58456,-8.02126],[111.58407,-8.02012],[111.58249,-8.02089]],[[111.55941,-8.02932],[111.55977,-8.03074],[111.5612,-8.0329],[111.55909,-8.03338],[111.56077,-8.03592],[111.5612,-8.0329],[111.56263,-8.03326],[111.56553,-8.03448],[111.56696,-8.03232],[111.56322,-8.02975],[111.55941,-8.02932],[111.55828,-8.02727],[111.55729,-8.02886],[111.55941,-8.02932]],[[111.54873,-8.03114],[111.54229,-8.02889],[111.5437,-8.03154],[111.54457,-8.03694],[111.5456,-8.0387],[111.54733,-8.03684],[111.5525,-8.03704],[111.55445,-8.03526],[111.55042,-8.0329],[111.55042,-8.032],[111.54952,-8.032],[111.54873,-8.03114]],[[111.55541,-8.03675],[111.55761,-8.03737],[111.55699,-8.03523],[111.55541,-8.03675]],[[111.5644,-8.03638],[111.56569,-8.03737],[111.56652,-8.03528],[111.5644,-8.03638]],[[111.54234,-8.03917],[111.54203,-8.03807],[111.54124,-8.03886],[111.54234,-8.03917]],[[111.55095,-8.03051],[111.55312,-8.032],[111.55233,-8.02895],[111.55095,-8.03051]],[[111.55491,-8.02842],[111.55455,-8.02639],[111.55375,-8.02792],[111.55491,-8.02842]],[[111.5603,-8.02484],[111.5603,-8.02663],[111.563,-8.02663],[111.563,-8.02484],[111.5603,-8.02484]],[[111.56712,-8.02392],[111.56796,-8.02558],[111.57135,-8.02483],[111.57235,-8.02626],[111.57378,-8.02663],[111.5726,-8.02204],[111.57052,-8.02158],[111.56712,-8.02392]],[[111.59515,-8.0063],[111.59449,-8.00338],[111.59216,-8.00391],[111.58958,-8.00827],[111.59354,-8.00872],[111.59515,-8.0063]],[[111.59387,-7.99687],[111.59115,-7.99489],[111.58955,-7.99826],[111.59444,-7.99887],[111.59387,-7.99687]],[[111.5878,-7.99215],[111.59069,-7.98915],[111.5903,-7.9859],[111.58815,-7.98813],[111.58593,-7.98884],[111.5878,-7.99215]],[[111.59252,-7.99033],[111.59624,-7.99081],[111.59694,-7.9889],[111.59209,-7.98503],[111.59252,-7.99033]],[[111.61146,-7.9859],[111.6142,-7.98634],[111.61618,-7.98335],[111.6139,-7.98239],[111.61146,-7.9859]],[[111.61653,-7.98452],[111.61755,-7.98653],[111.61914,-7.98688],[111.62058,-7.98656],[111.62265,-7.98955],[111.62372,-7.99028],[111.62445,-7.99134],[111.62678,-7.99171],[111.62631,-7.98877],[111.62462,-7.98581],[111.62176,-7.98507],[111.62052,-7.98328],[111.61653,-7.98452]],[[111.63576,-7.99887],[111.64168,-7.99851],[111.64242,-7.99759],[111.63793,-7.99671],[111.63455,-7.99411],[111.63089,-7.99493],[111.63001,-7.99913],[111.63521,-8.00103],[111.63576,-7.99887]],[[111.6245,-7.99761],[111.6221,-7.99485],[111.61915,-7.99933],[111.61734,-8.002],[111.61646,-8.00565],[111.6178,-8.00693],[111.61824,-8.00468],[111.62077,-8.00346],[111.62185,-8.00015],[111.6245,-7.99761]],[[111.6151,-7.99529],[111.61479,-7.9942],[111.61401,-7.99498],[111.6151,-7.99529]],[[111.64365,-7.99498],[111.64475,-7.99529],[111.64444,-7.9942],[111.64365,-7.99498]],[[111.60342,-7.98186],[111.60309,-7.97924],[111.60132,-7.9808],[111.60342,-7.98186]],[[111.60755,-7.98107],[111.61061,-7.98186],[111.61024,-7.97954],[111.60906,-7.97791],[111.60755,-7.98107]],[[111.61655,-7.97951],[111.6178,-7.98007],[111.61856,-7.97838],[111.61748,-7.97494],[111.62028,-7.97151],[111.61856,-7.97077],[111.61653,-7.97406],[111.61359,-7.97506],[111.61417,-7.97693],[111.61358,-7.97882],[111.61655,-7.97951]],[[111.61061,-7.97648],[111.61265,-7.97613],[111.61111,-7.97532],[111.61061,-7.97648],[111.60951,-7.97679],[111.6103,-7.97758],[111.61061,-7.97648]],[[111.616,-7.9729],[111.61569,-7.97181],[111.6149,-7.9726],[111.616,-7.9729]],[[111.63518,-7.97169],[111.63756,-7.97201],[111.63718,-7.96916],[111.63185,-7.9697],[111.63455,-7.97053],[111.63518,-7.97169]],[[111.63717,-7.97745],[111.64025,-7.97917],[111.64172,-7.97546],[111.64138,-7.97318],[111.63843,-7.97362],[111.63717,-7.97745]],[[111.64714,-7.97611],[111.65013,-7.97648],[111.64918,-7.9746],[111.64714,-7.97611]],[[111.60702,-7.97201],[111.60671,-7.97092],[111.60592,-7.9717],[111.60702,-7.97201]],[[111.57605,-7.99932],[111.5738,-7.99128],[111.57065,-7.99323],[111.57342,-7.99844],[111.57331,-8.00113],[111.57557,-8.00156],[111.57605,-7.99932]],[[111.56749,-7.98813],[111.56713,-7.98609],[111.56632,-7.98763],[111.56749,-7.98813]],[[111.56002,-7.98673],[111.55785,-7.98597],[111.55544,-7.98824],[111.55851,-7.98902],[111.56002,-7.98673]],[[111.55171,-8.04154],[111.55003,-8.04285],[111.55222,-8.04454],[111.55171,-8.04154]],[[111.63846,-7.96842],[111.63815,-7.96733],[111.63736,-7.96812],[111.63846,-7.96842]],[[111.62588,-7.96395],[111.62557,-7.96286],[111.62479,-7.96364],[111.62588,-7.96395]]],[[[111.59409,-7.93602],[111.59331,-7.93656],[111.59335,-7.93618],[111.5933,-7.93571],[111.59331,-7.93535],[111.59339,-7.93504],[111.59367,-7.93438],[111.59381,-7.93426],[111.59409,-7.93602]]],[[[111.55531,-7.93323],[111.55373,-7.93475],[111.55312,-7.9326],[111.55531,-7.93323]]],[[[111.57647,-7.9335],[111.57647,-7.9326],[111.57827,-7.9326],[111.57827,-7.9335],[111.57647,-7.9335]]],[[[111.59124,-7.93142],[111.59091,-7.93163],[111.5903,-7.93151],[111.59112,-7.9314],[111.59124,-7.93142]]],[[[111.55218,-7.92617],[111.55248,-7.92619],[111.55306,-7.92634],[111.55345,-7.92635],[111.55394,-7.92623],[111.55409,-7.92639],[111.55263,-7.92764],[111.55222,-7.92812],[111.55149,-7.92791],[111.55164,-7.92781],[111.55179,-7.9279],[111.55196,-7.92791],[111.55214,-7.92742],[111.55214,-7.92726],[111.55202,-7.92706],[111.55191,-7.92701],[111.55182,-7.92692],[111.55177,-7.92678],[111.55179,-7.9266],[111.55192,-7.9264],[111.55218,-7.92617]]],[[[111.59624,-7.94783],[111.59485,-7.94823],[111.59382,-7.95173],[111.58838,-7.9554],[111.58865,-7.95275],[111.58855,-7.95183],[111.58987,-7.94953],[111.59234,-7.94748],[111.59208,-7.94494],[111.58586,-7.94384],[111.58385,-7.94142],[111.5842,-7.93798],[111.58399,-7.93595],[111.57886,-7.93787],[111.58056,-7.93928],[111.58137,-7.94205],[111.58315,-7.94514],[111.58087,-7.9491],[111.58533,-7.95009],[111.58474,-7.95579],[111.5863,-7.95992],[111.58451,-7.96467],[111.58963,-7.96891],[111.58923,-7.9728],[111.58995,-7.97469],[111.58815,-7.97469],[111.58815,-7.97111],[111.58725,-7.97111],[111.58576,-7.96741],[111.58276,-7.96574],[111.58227,-7.96349],[111.58407,-7.95861],[111.58096,-7.95768],[111.58135,-7.95537],[111.58314,-7.95248],[111.57917,-7.95141],[111.57875,-7.95093],[111.57697,-7.9494],[111.58043,-7.94452],[111.57756,-7.94475],[111.57789,-7.94066],[111.57777,-7.93914],[111.5748,-7.93938],[111.56881,-7.94361],[111.56707,-7.94562],[111.56355,-7.94719],[111.56258,-7.94831],[111.56083,-7.94981],[111.5603,-7.94693],[111.5603,-7.94604],[111.5612,-7.94604],[111.5612,-7.94514],[111.56601,-7.94471],[111.56659,-7.94245],[111.56749,-7.94245],[111.56749,-7.94156],[111.56892,-7.94119],[111.57235,-7.93844],[111.56601,-7.93761],[111.56351,-7.94122],[111.56252,-7.941],[111.55915,-7.94242],[111.55851,-7.94335],[111.55539,-7.94444],[111.55897,-7.94113],[111.56109,-7.93785],[111.56938,-7.93589],[111.57394,-7.93429],[111.57468,-7.9335],[111.57647,-7.9335],[111.57592,-7.93482],[111.57626,-7.93633],[111.58186,-7.9346],[111.58125,-7.93187],[111.57827,-7.9326],[111.57914,-7.93049],[111.57524,-7.92824],[111.5735,-7.93066],[111.57081,-7.93013],[111.56891,-7.93133],[111.56346,-7.93242],[111.55851,-7.93145],[111.56066,-7.92992],[111.55941,-7.92902],[111.55941,-7.92812],[111.55671,-7.92812],[111.55622,-7.92689],[111.55643,-7.9267],[111.55659,-7.92639],[111.55681,-7.92605],[111.5569,-7.92596],[111.55736,-7.92575],[111.55941,-7.92633],[111.55902,-7.92495],[111.55921,-7.92494],[111.55963,-7.92506],[111.55983,-7.92515],[111.56026,-7.92547],[111.56062,-7.92568],[111.56105,-7.92572],[111.56123,-7.92567],[111.56135,-7.92557],[111.56164,-7.92519],[111.56195,-7.92519],[111.56225,-7.92528],[111.56236,-7.92529],[111.56282,-7.92514],[111.56299,-7.92498],[111.56311,-7.92474],[111.56325,-7.92464],[111.56344,-7.92458],[111.56378,-7.92452],[111.56386,-7.92447],[111.56413,-7.92407],[111.56426,-7.92397],[111.56443,-7.92398],[111.56478,-7.92413],[111.56498,-7.92417],[111.56504,-7.92413],[111.5651,-7.924],[111.56508,-7.92393],[111.56501,-7.92381],[111.56506,-7.92374],[111.56516,-7.9237],[111.56558,-7.92379],[111.56579,-7.92365],[111.56616,-7.92365],[111.56628,-7.92355],[111.56639,-7.92351],[111.56648,-7.92352],[111.56658,-7.92359],[111.56663,-7.92367],[111.56671,-7.92396],[111.56687,-7.92409],[111.56731,-7.92422],[111.56751,-7.92413],[111.56761,-7.92413],[111.56812,-7.9244],[111.56796,-7.92409],[111.56771,-7.92389],[111.5677,-7.92378],[111.56773,-7.92371],[111.56782,-7.92361],[111.56825,-7.92332],[111.56851,-7.92281],[111.56866,-7.92265],[111.5689,-7.92246],[111.56972,-7.92198],[111.56892,-7.92496],[111.57198,-7.92544],[111.5735,-7.92315],[111.57,-7.92185],[111.57016,-7.92182],[111.57037,-7.92173],[111.57053,-7.92152],[111.57058,-7.92139],[111.57095,-7.92101],[111.57098,-7.92091],[111.57096,-7.9207],[111.57056,-7.92008],[111.57048,-7.91988],[111.57049,-7.91977],[111.5707,-7.91931],[111.57066,-7.91906],[111.5707,-7.91896],[111.57082,-7.91877],[111.57091,-7.91871],[111.57128,-7.91858],[111.57154,-7.91843],[111.57185,-7.91841],[111.57194,-7.91854],[111.57208,-7.91897],[111.57179,-7.91909],[111.57154,-7.91925],[111.57156,-7.91971],[111.57182,-7.92039],[111.57157,-7.92114],[111.57214,-7.92125],[111.57242,-7.9218],[111.57285,-7.92236],[111.57472,-7.9242],[111.57535,-7.92488],[111.57674,-7.92589],[111.57611,-7.92645],[111.57798,-7.92692],[111.57818,-7.92709],[111.57898,-7.92795],[111.58067,-7.93001],[111.58188,-7.9299],[111.58244,-7.93003],[111.58313,-7.93006],[111.58245,-7.93197],[111.58366,-7.9326],[111.58333,-7.93005],[111.58459,-7.93005],[111.58544,-7.93023],[111.58634,-7.93073],[111.58508,-7.93048],[111.58884,-7.93477],[111.59137,-7.93402],[111.59212,-7.93298],[111.59246,-7.93289],[111.59246,-7.93689],[111.59286,-7.93688],[111.58879,-7.93973],[111.59207,-7.94236],[111.59943,-7.94027],[111.60023,-7.93748],[111.60224,-7.93663],[111.60196,-7.93435],[111.59669,-7.93501],[111.59592,-7.93319],[111.5961,-7.9332],[111.59631,-7.93318],[111.59703,-7.93294],[111.59747,-7.93291],[111.59822,-7.93293],[111.59961,-7.93303],[111.60002,-7.93311],[111.60014,-7.93319],[111.6002,-7.93329],[111.60024,-7.93336],[111.60026,-7.93352],[111.60019,-7.93362],[111.60007,-7.93416],[111.60009,-7.93424],[111.60021,-7.93431],[111.60027,-7.93449],[111.60032,-7.93452],[111.60052,-7.93442],[111.60071,-7.93442],[111.60112,-7.93434],[111.60134,-7.93422],[111.60157,-7.93404],[111.6017,-7.93399],[111.60208,-7.93409],[111.60226,-7.9341],[111.60235,-7.93408],[111.60239,-7.934],[111.6025,-7.93397],[111.60255,-7.9339],[111.60262,-7.93388],[111.60279,-7.93371],[111.60313,-7.93369],[111.60337,-7.93374],[111.60384,-7.93399],[111.60414,-7.93436],[111.6044,-7.93458],[111.60443,-7.93472],[111.60441,-7.93491],[111.60445,-7.93505],[111.60458,-7.93517],[111.60469,-7.93567],[111.60476,-7.93571],[111.60494,-7.93577],[111.60583,-7.93593],[111.6059,-7.93599],[111.60618,-7.93582],[111.6063,-7.93561],[111.60636,-7.93538],[111.60637,-7.93515],[111.60627,-7.93473],[111.60633,-7.93465],[111.6065,-7.93463],[111.60659,-7.93468],[111.60696,-7.935],[111.60733,-7.93527],[111.60749,-7.93543],[111.60785,-7.93894],[111.60974,-7.94407],[111.60693,-7.94731],[111.60517,-7.94746],[111.60004,-7.94383],[111.59696,-7.94544],[111.59624,-7.94783]],[[111.58905,-7.94335],[111.58869,-7.94131],[111.58788,-7.94285],[111.58905,-7.94335]],[[111.60038,-7.942],[111.60342,-7.94245],[111.60466,-7.93965],[111.60285,-7.93852],[111.60038,-7.942]],[[111.58995,-7.93798],[111.58794,-7.93582],[111.58592,-7.93721],[111.58995,-7.93798]],[[111.5639,-7.92902],[111.56462,-7.92756],[111.56183,-7.92693],[111.5609,-7.92864],[111.5639,-7.92902]],[[111.57268,-7.92782],[111.57378,-7.92812],[111.57347,-7.92703],[111.57268,-7.92782]],[[111.56611,-7.92871],[111.56356,-7.93038],[111.56659,-7.93081],[111.56611,-7.92871]],[[111.56659,-7.92544],[111.56628,-7.92435],[111.5655,-7.92513],[111.56659,-7.92544]]]]}},{"type":"Feature","properties":{"gridcode":3,"GEMPABUMI":"Sedang","NTGbumi":3,"_cls":"Sedang"},"geometry":{"type":"MultiPolygon","coordinates":[[[[111.55171,-8.04154],[111.55222,-8.04454],[111.55003,-8.04285],[111.55171,-8.04154]]],[[[111.56127,-8.03989],[111.56301,-8.04213],[111.5662,-8.04403],[111.56698,-8.04525],[111.56339,-8.04672],[111.56303,-8.04968],[111.56286,-8.04967],[111.56263,-8.04957],[111.56239,-8.04932],[111.56164,-8.04916],[111.56147,-8.04904],[111.56098,-8.04889],[111.56055,-8.04928],[111.55964,-8.04938],[111.55923,-8.0495],[111.5574,-8.0498],[111.55738,-8.04978],[111.55685,-8.04979],[111.55677,-8.0499],[111.55646,-8.04994],[111.55638,-8.04989],[111.55616,-8.0494],[111.55603,-8.04924],[111.55568,-8.04917],[111.55511,-8.04919],[111.55474,-8.04902],[111.55424,-8.04893],[111.55433,-8.04838],[111.55429,-8.04834],[111.55394,-8.04823],[111.55385,-8.04816],[111.55695,-8.04744],[111.56061,-8.04798],[111.56249,-8.04602],[111.55803,-8.04258],[111.555,-8.0444],[111.55362,-8.04174],[111.55688,-8.03924],[111.56127,-8.03989]],[[111.55921,-8.04244],[111.5603,-8.04275],[111.56,-8.04165],[111.55921,-8.04244]],[[111.5628,-8.04513],[111.5639,-8.04543],[111.56359,-8.04434],[111.5628,-8.04513]]],[[[111.57558,-8.03917],[111.57468,-8.03917],[111.57534,-8.03696],[111.57647,-8.03827],[111.57647,-8.03874],[111.57634,-8.03876],[111.57558,-8.03917]]],[[[111.53874,-8.03641],[111.53874,-8.03648],[111.53871,-8.03647],[111.53874,-8.03641]]],[[[111.56652,-8.03528],[111.56569,-8.03737],[111.5644,-8.03638],[111.56652,-8.03528]]],[[[111.53867,-8.03468],[111.53869,-8.0352],[111.53861,-8.03507],[111.53867,-8.03468]]],[[[111.55042,-8.0329],[111.54952,-8.0329],[111.54952,-8.032],[111.55042,-8.032],[111.55042,-8.0329]]],[[[111.55941,-8.02932],[111.56322,-8.02975],[111.56696,-8.03232],[111.56553,-8.03448],[111.56263,-8.03326],[111.5612,-8.0329],[111.55977,-8.03074],[111.55941,-8.02932]],[[111.56183,-8.03164],[111.5639,-8.032],[111.56341,-8.03087],[111.56183,-8.03164]]],[[[111.57964,-8.032],[111.57917,-8.032],[111.57714,-8.02895],[111.5797,-8.02968],[111.58007,-8.03021],[111.58007,-8.03117],[111.57994,-8.03133],[111.57964,-8.032]]],[[[111.54952,-8.032],[111.54585,-8.03241],[111.54467,-8.03458],[111.54995,-8.03594],[111.55042,-8.0329],[111.55445,-8.03526],[111.5525,-8.03704],[111.54733,-8.03684],[111.5456,-8.0387],[111.54457,-8.03694],[111.5437,-8.03154],[111.54229,-8.02889],[111.54873,-8.03114],[111.54952,-8.032]]],[[[111.55941,-8.02932],[111.55729,-8.02886],[111.55828,-8.02727],[111.55941,-8.02932]]],[[[111.53833,-8.02658],[111.53845,-8.02953],[111.53804,-8.02886],[111.5375,-8.02769],[111.53726,-8.02686],[111.53719,-8.02646],[111.53716,-8.02598],[111.53833,-8.02658]]],[[[111.563,-8.02663],[111.5603,-8.02663],[111.5603,-8.02484],[111.563,-8.02484],[111.563,-8.02663]]],[[[111.58617,-8.02394],[111.58546,-8.02394],[111.58546,-8.02305],[111.58635,-8.02305],[111.58635,-8.02382],[111.58617,-8.02394]]],[[[111.5726,-8.02204],[111.57378,-8.02663],[111.57235,-8.02626],[111.57135,-8.02483],[111.56796,-8.02558],[111.56712,-8.02392],[111.57052,-8.02158],[111.5726,-8.02204]]],[[[111.57737,-8.02036],[111.57789,-8.02518],[111.5805,-8.02135],[111.57737,-8.02036],[111.5786,-8.01904],[111.58138,-8.02136],[111.58147,-8.02348],[111.57963,-8.02518],[111.57846,-8.02885],[111.57514,-8.02511],[111.57691,-8.02079],[111.57737,-8.02036]]],[[[111.59174,-8.0191],[111.59085,-8.01929],[111.59085,-8.01857],[111.59174,-8.01857],[111.59174,-8.0191]]],[[[111.57078,-8.01837],[111.57108,-8.01947],[111.56999,-8.01916],[111.57078,-8.01837]]],[[[111.54569,-8.01816],[111.54503,-8.02484],[111.54455,-8.02525],[111.54319,-8.02683],[111.53923,-8.0213],[111.54372,-8.01995],[111.54455,-8.01899],[111.54569,-8.01816]],[[111.54114,-8.02289],[111.54324,-8.02394],[111.54406,-8.02229],[111.54201,-8.02096],[111.54114,-8.02289]]],[[[111.58959,-8.01743],[111.58995,-8.01947],[111.58878,-8.01897],[111.58959,-8.01743]]],[[[111.65356,-8.01856],[111.65332,-8.01885],[111.65332,-8.01898],[111.65358,-8.01946],[111.65333,-8.02036],[111.65283,-8.02036],[111.65283,-8.01857],[111.64924,-8.01857],[111.64924,-8.02036],[111.64834,-8.02036],[111.64828,-8.02008],[111.64827,-8.01931],[111.64806,-8.01876],[111.64771,-8.01821],[111.64744,-8.01768],[111.65253,-8.01737],[111.65373,-8.01678],[111.65373,-8.0183],[111.65356,-8.01856]]],[[[111.54863,-8.01947],[111.55042,-8.01947],[111.55042,-8.01588],[111.55132,-8.01588],[111.55226,-8.0197],[111.54926,-8.02038],[111.54863,-8.01947]]],[[[111.60971,-8.0132],[111.6097,-8.01408],[111.60881,-8.01409],[111.60881,-8.0132],[111.60971,-8.0132]]],[[[111.56569,-8.0123],[111.57198,-8.0123],[111.57078,-8.01404],[111.56606,-8.01283],[111.56569,-8.0123]]],[[[111.60971,-8.0132],[111.60971,-8.0123],[111.61061,-8.0123],[111.61061,-8.01277],[111.61011,-8.0132],[111.60971,-8.0132]]],[[[111.60163,-8.0123],[111.59958,-8.01342],[111.60117,-8.01441],[111.60163,-8.0123],[111.60287,-8.01307],[111.6015,-8.01623],[111.59859,-8.01473],[111.59952,-8.0119],[111.60163,-8.01141],[111.60163,-8.0123]]],[[[111.61355,-8.01114],[111.6133,-8.01134],[111.6133,-8.01051],[111.6142,-8.01051],[111.6142,-8.01078],[111.61355,-8.01114]]],[[[111.55132,-8.01588],[111.55094,-8.01442],[111.54986,-8.01467],[111.54863,-8.01947],[111.54733,-8.01843],[111.54859,-8.01222],[111.55218,-8.01011],[111.55347,-8.01417],[111.55132,-8.01588]]],[[[111.54234,-8.00693],[111.54363,-8.00792],[111.54176,-8.01136],[111.53795,-8.01627],[111.5377,-8.01596],[111.53794,-8.01487],[111.53809,-8.01443],[111.53833,-8.01403],[111.53892,-8.01271],[111.53954,-8.01105],[111.53964,-8.01047],[111.53968,-8.01],[111.53986,-8.00946],[111.54013,-8.00903],[111.54017,-8.00881],[111.54003,-8.00749],[111.54084,-8.00909],[111.54234,-8.00693]]],[[[111.59868,-8.00775],[111.59703,-8.01595],[111.59399,-8.01535],[111.59105,-8.01593],[111.59247,-8.01128],[111.59406,-8.01014],[111.59661,-8.00641],[111.59902,-8.00387],[111.59983,-8.00693],[111.59868,-8.00775]]],[[[111.61019,-8.00246],[111.61061,-8.00783],[111.60662,-8.00715],[111.608,-8.00117],[111.61019,-8.00246]],[[111.60854,-8.00643],[111.60971,-8.00693],[111.60935,-8.0049],[111.60854,-8.00643]]],[[[111.54773,-8.00066],[111.54952,-8.00066],[111.54952,-8.00335],[111.54863,-8.00335],[111.54863,-8.00424],[111.54576,-8.00601],[111.54234,-7.99977],[111.54503,-7.99977],[111.5456,-8.00433],[111.54849,-8.00264],[111.54773,-8.00066]]],[[[111.54773,-8.00066],[111.54623,-8.00036],[111.54503,-7.99977],[111.54503,-7.99708],[111.54556,-7.99745],[111.54773,-8.00066]]],[[[111.61824,-8.00468],[111.6178,-8.00693],[111.61646,-8.00565],[111.61734,-8.002],[111.61915,-7.99933],[111.6221,-7.99485],[111.6245,-7.99761],[111.62185,-8.00015],[111.62077,-8.00346],[111.61824,-8.00468]]],[[[111.61479,-7.9942],[111.6151,-7.99529],[111.61401,-7.99498],[111.61479,-7.9942]]],[[[111.64444,-7.9942],[111.64475,-7.99529],[111.64365,-7.99498],[111.64444,-7.9942]]],[[[111.65568,-7.99408],[111.65463,-7.99619],[111.65343,-7.99558],[111.65423,-7.9932],[111.65568,-7.99408]]],[[[111.54234,-7.99977],[111.541,-8.00069],[111.54017,-8.00367],[111.54234,-8.00693],[111.5394,-8.00621],[111.53917,-8.00589],[111.53912,-8.00566],[111.53897,-8.00556],[111.53876,-8.00549],[111.53861,-8.00556],[111.5382,-8.00554],[111.53753,-8.00545],[111.53644,-8.00296],[111.53544,-7.99938],[111.53418,-8.00061],[111.5341,-8.00025],[111.53381,-7.99967],[111.5341,-7.99892],[111.53405,-7.99882],[111.53386,-7.99866],[111.53354,-7.9985],[111.53424,-7.99709],[111.53321,-7.99656],[111.53313,-7.99511],[111.53291,-7.99277],[111.53712,-7.9933],[111.5384,-7.99916],[111.54009,-7.99937],[111.54185,-7.99916],[111.54234,-7.99977]]],[[[111.54503,-7.99708],[111.54413,-7.99708],[111.54413,-7.99171],[111.5498,-7.99137],[111.54863,-7.98902],[111.55159,-7.98978],[111.54887,-7.99453],[111.54546,-7.99232],[111.54503,-7.99708]]],[[[111.61784,-7.98821],[111.62012,-7.99119],[111.62049,-7.9935],[111.61727,-7.99312],[111.61562,-7.99208],[111.61113,-7.99118],[111.61189,-7.98938],[111.61784,-7.98821]],[[111.61563,-7.99092],[111.61869,-7.99171],[111.6172,-7.98955],[111.61563,-7.99092]]],[[[111.54863,-7.98902],[111.54773,-7.98902],[111.54773,-7.98813],[111.54863,-7.98813],[111.54863,-7.98902]]],[[[111.54773,-7.98813],[111.54683,-7.98813],[111.54683,-7.98723],[111.54773,-7.98723],[111.54773,-7.98813]]],[[[111.54683,-7.98723],[111.54593,-7.98723],[111.54593,-7.98634],[111.54683,-7.98634],[111.54683,-7.98723]]],[[[111.56002,-7.98673],[111.55851,-7.98902],[111.55544,-7.98824],[111.55785,-7.98597],[111.56002,-7.98673]]],[[[111.58815,-7.98813],[111.58846,-7.98922],[111.58925,-7.98843],[111.58815,-7.98813],[111.5903,-7.9859],[111.59069,-7.98915],[111.5878,-7.99215],[111.58593,-7.98884],[111.58815,-7.98813]]],[[[111.59996,-7.98418],[111.60287,-7.98794],[111.61011,-7.98655],[111.611,-7.98803],[111.60883,-7.9897],[111.61024,-7.99579],[111.60881,-7.99619],[111.60741,-7.994],[111.60643,-7.99163],[111.60445,-7.99042],[111.60509,-7.99478],[111.60305,-7.99568],[111.60194,-7.98917],[111.59793,-7.98754],[111.59996,-7.98418]]],[[[111.62462,-7.98581],[111.62631,-7.98877],[111.62678,-7.99171],[111.62445,-7.99134],[111.62372,-7.99028],[111.62265,-7.98955],[111.62058,-7.98656],[111.61914,-7.98688],[111.61755,-7.98653],[111.61653,-7.98452],[111.62052,-7.98328],[111.62176,-7.98507],[111.62462,-7.98581]]],[[[111.58456,-7.98365],[111.58366,-7.98365],[111.58366,-7.98275],[111.58456,-7.98275],[111.58456,-7.98365]]],[[[111.61618,-7.98335],[111.6142,-7.98634],[111.61146,-7.9859],[111.6139,-7.98239],[111.61618,-7.98335]]],[[[111.54593,-7.98186],[111.54593,-7.98544],[111.54503,-7.98544],[111.54503,-7.98186],[111.54593,-7.98186]]],[[[111.64078,-7.98323],[111.63975,-7.98493],[111.63896,-7.98774],[111.63795,-7.99031],[111.63756,-7.9926],[111.62998,-7.99132],[111.63087,-7.99017],[111.63332,-7.99053],[111.6347,-7.98826],[111.6341,-7.98421],[111.63531,-7.98403],[111.63805,-7.98443],[111.64035,-7.98147],[111.64078,-7.98323]]],[[[111.54593,-7.98186],[111.54593,-7.98096],[111.54683,-7.98096],[111.54683,-7.98186],[111.54593,-7.98186]]],[[[111.60309,-7.97924],[111.60342,-7.98186],[111.60132,-7.9808],[111.60309,-7.97924]]],[[[111.62947,-7.98096],[111.63005,-7.9789],[111.63172,-7.97866],[111.63307,-7.97886],[111.63615,-7.9784],[111.63395,-7.982],[111.62947,-7.98096]]],[[[111.54683,-7.98096],[111.54683,-7.97648],[111.54952,-7.97648],[111.54952,-7.97738],[111.54773,-7.97738],[111.54773,-7.98096],[111.54683,-7.98096]]],[[[111.54952,-7.97648],[111.54952,-7.97559],[111.55042,-7.97559],[111.55042,-7.97648],[111.54952,-7.97648]]],[[[111.56839,-7.98096],[111.56876,-7.97775],[111.56929,-7.97559],[111.57018,-7.97559],[111.56985,-7.98022],[111.56839,-7.98096]]],[[[111.56929,-7.97559],[111.56697,-7.97598],[111.56724,-7.97783],[111.5639,-7.97917],[111.56413,-7.97761],[111.56546,-7.97626],[111.56569,-7.97469],[111.56929,-7.97469],[111.56929,-7.97559]]],[[[111.64918,-7.9746],[111.65013,-7.97648],[111.64714,-7.97611],[111.64918,-7.9746]]],[[[111.64172,-7.97546],[111.64025,-7.97917],[111.63717,-7.97745],[111.63843,-7.97362],[111.64138,-7.97318],[111.64172,-7.97546]]],[[[111.55042,-7.97559],[111.55042,-7.9729],[111.55132,-7.9729],[111.55132,-7.97559],[111.55042,-7.97559]]],[[[111.5639,-7.97917],[111.5634,-7.98129],[111.56046,-7.9822],[111.55795,-7.97704],[111.55761,-7.97559],[111.55761,-7.9729],[111.55851,-7.9729],[111.55903,-7.97709],[111.5625,-7.97666],[111.5617,-7.97788],[111.5599,-7.97931],[111.56165,-7.9806],[111.5639,-7.97917]]],[[[111.61569,-7.97181],[111.616,-7.9729],[111.6149,-7.9726],[111.61569,-7.97181]]],[[[111.55671,-7.97111],[111.55761,-7.97111],[111.55761,-7.97201],[111.55671,-7.97201],[111.55671,-7.97111]]],[[[111.6092,-7.97508],[111.60702,-7.97828],[111.60484,-7.97666],[111.6065,-7.97418],[111.60805,-7.97303],[111.61043,-7.96983],[111.61181,-7.97314],[111.6092,-7.97508]]],[[[111.62947,-7.98096],[111.62749,-7.98318],[111.62558,-7.98181],[111.62334,-7.97696],[111.62181,-7.9778],[111.62034,-7.97945],[111.61893,-7.97553],[111.62456,-7.97338],[111.62684,-7.96979],[111.62726,-7.97244],[111.62715,-7.97425],[111.62985,-7.97548],[111.62772,-7.9794],[111.62947,-7.98096]]],[[[111.58725,-7.97111],[111.58815,-7.97111],[111.58815,-7.97469],[111.58995,-7.97469],[111.58995,-7.97559],[111.58707,-7.97596],[111.58604,-7.97807],[111.58962,-7.97994],[111.58995,-7.97559],[111.59116,-7.97671],[111.59135,-7.98139],[111.58879,-7.98149],[111.58539,-7.97834],[111.58243,-7.97516],[111.58157,-7.98076],[111.58323,-7.98229],[111.58366,-7.98275],[111.57977,-7.98212],[111.58151,-7.98499],[111.58042,-7.98679],[111.58215,-7.98941],[111.58315,-7.98583],[111.58417,-7.98505],[111.58456,-7.98365],[111.58671,-7.98502],[111.586,-7.98688],[111.58422,-7.98802],[111.58526,-7.99171],[111.58486,-7.99312],[111.58671,-7.9943],[111.586,-7.99584],[111.58546,-7.99619],[111.58515,-7.99509],[111.58436,-7.99588],[111.58546,-7.99619],[111.58387,-7.99958],[111.58456,-8.00269],[111.5797,-8.00065],[111.58065,-8.00252],[111.5826,-8.00386],[111.58211,-8.00604],[111.58296,-8.00982],[111.58106,-8.01257],[111.57951,-8.00656],[111.57601,-8.00801],[111.57521,-8.01015],[111.57325,-8.01088],[111.57251,-8.01194],[111.57198,-8.0123],[111.57161,-8.00625],[111.56984,-8.00477],[111.56892,-8.00836],[111.56511,-8.01091],[111.56569,-8.0123],[111.55863,-8.01188],[111.55907,-8.00759],[111.56549,-8.00999],[111.56976,-8.0031],[111.57363,-8.00588],[111.57714,-8.00552],[111.57672,-8.00135],[111.57796,-7.9992],[111.581,-7.99951],[111.58276,-7.99546],[111.57721,-7.99603],[111.57607,-7.99517],[111.57839,-7.989],[111.57695,-7.98772],[111.56976,-7.99182],[111.56888,-7.98495],[111.56717,-7.98197],[111.56839,-7.98096],[111.56882,-7.98232],[111.56982,-7.98318],[111.57172,-7.97917],[111.57421,-7.98371],[111.57073,-7.98534],[111.56975,-7.98985],[111.57511,-7.98766],[111.57784,-7.9868],[111.5787,-7.98361],[111.57603,-7.98502],[111.57514,-7.98475],[111.57695,-7.97962],[111.57601,-7.97784],[111.57514,-7.97602],[111.5734,-7.97274],[111.57271,-7.97068],[111.57968,-7.97436],[111.58229,-7.97407],[111.57904,-7.96794],[111.5817,-7.96804],[111.58657,-7.97327],[111.58725,-7.97111]],[[111.5779,-7.97885],[111.58096,-7.98096],[111.5806,-7.97685],[111.57923,-7.97522],[111.5779,-7.97885]],[[111.57827,-7.9935],[111.57717,-7.99381],[111.57796,-7.99459],[111.57827,-7.9935],[111.58032,-7.99238],[111.57872,-7.99139],[111.57827,-7.9935]],[[111.56233,-8.0101],[111.56003,-8.00932],[111.5591,-8.01105],[111.563,-8.01141],[111.56233,-8.0101]]],[[[111.55671,-7.97111],[111.55291,-7.97049],[111.55132,-7.97111],[111.55042,-7.97111],[111.55042,-7.97022],[111.54952,-7.97022],[111.54952,-7.96932],[111.55062,-7.96901],[111.54983,-7.96823],[111.54952,-7.96932],[111.54822,-7.96812],[111.55132,-7.96753],[111.55162,-7.96902],[111.55599,-7.9697],[111.55671,-7.97111]]],[[[111.56718,-7.96644],[111.56749,-7.96753],[111.56639,-7.96722],[111.56718,-7.96644]]],[[[111.58725,-7.97111],[111.58576,-7.97081],[111.585,-7.96821],[111.58306,-7.96723],[111.58276,-7.96574],[111.58576,-7.96741],[111.58725,-7.97111]]],[[[111.57737,-7.96395],[111.57647,-7.96395],[111.57647,-7.96305],[111.57737,-7.96305],[111.57737,-7.96395]]],[[[111.62557,-7.96286],[111.62588,-7.96395],[111.62479,-7.96364],[111.62557,-7.96286]]],[[[111.57647,-7.96305],[111.57557,-7.96305],[111.57557,-7.96216],[111.57647,-7.96216],[111.57647,-7.96305]]],[[[111.58276,-7.96574],[111.58031,-7.96412],[111.57737,-7.96484],[111.57737,-7.96395],[111.57948,-7.9626],[111.57647,-7.96216],[111.57689,-7.96039],[111.57872,-7.96095],[111.58198,-7.95994],[111.58096,-7.95768],[111.58407,-7.95861],[111.58227,-7.96349],[111.58276,-7.96574]]],[[[111.6085,-7.95748],[111.60881,-7.95857],[111.60772,-7.95827],[111.6085,-7.95748]]],[[[111.63743,-7.95678],[111.63756,-7.95768],[111.63557,-7.95739],[111.63668,-7.95632],[111.63743,-7.95678]]],[[[111.57647,-7.95499],[111.57596,-7.95806],[111.57311,-7.95981],[111.57341,-7.95813],[111.573,-7.95575],[111.57511,-7.95445],[111.57647,-7.95499]]],[[[111.60751,-7.9539],[111.60791,-7.95589],[111.60402,-7.95553],[111.60465,-7.95246],[111.60751,-7.9539]]],[[[111.61959,-7.95499],[111.61998,-7.95639],[111.62389,-7.95748],[111.62259,-7.96364],[111.61805,-7.96713],[111.61852,-7.97027],[111.61241,-7.96857],[111.60936,-7.96353],[111.61136,-7.95847],[111.60933,-7.95512],[111.61362,-7.95575],[111.61658,-7.95192],[111.6183,-7.9527],[111.61909,-7.9546],[111.61959,-7.95499]],[[111.61473,-7.96073],[111.61856,-7.96322],[111.61717,-7.96535],[111.61869,-7.96574],[111.61996,-7.96342],[111.62111,-7.96263],[111.61776,-7.95863],[111.61234,-7.95984],[111.61473,-7.96073]],[[111.6133,-7.96395],[111.61282,-7.96185],[111.61027,-7.96352],[111.6133,-7.96395]]],[[[111.58096,-7.95768],[111.57788,-7.95538],[111.57647,-7.95499],[111.57677,-7.9544],[111.5803,-7.95369],[111.57917,-7.95141],[111.58314,-7.95248],[111.58135,-7.95537],[111.58096,-7.95768]]],[[[111.5612,-7.94514],[111.5612,-7.94604],[111.5603,-7.94604],[111.5603,-7.94514],[111.5612,-7.94514]]],[[[111.62049,-7.94425],[111.62049,-7.94335],[111.62139,-7.94335],[111.62139,-7.94425],[111.62049,-7.94425]]],[[[111.62049,-7.94425],[111.61965,-7.94638],[111.62158,-7.94732],[111.62319,-7.94335],[111.62494,-7.94398],[111.62501,-7.94405],[111.62503,-7.94409],[111.62492,-7.94418],[111.62471,-7.94418],[111.62457,-7.9442],[111.6245,-7.94424],[111.62447,-7.94434],[111.62447,-7.9447],[111.62429,-7.94486],[111.62419,-7.94502],[111.62423,-7.94513],[111.62441,-7.94542],[111.62459,-7.94551],[111.62476,-7.94549],[111.62482,-7.94552],[111.62485,-7.94569],[111.62478,-7.94589],[111.62486,-7.94603],[111.625,-7.94617],[111.62501,-7.94649],[111.62368,-7.94629],[111.62214,-7.94828],[111.61675,-7.94941],[111.614,-7.94901],[111.61725,-7.94464],[111.62049,-7.94425]]],[[[111.5307,-7.94323],[111.53066,-7.94335],[111.53053,-7.94331],[111.5307,-7.94323]]],[[[111.5612,-7.94514],[111.56157,-7.94461],[111.56443,-7.94388],[111.56659,-7.94245],[111.56601,-7.94471],[111.5612,-7.94514]]],[[[111.62319,-7.94335],[111.62139,-7.94335],[111.62229,-7.9421],[111.62319,-7.94335]]],[[[111.56659,-7.94245],[111.56659,-7.94156],[111.56749,-7.94156],[111.56749,-7.94245],[111.56659,-7.94245]]],[[[111.61561,-7.9404],[111.616,-7.94335],[111.61479,-7.94272],[111.61561,-7.9404]]],[[[111.57917,-7.95141],[111.57597,-7.9518],[111.57458,-7.95359],[111.57327,-7.95281],[111.57229,-7.94707],[111.56884,-7.94758],[111.56684,-7.94728],[111.56351,-7.95279],[111.56451,-7.95628],[111.5653,-7.9555],[111.56636,-7.95169],[111.56839,-7.95199],[111.5709,-7.95162],[111.5722,-7.96038],[111.5662,-7.96127],[111.56258,-7.95985],[111.56095,-7.96009],[111.55956,-7.95779],[111.56147,-7.95293],[111.5591,-7.95258],[111.55626,-7.95428],[111.55257,-7.95206],[111.54808,-7.95538],[111.54464,-7.95385],[111.54542,-7.9527],[111.54823,-7.95192],[111.55081,-7.9509],[111.55491,-7.95051],[111.55581,-7.95176],[111.55671,-7.95051],[111.55881,-7.95002],[111.55975,-7.94727],[111.5603,-7.94693],[111.56083,-7.94981],[111.56258,-7.94831],[111.56355,-7.94719],[111.56707,-7.94562],[111.56881,-7.94361],[111.5748,-7.93938],[111.57777,-7.93914],[111.57789,-7.94066],[111.57756,-7.94475],[111.58043,-7.94452],[111.57697,-7.9494],[111.57875,-7.95093],[111.57917,-7.95141]],[[111.57647,-7.94514],[111.57546,-7.94119],[111.57251,-7.94217],[111.57327,-7.94301],[111.57429,-7.94279],[111.57541,-7.94441],[111.57647,-7.94514]]],[[[111.60466,-7.93965],[111.60342,-7.94245],[111.60038,-7.942],[111.60285,-7.93852],[111.60466,-7.93965]]],[[[111.56749,-7.94156],[111.56822,-7.9397],[111.56759,-7.93848],[111.56462,-7.94231],[111.55851,-7.94335],[111.55915,-7.94242],[111.56252,-7.941],[111.56351,-7.94122],[111.56601,-7.93761],[111.57235,-7.93844],[111.56892,-7.94119],[111.56749,-7.94156]]],[[[111.61521,-7.93719],[111.61564,-7.93727],[111.61579,-7.93723],[111.61622,-7.93684],[111.61658,-7.93671],[111.61734,-7.93659],[111.61753,-7.93659],[111.6176,-7.93667],[111.61737,-7.93831],[111.61297,-7.93679],[111.61343,-7.936],[111.61355,-7.93614],[111.61377,-7.93631],[111.61402,-7.93657],[111.61435,-7.93681],[111.61521,-7.93719]]],[[[111.58794,-7.93582],[111.58995,-7.93798],[111.58592,-7.93721],[111.58794,-7.93582]]],[[[111.55851,-7.94335],[111.55806,-7.94725],[111.55581,-7.94783],[111.55581,-7.94604],[111.55312,-7.94604],[111.55339,-7.94542],[111.55517,-7.94463],[111.55187,-7.94397],[111.55104,-7.94566],[111.55312,-7.94604],[111.55312,-7.94693],[111.55042,-7.94693],[111.55042,-7.94783],[111.54902,-7.94823],[111.547,-7.94941],[111.54239,-7.94884],[111.54104,-7.94539],[111.54489,-7.94295],[111.5476,-7.94633],[111.55082,-7.94487],[111.54723,-7.94385],[111.54643,-7.94293],[111.55541,-7.94206],[111.55803,-7.94052],[111.55937,-7.93585],[111.56709,-7.93489],[111.57148,-7.9339],[111.57468,-7.9335],[111.57394,-7.93429],[111.56938,-7.93589],[111.56109,-7.93785],[111.55897,-7.94113],[111.55539,-7.94444],[111.55851,-7.94335]]],[[[111.58699,-7.9313],[111.58803,-7.93159],[111.59005,-7.93154],[111.5903,-7.93151],[111.59091,-7.93163],[111.59124,-7.93142],[111.59245,-7.93163],[111.59246,-7.93289],[111.59212,-7.93298],[111.59137,-7.93402],[111.58884,-7.93477],[111.58508,-7.93048],[111.58634,-7.93073],[111.58699,-7.9313]]],[[[111.55941,-7.92902],[111.55761,-7.92902],[111.55761,-7.92812],[111.55941,-7.92812],[111.55941,-7.92902]]],[[[111.55222,-7.92812],[111.55184,-7.92954],[111.55007,-7.93385],[111.55312,-7.9326],[111.55373,-7.93475],[111.55531,-7.93323],[111.55312,-7.9326],[111.55354,-7.93096],[111.55904,-7.92955],[111.55941,-7.92902],[111.56066,-7.92992],[111.55851,-7.93145],[111.56346,-7.93242],[111.56891,-7.93133],[111.57081,-7.93013],[111.5735,-7.93066],[111.57524,-7.92824],[111.57914,-7.93049],[111.57827,-7.9326],[111.57647,-7.9326],[111.57647,-7.9335],[111.57468,-7.9335],[111.57521,-7.93211],[111.57194,-7.93131],[111.56871,-7.9332],[111.56659,-7.93294],[111.56345,-7.93333],[111.56072,-7.93299],[111.5572,-7.9358],[111.55555,-7.93559],[111.55362,-7.93635],[111.55631,-7.93748],[111.55711,-7.93873],[111.55496,-7.94044],[111.55177,-7.94005],[111.54988,-7.94028],[111.54733,-7.93765],[111.55208,-7.93663],[111.54704,-7.93579],[111.54533,-7.93984],[111.54332,-7.94106],[111.54104,-7.93794],[111.54423,-7.93539],[111.54606,-7.93311],[111.54652,-7.93292],[111.54657,-7.93294],[111.5467,-7.93292],[111.54694,-7.93276],[111.54699,-7.93276],[111.54709,-7.93287],[111.54717,-7.9329],[111.5474,-7.93288],[111.54764,-7.9326],[111.54764,-7.93249],[111.54769,-7.93243],[111.54823,-7.9322],[111.54846,-7.93199],[111.54881,-7.932],[111.5493,-7.93226],[111.54944,-7.93228],[111.54959,-7.93214],[111.54974,-7.93186],[111.54989,-7.93178],[111.55015,-7.93177],[111.55024,-7.93181],[111.55037,-7.93181],[111.55071,-7.93175],[111.55082,-7.93165],[111.55091,-7.9315],[111.55091,-7.93141],[111.55103,-7.93112],[111.55105,-7.93101],[111.55103,-7.93091],[111.55098,-7.93083],[111.55081,-7.93075],[111.55044,-7.93047],[111.55033,-7.93024],[111.55037,-7.92992],[111.55061,-7.92953],[111.55072,-7.92929],[111.55077,-7.9291],[111.55079,-7.92854],[111.55099,-7.92854],[111.55147,-7.92875],[111.55161,-7.92877],[111.55177,-7.92862],[111.55178,-7.92845],[111.55173,-7.92839],[111.55159,-7.92831],[111.55147,-7.92818],[111.55143,-7.928],[111.55146,-7.92794],[111.55149,-7.92791],[111.55222,-7.92812]]],[[[111.57347,-7.92703],[111.57378,-7.92812],[111.57268,-7.92782],[111.57347,-7.92703]]],[[[111.56462,-7.92756],[111.5639,-7.92902],[111.5609,-7.92864],[111.56183,-7.92693],[111.56462,-7.92756]]],[[[111.55222,-7.92812],[111.55263,-7.92764],[111.55409,-7.92639],[111.55394,-7.92623],[111.55427,-7.92613],[111.55454,-7.92611],[111.55469,-7.92611],[111.55492,-7.92628],[111.55505,-7.92648],[111.55514,-7.92686],[111.55524,-7.92707],[111.55534,-7.92713],[111.55563,-7.92715],[111.55578,-7.92713],[111.55601,-7.92704],[111.55622,-7.92689],[111.55671,-7.92812],[111.55222,-7.92812]]],[[[111.5735,-7.92315],[111.57198,-7.92544],[111.56892,-7.92496],[111.56972,-7.92198],[111.56988,-7.92188],[111.57,-7.92185],[111.5735,-7.92315]]]]}},{"type":"Feature","properties":{"gridcode":4,"GEMPABUMI":"Tinggi","NTGbumi":4,"_cls":"Tinggi"},"geometry":{"type":"MultiPolygon","coordinates":[[[[111.56359,-8.04434],[111.5639,-8.04543],[111.5628,-8.04513],[111.56359,-8.04434]]],[[[111.56,-8.04165],[111.5603,-8.04275],[111.55921,-8.04244],[111.56,-8.04165]]],[[[111.54952,-8.032],[111.54952,-8.0329],[111.55042,-8.0329],[111.54995,-8.03594],[111.54467,-8.03458],[111.54585,-8.03241],[111.54952,-8.032]]],[[[111.56341,-8.03087],[111.5639,-8.032],[111.56183,-8.03164],[111.56341,-8.03087]]],[[[111.54406,-8.02229],[111.54324,-8.02394],[111.54114,-8.02289],[111.54201,-8.02096],[111.54406,-8.02229]]],[[[111.5805,-8.02135],[111.57789,-8.02518],[111.57737,-8.02036],[111.5805,-8.02135]]],[[[111.64924,-8.02036],[111.64924,-8.02174],[111.64901,-8.02184],[111.6489,-8.02194],[111.64834,-8.02114],[111.64834,-8.02036],[111.64924,-8.02036]]],[[[111.64924,-8.02036],[111.64924,-8.01857],[111.65283,-8.01857],[111.65283,-8.02073],[111.6519,-8.02126],[111.65103,-8.02126],[111.65103,-8.02036],[111.64924,-8.02036]]],[[[111.55042,-8.01947],[111.54863,-8.01947],[111.54986,-8.01467],[111.55094,-8.01442],[111.55132,-8.01588],[111.55042,-8.01588],[111.55042,-8.01947]]],[[[111.60163,-8.0123],[111.60117,-8.01441],[111.59958,-8.01342],[111.60163,-8.0123]]],[[[111.56233,-8.0101],[111.563,-8.01141],[111.5591,-8.01105],[111.56003,-8.00932],[111.56233,-8.0101]]],[[[111.54234,-8.00693],[111.54084,-8.00909],[111.54003,-8.00749],[111.54001,-8.0072],[111.53996,-8.00702],[111.53983,-8.00681],[111.53973,-8.00653],[111.5394,-8.00621],[111.54234,-8.00693]]],[[[111.60935,-8.0049],[111.60971,-8.00693],[111.60854,-8.00643],[111.60935,-8.0049]]],[[[111.57198,-8.0123],[111.56569,-8.0123],[111.56511,-8.01091],[111.56892,-8.00836],[111.56984,-8.00477],[111.57161,-8.00625],[111.57198,-8.0123]]],[[[111.54503,-7.99977],[111.54623,-8.00036],[111.54773,-8.00066],[111.54849,-8.00264],[111.5456,-8.00433],[111.54503,-7.99977]]],[[[111.53424,-7.99709],[111.53354,-7.9985],[111.53342,-7.99841],[111.53335,-7.99807],[111.53324,-7.99709],[111.53321,-7.99656],[111.53424,-7.99709]]],[[[111.58515,-7.99509],[111.58546,-7.99619],[111.58436,-7.99588],[111.58515,-7.99509]]],[[[111.57827,-7.9935],[111.57796,-7.99459],[111.57717,-7.99381],[111.57827,-7.9935]]],[[[111.57827,-7.9935],[111.57872,-7.99139],[111.58032,-7.99238],[111.57827,-7.9935]]],[[[111.54413,-7.99171],[111.54413,-7.99708],[111.54503,-7.99708],[111.54503,-7.99977],[111.54234,-7.99977],[111.54185,-7.99916],[111.54009,-7.99937],[111.5384,-7.99916],[111.53712,-7.9933],[111.53291,-7.99277],[111.53273,-7.99108],[111.53317,-7.99052],[111.53639,-7.99005],[111.53949,-7.99421],[111.53901,-7.99743],[111.54279,-7.99799],[111.54363,-7.9921],[111.54413,-7.99171]]],[[[111.6172,-7.98955],[111.61869,-7.99171],[111.61563,-7.99092],[111.6172,-7.98955]]],[[[111.54413,-7.99171],[111.54444,-7.99111],[111.54643,-7.99011],[111.54683,-7.98813],[111.54773,-7.98813],[111.54773,-7.98902],[111.54863,-7.98902],[111.5498,-7.99137],[111.54413,-7.99171]]],[[[111.58925,-7.98843],[111.58846,-7.98922],[111.58815,-7.98813],[111.58925,-7.98843]]],[[[111.54683,-7.98813],[111.54593,-7.98813],[111.54593,-7.98723],[111.54683,-7.98723],[111.54683,-7.98813]]],[[[111.54593,-7.98723],[111.54503,-7.98723],[111.54503,-7.98544],[111.54593,-7.98544],[111.54593,-7.98723]]],[[[111.5379,-7.9842],[111.53874,-7.98723],[111.53566,-7.98671],[111.5379,-7.9842]]],[[[111.58366,-7.98275],[111.58366,-7.98365],[111.58456,-7.98365],[111.58417,-7.98505],[111.58315,-7.98583],[111.58215,-7.98941],[111.58042,-7.98679],[111.58151,-7.98499],[111.57977,-7.98212],[111.58366,-7.98275]]],[[[111.54503,-7.98544],[111.54413,-7.98544],[111.54413,-7.98186],[111.54503,-7.98186],[111.54503,-7.98544]]],[[[111.54503,-7.98186],[111.5463,-7.97685],[111.54683,-7.97648],[111.54683,-7.98096],[111.54593,-7.98096],[111.54593,-7.98186],[111.54503,-7.98186]]],[[[111.58995,-7.97559],[111.58962,-7.97994],[111.58604,-7.97807],[111.58707,-7.97596],[111.58995,-7.97559]]],[[[111.5806,-7.97685],[111.58096,-7.98096],[111.5779,-7.97885],[111.57923,-7.97522],[111.5806,-7.97685]]],[[[111.54683,-7.97648],[111.5472,-7.97595],[111.55042,-7.9738],[111.55042,-7.97559],[111.54952,-7.97559],[111.54952,-7.97648],[111.54683,-7.97648]]],[[[111.57018,-7.97559],[111.56929,-7.97559],[111.56929,-7.97469],[111.56569,-7.97469],[111.56569,-7.9738],[111.57018,-7.9738],[111.57018,-7.97559]]],[[[111.53647,-7.97349],[111.53695,-7.97559],[111.53392,-7.97516],[111.53647,-7.97349]]],[[[111.56569,-7.97469],[111.56546,-7.97626],[111.56413,-7.97761],[111.5639,-7.97917],[111.56165,-7.9806],[111.5599,-7.97931],[111.5617,-7.97788],[111.5625,-7.97666],[111.55903,-7.97709],[111.55851,-7.9729],[111.55904,-7.97327],[111.55977,-7.97433],[111.56173,-7.97506],[111.56345,-7.97617],[111.56569,-7.97469]]],[[[111.54177,-7.97254],[111.54234,-7.97917],[111.54088,-7.97872],[111.53922,-7.97512],[111.53742,-7.97352],[111.54177,-7.97254]]],[[[111.53464,-7.97804],[111.53384,-7.97975],[111.53185,-7.97852],[111.52942,-7.97894],[111.52939,-7.97748],[111.52951,-7.97226],[111.53104,-7.97252],[111.53464,-7.97804]]],[[[111.55042,-7.97111],[111.55132,-7.97111],[111.55132,-7.9729],[111.55042,-7.9729],[111.55042,-7.97111]]],[[[111.55851,-7.9729],[111.55761,-7.9729],[111.55761,-7.97111],[111.55851,-7.97111],[111.55851,-7.9729]]],[[[111.55042,-7.97111],[111.54952,-7.97111],[111.54952,-7.97022],[111.55042,-7.97022],[111.55042,-7.97111]]],[[[111.55761,-7.97111],[111.55671,-7.97111],[111.55599,-7.9697],[111.55162,-7.96902],[111.55132,-7.96753],[111.55669,-7.96808],[111.55761,-7.97111]]],[[[111.54471,-7.96885],[111.54413,-7.97022],[111.54117,-7.96946],[111.54117,-7.96934],[111.54348,-7.96716],[111.54471,-7.96885]]],[[[111.55132,-7.96753],[111.54822,-7.96812],[111.54952,-7.96932],[111.54952,-7.97022],[111.54738,-7.9697],[111.54673,-7.96736],[111.55053,-7.9663],[111.55132,-7.96753]]],[[[111.54294,-7.96313],[111.54324,-7.96484],[111.54146,-7.96454],[111.54149,-7.96446],[111.54145,-7.96432],[111.54158,-7.96406],[111.54159,-7.96397],[111.54168,-7.96384],[111.54177,-7.96382],[111.54193,-7.96349],[111.54261,-7.96313],[111.54294,-7.96313]]],[[[111.57737,-7.96484],[111.57557,-7.96484],[111.57557,-7.96305],[111.57647,-7.96305],[111.57647,-7.96395],[111.57737,-7.96395],[111.57737,-7.96484]]],[[[111.61282,-7.96185],[111.6133,-7.96395],[111.61027,-7.96352],[111.61282,-7.96185]]],[[[111.61996,-7.96342],[111.61869,-7.96574],[111.61717,-7.96535],[111.61856,-7.96322],[111.61473,-7.96073],[111.61234,-7.95984],[111.61776,-7.95863],[111.62111,-7.96263],[111.61996,-7.96342]]],[[[111.55491,-7.95051],[111.55671,-7.95051],[111.55581,-7.95176],[111.55491,-7.95051]]],[[[111.55581,-7.94783],[111.55266,-7.94834],[111.55042,-7.94783],[111.55042,-7.94693],[111.55312,-7.94693],[111.55312,-7.94604],[111.55581,-7.94604],[111.55581,-7.94783]]],[[[111.62319,-7.94335],[111.62158,-7.94732],[111.61965,-7.94638],[111.62049,-7.94425],[111.62139,-7.94425],[111.62139,-7.94335],[111.62319,-7.94335]]],[[[111.53239,-7.94322],[111.52952,-7.94457],[111.52929,-7.94394],[111.52946,-7.94382],[111.52977,-7.94367],[111.53009,-7.94357],[111.53032,-7.9434],[111.53053,-7.94331],[111.53066,-7.94335],[111.5307,-7.94323],[111.5308,-7.94317],[111.53077,-7.94303],[111.53139,-7.94287],[111.53195,-7.9431],[111.53239,-7.94322]]],[[[111.57546,-7.94119],[111.57647,-7.94514],[111.57541,-7.94441],[111.57429,-7.94279],[111.57327,-7.94301],[111.57251,-7.94217],[111.57546,-7.94119]]],[[[111.55671,-7.95051],[111.55742,-7.94908],[111.55611,-7.94842],[111.55581,-7.94783],[111.55806,-7.94725],[111.55851,-7.94335],[111.56462,-7.94231],[111.56759,-7.93848],[111.56822,-7.9397],[111.56749,-7.94156],[111.56659,-7.94156],[111.56659,-7.94245],[111.56443,-7.94388],[111.56157,-7.94461],[111.5612,-7.94514],[111.5603,-7.94514],[111.5603,-7.94693],[111.55975,-7.94727],[111.55881,-7.95002],[111.55671,-7.95051]]],[[[111.53445,-7.93755],[111.53315,-7.94123],[111.5328,-7.94018],[111.53277,-7.93999],[111.53267,-7.9398],[111.5325,-7.93963],[111.53246,-7.93954],[111.53248,-7.93945],[111.53258,-7.93935],[111.53287,-7.93932],[111.53311,-7.93925],[111.53323,-7.93907],[111.53321,-7.93884],[111.53312,-7.93853],[111.53313,-7.93844],[111.53321,-7.93838],[111.53336,-7.93836],[111.53356,-7.93839],[111.53371,-7.93834],[111.53388,-7.93812],[111.534,-7.9377],[111.53445,-7.93755]]],[[[111.54823,-7.9322],[111.54769,-7.93243],[111.54774,-7.93229],[111.54788,-7.9321],[111.54795,-7.93188],[111.548,-7.93186],[111.5481,-7.93185],[111.54846,-7.93199],[111.54823,-7.9322]]],[[[111.55042,-7.94783],[111.54969,-7.9493],[111.55461,-7.94992],[111.55491,-7.95051],[111.55081,-7.9509],[111.54823,-7.95192],[111.54542,-7.9527],[111.54464,-7.95385],[111.54808,-7.95538],[111.55257,-7.95206],[111.55626,-7.95428],[111.5591,-7.95258],[111.56147,-7.95293],[111.55956,-7.95779],[111.56095,-7.96009],[111.56258,-7.95985],[111.5662,-7.96127],[111.5722,-7.96038],[111.5709,-7.95162],[111.56839,-7.95199],[111.56636,-7.95169],[111.5653,-7.9555],[111.56451,-7.95628],[111.56351,-7.95279],[111.56684,-7.94728],[111.56884,-7.94758],[111.57229,-7.94707],[111.57327,-7.95281],[111.57458,-7.95359],[111.57597,-7.9518],[111.57917,-7.95141],[111.5803,-7.95369],[111.57677,-7.9544],[111.57647,-7.95499],[111.57511,-7.95445],[111.573,-7.95575],[111.57341,-7.95813],[111.57311,-7.95981],[111.57596,-7.95806],[111.57647,-7.95499],[111.57788,-7.95538],[111.58096,-7.95768],[111.58198,-7.95994],[111.57872,-7.96095],[111.57689,-7.96039],[111.57647,-7.96216],[111.57557,-7.96216],[111.57334,-7.96167],[111.56998,-7.96194],[111.56801,-7.96636],[111.57157,-7.96794],[111.57419,-7.9698],[111.57703,-7.97153],[111.57689,-7.96976],[111.57737,-7.96484],[111.58031,-7.96412],[111.58276,-7.96574],[111.58306,-7.96723],[111.585,-7.96821],[111.58576,-7.97081],[111.58725,-7.97111],[111.58657,-7.97327],[111.5817,-7.96804],[111.57904,-7.96794],[111.58229,-7.97407],[111.57968,-7.97436],[111.57271,-7.97068],[111.5734,-7.97274],[111.57514,-7.97602],[111.57601,-7.97784],[111.57695,-7.97962],[111.57514,-7.98475],[111.57603,-7.98502],[111.5787,-7.98361],[111.57784,-7.9868],[111.57511,-7.98766],[111.56975,-7.98985],[111.57073,-7.98534],[111.57421,-7.98371],[111.57172,-7.97917],[111.56982,-7.98318],[111.56882,-7.98232],[111.56839,-7.98096],[111.56985,-7.98022],[111.57018,-7.97559],[111.57154,-7.97696],[111.57242,-7.97415],[111.56973,-7.97157],[111.56885,-7.96976],[111.56685,-7.96879],[111.55985,-7.96709],[111.55896,-7.96675],[111.56256,-7.9644],[111.56524,-7.96227],[111.56073,-7.96082],[111.56076,-7.96261],[111.55877,-7.96439],[111.55537,-7.96254],[111.55793,-7.96009],[111.55352,-7.95903],[111.55359,-7.9626],[111.55356,-7.96446],[111.54456,-7.96428],[111.54459,-7.96268],[111.54475,-7.96287],[111.54491,-7.96351],[111.54498,-7.96364],[111.54507,-7.96375],[111.54519,-7.96382],[111.54547,-7.9639],[111.54556,-7.96388],[111.54563,-7.96381],[111.54567,-7.96371],[111.54563,-7.96307],[111.54571,-7.96297],[111.54587,-7.9629],[111.54594,-7.96282],[111.54591,-7.96269],[111.54577,-7.96259],[111.54556,-7.96227],[111.54534,-7.96223],[111.54523,-7.96227],[111.54504,-7.96226],[111.54499,-7.96209],[111.54501,-7.96199],[111.54503,-7.96189],[111.54518,-7.96166],[111.54714,-7.9617],[111.54723,-7.96175],[111.5476,-7.96174],[111.5476,-7.96171],[111.55087,-7.96177],[111.55176,-7.95743],[111.54718,-7.95634],[111.54456,-7.95907],[111.54128,-7.959],[111.54409,-7.95486],[111.54262,-7.95366],[111.53846,-7.95797],[111.53811,-7.95746],[111.53818,-7.95742],[111.53827,-7.9573],[111.53847,-7.95688],[111.53852,-7.95671],[111.53858,-7.95623],[111.53866,-7.95602],[111.53872,-7.95594],[111.53893,-7.95583],[111.53896,-7.95577],[111.53895,-7.95564],[111.53888,-7.95553],[111.53888,-7.95523],[111.5388,-7.95502],[111.5388,-7.95491],[111.53816,-7.95476],[111.53758,-7.95472],[111.53759,-7.95514],[111.53685,-7.95514],[111.53692,-7.9557],[111.53689,-7.95572],[111.53651,-7.95454],[111.5355,-7.95366],[111.53168,-7.95562],[111.53161,-7.95402],[111.53147,-7.95333],[111.53147,-7.95269],[111.53126,-7.95226],[111.53126,-7.95214],[111.53641,-7.94899],[111.54207,-7.95198],[111.54546,-7.9515],[111.54187,-7.94919],[111.53911,-7.94729],[111.53562,-7.94743],[111.53429,-7.946],[111.53283,-7.94466],[111.53535,-7.94233],[111.53648,-7.94471],[111.53795,-7.94465],[111.54277,-7.94278],[111.53729,-7.94299],[111.54014,-7.93929],[111.54007,-7.93748],[111.5374,-7.93758],[111.5371,-7.93693],[111.53721,-7.93688],[111.53733,-7.93673],[111.53744,-7.93649],[111.53763,-7.93633],[111.53766,-7.93622],[111.5377,-7.9362],[111.53803,-7.93625],[111.53823,-7.93607],[111.53841,-7.93601],[111.53866,-7.93573],[111.53928,-7.93576],[111.53938,-7.93594],[111.53969,-7.93635],[111.53975,-7.9364],[111.53983,-7.9364],[111.53999,-7.93618],[111.53993,-7.93598],[111.53996,-7.93589],[111.54013,-7.93586],[111.54024,-7.93567],[111.54035,-7.9358],[111.54054,-7.93582],[111.54073,-7.93581],[111.54086,-7.93574],[111.5409,-7.93567],[111.54092,-7.93532],[111.5409,-7.93515],[111.54115,-7.93496],[111.54129,-7.93504],[111.54149,-7.93502],[111.54153,-7.93513],[111.54163,-7.93528],[111.5417,-7.93528],[111.54195,-7.93507],[111.54198,-7.93498],[111.54191,-7.9347],[111.54195,-7.93442],[111.54202,-7.93432],[111.54272,-7.93386],[111.54288,-7.93379],[111.54316,-7.93378],[111.54332,-7.93386],[111.5434,-7.93393],[111.54366,-7.93404],[111.54405,-7.93431],[111.54446,-7.93427],[111.54458,-7.9342],[111.54494,-7.93386],[111.54502,-7.93367],[111.54531,-7.93355],[111.54542,-7.93343],[111.54546,-7.93322],[111.54551,-7.93315],[111.54563,-7.93309],[111.54576,-7.93282],[111.54586,-7.93275],[111.5461,-7.93271],[111.54652,-7.93292],[111.54606,-7.93311],[111.54423,-7.93539],[111.54104,-7.93794],[111.54332,-7.94106],[111.54533,-7.93984],[111.54704,-7.93579],[111.55208,-7.93663],[111.54733,-7.93765],[111.54988,-7.94028],[111.55177,-7.94005],[111.55496,-7.94044],[111.55711,-7.93873],[111.55631,-7.93748],[111.55362,-7.93635],[111.55555,-7.93559],[111.5572,-7.9358],[111.56072,-7.93299],[111.56345,-7.93333],[111.56659,-7.93294],[111.56871,-7.9332],[111.57194,-7.93131],[111.57521,-7.93211],[111.57468,-7.9335],[111.57148,-7.9339],[111.56709,-7.93489],[111.55937,-7.93585],[111.55803,-7.94052],[111.55541,-7.94206],[111.54643,-7.94293],[111.54723,-7.94385],[111.55082,-7.94487],[111.5476,-7.94633],[111.54489,-7.94295],[111.54104,-7.94539],[111.54239,-7.94884],[111.547,-7.94941],[111.54902,-7.94823],[111.55042,-7.94783]],[[111.54773,-7.94066],[111.54742,-7.93957],[111.54663,-7.94036],[111.54773,-7.94066]],[[111.54566,-7.95105],[111.54773,-7.95141],[111.54724,-7.95027],[111.54566,-7.95105]],[[111.56639,-7.96722],[111.56749,-7.96753],[111.56718,-7.96644],[111.56639,-7.96722]],[[111.57171,-7.98687],[111.57378,-7.98723],[111.57329,-7.98609],[111.57171,-7.98687]]],[[[111.55761,-7.92812],[111.55761,-7.92902],[111.55941,-7.92902],[111.55904,-7.92955],[111.55354,-7.93096],[111.55312,-7.9326],[111.55007,-7.93385],[111.55184,-7.92954],[111.55222,-7.92812],[111.55761,-7.92812]]]]}},{"type":"Feature","properties":{"gridcode":5,"GEMPABUMI":"Sangat Tinggi","NTGbumi":5,"_cls":"Sangat Tinggi"},"geometry":{"type":"MultiPolygon","coordinates":[[[[111.65103,-8.02036],[111.65103,-8.02141],[111.65096,-8.0214],[111.65086,-8.02148],[111.65079,-8.02162],[111.65074,-8.02203],[111.65064,-8.02214],[111.64983,-8.02207],[111.64933,-8.02173],[111.64924,-8.02174],[111.64924,-8.02036],[111.65103,-8.02036]]],[[[111.57329,-7.98609],[111.57378,-7.98723],[111.57171,-7.98687],[111.57329,-7.98609]]],[[[111.57557,-7.96216],[111.57557,-7.96484],[111.57737,-7.96484],[111.57689,-7.96976],[111.57703,-7.97153],[111.57419,-7.9698],[111.57157,-7.96794],[111.56801,-7.96636],[111.56998,-7.96194],[111.57334,-7.96167],[111.57557,-7.96216]]],[[[111.54565,-7.96128],[111.54714,-7.9617],[111.54518,-7.96166],[111.54525,-7.96147],[111.54538,-7.9613],[111.54565,-7.96128]]],[[[111.55537,-7.96254],[111.55877,-7.96439],[111.56076,-7.96261],[111.56073,-7.96082],[111.56524,-7.96227],[111.56256,-7.9644],[111.55896,-7.96675],[111.55985,-7.96709],[111.56685,-7.96879],[111.56885,-7.96976],[111.56973,-7.97157],[111.57242,-7.97415],[111.57154,-7.97696],[111.57018,-7.97559],[111.57018,-7.9738],[111.56569,-7.9738],[111.56569,-7.97469],[111.56345,-7.97617],[111.56173,-7.97506],[111.55977,-7.97433],[111.55904,-7.97327],[111.55851,-7.9729],[111.55851,-7.97111],[111.55761,-7.97111],[111.55669,-7.96808],[111.55132,-7.96753],[111.55053,-7.9663],[111.54673,-7.96736],[111.54738,-7.9697],[111.54952,-7.97022],[111.54952,-7.97111],[111.55042,-7.97111],[111.55042,-7.9738],[111.5472,-7.97595],[111.54683,-7.97648],[111.5463,-7.97685],[111.54503,-7.98186],[111.54413,-7.98186],[111.54413,-7.98544],[111.54503,-7.98544],[111.54503,-7.98723],[111.54593,-7.98723],[111.54593,-7.98813],[111.54683,-7.98813],[111.54643,-7.99011],[111.54444,-7.99111],[111.54413,-7.99171],[111.54363,-7.9921],[111.54279,-7.99799],[111.53901,-7.99743],[111.53949,-7.99421],[111.53639,-7.99005],[111.53317,-7.99052],[111.53273,-7.99108],[111.53257,-7.9895],[111.53232,-7.98772],[111.53207,-7.98367],[111.53198,-7.98174],[111.53198,-7.97973],[111.53107,-7.97973],[111.52943,-7.97961],[111.52942,-7.97894],[111.53185,-7.97852],[111.53384,-7.97975],[111.53464,-7.97804],[111.53104,-7.97252],[111.52951,-7.97226],[111.52953,-7.97087],[111.52851,-7.97083],[111.52803,-7.97087],[111.52307,-7.97103],[111.523,-7.97043],[111.52301,-7.97019],[111.52296,-7.96966],[111.52291,-7.96807],[111.52182,-7.96818],[111.52158,-7.96831],[111.52148,-7.96669],[111.52144,-7.96664],[111.52134,-7.96662],[111.52131,-7.96658],[111.52127,-7.96611],[111.51877,-7.96601],[111.5188,-7.96352],[111.52011,-7.96337],[111.52025,-7.96334],[111.52053,-7.9632],[111.52129,-7.96315],[111.52245,-7.9633],[111.52346,-7.96335],[111.52501,-7.96351],[111.52578,-7.96365],[111.527,-7.96378],[111.52722,-7.96388],[111.52728,-7.96428],[111.52739,-7.96434],[111.52763,-7.96457],[111.52782,-7.96463],[111.52829,-7.96459],[111.52842,-7.96464],[111.52861,-7.96482],[111.52881,-7.96481],[111.52903,-7.96485],[111.52913,-7.96481],[111.52926,-7.96454],[111.52939,-7.96451],[111.5296,-7.9647],[111.52967,-7.96491],[111.52978,-7.96493],[111.53009,-7.9649],[111.53027,-7.96518],[111.53042,-7.96531],[111.53059,-7.96529],[111.53058,-7.96503],[111.5307,-7.96497],[111.53077,-7.96489],[111.53082,-7.9664],[111.53089,-7.96641],[111.5309,-7.96636],[111.53125,-7.96641],[111.53185,-7.96644],[111.53192,-7.96659],[111.53192,-7.96678],[111.53232,-7.96683],[111.5328,-7.96687],[111.53281,-7.96681],[111.53345,-7.96681],[111.53354,-7.96684],[111.53363,-7.96693],[111.53378,-7.96688],[111.53401,-7.96685],[111.53408,-7.96678],[111.53596,-7.96686],[111.53608,-7.96894],[111.53625,-7.96879],[111.53635,-7.96866],[111.53656,-7.96869],[111.5367,-7.96874],[111.53684,-7.96896],[111.53716,-7.96922],[111.5372,-7.96958],[111.53732,-7.9698],[111.53769,-7.97013],[111.5379,-7.97055],[111.53817,-7.97093],[111.53835,-7.97107],[111.53846,-7.97107],[111.5389,-7.97095],[111.53889,-7.97061],[111.53892,-7.97015],[111.5411,-7.97045],[111.54117,-7.96946],[111.54413,-7.97022],[111.54471,-7.96885],[111.54348,-7.96716],[111.54117,-7.96934],[111.5412,-7.96891],[111.54093,-7.9688],[111.54089,-7.96867],[111.54088,-7.96856],[111.54091,-7.96842],[111.54089,-7.96825],[111.54083,-7.96817],[111.54066,-7.96681],[111.54078,-7.96606],[111.5407,-7.96594],[111.5407,-7.9658],[111.54079,-7.96572],[111.54083,-7.96549],[111.54073,-7.96545],[111.54107,-7.96508],[111.54151,-7.96511],[111.54153,-7.96499],[111.5416,-7.9649],[111.54159,-7.9648],[111.54146,-7.96454],[111.54324,-7.96484],[111.54294,-7.96313],[111.543,-7.96314],[111.54299,-7.96322],[111.54427,-7.96283],[111.54459,-7.96268],[111.54456,-7.96428],[111.55356,-7.96446],[111.55359,-7.9626],[111.55352,-7.95903],[111.55793,-7.96009],[111.55537,-7.96254]],[[111.54177,-7.97254],[111.53742,-7.97352],[111.53922,-7.97512],[111.54088,-7.97872],[111.54234,-7.97917],[111.54177,-7.97254]],[[111.53695,-7.97559],[111.53647,-7.97349],[111.53392,-7.97516],[111.53695,-7.97559]],[[111.53566,-7.98671],[111.53874,-7.98723],[111.5379,-7.9842],[111.53566,-7.98671]]],[[[111.53624,-7.95593],[111.53567,-7.95633],[111.53496,-7.95636],[111.53386,-7.95625],[111.53327,-7.95625],[111.53302,-7.95703],[111.53297,-7.95707],[111.53248,-7.95711],[111.53214,-7.95708],[111.53185,-7.9571],[111.53171,-7.95639],[111.53168,-7.95562],[111.5355,-7.95366],[111.53651,-7.95454],[111.53689,-7.95572],[111.5368,-7.95577],[111.53642,-7.95579],[111.53642,-7.95586],[111.53624,-7.95593]]],[[[111.54128,-7.959],[111.54456,-7.95907],[111.54718,-7.95634],[111.55176,-7.95743],[111.55087,-7.96177],[111.5476,-7.96171],[111.54772,-7.96043],[111.54715,-7.96041],[111.54627,-7.96027],[111.54451,-7.96011],[111.54429,-7.96044],[111.54413,-7.96055],[111.54377,-7.96069],[111.54246,-7.96066],[111.54246,-7.9606],[111.54192,-7.96059],[111.54185,-7.96054],[111.54165,-7.96053],[111.5412,-7.96044],[111.5409,-7.96045],[111.54087,-7.95988],[111.54083,-7.95986],[111.54007,-7.95998],[111.53999,-7.95983],[111.53999,-7.95971],[111.53958,-7.95985],[111.53952,-7.95978],[111.53935,-7.95974],[111.53916,-7.95959],[111.53899,-7.95959],[111.53893,-7.95956],[111.53881,-7.95937],[111.53868,-7.9589],[111.53868,-7.95887],[111.53887,-7.95876],[111.53871,-7.95839],[111.53846,-7.95797],[111.54262,-7.95366],[111.54409,-7.95486],[111.54128,-7.959]]],[[[111.54724,-7.95027],[111.54773,-7.95141],[111.54566,-7.95105],[111.54724,-7.95027]]],[[[111.55581,-7.94783],[111.55611,-7.94842],[111.55742,-7.94908],[111.55671,-7.95051],[111.55491,-7.95051],[111.55461,-7.94992],[111.54969,-7.9493],[111.55042,-7.94783],[111.55266,-7.94834],[111.55581,-7.94783]]],[[[111.54742,-7.93957],[111.54773,-7.94066],[111.54663,-7.94036],[111.54742,-7.93957]]],[[[111.53685,-7.93682],[111.5371,-7.93693],[111.5374,-7.93758],[111.54007,-7.93748],[111.54014,-7.93929],[111.53729,-7.94299],[111.54277,-7.94278],[111.53795,-7.94465],[111.53648,-7.94471],[111.53535,-7.94233],[111.53283,-7.94466],[111.53429,-7.946],[111.53562,-7.94743],[111.53911,-7.94729],[111.54187,-7.94919],[111.54546,-7.9515],[111.54207,-7.95198],[111.53641,-7.94899],[111.53126,-7.95214],[111.53126,-7.95195],[111.53132,-7.95187],[111.53156,-7.95174],[111.53144,-7.9511],[111.5318,-7.95102],[111.5321,-7.95078],[111.53222,-7.95073],[111.53198,-7.95013],[111.53178,-7.94975],[111.53105,-7.9502],[111.53078,-7.94975],[111.53042,-7.94932],[111.53099,-7.94912],[111.53101,-7.94909],[111.53012,-7.94628],[111.52952,-7.94457],[111.53239,-7.94322],[111.53327,-7.94344],[111.53344,-7.94343],[111.53379,-7.94327],[111.53353,-7.94232],[111.53315,-7.94123],[111.53445,-7.93755],[111.534,-7.9377],[111.53413,-7.93748],[111.5342,-7.93722],[111.53439,-7.93702],[111.53451,-7.93694],[111.53464,-7.93693],[111.53473,-7.93698],[111.53485,-7.93724],[111.53507,-7.93746],[111.5352,-7.93743],[111.53537,-7.93727],[111.53541,-7.93718],[111.53548,-7.93716],[111.53556,-7.93716],[111.53574,-7.93739],[111.53594,-7.93754],[111.53611,-7.93759],[111.53625,-7.93758],[111.53643,-7.9375],[111.5365,-7.93743],[111.53663,-7.9371],[111.53666,-7.93692],[111.53672,-7.93683],[111.53685,-7.93682]]],[[[111.53914,-7.93561],[111.53928,-7.93576],[111.53866,-7.93573],[111.53891,-7.93553],[111.53914,-7.93561]]],[[[111.54115,-7.93496],[111.5409,-7.93515],[111.54096,-7.93502],[111.54102,-7.93498],[111.54115,-7.93496]]]]}}]}