{"type":"FeatureCollection","features":[{"type":"Feature","properties":{"ptnsbjname":"-","namobj":"Kampung Jarang Tidak Teratur","_cls":"Kampung Jarang Tidak Teratur"},"geometry":{"type":"Polygon","coordinates":[[[111.57745,-7.97854],[111.57717,-7.97852],[111.57711,-7.97835],[111.57685,-7.97808],[111.57629,-7.97766],[111.57612,-7.97743],[111.57598,-7.97717],[111.57593,-7.97699],[111.57595,-7.97668],[111.5764,-7.97475],[111.57651,-7.97456],[111.57685,-7.97432],[111.57689,-7.97423],[111.57685,-7.97408],[111.57675,-7.97394],[111.57643,-7.97365],[111.57572,-7.97312],[111.57573,-7.973],[111.57672,-7.97373],[111.57704,-7.97403],[111.57714,-7.97418],[111.57718,-7.97432],[111.57714,-7.97442],[111.5768,-7.97466],[111.57669,-7.97485],[111.57625,-7.97681],[111.57624,-7.97711],[111.57629,-7.97731],[111.57642,-7.97757],[111.5766,-7.97779],[111.57716,-7.97821],[111.57745,-7.97854]]]}},{"type":"Feature","properties":{"ptnsbjname":"-","namobj":"Kampung Jarang Tidak Teratur","_cls":"Kampung Jarang Tidak Teratur"},"geometry":{"type":"Polygon","coordinates":[[[111.58306,-7.97304],[111.58269,-7.9736],[111.58258,-7.97369],[111.5834,-7.97379],[111.58377,-7.9741],[111.5839,-7.9741],[111.58424,-7.97372],[111.58434,-7.97368],[111.58456,-7.9737],[111.585,-7.97399],[111.58541,-7.97384],[111.58543,-7.97359],[111.58599,-7.97362],[111.58641,-7.97356],[111.58653,-7.97346],[111.5867,-7.97339],[111.58808,-7.97343],[111.5881,-7.97361],[111.58801,-7.97414],[111.58805,-7.97458],[111.58832,-7.97465],[111.58871,-7.97494],[111.58844,-7.97509],[111.58824,-7.9755],[111.58789,-7.97551],[111.58766,-7.9754],[111.58757,-7.97531],[111.58746,-7.97529],[111.58732,-7.97536],[111.58748,-7.97559],[111.5876,-7.97587],[111.58744,-7.97602],[111.58719,-7.97615],[111.58701,-7.97612],[111.58683,-7.97605],[111.58641,-7.97602],[111.58628,-7.97599],[111.58617,-7.97587],[111.58583,-7.97581],[111.58574,-7.97572],[111.58561,-7.97566],[111.58499,-7.97575],[111.58451,-7.97571],[111.58439,-7.97577],[111.58413,-7.97582],[111.584,-7.97571],[111.58349,-7.97564],[111.58342,-7.97598],[111.5829,-7.97596],[111.58284,-7.97605],[111.58289,-7.97634],[111.58299,-7.97653],[111.58311,-7.97664],[111.58321,-7.97683],[111.58337,-7.977],[111.58365,-7.97689],[111.58392,-7.97702],[111.58436,-7.97732],[111.58458,-7.97744],[111.58537,-7.97768],[111.58586,-7.97812],[111.58608,-7.97818],[111.5863,-7.97804],[111.5868,-7.97796],[111.58707,-7.97806],[111.58734,-7.97809],[111.58759,-7.97808],[111.58764,-7.97765],[111.58789,-7.97754],[111.58843,-7.97767],[111.58867,-7.97779],[111.58908,-7.97812],[111.58944,-7.97829],[111.58945,-7.97846],[111.58925,-7.97863],[111.58909,-7.97887],[111.58861,-7.97906],[111.58845,-7.97925],[111.58811,-7.97922],[111.58797,-7.97908],[111.58784,-7.97905],[111.58646,-7.9792],[111.58622,-7.97934],[111.58605,-7.9795],[111.58595,-7.97982],[111.58565,-7.97978],[111.58527,-7.97957],[111.58474,-7.9795],[111.58462,-7.97928],[111.58442,-7.97925],[111.58418,-7.9791],[111.58422,-7.97898],[111.58409,-7.97891],[111.58372,-7.97888],[111.58356,-7.97868],[111.58349,-7.97811],[111.58344,-7.97808],[111.58323,-7.97773],[111.58317,-7.97743],[111.58294,-7.97733],[111.58281,-7.97713],[111.58277,-7.9769],[111.58261,-7.97677],[111.58236,-7.97672],[111.58204,-7.97653],[111.58177,-7.9765],[111.58153,-7.97652],[111.58136,-7.9767],[111.58137,-7.97735],[111.58122,-7.97778],[111.58034,-7.97809],[111.58025,-7.97833],[111.58002,-7.97864],[111.57958,-7.97887],[111.57865,-7.97891],[111.57825,-7.97883],[111.57808,-7.97864],[111.57788,-7.97858],[111.57788,-7.97842],[111.57778,-7.9783],[111.577,-7.97772],[111.57677,-7.97744],[111.57666,-7.97721],[111.57665,-7.97661],[111.57669,-7.97617],[111.57685,-7.97552],[111.57739,-7.97493],[111.57756,-7.97432],[111.57754,-7.97408],[111.57746,-7.97394],[111.57679,-7.97331],[111.57604,-7.97297],[111.57577,-7.97269],[111.5758,-7.9724],[111.57596,-7.97214],[111.57627,-7.97205],[111.57664,-7.97233],[111.57691,-7.9729],[111.57724,-7.97305],[111.57747,-7.9731],[111.57752,-7.97327],[111.57774,-7.97373],[111.57797,-7.97388],[111.57811,-7.9741],[111.57847,-7.97428],[111.57897,-7.97431],[111.57993,-7.9739],[111.58059,-7.97411],[111.58106,-7.97413],[111.58141,-7.97396],[111.58173,-7.97371],[111.58181,-7.97344],[111.58199,-7.97313],[111.58238,-7.97308],[111.58306,-7.97304]]]}},{"type":"Feature","properties":{"ptnsbjname":"-","namobj":"Kampung Jarang Tidak Teratur","_cls":"Kampung Jarang Tidak Teratur"},"geometry":{"type":"Polygon","coordinates":[[[111.53281,-7.96681],[111.53306,-7.96686],[111.53309,-7.96707],[111.53305,-7.96727],[111.53282,-7.96735],[111.53278,-7.96749],[111.53283,-7.96765],[111.53281,-7.96784],[111.53371,-7.96813],[111.53478,-7.96858],[111.5351,-7.96866],[111.53534,-7.96865],[111.53563,-7.96855],[111.53567,-7.96865],[111.53569,-7.96906],[111.53576,-7.96918],[111.53625,-7.9692],[111.53626,-7.96952],[111.53606,-7.96953],[111.53611,-7.96972],[111.53611,-7.9699],[111.53644,-7.96995],[111.53645,-7.97013],[111.53665,-7.97017],[111.53667,-7.97056],[111.53639,-7.97068],[111.53638,-7.97077],[111.53651,-7.97083],[111.53655,-7.97095],[111.5365,-7.97105],[111.53624,-7.97112],[111.5362,-7.97115],[111.5362,-7.97136],[111.53614,-7.97151],[111.53599,-7.97156],[111.53599,-7.97187],[111.53642,-7.97173],[111.53659,-7.97171],[111.53667,-7.97178],[111.53692,-7.97173],[111.53752,-7.97178],[111.53756,-7.97176],[111.53762,-7.97164],[111.53785,-7.97174],[111.5379,-7.97189],[111.5379,-7.97205],[111.53786,-7.97212],[111.53735,-7.97214],[111.53652,-7.97207],[111.53658,-7.97228],[111.53677,-7.97236],[111.53682,-7.97247],[111.5368,-7.9729],[111.53692,-7.97305],[111.53695,-7.97319],[111.53729,-7.97333],[111.53732,-7.9734],[111.5375,-7.97344],[111.5375,-7.97352],[111.53856,-7.97359],[111.5386,-7.97321],[111.53886,-7.97321],[111.53897,-7.97318],[111.53897,-7.97299],[111.53892,-7.97267],[111.53887,-7.97252],[111.53882,-7.97249],[111.53857,-7.97247],[111.53814,-7.97251],[111.53808,-7.97217],[111.53812,-7.97202],[111.5382,-7.97192],[111.53864,-7.97191],[111.53873,-7.97201],[111.53892,-7.97202],[111.5392,-7.97199],[111.53939,-7.97193],[111.53977,-7.97195],[111.53997,-7.972],[111.54017,-7.97218],[111.54046,-7.9722],[111.54077,-7.97229],[111.54079,-7.97241],[111.54074,-7.97266],[111.53987,-7.97262],[111.53977,-7.9733],[111.54023,-7.97344],[111.54033,-7.97352],[111.54035,-7.97406],[111.54027,-7.97416],[111.54041,-7.97505],[111.54082,-7.97506],[111.54089,-7.97479],[111.541,-7.97481],[111.54118,-7.97512],[111.5413,-7.97503],[111.54127,-7.97449],[111.54277,-7.97455],[111.5428,-7.97478],[111.54334,-7.9748],[111.5435,-7.97485],[111.5435,-7.97507],[111.54393,-7.97513],[111.54392,-7.97528],[111.54402,-7.97533],[111.54404,-7.97551],[111.54416,-7.9756],[111.54474,-7.97581],[111.54479,-7.97592],[111.54478,-7.97608],[111.54483,-7.97617],[111.54517,-7.97628],[111.54519,-7.97642],[111.5451,-7.97685],[111.54453,-7.97671],[111.5444,-7.97711],[111.54444,-7.97761],[111.54452,-7.97814],[111.54425,-7.97819],[111.54419,-7.97832],[111.54419,-7.97856],[111.544,-7.97862],[111.54389,-7.97861],[111.54386,-7.97876],[111.54386,-7.97933],[111.54395,-7.97959],[111.54404,-7.97967],[111.54408,-7.9798],[111.54406,-7.9799],[111.54374,-7.97982],[111.54337,-7.97982],[111.54335,-7.97997],[111.54326,-7.97977],[111.54325,-7.97955],[111.54303,-7.97918],[111.54302,-7.97901],[111.54307,-7.97885],[111.54329,-7.97869],[111.54329,-7.97854],[111.54307,-7.97841],[111.54267,-7.97838],[111.54259,-7.98015],[111.54298,-7.98019],[111.54311,-7.98011],[111.54331,-7.98009],[111.54353,-7.9802],[111.54343,-7.9806],[111.5434,-7.98096],[111.54342,-7.98112],[111.54365,-7.98117],[111.5438,-7.98117],[111.54405,-7.9811],[111.54429,-7.98112],[111.54437,-7.98119],[111.54439,-7.98148],[111.54387,-7.98156],[111.54367,-7.98194],[111.54374,-7.98207],[111.54396,-7.98222],[111.54405,-7.98245],[111.5425,-7.98229],[111.5424,-7.98402],[111.54234,-7.98402],[111.54234,-7.98523],[111.54236,-7.98532],[111.54228,-7.98643],[111.54158,-7.98631],[111.53906,-7.98608],[111.53873,-7.98593],[111.53856,-7.98571],[111.53842,-7.98538],[111.53859,-7.98371],[111.53876,-7.98047],[111.53809,-7.98047],[111.53786,-7.98042],[111.5376,-7.98042],[111.53737,-7.98037],[111.53717,-7.98026],[111.53694,-7.98022],[111.53683,-7.98029],[111.53679,-7.98046],[111.53682,-7.98087],[111.53702,-7.98132],[111.53694,-7.98144],[111.53678,-7.98157],[111.53611,-7.98162],[111.53602,-7.98175],[111.53598,-7.98199],[111.53616,-7.98223],[111.5364,-7.98236],[111.53659,-7.98238],[111.53696,-7.98229],[111.5372,-7.98228],[111.53722,-7.98241],[111.53714,-7.98296],[111.53729,-7.98393],[111.53727,-7.98416],[111.53713,-7.98424],[111.53671,-7.98424],[111.53644,-7.98438],[111.53637,-7.98457],[111.53634,-7.98523],[111.5362,-7.98537],[111.53606,-7.98533],[111.53595,-7.98511],[111.53592,-7.98495],[111.5358,-7.98481],[111.53576,-7.98452],[111.53568,-7.9844],[111.53548,-7.98435],[111.53526,-7.98442],[111.53494,-7.98444],[111.53476,-7.98438],[111.53456,-7.98423],[111.5343,-7.98412],[111.53412,-7.98412],[111.53381,-7.98404],[111.53365,-7.9839],[111.5335,-7.98386],[111.53323,-7.98388],[111.53319,-7.98409],[111.53304,-7.98416],[111.53291,-7.9841],[111.53286,-7.98391],[111.53216,-7.98375],[111.53207,-7.9837],[111.53205,-7.98324],[111.53214,-7.98323],[111.53219,-7.98313],[111.53242,-7.98311],[111.53311,-7.98317],[111.53324,-7.98315],[111.53345,-7.98295],[111.53345,-7.98282],[111.53336,-7.98276],[111.5332,-7.98271],[111.53317,-7.98265],[111.53307,-7.98262],[111.53306,-7.98208],[111.53315,-7.98195],[111.53294,-7.98188],[111.53292,-7.98173],[111.53232,-7.98162],[111.53232,-7.98201],[111.53226,-7.98211],[111.53204,-7.98214],[111.53201,-7.98232],[111.53213,-7.98236],[111.53213,-7.98254],[111.53202,-7.98254],[111.53198,-7.98174],[111.53198,-7.98035],[111.53231,-7.98038],[111.53231,-7.98059],[111.53246,-7.98059],[111.53253,-7.98039],[111.53258,-7.97997],[111.53293,-7.98],[111.53295,-7.98007],[111.53314,-7.98008],[111.53314,-7.98029],[111.5331,-7.98038],[111.53278,-7.98043],[111.53276,-7.98102],[111.53266,-7.98116],[111.53277,-7.98123],[111.533,-7.9813],[111.53303,-7.98158],[111.53326,-7.98166],[111.53351,-7.98167],[111.53355,-7.98153],[111.53354,-7.98133],[111.53347,-7.98129],[111.53346,-7.98088],[111.53326,-7.98083],[111.53325,-7.98027],[111.53343,-7.98022],[111.53383,-7.98023],[111.53411,-7.98026],[111.53422,-7.98034],[111.53419,-7.98049],[111.53423,-7.98058],[111.53496,-7.98065],[111.53507,-7.98053],[111.5352,-7.98056],[111.53524,-7.98062],[111.5354,-7.98063],[111.53549,-7.98048],[111.53553,-7.98026],[111.5355,-7.98012],[111.53531,-7.98002],[111.53581,-7.97989],[111.53585,-7.97979],[111.53601,-7.97967],[111.536,-7.97882],[111.53605,-7.97848],[111.53572,-7.97796],[111.53543,-7.97774],[111.53498,-7.97755],[111.53483,-7.97752],[111.53433,-7.97753],[111.53416,-7.97759],[111.53376,-7.9776],[111.53317,-7.97755],[111.53301,-7.9775],[111.5328,-7.97758],[111.53271,-7.97771],[111.53265,-7.97792],[111.53267,-7.97838],[111.53264,-7.97856],[111.53237,-7.97857],[111.53219,-7.97847],[111.53229,-7.97765],[111.5302,-7.97731],[111.52968,-7.97729],[111.52969,-7.97762],[111.52973,-7.97785],[111.52995,-7.97789],[111.52998,-7.97767],[111.53022,-7.97767],[111.53023,-7.97792],[111.53053,-7.97799],[111.53052,-7.97822],[111.53047,-7.97837],[111.53043,-7.97841],[111.52988,-7.97825],[111.52988,-7.97829],[111.52953,-7.97812],[111.5294,-7.9781],[111.5294,-7.97683],[111.52951,-7.97715],[111.52967,-7.97712],[111.52998,-7.97715],[111.52995,-7.97684],[111.53,-7.97667],[111.53028,-7.97667],[111.53031,-7.97639],[111.52998,-7.97636],[111.52986,-7.97599],[111.52959,-7.97592],[111.52961,-7.97503],[111.52975,-7.97497],[111.52964,-7.97377],[111.52946,-7.97378],[111.52953,-7.97087],[111.52838,-7.97084],[111.52834,-7.97071],[111.52827,-7.97061],[111.5283,-7.97046],[111.52889,-7.9706],[111.52891,-7.97038],[111.52902,-7.97034],[111.52909,-7.97039],[111.52911,-7.9706],[111.52959,-7.97063],[111.52961,-7.97122],[111.52999,-7.97127],[111.53005,-7.97176],[111.53012,-7.97186],[111.53071,-7.97188],[111.53082,-7.97201],[111.53102,-7.97212],[111.5314,-7.97202],[111.53153,-7.97202],[111.5316,-7.97218],[111.53172,-7.97219],[111.53171,-7.97205],[111.53188,-7.97204],[111.53207,-7.97232],[111.53237,-7.97232],[111.53238,-7.97221],[111.53236,-7.97216],[111.5322,-7.97213],[111.53225,-7.97195],[111.53243,-7.97194],[111.53254,-7.97205],[111.53271,-7.97205],[111.53271,-7.97223],[111.53342,-7.97223],[111.53368,-7.97218],[111.53378,-7.9721],[111.53388,-7.9719],[111.53403,-7.97181],[111.53408,-7.97172],[111.53411,-7.97163],[111.53408,-7.97153],[111.53402,-7.9715],[111.53335,-7.9715],[111.53306,-7.97154],[111.53299,-7.9709],[111.53316,-7.97088],[111.53314,-7.97063],[111.53352,-7.9706],[111.53349,-7.97087],[111.5337,-7.97079],[111.53373,-7.97062],[111.53416,-7.97058],[111.53436,-7.97069],[111.53448,-7.97087],[111.53456,-7.9709],[111.53457,-7.97103],[111.53461,-7.97103],[111.53484,-7.97096],[111.53483,-7.9707],[111.53485,-7.97064],[111.53527,-7.97053],[111.5356,-7.9705],[111.53558,-7.97021],[111.5355,-7.97017],[111.53524,-7.97015],[111.53515,-7.96995],[111.53505,-7.96936],[111.53487,-7.96937],[111.53478,-7.9694],[111.53459,-7.96953],[111.5345,-7.96962],[111.53428,-7.96965],[111.53415,-7.96954],[111.53362,-7.96954],[111.53359,-7.96927],[111.53348,-7.96924],[111.53287,-7.96925],[111.53276,-7.96931],[111.5327,-7.96941],[111.53245,-7.96939],[111.53251,-7.96977],[111.53216,-7.96971],[111.53212,-7.96935],[111.53204,-7.96895],[111.53213,-7.96888],[111.53217,-7.96873],[111.53214,-7.96853],[111.53203,-7.96839],[111.53175,-7.96835],[111.53175,-7.96811],[111.53171,-7.96804],[111.53171,-7.96792],[111.53162,-7.96775],[111.5315,-7.96774],[111.53148,-7.9673],[111.53179,-7.96738],[111.5319,-7.96686],[111.53191,-7.96658],[111.53192,-7.96678],[111.5328,-7.96687],[111.53281,-7.96681]],[[111.53272,-7.97406],[111.53241,-7.97401],[111.53236,-7.97375],[111.53238,-7.97351],[111.53245,-7.97335],[111.53266,-7.97329],[111.53266,-7.97317],[111.53224,-7.97306],[111.53173,-7.97268],[111.53183,-7.97295],[111.53196,-7.97349],[111.53212,-7.97349],[111.53217,-7.97416],[111.53187,-7.97417],[111.5318,-7.97383],[111.53156,-7.97378],[111.53152,-7.97498],[111.53135,-7.97505],[111.53133,-7.97519],[111.53091,-7.9752],[111.53086,-7.97554],[111.53103,-7.97615],[111.53095,-7.97689],[111.53096,-7.97706],[111.53174,-7.97721],[111.53183,-7.9769],[111.53153,-7.97684],[111.53149,-7.97651],[111.53158,-7.97611],[111.5318,-7.97607],[111.53187,-7.97601],[111.5323,-7.97599],[111.53226,-7.97563],[111.53336,-7.97556],[111.53344,-7.97608],[111.53294,-7.97612],[111.53288,-7.97626],[111.53283,-7.9768],[111.53293,-7.97688],[111.53312,-7.97687],[111.53314,-7.97675],[111.5332,-7.97665],[111.53353,-7.97639],[111.53378,-7.97639],[111.53379,-7.97663],[111.5341,-7.9767],[111.53419,-7.97695],[111.53456,-7.97692],[111.53456,-7.97672],[111.535,-7.97669],[111.53497,-7.97648],[111.53498,-7.97609],[111.53505,-7.97602],[111.53519,-7.97602],[111.53527,-7.9759],[111.53528,-7.97575],[111.53511,-7.97574],[111.53507,-7.97567],[111.53512,-7.97541],[111.53512,-7.97526],[111.53519,-7.97512],[111.53522,-7.97491],[111.53518,-7.97457],[111.5352,-7.97422],[111.53478,-7.97409],[111.53468,-7.97378],[111.53437,-7.97376],[111.53423,-7.97383],[111.53421,-7.97413],[111.53446,-7.97426],[111.5345,-7.97442],[111.5345,-7.97461],[111.53444,-7.97505],[111.53432,-7.97511],[111.53429,-7.9752],[111.53427,-7.97541],[111.53412,-7.97545],[111.53386,-7.97544],[111.53379,-7.97523],[111.53363,-7.97511],[111.53354,-7.975],[111.53351,-7.97482],[111.53291,-7.97482],[111.53272,-7.97406]],[[111.53712,-7.97419],[111.53699,-7.97407],[111.53686,-7.97403],[111.53659,-7.97402],[111.53645,-7.97406],[111.53637,-7.97441],[111.53634,-7.97505],[111.5366,-7.97511],[111.53669,-7.97519],[111.53689,-7.97509],[111.53706,-7.97511],[111.53725,-7.9752],[111.53734,-7.97531],[111.53741,-7.97551],[111.53746,-7.97579],[111.53769,-7.97589],[111.53783,-7.97602],[111.53784,-7.97627],[111.53815,-7.97652],[111.53818,-7.97668],[111.53848,-7.9769],[111.5383,-7.97713],[111.53856,-7.97741],[111.53905,-7.97742],[111.53968,-7.97715],[111.53984,-7.97717],[111.54015,-7.97714],[111.54032,-7.97697],[111.54048,-7.97695],[111.54057,-7.97698],[111.54065,-7.97713],[111.54068,-7.97733],[111.54081,-7.97746],[111.54173,-7.97762],[111.54196,-7.97773],[111.54227,-7.97766],[111.5424,-7.97766],[111.54268,-7.97776],[111.54292,-7.97769],[111.54312,-7.97757],[111.54316,-7.97675],[111.54308,-7.97653],[111.54289,-7.97643],[111.54265,-7.97644],[111.54253,-7.97653],[111.54236,-7.97681],[111.54216,-7.97682],[111.54196,-7.97675],[111.5417,-7.97652],[111.54144,-7.97645],[111.54082,-7.97644],[111.54055,-7.97626],[111.54014,-7.97633],[111.53972,-7.97621],[111.53964,-7.97613],[111.53964,-7.97597],[111.53972,-7.97592],[111.54022,-7.9759],[111.54053,-7.97582],[111.54114,-7.97588],[111.54148,-7.97583],[111.54146,-7.97553],[111.54135,-7.9754],[111.54125,-7.97533],[111.54082,-7.97523],[111.54062,-7.97522],[111.54032,-7.97525],[111.54021,-7.97532],[111.53993,-7.97531],[111.53948,-7.9749],[111.53929,-7.97484],[111.53888,-7.97485],[111.53885,-7.97479],[111.53889,-7.97453],[111.53887,-7.9744],[111.53881,-7.97432],[111.53832,-7.97421],[111.53799,-7.9742],[111.53784,-7.97413],[111.53732,-7.97421],[111.53712,-7.97419]],[[111.53802,-7.97814],[111.53788,-7.97797],[111.53758,-7.97794],[111.53749,-7.97789],[111.53728,-7.97787],[111.53715,-7.9783],[111.5371,-7.97835],[111.53699,-7.97832],[111.53693,-7.9781],[111.53676,-7.97807],[111.53668,-7.97818],[111.53667,-7.97854],[111.53684,-7.97862],[111.5369,-7.97874],[111.53683,-7.97883],[111.53666,-7.97892],[111.53663,-7.97915],[111.53689,-7.97943],[111.53739,-7.97976],[111.5378,-7.97963],[111.53804,-7.97959],[111.53807,-7.97925],[111.53817,-7.97915],[111.53837,-7.97915],[111.53845,-7.97932],[111.53848,-7.97973],[111.53858,-7.97995],[111.53878,-7.97997],[111.53884,-7.97811],[111.53824,-7.9782],[111.53802,-7.97814]],[[111.53616,-7.98243],[111.53603,-7.98238],[111.53518,-7.98218],[111.53504,-7.98245],[111.53423,-7.98238],[111.53417,-7.98359],[111.53434,-7.9836],[111.53436,-7.9835],[111.53452,-7.98356],[111.53469,-7.98357],[111.53494,-7.98353],[111.53499,-7.98336],[111.53531,-7.98335],[111.53537,-7.98303],[111.5357,-7.98304],[111.53578,-7.98307],[111.53584,-7.98333],[111.53606,-7.98329],[111.53611,-7.9831],[111.53616,-7.98243]]]}},{"type":"Feature","properties":{"ptnsbjname":"-","namobj":"Kampung Jarang Tidak Teratur","_cls":"Kampung Jarang Tidak Teratur"},"geometry":{"type":"Polygon","coordinates":[[[111.55856,-7.9666],[111.55841,-7.96632],[111.55841,-7.96632],[111.55846,-7.96637],[111.55856,-7.9666]]]}},{"type":"Feature","properties":{"ptnsbjname":"-","namobj":"Kampung Jarang Tidak Teratur","_cls":"Kampung Jarang Tidak Teratur"},"geometry":{"type":"Polygon","coordinates":[[[111.55934,-7.96743],[111.55924,-7.96736],[111.55904,-7.96712],[111.55825,-7.96569],[111.55806,-7.9657],[111.55798,-7.96556],[111.5579,-7.96555],[111.55764,-7.96561],[111.55756,-7.96567],[111.55759,-7.96551],[111.55753,-7.96541],[111.55751,-7.96523],[111.5576,-7.96517],[111.55777,-7.96512],[111.55778,-7.96489],[111.55765,-7.96488],[111.55759,-7.96478],[111.55755,-7.96444],[111.55779,-7.96442],[111.55801,-7.96424],[111.55803,-7.96396],[111.55824,-7.96397],[111.55831,-7.96434],[111.5584,-7.96432],[111.55851,-7.96418],[111.55859,-7.96413],[111.55863,-7.96403],[111.55884,-7.96401],[111.559,-7.96395],[111.55925,-7.96394],[111.55933,-7.9639],[111.55963,-7.96397],[111.55966,-7.96409],[111.55982,-7.96409],[111.55993,-7.96389],[111.55993,-7.9638],[111.56014,-7.96371],[111.56035,-7.96371],[111.56045,-7.96376],[111.56046,-7.96343],[111.5606,-7.96333],[111.56065,-7.96312],[111.56092,-7.96312],[111.56096,-7.96328],[111.56093,-7.96351],[111.56086,-7.9637],[111.56074,-7.96422],[111.5606,-7.96429],[111.56061,-7.9645],[111.56071,-7.9646],[111.56065,-7.96497],[111.5607,-7.96498],[111.56079,-7.96487],[111.56109,-7.96481],[111.56127,-7.9648],[111.56136,-7.96451],[111.56111,-7.96439],[111.56112,-7.96417],[111.56116,-7.96401],[111.56146,-7.96406],[111.56151,-7.964],[111.56161,-7.96366],[111.56181,-7.96371],[111.56178,-7.96396],[111.56189,-7.964],[111.56189,-7.96416],[111.56176,-7.96419],[111.56177,-7.96431],[111.56193,-7.96432],[111.56201,-7.96427],[111.56214,-7.96427],[111.56246,-7.96438],[111.56259,-7.96435],[111.56293,-7.96405],[111.56332,-7.96418],[111.56341,-7.96408],[111.56359,-7.96373],[111.5639,-7.96385],[111.56379,-7.9642],[111.56377,-7.96469],[111.56367,-7.96482],[111.56361,-7.96495],[111.56347,-7.96488],[111.5634,-7.96501],[111.56352,-7.96514],[111.56354,-7.96522],[111.56352,-7.96528],[111.56303,-7.96556],[111.56288,-7.96556],[111.56164,-7.96568],[111.56117,-7.96565],[111.56074,-7.96574],[111.56051,-7.96595],[111.56032,-7.96619],[111.55978,-7.96721],[111.55965,-7.96734],[111.5595,-7.96742],[111.55934,-7.96743]]]}},{"type":"Feature","properties":{"ptnsbjname":"-","namobj":"Kampung Jarang Tidak Teratur","_cls":"Kampung Jarang Tidak Teratur"},"geometry":{"type":"Polygon","coordinates":[[[111.61122,-7.98736],[111.61124,-7.98718],[111.6112,-7.98675],[111.61106,-7.98579],[111.6108,-7.98564],[111.61028,-7.98527],[111.60984,-7.9847],[111.6095,-7.98419],[111.60938,-7.98395],[111.60957,-7.98395],[111.60991,-7.98404],[111.61061,-7.98435],[111.61121,-7.98458],[111.61145,-7.98462],[111.61212,-7.98459],[111.6129,-7.98445],[111.61299,-7.98446],[111.61288,-7.98473],[111.61275,-7.98552],[111.61248,-7.98607],[111.61202,-7.98657],[111.6115,-7.98698],[111.61122,-7.98736]]]}},{"type":"Feature","properties":{"ptnsbjname":"Kl, Bam, Rbt","namobj":"Kebun Campuran","_cls":"Kebun Campuran"},"geometry":{"type":"Polygon","coordinates":[[[111.62754,-7.97566],[111.62772,-7.97551],[111.62873,-7.97523],[111.6285,-7.97549],[111.62825,-7.97568],[111.62803,-7.97573],[111.62754,-7.97566]]]}},{"type":"Feature","properties":{"ptnsbjname":"Kl, Bam, Rbt","namobj":"Kebun Campuran","_cls":"Kebun Campuran"},"geometry":{"type":"Polygon","coordinates":[[[111.6242,-7.97475],[111.6242,-7.97546],[111.62472,-7.97579],[111.6254,-7.97613],[111.62567,-7.97673],[111.62591,-7.97715],[111.62616,-7.97767],[111.62614,-7.97783],[111.62584,-7.97778],[111.62533,-7.97755],[111.62462,-7.97716],[111.6242,-7.97719],[111.62413,-7.97701],[111.62383,-7.97666],[111.62324,-7.97608],[111.623,-7.97589],[111.62289,-7.97574],[111.62311,-7.97535],[111.62389,-7.97466],[111.62395,-7.9745],[111.6242,-7.97475]]]}},{"type":"Feature","properties":{"ptnsbjname":"Kl, Bam, Rbt","namobj":"Kebun Campuran","_cls":"Kebun Campuran"},"geometry":{"type":"Polygon","coordinates":[[[111.62417,-7.96902],[111.62413,-7.96898],[111.62413,-7.96891],[111.62417,-7.96902]]]}},{"type":"Feature","properties":{"ptnsbjname":"-","namobj":"Kampung Jarang Tidak Teratur","_cls":"Kampung Jarang Tidak Teratur"},"geometry":{"type":"Polygon","coordinates":[[[111.62117,-7.9862],[111.62066,-7.98563],[111.62049,-7.98548],[111.62141,-7.98532],[111.62182,-7.98507],[111.62194,-7.98502],[111.62255,-7.98511],[111.62287,-7.98507],[111.62347,-7.98517],[111.62348,-7.98574],[111.62357,-7.98593],[111.62366,-7.98598],[111.62432,-7.98615],[111.62435,-7.9894],[111.62384,-7.98865],[111.6233,-7.98804],[111.62301,-7.9874],[111.62284,-7.9872],[111.62235,-7.98694],[111.62159,-7.98663],[111.62117,-7.9862]]]}},{"type":"Feature","properties":{"ptnsbjname":"-","namobj":"Kampung Jarang Tidak Teratur","_cls":"Kampung Jarang Tidak Teratur"},"geometry":{"type":"Polygon","coordinates":[[[111.57342,-7.932],[111.57342,-7.93194],[111.57362,-7.9318],[111.57455,-7.93146],[111.5751,-7.93105],[111.576,-7.9306],[111.57657,-7.93045],[111.57692,-7.92976],[111.57718,-7.92974],[111.57725,-7.92966],[111.57763,-7.92969],[111.578,-7.92984],[111.57839,-7.93006],[111.57866,-7.93013],[111.57953,-7.9302],[111.5793,-7.9305],[111.57876,-7.93069],[111.57745,-7.93161],[111.57696,-7.93201],[111.57672,-7.93212],[111.57605,-7.93227],[111.57491,-7.93236],[111.57452,-7.93232],[111.57342,-7.932]]]}},{"type":"Feature","properties":{"ptnsbjname":"-","namobj":"Kampung Jarang Tidak Teratur","_cls":"Kampung Jarang Tidak Teratur"},"geometry":{"type":"MultiPolygon","coordinates":[[[[111.53366,-7.99723],[111.53327,-7.9974],[111.53311,-7.99493],[111.53319,-7.99495],[111.53333,-7.99506],[111.5334,-7.99519],[111.5336,-7.99537],[111.53366,-7.99552],[111.53346,-7.99578],[111.53354,-7.99588],[111.53375,-7.99598],[111.53372,-7.99608],[111.53353,-7.99619],[111.53366,-7.99671],[111.53366,-7.99687],[111.53362,-7.99703],[111.53366,-7.99723]]],[[[111.53312,-7.99452],[111.53308,-7.99457],[111.53307,-7.99451],[111.53312,-7.99452]]]]}},{"type":"Feature","properties":{"ptnsbjname":"-","namobj":"Kampung Jarang Tidak Teratur","_cls":"Kampung Jarang Tidak Teratur"},"geometry":{"type":"Polygon","coordinates":[[[111.5733,-7.98329],[111.57341,-7.98366],[111.57341,-7.98392],[111.57325,-7.98443],[111.57297,-7.98454],[111.57267,-7.98458],[111.57239,-7.98453],[111.57234,-7.98407],[111.57221,-7.98391],[111.57216,-7.98346],[111.57244,-7.98324],[111.57306,-7.9832],[111.5731,-7.98328],[111.5733,-7.98329]]]}},{"type":"Feature","properties":{"ptnsbjname":"-","namobj":"Kampung Jarang Tidak Teratur","_cls":"Kampung Jarang Tidak Teratur"},"geometry":{"type":"Polygon","coordinates":[[[111.54406,-7.9846],[111.54407,-7.98456],[111.5438,-7.98443],[111.54388,-7.98394],[111.54441,-7.98395],[111.54448,-7.98329],[111.54494,-7.9833],[111.54503,-7.98291],[111.54501,-7.98266],[111.54505,-7.98258],[111.54505,-7.98227],[111.54544,-7.98225],[111.54549,-7.98237],[111.54543,-7.98287],[111.54553,-7.98304],[111.54554,-7.98316],[111.54549,-7.9835],[111.54518,-7.98364],[111.54515,-7.98379],[111.54504,-7.98384],[111.54503,-7.98408],[111.54498,-7.98426],[111.54541,-7.98461],[111.54536,-7.98492],[111.5453,-7.98505],[111.54501,-7.98502],[111.54485,-7.98507],[111.54478,-7.98537],[111.54451,-7.9854],[111.54447,-7.98517],[111.54424,-7.985],[111.5442,-7.98493],[111.54425,-7.98459],[111.54406,-7.9846]]]}},{"type":"Feature","properties":{"ptnsbjname":"-","namobj":"Kampung Jarang Tidak Teratur","_cls":"Kampung Jarang Tidak Teratur"},"geometry":{"type":"Polygon","coordinates":[[[111.55597,-7.92768],[111.55592,-7.92838],[111.55555,-7.92837],[111.55431,-7.92846],[111.55428,-7.92885],[111.55438,-7.92926],[111.55456,-7.93031],[111.55467,-7.93056],[111.55535,-7.93038],[111.55541,-7.93077],[111.55548,-7.93094],[111.55568,-7.93113],[111.55596,-7.93127],[111.55607,-7.93158],[111.55597,-7.93153],[111.55588,-7.93134],[111.5558,-7.93133],[111.5557,-7.93134],[111.55525,-7.93169],[111.555,-7.93162],[111.55445,-7.93142],[111.55443,-7.93134],[111.55509,-7.93113],[111.55514,-7.93108],[111.55501,-7.93102],[111.55452,-7.93112],[111.55416,-7.93131],[111.55367,-7.93162],[111.55336,-7.93225],[111.5533,-7.93265],[111.55314,-7.93283],[111.55266,-7.93288],[111.55249,-7.93285],[111.55241,-7.93278],[111.55239,-7.93266],[111.55241,-7.93259],[111.55252,-7.93245],[111.55264,-7.93238],[111.55269,-7.93227],[111.55259,-7.9321],[111.55241,-7.93198],[111.55221,-7.93191],[111.55221,-7.93167],[111.55224,-7.93154],[111.5524,-7.93132],[111.55247,-7.93105],[111.55309,-7.93097],[111.55353,-7.93074],[111.55367,-7.93051],[111.55399,-7.93027],[111.55418,-7.93016],[111.55424,-7.93005],[111.55422,-7.92987],[111.55403,-7.92974],[111.55397,-7.92959],[111.55394,-7.92911],[111.55374,-7.92872],[111.55354,-7.92865],[111.55316,-7.92865],[111.55304,-7.92846],[111.55292,-7.92836],[111.55262,-7.92826],[111.55264,-7.92804],[111.55322,-7.92799],[111.55324,-7.92768],[111.55347,-7.92767],[111.55353,-7.92799],[111.55384,-7.92798],[111.55395,-7.9278],[111.55407,-7.92772],[111.55416,-7.92754],[111.55439,-7.92751],[111.55446,-7.92765],[111.5547,-7.92778],[111.55471,-7.92801],[111.55491,-7.92799],[111.55505,-7.92793],[111.55527,-7.92788],[111.5554,-7.92788],[111.55562,-7.92793],[111.55568,-7.92788],[111.55572,-7.92776],[111.55597,-7.92768]]]}},{"type":"Feature","properties":{"ptnsbjname":"-","namobj":"Kampung Jarang Tidak Teratur","_cls":"Kampung Jarang Tidak Teratur"},"geometry":{"type":"Polygon","coordinates":[[[111.56871,-7.9405],[111.56863,-7.94058],[111.56746,-7.94052],[111.56662,-7.94073],[111.56681,-7.94063],[111.56721,-7.94047],[111.56854,-7.94047],[111.56871,-7.9405]]]}},{"type":"Feature","properties":{"ptnsbjname":"-","namobj":"Kampung Jarang Tidak Teratur","_cls":"Kampung Jarang Tidak Teratur"},"geometry":{"type":"Polygon","coordinates":[[[111.56914,-7.93966],[111.56932,-7.93934],[111.56913,-7.94032],[111.56904,-7.94037],[111.56757,-7.94029],[111.56672,-7.94052],[111.56609,-7.94076],[111.56608,-7.94093],[111.56598,-7.94097],[111.56597,-7.94117],[111.56602,-7.9415],[111.56614,-7.94192],[111.56581,-7.94204],[111.56552,-7.94204],[111.56538,-7.94199],[111.56523,-7.94199],[111.56512,-7.94207],[111.56507,-7.9423],[111.56497,-7.94239],[111.56465,-7.94246],[111.56419,-7.94244],[111.56383,-7.94233],[111.56352,-7.94209],[111.56355,-7.942],[111.5639,-7.94194],[111.56397,-7.94184],[111.56391,-7.94134],[111.56402,-7.94118],[111.56422,-7.94103],[111.56459,-7.94057],[111.56485,-7.94031],[111.565,-7.94025],[111.56565,-7.94022],[111.56576,-7.94016],[111.56573,-7.93999],[111.56551,-7.93945],[111.56532,-7.93926],[111.56521,-7.93909],[111.56547,-7.9389],[111.56566,-7.93897],[111.5659,-7.93919],[111.56602,-7.93938],[111.56621,-7.93952],[111.56641,-7.93951],[111.56652,-7.93945],[111.56651,-7.93926],[111.5663,-7.93908],[111.56622,-7.93886],[111.5663,-7.93871],[111.5665,-7.93862],[111.56672,-7.93862],[111.56692,-7.93892],[111.56717,-7.93892],[111.56727,-7.93903],[111.56739,-7.93908],[111.56752,-7.93907],[111.5677,-7.93894],[111.56771,-7.93876],[111.56779,-7.93861],[111.56808,-7.93872],[111.56834,-7.93938],[111.56865,-7.93939],[111.56883,-7.93956],[111.56914,-7.93966]]]}},{"type":"Feature","properties":{"ptnsbjname":"-","namobj":"Tanah Terbuka Sementara (Landclearing)","_cls":"Tanah Terbuka Sementara (Landclearing)"},"geometry":{"type":"Polygon","coordinates":[[[111.5734,-7.9629],[111.57369,-7.96275],[111.57393,-7.96257],[111.57421,-7.96223],[111.57426,-7.96255],[111.57426,-7.96271],[111.57417,-7.96287],[111.57398,-7.96305],[111.57372,-7.96317],[111.57335,-7.96324],[111.57341,-7.96309],[111.5734,-7.9629]]]}},{"type":"Feature","properties":{"ptnsbjname":"-","namobj":"Kampung Jarang Tidak Teratur","_cls":"Kampung Jarang Tidak Teratur"},"geometry":{"type":"Polygon","coordinates":[[[111.54169,-7.99171],[111.54142,-7.99196],[111.5414,-7.99215],[111.54126,-7.99223],[111.54122,-7.99234],[111.54138,-7.99277],[111.54144,-7.99302],[111.54111,-7.99303],[111.54107,-7.9931],[111.54092,-7.99314],[111.54082,-7.99311],[111.5408,-7.99298],[111.54067,-7.99277],[111.54066,-7.99268],[111.54104,-7.99254],[111.54099,-7.99212],[111.5409,-7.99196],[111.54081,-7.99189],[111.54065,-7.99183],[111.54061,-7.99141],[111.54006,-7.9912],[111.54006,-7.99106],[111.54001,-7.99097],[111.53976,-7.99079],[111.53973,-7.99072],[111.53969,-7.99043],[111.53971,-7.99036],[111.53986,-7.9904],[111.53985,-7.99024],[111.53964,-7.9897],[111.5396,-7.9894],[111.53952,-7.98938],[111.53937,-7.98923],[111.53917,-7.98917],[111.53918,-7.98891],[111.53954,-7.98887],[111.53962,-7.98882],[111.53962,-7.98866],[111.54002,-7.9887],[111.53999,-7.98982],[111.54033,-7.98985],[111.54047,-7.98989],[111.54051,-7.98994],[111.54056,-7.99012],[111.54094,-7.99021],[111.54103,-7.99029],[111.54117,-7.99052],[111.54123,-7.99057],[111.5416,-7.99061],[111.54169,-7.99057],[111.54172,-7.99044],[111.54179,-7.99032],[111.54195,-7.99032],[111.54208,-7.99044],[111.54209,-7.99054],[111.54225,-7.99069],[111.54229,-7.99079],[111.54223,-7.99144],[111.54212,-7.99159],[111.54169,-7.99171]]]}},{"type":"Feature","properties":{"ptnsbjname":"-","namobj":"Kampung Jarang Tidak Teratur","_cls":"Kampung Jarang Tidak Teratur"},"geometry":{"type":"Polygon","coordinates":[[[111.60789,-7.99306],[111.6071,-7.99274],[111.60693,-7.99257],[111.60645,-7.9925],[111.60634,-7.99249],[111.60615,-7.99256],[111.60551,-7.99288],[111.60522,-7.99288],[111.60495,-7.99281],[111.60454,-7.99261],[111.60432,-7.99241],[111.60393,-7.99259],[111.60327,-7.9927],[111.60281,-7.99285],[111.60281,-7.99253],[111.60245,-7.99159],[111.60242,-7.99121],[111.60249,-7.99076],[111.60274,-7.9899],[111.60308,-7.98931],[111.60468,-7.98905],[111.60626,-7.98885],[111.60664,-7.98873],[111.60817,-7.98807],[111.60827,-7.98853],[111.60841,-7.98889],[111.60879,-7.98918],[111.60886,-7.98946],[111.60884,-7.98977],[111.60876,-7.99031],[111.60853,-7.99124],[111.60825,-7.99313],[111.60789,-7.99306]]]}},{"type":"Feature","properties":{"ptnsbjname":"-","namobj":"Kampung Jarang Tidak Teratur","_cls":"Kampung Jarang Tidak Teratur"},"geometry":{"type":"Polygon","coordinates":[[[111.62493,-7.98844],[111.62528,-7.9889],[111.62574,-7.98842],[111.62661,-7.98854],[111.62691,-7.98867],[111.62719,-7.98984],[111.62655,-7.99021],[111.62601,-7.99084],[111.6258,-7.99067],[111.62582,-7.99087],[111.62579,-7.99108],[111.62522,-7.9907],[111.62537,-7.99042],[111.62496,-7.99012],[111.62468,-7.98986],[111.62447,-7.98955],[111.62435,-7.98961],[111.62432,-7.98615],[111.62534,-7.9864],[111.62544,-7.98653],[111.62551,-7.98747],[111.6256,-7.98755],[111.62493,-7.98844]]]}},{"type":"Feature","properties":{"ptnsbjname":"-","namobj":"Kampung Jarang Tidak Teratur","_cls":"Kampung Jarang Tidak Teratur"},"geometry":{"type":"Polygon","coordinates":[[[111.5448,-7.98644],[111.54422,-7.98623],[111.5442,-7.98617],[111.54435,-7.9859],[111.54439,-7.98576],[111.54452,-7.98565],[111.545,-7.98587],[111.54495,-7.98613],[111.54488,-7.98622],[111.5448,-7.98644]]]}},{"type":"Feature","properties":{"ptnsbjname":"-","namobj":"Kampung Jarang Tidak Teratur","_cls":"Kampung Jarang Tidak Teratur"},"geometry":{"type":"Polygon","coordinates":[[[111.53863,-7.9858],[111.53873,-7.98659],[111.53907,-7.98717],[111.53908,-7.98733],[111.53864,-7.98848],[111.53862,-7.98922],[111.5388,-7.9895],[111.53876,-7.98965],[111.53832,-7.98984],[111.53815,-7.9898],[111.538,-7.98969],[111.53731,-7.98939],[111.53722,-7.98934],[111.53711,-7.9892],[111.53701,-7.98875],[111.53673,-7.98846],[111.53647,-7.98826],[111.53646,-7.98754],[111.53651,-7.98735],[111.53653,-7.98714],[111.53612,-7.98702],[111.53602,-7.98692],[111.53591,-7.98677],[111.53584,-7.98629],[111.53586,-7.98623],[111.53607,-7.98629],[111.53618,-7.98637],[111.53636,-7.98659],[111.53666,-7.98665],[111.53663,-7.98695],[111.53688,-7.98695],[111.53701,-7.98686],[111.53733,-7.98683],[111.53721,-7.98754],[111.53735,-7.98767],[111.53741,-7.98812],[111.53749,-7.98819],[111.53764,-7.98819],[111.53775,-7.98852],[111.53784,-7.98859],[111.53788,-7.98871],[111.53783,-7.98901],[111.53816,-7.98902],[111.53824,-7.98853],[111.538,-7.98852],[111.53814,-7.98784],[111.53818,-7.98715],[111.53824,-7.98657],[111.53842,-7.98563],[111.53851,-7.98568],[111.53863,-7.9858]]]}},{"type":"Feature","properties":{"ptnsbjname":"-","namobj":"Kampung Jarang Tidak Teratur","_cls":"Kampung Jarang Tidak Teratur"},"geometry":{"type":"Polygon","coordinates":[[[111.58477,-7.98559],[111.58464,-7.9854],[111.58501,-7.98548],[111.58581,-7.98587],[111.58861,-7.98615],[111.58872,-7.98619],[111.58879,-7.98629],[111.58881,-7.98639],[111.58867,-7.98656],[111.58851,-7.98691],[111.58833,-7.98769],[111.58812,-7.98777],[111.58793,-7.98862],[111.58767,-7.98878],[111.58747,-7.98884],[111.58715,-7.98889],[111.58673,-7.98803],[111.58662,-7.98794],[111.5861,-7.98772],[111.58582,-7.98753],[111.58477,-7.98559]]]}},{"type":"Feature","properties":{"ptnsbjname":"Kl, Bam, Rbt","namobj":"Kebun Campuran","_cls":"Kebun Campuran"},"geometry":{"type":"Polygon","coordinates":[[[111.5492,-7.93351],[111.54841,-7.93377],[111.54811,-7.93381],[111.54774,-7.93395],[111.54752,-7.93415],[111.5472,-7.93431],[111.54702,-7.93448],[111.54672,-7.93452],[111.5465,-7.93447],[111.54637,-7.93439],[111.54601,-7.93439],[111.5458,-7.93446],[111.54561,-7.93461],[111.54531,-7.93462],[111.54523,-7.93477],[111.5454,-7.93515],[111.54463,-7.93529],[111.54448,-7.93521],[111.54423,-7.93521],[111.54404,-7.93527],[111.54401,-7.93547],[111.54284,-7.93581],[111.54203,-7.9361],[111.54154,-7.93622],[111.541,-7.93643],[111.54072,-7.93684],[111.54068,-7.93697],[111.54007,-7.93723],[111.53904,-7.93734],[111.53883,-7.9374],[111.53823,-7.93742],[111.5381,-7.93747],[111.53809,-7.93774],[111.537,-7.938],[111.53592,-7.93817],[111.53538,-7.93834],[111.53485,-7.93835],[111.5346,-7.93838],[111.53447,-7.93844],[111.53426,-7.93866],[111.53397,-7.93886],[111.53339,-7.93894],[111.53384,-7.94049],[111.53335,-7.94042],[111.53307,-7.94011],[111.53294,-7.93968],[111.53285,-7.93959],[111.53248,-7.93957],[111.53246,-7.93954],[111.53248,-7.93945],[111.53258,-7.93935],[111.53306,-7.93928],[111.53317,-7.93919],[111.53323,-7.93907],[111.53323,-7.93899],[111.53313,-7.93859],[111.53313,-7.93844],[111.53321,-7.93838],[111.53336,-7.93836],[111.53356,-7.93839],[111.53371,-7.93834],[111.53388,-7.93812],[111.53399,-7.93773],[111.53413,-7.93748],[111.5342,-7.93722],[111.53429,-7.9371],[111.53451,-7.93694],[111.53464,-7.93693],[111.53471,-7.93696],[111.53485,-7.93724],[111.53507,-7.93746],[111.5352,-7.93743],[111.53537,-7.93727],[111.53541,-7.93718],[111.53548,-7.93716],[111.53556,-7.93716],[111.53574,-7.93739],[111.53594,-7.93754],[111.53611,-7.93759],[111.53625,-7.93758],[111.53643,-7.9375],[111.5365,-7.93743],[111.53663,-7.9371],[111.53666,-7.93692],[111.53672,-7.93683],[111.5368,-7.9368],[111.53704,-7.93692],[111.53715,-7.93692],[111.53733,-7.93673],[111.53744,-7.93649],[111.53763,-7.93633],[111.53766,-7.93622],[111.5377,-7.9362],[111.53803,-7.93625],[111.53823,-7.93607],[111.53841,-7.93601],[111.53864,-7.93575],[111.53891,-7.93553],[111.53917,-7.93563],[111.53928,-7.93574],[111.53938,-7.93594],[111.53969,-7.93635],[111.53975,-7.9364],[111.53983,-7.9364],[111.53999,-7.93618],[111.53993,-7.93598],[111.53996,-7.93589],[111.54005,-7.93592],[111.54013,-7.93589],[111.54028,-7.93583],[111.54032,-7.93575],[111.54035,-7.9358],[111.54054,-7.93582],[111.54073,-7.93581],[111.54086,-7.93574],[111.5409,-7.93567],[111.54091,-7.93511],[111.54116,-7.93528],[111.54129,-7.93531],[111.54139,-7.93526],[111.5415,-7.93503],[111.54153,-7.93513],[111.54163,-7.93528],[111.5417,-7.93528],[111.54195,-7.93507],[111.54198,-7.93498],[111.54191,-7.9347],[111.54195,-7.93442],[111.54202,-7.93432],[111.54254,-7.93399],[111.54285,-7.93395],[111.54368,-7.93427],[111.54394,-7.93424],[111.54405,-7.93431],[111.54421,-7.93432],[111.54446,-7.93427],[111.54458,-7.9342],[111.54494,-7.93386],[111.54502,-7.93367],[111.54531,-7.93355],[111.54542,-7.93343],[111.54546,-7.93322],[111.54551,-7.93315],[111.54563,-7.93309],[111.54571,-7.93294],[111.54612,-7.93307],[111.54684,-7.93308],[111.54702,-7.93306],[111.54722,-7.93294],[111.54724,-7.9329],[111.5474,-7.93288],[111.54751,-7.93278],[111.54764,-7.9326],[111.54764,-7.93249],[111.54788,-7.93209],[111.54803,-7.93208],[111.54879,-7.93237],[111.54901,-7.93241],[111.54914,-7.93239],[111.54933,-7.93227],[111.54944,-7.93228],[111.54958,-7.93216],[111.55032,-7.93181],[111.55053,-7.9318],[111.5507,-7.93175],[111.55074,-7.93193],[111.55061,-7.93221],[111.55056,-7.93253],[111.5504,-7.93275],[111.55023,-7.93291],[111.5499,-7.93304],[111.54961,-7.9332],[111.5492,-7.93351]]]}},{"type":"Feature","properties":{"ptnsbjname":"-","namobj":"Semak","_cls":"Semak"},"geometry":{"type":"Polygon","coordinates":[[[111.60686,-8.01498],[111.60687,-8.01493],[111.60686,-8.01494],[111.60686,-8.01498]]]}},{"type":"Feature","properties":{"ptnsbjname":"-","namobj":"Semak","_cls":"Semak"},"geometry":{"type":"Polygon","coordinates":[[[111.56439,-7.95225],[111.56442,-7.95222],[111.56439,-7.95234],[111.56439,-7.95225]]]}},{"type":"Feature","properties":{"ptnsbjname":"Ch, Nk, Kl","namobj":"Kebun Campuran","_cls":"Kebun Campuran"},"geometry":{"type":"Polygon","coordinates":[[[111.54405,-7.98245],[111.54405,-7.98263],[111.5438,-7.98443],[111.54407,-7.98456],[111.54394,-7.98551],[111.54435,-7.9857],[111.54439,-7.98576],[111.54435,-7.9859],[111.5442,-7.98617],[111.54422,-7.98623],[111.54495,-7.9865],[111.54516,-7.98667],[111.54533,-7.98688],[111.54792,-7.98806],[111.54791,-7.98823],[111.54773,-7.98948],[111.54688,-7.98918],[111.54634,-7.98896],[111.54448,-7.98807],[111.54354,-7.98782],[111.54385,-7.98862],[111.54394,-7.98918],[111.54383,-7.99048],[111.54401,-7.99068],[111.5442,-7.99082],[111.54446,-7.99088],[111.54475,-7.99091],[111.54561,-7.99082],[111.54581,-7.99082],[111.54595,-7.99088],[111.54754,-7.99223],[111.54757,-7.9924],[111.54751,-7.99267],[111.54756,-7.99277],[111.54812,-7.99323],[111.54845,-7.99331],[111.54852,-7.99344],[111.54845,-7.99396],[111.54849,-7.99413],[111.54868,-7.99457],[111.54886,-7.99516],[111.54932,-7.99598],[111.54938,-7.99668],[111.54953,-7.99711],[111.54955,-7.9973],[111.54977,-7.99777],[111.54989,-7.99792],[111.5501,-7.99807],[111.5506,-7.99832],[111.55088,-7.99854],[111.55161,-7.99916],[111.55179,-7.9994],[111.54617,-7.9993],[111.54577,-7.99881],[111.54558,-7.99869],[111.54477,-7.99841],[111.54429,-7.99812],[111.54407,-7.99789],[111.54387,-7.99751],[111.54347,-7.99613],[111.5433,-7.99584],[111.54267,-7.99496],[111.54259,-7.99477],[111.5426,-7.99462],[111.5428,-7.99408],[111.5428,-7.99348],[111.54274,-7.99305],[111.54229,-7.99219],[111.54169,-7.99171],[111.54212,-7.99159],[111.54223,-7.99144],[111.54229,-7.99079],[111.54225,-7.99069],[111.54209,-7.99054],[111.54208,-7.99044],[111.54195,-7.99032],[111.54179,-7.99032],[111.54172,-7.99044],[111.54169,-7.99057],[111.5416,-7.99061],[111.54123,-7.99057],[111.54117,-7.99052],[111.54103,-7.99029],[111.54094,-7.99021],[111.54056,-7.99012],[111.54051,-7.98994],[111.54047,-7.98989],[111.54033,-7.98985],[111.53999,-7.98982],[111.54002,-7.9887],[111.53892,-7.98855],[111.53864,-7.98855],[111.53908,-7.98733],[111.53907,-7.98717],[111.53873,-7.98659],[111.53863,-7.9858],[111.53873,-7.98593],[111.53906,-7.98608],[111.54158,-7.98631],[111.54228,-7.98643],[111.54236,-7.98532],[111.54234,-7.98523],[111.54234,-7.98402],[111.5424,-7.98402],[111.5425,-7.98229],[111.54405,-7.98245]]]}},{"type":"Feature","properties":{"ptnsbjname":"-","namobj":"Padang Rumput","_cls":"Padang Rumput"},"geometry":{"type":"Polygon","coordinates":[[[111.53218,-7.95195],[111.5319,-7.95189],[111.53185,-7.95181],[111.53174,-7.95173],[111.53155,-7.95167],[111.53152,-7.95152],[111.53183,-7.9516],[111.53197,-7.95169],[111.53218,-7.95195]]]}},{"type":"Feature","properties":{"ptnsbjname":"Kd, Uk, Kt","namobj":"Tegalan/Ladang","_cls":"Tegalan/Ladang"},"geometry":{"type":"Polygon","coordinates":[[[111.56531,-7.96951],[111.56563,-7.96963],[111.56548,-7.97007],[111.56527,-7.96997],[111.56513,-7.96984],[111.56499,-7.96981],[111.56507,-7.96995],[111.56512,-7.97017],[111.56491,-7.97034],[111.56471,-7.97041],[111.56456,-7.97032],[111.56454,-7.96999],[111.56447,-7.96986],[111.56447,-7.96974],[111.56441,-7.96955],[111.56426,-7.96953],[111.56385,-7.96959],[111.56369,-7.96974],[111.56349,-7.96964],[111.56351,-7.96918],[111.56356,-7.9689],[111.56363,-7.96859],[111.56378,-7.96833],[111.56395,-7.96838],[111.5641,-7.96848],[111.56414,-7.96856],[111.56463,-7.96892],[111.56468,-7.96907],[111.56489,-7.9692],[111.56511,-7.96929],[111.56531,-7.96951]]]}},{"type":"Feature","properties":{"ptnsbjname":"-","namobj":"Sawah Irigasi Lebih Dari 2x Padi/thn","_cls":"Sawah Irigasi Lebih Dari 2x Padi/thn"},"geometry":{"type":"Polygon","coordinates":[[[111.568,-7.94089],[111.56783,-7.94101],[111.5677,-7.94115],[111.56758,-7.94137],[111.56747,-7.94182],[111.56736,-7.94213],[111.56713,-7.94248],[111.5668,-7.94274],[111.56672,-7.94253],[111.56689,-7.94223],[111.56684,-7.94203],[111.56648,-7.9414],[111.56641,-7.94104],[111.56683,-7.94087],[111.56739,-7.94079],[111.568,-7.94089]]]}},{"type":"Feature","properties":{"ptnsbjname":"-","namobj":"Sawah Irigasi Lebih Dari 2x Padi/thn","_cls":"Sawah Irigasi Lebih Dari 2x Padi/thn"},"geometry":{"type":"Polygon","coordinates":[[[111.56197,-7.94304],[111.56224,-7.94321],[111.56254,-7.94334],[111.56275,-7.94354],[111.56396,-7.94397],[111.5642,-7.94401],[111.56512,-7.94392],[111.56536,-7.94385],[111.56554,-7.94375],[111.56545,-7.94401],[111.56467,-7.94428],[111.56429,-7.94432],[111.56404,-7.94433],[111.56373,-7.94429],[111.56351,-7.94422],[111.56318,-7.94403],[111.56298,-7.94397],[111.56247,-7.94397],[111.56216,-7.94401],[111.56188,-7.94407],[111.5616,-7.94421],[111.56131,-7.94443],[111.56067,-7.94453],[111.56053,-7.9446],[111.56035,-7.94478],[111.56004,-7.94484],[111.55987,-7.94546],[111.55988,-7.94573],[111.55999,-7.94615],[111.56002,-7.94636],[111.56023,-7.94653],[111.56049,-7.94644],[111.56054,-7.94717],[111.56049,-7.94735],[111.56025,-7.94769],[111.56015,-7.94793],[111.55993,-7.94861],[111.55978,-7.9488],[111.55923,-7.94917],[111.55872,-7.94956],[111.55784,-7.95037],[111.5573,-7.95081],[111.55654,-7.95219],[111.55629,-7.95299],[111.55609,-7.95337],[111.55601,-7.95337],[111.55584,-7.95283],[111.55586,-7.95233],[111.55584,-7.95205],[111.5557,-7.95181],[111.55539,-7.95164],[111.55486,-7.9515],[111.55435,-7.95112],[111.55391,-7.95087],[111.5537,-7.95085],[111.55322,-7.95086],[111.55279,-7.95098],[111.55279,-7.95069],[111.55268,-7.95015],[111.55288,-7.95004],[111.55308,-7.94984],[111.55335,-7.94942],[111.55346,-7.94921],[111.55358,-7.94914],[111.55361,-7.94914],[111.55447,-7.94996],[111.55454,-7.95028],[111.5547,-7.95038],[111.55496,-7.95065],[111.55508,-7.95071],[111.55529,-7.95069],[111.55547,-7.95058],[111.5557,-7.95013],[111.5566,-7.94884],[111.55668,-7.94867],[111.55696,-7.94841],[111.55726,-7.94841],[111.55786,-7.94872],[111.55808,-7.94879],[111.55862,-7.94871],[111.55926,-7.94847],[111.5596,-7.94825],[111.56014,-7.9476],[111.56019,-7.94741],[111.56018,-7.94713],[111.56026,-7.94698],[111.56014,-7.94682],[111.55953,-7.94643],[111.55909,-7.94566],[111.5589,-7.94518],[111.55886,-7.94492],[111.55917,-7.94457],[111.55976,-7.94416],[111.56007,-7.94389],[111.56049,-7.94362],[111.56146,-7.94282],[111.56197,-7.94304]]]}},{"type":"Feature","properties":{"ptnsbjname":"-","namobj":"Sawah Irigasi Lebih Dari 2x Padi/thn","_cls":"Sawah Irigasi Lebih Dari 2x Padi/thn"},"geometry":{"type":"Polygon","coordinates":[[[111.53272,-7.97406],[111.53291,-7.97482],[111.53351,-7.97482],[111.53354,-7.975],[111.53363,-7.97511],[111.53379,-7.97523],[111.53386,-7.97544],[111.53412,-7.97545],[111.53427,-7.97541],[111.53429,-7.9752],[111.53432,-7.97511],[111.53444,-7.97505],[111.5345,-7.97461],[111.5345,-7.97442],[111.53446,-7.97426],[111.53421,-7.97413],[111.53423,-7.97383],[111.53437,-7.97376],[111.53468,-7.97378],[111.53478,-7.97409],[111.5352,-7.97422],[111.53518,-7.97457],[111.53522,-7.97491],[111.53519,-7.97512],[111.53512,-7.97526],[111.53512,-7.97541],[111.53507,-7.97567],[111.53511,-7.97574],[111.53528,-7.97575],[111.53527,-7.9759],[111.53519,-7.97602],[111.53505,-7.97602],[111.53498,-7.97609],[111.53497,-7.97648],[111.535,-7.97669],[111.53456,-7.97672],[111.53456,-7.97692],[111.53419,-7.97695],[111.5341,-7.9767],[111.53379,-7.97663],[111.53378,-7.97639],[111.53353,-7.97639],[111.5332,-7.97665],[111.53314,-7.97675],[111.53312,-7.97687],[111.53293,-7.97688],[111.53283,-7.9768],[111.53288,-7.97626],[111.53294,-7.97612],[111.53344,-7.97608],[111.53336,-7.97556],[111.53226,-7.97563],[111.5323,-7.97599],[111.53187,-7.97601],[111.5318,-7.97607],[111.53158,-7.97611],[111.53149,-7.97651],[111.53153,-7.97684],[111.53183,-7.9769],[111.53174,-7.97721],[111.53096,-7.97706],[111.53095,-7.97689],[111.53103,-7.97615],[111.53086,-7.97554],[111.53091,-7.9752],[111.53133,-7.97519],[111.53135,-7.97505],[111.53152,-7.97498],[111.53156,-7.97378],[111.5318,-7.97383],[111.53187,-7.97417],[111.53217,-7.97416],[111.53212,-7.97349],[111.53196,-7.97349],[111.53183,-7.97295],[111.53173,-7.97268],[111.53224,-7.97306],[111.53266,-7.97317],[111.53266,-7.97329],[111.53245,-7.97335],[111.53238,-7.97351],[111.53236,-7.97375],[111.53241,-7.97401],[111.53272,-7.97406]]]}},{"type":"Feature","properties":{"ptnsbjname":"-","namobj":"Semak","_cls":"Semak"},"geometry":{"type":"Polygon","coordinates":[[[111.57658,-7.93551],[111.57657,-7.93555],[111.57657,-7.93552],[111.57658,-7.93551]]]}},{"type":"Feature","properties":{"ptnsbjname":"-","namobj":"Semak","_cls":"Semak"},"geometry":{"type":"Polygon","coordinates":[[[111.57823,-7.93583],[111.57818,-7.93586],[111.57824,-7.93581],[111.57823,-7.93583]]]}},{"type":"Feature","properties":{"ptnsbjname":"-","namobj":"Semak","_cls":"Semak"},"geometry":{"type":"Polygon","coordinates":[[[111.57575,-7.93679],[111.57577,-7.93677],[111.5758,-7.93676],[111.57575,-7.93679]]]}},{"type":"Feature","properties":{"ptnsbjname":"-","namobj":"Semak","_cls":"Semak"},"geometry":{"type":"Polygon","coordinates":[[[111.56672,-7.94253],[111.56671,-7.94251],[111.56675,-7.94247],[111.56672,-7.94253]]]}},{"type":"Feature","properties":{"ptnsbjname":"-","namobj":"Semak","_cls":"Semak"},"geometry":{"type":"Polygon","coordinates":[[[111.56197,-7.94304],[111.56146,-7.94282],[111.56162,-7.94278],[111.5617,-7.94281],[111.56197,-7.94304]]]}},{"type":"Feature","properties":{"ptnsbjname":"-","namobj":"Semak","_cls":"Semak"},"geometry":{"type":"Polygon","coordinates":[[[111.53308,-7.95199],[111.53308,-7.95211],[111.53291,-7.95236],[111.53281,-7.95235],[111.53218,-7.95195],[111.53248,-7.95213],[111.53264,-7.95217],[111.53288,-7.95214],[111.53308,-7.95199]]]}},{"type":"Feature","properties":{"ptnsbjname":"-","namobj":"Semak","_cls":"Semak"},"geometry":{"type":"Polygon","coordinates":[[[111.53992,-7.95058],[111.5401,-7.95065],[111.53994,-7.9506],[111.53992,-7.95058]]]}},{"type":"Feature","properties":{"ptnsbjname":"-","namobj":"Semak","_cls":"Semak"},"geometry":{"type":"Polygon","coordinates":[[[111.53408,-7.95086],[111.53434,-7.9506],[111.53466,-7.95048],[111.53463,-7.95053],[111.5344,-7.95062],[111.53408,-7.95086]]]}},{"type":"Feature","properties":{"ptnsbjname":"-","namobj":"Semak","_cls":"Semak"},"geometry":{"type":"Polygon","coordinates":[[[111.53679,-7.9488],[111.53716,-7.94891],[111.53744,-7.94906],[111.53695,-7.9489],[111.53678,-7.9489],[111.53659,-7.94886],[111.53632,-7.94889],[111.53611,-7.94903],[111.53603,-7.94911],[111.536,-7.94929],[111.53603,-7.9494],[111.53616,-7.94962],[111.53618,-7.94993],[111.53612,-7.95011],[111.53595,-7.95026],[111.53568,-7.95039],[111.53466,-7.95079],[111.53446,-7.95096],[111.53325,-7.95225],[111.53312,-7.95235],[111.53291,-7.95236],[111.53308,-7.95211],[111.53308,-7.952],[111.53317,-7.95182],[111.5337,-7.95121],[111.53388,-7.95096],[111.53414,-7.95084],[111.5344,-7.95062],[111.53463,-7.95053],[111.53472,-7.95044],[111.53539,-7.95045],[111.53567,-7.95029],[111.53602,-7.95002],[111.53604,-7.94991],[111.53597,-7.94972],[111.53581,-7.94944],[111.53582,-7.9492],[111.5358,-7.94907],[111.53588,-7.94895],[111.53609,-7.94886],[111.53645,-7.94879],[111.53679,-7.9488]]]}},{"type":"Feature","properties":{"ptnsbjname":"-","namobj":"Semak","_cls":"Semak"},"geometry":{"type":"Polygon","coordinates":[[[111.53482,-7.95043],[111.53564,-7.95009],[111.5358,-7.94995],[111.5359,-7.94966],[111.5359,-7.9496],[111.53597,-7.94972],[111.53604,-7.94997],[111.53585,-7.95017],[111.53539,-7.95045],[111.53482,-7.95043]]]}},{"type":"Feature","properties":{"ptnsbjname":"-","namobj":"Semak","_cls":"Semak"},"geometry":{"type":"Polygon","coordinates":[[[111.53788,-7.94942],[111.53851,-7.94973],[111.53862,-7.94981],[111.53788,-7.94942]]]}},{"type":"Feature","properties":{"ptnsbjname":"-","namobj":"Semak","_cls":"Semak"},"geometry":{"type":"Polygon","coordinates":[[[111.61999,-7.95562],[111.61999,-7.95556],[111.62001,-7.95558],[111.61999,-7.95562]]]}},{"type":"Feature","properties":{"ptnsbjname":"-","namobj":"Semak","_cls":"Semak"},"geometry":{"type":"Polygon","coordinates":[[[111.55007,-7.99936],[111.54681,-7.99931],[111.54681,-7.99931],[111.55007,-7.99936]]]}},{"type":"Feature","properties":{"ptnsbjname":"-","namobj":"Semak","_cls":"Semak"},"geometry":{"type":"Polygon","coordinates":[[[111.54384,-7.99926],[111.54384,-7.99926],[111.54384,-7.99926],[111.54384,-7.99926]]]}},{"type":"Feature","properties":{"ptnsbjname":"-","namobj":"Semak","_cls":"Semak"},"geometry":{"type":"Polygon","coordinates":[[[111.62409,-7.96456],[111.62409,-7.96474],[111.62409,-7.96465],[111.62409,-7.96456]]]}},{"type":"Feature","properties":{"ptnsbjname":"-","namobj":"Semak","_cls":"Semak"},"geometry":{"type":"Polygon","coordinates":[[[111.55385,-7.94916],[111.55438,-7.94967],[111.55447,-7.94996],[111.55361,-7.94914],[111.55385,-7.94916]]]}},{"type":"Feature","properties":{"ptnsbjname":"-","namobj":"Semak","_cls":"Semak"},"geometry":{"type":"Polygon","coordinates":[[[111.53678,-7.9489],[111.53621,-7.94899],[111.53611,-7.94906],[111.5361,-7.94913],[111.5362,-7.94949],[111.53622,-7.94982],[111.53618,-7.94993],[111.53615,-7.94957],[111.53603,-7.9494],[111.536,-7.94929],[111.53603,-7.94911],[111.53632,-7.94889],[111.53659,-7.94886],[111.53678,-7.9489]]]}},{"type":"Feature","properties":{"ptnsbjname":"-","namobj":"2x Padi + Palawija/thn","_cls":"2x Padi + Palawija/thn"},"geometry":{"type":"Polygon","coordinates":[[[111.55652,-7.93025],[111.55615,-7.93026],[111.55601,-7.93038],[111.55601,-7.93061],[111.55582,-7.93061],[111.55546,-7.93035],[111.55467,-7.93056],[111.55456,-7.93031],[111.55438,-7.92926],[111.55428,-7.92885],[111.55431,-7.92846],[111.55555,-7.92837],[111.55592,-7.92838],[111.55597,-7.92768],[111.55594,-7.92754],[111.55614,-7.92746],[111.55643,-7.92761],[111.55669,-7.92767],[111.55691,-7.9278],[111.55731,-7.92781],[111.55753,-7.92764],[111.55788,-7.92746],[111.55836,-7.92749],[111.55898,-7.9279],[111.55916,-7.92811],[111.55942,-7.92831],[111.56028,-7.92916],[111.56033,-7.93018],[111.5605,-7.93054],[111.56049,-7.93071],[111.56025,-7.93088],[111.55988,-7.93094],[111.55902,-7.93088],[111.55841,-7.93078],[111.55788,-7.93064],[111.55758,-7.93048],[111.55735,-7.93026],[111.55692,-7.93018],[111.55652,-7.93025]]]}},{"type":"Feature","properties":{"ptnsbjname":"Kd, Uk, Kt","namobj":"Tegalan/Ladang","_cls":"Tegalan/Ladang"},"geometry":{"type":"Polygon","coordinates":[[[111.53616,-7.98243],[111.53611,-7.9831],[111.53606,-7.98329],[111.53584,-7.98333],[111.53578,-7.98307],[111.5357,-7.98304],[111.53537,-7.98303],[111.53531,-7.98335],[111.53499,-7.98336],[111.53494,-7.98353],[111.53469,-7.98357],[111.53452,-7.98356],[111.53436,-7.9835],[111.53434,-7.9836],[111.53417,-7.98359],[111.53423,-7.98238],[111.53504,-7.98245],[111.53518,-7.98218],[111.53603,-7.98238],[111.53616,-7.98243]]]}},{"type":"Feature","properties":{"ptnsbjname":"-","namobj":"2x Padi + Palawija/thn","_cls":"2x Padi + Palawija/thn"},"geometry":{"type":"Polygon","coordinates":[[[111.53572,-7.95621],[111.53567,-7.95633],[111.53496,-7.95636],[111.53386,-7.95625],[111.53327,-7.95625],[111.53302,-7.95703],[111.53297,-7.95707],[111.53251,-7.95711],[111.53274,-7.9566],[111.53289,-7.95616],[111.53448,-7.95624],[111.53482,-7.95621],[111.53517,-7.95592],[111.53531,-7.95594],[111.53546,-7.95602],[111.53559,-7.95604],[111.53572,-7.95621]]]}},{"type":"Feature","properties":{"ptnsbjname":"-","namobj":"Kampung Jarang Tidak Teratur","_cls":"Kampung Jarang Tidak Teratur"},"geometry":{"type":"Polygon","coordinates":[[[111.57515,-7.97269],[111.57643,-7.97365],[111.57675,-7.97394],[111.57685,-7.97408],[111.57689,-7.97423],[111.57685,-7.97432],[111.57651,-7.97456],[111.5764,-7.97475],[111.57595,-7.97668],[111.57593,-7.97699],[111.57598,-7.97717],[111.57612,-7.97743],[111.57629,-7.97766],[111.57685,-7.97808],[111.57711,-7.97835],[111.57717,-7.97852],[111.57714,-7.97895],[111.57657,-7.97855],[111.5764,-7.97904],[111.57579,-7.97889],[111.57553,-7.97908],[111.57539,-7.97936],[111.57523,-7.98007],[111.57508,-7.9805],[111.57495,-7.98148],[111.57479,-7.98218],[111.57458,-7.98204],[111.57388,-7.98192],[111.57356,-7.98176],[111.57314,-7.98252],[111.57308,-7.98293],[111.57271,-7.98281],[111.57267,-7.98272],[111.5724,-7.98265],[111.57236,-7.98255],[111.57218,-7.9825],[111.57182,-7.9825],[111.57151,-7.98233],[111.57151,-7.98212],[111.57171,-7.98207],[111.57194,-7.98186],[111.57194,-7.98167],[111.57204,-7.98145],[111.57201,-7.98112],[111.57205,-7.97988],[111.57201,-7.97961],[111.57207,-7.9792],[111.57206,-7.97875],[111.57217,-7.97868],[111.57248,-7.97868],[111.5726,-7.97805],[111.57282,-7.97646],[111.57242,-7.97655],[111.5723,-7.97672],[111.57219,-7.97674],[111.57214,-7.97682],[111.5721,-7.97718],[111.57198,-7.97722],[111.57186,-7.97723],[111.57177,-7.97716],[111.57149,-7.97708],[111.57133,-7.97695],[111.57126,-7.97679],[111.57058,-7.97666],[111.57049,-7.97701],[111.57042,-7.9771],[111.57023,-7.97711],[111.57018,-7.97723],[111.5699,-7.97723],[111.56977,-7.97714],[111.56972,-7.97713],[111.56948,-7.97685],[111.56944,-7.97664],[111.5697,-7.97643],[111.56974,-7.97632],[111.56972,-7.97596],[111.57019,-7.97588],[111.57022,-7.9757],[111.56974,-7.9756],[111.56977,-7.9754],[111.56989,-7.97523],[111.57009,-7.97526],[111.57016,-7.9752],[111.57019,-7.975],[111.56979,-7.97492],[111.5691,-7.97469],[111.56916,-7.97427],[111.56872,-7.97418],[111.56844,-7.974],[111.56846,-7.97393],[111.56875,-7.97394],[111.56875,-7.97378],[111.56868,-7.97374],[111.56843,-7.97367],[111.56823,-7.97368],[111.56813,-7.97395],[111.56804,-7.97405],[111.56771,-7.97394],[111.56764,-7.97383],[111.5676,-7.97365],[111.56746,-7.97359],[111.56725,-7.97356],[111.5671,-7.97384],[111.56692,-7.9738],[111.56698,-7.97354],[111.56673,-7.97344],[111.56668,-7.97335],[111.56678,-7.97304],[111.56644,-7.97294],[111.56629,-7.97327],[111.56648,-7.97345],[111.56648,-7.97363],[111.56637,-7.9738],[111.56649,-7.97389],[111.56648,-7.97405],[111.56693,-7.97422],[111.56686,-7.97443],[111.56642,-7.97441],[111.56613,-7.97429],[111.56612,-7.97387],[111.56597,-7.97388],[111.56598,-7.97426],[111.56562,-7.97422],[111.56557,-7.97449],[111.56581,-7.97456],[111.56587,-7.97479],[111.56582,-7.97513],[111.56559,-7.97517],[111.56546,-7.97532],[111.56524,-7.97568],[111.5651,-7.9758],[111.56478,-7.97561],[111.56488,-7.97517],[111.56476,-7.97502],[111.56474,-7.97479],[111.56448,-7.97462],[111.56451,-7.97449],[111.56479,-7.97447],[111.56501,-7.97419],[111.56511,-7.97411],[111.56524,-7.97376],[111.56519,-7.97369],[111.56502,-7.97363],[111.56487,-7.97368],[111.56469,-7.9738],[111.56461,-7.9738],[111.56445,-7.97367],[111.56449,-7.97349],[111.56464,-7.97344],[111.5647,-7.97332],[111.5648,-7.97327],[111.56497,-7.97321],[111.56498,-7.97309],[111.56483,-7.97291],[111.56483,-7.9728],[111.56462,-7.97268],[111.56459,-7.9725],[111.56428,-7.97237],[111.56442,-7.9718],[111.5641,-7.97166],[111.56373,-7.97247],[111.56351,-7.97286],[111.56335,-7.97287],[111.56319,-7.97283],[111.5628,-7.97265],[111.56243,-7.97239],[111.56237,-7.97263],[111.56242,-7.97281],[111.56239,-7.97319],[111.56288,-7.97341],[111.56288,-7.97323],[111.56268,-7.9731],[111.56274,-7.97295],[111.56302,-7.97308],[111.56362,-7.97328],[111.56361,-7.97375],[111.56348,-7.97437],[111.56296,-7.97542],[111.56246,-7.97532],[111.56252,-7.97494],[111.56259,-7.97483],[111.56262,-7.97465],[111.56194,-7.97457],[111.56193,-7.97437],[111.56181,-7.97433],[111.56179,-7.97418],[111.56191,-7.97413],[111.56204,-7.97398],[111.56203,-7.97376],[111.56179,-7.97363],[111.56171,-7.97348],[111.56159,-7.97342],[111.56156,-7.97332],[111.56165,-7.97318],[111.56186,-7.97319],[111.56183,-7.97299],[111.56154,-7.97289],[111.56114,-7.97289],[111.56103,-7.97283],[111.56104,-7.97271],[111.56092,-7.97271],[111.56091,-7.97301],[111.56112,-7.97318],[111.56106,-7.97366],[111.561,-7.97377],[111.56023,-7.97359],[111.55996,-7.97348],[111.55995,-7.97295],[111.55984,-7.97268],[111.5597,-7.9726],[111.55949,-7.9726],[111.55919,-7.9725],[111.55901,-7.97267],[111.55898,-7.9726],[111.55872,-7.9725],[111.55868,-7.97219],[111.55862,-7.9721],[111.55845,-7.97202],[111.55809,-7.97197],[111.55787,-7.97186],[111.55784,-7.97175],[111.55768,-7.97173],[111.55769,-7.9715],[111.55725,-7.97141],[111.55721,-7.97136],[111.55717,-7.97095],[111.5571,-7.97089],[111.5571,-7.97079],[111.55718,-7.97074],[111.55721,-7.97059],[111.55677,-7.97053],[111.55626,-7.97028],[111.55604,-7.97009],[111.55593,-7.9699],[111.55595,-7.96958],[111.55606,-7.96894],[111.55762,-7.96842],[111.55779,-7.96848],[111.55779,-7.96807],[111.55758,-7.96795],[111.55752,-7.9678],[111.55758,-7.9677],[111.55778,-7.96767],[111.55785,-7.96737],[111.55804,-7.96737],[111.55805,-7.96745],[111.55835,-7.96748],[111.55838,-7.96766],[111.55846,-7.9678],[111.55852,-7.96787],[111.55863,-7.96788],[111.55865,-7.96803],[111.55837,-7.96807],[111.55824,-7.96812],[111.55817,-7.96822],[111.55818,-7.96837],[111.55852,-7.96837],[111.55857,-7.96855],[111.55853,-7.96875],[111.55882,-7.96885],[111.55893,-7.96862],[111.55913,-7.9686],[111.55953,-7.96875],[111.55965,-7.96875],[111.55978,-7.96865],[111.56024,-7.96881],[111.56033,-7.96901],[111.56056,-7.96902],[111.56062,-7.96872],[111.56074,-7.96843],[111.56089,-7.96841],[111.56105,-7.9685],[111.56128,-7.96915],[111.56164,-7.96951],[111.56192,-7.96971],[111.56186,-7.96994],[111.56245,-7.97016],[111.56258,-7.96981],[111.56305,-7.96985],[111.56312,-7.96953],[111.5629,-7.9694],[111.56256,-7.9691],[111.56244,-7.9689],[111.56225,-7.96872],[111.56209,-7.96848],[111.56224,-7.96829],[111.56261,-7.96833],[111.56286,-7.96821],[111.56295,-7.96808],[111.56297,-7.96795],[111.56281,-7.96785],[111.56246,-7.96776],[111.56215,-7.96759],[111.56212,-7.96746],[111.56214,-7.96728],[111.56211,-7.96718],[111.56181,-7.96713],[111.56168,-7.96704],[111.56174,-7.96677],[111.56222,-7.9668],[111.56269,-7.96694],[111.56306,-7.96721],[111.56324,-7.96725],[111.56341,-7.96725],[111.5637,-7.9671],[111.56384,-7.96707],[111.56399,-7.9671],[111.56421,-7.96752],[111.56431,-7.9676],[111.56487,-7.96786],[111.56526,-7.96812],[111.56531,-7.9682],[111.56536,-7.96834],[111.56544,-7.96838],[111.56552,-7.96832],[111.56566,-7.96833],[111.56588,-7.96852],[111.56595,-7.96817],[111.56682,-7.96838],[111.56695,-7.96796],[111.56713,-7.96792],[111.5672,-7.96799],[111.5672,-7.96822],[111.56725,-7.96832],[111.56758,-7.9684],[111.56793,-7.9683],[111.56821,-7.96842],[111.56835,-7.96852],[111.56834,-7.96864],[111.5682,-7.96868],[111.56824,-7.96877],[111.56848,-7.9689],[111.56868,-7.96907],[111.56885,-7.96914],[111.56894,-7.96934],[111.56898,-7.96957],[111.56893,-7.96964],[111.56865,-7.96975],[111.56857,-7.96984],[111.56849,-7.97025],[111.56867,-7.97034],[111.56918,-7.97071],[111.5697,-7.97112],[111.57017,-7.97159],[111.57018,-7.97142],[111.57012,-7.97116],[111.57016,-7.971],[111.57023,-7.97082],[111.57032,-7.97074],[111.57049,-7.97074],[111.57057,-7.97091],[111.57059,-7.97104],[111.57085,-7.97129],[111.57115,-7.97138],[111.57112,-7.97158],[111.57124,-7.97206],[111.57173,-7.97232],[111.57186,-7.97246],[111.57172,-7.97273],[111.5716,-7.97311],[111.57203,-7.97323],[111.57202,-7.97306],[111.57215,-7.97305],[111.57216,-7.97294],[111.57211,-7.97287],[111.57225,-7.97254],[111.57247,-7.97254],[111.57277,-7.97269],[111.57289,-7.97279],[111.57293,-7.97291],[111.57302,-7.97297],[111.57321,-7.97301],[111.57344,-7.97301],[111.57363,-7.97309],[111.57362,-7.97209],[111.57368,-7.97172],[111.57383,-7.97139],[111.57419,-7.97165],[111.57464,-7.97209],[111.57515,-7.97269]],[[111.56531,-7.96951],[111.56511,-7.96929],[111.56489,-7.9692],[111.56468,-7.96907],[111.56463,-7.96892],[111.56414,-7.96856],[111.5641,-7.96848],[111.56395,-7.96838],[111.56378,-7.96833],[111.56363,-7.96859],[111.56356,-7.9689],[111.56351,-7.96918],[111.56349,-7.96964],[111.56369,-7.96974],[111.56385,-7.96959],[111.56426,-7.96953],[111.56441,-7.96955],[111.56447,-7.96974],[111.56447,-7.96986],[111.56454,-7.96999],[111.56456,-7.97032],[111.56471,-7.97041],[111.56491,-7.97034],[111.56512,-7.97017],[111.56507,-7.96995],[111.56499,-7.96981],[111.56513,-7.96984],[111.56527,-7.96997],[111.56548,-7.97007],[111.56563,-7.96963],[111.56531,-7.96951]],[[111.57275,-7.97336],[111.57255,-7.97324],[111.57244,-7.97324],[111.57239,-7.97334],[111.57232,-7.97338],[111.57228,-7.9737],[111.57193,-7.97376],[111.57184,-7.97387],[111.57235,-7.97411],[111.57311,-7.9743],[111.57368,-7.9745],[111.57366,-7.97389],[111.57349,-7.97384],[111.57337,-7.97371],[111.57322,-7.97328],[111.57303,-7.97326],[111.57293,-7.97335],[111.57275,-7.97336]]]}},{"type":"Feature","properties":{"ptnsbjname":"-","namobj":"Kampung Jarang Tidak Teratur","_cls":"Kampung Jarang Tidak Teratur"},"geometry":{"type":"MultiPolygon","coordinates":[[[[111.53596,-7.96686],[111.53598,-7.96735],[111.53554,-7.96731],[111.53553,-7.96702],[111.53525,-7.96697],[111.53501,-7.96808],[111.53479,-7.96803],[111.53471,-7.96784],[111.53448,-7.96775],[111.53447,-7.96752],[111.53456,-7.96708],[111.53482,-7.96702],[111.53497,-7.9668],[111.53596,-7.96686]]],[[[111.53597,-7.95613],[111.53569,-7.95632],[111.53576,-7.95613],[111.53597,-7.95613]]],[[[111.53612,-7.95601],[111.53608,-7.95604],[111.53614,-7.956],[111.53612,-7.95601]]]]}},{"type":"Feature","properties":{"ptnsbjname":"-","namobj":"Kampung Jarang Tidak Teratur","_cls":"Kampung Jarang Tidak Teratur"},"geometry":{"type":"Polygon","coordinates":[[[111.54295,-7.95307],[111.543,-7.95294],[111.54302,-7.95268],[111.5431,-7.95238],[111.54327,-7.9521],[111.54338,-7.952],[111.54357,-7.95198],[111.54328,-7.95221],[111.54316,-7.9524],[111.54302,-7.95305],[111.54295,-7.95307]]]}},{"type":"Feature","properties":{"ptnsbjname":"-","namobj":"Kampung Jarang Tidak Teratur","_cls":"Kampung Jarang Tidak Teratur"},"geometry":{"type":"Polygon","coordinates":[[[111.54943,-7.9513],[111.54953,-7.95106],[111.54961,-7.95089],[111.5496,-7.95099],[111.54943,-7.9513]]]}},{"type":"Feature","properties":{"ptnsbjname":"-","namobj":"Kampung Jarang Tidak Teratur","_cls":"Kampung Jarang Tidak Teratur"},"geometry":{"type":"Polygon","coordinates":[[[111.54606,-7.96025],[111.54543,-7.9602],[111.54541,-7.96008],[111.54535,-7.96001],[111.54523,-7.96004],[111.54523,-7.96018],[111.54451,-7.96011],[111.54445,-7.96019],[111.54442,-7.95961],[111.54434,-7.95901],[111.54363,-7.95871],[111.54307,-7.9584],[111.54291,-7.95825],[111.54287,-7.9581],[111.5429,-7.95769],[111.54261,-7.95653],[111.54265,-7.95463],[111.54248,-7.95386],[111.54218,-7.95319],[111.54249,-7.9533],[111.54254,-7.95339],[111.54266,-7.95338],[111.54273,-7.95345],[111.54286,-7.95348],[111.543,-7.95346],[111.54301,-7.95353],[111.54321,-7.95322],[111.54334,-7.95248],[111.54352,-7.95219],[111.54362,-7.95208],[111.54391,-7.95204],[111.5445,-7.95234],[111.54458,-7.95243],[111.54485,-7.9526],[111.54515,-7.95287],[111.54563,-7.95298],[111.54596,-7.95296],[111.54688,-7.95269],[111.54904,-7.95198],[111.5493,-7.95188],[111.54948,-7.95174],[111.54973,-7.95108],[111.55012,-7.95034],[111.55079,-7.95112],[111.55052,-7.95163],[111.55006,-7.95233],[111.54969,-7.953],[111.54971,-7.9531],[111.55019,-7.95304],[111.55122,-7.95326],[111.55178,-7.95333],[111.55176,-7.95376],[111.55152,-7.95534],[111.55124,-7.95541],[111.55078,-7.95539],[111.54999,-7.95525],[111.54901,-7.9552],[111.54856,-7.95513],[111.54854,-7.95584],[111.54858,-7.95687],[111.54852,-7.9575],[111.54878,-7.95752],[111.54888,-7.95732],[111.5492,-7.95734],[111.54925,-7.95751],[111.54964,-7.95766],[111.54967,-7.95784],[111.5498,-7.95794],[111.54985,-7.9581],[111.55007,-7.95813],[111.55018,-7.95797],[111.55037,-7.95796],[111.55038,-7.95814],[111.55028,-7.95838],[111.55029,-7.95865],[111.55022,-7.95868],[111.55011,-7.95976],[111.55,-7.9599],[111.54982,-7.96],[111.54967,-7.96],[111.5493,-7.95979],[111.54914,-7.95976],[111.54873,-7.95976],[111.54858,-7.95981],[111.5484,-7.95981],[111.54815,-7.95988],[111.54801,-7.95979],[111.54801,-7.95964],[111.54812,-7.95952],[111.54812,-7.95937],[111.54792,-7.95927],[111.54787,-7.95906],[111.54778,-7.95899],[111.54771,-7.95899],[111.54758,-7.95912],[111.54747,-7.95909],[111.54731,-7.95892],[111.54706,-7.95878],[111.54686,-7.95874],[111.5468,-7.95883],[111.54666,-7.95886],[111.54623,-7.95875],[111.54616,-7.95869],[111.54615,-7.95845],[111.54601,-7.95838],[111.54596,-7.95842],[111.54571,-7.95898],[111.54569,-7.95914],[111.5458,-7.9592],[111.54596,-7.95921],[111.54605,-7.95929],[111.54611,-7.95943],[111.54601,-7.96008],[111.54606,-7.96025]]]}},{"type":"Feature","properties":{"ptnsbjname":"-","namobj":"Kampung Jarang Tidak Teratur","_cls":"Kampung Jarang Tidak Teratur"},"geometry":{"type":"Polygon","coordinates":[[[111.59015,-8.00114],[111.59005,-8.00156],[111.58892,-8.00122],[111.58856,-8.00095],[111.58835,-8.00084],[111.58788,-8.00067],[111.58718,-8.00049],[111.58681,-8.00034],[111.58612,-8.00025],[111.58616,-7.9998],[111.58862,-7.99984],[111.58863,-7.9999],[111.58954,-8.00022],[111.58954,-8.00045],[111.59015,-8.00055],[111.59004,-8.00109],[111.59015,-8.00114]]]}},{"type":"Feature","properties":{"ptnsbjname":"-","namobj":"Kampung Jarang Tidak Teratur","_cls":"Kampung Jarang Tidak Teratur"},"geometry":{"type":"Polygon","coordinates":[[[111.54185,-7.9932],[111.54199,-7.99356],[111.54207,-7.99392],[111.54209,-7.99425],[111.54164,-7.99418],[111.5416,-7.9941],[111.54116,-7.99408],[111.54111,-7.99404],[111.5411,-7.99383],[111.54128,-7.99379],[111.54129,-7.99361],[111.54118,-7.99354],[111.541,-7.99352],[111.54099,-7.9934],[111.54107,-7.99334],[111.54113,-7.99319],[111.54138,-7.99316],[111.54162,-7.99321],[111.5417,-7.99316],[111.54185,-7.9932]]]}},{"type":"Feature","properties":{"ptnsbjname":"-","namobj":"Kampung Jarang Tidak Teratur","_cls":"Kampung Jarang Tidak Teratur"},"geometry":{"type":"Polygon","coordinates":[[[111.57268,-8.00806],[111.57213,-8.0093],[111.57177,-8.0105],[111.57136,-8.01053],[111.57143,-8.00869],[111.57098,-8.00882],[111.57101,-8.00919],[111.57095,-8.01053],[111.57097,-8.01096],[111.57001,-8.01108],[111.56979,-8.01054],[111.5694,-8.01004],[111.56925,-8.00965],[111.57021,-8.00922],[111.57014,-8.0088],[111.57179,-8.0082],[111.57268,-8.00806]]]}},{"type":"Feature","properties":{"ptnsbjname":"-","namobj":"Kampung Jarang Tidak Teratur","_cls":"Kampung Jarang Tidak Teratur"},"geometry":{"type":"Polygon","coordinates":[[[111.58293,-8.00954],[111.58314,-8.01025],[111.58338,-8.01074],[111.58341,-8.0109],[111.58338,-8.01111],[111.58301,-8.01111],[111.58273,-8.01074],[111.5823,-8.00976],[111.58146,-8.01015],[111.58104,-8.01026],[111.58054,-8.00988],[111.58025,-8.00946],[111.58021,-8.00924],[111.58023,-8.00862],[111.58033,-8.00771],[111.58133,-8.00792],[111.58108,-8.00846],[111.5813,-8.00879],[111.5825,-8.00886],[111.58265,-8.00892],[111.58293,-8.00954]]]}},{"type":"Feature","properties":{"ptnsbjname":"-","namobj":"Kampung Jarang Tidak Teratur","_cls":"Kampung Jarang Tidak Teratur"},"geometry":{"type":"Polygon","coordinates":[[[111.56859,-8.00825],[111.56851,-8.00898],[111.56844,-8.0092],[111.56836,-8.00932],[111.56843,-8.0092],[111.56789,-8.00919],[111.56761,-8.00938],[111.56747,-8.00888],[111.56714,-8.00801],[111.56848,-8.00701],[111.56862,-8.0072],[111.56803,-8.00777],[111.56779,-8.00821],[111.56859,-8.00825]]]}},{"type":"Feature","properties":{"ptnsbjname":"-","namobj":"Kampung Jarang Tidak Teratur","_cls":"Kampung Jarang Tidak Teratur"},"geometry":{"type":"Polygon","coordinates":[[[111.6047,-8.00682],[111.60423,-8.00724],[111.60337,-8.00677],[111.60276,-8.00725],[111.60349,-8.00777],[111.60312,-8.00838],[111.60296,-8.00835],[111.60237,-8.00804],[111.60203,-8.00736],[111.60204,-8.00653],[111.60271,-8.0056],[111.60304,-8.00538],[111.60385,-8.00523],[111.60393,-8.00564],[111.60435,-8.00588],[111.60417,-8.00662],[111.6047,-8.00682]]]}},{"type":"Feature","properties":{"ptnsbjname":"-","namobj":"Kampung Jarang Tidak Teratur","_cls":"Kampung Jarang Tidak Teratur"},"geometry":{"type":"Polygon","coordinates":[[[111.60821,-8.0061],[111.60803,-8.00613],[111.60786,-8.00609],[111.60705,-8.00668],[111.60724,-8.0068],[111.60682,-8.00758],[111.60652,-8.008],[111.60617,-8.00822],[111.60644,-8.00867],[111.60718,-8.00935],[111.60795,-8.00978],[111.60776,-8.01031],[111.60713,-8.01015],[111.60622,-8.00963],[111.60542,-8.009],[111.60517,-8.00875],[111.60508,-8.00853],[111.60482,-8.00855],[111.60559,-8.00788],[111.60531,-8.00732],[111.6053,-8.00697],[111.60576,-8.00672],[111.60647,-8.00702],[111.60648,-8.00632],[111.60617,-8.00614],[111.60607,-8.0057],[111.60595,-8.00537],[111.60628,-8.00491],[111.60706,-8.00511],[111.60815,-8.00532],[111.60859,-8.00464],[111.60899,-8.00466],[111.60874,-8.00542],[111.60821,-8.0061]]]}},{"type":"Feature","properties":{"ptnsbjname":"-","namobj":"Kampung Jarang Tidak Teratur","_cls":"Kampung Jarang Tidak Teratur"},"geometry":{"type":"Polygon","coordinates":[[[111.58324,-8.00516],[111.58252,-8.00551],[111.58235,-8.00539],[111.58217,-8.00536],[111.58195,-8.00541],[111.58244,-8.00484],[111.58314,-8.00438],[111.58391,-8.00477],[111.58378,-8.0051],[111.58324,-8.00516]]]}},{"type":"Feature","properties":{"ptnsbjname":"-","namobj":"Kampung Jarang Tidak Teratur","_cls":"Kampung Jarang Tidak Teratur"},"geometry":{"type":"Polygon","coordinates":[[[111.62526,-8.00505],[111.62506,-8.00523],[111.62478,-8.00555],[111.62451,-8.00593],[111.62398,-8.00657],[111.62342,-8.00616],[111.62337,-8.00532],[111.6237,-8.0045],[111.62414,-8.00379],[111.62496,-8.00454],[111.62526,-8.00505]]]}},{"type":"Feature","properties":{"ptnsbjname":"-","namobj":"Kampung Jarang Tidak Teratur","_cls":"Kampung Jarang Tidak Teratur"},"geometry":{"type":"Polygon","coordinates":[[[111.61719,-8.00378],[111.61778,-8.00387],[111.61813,-8.00376],[111.6184,-8.004],[111.61861,-8.00433],[111.61876,-8.00464],[111.61809,-8.00497],[111.61763,-8.00499],[111.61738,-8.0049],[111.61675,-8.00456],[111.61661,-8.00402],[111.61661,-8.00355],[111.61715,-8.00365],[111.61719,-8.00378]]]}},{"type":"Feature","properties":{"ptnsbjname":"-","namobj":"Kampung Jarang Tidak Teratur","_cls":"Kampung Jarang Tidak Teratur"},"geometry":{"type":"Polygon","coordinates":[[[111.57275,-8.00468],[111.57156,-8.0048],[111.57094,-8.00482],[111.57059,-8.00491],[111.57041,-8.00505],[111.57052,-8.00518],[111.57195,-8.00599],[111.57137,-8.00611],[111.57045,-8.00584],[111.57014,-8.00637],[111.56971,-8.0064],[111.56954,-8.00666],[111.56909,-8.00648],[111.56884,-8.00674],[111.56858,-8.00694],[111.56847,-8.00673],[111.569,-8.00605],[111.56925,-8.00613],[111.56935,-8.00579],[111.56947,-8.00559],[111.56953,-8.00552],[111.56971,-8.00546],[111.56953,-8.00514],[111.56927,-8.00492],[111.57018,-8.00451],[111.57011,-8.00428],[111.57007,-8.00393],[111.57022,-8.00398],[111.57092,-8.00371],[111.57152,-8.00341],[111.57156,-8.00384],[111.57164,-8.0042],[111.5727,-8.00417],[111.57275,-8.00468]]]}},{"type":"Feature","properties":{"ptnsbjname":"-","namobj":"Kampung Jarang Tidak Teratur","_cls":"Kampung Jarang Tidak Teratur"},"geometry":{"type":"Polygon","coordinates":[[[111.55604,-8.00394],[111.55541,-8.00397],[111.55545,-8.00347],[111.55556,-8.0032],[111.55608,-8.00328],[111.5561,-8.00361],[111.55604,-8.00394]]]}},{"type":"Feature","properties":{"ptnsbjname":"-","namobj":"Kampung Jarang Tidak Teratur","_cls":"Kampung Jarang Tidak Teratur"},"geometry":{"type":"Polygon","coordinates":[[[111.60587,-8.00266],[111.60493,-8.00267],[111.60488,-8.00154],[111.60587,-8.00158],[111.60583,-8.00214],[111.60583,-8.00246],[111.60587,-8.00266]]]}},{"type":"Feature","properties":{"ptnsbjname":"-","namobj":"Kampung Jarang Tidak Teratur","_cls":"Kampung Jarang Tidak Teratur"},"geometry":{"type":"Polygon","coordinates":[[[111.57979,-8.00416],[111.5797,-8.00468],[111.57916,-8.00462],[111.57899,-8.00456],[111.57865,-8.00619],[111.57853,-8.00645],[111.57846,-8.00652],[111.57894,-8.00761],[111.57886,-8.00838],[111.57908,-8.00914],[111.57852,-8.00915],[111.5784,-8.00835],[111.57769,-8.00825],[111.57771,-8.00853],[111.57785,-8.00915],[111.57783,-8.00936],[111.57778,-8.00948],[111.57753,-8.00964],[111.57707,-8.00878],[111.57714,-8.00854],[111.57738,-8.00812],[111.57751,-8.00735],[111.57688,-8.00749],[111.57645,-8.00746],[111.57625,-8.00704],[111.57641,-8.00663],[111.57653,-8.00652],[111.57663,-8.0065],[111.57668,-8.00653],[111.57727,-8.00639],[111.57739,-8.0061],[111.5777,-8.00614],[111.57776,-8.00609],[111.57791,-8.00579],[111.57741,-8.00565],[111.57695,-8.00547],[111.57812,-8.00412],[111.57904,-8.00417],[111.57918,-8.00308],[111.57927,-8.00302],[111.57933,-8.00291],[111.57944,-8.00255],[111.57954,-8.00234],[111.57996,-8.00173],[111.57973,-8.00158],[111.58051,-8.00072],[111.58118,-8.00104],[111.58086,-8.00153],[111.58027,-8.00221],[111.57985,-8.00293],[111.57973,-8.00379],[111.57979,-8.00416]]]}},{"type":"Feature","properties":{"ptnsbjname":"-","namobj":"Kampung Jarang Tidak Teratur","_cls":"Kampung Jarang Tidak Teratur"},"geometry":{"type":"Polygon","coordinates":[[[111.62053,-8.00019],[111.62054,-8.00033],[111.62034,-8.00033],[111.6204,-8.00018],[111.62053,-8.00019]]]}},{"type":"Feature","properties":{"ptnsbjname":"-","namobj":"Kampung Jarang Tidak Teratur","_cls":"Kampung Jarang Tidak Teratur"},"geometry":{"type":"Polygon","coordinates":[[[111.57275,-8.00468],[111.57323,-8.00464],[111.5739,-8.00467],[111.57388,-8.00433],[111.57433,-8.00425],[111.57432,-8.00398],[111.57456,-8.00364],[111.57431,-8.00326],[111.57485,-8.00249],[111.57472,-8.00233],[111.57397,-8.00282],[111.57375,-8.00263],[111.57473,-8.0016],[111.57446,-8.00116],[111.57466,-8.0007],[111.57512,-8.00085],[111.57634,-8.00151],[111.57661,-8.00133],[111.577,-8.00147],[111.57717,-8.00101],[111.57723,-8.00014],[111.57776,-7.99998],[111.57772,-7.99963],[111.5785,-7.99964],[111.57833,-8.00032],[111.57871,-8.00053],[111.57849,-8.00168],[111.57824,-8.00241],[111.57757,-8.00297],[111.57705,-8.00329],[111.57642,-8.00289],[111.57606,-8.00327],[111.5765,-8.0037],[111.57608,-8.00411],[111.57566,-8.00367],[111.57547,-8.00385],[111.57494,-8.00456],[111.57502,-8.00489],[111.57369,-8.00505],[111.57358,-8.00523],[111.57289,-8.00535],[111.57275,-8.00468]]]}},{"type":"Feature","properties":{"ptnsbjname":"-","namobj":"Kampung Jarang Tidak Teratur","_cls":"Kampung Jarang Tidak Teratur"},"geometry":{"type":"Polygon","coordinates":[[[111.55517,-8.00286],[111.55527,-8.00229],[111.55592,-8.00197],[111.55581,-8.00141],[111.55591,-8.00131],[111.5561,-8.00071],[111.55632,-8.00036],[111.55658,-7.99959],[111.55665,-7.99951],[111.55672,-7.99948],[111.55862,-7.9995],[111.55855,-7.99979],[111.55842,-8.00008],[111.5584,-8.00091],[111.5583,-8.00098],[111.55788,-8.00058],[111.55778,-8.00057],[111.55771,-8.00061],[111.55762,-8.0007],[111.55742,-8.00122],[111.55698,-8.00183],[111.55681,-8.00235],[111.55631,-8.0026],[111.55573,-8.00284],[111.55517,-8.00286]]]}},{"type":"Feature","properties":{"ptnsbjname":"-","namobj":"Kampung Jarang Tidak Teratur","_cls":"Kampung Jarang Tidak Teratur"},"geometry":{"type":"Polygon","coordinates":[[[111.55862,-7.99949],[111.55667,-7.99948],[111.55687,-7.99932],[111.55841,-7.99905],[111.55856,-7.99917],[111.55865,-7.99937],[111.55862,-7.99949]]]}},{"type":"Feature","properties":{"ptnsbjname":"-","namobj":"Kampung Jarang Tidak Teratur","_cls":"Kampung Jarang Tidak Teratur"},"geometry":{"type":"Polygon","coordinates":[[[111.54124,-7.9976],[111.54165,-7.998],[111.54174,-7.99816],[111.54151,-7.99832],[111.54136,-7.99838],[111.54115,-7.99836],[111.54096,-7.9983],[111.54084,-7.99831],[111.54079,-7.99836],[111.54047,-7.99829],[111.53989,-7.99807],[111.53982,-7.99799],[111.53979,-7.99779],[111.53997,-7.99778],[111.54,-7.99782],[111.54026,-7.99786],[111.54035,-7.99782],[111.54055,-7.99781],[111.54064,-7.99758],[111.54107,-7.99756],[111.54124,-7.9976]]]}},{"type":"Feature","properties":{"ptnsbjname":"-","namobj":"Kampung Jarang Tidak Teratur","_cls":"Kampung Jarang Tidak Teratur"},"geometry":{"type":"Polygon","coordinates":[[[111.5628,-7.94397],[111.56298,-7.94397],[111.56318,-7.94403],[111.56351,-7.94422],[111.56373,-7.94429],[111.56404,-7.94433],[111.56467,-7.94428],[111.56545,-7.94401],[111.56554,-7.94375],[111.56621,-7.94331],[111.56579,-7.94398],[111.56546,-7.94416],[111.56559,-7.94444],[111.56554,-7.94454],[111.5653,-7.94464],[111.56494,-7.94489],[111.5643,-7.945],[111.56425,-7.9451],[111.56414,-7.94511],[111.5639,-7.94494],[111.56378,-7.9449],[111.56375,-7.94475],[111.56305,-7.94467],[111.56298,-7.94455],[111.56292,-7.94455],[111.56295,-7.94494],[111.56284,-7.94482],[111.56284,-7.94473],[111.56266,-7.94461],[111.56268,-7.94417],[111.5628,-7.94397]]]}},{"type":"Feature","properties":{"ptnsbjname":"-","namobj":"Kampung Jarang Tidak Teratur","_cls":"Kampung Jarang Tidak Teratur"},"geometry":{"type":"Polygon","coordinates":[[[111.53685,-7.99914],[111.53678,-7.99903],[111.5367,-7.99875],[111.53686,-7.99845],[111.53668,-7.99771],[111.5368,-7.99754],[111.53684,-7.99741],[111.53679,-7.9971],[111.53678,-7.99687],[111.53689,-7.99634],[111.53691,-7.99576],[111.53684,-7.99554],[111.53716,-7.99502],[111.53726,-7.99503],[111.53732,-7.99482],[111.53755,-7.99445],[111.53777,-7.99442],[111.53859,-7.99448],[111.53902,-7.99455],[111.53905,-7.99475],[111.53903,-7.99524],[111.53878,-7.99519],[111.53877,-7.99551],[111.53861,-7.99562],[111.53854,-7.99572],[111.5385,-7.99625],[111.53828,-7.99674],[111.53783,-7.99687],[111.53775,-7.99694],[111.53774,-7.99703],[111.53789,-7.99707],[111.53789,-7.99714],[111.53801,-7.99724],[111.53817,-7.99735],[111.53829,-7.99739],[111.5383,-7.99759],[111.53851,-7.99764],[111.53858,-7.99784],[111.53881,-7.99804],[111.53901,-7.99817],[111.53954,-7.99842],[111.53954,-7.99855],[111.53963,-7.99868],[111.53986,-7.99881],[111.53988,-7.9991],[111.5397,-7.99915],[111.53967,-7.99932],[111.53969,-7.99946],[111.53999,-7.9996],[111.53999,-7.99981],[111.53988,-8.00005],[111.53972,-8.00009],[111.53967,-8.00024],[111.53958,-8.0003],[111.53923,-8.0003],[111.53897,-8.00022],[111.53884,-8.00034],[111.5384,-8.00035],[111.5382,-8.00032],[111.53817,-8.00008],[111.53804,-7.99999],[111.53701,-7.99978],[111.53713,-7.99916],[111.5378,-7.99925],[111.5378,-7.99916],[111.53685,-7.99914]]]}},{"type":"Feature","properties":{"ptnsbjname":"-","namobj":"Kampung Jarang Tidak Teratur","_cls":"Kampung Jarang Tidak Teratur"},"geometry":{"type":"Polygon","coordinates":[[[111.54269,-7.9944],[111.5426,-7.99462],[111.54259,-7.99477],[111.54267,-7.99496],[111.54341,-7.99603],[111.54319,-7.99614],[111.54289,-7.99636],[111.54271,-7.99655],[111.54262,-7.99656],[111.54243,-7.99629],[111.54233,-7.99622],[111.54222,-7.9962],[111.54207,-7.99625],[111.54145,-7.99628],[111.54143,-7.99616],[111.54126,-7.99588],[111.54126,-7.99568],[111.54166,-7.99558],[111.54165,-7.99538],[111.54202,-7.99527],[111.54219,-7.99526],[111.54225,-7.99519],[111.54227,-7.9947],[111.54236,-7.99441],[111.54244,-7.99437],[111.54269,-7.9944]]]}},{"type":"Feature","properties":{"ptnsbjname":"-","namobj":"Kampung Jarang Tidak Teratur","_cls":"Kampung Jarang Tidak Teratur"},"geometry":{"type":"Polygon","coordinates":[[[111.53684,-7.99202],[111.53659,-7.99204],[111.53634,-7.99192],[111.53633,-7.99157],[111.53648,-7.99135],[111.53649,-7.9905],[111.53689,-7.9905],[111.53689,-7.99119],[111.53729,-7.99128],[111.53731,-7.99152],[111.53722,-7.9917],[111.53706,-7.99174],[111.53684,-7.99202]]]}},{"type":"Feature","properties":{"ptnsbjname":"-","namobj":"Kampung Jarang Tidak Teratur","_cls":"Kampung Jarang Tidak Teratur"},"geometry":{"type":"Polygon","coordinates":[[[111.53554,-7.99048],[111.53542,-7.99198],[111.535,-7.99191],[111.5345,-7.99176],[111.53449,-7.99158],[111.53468,-7.99041],[111.53523,-7.99041],[111.53554,-7.99048]]]}},{"type":"Feature","properties":{"ptnsbjname":"-","namobj":"Kampung Jarang Tidak Teratur","_cls":"Kampung Jarang Tidak Teratur"},"geometry":{"type":"Polygon","coordinates":[[[111.5493,-7.98962],[111.5494,-7.9897],[111.54946,-7.99],[111.54958,-7.9902],[111.54983,-7.99032],[111.55011,-7.99055],[111.5502,-7.99069],[111.55018,-7.99086],[111.55003,-7.99094],[111.54943,-7.99096],[111.54926,-7.99087],[111.54873,-7.99075],[111.54852,-7.99064],[111.5484,-7.99054],[111.54827,-7.99019],[111.54821,-7.98988],[111.54821,-7.98984],[111.54826,-7.98985],[111.54838,-7.98961],[111.54868,-7.98962],[111.54911,-7.98957],[111.5493,-7.98962]]]}},{"type":"Feature","properties":{"ptnsbjname":"-","namobj":"Kampung Jarang Tidak Teratur","_cls":"Kampung Jarang Tidak Teratur"},"geometry":{"type":"Polygon","coordinates":[[[111.57737,-7.93851],[111.57689,-7.93832],[111.57647,-7.93808],[111.57526,-7.93843],[111.57475,-7.93855],[111.57434,-7.93861],[111.57308,-7.93906],[111.57285,-7.93906],[111.57314,-7.93881],[111.57409,-7.93777],[111.57447,-7.93751],[111.57501,-7.9372],[111.57555,-7.93695],[111.57582,-7.93676],[111.5756,-7.93693],[111.57578,-7.93716],[111.57612,-7.93752],[111.57696,-7.93799],[111.57708,-7.9382],[111.57737,-7.93851]]]}},{"type":"Feature","properties":{"ptnsbjname":"-","namobj":"Kampung Jarang Tidak Teratur","_cls":"Kampung Jarang Tidak Teratur"},"geometry":{"type":"Polygon","coordinates":[[[111.54374,-7.93825],[111.54362,-7.93796],[111.54375,-7.93769],[111.54403,-7.93759],[111.54437,-7.93753],[111.54459,-7.93741],[111.54474,-7.93723],[111.54504,-7.93712],[111.54519,-7.93711],[111.54529,-7.93718],[111.54547,-7.93721],[111.54558,-7.93711],[111.54579,-7.937],[111.54615,-7.93699],[111.54633,-7.93694],[111.54642,-7.93685],[111.54634,-7.9364],[111.5465,-7.93632],[111.54681,-7.93633],[111.54691,-7.93646],[111.54766,-7.93647],[111.54786,-7.93651],[111.548,-7.93639],[111.54803,-7.93617],[111.54824,-7.93604],[111.54859,-7.93604],[111.54873,-7.93599],[111.54911,-7.93603],[111.54925,-7.93596],[111.54942,-7.93572],[111.54968,-7.93566],[111.55033,-7.93564],[111.55065,-7.93585],[111.55108,-7.93583],[111.55142,-7.93576],[111.55175,-7.93576],[111.55197,-7.93589],[111.55238,-7.93593],[111.55243,-7.93636],[111.55235,-7.93642],[111.5518,-7.93651],[111.55133,-7.9365],[111.55122,-7.93665],[111.55105,-7.93666],[111.55086,-7.93656],[111.5508,-7.93628],[111.55066,-7.93626],[111.55034,-7.93631],[111.54944,-7.93638],[111.54856,-7.93662],[111.5481,-7.93667],[111.54772,-7.93687],[111.54761,-7.93706],[111.54739,-7.93723],[111.54721,-7.93729],[111.54671,-7.9376],[111.54654,-7.93764],[111.54614,-7.93766],[111.5458,-7.9378],[111.54559,-7.93781],[111.54522,-7.93773],[111.54482,-7.9378],[111.54374,-7.93825]]]}},{"type":"Feature","properties":{"ptnsbjname":"-","namobj":"Kampung Jarang Tidak Teratur","_cls":"Kampung Jarang Tidak Teratur"},"geometry":{"type":"Polygon","coordinates":[[[111.5863,-7.93535],[111.58645,-7.93554],[111.58683,-7.93584],[111.58692,-7.93597],[111.58712,-7.9364],[111.58732,-7.93741],[111.58746,-7.93766],[111.58764,-7.93784],[111.58741,-7.93791],[111.5873,-7.93805],[111.58721,-7.93805],[111.58712,-7.93799],[111.58707,-7.93788],[111.58723,-7.93734],[111.58671,-7.93678],[111.58654,-7.93695],[111.58588,-7.93734],[111.5855,-7.93721],[111.58527,-7.93706],[111.58517,-7.93698],[111.58512,-7.93683],[111.58503,-7.9367],[111.58471,-7.93661],[111.58393,-7.93655],[111.58338,-7.93639],[111.58309,-7.93618],[111.58324,-7.93613],[111.58401,-7.93546],[111.58445,-7.93544],[111.58476,-7.93548],[111.5855,-7.93571],[111.58585,-7.93597],[111.5863,-7.93535]]]}},{"type":"Feature","properties":{"ptnsbjname":"-","namobj":"Kampung Jarang Tidak Teratur","_cls":"Kampung Jarang Tidak Teratur"},"geometry":{"type":"Polygon","coordinates":[[[111.55635,-7.93598],[111.55602,-7.93606],[111.55589,-7.93618],[111.55575,-7.93624],[111.55545,-7.93624],[111.55537,-7.93599],[111.55513,-7.93612],[111.555,-7.93637],[111.55475,-7.93639],[111.55413,-7.93655],[111.55406,-7.93628],[111.55328,-7.93629],[111.5532,-7.93614],[111.5528,-7.93611],[111.55276,-7.93601],[111.55278,-7.93578],[111.55334,-7.93582],[111.5536,-7.9359],[111.55412,-7.93592],[111.55442,-7.93599],[111.55474,-7.93597],[111.55501,-7.93586],[111.55521,-7.93559],[111.55534,-7.93556],[111.55581,-7.93554],[111.55584,-7.93547],[111.55593,-7.93543],[111.55619,-7.93542],[111.55642,-7.93529],[111.55678,-7.93527],[111.55692,-7.93543],[111.55698,-7.93569],[111.55698,-7.93586],[111.55679,-7.93592],[111.55635,-7.93598]]]}},{"type":"Feature","properties":{"ptnsbjname":"-","namobj":"Kampung Jarang Tidak Teratur","_cls":"Kampung Jarang Tidak Teratur"},"geometry":{"type":"Polygon","coordinates":[[[111.54672,-7.93452],[111.54679,-7.93477],[111.54679,-7.9349],[111.54655,-7.93503],[111.54641,-7.93526],[111.54614,-7.9354],[111.54598,-7.93555],[111.54525,-7.93577],[111.54485,-7.93597],[111.54478,-7.93591],[111.54471,-7.93568],[111.5446,-7.9357],[111.54441,-7.93591],[111.54438,-7.93625],[111.54418,-7.93634],[111.54377,-7.93629],[111.5432,-7.93649],[111.543,-7.93663],[111.54275,-7.93672],[111.54236,-7.93677],[111.54174,-7.93697],[111.54134,-7.93694],[111.54108,-7.93704],[111.54094,-7.93718],[111.5408,-7.93746],[111.54126,-7.93902],[111.54136,-7.93927],[111.53931,-7.9403],[111.53942,-7.94091],[111.53884,-7.94104],[111.53795,-7.9415],[111.53735,-7.94169],[111.53686,-7.94193],[111.53628,-7.94211],[111.53554,-7.94225],[111.53419,-7.94242],[111.53406,-7.94238],[111.53398,-7.94224],[111.5339,-7.94189],[111.53485,-7.94175],[111.53469,-7.94058],[111.53391,-7.94057],[111.53384,-7.94049],[111.53339,-7.93894],[111.53397,-7.93886],[111.53426,-7.93866],[111.53447,-7.93844],[111.5346,-7.93838],[111.53485,-7.93835],[111.53538,-7.93834],[111.53592,-7.93817],[111.537,-7.938],[111.53809,-7.93774],[111.5381,-7.93747],[111.53823,-7.93742],[111.53883,-7.9374],[111.53904,-7.93734],[111.54007,-7.93723],[111.54068,-7.93697],[111.54072,-7.93684],[111.541,-7.93643],[111.54154,-7.93622],[111.54203,-7.9361],[111.54284,-7.93581],[111.54401,-7.93547],[111.54404,-7.93527],[111.54423,-7.93521],[111.54448,-7.93521],[111.54463,-7.93529],[111.5454,-7.93515],[111.54523,-7.93477],[111.54531,-7.93462],[111.54561,-7.93461],[111.5458,-7.93446],[111.54601,-7.93439],[111.54637,-7.93439],[111.5465,-7.93447],[111.54672,-7.93452]]]}},{"type":"Feature","properties":{"ptnsbjname":"-","namobj":"Kampung Jarang Tidak Teratur","_cls":"Kampung Jarang Tidak Teratur"},"geometry":{"type":"Polygon","coordinates":[[[111.56236,-7.94887],[111.56266,-7.94889],[111.56269,-7.94884],[111.56282,-7.94883],[111.56301,-7.9489],[111.56293,-7.94921],[111.56276,-7.94929],[111.56214,-7.94938],[111.56207,-7.94971],[111.56163,-7.94973],[111.56151,-7.94937],[111.56129,-7.94945],[111.56127,-7.95007],[111.56149,-7.95013],[111.56152,-7.95045],[111.56079,-7.95072],[111.56083,-7.95107],[111.56047,-7.95108],[111.56044,-7.95076],[111.56002,-7.95077],[111.55998,-7.95005],[111.56002,-7.94966],[111.56023,-7.94963],[111.56025,-7.94988],[111.56102,-7.94984],[111.56101,-7.94936],[111.56119,-7.94929],[111.56121,-7.949],[111.56142,-7.94896],[111.56157,-7.94925],[111.56213,-7.94923],[111.56213,-7.94905],[111.56207,-7.94904],[111.56209,-7.94867],[111.56233,-7.94867],[111.56236,-7.94887]]]}},{"type":"Feature","properties":{"ptnsbjname":"-","namobj":"Kampung Jarang Tidak Teratur","_cls":"Kampung Jarang Tidak Teratur"},"geometry":{"type":"Polygon","coordinates":[[[111.56275,-7.94778],[111.56274,-7.94784],[111.56299,-7.94781],[111.56301,-7.94794],[111.56299,-7.94812],[111.56282,-7.94817],[111.5628,-7.94835],[111.56271,-7.94841],[111.56211,-7.94832],[111.56208,-7.94797],[111.56185,-7.94799],[111.56177,-7.94758],[111.56176,-7.94733],[111.56179,-7.94716],[111.56195,-7.94716],[111.56196,-7.94749],[111.56199,-7.94756],[111.56226,-7.94761],[111.56275,-7.94778]]]}},{"type":"Feature","properties":{"ptnsbjname":"-","namobj":"Kampung Jarang Tidak Teratur","_cls":"Kampung Jarang Tidak Teratur"},"geometry":{"type":"Polygon","coordinates":[[[111.61188,-7.94862],[111.61155,-7.94904],[111.61139,-7.94933],[111.61098,-7.94963],[111.61029,-7.95031],[111.61021,-7.95048],[111.61016,-7.95074],[111.61001,-7.95109],[111.60955,-7.95163],[111.6095,-7.95152],[111.60948,-7.95136],[111.60951,-7.95131],[111.60987,-7.95104],[111.60988,-7.95097],[111.60982,-7.9508],[111.61,-7.95012],[111.61027,-7.94967],[111.61003,-7.94927],[111.60982,-7.94908],[111.60953,-7.94907],[111.60943,-7.94897],[111.60935,-7.94881],[111.60939,-7.94877],[111.61015,-7.94869],[111.6105,-7.9486],[111.61116,-7.94835],[111.61128,-7.94827],[111.61155,-7.94801],[111.61165,-7.94746],[111.61176,-7.94722],[111.61186,-7.94709],[111.61234,-7.94672],[111.61255,-7.94668],[111.61267,-7.94707],[111.61267,-7.9473],[111.61188,-7.94862]]]}},{"type":"Feature","properties":{"ptnsbjname":"-","namobj":"Kampung Jarang Tidak Teratur","_cls":"Kampung Jarang Tidak Teratur"},"geometry":{"type":"Polygon","coordinates":[[[111.62505,-7.94737],[111.62449,-7.94718],[111.62453,-7.94676],[111.62489,-7.94667],[111.62483,-7.94674],[111.62486,-7.94684],[111.62506,-7.947],[111.6251,-7.94709],[111.62512,-7.94719],[111.62505,-7.94737]]]}},{"type":"Feature","properties":{"ptnsbjname":"-","namobj":"Kampung Jarang Tidak Teratur","_cls":"Kampung Jarang Tidak Teratur"},"geometry":{"type":"Polygon","coordinates":[[[111.55856,-7.94688],[111.55801,-7.94707],[111.55791,-7.9469],[111.55783,-7.94688],[111.55769,-7.94692],[111.55749,-7.94673],[111.55769,-7.94633],[111.55776,-7.94611],[111.55847,-7.94616],[111.5584,-7.94649],[111.55859,-7.94668],[111.55856,-7.94688]]]}},{"type":"Feature","properties":{"ptnsbjname":"-","namobj":"Kampung Jarang Tidak Teratur","_cls":"Kampung Jarang Tidak Teratur"},"geometry":{"type":"Polygon","coordinates":[[[111.55036,-7.94814],[111.5485,-7.94897],[111.54768,-7.94922],[111.54746,-7.94941],[111.54705,-7.94963],[111.54662,-7.94961],[111.54614,-7.94951],[111.54609,-7.94936],[111.54533,-7.94859],[111.54472,-7.94814],[111.54449,-7.9481],[111.5435,-7.94814],[111.54268,-7.94824],[111.5425,-7.94836],[111.54236,-7.94864],[111.54217,-7.94886],[111.54216,-7.9485],[111.54178,-7.94846],[111.54118,-7.94864],[111.54091,-7.94867],[111.54073,-7.94875],[111.54053,-7.94873],[111.54029,-7.94868],[111.53955,-7.94843],[111.53957,-7.94829],[111.53976,-7.94821],[111.53979,-7.94807],[111.53976,-7.94782],[111.53953,-7.9478],[111.53946,-7.94749],[111.53931,-7.94746],[111.53918,-7.94759],[111.53897,-7.94756],[111.53893,-7.94716],[111.53859,-7.94713],[111.53852,-7.94692],[111.53738,-7.94664],[111.53682,-7.94646],[111.53689,-7.9462],[111.53708,-7.9462],[111.538,-7.9465],[111.53848,-7.9465],[111.53854,-7.94625],[111.53889,-7.94628],[111.53906,-7.94636],[111.53919,-7.94652],[111.53958,-7.94653],[111.53962,-7.94626],[111.53969,-7.94607],[111.53986,-7.94607],[111.53985,-7.94587],[111.54006,-7.94586],[111.54019,-7.94613],[111.54101,-7.94644],[111.54157,-7.94645],[111.54164,-7.94635],[111.54173,-7.94631],[111.54242,-7.9464],[111.54245,-7.94656],[111.54262,-7.94653],[111.54268,-7.947],[111.54351,-7.94697],[111.54355,-7.94677],[111.5437,-7.94653],[111.54476,-7.9465],[111.54469,-7.94614],[111.54471,-7.94586],[111.54529,-7.94591],[111.54532,-7.94636],[111.54532,-7.94704],[111.54487,-7.94698],[111.54484,-7.94701],[111.54469,-7.94702],[111.54469,-7.94787],[111.54484,-7.94786],[111.54566,-7.94854],[111.54582,-7.9487],[111.5463,-7.94931],[111.54648,-7.94928],[111.54687,-7.94914],[111.54685,-7.94887],[111.54708,-7.94875],[111.54719,-7.94861],[111.54731,-7.94796],[111.54737,-7.94783],[111.5475,-7.94771],[111.54756,-7.94756],[111.54751,-7.94687],[111.54754,-7.94638],[111.54767,-7.94636],[111.54782,-7.94644],[111.54817,-7.94648],[111.54828,-7.94641],[111.54842,-7.94641],[111.54858,-7.94667],[111.54878,-7.94674],[111.54891,-7.94671],[111.54898,-7.94657],[111.54914,-7.94649],[111.54922,-7.9464],[111.5492,-7.9463],[111.5491,-7.94624],[111.5491,-7.94575],[111.54929,-7.94571],[111.54929,-7.94584],[111.5495,-7.94596],[111.54945,-7.94613],[111.54961,-7.94621],[111.54993,-7.94617],[111.54997,-7.94623],[111.54997,-7.94639],[111.54987,-7.94668],[111.54964,-7.94681],[111.54947,-7.94686],[111.54928,-7.94701],[111.54939,-7.94724],[111.54954,-7.9474],[111.54965,-7.94762],[111.5497,-7.94779],[111.54998,-7.94769],[111.55005,-7.94802],[111.55022,-7.948],[111.55036,-7.94814]]]}},{"type":"Feature","properties":{"ptnsbjname":"-","namobj":"Kampung Jarang Tidak Teratur","_cls":"Kampung Jarang Tidak Teratur"},"geometry":{"type":"Polygon","coordinates":[[[111.56356,-7.94594],[111.56377,-7.94595],[111.56443,-7.94625],[111.56475,-7.94623],[111.56509,-7.9463],[111.56523,-7.94622],[111.56528,-7.9459],[111.56528,-7.94567],[111.56558,-7.94567],[111.56559,-7.9459],[111.56619,-7.94592],[111.56621,-7.94575],[111.56646,-7.94578],[111.56653,-7.94639],[111.5658,-7.9464],[111.56569,-7.94635],[111.56559,-7.94635],[111.56561,-7.94674],[111.56513,-7.94681],[111.56491,-7.94682],[111.56466,-7.94652],[111.56453,-7.94647],[111.56433,-7.9465],[111.56433,-7.9469],[111.56426,-7.94712],[111.56406,-7.94714],[111.56379,-7.94729],[111.56366,-7.94739],[111.56354,-7.94744],[111.56334,-7.94742],[111.56306,-7.94732],[111.56281,-7.94732],[111.56282,-7.9472],[111.56265,-7.94716],[111.56217,-7.94716],[111.56207,-7.94711],[111.56209,-7.9468],[111.56207,-7.9467],[111.56193,-7.9466],[111.56192,-7.94646],[111.56202,-7.9464],[111.56229,-7.94643],[111.56229,-7.94662],[111.56239,-7.94675],[111.56249,-7.94671],[111.56254,-7.94655],[111.56264,-7.9464],[111.56275,-7.94632],[111.56276,-7.94615],[111.56296,-7.94606],[111.56299,-7.94566],[111.56323,-7.94569],[111.56334,-7.94582],[111.56346,-7.94585],[111.56356,-7.94594]]]}},{"type":"Feature","properties":{"ptnsbjname":"-","namobj":"Kampung Jarang Tidak Teratur","_cls":"Kampung Jarang Tidak Teratur"},"geometry":{"type":"Polygon","coordinates":[[[111.61513,-7.94518],[111.61538,-7.9453],[111.6159,-7.94528],[111.616,-7.94533],[111.61609,-7.94544],[111.61615,-7.94561],[111.61622,-7.9457],[111.61638,-7.94576],[111.61744,-7.94576],[111.6177,-7.94582],[111.61748,-7.94664],[111.6175,-7.94693],[111.61687,-7.94714],[111.61664,-7.9473],[111.61638,-7.94757],[111.61619,-7.94793],[111.61597,-7.94825],[111.61587,-7.9482],[111.61504,-7.94816],[111.61477,-7.94817],[111.61491,-7.948],[111.61514,-7.94726],[111.6151,-7.94697],[111.61496,-7.94665],[111.6149,-7.94638],[111.61496,-7.94594],[111.61513,-7.94518]]]}},{"type":"Feature","properties":{"ptnsbjname":"-","namobj":"Kampung Jarang Tidak Teratur","_cls":"Kampung Jarang Tidak Teratur"},"geometry":{"type":"Polygon","coordinates":[[[111.55617,-7.94844],[111.55583,-7.94892],[111.55568,-7.94884],[111.55544,-7.94889],[111.55498,-7.94908],[111.55458,-7.94899],[111.55436,-7.94902],[111.55422,-7.94915],[111.55394,-7.94895],[111.55395,-7.9487],[111.554,-7.94853],[111.55442,-7.94851],[111.55449,-7.94804],[111.55363,-7.94774],[111.5534,-7.9477],[111.55319,-7.9477],[111.5528,-7.94779],[111.55196,-7.94784],[111.55133,-7.94784],[111.551,-7.94791],[111.55057,-7.94809],[111.55041,-7.94748],[111.55055,-7.94743],[111.55076,-7.94711],[111.55086,-7.94721],[111.55113,-7.94717],[111.55165,-7.94698],[111.55168,-7.9469],[111.55168,-7.94652],[111.55157,-7.94624],[111.55131,-7.94609],[111.55108,-7.94616],[111.55082,-7.94614],[111.55066,-7.94608],[111.55068,-7.94596],[111.55079,-7.94586],[111.55137,-7.94581],[111.55133,-7.94573],[111.55135,-7.94561],[111.55164,-7.94521],[111.55173,-7.94518],[111.5519,-7.94538],[111.55202,-7.94536],[111.55216,-7.94506],[111.55249,-7.94492],[111.55258,-7.94492],[111.55273,-7.9453],[111.55303,-7.94532],[111.55313,-7.94523],[111.55317,-7.94511],[111.55318,-7.94467],[111.55348,-7.94475],[111.55355,-7.94498],[111.55362,-7.94502],[111.55391,-7.945],[111.55398,-7.94494],[111.55429,-7.94487],[111.55441,-7.94486],[111.55455,-7.94493],[111.55463,-7.94509],[111.55495,-7.94547],[111.55514,-7.94564],[111.55519,-7.94593],[111.5553,-7.946],[111.55563,-7.94574],[111.55577,-7.94567],[111.55614,-7.94563],[111.55637,-7.94551],[111.55649,-7.94564],[111.5565,-7.94579],[111.55673,-7.9461],[111.55674,-7.94619],[111.55667,-7.94648],[111.55656,-7.9466],[111.55648,-7.94678],[111.55646,-7.94714],[111.55658,-7.94743],[111.55654,-7.94763],[111.55645,-7.94778],[111.5562,-7.94792],[111.55605,-7.94795],[111.5559,-7.94825],[111.55602,-7.9484],[111.55617,-7.94844]]]}},{"type":"Feature","properties":{"ptnsbjname":"-","namobj":"Kampung Jarang Tidak Teratur","_cls":"Kampung Jarang Tidak Teratur"},"geometry":{"type":"Polygon","coordinates":[[[111.56031,-7.9476],[111.56049,-7.94735],[111.56054,-7.94717],[111.56049,-7.94644],[111.56023,-7.94653],[111.56002,-7.94636],[111.55999,-7.94615],[111.55988,-7.94573],[111.55987,-7.94546],[111.56004,-7.94484],[111.56035,-7.94478],[111.56053,-7.9446],[111.56067,-7.94453],[111.56131,-7.94443],[111.56141,-7.94435],[111.56164,-7.94462],[111.56168,-7.94473],[111.56085,-7.94503],[111.56072,-7.94512],[111.56064,-7.94527],[111.56063,-7.94546],[111.5608,-7.94597],[111.56099,-7.94598],[111.56107,-7.94602],[111.56116,-7.94615],[111.5612,-7.94628],[111.5612,-7.9465],[111.56149,-7.94651],[111.56154,-7.94667],[111.56154,-7.9469],[111.56148,-7.94712],[111.56138,-7.94727],[111.56114,-7.94728],[111.56096,-7.94763],[111.56128,-7.94781],[111.56141,-7.94792],[111.56138,-7.94804],[111.56101,-7.94815],[111.56082,-7.94801],[111.5607,-7.94782],[111.56031,-7.9476]]]}},{"type":"Feature","properties":{"ptnsbjname":"-","namobj":"Kampung Jarang Tidak Teratur","_cls":"Kampung Jarang Tidak Teratur"},"geometry":{"type":"Polygon","coordinates":[[[111.62468,-7.94418],[111.6245,-7.94424],[111.62447,-7.94434],[111.62447,-7.9447],[111.62429,-7.94486],[111.62419,-7.94502],[111.62423,-7.94513],[111.62452,-7.94553],[111.62453,-7.94564],[111.62446,-7.94618],[111.62427,-7.94704],[111.62436,-7.9477],[111.62428,-7.94778],[111.62458,-7.94784],[111.62442,-7.94825],[111.62399,-7.9482],[111.62391,-7.94813],[111.62391,-7.94801],[111.6237,-7.94812],[111.62367,-7.94831],[111.62407,-7.94848],[111.62413,-7.94874],[111.62421,-7.9489],[111.62448,-7.94918],[111.62456,-7.94934],[111.62456,-7.94965],[111.62447,-7.95004],[111.62464,-7.95004],[111.62482,-7.95027],[111.62539,-7.95053],[111.62568,-7.95083],[111.62553,-7.95087],[111.6254,-7.95106],[111.62546,-7.95114],[111.62564,-7.95124],[111.62557,-7.95132],[111.62564,-7.95187],[111.62562,-7.95214],[111.62521,-7.95272],[111.62511,-7.953],[111.62518,-7.95362],[111.62516,-7.95389],[111.62505,-7.95411],[111.62474,-7.95408],[111.62477,-7.95455],[111.62462,-7.95467],[111.62426,-7.9541],[111.62413,-7.95395],[111.62357,-7.95389],[111.62352,-7.95383],[111.62342,-7.9539],[111.62312,-7.95377],[111.62307,-7.95378],[111.62296,-7.95405],[111.62268,-7.95429],[111.6223,-7.95427],[111.62217,-7.95434],[111.62198,-7.9547],[111.62172,-7.95499],[111.62086,-7.95538],[111.62056,-7.95556],[111.6204,-7.95581],[111.62029,-7.95589],[111.62,-7.95666],[111.61999,-7.95562],[111.62001,-7.95558],[111.61998,-7.95538],[111.62009,-7.95513],[111.62004,-7.9549],[111.62006,-7.9546],[111.61997,-7.95398],[111.61995,-7.95254],[111.62046,-7.95201],[111.62048,-7.95186],[111.62042,-7.95173],[111.62008,-7.9515],[111.62007,-7.95109],[111.62021,-7.95012],[111.62014,-7.94977],[111.62011,-7.94942],[111.62031,-7.94883],[111.62035,-7.94838],[111.62148,-7.94838],[111.62148,-7.94785],[111.62177,-7.94745],[111.62219,-7.94712],[111.62227,-7.947],[111.62234,-7.94676],[111.62249,-7.9465],[111.62273,-7.94621],[111.62309,-7.94588],[111.62324,-7.9456],[111.62331,-7.94521],[111.6233,-7.94496],[111.62334,-7.94473],[111.6234,-7.94448],[111.62349,-7.94426],[111.62352,-7.94409],[111.62359,-7.94395],[111.62373,-7.94387],[111.62408,-7.94385],[111.6246,-7.94401],[111.62468,-7.94418]]]}},{"type":"Feature","properties":{"ptnsbjname":"-","namobj":"Kampung Jarang Tidak Teratur","_cls":"Kampung Jarang Tidak Teratur"},"geometry":{"type":"Polygon","coordinates":[[[111.55768,-7.9442],[111.55785,-7.94429],[111.55806,-7.94429],[111.55808,-7.94448],[111.55782,-7.94461],[111.55778,-7.94498],[111.55745,-7.94506],[111.55739,-7.94484],[111.55738,-7.94459],[111.55724,-7.94416],[111.55724,-7.944],[111.55715,-7.94383],[111.55731,-7.94379],[111.55744,-7.94396],[111.55756,-7.94397],[111.55768,-7.9442]]]}},{"type":"Feature","properties":{"ptnsbjname":"-","namobj":"Kampung Jarang Tidak Teratur","_cls":"Kampung Jarang Tidak Teratur"},"geometry":{"type":"Polygon","coordinates":[[[111.55122,-7.94266],[111.55157,-7.94392],[111.54988,-7.94421],[111.54984,-7.94365],[111.54979,-7.94343],[111.54964,-7.94299],[111.55013,-7.94293],[111.55122,-7.94266]]]}},{"type":"Feature","properties":{"ptnsbjname":"-","namobj":"Kampung Jarang Tidak Teratur","_cls":"Kampung Jarang Tidak Teratur"},"geometry":{"type":"Polygon","coordinates":[[[111.6249,-7.94144],[111.62532,-7.94173],[111.62537,-7.94192],[111.62538,-7.94228],[111.62494,-7.94287],[111.62475,-7.94304],[111.62474,-7.94314],[111.62447,-7.9432],[111.62422,-7.94319],[111.62386,-7.94312],[111.62387,-7.94287],[111.6238,-7.94261],[111.6233,-7.94267],[111.62313,-7.94294],[111.62293,-7.94301],[111.62264,-7.94303],[111.62214,-7.94299],[111.62204,-7.94294],[111.62207,-7.94281],[111.62225,-7.94269],[111.62237,-7.94255],[111.62241,-7.94226],[111.62261,-7.94208],[111.62263,-7.94198],[111.62257,-7.94187],[111.62212,-7.94157],[111.62187,-7.94146],[111.6219,-7.94132],[111.62235,-7.94151],[111.62255,-7.94124],[111.6228,-7.94125],[111.62294,-7.94131],[111.62318,-7.94149],[111.62335,-7.94154],[111.62362,-7.94154],[111.62371,-7.94143],[111.62375,-7.94119],[111.62383,-7.94104],[111.62403,-7.94105],[111.62434,-7.94113],[111.6249,-7.94144]]]}},{"type":"Feature","properties":{"ptnsbjname":"-","namobj":"Kampung Jarang Tidak Teratur","_cls":"Kampung Jarang Tidak Teratur"},"geometry":{"type":"Polygon","coordinates":[[[111.5618,-7.94216],[111.56167,-7.9421],[111.56149,-7.9421],[111.56101,-7.94267],[111.56086,-7.94277],[111.56029,-7.94279],[111.56005,-7.94284],[111.55966,-7.94301],[111.55906,-7.94311],[111.55888,-7.94322],[111.55863,-7.94347],[111.55852,-7.94342],[111.55806,-7.94274],[111.55826,-7.94244],[111.55868,-7.94281],[111.55883,-7.94276],[111.55896,-7.94276],[111.55919,-7.94264],[111.55945,-7.94235],[111.55945,-7.9422],[111.55949,-7.94204],[111.55971,-7.94199],[111.55997,-7.94183],[111.56036,-7.9418],[111.56064,-7.94172],[111.56065,-7.94164],[111.56053,-7.94134],[111.56056,-7.94121],[111.56066,-7.9412],[111.56083,-7.94138],[111.56103,-7.94139],[111.56114,-7.94135],[111.56119,-7.94122],[111.56121,-7.94099],[111.5614,-7.94075],[111.56153,-7.94073],[111.56155,-7.94116],[111.56174,-7.94122],[111.56194,-7.94121],[111.562,-7.94117],[111.562,-7.94109],[111.56189,-7.94082],[111.56198,-7.94078],[111.56209,-7.94092],[111.56225,-7.94126],[111.56245,-7.94156],[111.56295,-7.94175],[111.56301,-7.94179],[111.56302,-7.94185],[111.56301,-7.94193],[111.56295,-7.94197],[111.56277,-7.94202],[111.56218,-7.94211],[111.56193,-7.94208],[111.56185,-7.94209],[111.5618,-7.94216]]]}},{"type":"Feature","properties":{"ptnsbjname":"-","namobj":"Kampung Jarang Tidak Teratur","_cls":"Kampung Jarang Tidak Teratur"},"geometry":{"type":"Polygon","coordinates":[[[111.53942,-7.94091],[111.54077,-7.94059],[111.54114,-7.94041],[111.54147,-7.94029],[111.5417,-7.94026],[111.54219,-7.94027],[111.54311,-7.94023],[111.54322,-7.94063],[111.5433,-7.94136],[111.54332,-7.94218],[111.54194,-7.94245],[111.53959,-7.94281],[111.53942,-7.94091]]]}},{"type":"Feature","properties":{"ptnsbjname":"-","namobj":"Kampung Jarang Tidak Teratur","_cls":"Kampung Jarang Tidak Teratur"},"geometry":{"type":"Polygon","coordinates":[[[111.55826,-7.93832],[111.55835,-7.93848],[111.55886,-7.93846],[111.55889,-7.93904],[111.5591,-7.93905],[111.55915,-7.93899],[111.55917,-7.93863],[111.55963,-7.9386],[111.55965,-7.93897],[111.5595,-7.93905],[111.55948,-7.93956],[111.55936,-7.93962],[111.55913,-7.93967],[111.55911,-7.93984],[111.55901,-7.94004],[111.55857,-7.93996],[111.55852,-7.93976],[111.55845,-7.93913],[111.55841,-7.939],[111.5582,-7.93899],[111.55801,-7.93905],[111.55775,-7.93923],[111.55757,-7.93927],[111.55749,-7.93937],[111.55716,-7.93942],[111.5571,-7.9393],[111.55703,-7.93931],[111.55657,-7.9394],[111.55644,-7.93951],[111.55628,-7.93951],[111.55622,-7.93926],[111.55624,-7.93916],[111.55704,-7.93895],[111.55698,-7.93861],[111.55738,-7.93851],[111.55803,-7.93846],[111.55803,-7.93832],[111.55826,-7.93832]]]}},{"type":"Feature","properties":{"ptnsbjname":"-","namobj":"Kampung Jarang Tidak Teratur","_cls":"Kampung Jarang Tidak Teratur"},"geometry":{"type":"Polygon","coordinates":[[[111.57208,-7.939],[111.57151,-7.9388],[111.57115,-7.93884],[111.57067,-7.93897],[111.57056,-7.93906],[111.57027,-7.93952],[111.57017,-7.93991],[111.57003,-7.94021],[111.56978,-7.94058],[111.56961,-7.94072],[111.56933,-7.94082],[111.56904,-7.94084],[111.56896,-7.94083],[111.56863,-7.94058],[111.56871,-7.9405],[111.56913,-7.94058],[111.56925,-7.94053],[111.56937,-7.94019],[111.56949,-7.93953],[111.56961,-7.93926],[111.56981,-7.93899],[111.56987,-7.93878],[111.57017,-7.93837],[111.5704,-7.93815],[111.57073,-7.93791],[111.57086,-7.93798],[111.57116,-7.93828],[111.57135,-7.93842],[111.5715,-7.93862],[111.57178,-7.93888],[111.57208,-7.939]]]}},{"type":"Feature","properties":{"ptnsbjname":"-","namobj":"Kampung Jarang Tidak Teratur","_cls":"Kampung Jarang Tidak Teratur"},"geometry":{"type":"Polygon","coordinates":[[[111.5469,-7.93449],[111.54702,-7.93448],[111.5472,-7.93431],[111.54752,-7.93415],[111.54774,-7.93395],[111.54811,-7.93381],[111.54841,-7.93377],[111.5492,-7.93351],[111.54931,-7.93371],[111.54972,-7.9337],[111.54998,-7.93382],[111.55006,-7.93389],[111.55006,-7.93406],[111.54989,-7.93438],[111.54981,-7.93474],[111.54963,-7.9349],[111.54947,-7.93488],[111.54932,-7.9348],[111.54923,-7.93474],[111.54914,-7.93457],[111.54881,-7.93456],[111.54831,-7.9346],[111.54792,-7.93475],[111.54776,-7.93477],[111.5472,-7.93465],[111.5469,-7.93449]]]}},{"type":"Feature","properties":{"ptnsbjname":"-","namobj":"Kampung Jarang Tidak Teratur","_cls":"Kampung Jarang Tidak Teratur"},"geometry":{"type":"Polygon","coordinates":[[[111.56816,-7.93295],[111.56811,-7.9333],[111.56791,-7.93341],[111.56745,-7.93334],[111.56727,-7.9335],[111.56672,-7.93362],[111.56639,-7.9338],[111.56611,-7.93399],[111.56583,-7.93428],[111.56565,-7.93453],[111.56545,-7.93467],[111.56473,-7.93499],[111.56446,-7.9352],[111.56404,-7.93544],[111.56366,-7.93558],[111.56338,-7.93562],[111.56255,-7.93554],[111.56205,-7.93554],[111.56061,-7.93594],[111.56024,-7.93594],[111.55986,-7.93588],[111.55963,-7.93571],[111.55944,-7.93552],[111.55912,-7.93546],[111.55957,-7.93519],[111.55996,-7.93502],[111.56126,-7.93464],[111.5624,-7.93425],[111.56268,-7.93411],[111.56326,-7.93402],[111.56485,-7.93349],[111.56531,-7.93329],[111.56573,-7.93322],[111.56642,-7.9332],[111.56726,-7.93293],[111.56763,-7.93293],[111.568,-7.933],[111.56816,-7.93295]]]}},{"type":"Feature","properties":{"ptnsbjname":"Ch, Nk, Kl","namobj":"Kebun Campuran","_cls":"Kebun Campuran"},"geometry":{"type":"Polygon","coordinates":[[[111.52988,-7.97829],[111.52992,-7.97862],[111.52944,-7.97858],[111.52941,-7.97879],[111.5294,-7.9781],[111.52953,-7.97812],[111.52988,-7.97829]]]}},{"type":"Feature","properties":{"ptnsbjname":"Ch, Nk, Kl","namobj":"Kebun Campuran","_cls":"Kebun Campuran"},"geometry":{"type":"Polygon","coordinates":[[[111.53712,-7.97419],[111.53732,-7.97421],[111.53784,-7.97413],[111.53799,-7.9742],[111.53832,-7.97421],[111.53881,-7.97432],[111.53887,-7.9744],[111.53889,-7.97453],[111.53885,-7.97479],[111.53888,-7.97485],[111.53929,-7.97484],[111.53948,-7.9749],[111.53993,-7.97531],[111.54021,-7.97532],[111.54032,-7.97525],[111.54062,-7.97522],[111.54082,-7.97523],[111.54125,-7.97533],[111.54135,-7.9754],[111.54146,-7.97553],[111.54148,-7.97583],[111.54114,-7.97588],[111.54053,-7.97582],[111.54022,-7.9759],[111.53972,-7.97592],[111.53964,-7.97597],[111.53964,-7.97613],[111.53972,-7.97621],[111.54014,-7.97633],[111.54055,-7.97626],[111.54082,-7.97644],[111.54144,-7.97645],[111.5417,-7.97652],[111.54196,-7.97675],[111.54216,-7.97682],[111.54236,-7.97681],[111.54253,-7.97653],[111.54265,-7.97644],[111.54289,-7.97643],[111.54308,-7.97653],[111.54316,-7.97675],[111.54312,-7.97757],[111.54292,-7.97769],[111.54268,-7.97776],[111.5424,-7.97766],[111.54227,-7.97766],[111.54196,-7.97773],[111.54173,-7.97762],[111.54081,-7.97746],[111.54068,-7.97733],[111.54065,-7.97713],[111.54057,-7.97698],[111.54048,-7.97695],[111.54032,-7.97697],[111.54015,-7.97714],[111.53984,-7.97717],[111.53968,-7.97715],[111.53905,-7.97742],[111.53856,-7.97741],[111.5383,-7.97713],[111.53848,-7.9769],[111.53818,-7.97668],[111.53815,-7.97652],[111.53784,-7.97627],[111.53783,-7.97602],[111.53769,-7.97589],[111.53746,-7.97579],[111.53741,-7.97551],[111.53734,-7.97531],[111.53725,-7.9752],[111.53706,-7.97511],[111.53689,-7.97509],[111.53669,-7.97519],[111.5366,-7.97511],[111.53634,-7.97505],[111.53637,-7.97441],[111.53645,-7.97406],[111.53659,-7.97402],[111.53686,-7.97403],[111.53699,-7.97407],[111.53712,-7.97419]]]}},{"type":"Feature","properties":{"ptnsbjname":"-","namobj":"Kampung Jarang Tidak Teratur","_cls":"Kampung Jarang Tidak Teratur"},"geometry":{"type":"MultiPolygon","coordinates":[[[[111.53506,-7.94796],[111.53522,-7.94799],[111.53527,-7.94828],[111.53522,-7.94855],[111.53563,-7.94842],[111.53563,-7.94872],[111.53569,-7.94913],[111.53564,-7.94982],[111.53534,-7.95004],[111.53501,-7.95013],[111.5346,-7.95017],[111.53437,-7.95026],[111.53389,-7.95063],[111.53364,-7.9507],[111.53352,-7.9506],[111.5334,-7.9504],[111.53351,-7.95017],[111.53347,-7.94998],[111.5334,-7.94991],[111.53319,-7.94992],[111.5329,-7.95003],[111.53273,-7.94991],[111.53257,-7.94986],[111.53208,-7.94995],[111.53192,-7.95003],[111.53178,-7.94975],[111.53105,-7.9502],[111.53078,-7.94975],[111.53042,-7.94932],[111.53073,-7.94922],[111.53081,-7.9495],[111.53091,-7.9495],[111.53209,-7.94913],[111.53199,-7.9488],[111.53204,-7.9487],[111.53195,-7.94859],[111.53205,-7.94845],[111.53226,-7.94838],[111.53303,-7.94826],[111.53316,-7.94812],[111.53325,-7.94809],[111.53353,-7.94808],[111.53383,-7.94816],[111.53413,-7.94813],[111.53426,-7.94808],[111.53506,-7.94796]]],[[[111.53282,-7.94338],[111.53268,-7.94339],[111.53234,-7.94335],[111.53166,-7.94309],[111.53104,-7.94296],[111.53139,-7.94287],[111.53195,-7.9431],[111.53289,-7.94334],[111.53282,-7.94338]]]]}},{"type":"Feature","properties":{"ptnsbjname":"Kl, Bam, Rbt","namobj":"Kebun Campuran","_cls":"Kebun Campuran"},"geometry":{"type":"Polygon","coordinates":[[[111.53343,-7.98022],[111.53346,-7.97989],[111.53344,-7.97938],[111.53222,-7.97922],[111.53237,-7.97857],[111.53264,-7.97856],[111.53267,-7.97838],[111.53265,-7.97792],[111.53271,-7.97771],[111.5328,-7.97758],[111.53301,-7.9775],[111.53317,-7.97755],[111.53376,-7.9776],[111.53416,-7.97759],[111.53433,-7.97753],[111.53483,-7.97752],[111.53498,-7.97755],[111.53543,-7.97774],[111.53572,-7.97796],[111.53605,-7.97848],[111.536,-7.97882],[111.53601,-7.97967],[111.53585,-7.97979],[111.53581,-7.97989],[111.53531,-7.98002],[111.5355,-7.98012],[111.53553,-7.98026],[111.53549,-7.98048],[111.5354,-7.98063],[111.53524,-7.98062],[111.5352,-7.98056],[111.53507,-7.98053],[111.53496,-7.98065],[111.53423,-7.98058],[111.53419,-7.98049],[111.53422,-7.98034],[111.53413,-7.98027],[111.53383,-7.98023],[111.53343,-7.98022]]]}},{"type":"Feature","properties":{"ptnsbjname":"Kl, Bam, Rbt","namobj":"Kebun Campuran","_cls":"Kebun Campuran"},"geometry":{"type":"Polygon","coordinates":[[[111.57714,-7.97895],[111.57712,-7.97932],[111.57726,-7.97968],[111.57745,-7.98],[111.57772,-7.98068],[111.57775,-7.9809],[111.57762,-7.9814],[111.57753,-7.98161],[111.57707,-7.98191],[111.57661,-7.98253],[111.57645,-7.98281],[111.57641,-7.98295],[111.57646,-7.98318],[111.57688,-7.98372],[111.57731,-7.98405],[111.57799,-7.98441],[111.57815,-7.98456],[111.57844,-7.98493],[111.5786,-7.9853],[111.57763,-7.98572],[111.57743,-7.98549],[111.57735,-7.98547],[111.5754,-7.98607],[111.57509,-7.9861],[111.57442,-7.98656],[111.57423,-7.98657],[111.57414,-7.98655],[111.57428,-7.98644],[111.57437,-7.98627],[111.57432,-7.98507],[111.57446,-7.98469],[111.57525,-7.98341],[111.57371,-7.98315],[111.5733,-7.98329],[111.5731,-7.98328],[111.57306,-7.9832],[111.57314,-7.98252],[111.57356,-7.98176],[111.57388,-7.98192],[111.57458,-7.98204],[111.57479,-7.98218],[111.57495,-7.98148],[111.57508,-7.9805],[111.57523,-7.98007],[111.57539,-7.97936],[111.57553,-7.97908],[111.57579,-7.97889],[111.5764,-7.97904],[111.57657,-7.97855],[111.57714,-7.97895]]]}},{"type":"Feature","properties":{"ptnsbjname":"-","namobj":"Hutan Sejenis","_cls":"Hutan Sejenis"},"geometry":{"type":"Polygon","coordinates":[[[111.56589,-7.99069],[111.56551,-7.9924],[111.56484,-7.99345],[111.56403,-7.99397],[111.56332,-7.99478],[111.56218,-7.99507],[111.56084,-7.99507],[111.56008,-7.99497],[111.55894,-7.99445],[111.55832,-7.99388],[111.55813,-7.99297],[111.55813,-7.9925],[111.55785,-7.99226],[111.55637,-7.99154],[111.55585,-7.9915],[111.55442,-7.99159],[111.55371,-7.9914],[111.55266,-7.9905],[111.55237,-7.98969],[111.55161,-7.98697],[111.55175,-7.98598],[111.55237,-7.98517],[111.5528,-7.98441],[111.5528,-7.98398],[111.55323,-7.98279],[111.55409,-7.98222],[111.55409,-7.9815],[111.5538,-7.98098],[111.55347,-7.98026],[111.55371,-7.97936],[111.55404,-7.97865],[111.55429,-7.97825],[111.55466,-7.97827],[111.55556,-7.97841],[111.55604,-7.97893],[111.55632,-7.9796],[111.55661,-7.98041],[111.55713,-7.98122],[111.55799,-7.98188],[111.55861,-7.98222],[111.55956,-7.98283],[111.55989,-7.98331],[111.55989,-7.98412],[111.56061,-7.98455],[111.56146,-7.98474],[111.56194,-7.98521],[111.56218,-7.98636],[111.56341,-7.9874],[111.56489,-7.98802],[111.56575,-7.98878],[111.56589,-7.99069]]]}},{"type":"Feature","properties":{"ptnsbjname":"Kl, Nk, Bam","namobj":"Kebun Campuran","_cls":"Kebun Campuran"},"geometry":{"type":"Polygon","coordinates":[[[111.5998,-7.93355],[111.59964,-7.9335],[111.59931,-7.93346],[111.5996,-7.93345],[111.59972,-7.93347],[111.5998,-7.93355]]]}},{"type":"Feature","properties":{"ptnsbjname":"Kl, Nk, Bam","namobj":"Kebun Campuran","_cls":"Kebun Campuran"},"geometry":{"type":"Polygon","coordinates":[[[111.60342,-7.93427],[111.60333,-7.93431],[111.6029,-7.9347],[111.60273,-7.93477],[111.60201,-7.93486],[111.6009,-7.93517],[111.6008,-7.935],[111.60125,-7.93477],[111.60149,-7.93456],[111.60177,-7.93452],[111.6025,-7.9346],[111.60278,-7.93434],[111.60293,-7.93426],[111.60318,-7.93422],[111.60342,-7.93427]]]}},{"type":"Feature","properties":{"ptnsbjname":"Kl, Nk, Bam","namobj":"Kebun Campuran","_cls":"Kebun Campuran"},"geometry":{"type":"Polygon","coordinates":[[[111.59966,-7.93324],[111.59974,-7.93333],[111.59998,-7.93397],[111.60004,-7.93433],[111.60021,-7.93457],[111.60028,-7.93476],[111.60039,-7.93481],[111.60057,-7.93479],[111.60088,-7.93487],[111.60097,-7.93486],[111.6013,-7.93441],[111.60143,-7.93433],[111.60183,-7.93432],[111.60199,-7.93438],[111.60224,-7.9344],[111.60242,-7.93429],[111.60254,-7.93428],[111.60274,-7.93412],[111.60278,-7.93403],[111.60303,-7.93377],[111.6034,-7.93395],[111.60374,-7.93421],[111.604,-7.93447],[111.60414,-7.9347],[111.60435,-7.93553],[111.60463,-7.93584],[111.60495,-7.93613],[111.60527,-7.93614],[111.60541,-7.93606],[111.60596,-7.93609],[111.60618,-7.93597],[111.6063,-7.93584],[111.60644,-7.9351],[111.60655,-7.93512],[111.60692,-7.93552],[111.60664,-7.93574],[111.60615,-7.93635],[111.60579,-7.93666],[111.60567,-7.93667],[111.60534,-7.93655],[111.60518,-7.93642],[111.60513,-7.93632],[111.6049,-7.9363],[111.60478,-7.93623],[111.60447,-7.93594],[111.60434,-7.93575],[111.6043,-7.93542],[111.6041,-7.93487],[111.60364,-7.93441],[111.60346,-7.93429],[111.60318,-7.93422],[111.60293,-7.93426],[111.60278,-7.93434],[111.6025,-7.9346],[111.60177,-7.93452],[111.60149,-7.93456],[111.60125,-7.93477],[111.60093,-7.93495],[111.60039,-7.93512],[111.59998,-7.93472],[111.59994,-7.93462],[111.59996,-7.93443],[111.59985,-7.9337],[111.59981,-7.93355],[111.59972,-7.93347],[111.59946,-7.93344],[111.5993,-7.93346],[111.599,-7.9334],[111.59867,-7.93341],[111.59724,-7.93329],[111.59703,-7.93334],[111.59645,-7.93358],[111.59628,-7.93362],[111.59577,-7.9336],[111.59534,-7.93365],[111.59519,-7.93377],[111.59512,-7.93391],[111.59512,-7.93412],[111.59499,-7.93424],[111.59479,-7.9344],[111.59423,-7.93454],[111.59397,-7.93463],[111.59376,-7.93475],[111.59364,-7.93488],[111.59351,-7.93521],[111.5935,-7.93511],[111.59355,-7.93492],[111.5938,-7.93454],[111.59418,-7.93436],[111.59459,-7.93429],[111.59485,-7.93409],[111.59499,-7.93404],[111.59508,-7.93392],[111.5952,-7.93355],[111.59537,-7.9334],[111.59578,-7.93337],[111.59608,-7.93347],[111.59629,-7.93347],[111.59674,-7.93322],[111.59716,-7.9331],[111.59845,-7.93319],[111.59869,-7.93324],[111.59924,-7.93315],[111.59944,-7.93317],[111.59966,-7.93324]]]}},{"type":"Feature","properties":{"ptnsbjname":"Kl, Nk, Bam","namobj":"Kebun Campuran","_cls":"Kebun Campuran"},"geometry":{"type":"Polygon","coordinates":[[[111.58171,-7.9314],[111.58211,-7.93167],[111.58227,-7.93194],[111.5825,-7.93271],[111.58268,-7.93296],[111.58308,-7.93334],[111.58385,-7.93368],[111.58395,-7.93376],[111.58412,-7.93379],[111.58468,-7.93401],[111.58497,-7.93407],[111.58563,-7.93434],[111.58639,-7.93504],[111.5865,-7.93518],[111.58656,-7.9353],[111.58699,-7.93579],[111.58715,-7.93608],[111.58733,-7.93685],[111.58747,-7.93727],[111.58759,-7.93748],[111.58779,-7.93771],[111.58813,-7.93799],[111.58852,-7.93815],[111.58864,-7.93815],[111.58888,-7.93801],[111.58958,-7.93726],[111.58975,-7.937],[111.59005,-7.93694],[111.59064,-7.937],[111.59105,-7.93717],[111.59052,-7.93709],[111.59026,-7.9371],[111.59002,-7.9372],[111.58984,-7.93741],[111.58964,-7.93781],[111.5895,-7.93793],[111.58885,-7.93832],[111.58861,-7.93839],[111.58831,-7.93836],[111.58813,-7.93827],[111.5879,-7.9381],[111.58746,-7.93766],[111.58732,-7.93741],[111.58712,-7.9364],[111.58692,-7.93597],[111.58683,-7.93584],[111.58645,-7.93554],[111.58619,-7.93518],[111.58602,-7.93481],[111.5859,-7.93468],[111.58555,-7.93443],[111.58538,-7.93439],[111.5844,-7.93425],[111.58354,-7.93396],[111.58319,-7.93379],[111.58304,-7.93368],[111.58284,-7.93344],[111.58255,-7.93325],[111.58243,-7.93306],[111.58235,-7.93269],[111.58222,-7.93235],[111.58217,-7.93206],[111.58205,-7.93194],[111.58183,-7.93178],[111.58163,-7.93171],[111.58139,-7.93174],[111.58089,-7.93206],[111.58065,-7.93215],[111.58021,-7.93254],[111.58002,-7.93288],[111.58037,-7.93212],[111.58061,-7.93192],[111.58154,-7.93142],[111.58171,-7.9314]]]}},{"type":"Feature","properties":{"ptnsbjname":"Kl, Nk, Bam","namobj":"Kebun Campuran","_cls":"Kebun Campuran"},"geometry":{"type":"Polygon","coordinates":[[[111.59156,-7.93738],[111.59064,-7.937],[111.59242,-7.93713],[111.59279,-7.9372],[111.59302,-7.93716],[111.5931,-7.93711],[111.59313,-7.93703],[111.59334,-7.93692],[111.59345,-7.93672],[111.59354,-7.93636],[111.59357,-7.93671],[111.59352,-7.93694],[111.59346,-7.93702],[111.59346,-7.93726],[111.59334,-7.93735],[111.5932,-7.9374],[111.59289,-7.93741],[111.59282,-7.93745],[111.59156,-7.93738]]]}},{"type":"Feature","properties":{"ptnsbjname":"Kl, Nk, Bam","namobj":"Kebun Campuran","_cls":"Kebun Campuran"},"geometry":{"type":"Polygon","coordinates":[[[111.58886,-7.93832],[111.58912,-7.93817],[111.58921,-7.9381],[111.58902,-7.93831],[111.58886,-7.93832]]]}},{"type":"Feature","properties":{"ptnsbjname":"Kl, Bam, Rbt","namobj":"Kebun Campuran","_cls":"Kebun Campuran"},"geometry":{"type":"Polygon","coordinates":[[[111.60711,-8.01728],[111.60712,-8.01742],[111.60725,-8.0178],[111.60753,-8.01805],[111.60778,-8.01816],[111.60746,-8.01857],[111.60703,-8.0189],[111.60664,-8.01909],[111.60627,-8.01935],[111.60596,-8.01944],[111.60575,-8.01944],[111.60531,-8.01929],[111.60489,-8.01921],[111.60449,-8.01906],[111.60387,-8.01868],[111.60363,-8.01863],[111.60345,-8.01852],[111.60304,-8.01844],[111.60291,-8.01814],[111.60293,-8.01801],[111.60303,-8.01788],[111.60378,-8.0173],[111.60421,-8.01722],[111.60479,-8.01725],[111.60493,-8.01731],[111.60499,-8.0174],[111.60517,-8.01799],[111.60524,-8.01809],[111.60552,-8.01834],[111.6058,-8.01842],[111.60604,-8.01843],[111.60636,-8.01824],[111.60646,-8.01811],[111.60651,-8.01798],[111.60658,-8.01746],[111.60661,-8.0174],[111.60711,-8.01728]]]}},{"type":"Feature","properties":{"ptnsbjname":"Kl, Bam, Rbt","namobj":"Kebun Campuran","_cls":"Kebun Campuran"},"geometry":{"type":"Polygon","coordinates":[[[111.55652,-7.99948],[111.55672,-7.99948],[111.55665,-7.99951],[111.55652,-7.99948]]]}},{"type":"Feature","properties":{"ptnsbjname":"Kl, Bam, Rbt","namobj":"Kebun Campuran","_cls":"Kebun Campuran"},"geometry":{"type":"Polygon","coordinates":[[[111.61506,-7.95663],[111.61491,-7.95749],[111.61491,-7.95784],[111.61484,-7.95805],[111.61501,-7.95812],[111.61438,-7.95796],[111.61358,-7.95769],[111.61281,-7.95753],[111.61206,-7.95747],[111.61138,-7.95747],[111.61081,-7.95759],[111.61025,-7.95783],[111.60974,-7.9581],[111.60955,-7.95828],[111.60983,-7.95854],[111.61005,-7.95974],[111.60984,-7.96102],[111.6098,-7.96142],[111.60969,-7.96175],[111.60958,-7.96182],[111.60913,-7.96165],[111.60827,-7.96156],[111.60808,-7.96147],[111.60808,-7.96138],[111.60795,-7.96106],[111.6073,-7.96064],[111.60706,-7.96087],[111.60688,-7.96115],[111.60681,-7.96116],[111.60657,-7.9616],[111.60605,-7.96205],[111.60559,-7.96235],[111.60465,-7.9631],[111.60434,-7.96353],[111.60379,-7.96395],[111.60357,-7.96422],[111.60337,-7.96433],[111.6028,-7.96433],[111.60256,-7.9644],[111.60204,-7.96467],[111.60136,-7.9652],[111.60097,-7.96564],[111.60065,-7.96587],[111.60042,-7.9659],[111.60004,-7.96585],[111.59969,-7.96575],[111.59949,-7.96574],[111.59977,-7.96546],[111.59997,-7.96512],[111.60019,-7.96444],[111.60031,-7.96418],[111.60044,-7.9641],[111.60127,-7.96419],[111.60166,-7.96393],[111.60212,-7.96387],[111.60233,-7.96378],[111.6032,-7.96309],[111.60359,-7.96272],[111.60418,-7.96158],[111.60468,-7.95999],[111.60521,-7.95998],[111.6055,-7.95989],[111.60571,-7.95978],[111.60624,-7.95931],[111.60662,-7.95889],[111.607,-7.95862],[111.60747,-7.95823],[111.60764,-7.95799],[111.60783,-7.95755],[111.60822,-7.95629],[111.60839,-7.95584],[111.60879,-7.95515],[111.60854,-7.95501],[111.60776,-7.95519],[111.60712,-7.95509],[111.60545,-7.95432],[111.60492,-7.95416],[111.60471,-7.95269],[111.60476,-7.95242],[111.60479,-7.95235],[111.60491,-7.95227],[111.60522,-7.95217],[111.60643,-7.95228],[111.60704,-7.95228],[111.60761,-7.9522],[111.60876,-7.95183],[111.60882,-7.95205],[111.60914,-7.95251],[111.60921,-7.95277],[111.60926,-7.95336],[111.60923,-7.95406],[111.60948,-7.95406],[111.60996,-7.95395],[111.61041,-7.95458],[111.6109,-7.95508],[111.61125,-7.95552],[111.61158,-7.95601],[111.61168,-7.95597],[111.61273,-7.95474],[111.61327,-7.95396],[111.61336,-7.9541],[111.61349,-7.95422],[111.61397,-7.95451],[111.6145,-7.95462],[111.61499,-7.95483],[111.6153,-7.95501],[111.61534,-7.95514],[111.61532,-7.95571],[111.61506,-7.95663]]]}},{"type":"Feature","properties":{"ptnsbjname":"Kl, Bam, Rbt","namobj":"Kebun Campuran","_cls":"Kebun Campuran"},"geometry":{"type":"Polygon","coordinates":[[[111.57772,-7.99957],[111.57772,-7.99962],[111.57759,-7.99962],[111.57772,-7.99957]]]}},{"type":"Feature","properties":{"ptnsbjname":"Kl, Bam, Rbt","namobj":"Kebun Campuran","_cls":"Kebun Campuran"},"geometry":{"type":"Polygon","coordinates":[[[111.53802,-7.97814],[111.53824,-7.9782],[111.53884,-7.97811],[111.53878,-7.97997],[111.53858,-7.97995],[111.53848,-7.97973],[111.53845,-7.97932],[111.53837,-7.97915],[111.53817,-7.97915],[111.53807,-7.97925],[111.53804,-7.97959],[111.5378,-7.97963],[111.53739,-7.97976],[111.53689,-7.97943],[111.53663,-7.97915],[111.53666,-7.97892],[111.53683,-7.97883],[111.5369,-7.97874],[111.53684,-7.97862],[111.53667,-7.97854],[111.53668,-7.97818],[111.53676,-7.97807],[111.53693,-7.9781],[111.53699,-7.97832],[111.5371,-7.97835],[111.53715,-7.9783],[111.53728,-7.97787],[111.53749,-7.97789],[111.53758,-7.97794],[111.53788,-7.97797],[111.53802,-7.97814]]]}},{"type":"Feature","properties":{"ptnsbjname":"Kl, Bam, Rbt","namobj":"Kebun Campuran","_cls":"Kebun Campuran"},"geometry":{"type":"Polygon","coordinates":[[[111.57948,-7.97993],[111.58062,-7.98133],[111.58116,-7.9818],[111.58164,-7.98228],[111.58203,-7.98263],[111.58258,-7.98327],[111.58336,-7.98395],[111.58379,-7.9844],[111.58477,-7.98559],[111.58444,-7.98549],[111.58258,-7.98543],[111.58235,-7.9853],[111.58174,-7.98482],[111.58149,-7.98427],[111.58098,-7.98433],[111.58033,-7.98408],[111.57955,-7.98402],[111.57936,-7.98394],[111.57828,-7.98304],[111.57845,-7.98236],[111.57847,-7.98202],[111.57842,-7.98178],[111.57826,-7.98153],[111.57836,-7.98138],[111.57832,-7.98075],[111.57791,-7.97938],[111.57791,-7.97921],[111.57818,-7.97927],[111.57859,-7.97952],[111.57867,-7.97933],[111.57923,-7.9797],[111.57948,-7.97993]]]}},{"type":"Feature","properties":{"ptnsbjname":"Ps, Jg, Kt","namobj":"Tegalan/Ladang","_cls":"Tegalan/Ladang"},"geometry":{"type":"Polygon","coordinates":[[[111.57255,-7.97324],[111.57275,-7.97336],[111.57293,-7.97335],[111.57303,-7.97326],[111.57322,-7.97328],[111.57337,-7.97371],[111.57349,-7.97384],[111.57366,-7.97389],[111.57368,-7.9745],[111.57311,-7.9743],[111.57235,-7.97411],[111.57184,-7.97387],[111.57193,-7.97376],[111.57228,-7.9737],[111.57232,-7.97338],[111.57239,-7.97334],[111.57244,-7.97324],[111.57255,-7.97324]]]}},{"type":"Feature","properties":{"ptnsbjname":"Kl, Nk, Bam","namobj":"Kebun Campuran","_cls":"Kebun Campuran"},"geometry":{"type":"Polygon","coordinates":[[[111.53679,-7.9488],[111.53645,-7.94879],[111.53609,-7.94886],[111.53629,-7.94876],[111.53664,-7.94875],[111.53679,-7.9488]]]}},{"type":"Feature","properties":{"ptnsbjname":"Kl, Nk, Bam","namobj":"Kebun Campuran","_cls":"Kebun Campuran"},"geometry":{"type":"Polygon","coordinates":[[[111.59914,-7.93344],[111.59891,-7.93342],[111.59837,-7.93344],[111.5979,-7.9335],[111.5962,-7.93388],[111.59548,-7.93393],[111.5953,-7.93416],[111.59524,-7.93442],[111.59509,-7.93455],[111.59487,-7.93467],[111.59393,-7.93503],[111.59372,-7.9352],[111.59353,-7.93546],[111.59351,-7.93521],[111.59364,-7.93488],[111.59376,-7.93475],[111.59397,-7.93463],[111.59423,-7.93454],[111.59479,-7.9344],[111.59512,-7.93412],[111.59512,-7.93391],[111.59519,-7.93377],[111.59534,-7.93365],[111.59577,-7.9336],[111.59628,-7.93362],[111.59645,-7.93358],[111.59703,-7.93334],[111.59724,-7.93329],[111.59867,-7.93341],[111.599,-7.9334],[111.59914,-7.93344]]]}},{"type":"Feature","properties":{"ptnsbjname":"Ch, Nk, Kl","namobj":"Kebun Campuran","_cls":"Kebun Campuran"},"geometry":{"type":"Polygon","coordinates":[[[111.62282,-7.97596],[111.6227,-7.97627],[111.62258,-7.97675],[111.62251,-7.97683],[111.62175,-7.97722],[111.62085,-7.97758],[111.62057,-7.97781],[111.62026,-7.97801],[111.62027,-7.97904],[111.6201,-7.97911],[111.61998,-7.9792],[111.61997,-7.97928],[111.62012,-7.97937],[111.62028,-7.97952],[111.62025,-7.98005],[111.62006,-7.98051],[111.61978,-7.98077],[111.61896,-7.98104],[111.6184,-7.98113],[111.61845,-7.98129],[111.61859,-7.98148],[111.61853,-7.98156],[111.61814,-7.98167],[111.61783,-7.9817],[111.61781,-7.98166],[111.61783,-7.98155],[111.61803,-7.98132],[111.61802,-7.98126],[111.61792,-7.98118],[111.61757,-7.98123],[111.61725,-7.98118],[111.61706,-7.98107],[111.61696,-7.98083],[111.61699,-7.98069],[111.61709,-7.98048],[111.6171,-7.98029],[111.61707,-7.98],[111.61695,-7.97956],[111.61694,-7.97934],[111.61714,-7.97836],[111.61713,-7.97802],[111.61707,-7.9775],[111.61697,-7.97719],[111.61683,-7.97695],[111.61648,-7.97654],[111.61599,-7.9761],[111.61586,-7.9759],[111.61575,-7.97559],[111.61549,-7.97439],[111.61542,-7.97374],[111.61556,-7.97369],[111.61571,-7.97322],[111.61581,-7.97303],[111.61592,-7.97291],[111.61631,-7.97281],[111.61695,-7.97271],[111.61717,-7.97264],[111.61729,-7.97319],[111.61741,-7.97336],[111.61761,-7.97349],[111.61783,-7.97357],[111.61828,-7.97368],[111.61912,-7.97382],[111.61939,-7.97389],[111.61951,-7.97396],[111.61982,-7.97428],[111.62006,-7.97462],[111.62048,-7.97509],[111.6208,-7.975],[111.62103,-7.97501],[111.62143,-7.9751],[111.62197,-7.9753],[111.62282,-7.97596]]]}},{"type":"Feature","properties":{"ptnsbjname":"Kd, Uk, Kt","namobj":"Tegalan/Ladang","_cls":"Tegalan/Ladang"},"geometry":{"type":"Polygon","coordinates":[[[111.55041,-7.94977],[111.5505,-7.94954],[111.55061,-7.94945],[111.55176,-7.94956],[111.55225,-7.94958],[111.55288,-7.94946],[111.55309,-7.94935],[111.55291,-7.94962],[111.55256,-7.94986],[111.55211,-7.95004],[111.55168,-7.95001],[111.55131,-7.94983],[111.55102,-7.94976],[111.55062,-7.94973],[111.55041,-7.94977]]]}},{"type":"Feature","properties":{"ptnsbjname":"Ps, Jg, Kt","namobj":"Tegalan/Ladang","_cls":"Tegalan/Ladang"},"geometry":{"type":"Polygon","coordinates":[[[111.55407,-8.02319],[111.55413,-8.02358],[111.55384,-8.02356],[111.55341,-8.02347],[111.55311,-8.02336],[111.55272,-8.02315],[111.5526,-8.02271],[111.55267,-8.02164],[111.55235,-8.02032],[111.55138,-8.01997],[111.55035,-8.01965],[111.55003,-8.01948],[111.54992,-8.01929],[111.55001,-8.01879],[111.55018,-8.01844],[111.55038,-8.01816],[111.55085,-8.01769],[111.55194,-8.01774],[111.55248,-8.01782],[111.55277,-8.01818],[111.55306,-8.01904],[111.55308,-8.01928],[111.55328,-8.01987],[111.55349,-8.02045],[111.5537,-8.02088],[111.55374,-8.02112],[111.55378,-8.02164],[111.55373,-8.02229],[111.55407,-8.02319]]]}},{"type":"Feature","properties":{"ptnsbjname":"Ps, Jg, Kt","namobj":"Tegalan/Ladang","_cls":"Tegalan/Ladang"},"geometry":{"type":"Polygon","coordinates":[[[111.56696,-8.02289],[111.56652,-8.02341],[111.56619,-8.02385],[111.56587,-8.02405],[111.56561,-8.02418],[111.56544,-8.02422],[111.56505,-8.02402],[111.56549,-8.02404],[111.56561,-8.02398],[111.56578,-8.02258],[111.56588,-8.02233],[111.56607,-8.02211],[111.5664,-8.02184],[111.56612,-8.02213],[111.56696,-8.02289]]]}},{"type":"Feature","properties":{"ptnsbjname":"Ps, Jg, Kt","namobj":"Tegalan/Ladang","_cls":"Tegalan/Ladang"},"geometry":{"type":"Polygon","coordinates":[[[111.54237,-8.02014],[111.54291,-8.0204],[111.54389,-8.0205],[111.54384,-8.02215],[111.54373,-8.02272],[111.54355,-8.02303],[111.5433,-8.02327],[111.54314,-8.02331],[111.54292,-8.02332],[111.54226,-8.02302],[111.54168,-8.02265],[111.54117,-8.02216],[111.54059,-8.02139],[111.54035,-8.02084],[111.5403,-8.02053],[111.54033,-8.02018],[111.54122,-8.0202],[111.54206,-8.02004],[111.54237,-8.02014]]]}},{"type":"Feature","properties":{"ptnsbjname":"Ps, Jg, Kt","namobj":"Tegalan/Ladang","_cls":"Tegalan/Ladang"},"geometry":{"type":"Polygon","coordinates":[[[111.56853,-8.01271],[111.56927,-8.01291],[111.56912,-8.01317],[111.56834,-8.01303],[111.56799,-8.01342],[111.56791,-8.01398],[111.5695,-8.01457],[111.56982,-8.01428],[111.57035,-8.0144],[111.57105,-8.01446],[111.57217,-8.01432],[111.57294,-8.01412],[111.57303,-8.01359],[111.57335,-8.01373],[111.57339,-8.01386],[111.57335,-8.01439],[111.57339,-8.0146],[111.57365,-8.01519],[111.57385,-8.01547],[111.57398,-8.01558],[111.57521,-8.01554],[111.57624,-8.01563],[111.57645,-8.01561],[111.57673,-8.01546],[111.57715,-8.01506],[111.57723,-8.01502],[111.57752,-8.01517],[111.57732,-8.01569],[111.57731,-8.01586],[111.57768,-8.01618],[111.57779,-8.01645],[111.5775,-8.01781],[111.57727,-8.0183],[111.57725,-8.0184],[111.57729,-8.01864],[111.57693,-8.01882],[111.57672,-8.01884],[111.57594,-8.01868],[111.57494,-8.01834],[111.57453,-8.01824],[111.57426,-8.01795],[111.57407,-8.01782],[111.57355,-8.01816],[111.57323,-8.01776],[111.57238,-8.01836],[111.57168,-8.01896],[111.57138,-8.01925],[111.57148,-8.01959],[111.57098,-8.01993],[111.57062,-8.02008],[111.57094,-8.01938],[111.57108,-8.01852],[111.57115,-8.01771],[111.57096,-8.01703],[111.57013,-8.01668],[111.56905,-8.01612],[111.56861,-8.01654],[111.56927,-8.01692],[111.56905,-8.01784],[111.56864,-8.0188],[111.56841,-8.01961],[111.56882,-8.02023],[111.56879,-8.02051],[111.5689,-8.02081],[111.56907,-8.021],[111.56872,-8.02129],[111.56789,-8.02175],[111.56758,-8.02205],[111.56744,-8.02227],[111.56647,-8.02178],[111.5671,-8.02144],[111.56717,-8.02136],[111.56717,-8.02064],[111.5673,-8.02018],[111.56745,-8.01988],[111.56782,-8.01957],[111.56815,-8.019],[111.56831,-8.01867],[111.56862,-8.01785],[111.56863,-8.01762],[111.56855,-8.01736],[111.5684,-8.01706],[111.5677,-8.01604],[111.5673,-8.01553],[111.56635,-8.01483],[111.5653,-8.01414],[111.56597,-8.01304],[111.56611,-8.01289],[111.56635,-8.01283],[111.567,-8.01298],[111.56828,-8.01273],[111.56853,-8.01271]]]}},{"type":"Feature","properties":{"ptnsbjname":"Ps, Jg, Kt","namobj":"Tegalan/Ladang","_cls":"Tegalan/Ladang"},"geometry":{"type":"Polygon","coordinates":[[[111.56517,-8.01384],[111.56513,-8.01422],[111.56504,-8.01427],[111.56483,-8.01432],[111.56472,-8.01428],[111.56452,-8.01415],[111.56437,-8.01397],[111.56416,-8.01357],[111.56499,-8.01254],[111.56503,-8.0133],[111.56517,-8.01384]]]}},{"type":"Feature","properties":{"ptnsbjname":"Ps, Jg, Kt","namobj":"Tegalan/Ladang","_cls":"Tegalan/Ladang"},"geometry":{"type":"Polygon","coordinates":[[[111.60757,-7.99291],[111.60756,-7.99366],[111.60759,-7.99385],[111.60768,-7.99402],[111.60785,-7.99419],[111.608,-7.9944],[111.6074,-7.99494],[111.6073,-7.99535],[111.60743,-7.99567],[111.60716,-7.99581],[111.60675,-7.99687],[111.60663,-7.99734],[111.60667,-7.99764],[111.60665,-7.99784],[111.60658,-7.99807],[111.60633,-7.99848],[111.60623,-7.99872],[111.60621,-7.99924],[111.60612,-7.99989],[111.60597,-8.00011],[111.6055,-8.0001],[111.60541,-8.00002],[111.60528,-7.99998],[111.60508,-8.00005],[111.60488,-8.00018],[111.6045,-8.00068],[111.60409,-8.00087],[111.60385,-8.00091],[111.6037,-8.00085],[111.60358,-8.00073],[111.60337,-8.0011],[111.60331,-8.00133],[111.60325,-8.00188],[111.60313,-8.00205],[111.60279,-8.00239],[111.60207,-8.00278],[111.60148,-8.0032],[111.60121,-8.00342],[111.60092,-8.00372],[111.59983,-8.00377],[111.59933,-8.00368],[111.59934,-8.00328],[111.59924,-8.00276],[111.59938,-8.00241],[111.59966,-8.00126],[111.59984,-8.00084],[111.60044,-7.99974],[111.60081,-7.99876],[111.60117,-7.99791],[111.60141,-7.99711],[111.60164,-7.99575],[111.60222,-7.99509],[111.60234,-7.99481],[111.60242,-7.99447],[111.60248,-7.99365],[111.6028,-7.99306],[111.60281,-7.99285],[111.60327,-7.9927],[111.60393,-7.99259],[111.60432,-7.99241],[111.60454,-7.99261],[111.60495,-7.99281],[111.60522,-7.99288],[111.60551,-7.99288],[111.60615,-7.99256],[111.60634,-7.99249],[111.60645,-7.9925],[111.60693,-7.99257],[111.6071,-7.99274],[111.60757,-7.99291]]]}},{"type":"Feature","properties":{"ptnsbjname":"Ps, Jg, Kt","namobj":"Tegalan/Ladang","_cls":"Tegalan/Ladang"},"geometry":{"type":"Polygon","coordinates":[[[111.61503,-7.99339],[111.61446,-7.9934],[111.61449,-7.99299],[111.61444,-7.99235],[111.61457,-7.99241],[111.61503,-7.99339]]]}},{"type":"Feature","properties":{"ptnsbjname":"Ps, Jg, Kt","namobj":"Tegalan/Ladang","_cls":"Tegalan/Ladang"},"geometry":{"type":"Polygon","coordinates":[[[111.61217,-7.97388],[111.61105,-7.9743],[111.61086,-7.97461],[111.6107,-7.97466],[111.61053,-7.9746],[111.61032,-7.97447],[111.61024,-7.97434],[111.61016,-7.97404],[111.61017,-7.97389],[111.61025,-7.9738],[111.61055,-7.97356],[111.61066,-7.97343],[111.61077,-7.97315],[111.61075,-7.97263],[111.61085,-7.97231],[111.61084,-7.97216],[111.61033,-7.97172],[111.61003,-7.97116],[111.60991,-7.97082],[111.60991,-7.97064],[111.61009,-7.97019],[111.61004,-7.97006],[111.60989,-7.96996],[111.60972,-7.96993],[111.60905,-7.97019],[111.60894,-7.96974],[111.60892,-7.96936],[111.60906,-7.96905],[111.6091,-7.96859],[111.60907,-7.96839],[111.60968,-7.96849],[111.61002,-7.9686],[111.61034,-7.9688],[111.61046,-7.9689],[111.61077,-7.9695],[111.6113,-7.97027],[111.61168,-7.97106],[111.61187,-7.97159],[111.61192,-7.97188],[111.61192,-7.97235],[111.61195,-7.9728],[111.61202,-7.97293],[111.61222,-7.97304],[111.61207,-7.97339],[111.61203,-7.97357],[111.61217,-7.97388]]]}},{"type":"Feature","properties":{"ptnsbjname":"Ps, Jg, Kt","namobj":"Tegalan/Ladang","_cls":"Tegalan/Ladang"},"geometry":{"type":"Polygon","coordinates":[[[111.61426,-8.0079],[111.61395,-8.0079],[111.61359,-8.00779],[111.61331,-8.00759],[111.61295,-8.00747],[111.61256,-8.00742],[111.61238,-8.00734],[111.61213,-8.0071],[111.612,-8.00688],[111.61247,-8.00698],[111.61282,-8.00694],[111.61372,-8.00673],[111.61392,-8.00674],[111.61468,-8.007],[111.61439,-8.00768],[111.61426,-8.0079]]]}},{"type":"Feature","properties":{"ptnsbjname":"-","namobj":"Kampung Jarang Tidak Teratur","_cls":"Kampung Jarang Tidak Teratur"},"geometry":{"type":"Polygon","coordinates":[[[111.5569,-8.03995],[111.5568,-8.04061],[111.55594,-8.04045],[111.55573,-8.04129],[111.55557,-8.0414],[111.55521,-8.0415],[111.55449,-8.04135],[111.5548,-8.04076],[111.55392,-8.04054],[111.55427,-8.03994],[111.55395,-8.03974],[111.55415,-8.0386],[111.55436,-8.03784],[111.5547,-8.038],[111.55508,-8.03835],[111.55498,-8.03842],[111.55505,-8.03884],[111.55584,-8.03889],[111.55602,-8.03957],[111.5569,-8.03995]]]}},{"type":"Feature","properties":{"ptnsbjname":"-","namobj":"Kampung Jarang Tidak Teratur","_cls":"Kampung Jarang Tidak Teratur"},"geometry":{"type":"Polygon","coordinates":[[[111.57155,-8.03706],[111.57151,-8.03758],[111.57055,-8.03741],[111.57044,-8.03764],[111.56952,-8.03767],[111.56967,-8.03698],[111.57021,-8.0368],[111.57025,-8.03659],[111.57155,-8.03706]]]}},{"type":"Feature","properties":{"ptnsbjname":"-","namobj":"Kampung Jarang Tidak Teratur","_cls":"Kampung Jarang Tidak Teratur"},"geometry":{"type":"Polygon","coordinates":[[[111.5649,-8.03215],[111.56535,-8.03138],[111.56579,-8.03124],[111.56661,-8.03159],[111.56677,-8.03159],[111.56732,-8.03131],[111.56763,-8.0312],[111.56735,-8.03184],[111.56676,-8.03188],[111.56578,-8.03217],[111.56545,-8.03235],[111.5649,-8.03215]]]}},{"type":"Feature","properties":{"ptnsbjname":"-","namobj":"Kampung Jarang Tidak Teratur","_cls":"Kampung Jarang Tidak Teratur"},"geometry":{"type":"Polygon","coordinates":[[[111.59396,-8.01522],[111.59513,-8.01606],[111.59513,-8.01671],[111.59476,-8.01739],[111.59353,-8.01751],[111.59317,-8.01749],[111.59315,-8.01701],[111.59207,-8.01675],[111.59095,-8.01632],[111.5897,-8.01647],[111.58982,-8.01591],[111.58995,-8.01552],[111.58984,-8.01549],[111.59034,-8.01495],[111.59078,-8.01494],[111.59148,-8.01513],[111.59189,-8.01532],[111.5925,-8.01544],[111.5933,-8.01487],[111.59396,-8.01522]]]}},{"type":"Feature","properties":{"ptnsbjname":"-","namobj":"Kampung Jarang Tidak Teratur","_cls":"Kampung Jarang Tidak Teratur"},"geometry":{"type":"Polygon","coordinates":[[[111.59874,-8.01539],[111.59884,-8.01515],[111.59895,-8.01465],[111.59917,-8.01437],[111.59952,-8.01439],[111.60007,-8.0141],[111.60097,-8.01438],[111.60089,-8.01492],[111.60012,-8.01506],[111.60012,-8.01575],[111.59959,-8.01562],[111.59927,-8.01573],[111.59912,-8.0161],[111.59895,-8.0163],[111.59867,-8.01634],[111.59848,-8.01627],[111.59834,-8.016],[111.59874,-8.01539]]]}},{"type":"Feature","properties":{"ptnsbjname":"-","namobj":"Kampung Jarang Tidak Teratur","_cls":"Kampung Jarang Tidak Teratur"},"geometry":{"type":"Polygon","coordinates":[[[111.54967,-8.01373],[111.54942,-8.0141],[111.54871,-8.01382],[111.54824,-8.01335],[111.54826,-8.01307],[111.54841,-8.01269],[111.54878,-8.01243],[111.54917,-8.01235],[111.54959,-8.0125],[111.54969,-8.01347],[111.54967,-8.01373]]]}},{"type":"Feature","properties":{"ptnsbjname":"-","namobj":"Kampung Jarang Tidak Teratur","_cls":"Kampung Jarang Tidak Teratur"},"geometry":{"type":"Polygon","coordinates":[[[111.57303,-8.01359],[111.57294,-8.01412],[111.57217,-8.01432],[111.57105,-8.01446],[111.57035,-8.0144],[111.56982,-8.01428],[111.5695,-8.01457],[111.56791,-8.01398],[111.56799,-8.01342],[111.56834,-8.01303],[111.56912,-8.01317],[111.56927,-8.01291],[111.56914,-8.01286],[111.56934,-8.01264],[111.57025,-8.01288],[111.57146,-8.01313],[111.57169,-8.0128],[111.57153,-8.01234],[111.57243,-8.01214],[111.57287,-8.01222],[111.57286,-8.01315],[111.57305,-8.01327],[111.57303,-8.01359]]]}},{"type":"Feature","properties":{"ptnsbjname":"-","namobj":"Kampung Jarang Tidak Teratur","_cls":"Kampung Jarang Tidak Teratur"},"geometry":{"type":"Polygon","coordinates":[[[111.59447,-8.01399],[111.59429,-8.01407],[111.59364,-8.01375],[111.59353,-8.01319],[111.59358,-8.01266],[111.5939,-8.01256],[111.59381,-8.01236],[111.59379,-8.01206],[111.5945,-8.01231],[111.59453,-8.01324],[111.59447,-8.01399]]]}},{"type":"Feature","properties":{"ptnsbjname":"-","namobj":"Kampung Jarang Tidak Teratur","_cls":"Kampung Jarang Tidak Teratur"},"geometry":{"type":"Polygon","coordinates":[[[111.59342,-8.01162],[111.59333,-8.01201],[111.59274,-8.01188],[111.59217,-8.01193],[111.5922,-8.01321],[111.5921,-8.01347],[111.59196,-8.01468],[111.59155,-8.01452],[111.59117,-8.01432],[111.59071,-8.01391],[111.59092,-8.01371],[111.59107,-8.01342],[111.59116,-8.01287],[111.59142,-8.01177],[111.59154,-8.0115],[111.59211,-8.01149],[111.59259,-8.01141],[111.59293,-8.01145],[111.59342,-8.01162]]]}},{"type":"Feature","properties":{"ptnsbjname":"-","namobj":"Kampung Jarang Tidak Teratur","_cls":"Kampung Jarang Tidak Teratur"},"geometry":{"type":"Polygon","coordinates":[[[111.56853,-8.0104],[111.56868,-8.01122],[111.56829,-8.01177],[111.568,-8.01158],[111.56696,-8.01109],[111.56702,-8.01063],[111.56749,-8.01074],[111.56762,-8.01047],[111.56853,-8.0104]]]}},{"type":"Feature","properties":{"ptnsbjname":"-","namobj":"Kampung Jarang Tidak Teratur","_cls":"Kampung Jarang Tidak Teratur"},"geometry":{"type":"Polygon","coordinates":[[[111.55316,-8.01069],[111.55307,-8.01096],[111.55252,-8.01088],[111.55238,-8.01121],[111.55174,-8.01103],[111.55176,-8.01074],[111.55211,-8.01021],[111.55316,-8.01069]]]}},{"type":"Feature","properties":{"ptnsbjname":"-","namobj":"Kampung Jarang Tidak Teratur","_cls":"Kampung Jarang Tidak Teratur"},"geometry":{"type":"Polygon","coordinates":[[[111.57372,-8.01121],[111.57323,-8.01211],[111.57246,-8.01154],[111.57264,-8.01065],[111.57268,-8.01058],[111.57285,-8.01043],[111.57303,-8.00992],[111.5736,-8.01009],[111.57372,-8.01121]]]}},{"type":"Feature","properties":{"ptnsbjname":"-","namobj":"Kampung Jarang Tidak Teratur","_cls":"Kampung Jarang Tidak Teratur"},"geometry":{"type":"Polygon","coordinates":[[[111.56541,-8.01136],[111.56524,-8.01169],[111.56522,-8.0118],[111.56524,-8.01211],[111.56499,-8.01254],[111.56474,-8.01287],[111.56416,-8.01357],[111.5641,-8.01345],[111.5642,-8.01268],[111.5641,-8.01232],[111.56391,-8.01197],[111.56368,-8.01172],[111.56345,-8.01151],[111.56305,-8.01164],[111.56262,-8.01133],[111.56209,-8.01156],[111.56158,-8.01102],[111.56137,-8.01072],[111.56083,-8.01036],[111.56164,-8.01019],[111.56193,-8.01003],[111.56218,-8.00984],[111.56253,-8.0099],[111.56263,-8.01025],[111.56284,-8.01075],[111.56295,-8.01091],[111.56299,-8.01076],[111.56302,-8.01081],[111.56349,-8.0102],[111.56407,-8.01048],[111.56387,-8.0111],[111.56495,-8.01134],[111.56541,-8.01136]]]}},{"type":"Feature","properties":{"ptnsbjname":"-","namobj":"Kampung Jarang Tidak Teratur","_cls":"Kampung Jarang Tidak Teratur"},"geometry":{"type":"Polygon","coordinates":[[[111.56006,-8.00973],[111.55903,-8.0101],[111.55909,-8.00965],[111.55995,-8.00943],[111.56006,-8.00973]]]}},{"type":"Feature","properties":{"ptnsbjname":"-","namobj":"Kampung Jarang Tidak Teratur","_cls":"Kampung Jarang Tidak Teratur"},"geometry":{"type":"Polygon","coordinates":[[[111.5615,-8.0097],[111.56132,-8.01004],[111.56053,-8.00994],[111.56038,-8.00943],[111.56086,-8.00948],[111.5615,-8.0097]]]}},{"type":"Feature","properties":{"ptnsbjname":"-","namobj":"Kampung Jarang Tidak Teratur","_cls":"Kampung Jarang Tidak Teratur"},"geometry":{"type":"Polygon","coordinates":[[[111.58417,-7.98484],[111.58379,-7.9844],[111.58336,-7.98395],[111.58258,-7.98327],[111.58203,-7.98263],[111.58049,-7.98121],[111.57986,-7.9804],[111.58101,-7.98114],[111.58113,-7.98116],[111.58164,-7.98093],[111.5818,-7.98104],[111.58201,-7.98128],[111.5832,-7.98181],[111.58324,-7.982],[111.5832,-7.98243],[111.58326,-7.98263],[111.5835,-7.98292],[111.58416,-7.98346],[111.58443,-7.9838],[111.58473,-7.98406],[111.58501,-7.9842],[111.58517,-7.98424],[111.58492,-7.98464],[111.58417,-7.98484]]]}},{"type":"Feature","properties":{"ptnsbjname":"-","namobj":"Kampung Jarang Tidak Teratur","_cls":"Kampung Jarang Tidak Teratur"},"geometry":{"type":"Polygon","coordinates":[[[111.5468,-7.97649],[111.54659,-7.9769],[111.54649,-7.97729],[111.54622,-7.97722],[111.54601,-7.97731],[111.54569,-7.97727],[111.5457,-7.97707],[111.54536,-7.97689],[111.5454,-7.97671],[111.54556,-7.97668],[111.5456,-7.97648],[111.54576,-7.9765],[111.54592,-7.97659],[111.54615,-7.97649],[111.5464,-7.97657],[111.54653,-7.97667],[111.54655,-7.97652],[111.54661,-7.97642],[111.5468,-7.97649]]]}},{"type":"Feature","properties":{"ptnsbjname":"-","namobj":"Kampung Jarang Tidak Teratur","_cls":"Kampung Jarang Tidak Teratur"},"geometry":{"type":"Polygon","coordinates":[[[111.56773,-8.04126],[111.56831,-8.04139],[111.56907,-8.04129],[111.56913,-8.04177],[111.56911,-8.04223],[111.56851,-8.04215],[111.56773,-8.04185],[111.56773,-8.04126]]]}},{"type":"Feature","properties":{"ptnsbjname":"-","namobj":"Kampung Jarang Tidak Teratur","_cls":"Kampung Jarang Tidak Teratur"},"geometry":{"type":"Polygon","coordinates":[[[111.56649,-8.04106],[111.56605,-8.04189],[111.56511,-8.04148],[111.5649,-8.04103],[111.56511,-8.04056],[111.56535,-8.04027],[111.56584,-8.04089],[111.56649,-8.04106]]]}},{"type":"Feature","properties":{"ptnsbjname":"-","namobj":"Kampung Jarang Tidak Teratur","_cls":"Kampung Jarang Tidak Teratur"},"geometry":{"type":"Polygon","coordinates":[[[111.55211,-8.03967],[111.55224,-8.03997],[111.55256,-8.03986],[111.55302,-8.04076],[111.55314,-8.04121],[111.55449,-8.04179],[111.55445,-8.04205],[111.55507,-8.04249],[111.55499,-8.04279],[111.5549,-8.0429],[111.55462,-8.04313],[111.55325,-8.04217],[111.5524,-8.04168],[111.55235,-8.04147],[111.55194,-8.04057],[111.55177,-8.03978],[111.55211,-8.03967]]]}},{"type":"Feature","properties":{"ptnsbjname":"-","namobj":"Kampung Jarang Tidak Teratur","_cls":"Kampung Jarang Tidak Teratur"},"geometry":{"type":"Polygon","coordinates":[[[111.56401,-8.03547],[111.56323,-8.03587],[111.56306,-8.03563],[111.56321,-8.0353],[111.563,-8.03491],[111.56365,-8.03413],[111.56574,-8.03369],[111.56594,-8.03406],[111.56597,-8.03443],[111.56498,-8.03497],[111.56443,-8.03544],[111.56401,-8.03547]]]}},{"type":"Feature","properties":{"ptnsbjname":"-","namobj":"Kampung Jarang Tidak Teratur","_cls":"Kampung Jarang Tidak Teratur"},"geometry":{"type":"Polygon","coordinates":[[[111.61217,-7.97388],[111.61243,-7.97436],[111.61238,-7.97451],[111.61185,-7.97483],[111.61115,-7.9753],[111.61094,-7.97555],[111.61094,-7.97572],[111.61084,-7.97571],[111.61053,-7.97559],[111.61011,-7.97538],[111.60988,-7.9752],[111.60975,-7.97504],[111.60953,-7.97368],[111.60925,-7.97356],[111.60917,-7.97299],[111.60926,-7.97228],[111.60922,-7.97175],[111.60911,-7.97125],[111.60908,-7.97088],[111.60912,-7.97068],[111.6093,-7.9705],[111.60905,-7.97019],[111.60972,-7.96993],[111.60989,-7.96996],[111.61004,-7.97006],[111.61009,-7.97019],[111.60991,-7.97064],[111.60991,-7.97082],[111.61003,-7.97116],[111.61033,-7.97172],[111.61084,-7.97216],[111.61085,-7.97231],[111.61075,-7.97263],[111.61077,-7.97315],[111.61066,-7.97343],[111.61055,-7.97356],[111.61025,-7.9738],[111.61017,-7.97389],[111.61016,-7.97404],[111.61024,-7.97434],[111.61032,-7.97447],[111.61053,-7.9746],[111.6107,-7.97466],[111.61086,-7.97461],[111.61105,-7.9743],[111.61217,-7.97388]]]}},{"type":"Feature","properties":{"ptnsbjname":"-","namobj":"Kampung Jarang Tidak Teratur","_cls":"Kampung Jarang Tidak Teratur"},"geometry":{"type":"Polygon","coordinates":[[[111.6248,-7.97128],[111.62481,-7.97083],[111.62487,-7.97052],[111.62484,-7.97015],[111.62475,-7.96968],[111.62498,-7.96965],[111.62507,-7.96978],[111.62529,-7.97026],[111.62537,-7.97075],[111.62521,-7.97139],[111.6248,-7.97128]]]}},{"type":"Feature","properties":{"ptnsbjname":"-","namobj":"Kampung Jarang Tidak Teratur","_cls":"Kampung Jarang Tidak Teratur"},"geometry":{"type":"Polygon","coordinates":[[[111.6274,-7.97062],[111.62705,-7.97043],[111.62753,-7.96937],[111.62783,-7.96951],[111.62777,-7.96981],[111.6274,-7.97062]]]}},{"type":"Feature","properties":{"ptnsbjname":"-","namobj":"Kampung Jarang Tidak Teratur","_cls":"Kampung Jarang Tidak Teratur"},"geometry":{"type":"Polygon","coordinates":[[[111.57119,-8.03137],[111.57089,-8.032],[111.57006,-8.03136],[111.57023,-8.03048],[111.57098,-8.03113],[111.57119,-8.03137]]]}},{"type":"Feature","properties":{"ptnsbjname":"-","namobj":"Kampung Jarang Tidak Teratur","_cls":"Kampung Jarang Tidak Teratur"},"geometry":{"type":"Polygon","coordinates":[[[111.55203,-7.96925],[111.55187,-7.9693],[111.55165,-7.96943],[111.55106,-7.96999],[111.55079,-7.97021],[111.5507,-7.97023],[111.55056,-7.97053],[111.5505,-7.97076],[111.55076,-7.9709],[111.55034,-7.97145],[111.55013,-7.97145],[111.54994,-7.97178],[111.54983,-7.97198],[111.54929,-7.97331],[111.54912,-7.97354],[111.54871,-7.97431],[111.54851,-7.97476],[111.54831,-7.97474],[111.54785,-7.97454],[111.54876,-7.97287],[111.54834,-7.97267],[111.5483,-7.97262],[111.54849,-7.97175],[111.54886,-7.97175],[111.54931,-7.97186],[111.54984,-7.9708],[111.54939,-7.97073],[111.54932,-7.97083],[111.54919,-7.97088],[111.54916,-7.97093],[111.5491,-7.97121],[111.549,-7.97137],[111.54877,-7.97132],[111.54847,-7.97113],[111.54844,-7.971],[111.54827,-7.97091],[111.54811,-7.97104],[111.54797,-7.97111],[111.54769,-7.97111],[111.54768,-7.97088],[111.54747,-7.97088],[111.54744,-7.97112],[111.54679,-7.97113],[111.54677,-7.97066],[111.54646,-7.97063],[111.54637,-7.97109],[111.54572,-7.97091],[111.54513,-7.97082],[111.5451,-7.9705],[111.54285,-7.97043],[111.54287,-7.96998],[111.5431,-7.96998],[111.54309,-7.96968],[111.54346,-7.9697],[111.54398,-7.96979],[111.54438,-7.96991],[111.5455,-7.97009],[111.54569,-7.97003],[111.54595,-7.97003],[111.54663,-7.96978],[111.54746,-7.96961],[111.54747,-7.96948],[111.54761,-7.96915],[111.54761,-7.9687],[111.54789,-7.96869],[111.54784,-7.96953],[111.54839,-7.96952],[111.54849,-7.96922],[111.54855,-7.96891],[111.54854,-7.96846],[111.54904,-7.96804],[111.54907,-7.96795],[111.54907,-7.96754],[111.54924,-7.96744],[111.54953,-7.96744],[111.54953,-7.96682],[111.54987,-7.96701],[111.55025,-7.96747],[111.55041,-7.96774],[111.55095,-7.96839],[111.55134,-7.9688],[111.55161,-7.96914],[111.55203,-7.96925]]]}},{"type":"Feature","properties":{"ptnsbjname":"-","namobj":"Kampung Jarang Tidak Teratur","_cls":"Kampung Jarang Tidak Teratur"},"geometry":{"type":"Polygon","coordinates":[[[111.55144,-8.02563],[111.552,-8.0261],[111.55219,-8.02605],[111.55265,-8.02614],[111.55306,-8.02631],[111.55383,-8.0267],[111.55385,-8.02673],[111.55381,-8.02697],[111.55287,-8.02671],[111.55255,-8.02745],[111.55176,-8.0273],[111.55143,-8.02712],[111.55093,-8.02603],[111.55144,-8.02563]]]}},{"type":"Feature","properties":{"ptnsbjname":"-","namobj":"Kampung Jarang Tidak Teratur","_cls":"Kampung Jarang Tidak Teratur"},"geometry":{"type":"Polygon","coordinates":[[[111.56065,-8.02427],[111.56036,-8.02452],[111.55946,-8.02512],[111.55914,-8.02544],[111.55864,-8.02564],[111.55822,-8.02589],[111.55799,-8.026],[111.55778,-8.02603],[111.55726,-8.02589],[111.55838,-8.02522],[111.55958,-8.02457],[111.56022,-8.02413],[111.56065,-8.02427]]]}},{"type":"Feature","properties":{"ptnsbjname":"-","namobj":"Kampung Jarang Tidak Teratur","_cls":"Kampung Jarang Tidak Teratur"},"geometry":{"type":"Polygon","coordinates":[[[111.57657,-8.02471],[111.57638,-8.0248],[111.57612,-8.02458],[111.57594,-8.02427],[111.57593,-8.02419],[111.57617,-8.02396],[111.57648,-8.02356],[111.57676,-8.02375],[111.57657,-8.02471]]]}},{"type":"Feature","properties":{"ptnsbjname":"-","namobj":"Kampung Jarang Tidak Teratur","_cls":"Kampung Jarang Tidak Teratur"},"geometry":{"type":"Polygon","coordinates":[[[111.55502,-8.02516],[111.55489,-8.02466],[111.5549,-8.02369],[111.55546,-8.02321],[111.55594,-8.02354],[111.556,-8.02385],[111.55589,-8.02494],[111.55578,-8.02539],[111.55537,-8.02542],[111.55502,-8.02516]]]}},{"type":"Feature","properties":{"ptnsbjname":"-","namobj":"Kampung Jarang Tidak Teratur","_cls":"Kampung Jarang Tidak Teratur"},"geometry":{"type":"Polygon","coordinates":[[[111.56744,-8.02227],[111.56718,-8.02264],[111.56696,-8.02289],[111.56612,-8.02213],[111.56647,-8.02178],[111.56744,-8.02227]]]}},{"type":"Feature","properties":{"ptnsbjname":"-","namobj":"Kampung Jarang Tidak Teratur","_cls":"Kampung Jarang Tidak Teratur"},"geometry":{"type":"Polygon","coordinates":[[[111.57729,-8.01864],[111.5774,-8.01894],[111.57834,-8.01946],[111.57875,-8.01947],[111.58005,-8.02055],[111.57995,-8.02104],[111.58115,-8.02204],[111.58156,-8.02251],[111.58116,-8.0229],[111.58099,-8.02267],[111.58054,-8.02305],[111.58021,-8.02257],[111.57965,-8.02204],[111.57943,-8.02237],[111.5798,-8.0229],[111.57942,-8.0232],[111.57868,-8.02314],[111.5778,-8.02297],[111.5768,-8.0232],[111.57656,-8.0232],[111.5765,-8.02273],[111.57651,-8.02234],[111.57656,-8.02215],[111.57664,-8.02201],[111.57682,-8.02182],[111.57779,-8.02154],[111.57779,-8.02122],[111.57767,-8.02088],[111.57719,-8.02045],[111.57633,-8.02012],[111.57541,-8.01995],[111.57442,-8.01944],[111.57468,-8.01827],[111.57594,-8.01868],[111.57672,-8.01884],[111.57693,-8.01882],[111.57729,-8.01864]]]}},{"type":"Feature","properties":{"ptnsbjname":"-","namobj":"Kampung Jarang Tidak Teratur","_cls":"Kampung Jarang Tidak Teratur"},"geometry":{"type":"Polygon","coordinates":[[[111.57355,-8.01816],[111.57403,-8.01898],[111.57351,-8.0195],[111.5729,-8.01922],[111.57202,-8.01995],[111.57168,-8.01951],[111.57148,-8.01959],[111.57138,-8.01925],[111.57168,-8.01896],[111.57238,-8.01836],[111.57323,-8.01776],[111.57355,-8.01816]]]}},{"type":"Feature","properties":{"ptnsbjname":"-","namobj":"Kampung Jarang Tidak Teratur","_cls":"Kampung Jarang Tidak Teratur"},"geometry":{"type":"Polygon","coordinates":[[[111.59076,-8.01742],[111.59089,-8.01826],[111.59027,-8.01815],[111.58954,-8.01809],[111.58899,-8.01796],[111.58871,-8.01783],[111.58883,-8.01746],[111.5899,-8.01749],[111.59076,-8.01742]]]}},{"type":"Feature","properties":{"ptnsbjname":"-","namobj":"Kampung Jarang Tidak Teratur","_cls":"Kampung Jarang Tidak Teratur"},"geometry":{"type":"Polygon","coordinates":[[[111.57978,-8.01883],[111.57935,-8.01895],[111.57896,-8.01893],[111.57858,-8.01872],[111.57841,-8.01847],[111.57865,-8.01831],[111.57932,-8.01766],[111.57969,-8.01735],[111.58,-8.01757],[111.57978,-8.01883]]]}},{"type":"Feature","properties":{"ptnsbjname":"-","namobj":"Kampung Jarang Tidak Teratur","_cls":"Kampung Jarang Tidak Teratur"},"geometry":{"type":"Polygon","coordinates":[[[111.5775,-8.01781],[111.57767,-8.01704],[111.57864,-8.0172],[111.57855,-8.018],[111.57804,-8.01797],[111.5775,-8.01781]]]}},{"type":"Feature","properties":{"ptnsbjname":"-","namobj":"Kampung Jarang Tidak Teratur","_cls":"Kampung Jarang Tidak Teratur"},"geometry":{"type":"Polygon","coordinates":[[[111.54922,-8.01713],[111.54957,-8.01712],[111.54981,-8.01702],[111.5505,-8.01747],[111.5503,-8.01824],[111.54976,-8.01817],[111.54969,-8.01785],[111.54952,-8.0175],[111.54922,-8.01713]]]}},{"type":"Feature","properties":{"ptnsbjname":"-","namobj":"Kampung Jarang Tidak Teratur","_cls":"Kampung Jarang Tidak Teratur"},"geometry":{"type":"Polygon","coordinates":[[[111.57062,-8.02008],[111.5696,-8.02056],[111.56907,-8.021],[111.5689,-8.02081],[111.56879,-8.02051],[111.56882,-8.02023],[111.56841,-8.01961],[111.56864,-8.0188],[111.56905,-8.01784],[111.56927,-8.01692],[111.56861,-8.01654],[111.56905,-8.01612],[111.57013,-8.01668],[111.57096,-8.01703],[111.57115,-8.01771],[111.57108,-8.01852],[111.57094,-8.01938],[111.57062,-8.02008]]]}},{"type":"Feature","properties":{"ptnsbjname":"-","namobj":"Kampung Jarang Tidak Teratur","_cls":"Kampung Jarang Tidak Teratur"},"geometry":{"type":"Polygon","coordinates":[[[111.57779,-8.01645],[111.57768,-8.01618],[111.57745,-8.01599],[111.57791,-8.01589],[111.57929,-8.01638],[111.57928,-8.01677],[111.57847,-8.01651],[111.57779,-8.01645]]]}},{"type":"Feature","properties":{"ptnsbjname":"-","namobj":"Kampung Jarang Tidak Teratur","_cls":"Kampung Jarang Tidak Teratur"},"geometry":{"type":"Polygon","coordinates":[[[111.62001,-7.95794],[111.62082,-7.95801],[111.62057,-7.95906],[111.62046,-7.95982],[111.62033,-7.96027],[111.62005,-7.96089],[111.62007,-7.96265],[111.62052,-7.96352],[111.62024,-7.96378],[111.61975,-7.96405],[111.61929,-7.96438],[111.61909,-7.96447],[111.61877,-7.96484],[111.61807,-7.9655],[111.61759,-7.96607],[111.61736,-7.96643],[111.61721,-7.96675],[111.61681,-7.96831],[111.61664,-7.96851],[111.61612,-7.96883],[111.61566,-7.96898],[111.61548,-7.96899],[111.61458,-7.96878],[111.61401,-7.96871],[111.61317,-7.96889],[111.6129,-7.96887],[111.61279,-7.96881],[111.61289,-7.96849],[111.61288,-7.96831],[111.6128,-7.96825],[111.61177,-7.96797],[111.61166,-7.96785],[111.61165,-7.96772],[111.61173,-7.96739],[111.61213,-7.96679],[111.61224,-7.96652],[111.61238,-7.96646],[111.61243,-7.96576],[111.61248,-7.96554],[111.61269,-7.96532],[111.61279,-7.96517],[111.61304,-7.9646],[111.61292,-7.96453],[111.61272,-7.9641],[111.61258,-7.96305],[111.61245,-7.96256],[111.61228,-7.96222],[111.61317,-7.96208],[111.61438,-7.96173],[111.61463,-7.96161],[111.61547,-7.96148],[111.61512,-7.95916],[111.61508,-7.95819],[111.61498,-7.95809],[111.61484,-7.95805],[111.61491,-7.95784],[111.61491,-7.95749],[111.61498,-7.95711],[111.61514,-7.95716],[111.61729,-7.95741],[111.61735,-7.95766],[111.61805,-7.95775],[111.61861,-7.95786],[111.61902,-7.958],[111.62002,-7.95844],[111.62001,-7.95794]]]}},{"type":"Feature","properties":{"ptnsbjname":"-","namobj":"Kampung Jarang Tidak Teratur","_cls":"Kampung Jarang Tidak Teratur"},"geometry":{"type":"Polygon","coordinates":[[[111.60788,-8.00907],[111.6078,-8.00906],[111.60781,-8.00869],[111.60805,-8.00868],[111.60799,-8.00875],[111.60789,-8.00894],[111.60788,-8.00907]]]}},{"type":"Feature","properties":{"ptnsbjname":"-","namobj":"Kampung Jarang Tidak Teratur","_cls":"Kampung Jarang Tidak Teratur"},"geometry":{"type":"Polygon","coordinates":[[[111.55983,-7.95113],[111.55989,-7.95123],[111.56003,-7.95123],[111.5601,-7.95147],[111.56033,-7.95143],[111.56057,-7.95223],[111.56078,-7.95215],[111.56152,-7.95174],[111.56208,-7.95159],[111.56211,-7.95187],[111.56223,-7.95239],[111.56234,-7.95261],[111.56093,-7.95304],[111.56043,-7.95316],[111.5605,-7.95339],[111.56072,-7.95333],[111.56085,-7.95369],[111.56058,-7.95381],[111.56042,-7.9535],[111.56034,-7.95348],[111.56013,-7.95361],[111.55975,-7.95373],[111.55979,-7.95388],[111.5595,-7.95397],[111.55928,-7.95374],[111.55921,-7.95368],[111.55904,-7.95365],[111.55903,-7.95359],[111.55914,-7.9534],[111.55908,-7.95328],[111.559,-7.95326],[111.55889,-7.95312],[111.55899,-7.95297],[111.55923,-7.95287],[111.55917,-7.9526],[111.56005,-7.95241],[111.55997,-7.95211],[111.56026,-7.95197],[111.56018,-7.9517],[111.55952,-7.95187],[111.55923,-7.95191],[111.55913,-7.95172],[111.55939,-7.9516],[111.55944,-7.9513],[111.55949,-7.95123],[111.55983,-7.95113]]]}},{"type":"Feature","properties":{"ptnsbjname":"-","namobj":"Kampung Jarang Tidak Teratur","_cls":"Kampung Jarang Tidak Teratur"},"geometry":{"type":"Polygon","coordinates":[[[111.56329,-7.95037],[111.56368,-7.95041],[111.56369,-7.95061],[111.56415,-7.9506],[111.56416,-7.95076],[111.56411,-7.95084],[111.56403,-7.95087],[111.56365,-7.95089],[111.56361,-7.95082],[111.56351,-7.95076],[111.56304,-7.95079],[111.56299,-7.95064],[111.56301,-7.95053],[111.56308,-7.95043],[111.56311,-7.95014],[111.56326,-7.95014],[111.56329,-7.95037]]]}},{"type":"Feature","properties":{"ptnsbjname":"-","namobj":"Kampung Jarang Tidak Teratur","_cls":"Kampung Jarang Tidak Teratur"},"geometry":{"type":"Polygon","coordinates":[[[111.55268,-7.95015],[111.55279,-7.95069],[111.55279,-7.95098],[111.55276,-7.95118],[111.55265,-7.95143],[111.55256,-7.95151],[111.5517,-7.9515],[111.55137,-7.95139],[111.55118,-7.95123],[111.5512,-7.95064],[111.55113,-7.95011],[111.55134,-7.95004],[111.55152,-7.95006],[111.55205,-7.95035],[111.55221,-7.95039],[111.55246,-7.95036],[111.55268,-7.95015]]]}},{"type":"Feature","properties":{"ptnsbjname":"-","namobj":"Kampung Jarang Tidak Teratur","_cls":"Kampung Jarang Tidak Teratur"},"geometry":{"type":"Polygon","coordinates":[[[111.53289,-7.95616],[111.53274,-7.9566],[111.53251,-7.95711],[111.53214,-7.95708],[111.53185,-7.9571],[111.53171,-7.95639],[111.53161,-7.95402],[111.53155,-7.95374],[111.53345,-7.95326],[111.53411,-7.95319],[111.53494,-7.95288],[111.53489,-7.95264],[111.53497,-7.95259],[111.53501,-7.95246],[111.53517,-7.95235],[111.53515,-7.95226],[111.53525,-7.95211],[111.53528,-7.95198],[111.53536,-7.95184],[111.53542,-7.9514],[111.53508,-7.95142],[111.53501,-7.9512],[111.53503,-7.95111],[111.53546,-7.9508],[111.53571,-7.95079],[111.5363,-7.95044],[111.53636,-7.95044],[111.53645,-7.95034],[111.53657,-7.95028],[111.53675,-7.95031],[111.53704,-7.95027],[111.53706,-7.95015],[111.53694,-7.9501],[111.53693,-7.94999],[111.5372,-7.94972],[111.53767,-7.94983],[111.53768,-7.95012],[111.538,-7.95034],[111.53806,-7.95042],[111.53812,-7.95058],[111.53813,-7.95075],[111.53882,-7.95094],[111.53888,-7.9507],[111.53911,-7.95072],[111.53913,-7.9509],[111.53939,-7.951],[111.53927,-7.95121],[111.53929,-7.95129],[111.54009,-7.95144],[111.54023,-7.95158],[111.5406,-7.95169],[111.54056,-7.95188],[111.54038,-7.9519],[111.54029,-7.95202],[111.54023,-7.95205],[111.54003,-7.95206],[111.53978,-7.95199],[111.5395,-7.95197],[111.53938,-7.9516],[111.53891,-7.95158],[111.53881,-7.95286],[111.53875,-7.95329],[111.53869,-7.9534],[111.53857,-7.95343],[111.53834,-7.95342],[111.53732,-7.95325],[111.5361,-7.95327],[111.53582,-7.95331],[111.53583,-7.95422],[111.5361,-7.95566],[111.53294,-7.95586],[111.53289,-7.95616]]]}},{"type":"Feature","properties":{"ptnsbjname":"-","namobj":"Kampung Jarang Tidak Teratur","_cls":"Kampung Jarang Tidak Teratur"},"geometry":{"type":"Polygon","coordinates":[[[111.54018,-7.94919],[111.54078,-7.94923],[111.54079,-7.94901],[111.5411,-7.94898],[111.54114,-7.94929],[111.5412,-7.9494],[111.54138,-7.94939],[111.54157,-7.94929],[111.54186,-7.94939],[111.54189,-7.94957],[111.542,-7.94971],[111.54206,-7.94975],[111.54222,-7.94975],[111.54229,-7.95004],[111.54236,-7.95073],[111.54236,-7.95186],[111.54254,-7.95199],[111.54252,-7.95211],[111.54238,-7.95226],[111.54194,-7.95226],[111.54185,-7.95214],[111.54184,-7.95167],[111.54212,-7.95159],[111.54207,-7.95133],[111.54176,-7.9513],[111.54172,-7.95122],[111.54167,-7.95088],[111.54169,-7.95057],[111.54163,-7.95007],[111.54155,-7.94998],[111.54099,-7.94992],[111.54089,-7.94973],[111.54036,-7.94959],[111.54023,-7.94949],[111.53997,-7.94941],[111.53975,-7.94929],[111.53973,-7.9492],[111.53979,-7.94895],[111.54009,-7.949],[111.54012,-7.94916],[111.54018,-7.94919]]]}},{"type":"Feature","properties":{"ptnsbjname":"-","namobj":"Kampung Jarang Tidak Teratur","_cls":"Kampung Jarang Tidak Teratur"},"geometry":{"type":"Polygon","coordinates":[[[111.60121,-7.98403],[111.60106,-7.98482],[111.60095,-7.98563],[111.6008,-7.98637],[111.60062,-7.98763],[111.60008,-7.98741],[111.59928,-7.98717],[111.59915,-7.98706],[111.59877,-7.98654],[111.59851,-7.98602],[111.59852,-7.98565],[111.59845,-7.9844],[111.59839,-7.98427],[111.59921,-7.98418],[111.59917,-7.98318],[111.59935,-7.98283],[111.59947,-7.98249],[111.59964,-7.98135],[111.5999,-7.98044],[111.60001,-7.98019],[111.60006,-7.98014],[111.60019,-7.98017],[111.6003,-7.98026],[111.6003,-7.98067],[111.60037,-7.98078],[111.60077,-7.98084],[111.60127,-7.98096],[111.60161,-7.98111],[111.60163,-7.98149],[111.60155,-7.98187],[111.60146,-7.98269],[111.60113,-7.98379],[111.60114,-7.98395],[111.60121,-7.98403]]]}},{"type":"Feature","properties":{"ptnsbjname":"-","namobj":"Kampung Jarang Tidak Teratur","_cls":"Kampung Jarang Tidak Teratur"},"geometry":{"type":"Polygon","coordinates":[[[111.54607,-7.9777],[111.54603,-7.97793],[111.54587,-7.97808],[111.54587,-7.97822],[111.5459,-7.97826],[111.54614,-7.97836],[111.54612,-7.9788],[111.54593,-7.97886],[111.54561,-7.97885],[111.54544,-7.97904],[111.54533,-7.979],[111.54514,-7.97899],[111.54492,-7.97914],[111.5447,-7.97915],[111.54473,-7.97892],[111.54482,-7.97875],[111.54483,-7.97845],[111.54492,-7.97833],[111.54511,-7.97822],[111.54518,-7.97811],[111.54515,-7.97766],[111.54607,-7.9777]]]}},{"type":"Feature","properties":{"ptnsbjname":"-","namobj":"Kampung Jarang Tidak Teratur","_cls":"Kampung Jarang Tidak Teratur"},"geometry":{"type":"Polygon","coordinates":[[[111.62535,-7.97949],[111.62542,-7.97931],[111.62567,-7.97891],[111.62616,-7.97828],[111.62639,-7.97785],[111.62663,-7.97781],[111.62682,-7.97773],[111.62711,-7.9774],[111.62827,-7.97784],[111.62805,-7.97829],[111.62724,-7.97813],[111.62714,-7.9782],[111.62704,-7.97926],[111.62607,-7.97934],[111.62535,-7.97949]]]}},{"type":"Feature","properties":{"ptnsbjname":"-","namobj":"Kampung Jarang Tidak Teratur","_cls":"Kampung Jarang Tidak Teratur"},"geometry":{"type":"Polygon","coordinates":[[[111.62881,-7.97512],[111.62873,-7.97523],[111.62772,-7.97551],[111.62754,-7.97566],[111.62721,-7.97558],[111.62594,-7.97514],[111.62558,-7.97515],[111.62507,-7.97508],[111.62481,-7.97511],[111.62459,-7.97508],[111.62441,-7.97496],[111.62395,-7.9745],[111.62398,-7.97441],[111.62393,-7.97402],[111.62375,-7.97331],[111.62417,-7.97274],[111.62418,-7.97305],[111.62482,-7.97334],[111.62532,-7.97368],[111.62529,-7.97405],[111.62583,-7.97455],[111.6267,-7.97478],[111.62668,-7.97439],[111.62733,-7.97453],[111.62839,-7.97442],[111.62861,-7.97464],[111.62881,-7.97512]]]}},{"type":"Feature","properties":{"ptnsbjname":"-","namobj":"Kampung Jarang Tidak Teratur","_cls":"Kampung Jarang Tidak Teratur"},"geometry":{"type":"Polygon","coordinates":[[[111.62866,-7.97199],[111.6285,-7.97203],[111.62833,-7.972],[111.62811,-7.97191],[111.62775,-7.97158],[111.62806,-7.97146],[111.62812,-7.97136],[111.62809,-7.97121],[111.6285,-7.97117],[111.62873,-7.97173],[111.62866,-7.97199]]]}},{"type":"Feature","properties":{"ptnsbjname":"-","namobj":"Kampung Jarang Tidak Teratur","_cls":"Kampung Jarang Tidak Teratur"},"geometry":{"type":"Polygon","coordinates":[[[111.53268,-7.97066],[111.53271,-7.97156],[111.53237,-7.9716],[111.53218,-7.97165],[111.53194,-7.97165],[111.53191,-7.9716],[111.53191,-7.97134],[111.53215,-7.97134],[111.53217,-7.97117],[111.53172,-7.97117],[111.53171,-7.97092],[111.53163,-7.97074],[111.53162,-7.97059],[111.53268,-7.97066]]]}},{"type":"Feature","properties":{"ptnsbjname":"-","namobj":"Kampung Jarang Tidak Teratur","_cls":"Kampung Jarang Tidak Teratur"},"geometry":{"type":"Polygon","coordinates":[[[111.53715,-7.96922],[111.53684,-7.9691],[111.53686,-7.96898],[111.53708,-7.96914],[111.53715,-7.96922]]]}},{"type":"Feature","properties":{"ptnsbjname":"-","namobj":"Kampung Jarang Tidak Teratur","_cls":"Kampung Jarang Tidak Teratur"},"geometry":{"type":"Polygon","coordinates":[[[111.62705,-7.97043],[111.62632,-7.97091],[111.62588,-7.97052],[111.6258,-7.96931],[111.6249,-7.96908],[111.62491,-7.96868],[111.62553,-7.96867],[111.62583,-7.96822],[111.62649,-7.9686],[111.62664,-7.9693],[111.62655,-7.97001],[111.62705,-7.97043]]]}},{"type":"Feature","properties":{"ptnsbjname":"-","namobj":"Kampung Jarang Tidak Teratur","_cls":"Kampung Jarang Tidak Teratur"},"geometry":{"type":"Polygon","coordinates":[[[111.5562,-7.96603],[111.55639,-7.96648],[111.55551,-7.96634],[111.55553,-7.96565],[111.55586,-7.96564],[111.5562,-7.9657],[111.55629,-7.96577],[111.55614,-7.96594],[111.5562,-7.96603]]]}},{"type":"Feature","properties":{"ptnsbjname":"-","namobj":"Kampung Jarang Tidak Teratur","_cls":"Kampung Jarang Tidak Teratur"},"geometry":{"type":"Polygon","coordinates":[[[111.56872,-7.96533],[111.56902,-7.96545],[111.56898,-7.96561],[111.56913,-7.96568],[111.56902,-7.96578],[111.56863,-7.96593],[111.56835,-7.96595],[111.56769,-7.9656],[111.56726,-7.96554],[111.56715,-7.96567],[111.56746,-7.96573],[111.56789,-7.96593],[111.5679,-7.96598],[111.56801,-7.9661],[111.56864,-7.96643],[111.56856,-7.96664],[111.56892,-7.96721],[111.56906,-7.96719],[111.56912,-7.96685],[111.5694,-7.96693],[111.56959,-7.96706],[111.56964,-7.96719],[111.56961,-7.96739],[111.56969,-7.96777],[111.56958,-7.96783],[111.5694,-7.96784],[111.56923,-7.96775],[111.56892,-7.9675],[111.56867,-7.96739],[111.56856,-7.96738],[111.56836,-7.96706],[111.56822,-7.967],[111.56812,-7.96701],[111.56796,-7.96693],[111.56779,-7.96695],[111.56759,-7.96682],[111.56748,-7.9667],[111.56761,-7.9664],[111.56745,-7.96617],[111.56738,-7.96596],[111.56663,-7.96594],[111.56646,-7.96573],[111.56641,-7.96546],[111.56634,-7.96538],[111.56606,-7.96537],[111.56593,-7.96519],[111.5658,-7.96512],[111.56567,-7.96512],[111.56559,-7.96525],[111.56531,-7.96521],[111.5652,-7.96508],[111.56519,-7.96498],[111.565,-7.96493],[111.56484,-7.96512],[111.56459,-7.96488],[111.5645,-7.96475],[111.5646,-7.96466],[111.565,-7.96452],[111.56563,-7.96451],[111.56591,-7.96437],[111.56609,-7.96432],[111.56624,-7.9643],[111.56666,-7.96434],[111.56681,-7.96439],[111.5671,-7.96431],[111.56724,-7.96424],[111.56738,-7.96423],[111.56758,-7.96433],[111.56757,-7.96449],[111.56751,-7.96462],[111.5674,-7.9647],[111.56709,-7.96482],[111.56681,-7.96485],[111.56679,-7.96494],[111.56692,-7.96509],[111.56713,-7.96519],[111.56753,-7.96502],[111.56775,-7.9651],[111.56786,-7.96519],[111.56803,-7.96543],[111.56816,-7.96542],[111.56837,-7.96535],[111.56872,-7.96533]]]}},{"type":"Feature","properties":{"ptnsbjname":"-","namobj":"Kampung Jarang Tidak Teratur","_cls":"Kampung Jarang Tidak Teratur"},"geometry":{"type":"Polygon","coordinates":[[[111.54983,-7.96607],[111.54961,-7.96604],[111.54957,-7.96657],[111.54954,-7.96663],[111.5482,-7.96653],[111.54814,-7.96689],[111.54803,-7.96694],[111.54802,-7.96657],[111.54794,-7.96622],[111.54796,-7.96582],[111.54945,-7.96602],[111.54944,-7.96566],[111.54925,-7.96573],[111.54933,-7.96484],[111.54924,-7.96484],[111.54923,-7.96448],[111.5491,-7.96436],[111.54914,-7.96413],[111.54926,-7.96408],[111.54933,-7.96393],[111.54943,-7.96392],[111.54936,-7.9646],[111.54968,-7.96451],[111.54975,-7.96442],[111.54975,-7.96433],[111.54992,-7.9643],[111.54998,-7.96426],[111.55002,-7.96413],[111.55008,-7.96408],[111.55033,-7.96406],[111.55041,-7.96444],[111.55047,-7.96452],[111.55039,-7.96467],[111.55032,-7.96472],[111.55032,-7.96486],[111.55045,-7.96494],[111.55043,-7.96511],[111.55024,-7.96516],[111.55004,-7.96547],[111.55037,-7.96538],[111.55035,-7.96568],[111.55029,-7.96586],[111.55014,-7.96589],[111.54998,-7.96582],[111.54987,-7.9658],[111.54983,-7.96607]]]}},{"type":"Feature","properties":{"ptnsbjname":"-","namobj":"Kampung Jarang Tidak Teratur","_cls":"Kampung Jarang Tidak Teratur"},"geometry":{"type":"Polygon","coordinates":[[[111.54889,-7.96495],[111.54886,-7.9651],[111.54872,-7.9651],[111.54869,-7.96524],[111.54836,-7.96527],[111.54836,-7.96505],[111.54817,-7.96504],[111.54804,-7.9651],[111.54786,-7.9651],[111.5474,-7.96522],[111.54701,-7.96438],[111.54701,-7.96423],[111.54721,-7.96415],[111.54721,-7.96392],[111.54727,-7.96386],[111.54746,-7.96383],[111.54749,-7.96374],[111.54868,-7.96388],[111.54866,-7.96402],[111.54876,-7.9642],[111.54881,-7.96458],[111.54889,-7.96479],[111.54889,-7.96495]]]}},{"type":"Feature","properties":{"ptnsbjname":"-","namobj":"Kampung Jarang Tidak Teratur","_cls":"Kampung Jarang Tidak Teratur"},"geometry":{"type":"Polygon","coordinates":[[[111.54947,-7.96234],[111.54931,-7.96221],[111.54925,-7.96223],[111.54904,-7.96206],[111.54886,-7.96212],[111.54871,-7.96223],[111.54803,-7.9629],[111.54755,-7.96216],[111.54714,-7.9617],[111.54703,-7.96164],[111.54723,-7.96175],[111.54757,-7.96174],[111.54761,-7.96181],[111.54769,-7.96178],[111.54776,-7.96166],[111.54808,-7.96162],[111.54839,-7.9617],[111.54854,-7.96168],[111.54863,-7.96154],[111.54879,-7.96155],[111.54894,-7.96164],[111.54926,-7.96173],[111.54949,-7.96185],[111.54953,-7.9619],[111.54952,-7.96201],[111.54961,-7.96207],[111.54962,-7.96213],[111.54961,-7.96222],[111.54947,-7.96234]]]}},{"type":"Feature","properties":{"ptnsbjname":"-","namobj":"Kampung Jarang Tidak Teratur","_cls":"Kampung Jarang Tidak Teratur"},"geometry":{"type":"Polygon","coordinates":[[[111.58233,-7.96455],[111.58117,-7.96383],[111.58066,-7.96314],[111.57977,-7.96298],[111.57961,-7.96331],[111.57944,-7.96429],[111.57919,-7.96425],[111.57875,-7.96427],[111.57875,-7.96442],[111.57888,-7.9645],[111.57887,-7.96464],[111.57863,-7.96463],[111.57861,-7.9645],[111.57835,-7.96439],[111.57832,-7.96424],[111.57806,-7.96419],[111.57801,-7.96369],[111.57794,-7.96359],[111.57783,-7.96354],[111.57778,-7.96344],[111.57775,-7.96308],[111.57799,-7.96308],[111.57805,-7.96348],[111.57821,-7.96352],[111.57833,-7.96382],[111.57845,-7.96386],[111.57865,-7.96386],[111.57888,-7.96379],[111.57895,-7.96361],[111.57888,-7.96354],[111.57892,-7.9633],[111.57907,-7.96308],[111.57912,-7.96295],[111.57923,-7.96284],[111.57944,-7.96241],[111.57959,-7.96222],[111.57984,-7.9623],[111.57996,-7.96214],[111.58025,-7.96227],[111.58031,-7.96232],[111.5803,-7.96261],[111.58076,-7.96277],[111.58125,-7.96112],[111.58162,-7.96119],[111.58186,-7.96128],[111.58219,-7.96146],[111.58211,-7.96217],[111.58237,-7.96286],[111.58245,-7.96322],[111.58278,-7.96393],[111.58277,-7.96417],[111.58246,-7.96421],[111.58233,-7.96455]]]}},{"type":"Feature","properties":{"ptnsbjname":"-","namobj":"Kampung Jarang Tidak Teratur","_cls":"Kampung Jarang Tidak Teratur"},"geometry":{"type":"Polygon","coordinates":[[[111.55629,-7.96409],[111.55623,-7.96403],[111.55606,-7.96403],[111.55596,-7.96392],[111.55584,-7.9639],[111.55561,-7.96397],[111.55515,-7.96416],[111.5546,-7.96477],[111.55411,-7.96492],[111.55392,-7.9649],[111.55335,-7.96435],[111.55314,-7.96427],[111.55308,-7.9642],[111.55289,-7.96412],[111.55223,-7.96427],[111.55143,-7.9646],[111.55139,-7.96429],[111.55146,-7.96371],[111.55159,-7.96324],[111.55169,-7.9632],[111.55175,-7.96304],[111.55203,-7.96293],[111.55224,-7.96306],[111.55221,-7.96324],[111.55229,-7.96336],[111.55241,-7.96346],[111.55256,-7.96347],[111.55264,-7.96365],[111.55266,-7.96384],[111.55271,-7.96393],[111.55301,-7.96393],[111.55301,-7.96342],[111.55308,-7.96325],[111.55318,-7.96316],[111.55304,-7.96277],[111.55318,-7.96257],[111.55329,-7.96248],[111.55338,-7.96244],[111.55363,-7.9625],[111.55404,-7.96253],[111.55628,-7.96222],[111.5563,-7.96232],[111.55651,-7.96223],[111.55651,-7.96198],[111.55644,-7.96187],[111.5561,-7.96165],[111.55582,-7.96141],[111.55562,-7.96119],[111.55566,-7.96106],[111.55575,-7.96097],[111.55629,-7.96123],[111.55644,-7.96134],[111.55655,-7.9613],[111.55697,-7.96165],[111.557,-7.96166],[111.55709,-7.96154],[111.55764,-7.96191],[111.55742,-7.96129],[111.55749,-7.96119],[111.55758,-7.96116],[111.55762,-7.96094],[111.55783,-7.96094],[111.55786,-7.96109],[111.55824,-7.96105],[111.55828,-7.96118],[111.55807,-7.96134],[111.55801,-7.96158],[111.55816,-7.96174],[111.55819,-7.96188],[111.55857,-7.96179],[111.55859,-7.96196],[111.55866,-7.962],[111.55893,-7.96196],[111.55892,-7.96181],[111.55911,-7.9618],[111.5593,-7.96188],[111.55941,-7.96244],[111.55988,-7.96248],[111.55991,-7.96272],[111.56005,-7.9631],[111.55989,-7.96318],[111.55968,-7.96322],[111.55965,-7.96329],[111.55926,-7.96333],[111.55914,-7.96342],[111.55872,-7.96353],[111.55854,-7.96317],[111.55817,-7.96315],[111.55815,-7.963],[111.55802,-7.96297],[111.55778,-7.96308],[111.55752,-7.96327],[111.55738,-7.9633],[111.55728,-7.96339],[111.55722,-7.96356],[111.55722,-7.96368],[111.55725,-7.96393],[111.5573,-7.96407],[111.55724,-7.96414],[111.55655,-7.96419],[111.55648,-7.96411],[111.55629,-7.96409]]]}},{"type":"Feature","properties":{"ptnsbjname":"-","namobj":"Kampung Jarang Tidak Teratur","_cls":"Kampung Jarang Tidak Teratur"},"geometry":{"type":"Polygon","coordinates":[[[111.56872,-7.96533],[111.56875,-7.96487],[111.56892,-7.96414],[111.56905,-7.96392],[111.5695,-7.96361],[111.5701,-7.96343],[111.57028,-7.96316],[111.57041,-7.96311],[111.57062,-7.9631],[111.5716,-7.96318],[111.57252,-7.96312],[111.57251,-7.96305],[111.57262,-7.96299],[111.57281,-7.96293],[111.57314,-7.96289],[111.57314,-7.96304],[111.5734,-7.9629],[111.57341,-7.96309],[111.57335,-7.96324],[111.57361,-7.9632],[111.57398,-7.96305],[111.57417,-7.96287],[111.57426,-7.96271],[111.57426,-7.96255],[111.57421,-7.96223],[111.57447,-7.96194],[111.57475,-7.9617],[111.5755,-7.96128],[111.57655,-7.96073],[111.57669,-7.96102],[111.57701,-7.96086],[111.5771,-7.96099],[111.5773,-7.96091],[111.57744,-7.96109],[111.57745,-7.96118],[111.5772,-7.96141],[111.57704,-7.9615],[111.57687,-7.96152],[111.57677,-7.96132],[111.57649,-7.96135],[111.57638,-7.96128],[111.5753,-7.96183],[111.57475,-7.96217],[111.5748,-7.96246],[111.57507,-7.96237],[111.57523,-7.96236],[111.57528,-7.96232],[111.5753,-7.96204],[111.57545,-7.96196],[111.57556,-7.96217],[111.57563,-7.96247],[111.57592,-7.9624],[111.57611,-7.96267],[111.57577,-7.96278],[111.57565,-7.96262],[111.57557,-7.96268],[111.57564,-7.9629],[111.57544,-7.96295],[111.57528,-7.96275],[111.57505,-7.96296],[111.5747,-7.963],[111.57466,-7.96324],[111.57471,-7.96342],[111.57502,-7.96336],[111.57507,-7.96378],[111.57386,-7.96392],[111.57373,-7.96406],[111.57343,-7.96398],[111.57312,-7.96405],[111.57303,-7.9639],[111.57289,-7.96393],[111.5728,-7.96399],[111.57272,-7.9639],[111.5726,-7.96353],[111.57217,-7.96367],[111.57219,-7.96385],[111.57196,-7.96406],[111.57139,-7.96436],[111.5712,-7.96439],[111.57114,-7.96426],[111.571,-7.96415],[111.57089,-7.9641],[111.57034,-7.96408],[111.57031,-7.96389],[111.57006,-7.96391],[111.56972,-7.96399],[111.56956,-7.96407],[111.56916,-7.96443],[111.56907,-7.96464],[111.56899,-7.96495],[111.56899,-7.96531],[111.56872,-7.96533]]]}},{"type":"Feature","properties":{"ptnsbjname":"-","namobj":"Kampung Jarang Tidak Teratur","_cls":"Kampung Jarang Tidak Teratur"},"geometry":{"type":"Polygon","coordinates":[[[111.58095,-7.96089],[111.58054,-7.96096],[111.58058,-7.96117],[111.58068,-7.96127],[111.58068,-7.96146],[111.58049,-7.96156],[111.58031,-7.96152],[111.58019,-7.96146],[111.58019,-7.96136],[111.57988,-7.96121],[111.57982,-7.96115],[111.57986,-7.96089],[111.58021,-7.96082],[111.58021,-7.96067],[111.58057,-7.96068],[111.58079,-7.96075],[111.58095,-7.96089]]]}},{"type":"Feature","properties":{"ptnsbjname":"-","namobj":"Kampung Jarang Tidak Teratur","_cls":"Kampung Jarang Tidak Teratur"},"geometry":{"type":"Polygon","coordinates":[[[111.54266,-7.95337],[111.54254,-7.95339],[111.54252,-7.95335],[111.54262,-7.95338],[111.54266,-7.95337]]]}},{"type":"Feature","properties":{"ptnsbjname":"-","namobj":"Kampung Jarang Tidak Teratur","_cls":"Kampung Jarang Tidak Teratur"},"geometry":{"type":"Polygon","coordinates":[[[111.55681,-7.95171],[111.5573,-7.95081],[111.55784,-7.95037],[111.55872,-7.94956],[111.55923,-7.94917],[111.55978,-7.9488],[111.55995,-7.94902],[111.55975,-7.94948],[111.55978,-7.94982],[111.55967,-7.9502],[111.55953,-7.95025],[111.55944,-7.95011],[111.55947,-7.94996],[111.55926,-7.95001],[111.55917,-7.95017],[111.55901,-7.95027],[111.55885,-7.95042],[111.55873,-7.95033],[111.55838,-7.95056],[111.55832,-7.95064],[111.55827,-7.95095],[111.55813,-7.95103],[111.55779,-7.95111],[111.55762,-7.95131],[111.55738,-7.95164],[111.55714,-7.95189],[111.55681,-7.95171]]]}},{"type":"Feature","properties":{"ptnsbjname":"-","namobj":"Kampung Jarang Tidak Teratur","_cls":"Kampung Jarang Tidak Teratur"},"geometry":{"type":"Polygon","coordinates":[[[111.59373,-7.97594],[111.59359,-7.97625],[111.59384,-7.9768],[111.59392,-7.97719],[111.59378,-7.97737],[111.59352,-7.97749],[111.59309,-7.97752],[111.59286,-7.97764],[111.59281,-7.9778],[111.59254,-7.97827],[111.59249,-7.97865],[111.59235,-7.97881],[111.59218,-7.97875],[111.59206,-7.97822],[111.59208,-7.97799],[111.59199,-7.97736],[111.59202,-7.97695],[111.5922,-7.97671],[111.59252,-7.97644],[111.59257,-7.9762],[111.59286,-7.97581],[111.59291,-7.97563],[111.59321,-7.9757],[111.59373,-7.97594]]]}},{"type":"Feature","properties":{"ptnsbjname":"-","namobj":"Kampung Jarang Tidak Teratur","_cls":"Kampung Jarang Tidak Teratur"},"geometry":{"type":"Polygon","coordinates":[[[111.58893,-7.98903],[111.58896,-7.98955],[111.5896,-7.98954],[111.58968,-7.98962],[111.58962,-7.99006],[111.58965,-7.99018],[111.59,-7.99029],[111.59007,-7.99038],[111.59008,-7.99048],[111.58994,-7.99064],[111.58958,-7.99088],[111.58955,-7.99105],[111.58969,-7.9912],[111.5897,-7.99137],[111.58957,-7.99147],[111.58925,-7.9914],[111.58881,-7.99115],[111.58817,-7.99097],[111.58784,-7.99096],[111.58764,-7.99104],[111.58741,-7.99105],[111.58707,-7.99101],[111.58655,-7.99104],[111.58608,-7.99078],[111.58591,-7.99082],[111.58548,-7.99051],[111.58535,-7.99025],[111.5854,-7.99003],[111.58581,-7.98991],[111.58595,-7.98966],[111.586,-7.98947],[111.58628,-7.98942],[111.58643,-7.98945],[111.58652,-7.98956],[111.58666,-7.99005],[111.58679,-7.99007],[111.58702,-7.99021],[111.58715,-7.99004],[111.58706,-7.98982],[111.58703,-7.98959],[111.58734,-7.98955],[111.58741,-7.98943],[111.58749,-7.9892],[111.58761,-7.98907],[111.58816,-7.98899],[111.58881,-7.98897],[111.58893,-7.98903]]]}},{"type":"Feature","properties":{"ptnsbjname":"-","namobj":"Kampung Jarang Tidak Teratur","_cls":"Kampung Jarang Tidak Teratur"},"geometry":{"type":"Polygon","coordinates":[[[111.53345,-7.97974],[111.53239,-7.97962],[111.53248,-7.97925],[111.53344,-7.97938],[111.53345,-7.97974]]]}},{"type":"Feature","properties":{"ptnsbjname":"-","namobj":"Sawah Irigasi Lebih Dari 2x Padi/thn","_cls":"Sawah Irigasi Lebih Dari 2x Padi/thn"},"geometry":{"type":"Polygon","coordinates":[[[111.5294,-7.97683],[111.52946,-7.97378],[111.52964,-7.97377],[111.52975,-7.97497],[111.52961,-7.97503],[111.52959,-7.97592],[111.52986,-7.97599],[111.52998,-7.97636],[111.53031,-7.97639],[111.53031,-7.97658],[111.53028,-7.97667],[111.53,-7.97667],[111.52995,-7.97684],[111.52998,-7.97715],[111.52967,-7.97712],[111.52951,-7.97715],[111.5294,-7.97683]]]}},{"type":"Feature","properties":{"ptnsbjname":"-","namobj":"Kampung Jarang Tidak Teratur","_cls":"Kampung Jarang Tidak Teratur"},"geometry":{"type":"Polygon","coordinates":[[[111.52943,-7.97942],[111.52942,-7.97913],[111.52948,-7.97925],[111.52969,-7.97928],[111.52968,-7.97944],[111.52943,-7.97942]]]}},{"type":"Feature","properties":{"ptnsbjname":"Uk, Ps, Jg","namobj":"Tegalan/Ladang","_cls":"Tegalan/Ladang"},"geometry":{"type":"Polygon","coordinates":[[[111.5794,-8.03256],[111.57942,-8.03241],[111.57956,-8.03222],[111.57948,-8.03243],[111.5794,-8.03256]]]}},{"type":"Feature","properties":{"ptnsbjname":"-","namobj":"Kampung Jarang Tidak Teratur","_cls":"Kampung Jarang Tidak Teratur"},"geometry":{"type":"MultiPolygon","coordinates":[[[[111.59514,-8.01842],[111.595,-8.01847],[111.59519,-8.01837],[111.59514,-8.01842]]],[[[111.59646,-8.01795],[111.59647,-8.01796],[111.59644,-8.01791],[111.59646,-8.01795]]],[[[111.59562,-8.01789],[111.59549,-8.01804],[111.59562,-8.01789],[111.59574,-8.01783],[111.59562,-8.01789]]],[[[111.59621,-8.01756],[111.59596,-8.01771],[111.59624,-8.01754],[111.59621,-8.01756]]]]}},{"type":"Feature","properties":{"ptnsbjname":"-","namobj":"Hutan Sejenis","_cls":"Hutan Sejenis"},"geometry":{"type":"Polygon","coordinates":[[[111.57265,-7.93876],[111.57259,-7.93879],[111.57247,-7.93879],[111.57231,-7.9387],[111.57254,-7.93876],[111.57265,-7.93876]]]}},{"type":"Feature","properties":{"ptnsbjname":"-","namobj":"Hutan Sejenis","_cls":"Hutan Sejenis"},"geometry":{"type":"Polygon","coordinates":[[[111.5879,-7.93778],[111.58821,-7.93797],[111.58844,-7.93806],[111.58877,-7.93806],[111.58917,-7.93767],[111.58905,-7.93785],[111.58888,-7.93801],[111.58864,-7.93815],[111.58852,-7.93815],[111.58813,-7.93799],[111.58799,-7.9379],[111.5879,-7.93778]]]}},{"type":"Feature","properties":{"ptnsbjname":"-","namobj":"Hutan Sejenis","_cls":"Hutan Sejenis"},"geometry":{"type":"Polygon","coordinates":[[[111.58948,-7.93734],[111.58966,-7.93712],[111.58958,-7.93726],[111.58948,-7.93734]]]}},{"type":"Feature","properties":{"ptnsbjname":"-","namobj":"Hutan Sejenis","_cls":"Hutan Sejenis"},"geometry":{"type":"Polygon","coordinates":[[[111.59242,-7.93713],[111.59257,-7.93713],[111.59313,-7.93703],[111.5931,-7.93711],[111.59302,-7.93716],[111.59279,-7.9372],[111.59242,-7.93713]]]}},{"type":"Feature","properties":{"ptnsbjname":"-","namobj":"Hutan Sejenis","_cls":"Hutan Sejenis"},"geometry":{"type":"Polygon","coordinates":[[[111.60541,-7.93606],[111.60527,-7.93614],[111.60495,-7.93613],[111.60455,-7.93574],[111.60481,-7.93592],[111.6051,-7.93601],[111.60541,-7.93606]]]}},{"type":"Feature","properties":{"ptnsbjname":"-","namobj":"Hutan Sejenis","_cls":"Hutan Sejenis"},"geometry":{"type":"Polygon","coordinates":[[[111.57816,-7.93554],[111.57808,-7.9357],[111.57797,-7.93573],[111.57735,-7.93545],[111.57715,-7.93532],[111.57767,-7.93553],[111.57794,-7.93558],[111.57816,-7.93554]]]}},{"type":"Feature","properties":{"ptnsbjname":"-","namobj":"Hutan Sejenis","_cls":"Hutan Sejenis"},"geometry":{"type":"Polygon","coordinates":[[[111.58697,-7.93576],[111.58656,-7.9353],[111.5865,-7.93518],[111.5867,-7.93541],[111.58697,-7.93576]]]}},{"type":"Feature","properties":{"ptnsbjname":"-","namobj":"Hutan Sejenis","_cls":"Hutan Sejenis"},"geometry":{"type":"Polygon","coordinates":[[[111.60057,-7.93479],[111.60039,-7.93481],[111.60028,-7.93476],[111.60021,-7.93457],[111.60038,-7.93471],[111.60057,-7.93479]]]}},{"type":"Feature","properties":{"ptnsbjname":"-","namobj":"Hutan Sejenis","_cls":"Hutan Sejenis"},"geometry":{"type":"Polygon","coordinates":[[[111.604,-7.93447],[111.6039,-7.93435],[111.60397,-7.93441],[111.604,-7.93447]]]}},{"type":"Feature","properties":{"ptnsbjname":"-","namobj":"Hutan Sejenis","_cls":"Hutan Sejenis"},"geometry":{"type":"Polygon","coordinates":[[[111.60143,-7.93433],[111.60147,-7.93431],[111.60242,-7.93429],[111.60224,-7.9344],[111.60199,-7.93438],[111.60183,-7.93432],[111.60143,-7.93433]]]}},{"type":"Feature","properties":{"ptnsbjname":"-","namobj":"Hutan Sejenis","_cls":"Hutan Sejenis"},"geometry":{"type":"Polygon","coordinates":[[[111.57877,-7.93428],[111.57886,-7.93423],[111.57932,-7.93413],[111.57924,-7.93425],[111.57877,-7.93428]]]}},{"type":"Feature","properties":{"ptnsbjname":"-","namobj":"Hutan Sejenis","_cls":"Hutan Sejenis"},"geometry":{"type":"Polygon","coordinates":[[[111.5938,-7.93454],[111.59392,-7.93441],[111.59438,-7.93421],[111.59485,-7.93409],[111.59459,-7.93429],[111.59418,-7.93436],[111.5938,-7.93454]]]}},{"type":"Feature","properties":{"ptnsbjname":"-","namobj":"Hutan Sejenis","_cls":"Hutan Sejenis"},"geometry":{"type":"Polygon","coordinates":[[[111.60262,-7.9342],[111.60278,-7.93403],[111.60274,-7.93412],[111.60262,-7.9342]]]}},{"type":"Feature","properties":{"ptnsbjname":"-","namobj":"Hutan Sejenis","_cls":"Hutan Sejenis"},"geometry":{"type":"Polygon","coordinates":[[[111.6034,-7.93395],[111.60313,-7.93381],[111.60303,-7.93377],[111.60318,-7.93378],[111.6034,-7.93395]]]}},{"type":"Feature","properties":{"ptnsbjname":"-","namobj":"Hutan Sejenis","_cls":"Hutan Sejenis"},"geometry":{"type":"Polygon","coordinates":[[[111.58563,-7.93434],[111.58497,-7.93407],[111.58468,-7.93401],[111.58412,-7.93379],[111.58395,-7.93376],[111.58385,-7.93368],[111.58484,-7.93393],[111.58539,-7.93417],[111.58563,-7.93434]]]}},{"type":"Feature","properties":{"ptnsbjname":"-","namobj":"Hutan Sejenis","_cls":"Hutan Sejenis"},"geometry":{"type":"Polygon","coordinates":[[[111.5952,-7.93355],[111.59538,-7.93337],[111.59548,-7.93333],[111.59628,-7.9334],[111.59674,-7.93322],[111.59629,-7.93347],[111.59608,-7.93347],[111.5959,-7.9334],[111.59564,-7.93337],[111.59537,-7.9334],[111.5952,-7.93355]]]}},{"type":"Feature","properties":{"ptnsbjname":"-","namobj":"Hutan Sejenis","_cls":"Hutan Sejenis"},"geometry":{"type":"Polygon","coordinates":[[[111.59966,-7.93324],[111.59944,-7.93317],[111.59924,-7.93315],[111.59869,-7.93324],[111.59771,-7.93312],[111.59713,-7.9331],[111.59786,-7.933],[111.5982,-7.93301],[111.59955,-7.93311],[111.59966,-7.93324]]]}},{"type":"Feature","properties":{"ptnsbjname":"-","namobj":"Hutan Sejenis","_cls":"Hutan Sejenis"},"geometry":{"type":"Polygon","coordinates":[[[111.58045,-7.93203],[111.58053,-7.93196],[111.58061,-7.93192],[111.58053,-7.932],[111.58045,-7.93203]]]}},{"type":"Feature","properties":{"ptnsbjname":"-","namobj":"Hutan Sejenis","_cls":"Hutan Sejenis"},"geometry":{"type":"Polygon","coordinates":[[[111.58224,-7.93189],[111.58218,-7.93183],[111.58217,-7.93176],[111.58224,-7.93189]]]}},{"type":"Feature","properties":{"ptnsbjname":"-","namobj":"Hutan Sejenis","_cls":"Hutan Sejenis"},"geometry":{"type":"Polygon","coordinates":[[[111.58193,-7.93153],[111.58187,-7.9315],[111.58186,-7.93149],[111.58193,-7.93153]]]}},{"type":"Feature","properties":{"ptnsbjname":"-","namobj":"Kampung Jarang Tidak Teratur","_cls":"Kampung Jarang Tidak Teratur"},"geometry":{"type":"Polygon","coordinates":[[[111.62463,-8.00849],[111.62437,-8.00829],[111.62434,-8.00812],[111.62444,-8.00826],[111.62461,-8.00841],[111.62463,-8.00849]]]}},{"type":"Feature","properties":{"ptnsbjname":"Nk, Bam, Alb","namobj":"Kebun Campuran","_cls":"Kebun Campuran"},"geometry":{"type":"Polygon","coordinates":[[[111.61115,-8.00784],[111.61121,-8.00787],[111.61129,-8.00779],[111.61148,-8.00801],[111.61168,-8.00812],[111.6119,-8.00809],[111.61216,-8.008],[111.61237,-8.00804],[111.612,-8.00815],[111.61157,-8.00853],[111.6114,-8.00861],[111.6112,-8.00861],[111.61007,-8.00828],[111.61011,-8.0081],[111.61008,-8.00803],[111.60954,-8.00785],[111.60953,-8.00763],[111.60971,-8.00773],[111.61033,-8.00786],[111.61067,-8.00784],[111.61106,-8.00789],[111.61115,-8.00784]]]}},{"type":"Feature","properties":{"ptnsbjname":"-","namobj":"Kampung Jarang Tidak Teratur","_cls":"Kampung Jarang Tidak Teratur"},"geometry":{"type":"MultiPolygon","coordinates":[[[[111.55869,-8.0497],[111.55807,-8.04979],[111.55807,-8.04979],[111.55869,-8.0497],[111.55893,-8.04961],[111.55869,-8.0497]]],[[[111.5594,-8.04944],[111.55918,-8.04951],[111.55939,-8.04944],[111.55963,-8.04939],[111.5598,-8.04937],[111.5594,-8.04944]]]]}},{"type":"Feature","properties":{"ptnsbjname":"-","namobj":"Kampung Jarang Tidak Teratur","_cls":"Kampung Jarang Tidak Teratur"},"geometry":{"type":"Polygon","coordinates":[[[111.61144,-8.01114],[111.61106,-8.01145],[111.61075,-8.01099],[111.61104,-8.01067],[111.61144,-8.01114]]]}},{"type":"Feature","properties":{"ptnsbjname":"-","namobj":"Kampung Jarang Tidak Teratur","_cls":"Kampung Jarang Tidak Teratur"},"geometry":{"type":"Polygon","coordinates":[[[111.61107,-8.01017],[111.61078,-8.01062],[111.61018,-8.01047],[111.61015,-8.01012],[111.60969,-8.00989],[111.60994,-8.00955],[111.61107,-8.01017]]]}},{"type":"Feature","properties":{"ptnsbjname":"Kl, Alb, Rbt","namobj":"Kebun Campuran","_cls":"Kebun Campuran"},"geometry":{"type":"Polygon","coordinates":[[[111.55807,-8.04979],[111.55746,-8.04988],[111.55746,-8.04988],[111.55807,-8.04979]]]}},{"type":"Feature","properties":{"ptnsbjname":"-","namobj":"Kampung Jarang Tidak Teratur","_cls":"Kampung Jarang Tidak Teratur"},"geometry":{"type":"Polygon","coordinates":[[[111.61395,-8.0079],[111.61359,-8.00806],[111.6131,-8.00801],[111.61285,-8.00795],[111.61237,-8.00804],[111.61216,-8.008],[111.6119,-8.00809],[111.61168,-8.00812],[111.61148,-8.00801],[111.61129,-8.00779],[111.61136,-8.0077],[111.61159,-8.00757],[111.61238,-8.00734],[111.61256,-8.00742],[111.61295,-8.00747],[111.61331,-8.00759],[111.61359,-8.00779],[111.61395,-8.0079]]]}},{"type":"Feature","properties":{"ptnsbjname":"-","namobj":"Kampung Jarang Tidak Teratur","_cls":"Kampung Jarang Tidak Teratur"},"geometry":{"type":"Polygon","coordinates":[[[111.61115,-8.00784],[111.61106,-8.00789],[111.61067,-8.00784],[111.61033,-8.00786],[111.61016,-8.00784],[111.60971,-8.00773],[111.60953,-8.00763],[111.60953,-8.00753],[111.60962,-8.00745],[111.60977,-8.00745],[111.60991,-8.0075],[111.60998,-8.00757],[111.61065,-8.00755],[111.61086,-8.00773],[111.61115,-8.00784]]]}},{"type":"Feature","properties":{"ptnsbjname":"-","namobj":"Kampung Jarang Tidak Teratur","_cls":"Kampung Jarang Tidak Teratur"},"geometry":{"type":"Polygon","coordinates":[[[111.61007,-8.00828],[111.60976,-8.00823],[111.60958,-8.00811],[111.60954,-8.00785],[111.61008,-8.00803],[111.61011,-8.0081],[111.61007,-8.00828]]]}},{"type":"Feature","properties":{"ptnsbjname":"-","namobj":"Kampung Jarang Tidak Teratur","_cls":"Kampung Jarang Tidak Teratur"},"geometry":{"type":"Polygon","coordinates":[[[111.62728,-8.00777],[111.62733,-8.00798],[111.6276,-8.00794],[111.62768,-8.00805],[111.62768,-8.00816],[111.62757,-8.00842],[111.62735,-8.00861],[111.62717,-8.00868],[111.62703,-8.00879],[111.62697,-8.00894],[111.62689,-8.00907],[111.62675,-8.00909],[111.62665,-8.00917],[111.62653,-8.00933],[111.62643,-8.00982],[111.62638,-8.01034],[111.62628,-8.0105],[111.62606,-8.01043],[111.62602,-8.01024],[111.62608,-8.00955],[111.62608,-8.00909],[111.62607,-8.00893],[111.62597,-8.00884],[111.6259,-8.00869],[111.62589,-8.00854],[111.62596,-8.00824],[111.62602,-8.00812],[111.62617,-8.00798],[111.62638,-8.008],[111.6265,-8.00815],[111.6266,-8.00847],[111.62666,-8.00855],[111.62675,-8.00851],[111.62685,-8.00834],[111.62685,-8.00792],[111.62675,-8.0077],[111.62634,-8.00735],[111.62633,-8.00715],[111.62639,-8.007],[111.62655,-8.00691],[111.62671,-8.00692],[111.62678,-8.00696],[111.6269,-8.00719],[111.62705,-8.0073],[111.6271,-8.00738],[111.62728,-8.00777]]]}},{"type":"Feature","properties":{"ptnsbjname":"Uk, Ps, Jg","namobj":"Tegalan/Ladang","_cls":"Tegalan/Ladang"},"geometry":{"type":"MultiPolygon","coordinates":[[[[111.65485,-7.98777],[111.65485,-7.98777],[111.65477,-7.98769],[111.65485,-7.98777]]],[[[111.65443,-7.98727],[111.65447,-7.98733],[111.65436,-7.98717],[111.65443,-7.98727]]],[[[111.65382,-7.98659],[111.65394,-7.98666],[111.65376,-7.98653],[111.65382,-7.98659]]],[[[111.65363,-7.98631],[111.65363,-7.98632],[111.65362,-7.9863],[111.65363,-7.98631]]]]}},{"type":"Feature","properties":{"ptnsbjname":"-","namobj":"Hutan Belukar","_cls":"Hutan Belukar"},"geometry":{"type":"MultiPolygon","coordinates":[[[[111.55995,-8.04935],[111.5598,-8.04937],[111.5598,-8.04937],[111.55995,-8.04935]]],[[[111.56052,-8.04931],[111.56013,-8.04934],[111.56052,-8.04931],[111.56062,-8.0492],[111.5608,-8.04905],[111.56052,-8.04931]]],[[[111.56165,-8.04916],[111.56228,-8.0493],[111.56164,-8.04916],[111.56147,-8.04904],[111.56119,-8.04895],[111.56148,-8.04904],[111.56165,-8.04916]]],[[[111.56098,-8.04889],[111.56112,-8.04892],[111.56098,-8.04889],[111.56098,-8.04889]]]]}},{"type":"Feature","properties":{"ptnsbjname":"-","namobj":"Hutan Sejenis","_cls":"Hutan Sejenis"},"geometry":{"type":"Polygon","coordinates":[[[111.58944,-7.9956],[111.58944,-7.99597],[111.5895,-7.99613],[111.59048,-7.99687],[111.59069,-7.997],[111.59093,-7.99712],[111.59181,-7.99736],[111.5926,-7.99734],[111.59293,-7.99742],[111.5932,-7.99758],[111.59339,-7.99777],[111.59357,-7.99806],[111.59364,-7.99829],[111.59372,-7.9992],[111.59408,-7.99948],[111.59451,-7.99993],[111.59241,-7.9999],[111.59185,-8.00028],[111.59162,-8.00085],[111.5916,-8.00126],[111.59199,-8.00177],[111.59207,-8.00198],[111.59204,-8.00235],[111.59165,-8.00382],[111.59152,-8.00409],[111.59135,-8.00428],[111.59057,-8.00468],[111.59025,-8.00506],[111.58986,-8.00539],[111.58957,-8.00558],[111.58906,-8.00576],[111.58853,-8.00625],[111.58703,-8.00733],[111.5869,-8.00746],[111.58678,-8.00775],[111.58668,-8.00828],[111.58681,-8.00908],[111.58674,-8.00973],[111.58519,-8.00917],[111.58436,-8.00882],[111.58388,-8.00866],[111.58345,-8.00859],[111.58336,-8.00888],[111.58338,-8.00937],[111.58349,-8.00977],[111.58396,-8.01024],[111.58413,-8.01048],[111.58432,-8.01068],[111.58475,-8.01106],[111.58446,-8.01142],[111.58355,-8.01186],[111.58314,-8.01225],[111.58261,-8.01265],[111.58215,-8.01227],[111.58174,-8.01182],[111.58143,-8.0114],[111.58111,-8.01111],[111.58091,-8.01103],[111.58038,-8.01091],[111.58026,-8.01091],[111.57995,-8.01102],[111.57976,-8.01201],[111.5797,-8.01265],[111.57973,-8.01336],[111.57963,-8.01374],[111.57953,-8.0145],[111.57951,-8.01484],[111.57956,-8.01507],[111.57967,-8.01528],[111.58,-8.01568],[111.58015,-8.01551],[111.58091,-8.01523],[111.58133,-8.01529],[111.58223,-8.01528],[111.58263,-8.01534],[111.58287,-8.01541],[111.58366,-8.01547],[111.58412,-8.01556],[111.58454,-8.0156],[111.58485,-8.01557],[111.58562,-8.01529],[111.58637,-8.01511],[111.5864,-8.01518],[111.58636,-8.01526],[111.58617,-8.01543],[111.58545,-8.01572],[111.58518,-8.01579],[111.58495,-8.01579],[111.58489,-8.01582],[111.58454,-8.01639],[111.58364,-8.01689],[111.58313,-8.01763],[111.5829,-8.01833],[111.58276,-8.01854],[111.58286,-8.01868],[111.58291,-8.01881],[111.58295,-8.01904],[111.58334,-8.01898],[111.58369,-8.01898],[111.58425,-8.01907],[111.5845,-8.01906],[111.5851,-8.01891],[111.5854,-8.0189],[111.58569,-8.01883],[111.58665,-8.01836],[111.58693,-8.01814],[111.58697,-8.01798],[111.58685,-8.01761],[111.58686,-8.01737],[111.58703,-8.01686],[111.58729,-8.01626],[111.58795,-8.01518],[111.58804,-8.01496],[111.58807,-8.01478],[111.58805,-8.01459],[111.58791,-8.0143],[111.58794,-8.01412],[111.58819,-8.01379],[111.58834,-8.01366],[111.58871,-8.01344],[111.58904,-8.01334],[111.58933,-8.01335],[111.58959,-8.01343],[111.58966,-8.01342],[111.59002,-8.01287],[111.59043,-8.01248],[111.59057,-8.01192],[111.59074,-8.01106],[111.59089,-8.01069],[111.59117,-8.01017],[111.59132,-8.01005],[111.59151,-8.01],[111.59188,-8.01003],[111.59204,-8.01001],[111.59214,-8.00996],[111.59226,-8.00979],[111.59227,-8.00938],[111.59221,-8.0091],[111.59244,-8.00876],[111.59275,-8.00861],[111.59395,-8.0077],[111.59411,-8.00763],[111.59434,-8.00718],[111.59448,-8.00702],[111.59476,-8.00643],[111.59474,-8.00579],[111.59502,-8.00465],[111.595,-8.00443],[111.59466,-8.00373],[111.59433,-8.00336],[111.59417,-8.00323],[111.59415,-8.00297],[111.5942,-8.00286],[111.59422,-8.00226],[111.59416,-8.00217],[111.59393,-8.00207],[111.59326,-8.00199],[111.5931,-8.00195],[111.59299,-8.00185],[111.59294,-8.00164],[111.59297,-8.00153],[111.59331,-8.00128],[111.59362,-8.00112],[111.59425,-8.00097],[111.59548,-8.00124],[111.59573,-8.00151],[111.59644,-8.002],[111.5971,-8.00209],[111.59731,-8.00223],[111.59756,-8.00242],[111.59813,-8.003],[111.59833,-8.00331],[111.59838,-8.00166],[111.59843,-8.0014],[111.59852,-8.00121],[111.59914,-8.00053],[111.59956,-8.00001],[111.60029,-8.00002],[111.59984,-8.00084],[111.59966,-8.00126],[111.59938,-8.00241],[111.59924,-8.00276],[111.59934,-8.00328],[111.59933,-8.00368],[111.59983,-8.00377],[111.59968,-8.00403],[111.59961,-8.00425],[111.59969,-8.00571],[111.5996,-8.006],[111.59888,-8.00688],[111.59859,-8.00749],[111.59842,-8.00763],[111.59845,-8.00797],[111.59841,-8.00836],[111.59832,-8.00883],[111.59849,-8.01035],[111.59841,-8.0107],[111.59821,-8.01097],[111.59799,-8.0111],[111.59783,-8.01187],[111.5977,-8.01219],[111.59762,-8.01251],[111.5976,-8.01335],[111.59766,-8.01374],[111.5981,-8.01429],[111.59837,-8.01454],[111.59874,-8.01539],[111.59834,-8.016],[111.59848,-8.01627],[111.59867,-8.01634],[111.59895,-8.0163],[111.59912,-8.0161],[111.59927,-8.01573],[111.59959,-8.01562],[111.60012,-8.01575],[111.60012,-8.01506],[111.60089,-8.01492],[111.60097,-8.01438],[111.60007,-8.0141],[111.59952,-8.01439],[111.59917,-8.01437],[111.59895,-8.01465],[111.59851,-8.01412],[111.5984,-8.01384],[111.5983,-8.01338],[111.59829,-8.01308],[111.59833,-8.01267],[111.59843,-8.01238],[111.59872,-8.01184],[111.59917,-8.01125],[111.59966,-8.01079],[111.60006,-8.01055],[111.6004,-8.01046],[111.6007,-8.01032],[111.60085,-8.01015],[111.60102,-8.00977],[111.60115,-8.0096],[111.6015,-8.00927],[111.60153,-8.00916],[111.60138,-8.00847],[111.60145,-8.00832],[111.60155,-8.00824],[111.60267,-8.00843],[111.60296,-8.00835],[111.60312,-8.00838],[111.60349,-8.00777],[111.60276,-8.00725],[111.60337,-8.00677],[111.60423,-8.00724],[111.6047,-8.00682],[111.60521,-8.007],[111.60531,-8.00708],[111.60531,-8.00732],[111.60559,-8.00788],[111.60482,-8.00855],[111.60508,-8.00853],[111.60517,-8.00875],[111.60542,-8.009],[111.60622,-8.00963],[111.60713,-8.01015],[111.60776,-8.01031],[111.60795,-8.00978],[111.60718,-8.00935],[111.60644,-8.00867],[111.60617,-8.00822],[111.60652,-8.008],[111.60682,-8.00758],[111.60724,-8.0068],[111.60705,-8.00668],[111.60786,-8.00609],[111.60803,-8.00613],[111.60821,-8.0061],[111.60845,-8.00617],[111.6087,-8.00629],[111.60883,-8.00646],[111.60899,-8.00685],[111.60928,-8.00709],[111.6097,-8.00645],[111.6096,-8.00605],[111.60956,-8.00574],[111.60961,-8.00547],[111.60985,-8.00506],[111.60985,-8.00481],[111.60957,-8.00422],[111.60954,-8.00406],[111.60985,-8.00366],[111.60977,-8.00352],[111.60932,-8.00331],[111.60924,-8.0032],[111.60914,-8.00276],[111.60885,-8.00238],[111.6088,-8.00227],[111.60883,-8.00216],[111.60892,-8.00203],[111.60936,-8.00182],[111.60971,-8.0017],[111.6098,-8.00162],[111.60984,-8.00147],[111.61,-8.00195],[111.61008,-8.00235],[111.61006,-8.00417],[111.61015,-8.00484],[111.61024,-8.0051],[111.61035,-8.00521],[111.6105,-8.00562],[111.61065,-8.00576],[111.61098,-8.00589],[111.61133,-8.00592],[111.61239,-8.00586],[111.6129,-8.00578],[111.61354,-8.00582],[111.61263,-8.00614],[111.6122,-8.00637],[111.61181,-8.00666],[111.61155,-8.00669],[111.61138,-8.00664],[111.61113,-8.00647],[111.61091,-8.00638],[111.61069,-8.00636],[111.61011,-8.0066],[111.60974,-8.00664],[111.60919,-8.00758],[111.60887,-8.00794],[111.6088,-8.00831],[111.60866,-8.0084],[111.60812,-8.0086],[111.60805,-8.00868],[111.60781,-8.00869],[111.6078,-8.00906],[111.60788,-8.00907],[111.60788,-8.00914],[111.60798,-8.00931],[111.60818,-8.00944],[111.60855,-8.00952],[111.6086,-8.01041],[111.60857,-8.01055],[111.60846,-8.01069],[111.60815,-8.01095],[111.6074,-8.01132],[111.60675,-8.01201],[111.60661,-8.01229],[111.60663,-8.01252],[111.6069,-8.01299],[111.6069,-8.01453],[111.60687,-8.01493],[111.60677,-8.01527],[111.60641,-8.01574],[111.60636,-8.01588],[111.60638,-8.01626],[111.60642,-8.01639],[111.60652,-8.01648],[111.6067,-8.01655],[111.60689,-8.01666],[111.607,-8.01681],[111.60708,-8.01704],[111.60711,-8.01728],[111.60661,-8.0174],[111.60658,-8.01746],[111.60651,-8.01798],[111.60636,-8.01824],[111.60604,-8.01843],[111.6058,-8.01842],[111.60552,-8.01834],[111.60517,-8.01799],[111.60499,-8.0174],[111.60493,-8.01731],[111.60479,-8.01725],[111.60421,-8.01722],[111.60378,-8.0173],[111.60303,-8.01788],[111.60293,-8.01801],[111.60291,-8.01814],[111.60304,-8.01844],[111.60345,-8.01852],[111.60363,-8.01863],[111.60345,-8.01859],[111.60286,-8.01859],[111.60201,-8.01829],[111.60185,-8.01826],[111.60156,-8.01827],[111.60096,-8.01834],[111.6005,-8.01829],[111.6003,-8.01824],[111.59969,-8.01827],[111.59918,-8.01847],[111.59837,-8.0184],[111.59786,-8.0185],[111.59732,-8.01869],[111.59713,-8.01871],[111.59702,-8.01867],[111.59646,-8.01795],[111.59625,-8.01754],[111.59562,-8.01789],[111.59524,-8.01833],[111.59514,-8.01842],[111.59498,-8.01847],[111.59423,-8.01851],[111.5924,-8.01895],[111.59046,-8.01938],[111.58918,-8.02065],[111.58824,-8.02176],[111.58753,-8.02275],[111.58668,-8.02361],[111.58598,-8.02406],[111.58543,-8.02435],[111.58333,-8.02517],[111.58256,-8.02544],[111.58189,-8.02576],[111.5816,-8.02599],[111.58135,-8.02633],[111.58102,-8.02691],[111.58072,-8.02775],[111.58003,-8.02992],[111.57947,-8.03211],[111.5794,-8.03256],[111.57911,-8.0331],[111.57902,-8.03354],[111.57828,-8.03463],[111.57825,-8.03472],[111.57814,-8.03482],[111.5771,-8.0352],[111.57676,-8.03515],[111.57664,-8.03517],[111.57638,-8.03535],[111.57631,-8.03535],[111.57616,-8.03515],[111.576,-8.03471],[111.57521,-8.03385],[111.57483,-8.03289],[111.57448,-8.03256],[111.57442,-8.03232],[111.57443,-8.03217],[111.57453,-8.03206],[111.57481,-8.03193],[111.57501,-8.03174],[111.57513,-8.03154],[111.57511,-8.03142],[111.57505,-8.03133],[111.57462,-8.03127],[111.57385,-8.03141],[111.57375,-8.03137],[111.57373,-8.03125],[111.57383,-8.03103],[111.5736,-8.03104],[111.57334,-8.03109],[111.57305,-8.03084],[111.57297,-8.03082],[111.57285,-8.03089],[111.57281,-8.03124],[111.57278,-8.03134],[111.57268,-8.03138],[111.57241,-8.03134],[111.57203,-8.03147],[111.57158,-8.0317],[111.57139,-8.03174],[111.57119,-8.03137],[111.57098,-8.03113],[111.57008,-8.03035],[111.57002,-8.03034],[111.56986,-8.03051],[111.56904,-8.03042],[111.5679,-8.03107],[111.56732,-8.03131],[111.56677,-8.03159],[111.56661,-8.03159],[111.56579,-8.03124],[111.56535,-8.03138],[111.5649,-8.03215],[111.5642,-8.032],[111.56374,-8.03184],[111.56314,-8.0317],[111.56252,-8.03166],[111.56167,-8.03178],[111.56091,-8.03173],[111.56074,-8.03185],[111.5605,-8.03212],[111.56037,-8.0322],[111.56028,-8.03221],[111.56015,-8.03211],[111.56005,-8.03199],[111.56,-8.03175],[111.56005,-8.03136],[111.56016,-8.03109],[111.56013,-8.03089],[111.56024,-8.03068],[111.56052,-8.03038],[111.56073,-8.03008],[111.56108,-8.02985],[111.56135,-8.02958],[111.56173,-8.02933],[111.56187,-8.02883],[111.56049,-8.02859],[111.56027,-8.02861],[111.55981,-8.02876],[111.55967,-8.02888],[111.55914,-8.02885],[111.55862,-8.02912],[111.55783,-8.02905],[111.55754,-8.02884],[111.55705,-8.02818],[111.55675,-8.02816],[111.55639,-8.02807],[111.55629,-8.02795],[111.55582,-8.02757],[111.5557,-8.02739],[111.55563,-8.0274],[111.55563,-8.0272],[111.5559,-8.0264],[111.55629,-8.02607],[111.55643,-8.02554],[111.55726,-8.02589],[111.55778,-8.02603],[111.55799,-8.026],[111.55822,-8.02589],[111.55864,-8.02564],[111.55914,-8.02544],[111.55946,-8.02512],[111.56036,-8.02452],[111.56065,-8.02427],[111.56127,-8.02427],[111.56154,-8.02421],[111.56234,-8.02373],[111.56251,-8.02401],[111.56266,-8.02453],[111.56292,-8.02466],[111.56303,-8.02452],[111.56375,-8.02418],[111.56479,-8.02385],[111.56544,-8.02422],[111.56561,-8.02418],[111.56619,-8.02385],[111.56652,-8.02341],[111.56718,-8.02264],[111.56758,-8.02205],[111.56789,-8.02175],[111.56872,-8.02129],[111.5696,-8.02056],[111.57043,-8.02015],[111.57098,-8.01993],[111.57148,-8.01959],[111.57168,-8.01951],[111.57202,-8.01995],[111.5729,-8.01922],[111.57351,-8.0195],[111.57403,-8.01898],[111.57355,-8.01816],[111.57407,-8.01782],[111.57426,-8.01795],[111.57453,-8.01824],[111.57468,-8.01827],[111.57442,-8.01944],[111.57541,-8.01995],[111.57633,-8.02012],[111.57719,-8.02045],[111.57767,-8.02088],[111.57779,-8.02122],[111.57779,-8.02154],[111.57682,-8.02182],[111.57664,-8.02201],[111.57656,-8.02215],[111.57651,-8.02234],[111.5765,-8.02273],[111.57656,-8.0232],[111.5768,-8.0232],[111.5778,-8.02297],[111.57868,-8.02314],[111.57942,-8.0232],[111.5798,-8.0229],[111.57943,-8.02237],[111.57965,-8.02204],[111.58021,-8.02257],[111.58054,-8.02305],[111.58099,-8.02267],[111.58116,-8.0229],[111.58156,-8.02251],[111.58115,-8.02204],[111.57995,-8.02104],[111.58005,-8.02055],[111.57875,-8.01947],[111.57834,-8.01946],[111.5774,-8.01894],[111.57729,-8.01864],[111.57725,-8.0184],[111.57727,-8.0183],[111.5775,-8.01781],[111.57804,-8.01797],[111.57855,-8.018],[111.57864,-8.0172],[111.57767,-8.01704],[111.57779,-8.01645],[111.57847,-8.01651],[111.57928,-8.01677],[111.57929,-8.01638],[111.57791,-8.01589],[111.57745,-8.01599],[111.57731,-8.01586],[111.57732,-8.01569],[111.57752,-8.01517],[111.57723,-8.01502],[111.57715,-8.01506],[111.57673,-8.01546],[111.57645,-8.01561],[111.57624,-8.01563],[111.57521,-8.01554],[111.57398,-8.01558],[111.57385,-8.01547],[111.57365,-8.01519],[111.57339,-8.0146],[111.57335,-8.01439],[111.57339,-8.01386],[111.57335,-8.01373],[111.57303,-8.01359],[111.57305,-8.01327],[111.57286,-8.01315],[111.57287,-8.01222],[111.57243,-8.01214],[111.57153,-8.01234],[111.57169,-8.0128],[111.57146,-8.01313],[111.57025,-8.01288],[111.56934,-8.01264],[111.56914,-8.01286],[111.56853,-8.01271],[111.56828,-8.01273],[111.567,-8.01298],[111.56635,-8.01283],[111.56611,-8.01289],[111.56597,-8.01304],[111.5653,-8.01414],[111.56519,-8.01408],[111.56514,-8.01413],[111.56517,-8.01384],[111.56503,-8.0133],[111.56499,-8.01254],[111.56524,-8.01211],[111.56522,-8.0118],[111.56524,-8.01169],[111.56541,-8.01136],[111.56532,-8.01112],[111.56609,-8.01054],[111.56679,-8.01012],[111.56713,-8.00985],[111.56761,-8.00938],[111.56789,-8.00919],[111.56843,-8.0092],[111.56836,-8.00932],[111.56844,-8.0092],[111.56851,-8.00898],[111.56861,-8.00811],[111.56868,-8.00778],[111.56861,-8.00745],[111.56881,-8.00712],[111.56892,-8.00682],[111.56884,-8.00674],[111.56909,-8.00648],[111.56954,-8.00666],[111.56971,-8.0064],[111.57014,-8.00637],[111.57045,-8.00584],[111.57137,-8.00611],[111.57195,-8.00599],[111.57052,-8.00518],[111.57041,-8.00505],[111.57059,-8.00491],[111.57094,-8.00482],[111.57156,-8.0048],[111.57275,-8.00468],[111.57289,-8.00535],[111.57358,-8.00523],[111.57369,-8.00505],[111.57502,-8.00489],[111.57494,-8.00456],[111.57547,-8.00385],[111.57566,-8.00367],[111.57608,-8.00411],[111.5765,-8.0037],[111.57606,-8.00327],[111.57642,-8.00289],[111.57705,-8.00329],[111.57757,-8.00297],[111.57824,-8.00241],[111.57849,-8.00168],[111.57871,-8.00053],[111.57833,-8.00032],[111.5785,-7.99964],[111.57772,-7.99963],[111.57776,-7.99998],[111.57723,-8.00014],[111.57717,-8.00101],[111.577,-8.00147],[111.57661,-8.00133],[111.57634,-8.00151],[111.57512,-8.00085],[111.57466,-8.0007],[111.57446,-8.00116],[111.57473,-8.0016],[111.57375,-8.00263],[111.57397,-8.00282],[111.57472,-8.00233],[111.57485,-8.00249],[111.57431,-8.00326],[111.57456,-8.00364],[111.57432,-8.00398],[111.57433,-8.00425],[111.57388,-8.00433],[111.5739,-8.00467],[111.57323,-8.00464],[111.57275,-8.00468],[111.5727,-8.00417],[111.57164,-8.0042],[111.57156,-8.00384],[111.57152,-8.00341],[111.57092,-8.00371],[111.57022,-8.00398],[111.57007,-8.00393],[111.57011,-8.00428],[111.57018,-8.00451],[111.56927,-8.00492],[111.56953,-8.00514],[111.56971,-8.00546],[111.56953,-8.00552],[111.56935,-8.00579],[111.56905,-8.00564],[111.5686,-8.00531],[111.5684,-8.00514],[111.56825,-8.0049],[111.56806,-8.0047],[111.56797,-8.00466],[111.5678,-8.00467],[111.56732,-8.00458],[111.56665,-8.00461],[111.56604,-8.0046],[111.56605,-8.00423],[111.56576,-8.00438],[111.56565,-8.00441],[111.56541,-8.00436],[111.56487,-8.00417],[111.56489,-8.00454],[111.56517,-8.00547],[111.5655,-8.006],[111.56588,-8.00646],[111.566,-8.00653],[111.56621,-8.00655],[111.5672,-8.00636],[111.56763,-8.00634],[111.56794,-8.00639],[111.5679,-8.00648],[111.56755,-8.00674],[111.56728,-8.00689],[111.56625,-8.00734],[111.56466,-8.00784],[111.56406,-8.00794],[111.56357,-8.00792],[111.56339,-8.0079],[111.56281,-8.00764],[111.5623,-8.00736],[111.5621,-8.00721],[111.56069,-8.00657],[111.55959,-8.00622],[111.55895,-8.00594],[111.55863,-8.00589],[111.55853,-8.00589],[111.55843,-8.00622],[111.55805,-8.00618],[111.55692,-8.00641],[111.55677,-8.00649],[111.55646,-8.00655],[111.55626,-8.00664],[111.55593,-8.0069],[111.5554,-8.00695],[111.55462,-8.00687],[111.55465,-8.00675],[111.55454,-8.0066],[111.55411,-8.00623],[111.55394,-8.00603],[111.55382,-8.00578],[111.55427,-8.00544],[111.55497,-8.00477],[111.5551,-8.00413],[111.55513,-8.00316],[111.55517,-8.00286],[111.55573,-8.00284],[111.55631,-8.0026],[111.55681,-8.00235],[111.55698,-8.00183],[111.55742,-8.00122],[111.55762,-8.0007],[111.55771,-8.00061],[111.55778,-8.00057],[111.55788,-8.00058],[111.5583,-8.00098],[111.5584,-8.00091],[111.55842,-8.00008],[111.55855,-7.99979],[111.55862,-7.9995],[111.55672,-7.99948],[111.55862,-7.99949],[111.55865,-7.99937],[111.55856,-7.99917],[111.55841,-7.99905],[111.55825,-7.99907],[111.55687,-7.99932],[111.55667,-7.99948],[111.55652,-7.99948],[111.55665,-7.99951],[111.55658,-7.99959],[111.55632,-8.00036],[111.5561,-8.00071],[111.55591,-8.00131],[111.55581,-8.00141],[111.55592,-8.00197],[111.55527,-8.00229],[111.55522,-8.0025],[111.55506,-8.00234],[111.55474,-8.00213],[111.55449,-8.002],[111.55409,-8.00186],[111.55219,-8.00062],[111.55088,-8.00012],[111.55049,-7.9999],[111.55031,-7.99976],[111.5502,-7.99964],[111.55007,-7.99937],[111.55179,-7.9994],[111.55161,-7.99916],[111.55088,-7.99854],[111.5506,-7.99832],[111.5501,-7.99807],[111.54989,-7.99792],[111.54977,-7.99777],[111.55121,-7.99777],[111.55364,-7.99759],[111.55503,-7.99798],[111.55632,-7.9983],[111.55828,-7.99798],[111.55946,-7.99798],[111.56178,-7.99873],[111.56274,-7.99891],[111.56356,-7.99894],[111.56431,-7.99844],[111.56499,-7.99777],[111.56728,-7.99712],[111.56877,-7.99694],[111.5697,-7.99691],[111.57045,-7.99637],[111.57113,-7.99598],[111.57206,-7.9957],[111.5747,-7.99541],[111.57731,-7.99502],[111.57852,-7.99487],[111.57959,-7.99487],[111.58034,-7.99491],[111.58195,-7.99466],[111.58341,-7.9947],[111.58576,-7.99548],[111.58694,-7.99584],[111.58776,-7.99584],[111.58841,-7.99566],[111.58944,-7.9956]],[[111.57772,-7.99957],[111.57759,-7.99962],[111.57772,-7.99962],[111.57772,-7.99957]],[[111.55604,-8.00394],[111.5561,-8.00361],[111.55608,-8.00328],[111.55556,-8.0032],[111.55545,-8.00347],[111.55541,-8.00397],[111.55604,-8.00394]],[[111.59015,-8.00114],[111.59004,-8.00109],[111.59015,-8.00055],[111.58954,-8.00045],[111.58954,-8.00022],[111.58863,-7.9999],[111.58862,-7.99984],[111.58616,-7.9998],[111.58612,-8.00025],[111.58681,-8.00034],[111.58718,-8.00049],[111.58788,-8.00067],[111.58835,-8.00084],[111.58856,-8.00095],[111.58892,-8.00122],[111.59005,-8.00156],[111.59015,-8.00114]],[[111.57979,-8.00416],[111.57973,-8.00379],[111.57985,-8.00293],[111.58027,-8.00221],[111.58086,-8.00153],[111.58118,-8.00104],[111.58051,-8.00072],[111.57973,-8.00158],[111.57996,-8.00173],[111.57954,-8.00234],[111.57944,-8.00255],[111.57933,-8.00291],[111.57927,-8.00302],[111.57918,-8.00308],[111.57904,-8.00417],[111.57812,-8.00412],[111.57695,-8.00547],[111.57741,-8.00565],[111.57791,-8.00579],[111.57776,-8.00609],[111.5777,-8.00614],[111.57739,-8.0061],[111.57727,-8.00639],[111.57668,-8.00653],[111.57663,-8.0065],[111.57653,-8.00652],[111.57641,-8.00663],[111.57625,-8.00704],[111.57645,-8.00746],[111.57688,-8.00749],[111.57751,-8.00735],[111.57738,-8.00812],[111.57714,-8.00854],[111.57707,-8.00878],[111.57753,-8.00964],[111.57778,-8.00948],[111.57783,-8.00936],[111.57785,-8.00915],[111.57771,-8.00853],[111.57769,-8.00825],[111.5784,-8.00835],[111.57852,-8.00915],[111.57908,-8.00914],[111.57886,-8.00838],[111.57894,-8.00761],[111.57846,-8.00652],[111.57853,-8.00645],[111.57865,-8.00619],[111.57899,-8.00456],[111.57916,-8.00462],[111.5797,-8.00468],[111.57979,-8.00416]],[[111.58324,-8.00516],[111.58378,-8.0051],[111.58391,-8.00477],[111.58314,-8.00438],[111.58244,-8.00484],[111.58195,-8.00541],[111.58217,-8.00536],[111.58235,-8.00539],[111.58252,-8.00551],[111.58324,-8.00516]],[[111.58293,-8.00954],[111.58265,-8.00892],[111.5825,-8.00886],[111.5813,-8.00879],[111.58108,-8.00846],[111.58133,-8.00792],[111.58033,-8.00771],[111.58023,-8.00862],[111.58021,-8.00924],[111.58025,-8.00946],[111.58054,-8.00988],[111.58104,-8.01026],[111.58146,-8.01015],[111.5823,-8.00976],[111.58273,-8.01074],[111.58301,-8.01111],[111.58338,-8.01111],[111.58341,-8.0109],[111.58338,-8.01074],[111.58314,-8.01025],[111.58293,-8.00954]],[[111.57372,-8.01121],[111.5736,-8.01009],[111.57303,-8.00992],[111.57285,-8.01043],[111.57268,-8.01058],[111.57264,-8.01065],[111.57246,-8.01154],[111.57323,-8.01211],[111.57372,-8.01121]],[[111.56853,-8.0104],[111.56762,-8.01047],[111.56749,-8.01074],[111.56702,-8.01063],[111.56696,-8.01109],[111.568,-8.01158],[111.56829,-8.01177],[111.56868,-8.01122],[111.56853,-8.0104]],[[111.57213,-8.0093],[111.57268,-8.00806],[111.57179,-8.0082],[111.57014,-8.0088],[111.57021,-8.00922],[111.56925,-8.00965],[111.5694,-8.01004],[111.56979,-8.01054],[111.57001,-8.01108],[111.57097,-8.01096],[111.57095,-8.01053],[111.57101,-8.00919],[111.57098,-8.00882],[111.57143,-8.00869],[111.57136,-8.01053],[111.57177,-8.0105],[111.57213,-8.0093]],[[111.57978,-8.01883],[111.58,-8.01757],[111.57969,-8.01735],[111.57932,-8.01766],[111.57865,-8.01831],[111.57841,-8.01847],[111.57858,-8.01872],[111.57896,-8.01893],[111.57935,-8.01895],[111.57978,-8.01883]],[[111.57657,-8.02471],[111.57676,-8.02375],[111.57648,-8.02356],[111.57617,-8.02396],[111.57593,-8.02419],[111.57594,-8.02427],[111.57612,-8.02458],[111.57638,-8.0248],[111.57657,-8.02471]],[[111.59076,-8.01742],[111.5899,-8.01749],[111.58883,-8.01746],[111.58871,-8.01783],[111.58899,-8.01796],[111.58954,-8.01809],[111.59027,-8.01815],[111.59089,-8.01826],[111.59076,-8.01742]],[[111.59396,-8.01522],[111.5933,-8.01487],[111.5925,-8.01544],[111.59189,-8.01532],[111.59148,-8.01513],[111.59078,-8.01494],[111.59034,-8.01495],[111.58984,-8.01549],[111.58995,-8.01552],[111.58982,-8.01591],[111.5897,-8.01647],[111.59095,-8.01632],[111.59207,-8.01675],[111.59315,-8.01701],[111.59317,-8.01749],[111.59353,-8.01751],[111.59476,-8.01739],[111.59513,-8.01671],[111.59513,-8.01606],[111.59396,-8.01522]],[[111.59342,-8.01162],[111.59293,-8.01145],[111.59259,-8.01141],[111.59211,-8.01149],[111.59154,-8.0115],[111.59142,-8.01177],[111.59116,-8.01287],[111.59107,-8.01342],[111.59092,-8.01371],[111.59071,-8.01391],[111.59117,-8.01432],[111.59155,-8.01452],[111.59196,-8.01468],[111.5921,-8.01347],[111.5922,-8.01321],[111.59217,-8.01193],[111.59274,-8.01188],[111.59333,-8.01201],[111.59342,-8.01162]],[[111.59447,-8.01399],[111.59453,-8.01324],[111.5945,-8.01231],[111.59379,-8.01206],[111.59381,-8.01236],[111.5939,-8.01256],[111.59358,-8.01266],[111.59353,-8.01319],[111.59364,-8.01375],[111.59429,-8.01407],[111.59447,-8.01399]]]}},{"type":"Feature","properties":{"ptnsbjname":"-","namobj":"Tadah Hujan","_cls":"Tadah Hujan"},"geometry":{"type":"MultiPolygon","coordinates":[[[[111.65332,-8.01885],[111.65332,-8.01892],[111.65331,-8.01885],[111.6534,-8.01873],[111.65332,-8.01885]]],[[[111.65356,-8.01856],[111.65346,-8.01866],[111.65365,-8.01842],[111.65356,-8.01856]]],[[[111.65379,-8.01819],[111.65377,-8.01823],[111.65378,-8.01809],[111.65379,-8.01819]]],[[[111.65375,-8.01769],[111.65376,-8.0178],[111.65375,-8.01769],[111.65375,-8.01769]]]]}},{"type":"Feature","properties":{"ptnsbjname":"-","namobj":"Hutan Belukar","_cls":"Hutan Belukar"},"geometry":{"type":"MultiPolygon","coordinates":[[[[111.57955,-8.03222],[111.57942,-8.03241],[111.57947,-8.03211],[111.58003,-8.02992],[111.58072,-8.02775],[111.58102,-8.02691],[111.58135,-8.02633],[111.5817,-8.02589],[111.58189,-8.02576],[111.58222,-8.02559],[111.58334,-8.02517],[111.58273,-8.02572],[111.58261,-8.0266],[111.58234,-8.02701],[111.58189,-8.02791],[111.58111,-8.02913],[111.58068,-8.03003],[111.58035,-8.03081],[111.57994,-8.03133],[111.57955,-8.03222]]],[[[111.58527,-8.02444],[111.58389,-8.02495],[111.58543,-8.02435],[111.58527,-8.02444]]],[[[111.58923,-8.0206],[111.58753,-8.02275],[111.58824,-8.02176],[111.58923,-8.0206]]],[[[111.60596,-8.01944],[111.60575,-8.01944],[111.60575,-8.01944],[111.60596,-8.01944]]],[[[111.60531,-8.01929],[111.60574,-8.01944],[111.60549,-8.01935],[111.60531,-8.01929],[111.60499,-8.01923],[111.60531,-8.01929]]],[[[111.60418,-8.01885],[111.60424,-8.01889],[111.60414,-8.01883],[111.60418,-8.01885]]],[[[111.59713,-8.01871],[111.59732,-8.01869],[111.59732,-8.01869],[111.59713,-8.01871]]],[[[111.59713,-8.01871],[111.59713,-8.01871],[111.59708,-8.01869],[111.59713,-8.01871]]],[[[111.60704,-8.0189],[111.6064,-8.01926],[111.60664,-8.01909],[111.60703,-8.0189],[111.60738,-8.01863],[111.60704,-8.0189]]],[[[111.60323,-8.01859],[111.60346,-8.01859],[111.60322,-8.01859],[111.60323,-8.01859]]],[[[111.60286,-8.01859],[111.60304,-8.0186],[111.60286,-8.01859],[111.60257,-8.0185],[111.60286,-8.01859]]],[[[111.60749,-8.01853],[111.60747,-8.01856],[111.60753,-8.01849],[111.60749,-8.01853]]],[[[111.59838,-8.0184],[111.59832,-8.01841],[111.59837,-8.0184],[111.59838,-8.0184]]],[[[111.59935,-8.01839],[111.59918,-8.01847],[111.59896,-8.01846],[111.59894,-8.01846],[111.59918,-8.01847],[111.59935,-8.01839]]],[[[111.60087,-8.01833],[111.60096,-8.01834],[111.6011,-8.01833],[111.60096,-8.01834],[111.60087,-8.01833]]],[[[111.60128,-8.0183],[111.60126,-8.01831],[111.60134,-8.01829],[111.60128,-8.0183]]],[[[111.60185,-8.01826],[111.60168,-8.01827],[111.60184,-8.01826],[111.60185,-8.01826]]],[[[111.6003,-8.01824],[111.6004,-8.01826],[111.60013,-8.01824],[111.6003,-8.01824]]],[[[111.60758,-8.01842],[111.60755,-8.01846],[111.60772,-8.01823],[111.60758,-8.01842]]],[[[111.60753,-8.01805],[111.60772,-8.01813],[111.60753,-8.01805],[111.60725,-8.0178],[111.60712,-8.01742],[111.60711,-8.01727],[111.60713,-8.01742],[111.60726,-8.0178],[111.60753,-8.01805]]]]}},{"type":"Feature","properties":{"ptnsbjname":"-","namobj":"Kampung Jarang Tidak Teratur","_cls":"Kampung Jarang Tidak Teratur"},"geometry":{"type":"Polygon","coordinates":[[[111.61135,-8.01199],[111.61082,-8.01259],[111.61063,-8.01275],[111.61062,-8.01238],[111.61069,-8.01214],[111.61084,-8.01202],[111.61128,-8.01193],[111.61135,-8.01199]]]}},{"type":"Feature","properties":{"ptnsbjname":"Kd, Uk, Kt","namobj":"Tegalan/Ladang","_cls":"Tegalan/Ladang"},"geometry":{"type":"Polygon","coordinates":[[[111.65503,-7.988],[111.65485,-7.98777],[111.65485,-7.98777],[111.65503,-7.988]]]}},{"type":"Feature","properties":{"ptnsbjname":"Kl, Bam, Rbt","namobj":"Kebun Campuran","_cls":"Kebun Campuran"},"geometry":{"type":"Polygon","coordinates":[[[111.58634,-7.93538],[111.5863,-7.93535],[111.58585,-7.93597],[111.5855,-7.93571],[111.58476,-7.93548],[111.58445,-7.93544],[111.58401,-7.93546],[111.58324,-7.93613],[111.58305,-7.9362],[111.58275,-7.93615],[111.58216,-7.93592],[111.58177,-7.93569],[111.58158,-7.93551],[111.58141,-7.93542],[111.58112,-7.93551],[111.58089,-7.93607],[111.57997,-7.93691],[111.57969,-7.93712],[111.57948,-7.93725],[111.57845,-7.93735],[111.57824,-7.93741],[111.57799,-7.93763],[111.57781,-7.93791],[111.57765,-7.93844],[111.57761,-7.93855],[111.57756,-7.93857],[111.57737,-7.93851],[111.57732,-7.93847],[111.57708,-7.9382],[111.57696,-7.93799],[111.57612,-7.93752],[111.57578,-7.93716],[111.5756,-7.93693],[111.57582,-7.93676],[111.57555,-7.93695],[111.57501,-7.9372],[111.57447,-7.93751],[111.57409,-7.93777],[111.57314,-7.93881],[111.5728,-7.9391],[111.57268,-7.93914],[111.57246,-7.93913],[111.57227,-7.93908],[111.57178,-7.93888],[111.5715,-7.93862],[111.57135,-7.93842],[111.57116,-7.93828],[111.57086,-7.93798],[111.57073,-7.93791],[111.5704,-7.93815],[111.57017,-7.93837],[111.56987,-7.93878],[111.56981,-7.93899],[111.56961,-7.93926],[111.56949,-7.93953],[111.56965,-7.93886],[111.5699,-7.93844],[111.57032,-7.93786],[111.57091,-7.9375],[111.57106,-7.93754],[111.57126,-7.93771],[111.57177,-7.9384],[111.57198,-7.93856],[111.57215,-7.93875],[111.57238,-7.93893],[111.57257,-7.93893],[111.57277,-7.93875],[111.57288,-7.93875],[111.57326,-7.93845],[111.57346,-7.93818],[111.57406,-7.93754],[111.57471,-7.93703],[111.57591,-7.93642],[111.57619,-7.93624],[111.5764,-7.93601],[111.57652,-7.9358],[111.57663,-7.93517],[111.57667,-7.93511],[111.57715,-7.93532],[111.5778,-7.93568],[111.57797,-7.93573],[111.57808,-7.9357],[111.57816,-7.93554],[111.57829,-7.93547],[111.57851,-7.9351],[111.57848,-7.93455],[111.57857,-7.93439],[111.57877,-7.93428],[111.57924,-7.93425],[111.57932,-7.93413],[111.57941,-7.93411],[111.57951,-7.93404],[111.58002,-7.93288],[111.58021,-7.93254],[111.58065,-7.93215],[111.58089,-7.93206],[111.58139,-7.93174],[111.58163,-7.93171],[111.58173,-7.93174],[111.58205,-7.93194],[111.58217,-7.93206],[111.58222,-7.93235],[111.58235,-7.93269],[111.58243,-7.93306],[111.58255,-7.93325],[111.58284,-7.93344],[111.58304,-7.93368],[111.58319,-7.93379],[111.58354,-7.93396],[111.5844,-7.93425],[111.58538,-7.93439],[111.58555,-7.93443],[111.5857,-7.93452],[111.58602,-7.93481],[111.58619,-7.93518],[111.58634,-7.93538]],[[111.57658,-7.93551],[111.57657,-7.93552],[111.57657,-7.93555],[111.57658,-7.93551]],[[111.57823,-7.93583],[111.57824,-7.93581],[111.57818,-7.93586],[111.57823,-7.93583]]]}},{"type":"Feature","properties":{"ptnsbjname":"Kl, Nk, Bam","namobj":"Kebun Campuran","_cls":"Kebun Campuran"},"geometry":{"type":"Polygon","coordinates":[[[111.58233,-7.96455],[111.58296,-7.96511],[111.58319,-7.96539],[111.58335,-7.96581],[111.58375,-7.96654],[111.58392,-7.96677],[111.58431,-7.96713],[111.58458,-7.96732],[111.58525,-7.96721],[111.5854,-7.96727],[111.58563,-7.96746],[111.58606,-7.96806],[111.58642,-7.96845],[111.58693,-7.96887],[111.58713,-7.96898],[111.58739,-7.96899],[111.58788,-7.96886],[111.58804,-7.96887],[111.58851,-7.96933],[111.58889,-7.96962],[111.58912,-7.96971],[111.58939,-7.96973],[111.58973,-7.96964],[111.59054,-7.96925],[111.59083,-7.96913],[111.59113,-7.96906],[111.59123,-7.96908],[111.5914,-7.96921],[111.59153,-7.96924],[111.59176,-7.96916],[111.59209,-7.96889],[111.59259,-7.96833],[111.59292,-7.96824],[111.59317,-7.96821],[111.59362,-7.96824],[111.59456,-7.96808],[111.59542,-7.96814],[111.59569,-7.96798],[111.59597,-7.96788],[111.59695,-7.96766],[111.59786,-7.96671],[111.59802,-7.96658],[111.59845,-7.96633],[111.59862,-7.96611],[111.59939,-7.96618],[111.5997,-7.96623],[111.5999,-7.9663],[111.60003,-7.96641],[111.60014,-7.96684],[111.60031,-7.96695],[111.60051,-7.96701],[111.60063,-7.96702],[111.6008,-7.96691],[111.60146,-7.96612],[111.60158,-7.96604],[111.60241,-7.96635],[111.60265,-7.96639],[111.6029,-7.96671],[111.6032,-7.96718],[111.60328,-7.96743],[111.60331,-7.96785],[111.60315,-7.96877],[111.60315,-7.96903],[111.6033,-7.96931],[111.60369,-7.96975],[111.60395,-7.96987],[111.6051,-7.9698],[111.60567,-7.96985],[111.60584,-7.9699],[111.60596,-7.97002],[111.60629,-7.9707],[111.60649,-7.97094],[111.60672,-7.9711],[111.60747,-7.97142],[111.60766,-7.97143],[111.60787,-7.97136],[111.60839,-7.97101],[111.60865,-7.97078],[111.6087,-7.97067],[111.60875,-7.97038],[111.6088,-7.97028],[111.60905,-7.97019],[111.6093,-7.9705],[111.60912,-7.97068],[111.60908,-7.97088],[111.60911,-7.97125],[111.60922,-7.97175],[111.60926,-7.97228],[111.60917,-7.97299],[111.60921,-7.97329],[111.60925,-7.97356],[111.60953,-7.97368],[111.60957,-7.9738],[111.60968,-7.97471],[111.60975,-7.97504],[111.60988,-7.9752],[111.61011,-7.97538],[111.61053,-7.97559],[111.61084,-7.97571],[111.61094,-7.97572],[111.61093,-7.97652],[111.61077,-7.97683],[111.61049,-7.97721],[111.60967,-7.97877],[111.60927,-7.97926],[111.60921,-7.97959],[111.60923,-7.98],[111.60909,-7.98167],[111.60912,-7.98211],[111.60921,-7.98231],[111.60943,-7.98255],[111.60984,-7.98289],[111.60985,-7.98312],[111.60963,-7.98319],[111.60931,-7.98339],[111.60926,-7.98353],[111.60931,-7.98379],[111.6095,-7.98419],[111.60984,-7.9847],[111.61028,-7.98527],[111.6108,-7.98564],[111.61106,-7.98579],[111.61115,-7.98629],[111.61124,-7.98718],[111.61105,-7.98847],[111.61096,-7.98876],[111.6109,-7.98876],[111.61094,-7.98885],[111.61108,-7.98908],[111.61168,-7.98938],[111.61188,-7.98956],[111.61284,-7.99045],[111.61299,-7.99067],[111.61395,-7.9905],[111.61407,-7.9904],[111.61445,-7.98991],[111.61478,-7.99051],[111.61483,-7.9908],[111.6144,-7.99193],[111.61449,-7.99299],[111.61446,-7.9934],[111.61503,-7.99339],[111.61523,-7.99382],[111.61581,-7.99473],[111.61597,-7.99487],[111.61624,-7.99492],[111.61706,-7.99485],[111.61766,-7.99485],[111.61922,-7.99523],[111.61964,-7.99536],[111.61952,-7.99558],[111.61907,-7.99608],[111.61899,-7.99624],[111.61957,-7.99639],[111.61961,-7.99643],[111.61966,-7.99654],[111.61964,-7.99672],[111.61949,-7.99709],[111.61952,-7.99714],[111.61975,-7.99715],[111.62041,-7.99711],[111.6205,-7.99714],[111.6205,-7.9971],[111.62138,-7.99764],[111.62186,-7.99788],[111.6222,-7.99798],[111.62227,-7.99805],[111.62182,-7.99838],[111.62167,-7.99854],[111.62149,-7.99883],[111.62123,-7.99963],[111.62106,-7.99977],[111.62102,-8.00413],[111.62111,-8.00417],[111.62104,-8.00475],[111.62098,-8.0049],[111.62074,-8.00508],[111.6206,-8.00515],[111.6206,-8.00546],[111.62077,-8.00551],[111.62101,-8.00551],[111.62099,-8.0076],[111.6194,-8.00823],[111.61859,-8.00849],[111.61783,-8.00832],[111.61718,-8.0081],[111.61608,-8.00753],[111.6157,-8.00739],[111.61533,-8.00768],[111.61501,-8.00774],[111.61469,-8.00784],[111.61426,-8.0079],[111.61439,-8.00768],[111.61468,-8.007],[111.61392,-8.00674],[111.61372,-8.00673],[111.61282,-8.00694],[111.61247,-8.00698],[111.612,-8.00688],[111.61186,-8.00666],[111.61181,-8.00666],[111.6122,-8.00637],[111.61263,-8.00614],[111.61354,-8.00582],[111.6129,-8.00578],[111.61239,-8.00586],[111.61133,-8.00592],[111.61098,-8.00589],[111.61065,-8.00576],[111.6105,-8.00562],[111.61035,-8.00521],[111.61024,-8.0051],[111.61015,-8.00484],[111.61006,-8.00417],[111.61008,-8.00235],[111.61,-8.00195],[111.60984,-8.00147],[111.6098,-8.00162],[111.60971,-8.0017],[111.60936,-8.00182],[111.60892,-8.00203],[111.60883,-8.00216],[111.6088,-8.00227],[111.60885,-8.00238],[111.60914,-8.00276],[111.60924,-8.0032],[111.60932,-8.00331],[111.60977,-8.00352],[111.60985,-8.00366],[111.60954,-8.00406],[111.60957,-8.00422],[111.60985,-8.00481],[111.60985,-8.00506],[111.60961,-8.00547],[111.60956,-8.00574],[111.6096,-8.00605],[111.6097,-8.00645],[111.60928,-8.00709],[111.60899,-8.00685],[111.60883,-8.00646],[111.6087,-8.00629],[111.60845,-8.00617],[111.60821,-8.0061],[111.60874,-8.00542],[111.60899,-8.00466],[111.60859,-8.00464],[111.60815,-8.00532],[111.60706,-8.00511],[111.60628,-8.00491],[111.60595,-8.00537],[111.60607,-8.0057],[111.60617,-8.00614],[111.60648,-8.00632],[111.60647,-8.00702],[111.60576,-8.00672],[111.6053,-8.00697],[111.60531,-8.00708],[111.60521,-8.007],[111.60417,-8.00662],[111.60435,-8.00588],[111.60393,-8.00564],[111.60385,-8.00523],[111.60304,-8.00538],[111.60271,-8.0056],[111.60204,-8.00653],[111.60203,-8.00736],[111.60237,-8.00804],[111.60296,-8.00835],[111.60267,-8.00843],[111.60155,-8.00824],[111.60145,-8.00832],[111.60138,-8.00847],[111.60153,-8.00916],[111.6015,-8.00927],[111.60115,-8.0096],[111.60102,-8.00977],[111.60085,-8.01015],[111.6007,-8.01032],[111.6004,-8.01046],[111.60006,-8.01055],[111.59966,-8.01079],[111.59917,-8.01125],[111.59872,-8.01184],[111.59843,-8.01238],[111.59833,-8.01267],[111.59829,-8.01308],[111.5983,-8.01338],[111.5984,-8.01384],[111.59851,-8.01412],[111.59895,-8.01465],[111.59884,-8.01515],[111.59874,-8.01539],[111.59837,-8.01454],[111.5981,-8.01429],[111.59766,-8.01374],[111.5976,-8.01335],[111.59762,-8.01251],[111.5977,-8.01219],[111.59783,-8.01187],[111.59799,-8.0111],[111.59821,-8.01097],[111.59841,-8.0107],[111.59849,-8.01035],[111.59832,-8.00883],[111.59841,-8.00836],[111.59845,-8.00797],[111.59842,-8.00763],[111.59859,-8.00749],[111.59888,-8.00688],[111.5996,-8.006],[111.59969,-8.00571],[111.59961,-8.00425],[111.59968,-8.00403],[111.59983,-8.00377],[111.60092,-8.00372],[111.60132,-8.00332],[111.60182,-8.00294],[111.60291,-8.0023],[111.60325,-8.00188],[111.60331,-8.00133],[111.60337,-8.0011],[111.60358,-8.00073],[111.6037,-8.00085],[111.60385,-8.00091],[111.60409,-8.00087],[111.6045,-8.00068],[111.60488,-8.00018],[111.60508,-8.00005],[111.60528,-7.99998],[111.60541,-8.00002],[111.6055,-8.0001],[111.60597,-8.00011],[111.60612,-7.99989],[111.60621,-7.99924],[111.60623,-7.99872],[111.60633,-7.99848],[111.60658,-7.99807],[111.60665,-7.99784],[111.60667,-7.99764],[111.60663,-7.99734],[111.60675,-7.99687],[111.60716,-7.99581],[111.60743,-7.99567],[111.6073,-7.99535],[111.6074,-7.99494],[111.608,-7.9944],[111.60785,-7.99419],[111.60768,-7.99402],[111.60759,-7.99385],[111.60756,-7.99366],[111.60757,-7.99291],[111.60789,-7.99306],[111.60825,-7.99313],[111.60853,-7.99124],[111.60876,-7.99031],[111.60884,-7.98977],[111.60886,-7.98946],[111.60879,-7.98918],[111.60841,-7.98889],[111.60827,-7.98853],[111.60817,-7.98807],[111.60664,-7.98873],[111.60626,-7.98885],[111.60468,-7.98905],[111.60308,-7.98931],[111.60274,-7.9899],[111.60249,-7.99076],[111.60242,-7.99121],[111.60245,-7.99159],[111.60281,-7.99253],[111.60281,-7.99302],[111.60248,-7.99365],[111.60242,-7.99447],[111.60234,-7.99481],[111.60222,-7.99509],[111.60164,-7.99575],[111.60141,-7.99711],[111.6012,-7.99781],[111.60044,-7.99974],[111.60029,-8.00002],[111.59956,-8.00001],[111.59914,-8.00053],[111.59852,-8.00121],[111.59843,-8.0014],[111.59838,-8.00166],[111.59833,-8.00331],[111.59813,-8.003],[111.59756,-8.00242],[111.59731,-8.00223],[111.5971,-8.00209],[111.59644,-8.002],[111.59573,-8.00151],[111.59548,-8.00124],[111.59425,-8.00097],[111.59362,-8.00112],[111.59331,-8.00128],[111.59297,-8.00153],[111.59294,-8.00164],[111.59299,-8.00185],[111.5931,-8.00195],[111.59326,-8.00199],[111.59393,-8.00207],[111.59416,-8.00217],[111.59422,-8.00226],[111.59424,-8.00238],[111.5942,-8.00286],[111.59415,-8.00297],[111.59417,-8.00323],[111.59433,-8.00336],[111.59466,-8.00373],[111.595,-8.00443],[111.59502,-8.00465],[111.59474,-8.00579],[111.59476,-8.00643],[111.59448,-8.00702],[111.59434,-8.00718],[111.59411,-8.00763],[111.59395,-8.0077],[111.59275,-8.00861],[111.59244,-8.00876],[111.59221,-8.0091],[111.59227,-8.00938],[111.59226,-8.00979],[111.59214,-8.00996],[111.59204,-8.01001],[111.59188,-8.01003],[111.59151,-8.01],[111.59132,-8.01005],[111.59117,-8.01017],[111.59089,-8.01069],[111.59074,-8.01106],[111.59057,-8.01192],[111.59043,-8.01248],[111.59002,-8.01287],[111.58966,-8.01342],[111.58959,-8.01343],[111.58933,-8.01335],[111.58904,-8.01334],[111.58871,-8.01344],[111.58834,-8.01366],[111.58819,-8.01379],[111.58794,-8.01412],[111.58791,-8.0143],[111.58805,-8.01459],[111.58807,-8.01478],[111.58804,-8.01496],[111.58795,-8.01518],[111.58729,-8.01626],[111.58703,-8.01686],[111.58686,-8.01737],[111.58685,-8.01761],[111.58697,-8.01798],[111.58693,-8.01814],[111.58665,-8.01836],[111.58596,-8.01872],[111.58569,-8.01883],[111.5854,-8.0189],[111.5851,-8.01891],[111.5845,-8.01906],[111.58425,-8.01907],[111.58369,-8.01898],[111.58334,-8.01898],[111.58295,-8.01904],[111.58291,-8.01881],[111.58286,-8.01868],[111.58276,-8.01854],[111.5829,-8.01833],[111.58313,-8.01763],[111.58364,-8.01689],[111.58454,-8.01639],[111.58489,-8.01582],[111.58495,-8.01579],[111.58518,-8.01579],[111.58545,-8.01572],[111.58617,-8.01543],[111.58636,-8.01526],[111.5864,-8.01518],[111.58637,-8.01511],[111.58585,-8.01522],[111.58485,-8.01557],[111.58454,-8.0156],[111.58412,-8.01556],[111.58366,-8.01547],[111.58287,-8.01541],[111.58263,-8.01534],[111.58223,-8.01528],[111.58133,-8.01529],[111.58091,-8.01523],[111.58015,-8.01551],[111.58,-8.01568],[111.57967,-8.01528],[111.57956,-8.01507],[111.57951,-8.01484],[111.57963,-8.01374],[111.57973,-8.01336],[111.5797,-8.01265],[111.57976,-8.01201],[111.57995,-8.01102],[111.58026,-8.01091],[111.58038,-8.01091],[111.58091,-8.01103],[111.58111,-8.01111],[111.58143,-8.0114],[111.58174,-8.01182],[111.58215,-8.01227],[111.58261,-8.01265],[111.58314,-8.01225],[111.58355,-8.01186],[111.58446,-8.01142],[111.58475,-8.01106],[111.58432,-8.01068],[111.58413,-8.01048],[111.58396,-8.01024],[111.58349,-8.00977],[111.58338,-8.00937],[111.58336,-8.00888],[111.58345,-8.00859],[111.58388,-8.00866],[111.58436,-8.00882],[111.58519,-8.00917],[111.58674,-8.00973],[111.58681,-8.00908],[111.58668,-8.00828],[111.58678,-8.00775],[111.5869,-8.00746],[111.58703,-8.00733],[111.58853,-8.00625],[111.58906,-8.00576],[111.58957,-8.00558],[111.58986,-8.00539],[111.59025,-8.00506],[111.59057,-8.00468],[111.59126,-8.00433],[111.59148,-8.00414],[111.59165,-8.00382],[111.59204,-8.00235],[111.59207,-8.00198],[111.59199,-8.00177],[111.5916,-8.00126],[111.59162,-8.00085],[111.59185,-8.00028],[111.59241,-7.9999],[111.59451,-7.99993],[111.59408,-7.99948],[111.59372,-7.9992],[111.59364,-7.99829],[111.59357,-7.99806],[111.59339,-7.99777],[111.5932,-7.99758],[111.59293,-7.99742],[111.5926,-7.99734],[111.59181,-7.99736],[111.59093,-7.99712],[111.59069,-7.997],[111.59048,-7.99687],[111.5895,-7.99613],[111.58944,-7.99597],[111.58944,-7.9956],[111.58984,-7.99551],[111.59022,-7.99589],[111.59108,-7.99612],[111.59131,-7.99616],[111.59198,-7.99607],[111.59214,-7.99577],[111.59284,-7.99486],[111.59291,-7.99457],[111.59326,-7.99383],[111.5936,-7.99343],[111.59382,-7.99328],[111.59554,-7.99259],[111.59545,-7.99241],[111.59532,-7.99194],[111.59485,-7.99186],[111.59436,-7.99168],[111.59372,-7.99156],[111.59396,-7.99128],[111.594,-7.99115],[111.59458,-7.99014],[111.59473,-7.98996],[111.59508,-7.98974],[111.59559,-7.98949],[111.59614,-7.9888],[111.59648,-7.9885],[111.59675,-7.98837],[111.59727,-7.98852],[111.5974,-7.9885],[111.59759,-7.98822],[111.59767,-7.98798],[111.59775,-7.98754],[111.59839,-7.98714],[111.59872,-7.98702],[111.59915,-7.98706],[111.59928,-7.98717],[111.60008,-7.98741],[111.60062,-7.98763],[111.6008,-7.98637],[111.60095,-7.98563],[111.60106,-7.98482],[111.60121,-7.98403],[111.60212,-7.98434],[111.60237,-7.9844],[111.60248,-7.98438],[111.60262,-7.98413],[111.60276,-7.98349],[111.60292,-7.98311],[111.60314,-7.98305],[111.60378,-7.98278],[111.60374,-7.98246],[111.6038,-7.98215],[111.60398,-7.98162],[111.60396,-7.98145],[111.60388,-7.98123],[111.60326,-7.98018],[111.60301,-7.97955],[111.60296,-7.97927],[111.60296,-7.97911],[111.60363,-7.9784],[111.6038,-7.97807],[111.60389,-7.97773],[111.60372,-7.97759],[111.60319,-7.97757],[111.6026,-7.97695],[111.60246,-7.97674],[111.6024,-7.97618],[111.6022,-7.97591],[111.60213,-7.97589],[111.6014,-7.97594],[111.60103,-7.97576],[111.60077,-7.97569],[111.60024,-7.97561],[111.59995,-7.97563],[111.59952,-7.97574],[111.5992,-7.97587],[111.5991,-7.97585],[111.5983,-7.97592],[111.59761,-7.97606],[111.59677,-7.97581],[111.59662,-7.97587],[111.59637,-7.97614],[111.59628,-7.97616],[111.59599,-7.97607],[111.59547,-7.97582],[111.59502,-7.97536],[111.59492,-7.97533],[111.59476,-7.97536],[111.59464,-7.97545],[111.59418,-7.97604],[111.59406,-7.97609],[111.59321,-7.9757],[111.59291,-7.97563],[111.59265,-7.97566],[111.59194,-7.97587],[111.59177,-7.97586],[111.59144,-7.97575],[111.59053,-7.97517],[111.59018,-7.97504],[111.58994,-7.97503],[111.58912,-7.97518],[111.58898,-7.97516],[111.58832,-7.97465],[111.58805,-7.97458],[111.58801,-7.97414],[111.5881,-7.97361],[111.58808,-7.97343],[111.5867,-7.97339],[111.58653,-7.97346],[111.58641,-7.97356],[111.58599,-7.97362],[111.58543,-7.97359],[111.58541,-7.97384],[111.585,-7.97399],[111.58456,-7.9737],[111.58434,-7.97368],[111.58424,-7.97372],[111.5839,-7.9741],[111.58377,-7.9741],[111.5834,-7.97379],[111.58258,-7.97369],[111.58269,-7.9736],[111.58306,-7.97304],[111.58316,-7.97267],[111.58328,-7.97252],[111.58245,-7.97248],[111.58224,-7.97251],[111.58181,-7.97272],[111.58086,-7.97285],[111.58063,-7.97283],[111.58004,-7.97247],[111.57946,-7.97234],[111.5792,-7.9703],[111.57889,-7.96889],[111.57892,-7.96817],[111.57917,-7.96691],[111.57931,-7.96495],[111.57954,-7.96381],[111.57961,-7.96331],[111.57977,-7.96298],[111.58066,-7.96314],[111.58117,-7.96383],[111.58233,-7.96455]],[[111.62053,-8.00019],[111.6204,-8.00018],[111.62034,-8.00033],[111.62054,-8.00033],[111.62053,-8.00019]],[[111.60587,-8.00266],[111.60583,-8.00246],[111.60583,-8.00214],[111.60587,-8.00158],[111.60488,-8.00154],[111.60493,-8.00267],[111.60587,-8.00266]],[[111.61719,-8.00378],[111.61715,-8.00365],[111.61661,-8.00355],[111.61661,-8.00402],[111.61675,-8.00456],[111.61738,-8.0049],[111.61763,-8.00499],[111.61809,-8.00497],[111.61876,-8.00464],[111.61861,-8.00433],[111.6184,-8.004],[111.61813,-8.00376],[111.61778,-8.00387],[111.61719,-8.00378]]]}},{"type":"Feature","properties":{"ptnsbjname":"Kl, Nk, Bam","namobj":"Kebun Campuran","_cls":"Kebun Campuran"},"geometry":{"type":"Polygon","coordinates":[[[111.5315,-7.95186],[111.53128,-7.95194],[111.53126,-7.95196],[111.53132,-7.95187],[111.53139,-7.95183],[111.5315,-7.95186]]]}},{"type":"Feature","properties":{"ptnsbjname":"Kl, Nk, Bam","namobj":"Kebun Campuran","_cls":"Kebun Campuran"},"geometry":{"type":"Polygon","coordinates":[[[111.53312,-7.95235],[111.53325,-7.95225],[111.53446,-7.95096],[111.53456,-7.95089],[111.53402,-7.95146],[111.53336,-7.95225],[111.53321,-7.95234],[111.53312,-7.95235]]]}},{"type":"Feature","properties":{"ptnsbjname":"Kl, Nk, Bam","namobj":"Kebun Campuran","_cls":"Kebun Campuran"},"geometry":{"type":"Polygon","coordinates":[[[111.53155,-7.95374],[111.53151,-7.95349],[111.53162,-7.95321],[111.53156,-7.95276],[111.53127,-7.95225],[111.53138,-7.95211],[111.53147,-7.95205],[111.53176,-7.95205],[111.53233,-7.95229],[111.53285,-7.95268],[111.5331,-7.95274],[111.53326,-7.9527],[111.53358,-7.95245],[111.53478,-7.95114],[111.53505,-7.95094],[111.53536,-7.9508],[111.53546,-7.9508],[111.53503,-7.95111],[111.53501,-7.9512],[111.53508,-7.95142],[111.53542,-7.9514],[111.53536,-7.95184],[111.53528,-7.95198],[111.53525,-7.95211],[111.53515,-7.95226],[111.53517,-7.95235],[111.53501,-7.95246],[111.53497,-7.95259],[111.53489,-7.95264],[111.53494,-7.95288],[111.53411,-7.95319],[111.53345,-7.95326],[111.53155,-7.95374]]]}},{"type":"Feature","properties":{"ptnsbjname":"Kl, Nk, Bam","namobj":"Kebun Campuran","_cls":"Kebun Campuran"},"geometry":{"type":"Polygon","coordinates":[[[111.53472,-7.95076],[111.53504,-7.95063],[111.53508,-7.95063],[111.53472,-7.95076]]]}},{"type":"Feature","properties":{"ptnsbjname":"Kl, Nk, Bam","namobj":"Kebun Campuran","_cls":"Kebun Campuran"},"geometry":{"type":"Polygon","coordinates":[[[111.53794,-7.94944],[111.53788,-7.94942],[111.53975,-7.95035],[111.54022,-7.95072],[111.54042,-7.95083],[111.54082,-7.9509],[111.54093,-7.95105],[111.54081,-7.95285],[111.54076,-7.9531],[111.54061,-7.95337],[111.5403,-7.95367],[111.53993,-7.95386],[111.53952,-7.95437],[111.53894,-7.95447],[111.53848,-7.95463],[111.53843,-7.95471],[111.53845,-7.95483],[111.53816,-7.95476],[111.53758,-7.95472],[111.53759,-7.95514],[111.53685,-7.95514],[111.53692,-7.9557],[111.5368,-7.95577],[111.53642,-7.95579],[111.53642,-7.95586],[111.53624,-7.95593],[111.53597,-7.95613],[111.53576,-7.95613],[111.53572,-7.95621],[111.53559,-7.95604],[111.53546,-7.95602],[111.53531,-7.95594],[111.53517,-7.95592],[111.53482,-7.95621],[111.53448,-7.95624],[111.53289,-7.95616],[111.53294,-7.95586],[111.5361,-7.95566],[111.53583,-7.95422],[111.53582,-7.95331],[111.5361,-7.95327],[111.53732,-7.95325],[111.53834,-7.95342],[111.53857,-7.95343],[111.53869,-7.9534],[111.53875,-7.95329],[111.53881,-7.95286],[111.53891,-7.95158],[111.53938,-7.9516],[111.5395,-7.95197],[111.53957,-7.95198],[111.53978,-7.95199],[111.54003,-7.95206],[111.54023,-7.95205],[111.54029,-7.95202],[111.54038,-7.9519],[111.54056,-7.95188],[111.5406,-7.95169],[111.54023,-7.95158],[111.54009,-7.95144],[111.53929,-7.95129],[111.53927,-7.95121],[111.53939,-7.951],[111.53913,-7.9509],[111.53911,-7.95072],[111.53888,-7.9507],[111.53882,-7.95094],[111.53813,-7.95075],[111.53812,-7.95058],[111.53806,-7.95042],[111.538,-7.95034],[111.53768,-7.95012],[111.53767,-7.94983],[111.5372,-7.94972],[111.53693,-7.94999],[111.53694,-7.9501],[111.53706,-7.95015],[111.53704,-7.95027],[111.53675,-7.95031],[111.53657,-7.95028],[111.53645,-7.95034],[111.53636,-7.95044],[111.5363,-7.95044],[111.53658,-7.95023],[111.53665,-7.95012],[111.53666,-7.94998],[111.53642,-7.94929],[111.53642,-7.94922],[111.53653,-7.94914],[111.53673,-7.94909],[111.53719,-7.94912],[111.53794,-7.94944]],[[111.5401,-7.95065],[111.53995,-7.9506],[111.53992,-7.95058],[111.53994,-7.9506],[111.5401,-7.95065]]]}},{"type":"Feature","properties":{"ptnsbjname":"Kl, Nk, Bam","namobj":"Kebun Campuran","_cls":"Kebun Campuran"},"geometry":{"type":"Polygon","coordinates":[[[111.53653,-7.94895],[111.53631,-7.94907],[111.53622,-7.9492],[111.53618,-7.94938],[111.5361,-7.94913],[111.53611,-7.94906],[111.53621,-7.94899],[111.53653,-7.94895]]]}},{"type":"Feature","properties":{"ptnsbjname":"-","namobj":"Kampung Jarang Tidak Teratur","_cls":"Kampung Jarang Tidak Teratur"},"geometry":{"type":"MultiPolygon","coordinates":[[[[111.65319,-8.02058],[111.65278,-8.02076],[111.65294,-8.02067],[111.65319,-8.02058],[111.65324,-8.02054],[111.65319,-8.02058]]],[[[111.65337,-8.02015],[111.65335,-8.02024],[111.65342,-8.01997],[111.65337,-8.02015]]]]}},{"type":"Feature","properties":{"ptnsbjname":"Nk, Bam, Alb","namobj":"Kebun Campuran","_cls":"Kebun Campuran"},"geometry":{"type":"MultiPolygon","coordinates":[[[[111.65142,-8.02146],[111.65125,-8.02144],[111.65096,-8.0214],[111.65125,-8.02144],[111.65142,-8.02146]]],[[[111.65165,-8.0214],[111.65155,-8.02142],[111.65165,-8.0214],[111.65207,-8.02116],[111.65165,-8.0214]]]]}},{"type":"Feature","properties":{"ptnsbjname":"Kl, Nk, Bam","namobj":"Kebun Campuran","_cls":"Kebun Campuran"},"geometry":{"type":"Polygon","coordinates":[[[111.54079,-7.95049],[111.53972,-7.95011],[111.53958,-7.95004],[111.54068,-7.95043],[111.54079,-7.95049]]]}},{"type":"Feature","properties":{"ptnsbjname":"Kl, Nk, Bam","namobj":"Kebun Campuran","_cls":"Kebun Campuran"},"geometry":{"type":"Polygon","coordinates":[[[111.53817,-7.9493],[111.5374,-7.94904],[111.53723,-7.94895],[111.53794,-7.94919],[111.53817,-7.9493]]]}},{"type":"Feature","properties":{"ptnsbjname":"-","namobj":"Sawah Irigasi 2x Padi/thn","_cls":"Sawah Irigasi 2x Padi/thn"},"geometry":{"type":"Polygon","coordinates":[[[111.64901,-8.02184],[111.6489,-8.02194],[111.64901,-8.02184],[111.64901,-8.02184]]]}},{"type":"Feature","properties":{"ptnsbjname":"Nk, Bam, Alb","namobj":"Kebun Campuran","_cls":"Kebun Campuran"},"geometry":{"type":"MultiPolygon","coordinates":[[[[111.65064,-8.02214],[111.65064,-8.02214],[111.65055,-8.02214],[111.65064,-8.02214]]],[[[111.65015,-8.02211],[111.65053,-8.02214],[111.65015,-8.02211],[111.65015,-8.02211]]],[[[111.64983,-8.02207],[111.65009,-8.02211],[111.64983,-8.02207],[111.64983,-8.02207]]],[[[111.64901,-8.02184],[111.64923,-8.02174],[111.64926,-8.02174],[111.64923,-8.02174],[111.64901,-8.02184]]],[[[111.64934,-8.02173],[111.6496,-8.0219],[111.64934,-8.02173],[111.64934,-8.02173]]]]}},{"type":"Feature","properties":{"ptnsbjname":"-","namobj":"2x Padi + Palawija/thn","_cls":"2x Padi + Palawija/thn"},"geometry":{"type":"Polygon","coordinates":[[[111.53962,-7.98866],[111.53962,-7.98882],[111.53954,-7.98887],[111.53918,-7.98891],[111.53917,-7.98917],[111.53937,-7.98923],[111.53952,-7.98938],[111.5396,-7.9894],[111.53964,-7.9897],[111.53985,-7.99024],[111.53986,-7.9904],[111.53971,-7.99036],[111.53969,-7.99043],[111.53973,-7.99072],[111.53976,-7.99079],[111.54001,-7.99097],[111.54006,-7.99106],[111.54006,-7.9912],[111.54061,-7.99141],[111.54065,-7.99183],[111.54081,-7.99189],[111.5409,-7.99196],[111.54099,-7.99212],[111.54104,-7.99254],[111.54066,-7.99268],[111.54067,-7.99277],[111.5408,-7.99298],[111.54082,-7.99311],[111.54092,-7.99314],[111.54107,-7.9931],[111.54111,-7.99303],[111.54144,-7.99302],[111.54138,-7.99277],[111.54122,-7.99234],[111.54126,-7.99223],[111.5414,-7.99215],[111.54142,-7.99196],[111.54169,-7.99171],[111.54229,-7.99219],[111.54274,-7.99305],[111.5428,-7.99348],[111.5428,-7.99408],[111.54269,-7.9944],[111.54244,-7.99437],[111.54236,-7.99441],[111.54227,-7.9947],[111.54225,-7.99519],[111.54219,-7.99526],[111.54202,-7.99527],[111.54165,-7.99538],[111.54166,-7.99558],[111.54126,-7.99568],[111.54126,-7.99588],[111.54143,-7.99616],[111.54145,-7.99628],[111.54207,-7.99625],[111.54222,-7.9962],[111.54233,-7.99622],[111.54243,-7.99629],[111.54262,-7.99656],[111.54271,-7.99655],[111.54289,-7.99636],[111.54319,-7.99614],[111.54341,-7.99603],[111.54347,-7.99613],[111.54387,-7.99751],[111.54407,-7.99789],[111.54429,-7.99812],[111.54477,-7.99841],[111.54558,-7.99869],[111.54577,-7.99881],[111.54617,-7.9993],[111.54681,-7.99931],[111.547,-7.99998],[111.54735,-8.00018],[111.54786,-8.00039],[111.54821,-8.00012],[111.54831,-8.00012],[111.54932,-8.00133],[111.54945,-8.00157],[111.54947,-8.00176],[111.54941,-8.00186],[111.54926,-8.0019],[111.54824,-8.00186],[111.54789,-8.00174],[111.54772,-8.00155],[111.54755,-8.00128],[111.54748,-8.00113],[111.54748,-8.00107],[111.54713,-8.00105],[111.54666,-8.00109],[111.54626,-8.001],[111.54585,-8.00086],[111.54597,-8.00103],[111.54623,-8.00128],[111.54678,-8.00157],[111.54694,-8.0017],[111.54742,-8.00241],[111.54756,-8.00256],[111.54818,-8.00286],[111.54833,-8.00301],[111.54843,-8.00317],[111.5484,-8.00336],[111.54831,-8.00352],[111.54794,-8.00374],[111.54774,-8.00378],[111.54702,-8.00353],[111.54607,-8.00341],[111.54588,-8.0033],[111.54534,-8.00286],[111.5451,-8.00241],[111.54494,-8.00226],[111.54465,-8.00213],[111.54393,-8.00206],[111.54365,-8.00191],[111.54366,-8.0001],[111.54347,-7.99947],[111.54336,-7.99932],[111.54326,-7.99925],[111.54384,-7.99926],[111.54373,-7.99899],[111.54328,-7.99875],[111.54305,-7.99844],[111.54275,-7.99834],[111.54159,-7.99722],[111.54136,-7.99678],[111.54108,-7.99655],[111.54066,-7.99607],[111.54053,-7.99601],[111.54034,-7.99577],[111.5402,-7.99549],[111.54013,-7.99508],[111.53977,-7.99493],[111.53975,-7.9946],[111.5397,-7.99449],[111.53944,-7.99429],[111.53938,-7.99413],[111.53942,-7.99401],[111.53965,-7.99378],[111.5399,-7.99336],[111.53996,-7.9931],[111.53977,-7.99288],[111.5397,-7.99233],[111.53956,-7.99216],[111.5395,-7.99199],[111.53943,-7.99155],[111.53946,-7.99143],[111.53967,-7.9911],[111.53964,-7.99101],[111.53939,-7.99086],[111.53909,-7.99027],[111.53926,-7.98995],[111.53924,-7.98982],[111.5388,-7.9895],[111.53862,-7.98922],[111.53864,-7.98855],[111.53892,-7.98855],[111.53962,-7.98866]],[[111.54185,-7.9932],[111.5417,-7.99316],[111.54162,-7.99321],[111.54138,-7.99316],[111.54113,-7.99319],[111.54107,-7.99334],[111.54099,-7.9934],[111.541,-7.99352],[111.54118,-7.99354],[111.54129,-7.99361],[111.54128,-7.99379],[111.5411,-7.99383],[111.54111,-7.99404],[111.54116,-7.99408],[111.5416,-7.9941],[111.54164,-7.99418],[111.54209,-7.99425],[111.54207,-7.99392],[111.54199,-7.99356],[111.54185,-7.9932]]]}},{"type":"Feature","properties":{"ptnsbjname":"-","namobj":"2x Padi + Palawija/thn","_cls":"2x Padi + Palawija/thn"},"geometry":{"type":"Polygon","coordinates":[[[111.54117,-7.95147],[111.54116,-7.95134],[111.54117,-7.95111],[111.5412,-7.95115],[111.54117,-7.95147]]]}},{"type":"Feature","properties":{"ptnsbjname":"-","namobj":"2x Padi + Palawija/thn","_cls":"2x Padi + Palawija/thn"},"geometry":{"type":"Polygon","coordinates":[[[111.53682,-7.94646],[111.53738,-7.94664],[111.53852,-7.94692],[111.53859,-7.94713],[111.53893,-7.94716],[111.53897,-7.94756],[111.53918,-7.94759],[111.53931,-7.94746],[111.53946,-7.94749],[111.53953,-7.9478],[111.53976,-7.94782],[111.53979,-7.94807],[111.53976,-7.94821],[111.53957,-7.94829],[111.53955,-7.94843],[111.54029,-7.94868],[111.54053,-7.94873],[111.54073,-7.94875],[111.54091,-7.94867],[111.54118,-7.94864],[111.54178,-7.94846],[111.54216,-7.9485],[111.54217,-7.94886],[111.54236,-7.94864],[111.5425,-7.94836],[111.54268,-7.94824],[111.5435,-7.94814],[111.54449,-7.9481],[111.54472,-7.94814],[111.54533,-7.94859],[111.54609,-7.94936],[111.54614,-7.94951],[111.54662,-7.94961],[111.54705,-7.94963],[111.54746,-7.94941],[111.54768,-7.94922],[111.5485,-7.94897],[111.54936,-7.94858],[111.54966,-7.94974],[111.54972,-7.94983],[111.5497,-7.94994],[111.54948,-7.95037],[111.5494,-7.95097],[111.54922,-7.95129],[111.54895,-7.9516],[111.54868,-7.95181],[111.54847,-7.95189],[111.5477,-7.95206],[111.54642,-7.95249],[111.54599,-7.9526],[111.54556,-7.95264],[111.54537,-7.95262],[111.54525,-7.95257],[111.54484,-7.9523],[111.54431,-7.95182],[111.54416,-7.95182],[111.54408,-7.95174],[111.54356,-7.95178],[111.54328,-7.95191],[111.54304,-7.95212],[111.54291,-7.95231],[111.54278,-7.95296],[111.54265,-7.95298],[111.5418,-7.95276],[111.54161,-7.95278],[111.54148,-7.95218],[111.54135,-7.9508],[111.54126,-7.9507],[111.54068,-7.95043],[111.53958,-7.95004],[111.53873,-7.94956],[111.53794,-7.94919],[111.53705,-7.94887],[111.53664,-7.94875],[111.53629,-7.94876],[111.53594,-7.94891],[111.53585,-7.94899],[111.5358,-7.94907],[111.53582,-7.9492],[111.53581,-7.94944],[111.5359,-7.9496],[111.5359,-7.94966],[111.5358,-7.94995],[111.53564,-7.95009],[111.53536,-7.95022],[111.53482,-7.95043],[111.53472,-7.95044],[111.53466,-7.95048],[111.53434,-7.9506],[111.53408,-7.95086],[111.53394,-7.95092],[111.53383,-7.95102],[111.5337,-7.95121],[111.53317,-7.95182],[111.53303,-7.95205],[111.53288,-7.95214],[111.53264,-7.95217],[111.53248,-7.95213],[111.53218,-7.95195],[111.53197,-7.95169],[111.53183,-7.9516],[111.53152,-7.95152],[111.53144,-7.9511],[111.5318,-7.95102],[111.5321,-7.95078],[111.53222,-7.95073],[111.53192,-7.95003],[111.53208,-7.94995],[111.53257,-7.94986],[111.53273,-7.94991],[111.5329,-7.95003],[111.53319,-7.94992],[111.5334,-7.94991],[111.53347,-7.94998],[111.53351,-7.95017],[111.5334,-7.9504],[111.53352,-7.9506],[111.53364,-7.9507],[111.53389,-7.95063],[111.53437,-7.95026],[111.5346,-7.95017],[111.53501,-7.95013],[111.53534,-7.95004],[111.53564,-7.94982],[111.53569,-7.94913],[111.53563,-7.94872],[111.53563,-7.94842],[111.53522,-7.94855],[111.53527,-7.94828],[111.53522,-7.94799],[111.5351,-7.94796],[111.53426,-7.94808],[111.53413,-7.94813],[111.53383,-7.94816],[111.53353,-7.94808],[111.53325,-7.94809],[111.53316,-7.94812],[111.53303,-7.94826],[111.53226,-7.94838],[111.53205,-7.94845],[111.53195,-7.94859],[111.53204,-7.9487],[111.53199,-7.9488],[111.53209,-7.94913],[111.53105,-7.94946],[111.53081,-7.9495],[111.53073,-7.94922],[111.53099,-7.94912],[111.53101,-7.94909],[111.53012,-7.94628],[111.52929,-7.94394],[111.52946,-7.94382],[111.52977,-7.94367],[111.53009,-7.94357],[111.53032,-7.9434],[111.53074,-7.94321],[111.5308,-7.94317],[111.53077,-7.94303],[111.53104,-7.94296],[111.53166,-7.94309],[111.53234,-7.94335],[111.53268,-7.94339],[111.53282,-7.94338],[111.53289,-7.94334],[111.53327,-7.94344],[111.53344,-7.94343],[111.53379,-7.94327],[111.53353,-7.94232],[111.5328,-7.94018],[111.53277,-7.93999],[111.53267,-7.9398],[111.53248,-7.93957],[111.53285,-7.93959],[111.53294,-7.93968],[111.53307,-7.94011],[111.53335,-7.94042],[111.53384,-7.94049],[111.53391,-7.94057],[111.53469,-7.94058],[111.53485,-7.94175],[111.5339,-7.94189],[111.53398,-7.94224],[111.53406,-7.94238],[111.53419,-7.94242],[111.53554,-7.94225],[111.53628,-7.94211],[111.53686,-7.94193],[111.53735,-7.94169],[111.53795,-7.9415],[111.53884,-7.94104],[111.53942,-7.94091],[111.53959,-7.94281],[111.54194,-7.94245],[111.54332,-7.94218],[111.5433,-7.94136],[111.54322,-7.94063],[111.54311,-7.94023],[111.54248,-7.94026],[111.54293,-7.93945],[111.54307,-7.93876],[111.54333,-7.93844],[111.54374,-7.93825],[111.54415,-7.93834],[111.54467,-7.93829],[111.54507,-7.93819],[111.54613,-7.93806],[111.54651,-7.93792],[111.54689,-7.93787],[111.54722,-7.93787],[111.54756,-7.93791],[111.54765,-7.93796],[111.54784,-7.93817],[111.54803,-7.93867],[111.54851,-7.93857],[111.54908,-7.93878],[111.54918,-7.93962],[111.54916,-7.9399],[111.54832,-7.94048],[111.5483,-7.94127],[111.54853,-7.94169],[111.54857,-7.94232],[111.54823,-7.94268],[111.54724,-7.94285],[111.54636,-7.94308],[111.5456,-7.94337],[111.54455,-7.94398],[111.54396,-7.94424],[111.54339,-7.94461],[111.54242,-7.94499],[111.54181,-7.94504],[111.54034,-7.94508],[111.53947,-7.9452],[111.53757,-7.94522],[111.53583,-7.94569],[111.53555,-7.94613],[111.5365,-7.94641],[111.53682,-7.94646]],[[111.54018,-7.94919],[111.54012,-7.94916],[111.54009,-7.949],[111.53979,-7.94895],[111.53973,-7.9492],[111.53975,-7.94929],[111.53997,-7.94941],[111.54023,-7.94949],[111.54036,-7.94959],[111.54089,-7.94973],[111.54099,-7.94992],[111.54155,-7.94998],[111.54163,-7.95007],[111.54169,-7.95057],[111.54167,-7.95088],[111.54172,-7.95122],[111.54176,-7.9513],[111.54207,-7.95133],[111.54212,-7.95159],[111.54184,-7.95167],[111.54185,-7.95214],[111.54194,-7.95226],[111.54238,-7.95226],[111.54252,-7.95211],[111.54254,-7.95199],[111.54236,-7.95186],[111.54236,-7.95073],[111.54229,-7.95004],[111.54222,-7.94975],[111.54206,-7.94975],[111.542,-7.94971],[111.54189,-7.94957],[111.54186,-7.94939],[111.54157,-7.94929],[111.54138,-7.94939],[111.5412,-7.9494],[111.54114,-7.94929],[111.5411,-7.94898],[111.54079,-7.94901],[111.54078,-7.94923],[111.54018,-7.94919]]]}},{"type":"Feature","properties":{"ptnsbjname":"-","namobj":"Sawah Irigasi Lebih Dari 2x Padi/thn","_cls":"Sawah Irigasi Lebih Dari 2x Padi/thn"},"geometry":{"type":"Polygon","coordinates":[[[111.57045,-7.93769],[111.5705,-7.93763],[111.57067,-7.93754],[111.57053,-7.93762],[111.57045,-7.93769]]]}},{"type":"Feature","properties":{"ptnsbjname":"-","namobj":"Sawah Irigasi Lebih Dari 2x Padi/thn","_cls":"Sawah Irigasi Lebih Dari 2x Padi/thn"},"geometry":{"type":"Polygon","coordinates":[[[111.55598,-7.92725],[111.55594,-7.92754],[111.55597,-7.92768],[111.55572,-7.92776],[111.55568,-7.92788],[111.55562,-7.92793],[111.5554,-7.92788],[111.55527,-7.92788],[111.55505,-7.92793],[111.55491,-7.92799],[111.55471,-7.92801],[111.5547,-7.92778],[111.55446,-7.92765],[111.55439,-7.92751],[111.55416,-7.92754],[111.55407,-7.92772],[111.55395,-7.9278],[111.55384,-7.92798],[111.55353,-7.92799],[111.55347,-7.92767],[111.55324,-7.92768],[111.55322,-7.92799],[111.55264,-7.92804],[111.55262,-7.92826],[111.55292,-7.92836],[111.55304,-7.92846],[111.55316,-7.92865],[111.55354,-7.92865],[111.55374,-7.92872],[111.55394,-7.92911],[111.55397,-7.92959],[111.55403,-7.92974],[111.55422,-7.92987],[111.55424,-7.93005],[111.55418,-7.93016],[111.55399,-7.93027],[111.55367,-7.93051],[111.55353,-7.93074],[111.55309,-7.93097],[111.55247,-7.93105],[111.5524,-7.93132],[111.55224,-7.93154],[111.55221,-7.93167],[111.55221,-7.93191],[111.55241,-7.93198],[111.55259,-7.9321],[111.55269,-7.93227],[111.55264,-7.93238],[111.55252,-7.93245],[111.55241,-7.93259],[111.55239,-7.93266],[111.55241,-7.93278],[111.55249,-7.93285],[111.55266,-7.93288],[111.55314,-7.93283],[111.5533,-7.93265],[111.55336,-7.93225],[111.55367,-7.93162],[111.55416,-7.93131],[111.55452,-7.93112],[111.55501,-7.93102],[111.55514,-7.93108],[111.55509,-7.93113],[111.55443,-7.93134],[111.55445,-7.93142],[111.555,-7.93162],[111.55525,-7.93169],[111.5557,-7.93134],[111.5558,-7.93133],[111.55588,-7.93134],[111.55597,-7.93153],[111.55607,-7.93158],[111.55596,-7.93127],[111.55568,-7.93113],[111.55548,-7.93094],[111.55541,-7.93077],[111.55535,-7.93038],[111.55546,-7.93035],[111.55582,-7.93061],[111.55601,-7.93061],[111.55601,-7.93038],[111.55615,-7.93026],[111.55652,-7.93025],[111.55654,-7.93107],[111.55666,-7.93202],[111.55718,-7.93202],[111.55797,-7.93195],[111.55823,-7.93215],[111.55842,-7.93257],[111.55844,-7.93291],[111.55866,-7.93402],[111.55892,-7.93473],[111.55896,-7.935],[111.55845,-7.93501],[111.55818,-7.93508],[111.55781,-7.93511],[111.55768,-7.93497],[111.55751,-7.93498],[111.55763,-7.93573],[111.5585,-7.93569],[111.55879,-7.93562],[111.55912,-7.93546],[111.55944,-7.93552],[111.55963,-7.93571],[111.55986,-7.93588],[111.56024,-7.93594],[111.56061,-7.93594],[111.56205,-7.93554],[111.56255,-7.93554],[111.56338,-7.93562],[111.56366,-7.93558],[111.56404,-7.93544],[111.56446,-7.9352],[111.56473,-7.93499],[111.56545,-7.93467],[111.56565,-7.93453],[111.56583,-7.93428],[111.56611,-7.93399],[111.56639,-7.9338],[111.56672,-7.93362],[111.56727,-7.9335],[111.56745,-7.93334],[111.56791,-7.93341],[111.56811,-7.9333],[111.56816,-7.93295],[111.57142,-7.93168],[111.57169,-7.93163],[111.57276,-7.93181],[111.57342,-7.932],[111.57346,-7.9327],[111.57371,-7.93366],[111.57378,-7.93445],[111.57366,-7.93575],[111.5735,-7.93676],[111.57346,-7.93694],[111.57322,-7.93754],[111.57261,-7.93825],[111.57227,-7.93834],[111.57187,-7.93799],[111.57155,-7.93748],[111.57119,-7.93705],[111.57108,-7.93706],[111.57061,-7.93735],[111.57035,-7.93757],[111.56979,-7.93814],[111.56936,-7.93893],[111.56935,-7.93903],[111.56927,-7.93919],[111.56923,-7.93949],[111.56914,-7.93966],[111.56883,-7.93956],[111.56865,-7.93939],[111.56834,-7.93938],[111.56808,-7.93872],[111.56779,-7.93861],[111.56771,-7.93876],[111.5677,-7.93894],[111.56752,-7.93907],[111.56739,-7.93908],[111.56727,-7.93903],[111.56717,-7.93892],[111.56692,-7.93892],[111.56672,-7.93862],[111.5665,-7.93862],[111.5663,-7.93871],[111.56622,-7.93886],[111.5663,-7.93908],[111.56651,-7.93926],[111.56652,-7.93945],[111.56641,-7.93951],[111.56621,-7.93952],[111.56602,-7.93938],[111.5659,-7.93919],[111.56566,-7.93897],[111.56547,-7.9389],[111.56521,-7.93909],[111.56532,-7.93926],[111.56551,-7.93945],[111.56573,-7.93999],[111.56576,-7.94016],[111.56565,-7.94022],[111.565,-7.94025],[111.56485,-7.94031],[111.56459,-7.94057],[111.56422,-7.94103],[111.56402,-7.94118],[111.56391,-7.94134],[111.56397,-7.94184],[111.5639,-7.94194],[111.56355,-7.942],[111.56352,-7.94209],[111.56383,-7.94233],[111.56419,-7.94244],[111.56465,-7.94246],[111.56497,-7.94239],[111.56507,-7.9423],[111.56512,-7.94207],[111.56523,-7.94199],[111.56538,-7.94199],[111.56552,-7.94204],[111.56581,-7.94204],[111.56614,-7.94192],[111.56622,-7.94219],[111.56617,-7.94245],[111.56604,-7.94271],[111.56584,-7.9429],[111.5654,-7.94319],[111.56508,-7.94335],[111.56479,-7.94339],[111.56328,-7.94311],[111.5629,-7.94297],[111.56243,-7.94273],[111.5618,-7.94216],[111.56185,-7.94209],[111.56193,-7.94208],[111.56218,-7.94211],[111.56277,-7.94202],[111.56295,-7.94197],[111.56301,-7.94193],[111.56302,-7.94185],[111.56301,-7.94179],[111.56295,-7.94175],[111.56245,-7.94156],[111.56225,-7.94126],[111.56209,-7.94092],[111.56198,-7.94078],[111.56189,-7.94082],[111.562,-7.94109],[111.562,-7.94117],[111.56194,-7.94121],[111.56174,-7.94122],[111.56155,-7.94116],[111.56153,-7.94073],[111.5614,-7.94075],[111.56121,-7.94099],[111.56119,-7.94122],[111.56114,-7.94135],[111.56103,-7.94139],[111.56083,-7.94138],[111.56066,-7.9412],[111.56056,-7.94121],[111.56053,-7.94134],[111.56065,-7.94164],[111.56064,-7.94172],[111.56036,-7.9418],[111.55997,-7.94183],[111.55971,-7.94199],[111.55949,-7.94204],[111.55945,-7.9422],[111.55945,-7.94235],[111.55919,-7.94264],[111.55896,-7.94276],[111.55883,-7.94276],[111.55868,-7.94281],[111.55826,-7.94244],[111.55806,-7.94274],[111.55852,-7.94342],[111.55863,-7.94347],[111.55888,-7.94322],[111.55906,-7.94311],[111.55966,-7.94301],[111.56005,-7.94284],[111.56029,-7.94279],[111.56086,-7.94277],[111.55923,-7.94394],[111.55863,-7.94445],[111.55847,-7.94464],[111.55842,-7.94479],[111.55844,-7.94505],[111.55866,-7.94579],[111.55886,-7.94633],[111.55984,-7.9472],[111.55944,-7.94777],[111.5587,-7.94812],[111.55841,-7.94817],[111.55816,-7.94814],[111.55773,-7.94803],[111.557,-7.94779],[111.55683,-7.94782],[111.55653,-7.94796],[111.55617,-7.94844],[111.55602,-7.9484],[111.5559,-7.94825],[111.55596,-7.94811],[111.55605,-7.94795],[111.5562,-7.94792],[111.55645,-7.94778],[111.55654,-7.94763],[111.55658,-7.94743],[111.55646,-7.94714],[111.55648,-7.94678],[111.55656,-7.9466],[111.55667,-7.94648],[111.55674,-7.94619],[111.55673,-7.9461],[111.5565,-7.94579],[111.55649,-7.94564],[111.55637,-7.94551],[111.55634,-7.94551],[111.55614,-7.94563],[111.55577,-7.94567],[111.55563,-7.94574],[111.5553,-7.946],[111.55519,-7.94593],[111.55514,-7.94564],[111.55495,-7.94547],[111.55463,-7.94509],[111.55455,-7.94493],[111.55441,-7.94486],[111.55429,-7.94487],[111.55398,-7.94494],[111.55391,-7.945],[111.55362,-7.94502],[111.55355,-7.94498],[111.55348,-7.94475],[111.55318,-7.94467],[111.55317,-7.94511],[111.55313,-7.94523],[111.55303,-7.94532],[111.55273,-7.9453],[111.55258,-7.94492],[111.55249,-7.94492],[111.55216,-7.94506],[111.55202,-7.94536],[111.5519,-7.94538],[111.55173,-7.94518],[111.55164,-7.94521],[111.55135,-7.94561],[111.55133,-7.94573],[111.55137,-7.94581],[111.55079,-7.94586],[111.55068,-7.94596],[111.55066,-7.94608],[111.55082,-7.94614],[111.55108,-7.94616],[111.55131,-7.94609],[111.55157,-7.94624],[111.55168,-7.94652],[111.55168,-7.9469],[111.55165,-7.94698],[111.55113,-7.94717],[111.55086,-7.94721],[111.55076,-7.94711],[111.55055,-7.94743],[111.55041,-7.94748],[111.55057,-7.94809],[111.551,-7.94791],[111.55133,-7.94784],[111.55196,-7.94784],[111.5528,-7.94779],[111.55319,-7.9477],[111.5534,-7.9477],[111.55363,-7.94774],[111.55449,-7.94804],[111.55442,-7.94851],[111.554,-7.94853],[111.55394,-7.94895],[111.55371,-7.9488],[111.55341,-7.9487],[111.55329,-7.94871],[111.55327,-7.94874],[111.55311,-7.94875],[111.55287,-7.94914],[111.55273,-7.94923],[111.55224,-7.94928],[111.5513,-7.94926],[111.55036,-7.94929],[111.55012,-7.94935],[111.54998,-7.94946],[111.54972,-7.94983],[111.54966,-7.94974],[111.54936,-7.94858],[111.55036,-7.94814],[111.55022,-7.948],[111.55005,-7.94802],[111.54998,-7.94769],[111.5497,-7.94779],[111.54965,-7.94762],[111.54954,-7.9474],[111.54939,-7.94724],[111.54928,-7.94701],[111.54947,-7.94686],[111.54964,-7.94681],[111.54987,-7.94668],[111.54997,-7.94639],[111.54997,-7.94623],[111.54993,-7.94617],[111.54961,-7.94621],[111.54945,-7.94613],[111.5495,-7.94596],[111.54929,-7.94584],[111.54929,-7.94571],[111.5491,-7.94575],[111.5491,-7.94624],[111.5492,-7.9463],[111.54922,-7.9464],[111.54914,-7.94649],[111.54898,-7.94657],[111.54891,-7.94671],[111.54878,-7.94674],[111.54858,-7.94667],[111.54842,-7.94641],[111.54828,-7.94641],[111.54817,-7.94648],[111.54782,-7.94644],[111.54767,-7.94636],[111.54754,-7.94638],[111.54751,-7.94687],[111.54756,-7.94756],[111.5475,-7.94771],[111.54737,-7.94783],[111.54731,-7.94796],[111.54719,-7.94861],[111.54708,-7.94875],[111.54685,-7.94887],[111.54687,-7.94914],[111.54648,-7.94928],[111.5463,-7.94931],[111.54582,-7.9487],[111.54566,-7.94854],[111.54484,-7.94786],[111.54469,-7.94787],[111.54469,-7.94702],[111.54484,-7.94701],[111.54487,-7.94698],[111.54532,-7.94704],[111.54532,-7.94636],[111.54529,-7.94591],[111.54471,-7.94586],[111.54469,-7.94614],[111.54476,-7.9465],[111.5437,-7.94653],[111.54355,-7.94677],[111.54351,-7.94697],[111.54268,-7.947],[111.54262,-7.94653],[111.54245,-7.94656],[111.54242,-7.9464],[111.54173,-7.94631],[111.54164,-7.94635],[111.54157,-7.94645],[111.54101,-7.94644],[111.54019,-7.94613],[111.54006,-7.94586],[111.53985,-7.94587],[111.53986,-7.94607],[111.53969,-7.94607],[111.53962,-7.94626],[111.53958,-7.94653],[111.53919,-7.94652],[111.53906,-7.94636],[111.53889,-7.94628],[111.53854,-7.94625],[111.53848,-7.9465],[111.538,-7.9465],[111.53708,-7.9462],[111.53689,-7.9462],[111.53682,-7.94646],[111.5365,-7.94641],[111.53555,-7.94613],[111.53583,-7.94569],[111.53757,-7.94522],[111.53947,-7.9452],[111.54034,-7.94508],[111.54181,-7.94504],[111.54242,-7.94499],[111.54339,-7.94461],[111.54396,-7.94424],[111.54455,-7.94398],[111.5456,-7.94337],[111.54636,-7.94308],[111.54724,-7.94285],[111.54823,-7.94268],[111.54857,-7.94232],[111.54853,-7.94169],[111.5483,-7.94127],[111.54832,-7.94048],[111.54916,-7.9399],[111.54918,-7.93962],[111.54908,-7.93878],[111.54851,-7.93857],[111.54803,-7.93867],[111.54784,-7.93817],[111.54765,-7.93796],[111.54756,-7.93791],[111.54722,-7.93787],[111.54689,-7.93787],[111.54651,-7.93792],[111.54613,-7.93806],[111.54507,-7.93819],[111.54467,-7.93829],[111.54415,-7.93834],[111.54374,-7.93825],[111.54482,-7.9378],[111.54522,-7.93773],[111.54559,-7.93781],[111.5458,-7.9378],[111.54614,-7.93766],[111.54654,-7.93764],[111.54671,-7.9376],[111.54721,-7.93729],[111.54739,-7.93723],[111.54761,-7.93706],[111.54772,-7.93687],[111.5481,-7.93667],[111.54856,-7.93662],[111.54944,-7.93638],[111.55034,-7.93631],[111.55066,-7.93626],[111.5508,-7.93628],[111.55086,-7.93656],[111.55105,-7.93666],[111.55122,-7.93665],[111.55133,-7.9365],[111.5518,-7.93651],[111.55235,-7.93642],[111.55243,-7.93636],[111.55238,-7.93593],[111.55197,-7.93589],[111.55175,-7.93576],[111.55142,-7.93576],[111.55108,-7.93583],[111.55065,-7.93585],[111.55033,-7.93564],[111.54968,-7.93566],[111.54942,-7.93572],[111.54925,-7.93596],[111.54911,-7.93603],[111.54873,-7.93599],[111.54859,-7.93604],[111.54824,-7.93604],[111.54803,-7.93617],[111.548,-7.93639],[111.54786,-7.93651],[111.54766,-7.93647],[111.54691,-7.93646],[111.54681,-7.93633],[111.5465,-7.93632],[111.54634,-7.9364],[111.54642,-7.93685],[111.54633,-7.93694],[111.54615,-7.93699],[111.54579,-7.937],[111.54558,-7.93711],[111.54547,-7.93721],[111.54529,-7.93718],[111.54519,-7.93711],[111.54504,-7.93712],[111.54474,-7.93723],[111.54459,-7.93741],[111.54437,-7.93753],[111.54403,-7.93759],[111.54375,-7.93769],[111.54362,-7.93796],[111.54374,-7.93825],[111.54333,-7.93844],[111.54307,-7.93876],[111.54293,-7.93945],[111.54248,-7.94026],[111.5417,-7.94026],[111.54147,-7.94029],[111.54114,-7.94041],[111.54077,-7.94059],[111.53942,-7.94091],[111.53931,-7.9403],[111.54136,-7.93927],[111.54126,-7.93902],[111.5408,-7.93746],[111.54094,-7.93718],[111.54108,-7.93704],[111.54134,-7.93694],[111.54174,-7.93697],[111.54236,-7.93677],[111.54275,-7.93672],[111.543,-7.93663],[111.5432,-7.93649],[111.54377,-7.93629],[111.54418,-7.93634],[111.54438,-7.93625],[111.54441,-7.93591],[111.5446,-7.9357],[111.54471,-7.93568],[111.54478,-7.93591],[111.54485,-7.93597],[111.54525,-7.93577],[111.54598,-7.93555],[111.54614,-7.9354],[111.54641,-7.93526],[111.54655,-7.93503],[111.54679,-7.9349],[111.54679,-7.93477],[111.54672,-7.93452],[111.5469,-7.93449],[111.5472,-7.93465],[111.54776,-7.93477],[111.54792,-7.93475],[111.54831,-7.9346],[111.54881,-7.93456],[111.54914,-7.93457],[111.54923,-7.93474],[111.54947,-7.93488],[111.54963,-7.9349],[111.54981,-7.93474],[111.54989,-7.93438],[111.55006,-7.93406],[111.55006,-7.93389],[111.54998,-7.93382],[111.54972,-7.9337],[111.54931,-7.93371],[111.5492,-7.93351],[111.54961,-7.9332],[111.5499,-7.93304],[111.55023,-7.93291],[111.5504,-7.93275],[111.55056,-7.93253],[111.55061,-7.93221],[111.55074,-7.93193],[111.5507,-7.93175],[111.55088,-7.93158],[111.55105,-7.93101],[111.55098,-7.93083],[111.55081,-7.93075],[111.55044,-7.93047],[111.55033,-7.93024],[111.55037,-7.92992],[111.55061,-7.92953],[111.55072,-7.92929],[111.55077,-7.9291],[111.55078,-7.9289],[111.55127,-7.92888],[111.5514,-7.92884],[111.55147,-7.92875],[111.55161,-7.92877],[111.55177,-7.92862],[111.55178,-7.92845],[111.55173,-7.92839],[111.55159,-7.92831],[111.55145,-7.92812],[111.55172,-7.92805],[111.55181,-7.9279],[111.55196,-7.92791],[111.55214,-7.92742],[111.55214,-7.92726],[111.55208,-7.92712],[111.55202,-7.92706],[111.55191,-7.92701],[111.55179,-7.92685],[111.55178,-7.9267],[111.5519,-7.92658],[111.55414,-7.92644],[111.55437,-7.92645],[111.55452,-7.92653],[111.55469,-7.92675],[111.55495,-7.92722],[111.55508,-7.92731],[111.55525,-7.92736],[111.55598,-7.92725]],[[111.55635,-7.93598],[111.55679,-7.93592],[111.55698,-7.93586],[111.55698,-7.93569],[111.55692,-7.93543],[111.55678,-7.93527],[111.55642,-7.93529],[111.55619,-7.93542],[111.55593,-7.93543],[111.55584,-7.93547],[111.55581,-7.93554],[111.55534,-7.93556],[111.55521,-7.93559],[111.55501,-7.93586],[111.55474,-7.93597],[111.55442,-7.93599],[111.55412,-7.93592],[111.5536,-7.9359],[111.55334,-7.93582],[111.55278,-7.93578],[111.55276,-7.93601],[111.5528,-7.93611],[111.5532,-7.93614],[111.55328,-7.93629],[111.55406,-7.93628],[111.55413,-7.93655],[111.55475,-7.93639],[111.555,-7.93637],[111.55513,-7.93612],[111.55537,-7.93599],[111.55545,-7.93624],[111.55575,-7.93624],[111.55589,-7.93618],[111.55602,-7.93606],[111.55635,-7.93598]],[[111.55826,-7.93832],[111.55803,-7.93832],[111.55803,-7.93846],[111.55738,-7.93851],[111.55698,-7.93861],[111.55704,-7.93895],[111.55624,-7.93916],[111.55622,-7.93926],[111.55628,-7.93951],[111.55644,-7.93951],[111.55657,-7.9394],[111.55703,-7.93931],[111.5571,-7.9393],[111.55716,-7.93942],[111.55749,-7.93937],[111.55757,-7.93927],[111.55775,-7.93923],[111.55801,-7.93905],[111.5582,-7.93899],[111.55841,-7.939],[111.55845,-7.93913],[111.55852,-7.93976],[111.55857,-7.93996],[111.55901,-7.94004],[111.55911,-7.93984],[111.55913,-7.93967],[111.55936,-7.93962],[111.55948,-7.93956],[111.5595,-7.93905],[111.55965,-7.93897],[111.55963,-7.9386],[111.55917,-7.93863],[111.55915,-7.93899],[111.5591,-7.93905],[111.55889,-7.93904],[111.55886,-7.93846],[111.55835,-7.93848],[111.55826,-7.93832]],[[111.55157,-7.94392],[111.55122,-7.94266],[111.55013,-7.94293],[111.54964,-7.94299],[111.54979,-7.94343],[111.54984,-7.94365],[111.54988,-7.94421],[111.55157,-7.94392]],[[111.55768,-7.9442],[111.55756,-7.94397],[111.55744,-7.94396],[111.55731,-7.94379],[111.55715,-7.94383],[111.55724,-7.944],[111.55724,-7.94416],[111.55738,-7.94459],[111.55739,-7.94484],[111.55745,-7.94506],[111.55778,-7.94498],[111.55782,-7.94461],[111.55808,-7.94448],[111.55806,-7.94429],[111.55785,-7.94429],[111.55768,-7.9442]],[[111.55856,-7.94688],[111.55859,-7.94668],[111.5584,-7.94649],[111.55847,-7.94616],[111.55776,-7.94611],[111.55769,-7.94633],[111.55749,-7.94673],[111.55769,-7.94692],[111.55783,-7.94688],[111.55791,-7.9469],[111.55801,-7.94707],[111.55856,-7.94688]]]}},{"type":"Feature","properties":{"ptnsbjname":"-","namobj":"Sawah Irigasi Lebih Dari 2x Padi/thn","_cls":"Sawah Irigasi Lebih Dari 2x Padi/thn"},"geometry":{"type":"MultiPolygon","coordinates":[[[[111.53345,-7.98295],[111.53324,-7.98315],[111.53311,-7.98317],[111.53242,-7.98311],[111.53219,-7.98313],[111.53214,-7.98323],[111.53205,-7.98324],[111.53202,-7.98254],[111.53213,-7.98254],[111.53213,-7.98236],[111.53201,-7.98232],[111.53204,-7.98214],[111.53226,-7.98211],[111.53232,-7.98201],[111.53232,-7.98162],[111.53292,-7.98173],[111.53294,-7.98188],[111.53315,-7.98195],[111.53306,-7.98208],[111.53307,-7.98262],[111.53317,-7.98265],[111.5332,-7.98271],[111.53336,-7.98276],[111.53345,-7.98282],[111.53345,-7.98295]]],[[[111.53229,-7.97765],[111.53219,-7.97847],[111.53237,-7.97857],[111.53222,-7.97922],[111.53248,-7.97925],[111.53239,-7.97962],[111.53345,-7.97974],[111.53343,-7.98022],[111.53325,-7.98027],[111.53326,-7.98083],[111.53346,-7.98088],[111.53347,-7.98129],[111.53354,-7.98133],[111.53355,-7.98153],[111.53351,-7.98167],[111.53326,-7.98166],[111.53303,-7.98158],[111.533,-7.9813],[111.53277,-7.98123],[111.53266,-7.98116],[111.53276,-7.98102],[111.53278,-7.98043],[111.5331,-7.98038],[111.53314,-7.98029],[111.53314,-7.98008],[111.53295,-7.98007],[111.53293,-7.98],[111.53258,-7.97997],[111.53253,-7.98039],[111.53246,-7.98059],[111.53231,-7.98059],[111.53231,-7.98038],[111.53198,-7.98035],[111.53198,-7.97973],[111.53107,-7.97973],[111.52943,-7.97961],[111.52943,-7.97942],[111.52968,-7.97944],[111.52969,-7.97928],[111.52948,-7.97925],[111.52942,-7.97913],[111.52944,-7.97858],[111.52992,-7.97862],[111.52988,-7.97825],[111.53043,-7.97841],[111.53047,-7.97837],[111.53052,-7.97822],[111.53053,-7.97799],[111.53023,-7.97792],[111.53022,-7.97767],[111.52998,-7.97767],[111.52995,-7.97789],[111.52973,-7.97785],[111.52969,-7.97762],[111.52968,-7.97729],[111.5302,-7.97731],[111.53229,-7.97765]]],[[[111.52129,-7.96315],[111.52245,-7.9633],[111.52346,-7.96335],[111.52501,-7.96351],[111.52578,-7.96365],[111.527,-7.96378],[111.52722,-7.96388],[111.52728,-7.96428],[111.52739,-7.96434],[111.52763,-7.96457],[111.52782,-7.96463],[111.52829,-7.96459],[111.52842,-7.96464],[111.52861,-7.96482],[111.52881,-7.96481],[111.52903,-7.96485],[111.52913,-7.96481],[111.52926,-7.96454],[111.52939,-7.96451],[111.5296,-7.9647],[111.52967,-7.96491],[111.52978,-7.96493],[111.53009,-7.9649],[111.53027,-7.96518],[111.53042,-7.96531],[111.53059,-7.96529],[111.53058,-7.96503],[111.5307,-7.96497],[111.53077,-7.96489],[111.53082,-7.9664],[111.53089,-7.96641],[111.5309,-7.96636],[111.53125,-7.96641],[111.53185,-7.96644],[111.53191,-7.96658],[111.5319,-7.96686],[111.53179,-7.96738],[111.53148,-7.9673],[111.5315,-7.96774],[111.53162,-7.96775],[111.53171,-7.96792],[111.53171,-7.96804],[111.53175,-7.96811],[111.53175,-7.96835],[111.53203,-7.96839],[111.53214,-7.96853],[111.53217,-7.96873],[111.53213,-7.96888],[111.53204,-7.96895],[111.53212,-7.96935],[111.53216,-7.96971],[111.53251,-7.96977],[111.53245,-7.96939],[111.5327,-7.96941],[111.53276,-7.96931],[111.53287,-7.96925],[111.53348,-7.96924],[111.53359,-7.96927],[111.53362,-7.96954],[111.53415,-7.96954],[111.53428,-7.96965],[111.5345,-7.96962],[111.53459,-7.96953],[111.53478,-7.9694],[111.53487,-7.96937],[111.53505,-7.96936],[111.53518,-7.97004],[111.53524,-7.97015],[111.5355,-7.97017],[111.53558,-7.97021],[111.5356,-7.9705],[111.53527,-7.97053],[111.53485,-7.97064],[111.53483,-7.9707],[111.53484,-7.97096],[111.53457,-7.97103],[111.53456,-7.9709],[111.53448,-7.97087],[111.53436,-7.97069],[111.53416,-7.97058],[111.53373,-7.97062],[111.5337,-7.97079],[111.53349,-7.97087],[111.53352,-7.9706],[111.53314,-7.97063],[111.53316,-7.97088],[111.53299,-7.9709],[111.53306,-7.97154],[111.53335,-7.9715],[111.53402,-7.9715],[111.53408,-7.97153],[111.53411,-7.97163],[111.53408,-7.97172],[111.53403,-7.97181],[111.53388,-7.9719],[111.53378,-7.9721],[111.53368,-7.97218],[111.53342,-7.97223],[111.53271,-7.97223],[111.53271,-7.97205],[111.53254,-7.97205],[111.53243,-7.97194],[111.53225,-7.97195],[111.5322,-7.97213],[111.53236,-7.97216],[111.53238,-7.97221],[111.53237,-7.97232],[111.53207,-7.97232],[111.53188,-7.97204],[111.53171,-7.97205],[111.53172,-7.97219],[111.5316,-7.97218],[111.53153,-7.97202],[111.5314,-7.97202],[111.53102,-7.97212],[111.53082,-7.97201],[111.53071,-7.97188],[111.53012,-7.97186],[111.53005,-7.97176],[111.52999,-7.97127],[111.52961,-7.97122],[111.52959,-7.97063],[111.52911,-7.9706],[111.52909,-7.97039],[111.52902,-7.97034],[111.52891,-7.97038],[111.52889,-7.9706],[111.5283,-7.97046],[111.52827,-7.97061],[111.52834,-7.97071],[111.52838,-7.97084],[111.52307,-7.97103],[111.523,-7.97043],[111.52301,-7.97019],[111.52296,-7.96966],[111.52291,-7.96807],[111.52182,-7.96818],[111.52158,-7.96831],[111.52148,-7.96669],[111.52144,-7.96664],[111.52134,-7.96662],[111.52131,-7.96658],[111.52127,-7.96611],[111.51877,-7.96601],[111.5188,-7.96352],[111.52011,-7.96337],[111.52025,-7.96334],[111.52053,-7.9632],[111.52129,-7.96315]],[[111.53172,-7.97117],[111.53217,-7.97117],[111.53215,-7.97134],[111.53191,-7.97134],[111.53191,-7.9716],[111.53194,-7.97165],[111.53218,-7.97165],[111.53237,-7.9716],[111.53271,-7.97156],[111.53268,-7.97066],[111.53162,-7.97059],[111.53163,-7.97074],[111.53171,-7.97092],[111.53172,-7.97117]]],[[[111.54254,-7.96508],[111.54562,-7.96547],[111.54796,-7.96582],[111.54794,-7.96622],[111.54802,-7.96657],[111.54803,-7.96694],[111.54814,-7.96689],[111.5482,-7.96653],[111.54954,-7.96663],[111.54957,-7.96657],[111.54961,-7.96604],[111.55035,-7.96613],[111.55121,-7.96632],[111.55232,-7.96663],[111.55395,-7.96715],[111.55696,-7.9682],[111.55725,-7.96832],[111.55723,-7.96854],[111.55576,-7.96904],[111.55515,-7.96909],[111.5529,-7.96909],[111.55225,-7.96918],[111.55203,-7.96925],[111.55161,-7.96914],[111.55134,-7.9688],[111.55095,-7.96839],[111.55041,-7.96774],[111.55025,-7.96747],[111.54987,-7.96701],[111.54953,-7.96682],[111.54953,-7.96744],[111.54924,-7.96744],[111.54907,-7.96754],[111.54907,-7.96795],[111.54904,-7.96804],[111.54854,-7.96846],[111.54855,-7.96891],[111.54849,-7.96922],[111.54839,-7.96952],[111.54784,-7.96953],[111.54789,-7.96869],[111.54761,-7.9687],[111.54761,-7.96915],[111.54747,-7.96948],[111.54746,-7.96961],[111.54663,-7.96978],[111.54595,-7.97003],[111.54569,-7.97003],[111.5455,-7.97009],[111.54438,-7.96991],[111.54398,-7.96979],[111.54346,-7.9697],[111.54309,-7.96968],[111.5431,-7.96998],[111.54287,-7.96998],[111.54285,-7.97043],[111.5451,-7.9705],[111.54513,-7.97082],[111.54572,-7.97091],[111.54637,-7.97109],[111.54646,-7.97063],[111.54677,-7.97066],[111.54679,-7.97113],[111.54744,-7.97112],[111.54747,-7.97088],[111.54768,-7.97088],[111.54769,-7.97111],[111.54797,-7.97111],[111.54811,-7.97104],[111.54827,-7.97091],[111.54844,-7.971],[111.54847,-7.97113],[111.54877,-7.97132],[111.549,-7.97137],[111.5491,-7.97121],[111.54916,-7.97093],[111.54919,-7.97088],[111.54932,-7.97083],[111.54939,-7.97073],[111.54984,-7.9708],[111.54931,-7.97186],[111.54886,-7.97175],[111.54849,-7.97175],[111.5483,-7.97262],[111.54834,-7.97267],[111.54876,-7.97287],[111.54823,-7.97389],[111.54755,-7.97505],[111.5473,-7.9756],[111.5468,-7.97649],[111.54661,-7.97642],[111.54655,-7.97652],[111.54653,-7.97667],[111.5464,-7.97657],[111.54615,-7.97649],[111.54592,-7.97659],[111.54576,-7.9765],[111.5456,-7.97648],[111.54556,-7.97668],[111.5454,-7.97671],[111.54536,-7.97689],[111.5457,-7.97707],[111.54569,-7.97727],[111.54601,-7.97731],[111.54622,-7.97722],[111.54649,-7.97729],[111.54638,-7.97771],[111.54544,-7.97769],[111.54444,-7.97761],[111.5444,-7.97711],[111.54453,-7.97671],[111.5451,-7.97685],[111.54519,-7.97642],[111.54517,-7.97628],[111.54483,-7.97617],[111.54478,-7.97608],[111.54479,-7.97592],[111.54474,-7.97581],[111.54416,-7.9756],[111.54404,-7.97551],[111.54402,-7.97533],[111.54392,-7.97528],[111.54393,-7.97513],[111.5435,-7.97507],[111.5435,-7.97485],[111.54334,-7.9748],[111.5428,-7.97478],[111.54277,-7.97455],[111.54127,-7.97449],[111.5413,-7.97503],[111.54118,-7.97512],[111.541,-7.97481],[111.54089,-7.97479],[111.54082,-7.97506],[111.54041,-7.97505],[111.54027,-7.97416],[111.54035,-7.97406],[111.54033,-7.97352],[111.54023,-7.97344],[111.53977,-7.9733],[111.53987,-7.97262],[111.54074,-7.97266],[111.54079,-7.97241],[111.54077,-7.97229],[111.54046,-7.9722],[111.54017,-7.97218],[111.53997,-7.972],[111.53977,-7.97195],[111.53939,-7.97193],[111.5392,-7.97199],[111.53892,-7.97202],[111.53873,-7.97201],[111.53864,-7.97191],[111.5382,-7.97192],[111.53812,-7.97202],[111.53808,-7.97217],[111.53814,-7.97251],[111.53857,-7.97247],[111.53882,-7.97249],[111.53887,-7.97252],[111.53897,-7.97299],[111.53897,-7.97318],[111.53886,-7.97321],[111.5386,-7.97321],[111.53856,-7.97359],[111.5375,-7.97352],[111.5375,-7.97344],[111.53732,-7.9734],[111.53729,-7.97333],[111.53695,-7.97319],[111.53692,-7.97305],[111.5368,-7.9729],[111.53682,-7.97247],[111.53677,-7.97236],[111.53658,-7.97228],[111.53652,-7.97207],[111.53735,-7.97214],[111.53786,-7.97212],[111.5379,-7.97205],[111.5379,-7.97189],[111.53785,-7.97174],[111.53762,-7.97164],[111.53756,-7.97176],[111.53752,-7.97178],[111.53692,-7.97173],[111.53667,-7.97178],[111.53659,-7.97171],[111.53642,-7.97173],[111.53599,-7.97187],[111.53599,-7.97156],[111.53614,-7.97151],[111.5362,-7.97136],[111.5362,-7.97115],[111.53624,-7.97112],[111.5365,-7.97105],[111.53655,-7.97095],[111.53651,-7.97083],[111.53638,-7.97077],[111.53639,-7.97068],[111.53667,-7.97056],[111.53665,-7.97017],[111.53645,-7.97013],[111.53644,-7.96995],[111.53611,-7.9699],[111.53611,-7.96972],[111.53606,-7.96953],[111.53626,-7.96952],[111.53625,-7.9692],[111.53576,-7.96918],[111.53569,-7.96906],[111.53567,-7.96865],[111.53563,-7.96855],[111.53534,-7.96865],[111.5351,-7.96866],[111.53478,-7.96858],[111.53371,-7.96813],[111.53281,-7.96784],[111.53283,-7.96765],[111.53278,-7.96749],[111.53282,-7.96735],[111.53305,-7.96727],[111.53309,-7.96707],[111.53306,-7.96686],[111.53281,-7.96681],[111.53351,-7.96682],[111.53363,-7.96693],[111.53378,-7.96688],[111.53401,-7.96685],[111.53408,-7.96678],[111.53497,-7.9668],[111.53482,-7.96702],[111.53456,-7.96708],[111.53447,-7.96752],[111.53448,-7.96775],[111.53471,-7.96784],[111.53479,-7.96803],[111.53501,-7.96808],[111.53525,-7.96697],[111.53553,-7.96702],[111.53554,-7.96731],[111.53598,-7.96735],[111.53608,-7.96894],[111.53625,-7.96879],[111.53635,-7.96866],[111.53656,-7.96869],[111.5367,-7.96874],[111.53686,-7.96898],[111.53684,-7.9691],[111.53716,-7.96922],[111.5372,-7.96958],[111.53732,-7.9698],[111.53769,-7.97013],[111.5379,-7.97055],[111.53826,-7.97102],[111.53835,-7.97107],[111.53846,-7.97107],[111.5389,-7.97095],[111.53889,-7.97061],[111.53892,-7.97015],[111.5411,-7.97045],[111.5412,-7.96891],[111.54093,-7.9688],[111.54089,-7.96867],[111.54088,-7.96856],[111.54091,-7.96842],[111.54089,-7.96825],[111.54083,-7.96817],[111.54066,-7.96681],[111.54078,-7.96606],[111.5407,-7.96594],[111.5407,-7.9658],[111.54079,-7.96572],[111.54083,-7.96549],[111.54073,-7.96545],[111.54107,-7.96508],[111.54151,-7.96511],[111.54153,-7.96499],[111.5416,-7.9649],[111.54149,-7.96459],[111.54145,-7.96457],[111.54149,-7.96446],[111.54145,-7.96436],[111.54162,-7.96391],[111.54168,-7.96384],[111.54177,-7.96382],[111.54193,-7.96349],[111.54264,-7.96313],[111.54267,-7.96349],[111.54254,-7.96508]]]]}},{"type":"Feature","properties":{"ptnsbjname":"Ch, Nk, Kl","namobj":"Kebun Campuran","_cls":"Kebun Campuran"},"geometry":{"type":"Polygon","coordinates":[[[111.53863,-7.9858],[111.53851,-7.98568],[111.53842,-7.98563],[111.53824,-7.98657],[111.53818,-7.98715],[111.53814,-7.98784],[111.538,-7.98852],[111.53824,-7.98853],[111.53816,-7.98902],[111.53783,-7.98901],[111.53788,-7.98871],[111.53784,-7.98859],[111.53775,-7.98852],[111.53764,-7.98819],[111.53749,-7.98819],[111.53741,-7.98812],[111.53735,-7.98767],[111.53721,-7.98754],[111.53733,-7.98683],[111.53701,-7.98686],[111.53688,-7.98695],[111.53663,-7.98695],[111.53666,-7.98665],[111.53636,-7.98659],[111.53618,-7.98637],[111.53607,-7.98629],[111.53586,-7.98623],[111.53584,-7.98629],[111.53591,-7.98677],[111.53612,-7.98702],[111.53653,-7.98714],[111.53651,-7.98735],[111.53646,-7.98754],[111.53647,-7.98826],[111.53673,-7.98846],[111.53701,-7.98875],[111.53711,-7.9892],[111.53722,-7.98934],[111.538,-7.98969],[111.53815,-7.9898],[111.53832,-7.98984],[111.53876,-7.98965],[111.5388,-7.9895],[111.53924,-7.98982],[111.53926,-7.98995],[111.53909,-7.99027],[111.53939,-7.99086],[111.53964,-7.99101],[111.53967,-7.9911],[111.53946,-7.99143],[111.53943,-7.99155],[111.5395,-7.99199],[111.53956,-7.99216],[111.5397,-7.99233],[111.53977,-7.99288],[111.53996,-7.9931],[111.5399,-7.99336],[111.53965,-7.99378],[111.53942,-7.99401],[111.53938,-7.99413],[111.53944,-7.99429],[111.5397,-7.99449],[111.53975,-7.9946],[111.53977,-7.99493],[111.54013,-7.99508],[111.5402,-7.99549],[111.54034,-7.99577],[111.54053,-7.99601],[111.54066,-7.99607],[111.54108,-7.99655],[111.54136,-7.99678],[111.54159,-7.99722],[111.54275,-7.99834],[111.54305,-7.99844],[111.54328,-7.99875],[111.54373,-7.99899],[111.54384,-7.99926],[111.54326,-7.99925],[111.54336,-7.99932],[111.54347,-7.99947],[111.54366,-8.0001],[111.54365,-8.00191],[111.54393,-8.00206],[111.54465,-8.00213],[111.54494,-8.00226],[111.5451,-8.00241],[111.54534,-8.00286],[111.54588,-8.0033],[111.54607,-8.00341],[111.54702,-8.00353],[111.54774,-8.00378],[111.54794,-8.00374],[111.54831,-8.00352],[111.5484,-8.00336],[111.54843,-8.00317],[111.54833,-8.00301],[111.54818,-8.00286],[111.54756,-8.00256],[111.54742,-8.00241],[111.54694,-8.0017],[111.54678,-8.00157],[111.54623,-8.00128],[111.54597,-8.00103],[111.54585,-8.00086],[111.54626,-8.001],[111.54666,-8.00109],[111.54713,-8.00105],[111.54748,-8.00107],[111.54748,-8.00113],[111.54755,-8.00128],[111.54772,-8.00155],[111.54789,-8.00174],[111.54824,-8.00186],[111.54926,-8.0019],[111.54941,-8.00186],[111.54947,-8.00176],[111.54945,-8.00157],[111.54932,-8.00133],[111.54842,-8.00022],[111.54831,-8.00012],[111.54821,-8.00012],[111.54786,-8.00039],[111.54735,-8.00018],[111.547,-7.99998],[111.54681,-7.99931],[111.55007,-7.99937],[111.5502,-7.99964],[111.55049,-7.9999],[111.55062,-7.99999],[111.5513,-8.0003],[111.55219,-8.00062],[111.55409,-8.00186],[111.55449,-8.002],[111.55474,-8.00213],[111.55506,-8.00234],[111.55522,-8.0025],[111.55513,-8.00316],[111.5551,-8.00413],[111.55497,-8.00477],[111.55427,-8.00544],[111.55382,-8.00578],[111.55351,-8.00587],[111.55308,-8.00606],[111.55251,-8.00612],[111.55232,-8.00627],[111.55165,-8.00711],[111.55164,-8.00719],[111.55195,-8.00745],[111.5517,-8.00752],[111.55149,-8.00766],[111.5513,-8.00784],[111.55126,-8.00794],[111.55157,-8.00795],[111.55156,-8.00856],[111.55134,-8.00861],[111.55114,-8.00854],[111.55083,-8.00872],[111.55047,-8.00887],[111.54993,-8.00921],[111.54967,-8.00924],[111.54887,-8.0092],[111.54868,-8.00963],[111.54851,-8.00973],[111.54817,-8.00986],[111.54758,-8.01003],[111.54747,-8.01014],[111.54736,-8.01051],[111.54735,-8.01101],[111.54754,-8.01121],[111.54781,-8.0116],[111.54789,-8.0119],[111.54794,-8.0123],[111.54791,-8.01259],[111.54782,-8.01294],[111.54751,-8.01347],[111.5472,-8.0135],[111.54703,-8.01362],[111.54671,-8.01403],[111.54665,-8.01421],[111.5467,-8.01448],[111.54691,-8.01482],[111.54708,-8.01499],[111.54774,-8.01546],[111.54747,-8.0159],[111.54747,-8.01607],[111.54755,-8.01638],[111.54749,-8.01688],[111.54754,-8.01708],[111.54759,-8.01715],[111.54845,-8.01706],[111.54922,-8.01713],[111.54952,-8.0175],[111.54969,-8.01785],[111.54976,-8.01817],[111.5503,-8.01824],[111.5505,-8.01747],[111.54981,-8.01702],[111.54966,-8.01621],[111.55027,-8.01609],[111.55055,-8.01608],[111.55089,-8.01591],[111.55113,-8.01574],[111.55137,-8.01528],[111.5516,-8.01505],[111.55231,-8.01454],[111.5525,-8.01436],[111.55267,-8.01411],[111.55325,-8.01307],[111.55397,-8.01141],[111.554,-8.01112],[111.55393,-8.01076],[111.55361,-8.00975],[111.55343,-8.00942],[111.55312,-8.00921],[111.55288,-8.00914],[111.55216,-8.00842],[111.55215,-8.00831],[111.55218,-8.00813],[111.55234,-8.00782],[111.55256,-8.0076],[111.55272,-8.00757],[111.55471,-8.00779],[111.55532,-8.00791],[111.55626,-8.00774],[111.55705,-8.00775],[111.55723,-8.00765],[111.55733,-8.00751],[111.55737,-8.00736],[111.55735,-8.0072],[111.55719,-8.00656],[111.55728,-8.00633],[111.55814,-8.00618],[111.55843,-8.00622],[111.5584,-8.00644],[111.55843,-8.00712],[111.55853,-8.00777],[111.55851,-8.00795],[111.55738,-8.00933],[111.5573,-8.00948],[111.5573,-8.00982],[111.55787,-8.01069],[111.55803,-8.01104],[111.55809,-8.01133],[111.5581,-8.01182],[111.55818,-8.01193],[111.55851,-8.01221],[111.55903,-8.01252],[111.55982,-8.01274],[111.56008,-8.01289],[111.56038,-8.01311],[111.56067,-8.01322],[111.56129,-8.01319],[111.56205,-8.01324],[111.56252,-8.01307],[111.56291,-8.01304],[111.56307,-8.01305],[111.56336,-8.01319],[111.5638,-8.01329],[111.56413,-8.0133],[111.5641,-8.01345],[111.56413,-8.0135],[111.56437,-8.01397],[111.56452,-8.01415],[111.56483,-8.01432],[111.56513,-8.01422],[111.56514,-8.01413],[111.56519,-8.01408],[111.56635,-8.01483],[111.5673,-8.01553],[111.5677,-8.01604],[111.5684,-8.01706],[111.56861,-8.01751],[111.56862,-8.01785],[111.56831,-8.01867],[111.56815,-8.019],[111.56782,-8.01957],[111.56745,-8.01988],[111.5673,-8.02018],[111.56717,-8.02064],[111.56717,-8.02136],[111.5671,-8.02144],[111.56643,-8.02181],[111.56607,-8.02211],[111.56588,-8.02233],[111.56578,-8.02258],[111.56561,-8.02398],[111.56549,-8.02404],[111.56505,-8.02402],[111.56494,-8.02395],[111.56494,-8.0237],[111.5649,-8.0236],[111.56456,-8.023],[111.56435,-8.02304],[111.56403,-8.02299],[111.56384,-8.023],[111.56329,-8.02322],[111.56298,-8.02324],[111.5628,-8.02323],[111.56269,-8.02318],[111.56258,-8.02297],[111.56248,-8.02245],[111.56214,-8.02176],[111.56195,-8.0215],[111.5612,-8.02026],[111.56104,-8.0201],[111.5609,-8.02003],[111.56068,-8.02003],[111.56044,-8.02016],[111.56018,-8.02039],[111.55974,-8.0202],[111.55883,-8.01948],[111.55817,-8.01916],[111.55806,-8.01914],[111.55775,-8.01947],[111.55765,-8.01967],[111.55756,-8.0202],[111.55728,-8.02123],[111.55719,-8.0217],[111.55698,-8.02235],[111.55692,-8.02244],[111.55676,-8.02254],[111.55661,-8.02257],[111.5563,-8.02231],[111.55625,-8.02228],[111.55615,-8.02229],[111.55609,-8.022],[111.55574,-8.0215],[111.55554,-8.02096],[111.55541,-8.02024],[111.55546,-8.01885],[111.55544,-8.01844],[111.55496,-8.01881],[111.5548,-8.01896],[111.55469,-8.01912],[111.55446,-8.01951],[111.55424,-8.02017],[111.55424,-8.0203],[111.55438,-8.02165],[111.55471,-8.02245],[111.55498,-8.02298],[111.55507,-8.02332],[111.55508,-8.02352],[111.5549,-8.02369],[111.55489,-8.02466],[111.55502,-8.02516],[111.55477,-8.02548],[111.55448,-8.02527],[111.554,-8.02507],[111.55372,-8.02463],[111.55345,-8.02449],[111.55237,-8.02405],[111.55214,-8.02399],[111.55144,-8.02398],[111.55092,-8.02363],[111.55073,-8.02347],[111.55044,-8.02363],[111.55048,-8.02393],[111.55132,-8.02466],[111.55156,-8.02497],[111.55162,-8.02523],[111.55157,-8.02541],[111.55139,-8.02558],[111.55126,-8.02562],[111.55085,-8.02548],[111.55066,-8.02544],[111.55062,-8.02546],[111.55028,-8.02564],[111.55007,-8.02585],[111.54997,-8.02602],[111.54993,-8.02629],[111.55009,-8.02705],[111.55028,-8.02773],[111.55042,-8.02796],[111.55064,-8.02817],[111.5518,-8.02861],[111.55218,-8.02898],[111.55289,-8.02947],[111.55401,-8.03046],[111.55407,-8.0306],[111.55402,-8.03067],[111.55385,-8.03074],[111.55257,-8.0309],[111.55226,-8.031],[111.55152,-8.03149],[111.55129,-8.03157],[111.55107,-8.03148],[111.55087,-8.03146],[111.55062,-8.03126],[111.55029,-8.03108],[111.5502,-8.031],[111.55001,-8.03064],[111.54981,-8.03092],[111.54926,-8.0304],[111.54891,-8.03027],[111.54856,-8.03021],[111.54868,-8.02983],[111.54862,-8.02919],[111.54849,-8.02856],[111.54846,-8.02821],[111.54836,-8.02781],[111.54806,-8.02708],[111.54804,-8.02697],[111.54798,-8.02688],[111.5476,-8.02666],[111.54714,-8.02652],[111.54649,-8.02655],[111.5459,-8.02663],[111.54541,-8.02675],[111.54458,-8.0271],[111.54438,-8.02733],[111.54378,-8.02784],[111.54368,-8.02799],[111.54345,-8.02863],[111.54316,-8.02957],[111.543,-8.03065],[111.54302,-8.0319],[111.54323,-8.03264],[111.54333,-8.0329],[111.54354,-8.03318],[111.54392,-8.03389],[111.54413,-8.03417],[111.54421,-8.0344],[111.54422,-8.03465],[111.54386,-8.03627],[111.54383,-8.03652],[111.54389,-8.03674],[111.54386,-8.03685],[111.54368,-8.03706],[111.5442,-8.03714],[111.54468,-8.03725],[111.54474,-8.03712],[111.54507,-8.03705],[111.54566,-8.03711],[111.5458,-8.03705],[111.54594,-8.0369],[111.54602,-8.03688],[111.54679,-8.03702],[111.54716,-8.037],[111.54724,-8.03683],[111.54732,-8.03629],[111.54764,-8.03626],[111.54875,-8.03682],[111.54977,-8.03688],[111.55094,-8.03712],[111.551,-8.03739],[111.55095,-8.0377],[111.55084,-8.03795],[111.55061,-8.03824],[111.55047,-8.03836],[111.55037,-8.03851],[111.54993,-8.03884],[111.54968,-8.0389],[111.54954,-8.03885],[111.54843,-8.03822],[111.54804,-8.03782],[111.54751,-8.03803],[111.54705,-8.03808],[111.54698,-8.03812],[111.54696,-8.03828],[111.54718,-8.0383],[111.54827,-8.03886],[111.54872,-8.03994],[111.54902,-8.04042],[111.54902,-8.04081],[111.54889,-8.04134],[111.54879,-8.0416],[111.54862,-8.04183],[111.54849,-8.04187],[111.54835,-8.04187],[111.54826,-8.04182],[111.54758,-8.04129],[111.54739,-8.04121],[111.54706,-8.04115],[111.54657,-8.04078],[111.5464,-8.04049],[111.54632,-8.04044],[111.54595,-8.04034],[111.54512,-8.04038],[111.54455,-8.04032],[111.54337,-8.03981],[111.543,-8.03949],[111.54259,-8.03897],[111.54219,-8.03878],[111.54185,-8.03847],[111.54143,-8.03825],[111.54121,-8.03825],[111.54088,-8.03831],[111.54068,-8.0384],[111.5404,-8.03757],[111.53998,-8.03677],[111.53986,-8.0366],[111.53969,-8.03646],[111.53854,-8.03685],[111.53913,-8.03557],[111.53873,-8.03527],[111.53861,-8.03507],[111.53864,-8.03472],[111.53919,-8.03392],[111.53953,-8.03316],[111.53963,-8.03281],[111.53964,-8.03241],[111.53956,-8.03192],[111.5393,-8.03113],[111.53907,-8.0306],[111.53863,-8.02982],[111.53804,-8.02886],[111.5375,-8.02769],[111.53726,-8.02686],[111.53719,-8.02646],[111.53712,-8.02528],[111.53719,-8.02303],[111.53712,-8.02265],[111.53717,-8.0222],[111.53745,-8.02129],[111.53748,-8.02085],[111.5376,-8.02024],[111.53772,-8.01991],[111.53812,-8.01922],[111.53817,-8.01906],[111.53814,-8.01875],[111.53791,-8.01814],[111.53779,-8.01759],[111.53764,-8.01667],[111.53766,-8.01618],[111.53794,-8.01487],[111.53809,-8.01443],[111.53833,-8.01403],[111.53892,-8.01271],[111.53954,-8.01105],[111.53964,-8.01047],[111.53968,-8.01],[111.53986,-8.00946],[111.54013,-8.00903],[111.54017,-8.00881],[111.54001,-8.0072],[111.53996,-8.00702],[111.53983,-8.00681],[111.53973,-8.00653],[111.53933,-8.00614],[111.53917,-8.00589],[111.53912,-8.00566],[111.53897,-8.00556],[111.53876,-8.00549],[111.53861,-8.00556],[111.5382,-8.00554],[111.53555,-8.00518],[111.53537,-8.00506],[111.53477,-8.00409],[111.53422,-8.00083],[111.53471,-8.0002],[111.53482,-7.99991],[111.53495,-7.99972],[111.53509,-7.99924],[111.53506,-7.9991],[111.5378,-7.99916],[111.5378,-7.99925],[111.53713,-7.99916],[111.53701,-7.99978],[111.53804,-7.99999],[111.53817,-8.00008],[111.5382,-8.00032],[111.5384,-8.00035],[111.53884,-8.00034],[111.53897,-8.00022],[111.53923,-8.0003],[111.53958,-8.0003],[111.53967,-8.00024],[111.53972,-8.00009],[111.53988,-8.00005],[111.53999,-7.99981],[111.53999,-7.9996],[111.53969,-7.99946],[111.53967,-7.99932],[111.5397,-7.99915],[111.53988,-7.9991],[111.53986,-7.99881],[111.53963,-7.99868],[111.53954,-7.99855],[111.53954,-7.99842],[111.53901,-7.99817],[111.53881,-7.99804],[111.53858,-7.99784],[111.53851,-7.99764],[111.5383,-7.99759],[111.53829,-7.99739],[111.53817,-7.99735],[111.53801,-7.99724],[111.53789,-7.99714],[111.53789,-7.99707],[111.53774,-7.99703],[111.53775,-7.99694],[111.53783,-7.99687],[111.53828,-7.99674],[111.5385,-7.99625],[111.53854,-7.99572],[111.53861,-7.99562],[111.53877,-7.99551],[111.53878,-7.99519],[111.53903,-7.99524],[111.53905,-7.99475],[111.53902,-7.99455],[111.53859,-7.99448],[111.53777,-7.99442],[111.53755,-7.99445],[111.53732,-7.99482],[111.53726,-7.99503],[111.5353,-7.99476],[111.5353,-7.99494],[111.5351,-7.99493],[111.53454,-7.99482],[111.53442,-7.99463],[111.5342,-7.99459],[111.53345,-7.99457],[111.53307,-7.99451],[111.53257,-7.9895],[111.53232,-7.98772],[111.53207,-7.9837],[111.53216,-7.98375],[111.53286,-7.98391],[111.53291,-7.9841],[111.53304,-7.98416],[111.53319,-7.98409],[111.53323,-7.98388],[111.5335,-7.98386],[111.53365,-7.9839],[111.53381,-7.98404],[111.53412,-7.98412],[111.5343,-7.98412],[111.53456,-7.98423],[111.53476,-7.98438],[111.53494,-7.98444],[111.53526,-7.98442],[111.53548,-7.98435],[111.53568,-7.9844],[111.53576,-7.98452],[111.5358,-7.98481],[111.53592,-7.98495],[111.53595,-7.98511],[111.53606,-7.98533],[111.5362,-7.98537],[111.53634,-7.98523],[111.53637,-7.98457],[111.53644,-7.98438],[111.53671,-7.98424],[111.53713,-7.98424],[111.53727,-7.98416],[111.53729,-7.98393],[111.53714,-7.98296],[111.53722,-7.98241],[111.5372,-7.98228],[111.53696,-7.98229],[111.53659,-7.98238],[111.5364,-7.98236],[111.53616,-7.98223],[111.53598,-7.98199],[111.53602,-7.98175],[111.53611,-7.98162],[111.53678,-7.98157],[111.53694,-7.98144],[111.53702,-7.98132],[111.53682,-7.98087],[111.53679,-7.98046],[111.53683,-7.98029],[111.53694,-7.98022],[111.53717,-7.98026],[111.53737,-7.98037],[111.5376,-7.98042],[111.53786,-7.98042],[111.53809,-7.98047],[111.53876,-7.98047],[111.53859,-7.98371],[111.53842,-7.98538],[111.53863,-7.9858]],[[111.53542,-7.99198],[111.53554,-7.99048],[111.53523,-7.99041],[111.53468,-7.99041],[111.53449,-7.99158],[111.5345,-7.99176],[111.535,-7.99191],[111.53542,-7.99198]],[[111.53684,-7.99202],[111.53706,-7.99174],[111.53722,-7.9917],[111.53731,-7.99152],[111.53729,-7.99128],[111.53689,-7.99119],[111.53689,-7.9905],[111.53649,-7.9905],[111.53648,-7.99135],[111.53633,-7.99157],[111.53634,-7.99192],[111.53659,-7.99204],[111.53684,-7.99202]],[[111.54124,-7.9976],[111.54107,-7.99756],[111.54064,-7.99758],[111.54055,-7.99781],[111.54035,-7.99782],[111.54026,-7.99786],[111.54,-7.99782],[111.53997,-7.99778],[111.53979,-7.99779],[111.53982,-7.99799],[111.53989,-7.99807],[111.54047,-7.99829],[111.54079,-7.99836],[111.54084,-7.99831],[111.54096,-7.9983],[111.54115,-7.99836],[111.54136,-7.99838],[111.54151,-7.99832],[111.54174,-7.99816],[111.54165,-7.998],[111.54124,-7.9976]],[[111.55407,-8.02319],[111.55373,-8.02229],[111.55378,-8.02164],[111.55374,-8.02112],[111.5537,-8.02088],[111.55349,-8.02045],[111.55328,-8.01987],[111.55308,-8.01928],[111.55306,-8.01904],[111.55277,-8.01818],[111.55248,-8.01782],[111.55194,-8.01774],[111.55085,-8.01769],[111.55038,-8.01816],[111.55018,-8.01844],[111.55001,-8.01879],[111.54992,-8.01929],[111.55003,-8.01948],[111.55035,-8.01965],[111.55138,-8.01997],[111.55235,-8.02032],[111.55267,-8.02164],[111.5526,-8.02271],[111.55272,-8.02315],[111.55311,-8.02336],[111.55341,-8.02347],[111.55384,-8.02356],[111.55413,-8.02358],[111.55407,-8.02319]],[[111.54237,-8.02014],[111.54206,-8.02004],[111.54122,-8.0202],[111.54033,-8.02018],[111.5403,-8.02053],[111.54035,-8.02084],[111.54059,-8.02139],[111.54117,-8.02216],[111.54168,-8.02265],[111.54226,-8.02302],[111.54292,-8.02332],[111.54314,-8.02331],[111.5433,-8.02327],[111.54355,-8.02303],[111.54373,-8.02272],[111.54384,-8.02215],[111.54389,-8.0205],[111.54291,-8.0204],[111.54237,-8.02014]]]}},{"type":"Feature","properties":{"ptnsbjname":"-","namobj":"Semak","_cls":"Semak"},"geometry":{"type":"Polygon","coordinates":[[[111.5319,-7.95189],[111.53173,-7.95184],[111.5315,-7.95186],[111.53141,-7.95182],[111.53156,-7.95174],[111.53155,-7.95167],[111.53174,-7.95173],[111.53185,-7.95181],[111.5319,-7.95189]]]}},{"type":"Feature","properties":{"ptnsbjname":"Kd, Jg, Ps","namobj":"Tegalan/Ladang","_cls":"Tegalan/Ladang"},"geometry":{"type":"Polygon","coordinates":[[[111.57745,-7.97854],[111.57749,-7.97865],[111.57744,-7.97946],[111.57758,-7.97984],[111.57777,-7.98015],[111.57804,-7.98084],[111.57808,-7.98106],[111.57795,-7.98157],[111.57786,-7.98177],[111.5774,-7.98209],[111.57695,-7.98271],[111.57679,-7.983],[111.57676,-7.98315],[111.5768,-7.98337],[111.57722,-7.98391],[111.57757,-7.98418],[111.57731,-7.98405],[111.57688,-7.98372],[111.57646,-7.98318],[111.57641,-7.98295],[111.57645,-7.98281],[111.57661,-7.98253],[111.57707,-7.98191],[111.57753,-7.98161],[111.57762,-7.9814],[111.57775,-7.9809],[111.57772,-7.98068],[111.57745,-7.98],[111.57726,-7.97968],[111.57712,-7.97932],[111.57717,-7.97852],[111.57745,-7.97854]]]}},{"type":"Feature","properties":{"ptnsbjname":"Kd, Jg, Ps","namobj":"Tegalan/Ladang","_cls":"Tegalan/Ladang"},"geometry":{"type":"Polygon","coordinates":[[[111.57308,-7.98293],[111.57306,-7.9832],[111.57244,-7.98324],[111.57216,-7.98346],[111.57221,-7.98391],[111.57234,-7.98407],[111.57239,-7.98453],[111.57267,-7.98458],[111.57297,-7.98454],[111.57325,-7.98443],[111.57341,-7.98392],[111.57341,-7.98366],[111.5733,-7.98329],[111.57363,-7.98316],[111.57371,-7.98315],[111.57525,-7.98341],[111.57446,-7.98469],[111.57432,-7.98507],[111.57437,-7.98627],[111.57428,-7.98644],[111.57414,-7.98655],[111.57423,-7.98657],[111.57442,-7.98656],[111.57509,-7.9861],[111.5754,-7.98607],[111.57735,-7.98547],[111.57743,-7.98549],[111.57763,-7.98572],[111.5786,-7.9853],[111.57844,-7.98493],[111.57815,-7.98456],[111.57799,-7.98441],[111.5783,-7.98457],[111.5785,-7.98476],[111.57879,-7.98513],[111.57916,-7.98597],[111.57939,-7.98716],[111.57948,-7.98748],[111.58014,-7.98857],[111.58028,-7.98866],[111.58108,-7.98862],[111.58133,-7.98866],[111.58155,-7.98879],[111.58168,-7.98891],[111.58172,-7.98906],[111.58153,-7.98975],[111.58155,-7.98992],[111.58165,-7.99025],[111.58175,-7.99042],[111.58234,-7.99075],[111.58254,-7.99095],[111.58271,-7.99123],[111.58283,-7.99154],[111.58298,-7.99244],[111.58308,-7.99175],[111.583,-7.99101],[111.58291,-7.99085],[111.58212,-7.99034],[111.58179,-7.98992],[111.58187,-7.98871],[111.58182,-7.98861],[111.58141,-7.98845],[111.58046,-7.98843],[111.58022,-7.98835],[111.58005,-7.98822],[111.57994,-7.98799],[111.57985,-7.9876],[111.57984,-7.98729],[111.5796,-7.98662],[111.57949,-7.98615],[111.57915,-7.98433],[111.57901,-7.98401],[111.57889,-7.9839],[111.57804,-7.98353],[111.57756,-7.9832],[111.57719,-7.98286],[111.57721,-7.98279],[111.57734,-7.98267],[111.57797,-7.98214],[111.57826,-7.98153],[111.57842,-7.98178],[111.57847,-7.98202],[111.57845,-7.98236],[111.57828,-7.98304],[111.57914,-7.98376],[111.57936,-7.98394],[111.57955,-7.98402],[111.58033,-7.98408],[111.58098,-7.98433],[111.58149,-7.98427],[111.58174,-7.98482],[111.58235,-7.9853],[111.58258,-7.98543],[111.58444,-7.98549],[111.58477,-7.98559],[111.58582,-7.98753],[111.5861,-7.98772],[111.58662,-7.98794],[111.58673,-7.98803],[111.58715,-7.98889],[111.58747,-7.98884],[111.58767,-7.98878],[111.58793,-7.98862],[111.58812,-7.98777],[111.58833,-7.98769],[111.58851,-7.98691],[111.58867,-7.98656],[111.58881,-7.98639],[111.58879,-7.98629],[111.58872,-7.98619],[111.58861,-7.98615],[111.58581,-7.98587],[111.58501,-7.98548],[111.58464,-7.9854],[111.58417,-7.98484],[111.58492,-7.98464],[111.58517,-7.98424],[111.58501,-7.9842],[111.58473,-7.98406],[111.58443,-7.9838],[111.58416,-7.98346],[111.5835,-7.98292],[111.58326,-7.98263],[111.5832,-7.98243],[111.58324,-7.982],[111.5832,-7.98181],[111.58201,-7.98128],[111.5818,-7.98104],[111.58164,-7.98093],[111.58113,-7.98116],[111.58101,-7.98114],[111.58077,-7.981],[111.57986,-7.9804],[111.57948,-7.97993],[111.57923,-7.9797],[111.57867,-7.97933],[111.57859,-7.97952],[111.57818,-7.97927],[111.57791,-7.97921],[111.57788,-7.97858],[111.57808,-7.97864],[111.57825,-7.97883],[111.57865,-7.97891],[111.57958,-7.97887],[111.58002,-7.97864],[111.58025,-7.97833],[111.58034,-7.97809],[111.58122,-7.97778],[111.58137,-7.97735],[111.58136,-7.9767],[111.58153,-7.97652],[111.58177,-7.9765],[111.58204,-7.97653],[111.58236,-7.97672],[111.58261,-7.97677],[111.58277,-7.9769],[111.58281,-7.97713],[111.58294,-7.97733],[111.58317,-7.97743],[111.58323,-7.97773],[111.58344,-7.97808],[111.58349,-7.97811],[111.58356,-7.97868],[111.58372,-7.97888],[111.58409,-7.97891],[111.58422,-7.97898],[111.58418,-7.9791],[111.58442,-7.97925],[111.58462,-7.97928],[111.58474,-7.9795],[111.58527,-7.97957],[111.58565,-7.97978],[111.58595,-7.97982],[111.58605,-7.9795],[111.58622,-7.97934],[111.58646,-7.9792],[111.58784,-7.97905],[111.58797,-7.97908],[111.58811,-7.97922],[111.58845,-7.97925],[111.58861,-7.97906],[111.58909,-7.97887],[111.58925,-7.97863],[111.58945,-7.97846],[111.58944,-7.97829],[111.58908,-7.97812],[111.58867,-7.97779],[111.58843,-7.97767],[111.58789,-7.97754],[111.58764,-7.97765],[111.58759,-7.97808],[111.58734,-7.97809],[111.58707,-7.97806],[111.5868,-7.97796],[111.5863,-7.97804],[111.58608,-7.97818],[111.58586,-7.97812],[111.58537,-7.97768],[111.58458,-7.97744],[111.58436,-7.97732],[111.58392,-7.97702],[111.58365,-7.97689],[111.58337,-7.977],[111.58321,-7.97683],[111.58311,-7.97664],[111.58299,-7.97653],[111.58289,-7.97634],[111.58284,-7.97605],[111.5829,-7.97596],[111.58342,-7.97598],[111.58349,-7.97564],[111.584,-7.97571],[111.58413,-7.97582],[111.58439,-7.97577],[111.58451,-7.97571],[111.58499,-7.97575],[111.58561,-7.97566],[111.58574,-7.97572],[111.58583,-7.97581],[111.58617,-7.97587],[111.58628,-7.97599],[111.58683,-7.97605],[111.58701,-7.97612],[111.58719,-7.97615],[111.58744,-7.97602],[111.5876,-7.97587],[111.58748,-7.97559],[111.58732,-7.97536],[111.58746,-7.97529],[111.58757,-7.97531],[111.58766,-7.9754],[111.58789,-7.97551],[111.58824,-7.9755],[111.58844,-7.97509],[111.58871,-7.97494],[111.58898,-7.97516],[111.58912,-7.97518],[111.58994,-7.97503],[111.59018,-7.97504],[111.59053,-7.97517],[111.59144,-7.97575],[111.59177,-7.97586],[111.59194,-7.97587],[111.59265,-7.97566],[111.59291,-7.97563],[111.59286,-7.97581],[111.59257,-7.9762],[111.59252,-7.97644],[111.5922,-7.97671],[111.59202,-7.97695],[111.59199,-7.97736],[111.59208,-7.97799],[111.59206,-7.97822],[111.59218,-7.97875],[111.59235,-7.97881],[111.59249,-7.97865],[111.59254,-7.97827],[111.59281,-7.9778],[111.59286,-7.97764],[111.59309,-7.97752],[111.59352,-7.97749],[111.59378,-7.97737],[111.59392,-7.97719],[111.59384,-7.9768],[111.59359,-7.97625],[111.59373,-7.97594],[111.59406,-7.97609],[111.59418,-7.97604],[111.59464,-7.97545],[111.59476,-7.97536],[111.59492,-7.97533],[111.59502,-7.97536],[111.59547,-7.97582],[111.59599,-7.97607],[111.59628,-7.97616],[111.59637,-7.97614],[111.59662,-7.97587],[111.59677,-7.97581],[111.59761,-7.97606],[111.5983,-7.97592],[111.5991,-7.97585],[111.5992,-7.97587],[111.59952,-7.97574],[111.59995,-7.97563],[111.60024,-7.97561],[111.60077,-7.97569],[111.60103,-7.97576],[111.6014,-7.97594],[111.60213,-7.97589],[111.6022,-7.97591],[111.6024,-7.97618],[111.60246,-7.97674],[111.6026,-7.97695],[111.60319,-7.97757],[111.60372,-7.97759],[111.60389,-7.97773],[111.6038,-7.97807],[111.60363,-7.9784],[111.60296,-7.97911],[111.60296,-7.97927],[111.60301,-7.97955],[111.60326,-7.98018],[111.60388,-7.98123],[111.60396,-7.98145],[111.60398,-7.98162],[111.6038,-7.98215],[111.60374,-7.98246],[111.60378,-7.98278],[111.60314,-7.98305],[111.60292,-7.98311],[111.60276,-7.98349],[111.60262,-7.98413],[111.60248,-7.98438],[111.60237,-7.9844],[111.60212,-7.98434],[111.60121,-7.98403],[111.60114,-7.98395],[111.60113,-7.98379],[111.60146,-7.98269],[111.60155,-7.98187],[111.60163,-7.98149],[111.60161,-7.98111],[111.60127,-7.98096],[111.60077,-7.98084],[111.60037,-7.98078],[111.6003,-7.98067],[111.6003,-7.98026],[111.60019,-7.98017],[111.60006,-7.98014],[111.60001,-7.98019],[111.5999,-7.98044],[111.59964,-7.98135],[111.59947,-7.98249],[111.59935,-7.98283],[111.59917,-7.98318],[111.59921,-7.98418],[111.59839,-7.98427],[111.59845,-7.9844],[111.59852,-7.98565],[111.59851,-7.98602],[111.59877,-7.98654],[111.59915,-7.98706],[111.59872,-7.98702],[111.59839,-7.98714],[111.59775,-7.98754],[111.59767,-7.98798],[111.59759,-7.98822],[111.5974,-7.9885],[111.59727,-7.98852],[111.59675,-7.98837],[111.59648,-7.9885],[111.59614,-7.9888],[111.59559,-7.98949],[111.59508,-7.98974],[111.59473,-7.98996],[111.59458,-7.99014],[111.594,-7.99115],[111.59396,-7.99128],[111.59372,-7.99156],[111.59436,-7.99168],[111.59485,-7.99186],[111.59532,-7.99194],[111.59545,-7.99241],[111.59554,-7.99259],[111.59382,-7.99328],[111.5936,-7.99343],[111.59326,-7.99383],[111.59291,-7.99457],[111.59284,-7.99486],[111.59214,-7.99577],[111.59198,-7.99607],[111.59129,-7.99616],[111.59054,-7.99599],[111.59022,-7.99589],[111.58984,-7.99551],[111.58944,-7.9956],[111.58841,-7.99566],[111.58776,-7.99584],[111.58694,-7.99584],[111.58576,-7.99548],[111.58341,-7.9947],[111.58195,-7.99466],[111.58034,-7.99491],[111.57959,-7.99487],[111.57852,-7.99487],[111.57731,-7.99502],[111.5747,-7.99541],[111.57206,-7.9957],[111.57113,-7.99598],[111.57045,-7.99637],[111.5697,-7.99691],[111.56877,-7.99694],[111.56728,-7.99712],[111.56499,-7.99777],[111.56431,-7.99844],[111.56356,-7.99894],[111.56274,-7.99891],[111.56178,-7.99873],[111.55946,-7.99798],[111.55828,-7.99798],[111.55632,-7.9983],[111.55503,-7.99798],[111.55364,-7.99759],[111.55121,-7.99777],[111.54977,-7.99777],[111.54955,-7.9973],[111.54953,-7.99711],[111.54938,-7.99668],[111.54932,-7.99598],[111.54886,-7.99516],[111.54868,-7.99457],[111.54849,-7.99413],[111.54845,-7.99396],[111.54852,-7.99344],[111.54845,-7.99331],[111.54812,-7.99323],[111.54756,-7.99277],[111.54751,-7.99267],[111.54757,-7.9924],[111.54754,-7.99223],[111.54595,-7.99088],[111.54581,-7.99082],[111.54561,-7.99082],[111.54475,-7.99091],[111.54446,-7.99088],[111.5442,-7.99082],[111.54401,-7.99068],[111.54383,-7.99048],[111.54394,-7.98918],[111.54385,-7.98862],[111.54354,-7.98782],[111.54448,-7.98807],[111.54634,-7.98896],[111.54688,-7.98918],[111.54773,-7.98948],[111.54779,-7.98918],[111.54792,-7.98806],[111.54533,-7.98688],[111.54516,-7.98667],[111.54495,-7.9865],[111.5448,-7.98644],[111.54488,-7.98622],[111.54495,-7.98613],[111.545,-7.98587],[111.54452,-7.98565],[111.54439,-7.98576],[111.54435,-7.9857],[111.54394,-7.98551],[111.54406,-7.9846],[111.54425,-7.98459],[111.5442,-7.98493],[111.54424,-7.985],[111.54447,-7.98517],[111.54451,-7.9854],[111.54478,-7.98537],[111.54485,-7.98507],[111.54501,-7.98502],[111.5453,-7.98505],[111.54536,-7.98492],[111.54541,-7.98461],[111.54498,-7.98426],[111.54503,-7.98408],[111.54504,-7.98384],[111.54515,-7.98379],[111.54518,-7.98364],[111.54549,-7.9835],[111.54553,-7.98304],[111.54543,-7.98287],[111.54549,-7.98237],[111.54544,-7.98225],[111.54505,-7.98227],[111.54505,-7.98258],[111.54501,-7.98266],[111.54503,-7.98291],[111.54494,-7.9833],[111.54448,-7.98329],[111.54441,-7.98395],[111.54388,-7.98394],[111.54405,-7.98263],[111.54405,-7.98245],[111.54396,-7.98222],[111.54374,-7.98207],[111.54367,-7.98194],[111.54387,-7.98156],[111.54439,-7.98148],[111.54437,-7.98119],[111.54429,-7.98112],[111.54405,-7.9811],[111.5438,-7.98117],[111.54342,-7.98112],[111.5434,-7.98096],[111.54343,-7.9806],[111.54353,-7.9802],[111.54331,-7.98009],[111.54311,-7.98011],[111.54298,-7.98019],[111.54259,-7.98015],[111.54267,-7.97838],[111.54307,-7.97841],[111.54329,-7.97854],[111.54329,-7.97869],[111.54307,-7.97885],[111.54302,-7.97901],[111.54303,-7.97918],[111.54325,-7.97955],[111.54326,-7.97977],[111.54335,-7.97997],[111.54337,-7.97982],[111.54374,-7.97982],[111.54406,-7.9799],[111.54408,-7.9798],[111.54404,-7.97967],[111.54395,-7.97959],[111.54386,-7.97933],[111.54386,-7.97876],[111.54389,-7.97861],[111.544,-7.97862],[111.54419,-7.97856],[111.54419,-7.97832],[111.54425,-7.97819],[111.54452,-7.97814],[111.54444,-7.97761],[111.54515,-7.97766],[111.54518,-7.97811],[111.54511,-7.97822],[111.54492,-7.97833],[111.54483,-7.97845],[111.54482,-7.97875],[111.54473,-7.97892],[111.5447,-7.97915],[111.54492,-7.97914],[111.54514,-7.97899],[111.54533,-7.979],[111.54544,-7.97904],[111.54561,-7.97885],[111.54593,-7.97886],[111.54612,-7.9788],[111.54614,-7.97836],[111.5459,-7.97826],[111.54587,-7.97822],[111.54587,-7.97808],[111.54603,-7.97793],[111.54607,-7.9777],[111.54638,-7.97771],[111.54659,-7.9769],[111.5473,-7.9756],[111.54755,-7.97505],[111.54785,-7.97454],[111.54831,-7.97474],[111.54851,-7.97476],[111.54871,-7.97431],[111.54912,-7.97354],[111.54929,-7.97331],[111.54983,-7.97198],[111.54994,-7.97178],[111.55013,-7.97145],[111.55034,-7.97145],[111.55076,-7.9709],[111.5505,-7.97076],[111.55056,-7.97053],[111.5507,-7.97023],[111.55079,-7.97021],[111.55106,-7.96999],[111.55165,-7.96943],[111.55187,-7.9693],[111.55225,-7.96918],[111.5529,-7.96909],[111.55515,-7.96909],[111.55576,-7.96904],[111.55606,-7.96894],[111.55595,-7.96958],[111.55593,-7.9699],[111.55604,-7.97009],[111.55626,-7.97028],[111.55677,-7.97053],[111.55721,-7.97059],[111.55718,-7.97074],[111.5571,-7.97079],[111.5571,-7.97089],[111.55717,-7.97095],[111.55721,-7.97136],[111.55725,-7.97141],[111.55769,-7.9715],[111.55768,-7.97173],[111.55784,-7.97175],[111.55787,-7.97186],[111.55809,-7.97197],[111.55845,-7.97202],[111.55862,-7.9721],[111.55868,-7.97219],[111.55872,-7.9725],[111.55898,-7.9726],[111.55901,-7.97267],[111.55919,-7.9725],[111.55949,-7.9726],[111.5597,-7.9726],[111.55984,-7.97268],[111.55995,-7.97295],[111.55996,-7.97348],[111.56023,-7.97359],[111.561,-7.97377],[111.56106,-7.97366],[111.56112,-7.97318],[111.56091,-7.97301],[111.56092,-7.97271],[111.56104,-7.97271],[111.56103,-7.97283],[111.56114,-7.97289],[111.56154,-7.97289],[111.56183,-7.97299],[111.56186,-7.97319],[111.56165,-7.97318],[111.56156,-7.97332],[111.56159,-7.97342],[111.56171,-7.97348],[111.56179,-7.97363],[111.56203,-7.97376],[111.56204,-7.97398],[111.56191,-7.97413],[111.56179,-7.97418],[111.56181,-7.97433],[111.56193,-7.97437],[111.56194,-7.97457],[111.56262,-7.97465],[111.56259,-7.97483],[111.56252,-7.97494],[111.56246,-7.97532],[111.56296,-7.97542],[111.56348,-7.97437],[111.56361,-7.97375],[111.56362,-7.97328],[111.56302,-7.97308],[111.56274,-7.97295],[111.56268,-7.9731],[111.56288,-7.97323],[111.56288,-7.97341],[111.56239,-7.97319],[111.56242,-7.97281],[111.56237,-7.97263],[111.56243,-7.97239],[111.5628,-7.97265],[111.56319,-7.97283],[111.56335,-7.97287],[111.56351,-7.97286],[111.56373,-7.97247],[111.5641,-7.97166],[111.56442,-7.9718],[111.56428,-7.97237],[111.56459,-7.9725],[111.56462,-7.97268],[111.56483,-7.9728],[111.56483,-7.97291],[111.56498,-7.97309],[111.56497,-7.97321],[111.5648,-7.97327],[111.5647,-7.97332],[111.56464,-7.97344],[111.56449,-7.97349],[111.56445,-7.97367],[111.56461,-7.9738],[111.56469,-7.9738],[111.56487,-7.97368],[111.56502,-7.97363],[111.56519,-7.97369],[111.56524,-7.97376],[111.56511,-7.97411],[111.56501,-7.97419],[111.56479,-7.97447],[111.56451,-7.97449],[111.56448,-7.97462],[111.56474,-7.97479],[111.56476,-7.97502],[111.56488,-7.97517],[111.56478,-7.97561],[111.5651,-7.9758],[111.56524,-7.97568],[111.56546,-7.97532],[111.56559,-7.97517],[111.56582,-7.97513],[111.56587,-7.97479],[111.56581,-7.97456],[111.56557,-7.97449],[111.56562,-7.97422],[111.56598,-7.97426],[111.56597,-7.97388],[111.56612,-7.97387],[111.56613,-7.97429],[111.56642,-7.97441],[111.56686,-7.97443],[111.56693,-7.97422],[111.56648,-7.97405],[111.56649,-7.97389],[111.56637,-7.9738],[111.56648,-7.97363],[111.56648,-7.97345],[111.56629,-7.97327],[111.56644,-7.97294],[111.56678,-7.97304],[111.56668,-7.97335],[111.56673,-7.97344],[111.56698,-7.97354],[111.56692,-7.9738],[111.5671,-7.97384],[111.56725,-7.97356],[111.56746,-7.97359],[111.5676,-7.97365],[111.56764,-7.97383],[111.56771,-7.97394],[111.56804,-7.97405],[111.56813,-7.97395],[111.56823,-7.97368],[111.56843,-7.97367],[111.56868,-7.97374],[111.56875,-7.97378],[111.56875,-7.97394],[111.56846,-7.97393],[111.56844,-7.974],[111.56872,-7.97418],[111.56916,-7.97427],[111.5691,-7.97469],[111.56979,-7.97492],[111.57019,-7.975],[111.57016,-7.9752],[111.57009,-7.97526],[111.56989,-7.97523],[111.56977,-7.9754],[111.56974,-7.9756],[111.57022,-7.9757],[111.57019,-7.97588],[111.56972,-7.97596],[111.56974,-7.97632],[111.5697,-7.97643],[111.56944,-7.97664],[111.56948,-7.97685],[111.56972,-7.97713],[111.56977,-7.97714],[111.5699,-7.97723],[111.57018,-7.97723],[111.57023,-7.97711],[111.57042,-7.9771],[111.57049,-7.97701],[111.57058,-7.97666],[111.57126,-7.97679],[111.57133,-7.97695],[111.57149,-7.97708],[111.57177,-7.97716],[111.57186,-7.97723],[111.57198,-7.97722],[111.5721,-7.97718],[111.57214,-7.97682],[111.57219,-7.97674],[111.5723,-7.97672],[111.57242,-7.97655],[111.57282,-7.97646],[111.5726,-7.97805],[111.57248,-7.97868],[111.57217,-7.97868],[111.57206,-7.97875],[111.57207,-7.9792],[111.57201,-7.97961],[111.57205,-7.97988],[111.57201,-7.98112],[111.57204,-7.98145],[111.57194,-7.98167],[111.57194,-7.98186],[111.57171,-7.98207],[111.57151,-7.98212],[111.57151,-7.98233],[111.57182,-7.9825],[111.57218,-7.9825],[111.57236,-7.98255],[111.5724,-7.98265],[111.57267,-7.98272],[111.57271,-7.98281],[111.57308,-7.98293]],[[111.56589,-7.99069],[111.56575,-7.98878],[111.56489,-7.98802],[111.56341,-7.9874],[111.56218,-7.98636],[111.56194,-7.98521],[111.56146,-7.98474],[111.56061,-7.98455],[111.55989,-7.98412],[111.55989,-7.98331],[111.55956,-7.98283],[111.55861,-7.98222],[111.55799,-7.98188],[111.55713,-7.98122],[111.55661,-7.98041],[111.55632,-7.9796],[111.55604,-7.97893],[111.55556,-7.97841],[111.55466,-7.97827],[111.55429,-7.97825],[111.55404,-7.97865],[111.55371,-7.97936],[111.55347,-7.98026],[111.5538,-7.98098],[111.55409,-7.9815],[111.55409,-7.98222],[111.55323,-7.98279],[111.5528,-7.98398],[111.5528,-7.98441],[111.55237,-7.98517],[111.55175,-7.98598],[111.55161,-7.98697],[111.55237,-7.98969],[111.55266,-7.9905],[111.55371,-7.9914],[111.55442,-7.99159],[111.55585,-7.9915],[111.55637,-7.99154],[111.55785,-7.99226],[111.55813,-7.9925],[111.55813,-7.99297],[111.55832,-7.99388],[111.55894,-7.99445],[111.56008,-7.99497],[111.56084,-7.99507],[111.56218,-7.99507],[111.56332,-7.99478],[111.56403,-7.99397],[111.56484,-7.99345],[111.56551,-7.9924],[111.56589,-7.99069]],[[111.5493,-7.98962],[111.54911,-7.98957],[111.54868,-7.98962],[111.54838,-7.98961],[111.54826,-7.98985],[111.54821,-7.98984],[111.54821,-7.98988],[111.54827,-7.99019],[111.5484,-7.99054],[111.54852,-7.99064],[111.54873,-7.99075],[111.54926,-7.99087],[111.54943,-7.99096],[111.55003,-7.99094],[111.55018,-7.99086],[111.5502,-7.99069],[111.55011,-7.99055],[111.54983,-7.99032],[111.54958,-7.9902],[111.54946,-7.99],[111.5494,-7.9897],[111.5493,-7.98962]],[[111.58896,-7.98955],[111.58893,-7.98903],[111.58881,-7.98897],[111.58816,-7.98899],[111.58761,-7.98907],[111.58749,-7.9892],[111.58741,-7.98943],[111.58734,-7.98955],[111.58703,-7.98959],[111.58706,-7.98982],[111.58715,-7.99004],[111.58702,-7.99021],[111.58679,-7.99007],[111.58666,-7.99005],[111.58652,-7.98956],[111.58643,-7.98945],[111.58628,-7.98942],[111.586,-7.98947],[111.58595,-7.98966],[111.58581,-7.98991],[111.5854,-7.99003],[111.58535,-7.99025],[111.58548,-7.99051],[111.58591,-7.99082],[111.58608,-7.99078],[111.58655,-7.99104],[111.58707,-7.99101],[111.58741,-7.99105],[111.58764,-7.99104],[111.58784,-7.99096],[111.58817,-7.99097],[111.58881,-7.99115],[111.58925,-7.9914],[111.58957,-7.99147],[111.5897,-7.99137],[111.58969,-7.9912],[111.58955,-7.99105],[111.58958,-7.99088],[111.58994,-7.99064],[111.59008,-7.99048],[111.59007,-7.99038],[111.59,-7.99029],[111.58965,-7.99018],[111.58962,-7.99006],[111.58968,-7.98962],[111.5896,-7.98954],[111.58896,-7.98955]]]}},{"type":"Feature","properties":{"ptnsbjname":"Kd, Jg, Ps","namobj":"Tegalan/Ladang","_cls":"Tegalan/Ladang"},"geometry":{"type":"Polygon","coordinates":[[[111.56494,-8.02395],[111.56479,-8.02385],[111.56407,-8.02406],[111.56375,-8.02418],[111.56303,-8.02452],[111.56292,-8.02466],[111.56266,-8.02453],[111.56251,-8.02401],[111.56234,-8.02373],[111.56154,-8.02421],[111.56127,-8.02427],[111.56065,-8.02427],[111.56022,-8.02413],[111.55958,-8.02457],[111.55838,-8.02522],[111.55726,-8.02589],[111.55643,-8.02554],[111.55629,-8.02607],[111.5559,-8.0264],[111.55563,-8.0272],[111.55563,-8.0274],[111.5557,-8.02739],[111.55582,-8.02757],[111.55629,-8.02795],[111.55639,-8.02807],[111.55675,-8.02816],[111.55705,-8.02818],[111.55754,-8.02884],[111.55783,-8.02905],[111.55862,-8.02912],[111.55914,-8.02885],[111.55967,-8.02888],[111.55981,-8.02876],[111.56027,-8.02861],[111.56049,-8.02859],[111.56187,-8.02883],[111.56173,-8.02933],[111.56135,-8.02958],[111.56108,-8.02985],[111.56073,-8.03008],[111.56052,-8.03038],[111.56024,-8.03068],[111.56013,-8.03089],[111.56016,-8.03109],[111.56005,-8.03136],[111.56,-8.03175],[111.56005,-8.03199],[111.56015,-8.03211],[111.56028,-8.03221],[111.56037,-8.0322],[111.5605,-8.03212],[111.56074,-8.03185],[111.56091,-8.03173],[111.56167,-8.03178],[111.56252,-8.03166],[111.56314,-8.0317],[111.56374,-8.03184],[111.5642,-8.032],[111.5649,-8.03215],[111.56545,-8.03235],[111.56578,-8.03217],[111.56676,-8.03188],[111.56735,-8.03184],[111.56763,-8.0312],[111.56904,-8.03042],[111.56986,-8.03051],[111.57002,-8.03034],[111.57008,-8.03035],[111.57023,-8.03048],[111.57006,-8.03136],[111.57089,-8.032],[111.57119,-8.03137],[111.57139,-8.03174],[111.57143,-8.03174],[111.57158,-8.0317],[111.57203,-8.03147],[111.57241,-8.03134],[111.57268,-8.03138],[111.57278,-8.03134],[111.57281,-8.03124],[111.57285,-8.03089],[111.57297,-8.03082],[111.57305,-8.03084],[111.57334,-8.03109],[111.5736,-8.03104],[111.57383,-8.03103],[111.57373,-8.03125],[111.57375,-8.03137],[111.57385,-8.03141],[111.57462,-8.03127],[111.57505,-8.03133],[111.57511,-8.03142],[111.57513,-8.03154],[111.57501,-8.03174],[111.57481,-8.03193],[111.57453,-8.03206],[111.57443,-8.03217],[111.57442,-8.03232],[111.57448,-8.03256],[111.57483,-8.03289],[111.57521,-8.03385],[111.576,-8.03471],[111.57616,-8.03515],[111.57631,-8.03535],[111.57638,-8.03535],[111.57664,-8.03517],[111.57676,-8.03515],[111.5771,-8.0352],[111.5778,-8.03493],[111.57813,-8.03483],[111.57825,-8.03472],[111.57817,-8.03496],[111.57795,-8.03519],[111.57777,-8.03543],[111.57762,-8.03576],[111.57757,-8.03615],[111.57759,-8.0365],[111.57747,-8.0371],[111.57679,-8.03858],[111.57651,-8.03858],[111.57598,-8.03871],[111.57495,-8.03934],[111.57448,-8.03968],[111.57425,-8.03993],[111.57403,-8.04034],[111.57395,-8.04064],[111.57399,-8.04209],[111.57371,-8.04278],[111.57349,-8.04372],[111.57368,-8.04471],[111.57361,-8.04506],[111.57332,-8.04752],[111.57323,-8.0477],[111.57295,-8.04797],[111.57265,-8.04812],[111.57194,-8.04825],[111.57154,-8.04827],[111.57094,-8.0482],[111.57054,-8.04821],[111.56961,-8.04857],[111.56921,-8.04859],[111.56846,-8.04886],[111.56754,-8.04871],[111.56719,-8.0486],[111.56649,-8.0483],[111.56591,-8.04788],[111.56557,-8.04782],[111.56527,-8.04785],[111.56465,-8.04801],[111.56423,-8.04908],[111.56412,-8.04927],[111.56399,-8.04942],[111.56298,-8.04962],[111.56271,-8.04956],[111.56239,-8.04932],[111.56165,-8.04916],[111.56148,-8.04904],[111.56098,-8.04889],[111.56052,-8.04931],[111.55963,-8.04939],[111.55939,-8.04944],[111.55869,-8.0497],[111.55746,-8.04988],[111.55738,-8.04978],[111.55685,-8.04979],[111.55671,-8.04998],[111.55664,-8.05],[111.5565,-8.04997],[111.55638,-8.04989],[111.55616,-8.0494],[111.55603,-8.04924],[111.55568,-8.04917],[111.55511,-8.04919],[111.55474,-8.04902],[111.55424,-8.04893],[111.55433,-8.04838],[111.55429,-8.04834],[111.55394,-8.04823],[111.55362,-8.04794],[111.55343,-8.04729],[111.5531,-8.04681],[111.55271,-8.04634],[111.5525,-8.04622],[111.55184,-8.04614],[111.55126,-8.04566],[111.55126,-8.0452],[111.55104,-8.04461],[111.55061,-8.04391],[111.55023,-8.0437],[111.54917,-8.04278],[111.54702,-8.04184],[111.54655,-8.04206],[111.54592,-8.04179],[111.54553,-8.0413],[111.5451,-8.04123],[111.54473,-8.04127],[111.5442,-8.04141],[111.54374,-8.04127],[111.54318,-8.04081],[111.5425,-8.04189],[111.54235,-8.04195],[111.5422,-8.04184],[111.54192,-8.04183],[111.54175,-8.04158],[111.54167,-8.04156],[111.54131,-8.04199],[111.54103,-8.04203],[111.54048,-8.04221],[111.54024,-8.04212],[111.5398,-8.04225],[111.5396,-8.04207],[111.53947,-8.04208],[111.53878,-8.0425],[111.53887,-8.04218],[111.53933,-8.04136],[111.53964,-8.04106],[111.54022,-8.04074],[111.54058,-8.04026],[111.54085,-8.03893],[111.54068,-8.0384],[111.54088,-8.03831],[111.54121,-8.03825],[111.54143,-8.03825],[111.54185,-8.03847],[111.54219,-8.03878],[111.54259,-8.03897],[111.543,-8.03949],[111.54337,-8.03981],[111.54455,-8.04032],[111.54512,-8.04038],[111.54595,-8.04034],[111.54632,-8.04044],[111.5464,-8.04049],[111.54657,-8.04078],[111.54706,-8.04115],[111.54739,-8.04121],[111.54758,-8.04129],[111.54835,-8.04187],[111.54844,-8.04188],[111.54862,-8.04183],[111.54879,-8.0416],[111.54889,-8.04134],[111.54902,-8.04081],[111.54902,-8.04042],[111.54872,-8.03994],[111.54827,-8.03886],[111.54718,-8.0383],[111.54696,-8.03828],[111.54696,-8.03816],[111.54705,-8.03808],[111.54751,-8.03803],[111.54804,-8.03782],[111.54843,-8.03822],[111.54954,-8.03885],[111.54968,-8.0389],[111.54993,-8.03884],[111.55037,-8.03851],[111.55047,-8.03836],[111.55061,-8.03824],[111.55084,-8.03795],[111.55095,-8.0377],[111.551,-8.03739],[111.55094,-8.03712],[111.54977,-8.03688],[111.54875,-8.03682],[111.54764,-8.03626],[111.54732,-8.03629],[111.54724,-8.03683],[111.54716,-8.037],[111.54679,-8.03702],[111.54602,-8.03688],[111.54594,-8.0369],[111.5458,-8.03705],[111.54566,-8.03711],[111.54507,-8.03705],[111.54474,-8.03712],[111.54468,-8.03725],[111.5442,-8.03714],[111.54368,-8.03706],[111.54386,-8.03685],[111.54389,-8.03674],[111.54383,-8.03652],[111.54386,-8.03627],[111.54422,-8.03465],[111.54421,-8.0344],[111.54413,-8.03417],[111.54392,-8.03389],[111.54354,-8.03318],[111.54333,-8.0329],[111.54302,-8.0319],[111.543,-8.03065],[111.54316,-8.02957],[111.54368,-8.02799],[111.54378,-8.02784],[111.54438,-8.02733],[111.54458,-8.0271],[111.54472,-8.02702],[111.5456,-8.02669],[111.54649,-8.02655],[111.54714,-8.02652],[111.5476,-8.02666],[111.54798,-8.02688],[111.54804,-8.02697],[111.54806,-8.02708],[111.54836,-8.02781],[111.54846,-8.02821],[111.54849,-8.02856],[111.54862,-8.02919],[111.54868,-8.02983],[111.54856,-8.03021],[111.54891,-8.03027],[111.54926,-8.0304],[111.54981,-8.03092],[111.55001,-8.03064],[111.5502,-8.031],[111.55029,-8.03108],[111.55062,-8.03126],[111.55087,-8.03146],[111.55107,-8.03148],[111.55129,-8.03157],[111.55152,-8.03149],[111.55226,-8.031],[111.55257,-8.0309],[111.55385,-8.03074],[111.55402,-8.03067],[111.55407,-8.0306],[111.55401,-8.03046],[111.55289,-8.02947],[111.55218,-8.02898],[111.5518,-8.02861],[111.55064,-8.02817],[111.55042,-8.02796],[111.55028,-8.02773],[111.55009,-8.02705],[111.54993,-8.02629],[111.54997,-8.02602],[111.55007,-8.02585],[111.55028,-8.02564],[111.55062,-8.02546],[111.55066,-8.02544],[111.55085,-8.02548],[111.55126,-8.02562],[111.55139,-8.02558],[111.55157,-8.02541],[111.55162,-8.02523],[111.55156,-8.02497],[111.55132,-8.02466],[111.55048,-8.02393],[111.55044,-8.02363],[111.55073,-8.02347],[111.55092,-8.02363],[111.55144,-8.02398],[111.55214,-8.02399],[111.55237,-8.02405],[111.55345,-8.02449],[111.55372,-8.02463],[111.554,-8.02507],[111.55448,-8.02527],[111.55477,-8.02548],[111.55502,-8.02516],[111.55537,-8.02542],[111.55578,-8.02539],[111.55589,-8.02494],[111.556,-8.02385],[111.55594,-8.02354],[111.55546,-8.02321],[111.55508,-8.02352],[111.55507,-8.02332],[111.55498,-8.02298],[111.55471,-8.02245],[111.55438,-8.02165],[111.55424,-8.0203],[111.55424,-8.02017],[111.55439,-8.01967],[111.55469,-8.01912],[111.5548,-8.01896],[111.55496,-8.01881],[111.55544,-8.01844],[111.55546,-8.01885],[111.55541,-8.02024],[111.55554,-8.02096],[111.55574,-8.0215],[111.55609,-8.022],[111.55615,-8.02229],[111.55625,-8.02228],[111.5563,-8.02231],[111.55661,-8.02257],[111.55676,-8.02254],[111.55692,-8.02244],[111.55698,-8.02235],[111.55719,-8.0217],[111.55728,-8.02123],[111.55756,-8.0202],[111.55765,-8.01967],[111.55775,-8.01947],[111.55806,-8.01914],[111.55817,-8.01916],[111.55883,-8.01948],[111.55974,-8.0202],[111.56018,-8.02039],[111.56044,-8.02016],[111.56068,-8.02003],[111.5609,-8.02003],[111.56104,-8.0201],[111.5612,-8.02026],[111.56195,-8.0215],[111.56214,-8.02176],[111.56248,-8.02245],[111.56258,-8.02297],[111.56269,-8.02318],[111.5628,-8.02323],[111.56298,-8.02324],[111.56329,-8.02322],[111.56384,-8.023],[111.56403,-8.02299],[111.56435,-8.02304],[111.56456,-8.023],[111.5649,-8.0236],[111.56494,-8.0237],[111.56494,-8.02395]],[[111.55144,-8.02563],[111.55093,-8.02603],[111.55143,-8.02712],[111.55176,-8.0273],[111.55255,-8.02745],[111.55287,-8.02671],[111.55381,-8.02697],[111.55385,-8.02673],[111.55383,-8.0267],[111.55306,-8.02631],[111.55265,-8.02614],[111.55219,-8.02605],[111.552,-8.0261],[111.55144,-8.02563]],[[111.56323,-8.03587],[111.56401,-8.03547],[111.56443,-8.03544],[111.56498,-8.03497],[111.56597,-8.03443],[111.56594,-8.03406],[111.56574,-8.03369],[111.56365,-8.03413],[111.563,-8.03491],[111.56321,-8.0353],[111.56306,-8.03563],[111.56323,-8.03587]],[[111.57155,-8.03706],[111.57025,-8.03659],[111.57021,-8.0368],[111.56967,-8.03698],[111.56952,-8.03767],[111.57044,-8.03764],[111.57055,-8.03741],[111.57151,-8.03758],[111.57155,-8.03706]],[[111.5569,-8.03995],[111.55602,-8.03957],[111.55584,-8.03889],[111.55505,-8.03884],[111.55498,-8.03842],[111.55508,-8.03835],[111.5547,-8.038],[111.55436,-8.03784],[111.55415,-8.0386],[111.55395,-8.03974],[111.55427,-8.03994],[111.55392,-8.04054],[111.5548,-8.04076],[111.55449,-8.04135],[111.55521,-8.0415],[111.55557,-8.0414],[111.55573,-8.04129],[111.55594,-8.04045],[111.5568,-8.04061],[111.5569,-8.03995]],[[111.56605,-8.04189],[111.56649,-8.04106],[111.56584,-8.04089],[111.56535,-8.04027],[111.56511,-8.04056],[111.5649,-8.04103],[111.56511,-8.04148],[111.56605,-8.04189]],[[111.55211,-8.03967],[111.55177,-8.03978],[111.55194,-8.04057],[111.55235,-8.04147],[111.5524,-8.04168],[111.55325,-8.04217],[111.55462,-8.04313],[111.5549,-8.0429],[111.55499,-8.04279],[111.55507,-8.04249],[111.55445,-8.04205],[111.55449,-8.04179],[111.55314,-8.04121],[111.55302,-8.04076],[111.55256,-8.03986],[111.55224,-8.03997],[111.55211,-8.03967]],[[111.56773,-8.04126],[111.56773,-8.04185],[111.56851,-8.04215],[111.56911,-8.04223],[111.56913,-8.04177],[111.56907,-8.04129],[111.56831,-8.04139],[111.56773,-8.04126]]]}},{"type":"Feature","properties":{"ptnsbjname":"-","namobj":"Semak","_cls":"Semak"},"geometry":{"type":"Polygon","coordinates":[[[111.56932,-7.93934],[111.56923,-7.93949],[111.56927,-7.93919],[111.56935,-7.93903],[111.56932,-7.93934]]]}},{"type":"Feature","properties":{"ptnsbjname":"-","namobj":"Semak","_cls":"Semak"},"geometry":{"type":"Polygon","coordinates":[[[111.57198,-7.93856],[111.57247,-7.93879],[111.57277,-7.93875],[111.57257,-7.93893],[111.57238,-7.93893],[111.57215,-7.93875],[111.57198,-7.93856]]]}},{"type":"Feature","properties":{"ptnsbjname":"-","namobj":"Semak","_cls":"Semak"},"geometry":{"type":"Polygon","coordinates":[[[111.57377,-7.93783],[111.57394,-7.93763],[111.57406,-7.93754],[111.57395,-7.93767],[111.57377,-7.93783]]]}},{"type":"Feature","properties":{"ptnsbjname":"-","namobj":"Semak","_cls":"Semak"},"geometry":{"type":"Polygon","coordinates":[[[111.57091,-7.9375],[111.57055,-7.93771],[111.57032,-7.93786],[111.57053,-7.93762],[111.57074,-7.93751],[111.57091,-7.9375]]]}},{"type":"Feature","properties":{"ptnsbjname":"-","namobj":"Semak","_cls":"Semak"},"geometry":{"type":"Polygon","coordinates":[[[111.57441,-7.93726],[111.57468,-7.93705],[111.57471,-7.93703],[111.57449,-7.93721],[111.57441,-7.93726]]]}},{"type":"Feature","properties":{"ptnsbjname":"-","namobj":"Semak","_cls":"Semak"},"geometry":{"type":"Polygon","coordinates":[[[111.54266,-7.95337],[111.54252,-7.95335],[111.54249,-7.9533],[111.54266,-7.95337]]]}},{"type":"Feature","properties":{"ptnsbjname":"-","namobj":"Semak","_cls":"Semak"},"geometry":{"type":"Polygon","coordinates":[[[111.54531,-7.9529],[111.54515,-7.95287],[111.54485,-7.9526],[111.54458,-7.95243],[111.5445,-7.95234],[111.54493,-7.95256],[111.54531,-7.9529]]]}},{"type":"Feature","properties":{"ptnsbjname":"-","namobj":"Semak","_cls":"Semak"},"geometry":{"type":"Polygon","coordinates":[[[111.54416,-7.95182],[111.54381,-7.95187],[111.54357,-7.95198],[111.54338,-7.952],[111.54327,-7.9521],[111.5431,-7.95238],[111.54302,-7.95268],[111.543,-7.95294],[111.54295,-7.95307],[111.54289,-7.95308],[111.54237,-7.95295],[111.54236,-7.95291],[111.54265,-7.95298],[111.54278,-7.95296],[111.54291,-7.95231],[111.54304,-7.95212],[111.54328,-7.95191],[111.54356,-7.95178],[111.54388,-7.95174],[111.54408,-7.95174],[111.54416,-7.95182]]]}},{"type":"Feature","properties":{"ptnsbjname":"-","namobj":"Semak","_cls":"Semak"},"geometry":{"type":"Polygon","coordinates":[[[111.55234,-7.94956],[111.55176,-7.94956],[111.55062,-7.94945],[111.55078,-7.94943],[111.55092,-7.94946],[111.55234,-7.94956]]]}},{"type":"Feature","properties":{"ptnsbjname":"-","namobj":"Semak","_cls":"Semak"},"geometry":{"type":"Polygon","coordinates":[[[111.54961,-7.95089],[111.54943,-7.95131],[111.54916,-7.95162],[111.54889,-7.95184],[111.54868,-7.95193],[111.54791,-7.95211],[111.54664,-7.95254],[111.54621,-7.95265],[111.54578,-7.9527],[111.5455,-7.95267],[111.54537,-7.95262],[111.54556,-7.95264],[111.54599,-7.9526],[111.54642,-7.95249],[111.5477,-7.95206],[111.54847,-7.95189],[111.54868,-7.95181],[111.54895,-7.9516],[111.54922,-7.95129],[111.5494,-7.95097],[111.54948,-7.95037],[111.5497,-7.94994],[111.54972,-7.94983],[111.54998,-7.94946],[111.55012,-7.94935],[111.55036,-7.94929],[111.55076,-7.94928],[111.55056,-7.94929],[111.55032,-7.94935],[111.55018,-7.94946],[111.54992,-7.94983],[111.5499,-7.94995],[111.54968,-7.95038],[111.54961,-7.95089]]]}},{"type":"Feature","properties":{"ptnsbjname":"-","namobj":"Semak","_cls":"Semak"},"geometry":{"type":"Polygon","coordinates":[[[111.55327,-7.94874],[111.55305,-7.94912],[111.55292,-7.9492],[111.55263,-7.94925],[111.55273,-7.94923],[111.55287,-7.94914],[111.55311,-7.94875],[111.55327,-7.94874]]]}},{"type":"Feature","properties":{"ptnsbjname":"-","namobj":"Semak","_cls":"Semak"},"geometry":{"type":"Polygon","coordinates":[[[111.55954,-7.94667],[111.55923,-7.94655],[111.55879,-7.94613],[111.55866,-7.94579],[111.55844,-7.94505],[111.55842,-7.94479],[111.55847,-7.94464],[111.55863,-7.94445],[111.55914,-7.94402],[111.55879,-7.94434],[111.55863,-7.94452],[111.55858,-7.94468],[111.5586,-7.94494],[111.55872,-7.94538],[111.55902,-7.94623],[111.55954,-7.94667]]]}},{"type":"Feature","properties":{"ptnsbjname":"-","namobj":"Semak","_cls":"Semak"},"geometry":{"type":"Polygon","coordinates":[[[111.56671,-7.94251],[111.56681,-7.9428],[111.5661,-7.9434],[111.56554,-7.94375],[111.56536,-7.94385],[111.56512,-7.94392],[111.5642,-7.94401],[111.56396,-7.94397],[111.56359,-7.94386],[111.56275,-7.94354],[111.56254,-7.94334],[111.56204,-7.9431],[111.5617,-7.94281],[111.56162,-7.94278],[111.56146,-7.94282],[111.56049,-7.94362],[111.56007,-7.94389],[111.55976,-7.94416],[111.55917,-7.94457],[111.55885,-7.94496],[111.55883,-7.94469],[111.55889,-7.94455],[111.56,-7.94358],[111.56084,-7.94305],[111.56107,-7.94289],[111.5613,-7.94266],[111.56144,-7.9426],[111.56274,-7.94315],[111.56379,-7.94347],[111.56422,-7.94356],[111.56455,-7.94358],[111.56517,-7.94354],[111.56568,-7.94331],[111.56631,-7.94278],[111.56671,-7.94251]]]}},{"type":"Feature","properties":{"ptnsbjname":"-","namobj":"Semak","_cls":"Semak"},"geometry":{"type":"Polygon","coordinates":[[[111.56101,-7.94267],[111.56129,-7.94231],[111.56135,-7.94226],[111.56107,-7.94262],[111.56101,-7.94267]]]}},{"type":"Feature","properties":{"ptnsbjname":"-","namobj":"Semak","_cls":"Semak"},"geometry":{"type":"Polygon","coordinates":[[[111.56606,-7.94268],[111.56617,-7.94245],[111.56622,-7.94219],[111.56602,-7.9415],[111.56597,-7.94117],[111.56598,-7.94097],[111.56608,-7.94093],[111.56613,-7.9413],[111.56633,-7.942],[111.56629,-7.94226],[111.56606,-7.94268]]]}},{"type":"Feature","properties":{"ptnsbjname":"-","namobj":"Semak","_cls":"Semak"},"geometry":{"type":"Polygon","coordinates":[[[111.56863,-7.94058],[111.56896,-7.94083],[111.56895,-7.94086],[111.56885,-7.94089],[111.56845,-7.94084],[111.56811,-7.94091],[111.56739,-7.94079],[111.56683,-7.94087],[111.56641,-7.94104],[111.56642,-7.94093],[111.56657,-7.94077],[111.56717,-7.94058],[111.56746,-7.94052],[111.56863,-7.94058]]]}},{"type":"Feature","properties":{"ptnsbjname":"-","namobj":"Semak","_cls":"Semak"},"geometry":{"type":"Polygon","coordinates":[[[111.54236,-7.95291],[111.54237,-7.95295],[111.54206,-7.95286],[111.54168,-7.95289],[111.54161,-7.95278],[111.5418,-7.95276],[111.54236,-7.95291]]]}},{"type":"Feature","properties":{"ptnsbjname":"-","namobj":"Semak","_cls":"Semak"},"geometry":{"type":"Polygon","coordinates":[[[111.54117,-7.95147],[111.54111,-7.95242],[111.54108,-7.95279],[111.54108,-7.95197],[111.54115,-7.95157],[111.54116,-7.95134],[111.54117,-7.95147]]]}},{"type":"Feature","properties":{"ptnsbjname":"-","namobj":"Kampung Jarang Tidak Teratur","_cls":"Kampung Jarang Tidak Teratur"},"geometry":{"type":"Polygon","coordinates":[[[111.63817,-7.98547],[111.63756,-7.98548],[111.63757,-7.98457],[111.63817,-7.98459],[111.63819,-7.98528],[111.63817,-7.98547]]]}},{"type":"Feature","properties":{"ptnsbjname":"-","namobj":"Kampung Jarang Tidak Teratur","_cls":"Kampung Jarang Tidak Teratur"},"geometry":{"type":"Polygon","coordinates":[[[111.64509,-7.97012],[111.64529,-7.97123],[111.64555,-7.97126],[111.64557,-7.9716],[111.64596,-7.97153],[111.64608,-7.9721],[111.64616,-7.97274],[111.64656,-7.97279],[111.64666,-7.97336],[111.64651,-7.97371],[111.64636,-7.97373],[111.64625,-7.97306],[111.64598,-7.97311],[111.64589,-7.97269],[111.64512,-7.97277],[111.64452,-7.97291],[111.64428,-7.97111],[111.64396,-7.97116],[111.64388,-7.97084],[111.64416,-7.97073],[111.64402,-7.96999],[111.64425,-7.96978],[111.64438,-7.97019],[111.64459,-7.97011],[111.64509,-7.97012]]]}},{"type":"Feature","properties":{"ptnsbjname":"-","namobj":"Kampung Jarang Tidak Teratur","_cls":"Kampung Jarang Tidak Teratur"},"geometry":{"type":"Polygon","coordinates":[[[111.64828,-7.97014],[111.64811,-7.97037],[111.64787,-7.97043],[111.64778,-7.9705],[111.64775,-7.97071],[111.6478,-7.97099],[111.64756,-7.971],[111.64757,-7.97053],[111.64713,-7.97054],[111.64712,-7.96979],[111.6476,-7.96973],[111.64758,-7.96998],[111.64826,-7.96996],[111.64828,-7.97014]]]}},{"type":"Feature","properties":{"ptnsbjname":"-","namobj":"Kampung Jarang Tidak Teratur","_cls":"Kampung Jarang Tidak Teratur"},"geometry":{"type":"Polygon","coordinates":[[[111.6436,-7.97023],[111.64347,-7.97033],[111.6434,-7.97054],[111.64261,-7.97051],[111.64252,-7.97007],[111.64231,-7.96968],[111.64217,-7.96927],[111.64264,-7.96922],[111.64367,-7.96896],[111.64361,-7.96937],[111.64303,-7.96955],[111.64304,-7.96995],[111.6435,-7.96988],[111.6436,-7.97023]]]}},{"type":"Feature","properties":{"ptnsbjname":"-","namobj":"Kampung Jarang Tidak Teratur","_cls":"Kampung Jarang Tidak Teratur"},"geometry":{"type":"Polygon","coordinates":[[[111.65186,-7.96869],[111.65159,-7.96891],[111.65156,-7.96856],[111.65159,-7.968],[111.65196,-7.968],[111.65197,-7.96849],[111.65186,-7.96869]]]}},{"type":"Feature","properties":{"ptnsbjname":"-","namobj":"Kampung Jarang Tidak Teratur","_cls":"Kampung Jarang Tidak Teratur"},"geometry":{"type":"Polygon","coordinates":[[[111.63278,-7.96567],[111.6326,-7.96572],[111.63235,-7.96585],[111.63235,-7.9661],[111.63296,-7.96609],[111.63291,-7.96635],[111.63201,-7.96645],[111.6319,-7.96683],[111.63154,-7.96687],[111.63147,-7.9661],[111.63278,-7.96537],[111.63278,-7.96567]]]}},{"type":"Feature","properties":{"ptnsbjname":"-","namobj":"Kampung Jarang Tidak Teratur","_cls":"Kampung Jarang Tidak Teratur"},"geometry":{"type":"MultiPolygon","coordinates":[[[[111.63855,-7.95692],[111.63849,-7.95716],[111.63835,-7.95711],[111.63825,-7.95697],[111.63855,-7.95692]]],[[[111.63581,-7.95587],[111.63673,-7.95634],[111.63714,-7.9566],[111.63682,-7.9566],[111.63666,-7.95655],[111.63615,-7.95617],[111.63589,-7.95605],[111.63579,-7.9563],[111.636,-7.95682],[111.63554,-7.95663],[111.63557,-7.95601],[111.63533,-7.95594],[111.63534,-7.95588],[111.63581,-7.95587]]]]}},{"type":"Feature","properties":{"ptnsbjname":"-","namobj":"Kampung Jarang Tidak Teratur","_cls":"Kampung Jarang Tidak Teratur"},"geometry":{"type":"Polygon","coordinates":[[[111.65227,-8.00336],[111.65215,-8.003],[111.65214,-8.0028],[111.65218,-8.00268],[111.65273,-8.00225],[111.65299,-8.00259],[111.65251,-8.0031],[111.65271,-8.00341],[111.6525,-8.00359],[111.65227,-8.00336]]]}},{"type":"Feature","properties":{"ptnsbjname":"-","namobj":"Kampung Jarang Tidak Teratur","_cls":"Kampung Jarang Tidak Teratur"},"geometry":{"type":"Polygon","coordinates":[[[111.64321,-8.00145],[111.64322,-8.00151],[111.64343,-8.00181],[111.64384,-8.00188],[111.64388,-8.00293],[111.64343,-8.00291],[111.64339,-8.00309],[111.64279,-8.00303],[111.64278,-8.00255],[111.6429,-8.002],[111.64275,-8.00191],[111.64285,-8.00132],[111.64321,-8.00145]]]}},{"type":"Feature","properties":{"ptnsbjname":"-","namobj":"Kampung Jarang Tidak Teratur","_cls":"Kampung Jarang Tidak Teratur"},"geometry":{"type":"Polygon","coordinates":[[[111.64312,-8.00098],[111.6427,-8.0004],[111.64261,-8.00022],[111.64259,-7.99877],[111.64161,-7.99889],[111.64066,-7.99885],[111.64073,-7.99849],[111.64094,-7.99858],[111.64119,-7.99861],[111.64177,-7.99854],[111.64217,-7.99842],[111.64252,-7.99825],[111.64279,-7.99806],[111.64303,-7.99849],[111.6433,-7.99993],[111.64341,-8.00093],[111.64312,-8.00098]]]}},{"type":"Feature","properties":{"ptnsbjname":"-","namobj":"Kampung Jarang Tidak Teratur","_cls":"Kampung Jarang Tidak Teratur"},"geometry":{"type":"Polygon","coordinates":[[[111.6351,-7.99839],[111.63511,-7.9989],[111.63434,-7.99865],[111.63463,-7.9976],[111.6344,-7.99754],[111.63447,-7.99716],[111.6352,-7.99748],[111.6351,-7.99839]]]}},{"type":"Feature","properties":{"ptnsbjname":"-","namobj":"Kampung Jarang Tidak Teratur","_cls":"Kampung Jarang Tidak Teratur"},"geometry":{"type":"Polygon","coordinates":[[[111.65621,-7.99479],[111.65622,-7.99544],[111.65625,-7.99543],[111.65627,-7.99577],[111.65611,-7.99581],[111.65561,-7.99601],[111.65507,-7.99595],[111.65445,-7.9961],[111.65311,-7.9963],[111.65261,-7.9963],[111.65238,-7.99676],[111.65307,-7.9969],[111.65317,-7.99664],[111.6536,-7.99684],[111.65327,-7.9972],[111.6532,-7.9975],[111.65358,-7.99758],[111.65493,-7.99727],[111.65494,-7.99747],[111.65428,-7.99775],[111.6544,-7.99803],[111.65422,-7.99826],[111.6537,-7.99823],[111.65361,-7.99817],[111.65334,-7.99821],[111.65318,-7.99816],[111.65279,-7.99782],[111.65226,-7.99754],[111.65135,-7.99727],[111.65153,-7.99689],[111.65156,-7.99634],[111.65221,-7.99632],[111.65233,-7.99607],[111.65167,-7.9958],[111.65178,-7.99554],[111.65247,-7.99573],[111.65254,-7.99555],[111.65336,-7.99559],[111.65418,-7.99528],[111.65426,-7.99559],[111.65558,-7.995],[111.65556,-7.9948],[111.65621,-7.99479]]]}},{"type":"Feature","properties":{"ptnsbjname":"-","namobj":"Kampung Jarang Tidak Teratur","_cls":"Kampung Jarang Tidak Teratur"},"geometry":{"type":"Polygon","coordinates":[[[111.6438,-7.99401],[111.64364,-7.9941],[111.64368,-7.99419],[111.64391,-7.99445],[111.64396,-7.99462],[111.64392,-7.99481],[111.64401,-7.99491],[111.64454,-7.99522],[111.64467,-7.99532],[111.64471,-7.99541],[111.64453,-7.99565],[111.64455,-7.99576],[111.64466,-7.99584],[111.64513,-7.9958],[111.64526,-7.99584],[111.64548,-7.99622],[111.64558,-7.99631],[111.64537,-7.99653],[111.64513,-7.99622],[111.64491,-7.99631],[111.64519,-7.99675],[111.64501,-7.99685],[111.64528,-7.99729],[111.64502,-7.99739],[111.64509,-7.99771],[111.64455,-7.99781],[111.64439,-7.99748],[111.64475,-7.99735],[111.64412,-7.99644],[111.64452,-7.99623],[111.64425,-7.99574],[111.64395,-7.99551],[111.64367,-7.99545],[111.64359,-7.99584],[111.64309,-7.99485],[111.64306,-7.99465],[111.64287,-7.99465],[111.64275,-7.99417],[111.64318,-7.99405],[111.64307,-7.9937],[111.6438,-7.99401]]]}},{"type":"Feature","properties":{"ptnsbjname":"-","namobj":"Kampung Jarang Tidak Teratur","_cls":"Kampung Jarang Tidak Teratur"},"geometry":{"type":"Polygon","coordinates":[[[111.64524,-7.99321],[111.64486,-7.99315],[111.64447,-7.99262],[111.64409,-7.99228],[111.6447,-7.9919],[111.64491,-7.99211],[111.64464,-7.99248],[111.64517,-7.99272],[111.64517,-7.99299],[111.64524,-7.99321]]]}},{"type":"Feature","properties":{"ptnsbjname":"-","namobj":"Kampung Jarang Tidak Teratur","_cls":"Kampung Jarang Tidak Teratur"},"geometry":{"type":"Polygon","coordinates":[[[111.65468,-7.99373],[111.65461,-7.99339],[111.65395,-7.99346],[111.65374,-7.99293],[111.65252,-7.99347],[111.65241,-7.99295],[111.65231,-7.99291],[111.65229,-7.99266],[111.65356,-7.99209],[111.65369,-7.99226],[111.65474,-7.99161],[111.65493,-7.99185],[111.65494,-7.99205],[111.65485,-7.992],[111.65426,-7.99228],[111.65435,-7.99254],[111.65495,-7.99242],[111.65509,-7.99308],[111.65516,-7.99355],[111.65468,-7.99373]]]}},{"type":"Feature","properties":{"ptnsbjname":"-","namobj":"Kampung Jarang Tidak Teratur","_cls":"Kampung Jarang Tidak Teratur"},"geometry":{"type":"Polygon","coordinates":[[[111.64372,-7.99199],[111.64355,-7.9923],[111.64331,-7.99221],[111.6432,-7.99284],[111.64359,-7.99312],[111.64413,-7.99337],[111.64524,-7.99321],[111.64553,-7.99306],[111.6456,-7.9926],[111.64567,-7.99252],[111.64577,-7.99254],[111.64605,-7.99267],[111.64626,-7.99271],[111.64652,-7.99286],[111.64689,-7.99278],[111.64694,-7.99279],[111.64696,-7.99286],[111.64687,-7.99373],[111.64625,-7.99403],[111.64584,-7.994],[111.64542,-7.99385],[111.64486,-7.99392],[111.6445,-7.99383],[111.6441,-7.99397],[111.64396,-7.99395],[111.6438,-7.99401],[111.64328,-7.99348],[111.64296,-7.99308],[111.64293,-7.99278],[111.64295,-7.99179],[111.64288,-7.99141],[111.64317,-7.99164],[111.64372,-7.99199]]]}},{"type":"Feature","properties":{"ptnsbjname":"-","namobj":"Kampung Jarang Tidak Teratur","_cls":"Kampung Jarang Tidak Teratur"},"geometry":{"type":"Polygon","coordinates":[[[111.63371,-7.992],[111.63369,-7.99245],[111.63343,-7.99258],[111.63305,-7.99288],[111.63315,-7.99306],[111.63253,-7.99318],[111.63219,-7.99287],[111.63185,-7.99265],[111.63182,-7.99161],[111.63165,-7.99148],[111.6315,-7.9911],[111.62898,-7.99172],[111.629,-7.99127],[111.63029,-7.99068],[111.63047,-7.99066],[111.63037,-7.99031],[111.63075,-7.99029],[111.63099,-7.99071],[111.63243,-7.99021],[111.6323,-7.98986],[111.6334,-7.98967],[111.63373,-7.9903],[111.6349,-7.99017],[111.63491,-7.99063],[111.63448,-7.9906],[111.63398,-7.99076],[111.63352,-7.99079],[111.63371,-7.992]]]}},{"type":"Feature","properties":{"ptnsbjname":"-","namobj":"Kampung Jarang Tidak Teratur","_cls":"Kampung Jarang Tidak Teratur"},"geometry":{"type":"Polygon","coordinates":[[[111.63751,-7.98866],[111.63706,-7.98919],[111.6367,-7.98987],[111.63667,-7.99015],[111.63684,-7.99116],[111.63729,-7.9919],[111.63742,-7.99199],[111.63766,-7.99201],[111.63797,-7.99195],[111.6381,-7.99212],[111.6383,-7.99261],[111.63851,-7.99263],[111.63853,-7.99317],[111.639,-7.99331],[111.63902,-7.99398],[111.63869,-7.99416],[111.639,-7.99496],[111.63883,-7.99503],[111.63885,-7.9954],[111.63833,-7.99555],[111.6381,-7.99429],[111.63783,-7.99431],[111.6378,-7.99408],[111.63759,-7.99408],[111.6376,-7.99385],[111.63791,-7.99375],[111.63784,-7.99312],[111.63781,-7.99248],[111.63661,-7.99272],[111.63657,-7.99224],[111.63675,-7.99216],[111.63646,-7.99126],[111.63611,-7.99124],[111.6357,-7.99112],[111.63558,-7.99101],[111.63595,-7.99091],[111.63579,-7.98922],[111.63657,-7.98905],[111.63699,-7.98892],[111.63724,-7.98846],[111.63755,-7.9885],[111.63751,-7.98866]]]}},{"type":"Feature","properties":{"ptnsbjname":"-","namobj":"Kampung Jarang Tidak Teratur","_cls":"Kampung Jarang Tidak Teratur"},"geometry":{"type":"Polygon","coordinates":[[[111.65224,-7.99088],[111.65214,-7.99027],[111.65216,-7.98958],[111.65164,-7.9895],[111.65163,-7.98934],[111.65114,-7.98923],[111.65,-7.98924],[111.64994,-7.98953],[111.64974,-7.98955],[111.64967,-7.98844],[111.65022,-7.98829],[111.65031,-7.98859],[111.651,-7.98863],[111.65152,-7.98862],[111.65161,-7.98863],[111.65178,-7.9888],[111.65229,-7.98878],[111.65237,-7.98909],[111.65254,-7.98906],[111.65259,-7.99009],[111.65266,-7.99079],[111.65224,-7.99088]]]}},{"type":"Feature","properties":{"ptnsbjname":"-","namobj":"Kampung Jarang Tidak Teratur","_cls":"Kampung Jarang Tidak Teratur"},"geometry":{"type":"Polygon","coordinates":[[[111.63807,-7.98635],[111.63806,-7.98693],[111.63893,-7.98682],[111.63884,-7.98771],[111.63809,-7.98782],[111.6379,-7.98777],[111.63755,-7.98715],[111.63752,-7.98689],[111.63754,-7.9864],[111.63807,-7.98635]]]}},{"type":"Feature","properties":{"ptnsbjname":"-","namobj":"Kampung Jarang Tidak Teratur","_cls":"Kampung Jarang Tidak Teratur"},"geometry":{"type":"Polygon","coordinates":[[[111.64294,-7.98552],[111.6433,-7.98544],[111.6438,-7.98538],[111.64406,-7.98525],[111.64423,-7.98503],[111.64441,-7.98528],[111.64438,-7.98586],[111.64373,-7.98598],[111.64324,-7.98611],[111.64298,-7.98568],[111.64294,-7.98552]]]}},{"type":"Feature","properties":{"ptnsbjname":"-","namobj":"Kampung Jarang Tidak Teratur","_cls":"Kampung Jarang Tidak Teratur"},"geometry":{"type":"Polygon","coordinates":[[[111.6392,-7.9859],[111.63867,-7.98561],[111.63897,-7.98497],[111.63844,-7.98457],[111.63882,-7.98427],[111.6402,-7.98505],[111.64026,-7.98521],[111.63986,-7.98587],[111.63934,-7.98571],[111.6392,-7.9859]]]}},{"type":"Feature","properties":{"ptnsbjname":"-","namobj":"Kampung Jarang Tidak Teratur","_cls":"Kampung Jarang Tidak Teratur"},"geometry":{"type":"Polygon","coordinates":[[[111.63398,-7.98498],[111.63379,-7.98493],[111.63388,-7.98448],[111.63414,-7.98449],[111.63417,-7.98416],[111.63477,-7.98406],[111.63473,-7.9853],[111.63397,-7.98523],[111.63398,-7.98498]]]}},{"type":"Feature","properties":{"ptnsbjname":"-","namobj":"Kampung Jarang Tidak Teratur","_cls":"Kampung Jarang Tidak Teratur"},"geometry":{"type":"Polygon","coordinates":[[[111.63652,-7.98382],[111.63658,-7.98406],[111.63498,-7.98406],[111.635,-7.98377],[111.63652,-7.98382]]]}},{"type":"Feature","properties":{"ptnsbjname":"-","namobj":"Kampung Jarang Tidak Teratur","_cls":"Kampung Jarang Tidak Teratur"},"geometry":{"type":"Polygon","coordinates":[[[111.63365,-7.98018],[111.6331,-7.98205],[111.63189,-7.98194],[111.63211,-7.98091],[111.63273,-7.98089],[111.6332,-7.9797],[111.63243,-7.97951],[111.63261,-7.97906],[111.63365,-7.97897],[111.6338,-7.9786],[111.63343,-7.9784],[111.63366,-7.97803],[111.63428,-7.97823],[111.63412,-7.97846],[111.63386,-7.98006],[111.63379,-7.98015],[111.63365,-7.98018]]]}},{"type":"Feature","properties":{"ptnsbjname":"-","namobj":"Kampung Jarang Tidak Teratur","_cls":"Kampung Jarang Tidak Teratur"},"geometry":{"type":"Polygon","coordinates":[[[111.63846,-7.98179],[111.63817,-7.9813],[111.63813,-7.981],[111.63844,-7.9805],[111.63874,-7.97968],[111.63916,-7.97889],[111.6392,-7.97857],[111.63916,-7.978],[111.63975,-7.97785],[111.63978,-7.97797],[111.64,-7.97798],[111.64001,-7.97853],[111.63996,-7.97874],[111.63968,-7.97868],[111.63942,-7.97934],[111.6393,-7.98042],[111.63891,-7.98038],[111.63886,-7.981],[111.63962,-7.98111],[111.64014,-7.98125],[111.64014,-7.98181],[111.64064,-7.98194],[111.6409,-7.98264],[111.63967,-7.98256],[111.63975,-7.98334],[111.63999,-7.98342],[111.63994,-7.98369],[111.63933,-7.98349],[111.63942,-7.98278],[111.6388,-7.98263],[111.63886,-7.98326],[111.63846,-7.98315],[111.63833,-7.98271],[111.63828,-7.98226],[111.63848,-7.98216],[111.63855,-7.98208],[111.63846,-7.98179]]]}},{"type":"Feature","properties":{"ptnsbjname":"-","namobj":"Kampung Jarang Tidak Teratur","_cls":"Kampung Jarang Tidak Teratur"},"geometry":{"type":"Polygon","coordinates":[[[111.64299,-7.97749],[111.64295,-7.97772],[111.64255,-7.9777],[111.64246,-7.97892],[111.64216,-7.9789],[111.64214,-7.97916],[111.6418,-7.97911],[111.64182,-7.97813],[111.64204,-7.9781],[111.64202,-7.97744],[111.64173,-7.97737],[111.64169,-7.97688],[111.64176,-7.97678],[111.6418,-7.97664],[111.64263,-7.97669],[111.6427,-7.97744],[111.64299,-7.97749]]]}},{"type":"Feature","properties":{"ptnsbjname":"-","namobj":"Kampung Jarang Tidak Teratur","_cls":"Kampung Jarang Tidak Teratur"},"geometry":{"type":"Polygon","coordinates":[[[111.6462,-7.97692],[111.64569,-7.97722],[111.64515,-7.97686],[111.64565,-7.97654],[111.64551,-7.97594],[111.64617,-7.9758],[111.64624,-7.97564],[111.64656,-7.97577],[111.64707,-7.97584],[111.64706,-7.97679],[111.6462,-7.97692]]]}},{"type":"Feature","properties":{"ptnsbjname":"-","namobj":"Kampung Jarang Tidak Teratur","_cls":"Kampung Jarang Tidak Teratur"},"geometry":{"type":"Polygon","coordinates":[[[111.64232,-7.97486],[111.64232,-7.97507],[111.64202,-7.97503],[111.64203,-7.97551],[111.64185,-7.97572],[111.64184,-7.97637],[111.64117,-7.97635],[111.64123,-7.97603],[111.6409,-7.976],[111.64088,-7.97566],[111.64121,-7.9756],[111.64132,-7.97482],[111.64104,-7.97472],[111.6404,-7.97426],[111.64079,-7.97373],[111.64114,-7.97393],[111.641,-7.97436],[111.64129,-7.97463],[111.642,-7.97474],[111.64232,-7.97486]]]}},{"type":"Feature","properties":{"ptnsbjname":"-","namobj":"Kampung Jarang Tidak Teratur","_cls":"Kampung Jarang Tidak Teratur"},"geometry":{"type":"Polygon","coordinates":[[[111.63836,-7.97368],[111.63802,-7.97453],[111.63804,-7.97477],[111.63831,-7.9756],[111.63809,-7.97582],[111.63767,-7.97419],[111.63808,-7.97375],[111.63777,-7.97356],[111.63782,-7.97343],[111.63836,-7.97368]]]}},{"type":"Feature","properties":{"ptnsbjname":"-","namobj":"Kampung Jarang Tidak Teratur","_cls":"Kampung Jarang Tidak Teratur"},"geometry":{"type":"Polygon","coordinates":[[[111.63929,-7.97344],[111.63928,-7.97357],[111.63897,-7.97353],[111.63899,-7.97341],[111.63929,-7.97344]]]}},{"type":"Feature","properties":{"ptnsbjname":"-","namobj":"Kampung Jarang Tidak Teratur","_cls":"Kampung Jarang Tidak Teratur"},"geometry":{"type":"Polygon","coordinates":[[[111.63951,-7.97331],[111.63947,-7.97357],[111.63935,-7.97356],[111.6394,-7.97329],[111.63951,-7.97331]]]}},{"type":"Feature","properties":{"ptnsbjname":"-","namobj":"Kampung Jarang Tidak Teratur","_cls":"Kampung Jarang Tidak Teratur"},"geometry":{"type":"Polygon","coordinates":[[[111.63932,-7.97329],[111.6393,-7.97339],[111.63905,-7.97333],[111.63907,-7.97323],[111.63932,-7.97329]]]}},{"type":"Feature","properties":{"ptnsbjname":"-","namobj":"Kampung Jarang Tidak Teratur","_cls":"Kampung Jarang Tidak Teratur"},"geometry":{"type":"Polygon","coordinates":[[[111.63433,-7.9726],[111.63439,-7.97279],[111.63421,-7.97287],[111.63386,-7.97314],[111.63284,-7.97342],[111.63195,-7.97302],[111.63228,-7.97267],[111.63261,-7.9725],[111.63301,-7.97235],[111.63346,-7.97224],[111.63433,-7.9726]]]}},{"type":"Feature","properties":{"ptnsbjname":"-","namobj":"Kampung Jarang Tidak Teratur","_cls":"Kampung Jarang Tidak Teratur"},"geometry":{"type":"Polygon","coordinates":[[[111.66016,-7.97289],[111.65998,-7.97237],[111.65984,-7.97214],[111.65973,-7.97201],[111.65952,-7.97197],[111.65898,-7.9716],[111.65882,-7.97145],[111.65911,-7.97123],[111.65942,-7.97172],[111.65996,-7.97165],[111.66008,-7.97143],[111.66031,-7.9714],[111.66038,-7.97285],[111.66016,-7.97289]]]}},{"type":"Feature","properties":{"ptnsbjname":"-","namobj":"Kampung Jarang Tidak Teratur","_cls":"Kampung Jarang Tidak Teratur"},"geometry":{"type":"Polygon","coordinates":[[[111.63234,-7.97092],[111.63212,-7.97135],[111.63196,-7.97152],[111.63162,-7.97173],[111.63115,-7.97189],[111.63094,-7.97199],[111.63068,-7.97178],[111.63074,-7.97128],[111.63094,-7.97066],[111.63137,-7.9704],[111.6317,-7.97026],[111.63192,-7.97013],[111.63258,-7.97005],[111.63241,-7.97058],[111.63234,-7.97092]]]}},{"type":"Feature","properties":{"ptnsbjname":"Kd, Jg, Ps","namobj":"Tegalan/Ladang","_cls":"Tegalan/Ladang"},"geometry":{"type":"Polygon","coordinates":[[[111.55606,-7.96403],[111.55542,-7.96429],[111.55488,-7.9649],[111.55439,-7.96505],[111.5542,-7.96505],[111.55392,-7.9649],[111.55411,-7.96492],[111.5546,-7.96477],[111.55515,-7.96416],[111.55561,-7.96397],[111.55584,-7.9639],[111.55596,-7.96392],[111.55606,-7.96403]]]}},{"type":"Feature","properties":{"ptnsbjname":"Kd, Jg, Ps","namobj":"Tegalan/Ladang","_cls":"Tegalan/Ladang"},"geometry":{"type":"Polygon","coordinates":[[[111.54925,-7.96223],[111.54913,-7.96227],[111.54898,-7.96238],[111.54829,-7.96308],[111.54816,-7.96304],[111.54803,-7.9629],[111.54871,-7.96223],[111.54886,-7.96212],[111.54904,-7.96206],[111.54925,-7.96223]]]}},{"type":"Feature","properties":{"ptnsbjname":"Kd, Jg, Ps","namobj":"Tegalan/Ladang","_cls":"Tegalan/Ladang"},"geometry":{"type":"Polygon","coordinates":[[[111.58021,-7.96067],[111.58021,-7.96082],[111.57986,-7.96089],[111.57982,-7.96115],[111.57988,-7.96121],[111.58019,-7.96136],[111.58019,-7.96146],[111.58031,-7.96152],[111.58049,-7.96156],[111.58068,-7.96146],[111.58068,-7.96127],[111.58058,-7.96117],[111.58054,-7.96096],[111.58095,-7.96089],[111.58115,-7.96108],[111.58125,-7.96112],[111.58076,-7.96277],[111.5803,-7.96261],[111.58031,-7.96232],[111.58025,-7.96227],[111.57996,-7.96214],[111.57984,-7.9623],[111.57959,-7.96222],[111.57944,-7.96241],[111.57923,-7.96284],[111.57912,-7.96295],[111.57907,-7.96308],[111.57892,-7.9633],[111.57888,-7.96354],[111.57895,-7.96361],[111.57888,-7.96379],[111.57865,-7.96386],[111.57845,-7.96386],[111.57833,-7.96382],[111.57821,-7.96352],[111.57805,-7.96348],[111.57799,-7.96308],[111.57775,-7.96308],[111.57778,-7.96344],[111.57783,-7.96354],[111.57794,-7.96359],[111.57801,-7.96369],[111.57806,-7.96419],[111.57832,-7.96424],[111.57835,-7.96439],[111.57861,-7.9645],[111.57863,-7.96463],[111.57887,-7.96464],[111.57888,-7.9645],[111.57875,-7.96442],[111.57875,-7.96427],[111.57919,-7.96425],[111.57944,-7.96429],[111.57931,-7.96495],[111.57917,-7.96691],[111.57892,-7.96817],[111.57889,-7.96889],[111.5792,-7.9703],[111.57946,-7.97234],[111.58004,-7.97247],[111.58063,-7.97283],[111.58086,-7.97285],[111.58181,-7.97272],[111.58224,-7.97251],[111.58245,-7.97248],[111.58328,-7.97252],[111.58316,-7.97267],[111.58306,-7.97304],[111.58238,-7.97308],[111.58199,-7.97313],[111.58181,-7.97344],[111.58173,-7.97371],[111.58141,-7.97396],[111.58106,-7.97413],[111.58059,-7.97411],[111.57993,-7.9739],[111.57897,-7.97431],[111.57847,-7.97428],[111.57811,-7.9741],[111.57797,-7.97388],[111.57774,-7.97373],[111.57752,-7.97327],[111.57747,-7.9731],[111.57724,-7.97305],[111.57691,-7.9729],[111.57664,-7.97233],[111.57627,-7.97205],[111.57596,-7.97214],[111.5758,-7.9724],[111.57577,-7.97269],[111.57503,-7.97183],[111.57375,-7.97086],[111.57201,-7.96991],[111.5717,-7.9698],[111.57026,-7.96947],[111.57003,-7.96935],[111.56977,-7.96914],[111.56866,-7.96796],[111.56864,-7.96759],[111.56856,-7.96738],[111.56867,-7.96739],[111.56892,-7.9675],[111.56923,-7.96775],[111.5694,-7.96784],[111.56958,-7.96783],[111.56969,-7.96777],[111.56961,-7.96739],[111.56964,-7.96719],[111.56959,-7.96706],[111.5694,-7.96693],[111.56912,-7.96685],[111.56906,-7.96719],[111.56892,-7.96721],[111.56856,-7.96664],[111.56864,-7.96643],[111.56801,-7.9661],[111.5679,-7.96598],[111.56789,-7.96593],[111.56746,-7.96573],[111.56715,-7.96567],[111.56726,-7.96554],[111.56769,-7.9656],[111.56835,-7.96595],[111.56863,-7.96593],[111.56902,-7.96578],[111.56913,-7.96568],[111.56898,-7.96561],[111.56902,-7.96545],[111.56872,-7.96533],[111.56899,-7.96531],[111.56899,-7.96495],[111.56907,-7.96464],[111.56916,-7.96443],[111.56956,-7.96407],[111.56972,-7.96399],[111.57006,-7.96391],[111.57031,-7.96389],[111.57034,-7.96408],[111.57089,-7.9641],[111.571,-7.96415],[111.57114,-7.96426],[111.5712,-7.96439],[111.57139,-7.96436],[111.57196,-7.96406],[111.57219,-7.96385],[111.57217,-7.96367],[111.5726,-7.96353],[111.57272,-7.9639],[111.5728,-7.96399],[111.57289,-7.96393],[111.57303,-7.9639],[111.57312,-7.96405],[111.57343,-7.96398],[111.57373,-7.96406],[111.57386,-7.96392],[111.57507,-7.96378],[111.57502,-7.96336],[111.57471,-7.96342],[111.57466,-7.96324],[111.5747,-7.963],[111.57505,-7.96296],[111.57528,-7.96275],[111.57544,-7.96295],[111.57564,-7.9629],[111.57557,-7.96268],[111.57565,-7.96262],[111.57577,-7.96278],[111.57611,-7.96267],[111.57592,-7.9624],[111.57563,-7.96247],[111.57556,-7.96217],[111.57545,-7.96196],[111.5753,-7.96204],[111.57528,-7.96232],[111.57523,-7.96236],[111.57507,-7.96237],[111.5748,-7.96246],[111.57475,-7.96217],[111.5753,-7.96183],[111.57638,-7.96128],[111.57649,-7.96135],[111.57677,-7.96132],[111.57687,-7.96152],[111.57704,-7.9615],[111.5772,-7.96141],[111.57745,-7.96118],[111.57744,-7.96109],[111.5773,-7.96091],[111.5771,-7.96099],[111.57701,-7.96086],[111.57669,-7.96102],[111.57655,-7.96073],[111.57713,-7.96046],[111.57767,-7.96033],[111.5782,-7.96061],[111.57851,-7.96068],[111.57929,-7.96064],[111.58021,-7.96067]]]}},{"type":"Feature","properties":{"ptnsbjname":"Kd, Jg, Ps","namobj":"Tegalan/Ladang","_cls":"Tegalan/Ladang"},"geometry":{"type":"MultiPolygon","coordinates":[[[[111.54837,-7.96333],[111.54853,-7.96328],[111.54886,-7.96293],[111.54921,-7.96249],[111.54928,-7.96247],[111.55021,-7.96322],[111.55048,-7.96349],[111.55069,-7.96461],[111.55089,-7.96486],[111.55105,-7.96499],[111.55128,-7.96504],[111.55209,-7.9648],[111.55275,-7.96466],[111.55312,-7.96461],[111.55328,-7.96461],[111.55361,-7.96489],[111.55405,-7.96515],[111.5546,-7.96543],[111.55479,-7.96541],[111.55559,-7.96469],[111.55587,-7.9645],[111.55598,-7.9646],[111.5562,-7.96505],[111.55637,-7.96565],[111.55648,-7.96583],[111.55663,-7.96597],[111.55695,-7.9661],[111.55723,-7.96617],[111.55782,-7.96609],[111.55803,-7.96609],[111.5583,-7.96619],[111.55841,-7.96632],[111.55856,-7.9666],[111.55864,-7.96715],[111.55875,-7.96731],[111.55893,-7.96744],[111.55933,-7.96763],[111.55967,-7.96773],[111.55989,-7.96773],[111.56008,-7.96769],[111.56024,-7.96755],[111.56081,-7.96641],[111.56104,-7.96603],[111.56117,-7.96595],[111.56313,-7.96584],[111.56351,-7.9661],[111.56413,-7.9669],[111.56425,-7.96697],[111.5644,-7.96697],[111.56526,-7.96639],[111.56611,-7.96703],[111.56637,-7.96713],[111.56744,-7.96728],[111.56784,-7.96738],[111.56806,-7.96748],[111.56839,-7.96796],[111.56922,-7.9689],[111.56947,-7.96946],[111.56971,-7.96968],[111.56997,-7.96982],[111.57031,-7.96986],[111.57062,-7.96985],[111.57126,-7.96999],[111.57157,-7.97011],[111.57204,-7.97042],[111.5726,-7.97064],[111.5738,-7.97124],[111.57446,-7.97174],[111.57492,-7.97217],[111.57544,-7.97278],[111.57573,-7.973],[111.57572,-7.97312],[111.57515,-7.97269],[111.57464,-7.97209],[111.57419,-7.97165],[111.57383,-7.97139],[111.57368,-7.97172],[111.57362,-7.97209],[111.57363,-7.97309],[111.57344,-7.97301],[111.57321,-7.97301],[111.57302,-7.97297],[111.57293,-7.97291],[111.57289,-7.97279],[111.57277,-7.97269],[111.57247,-7.97254],[111.57225,-7.97254],[111.57211,-7.97287],[111.57216,-7.97294],[111.57215,-7.97305],[111.57202,-7.97306],[111.57203,-7.97323],[111.5716,-7.97311],[111.57172,-7.97273],[111.57186,-7.97246],[111.57173,-7.97232],[111.57124,-7.97206],[111.57112,-7.97158],[111.57115,-7.97138],[111.57085,-7.97129],[111.57059,-7.97104],[111.57057,-7.97091],[111.57049,-7.97074],[111.57032,-7.97074],[111.57023,-7.97082],[111.57016,-7.971],[111.57012,-7.97116],[111.57018,-7.97142],[111.57017,-7.97159],[111.5697,-7.97112],[111.56918,-7.97071],[111.56867,-7.97034],[111.56849,-7.97025],[111.56857,-7.96984],[111.56865,-7.96975],[111.56893,-7.96964],[111.56898,-7.96957],[111.56894,-7.96934],[111.56885,-7.96914],[111.56868,-7.96907],[111.56848,-7.9689],[111.56824,-7.96877],[111.5682,-7.96868],[111.56834,-7.96864],[111.56835,-7.96852],[111.56821,-7.96842],[111.56793,-7.9683],[111.56758,-7.9684],[111.56725,-7.96832],[111.5672,-7.96822],[111.5672,-7.96799],[111.56713,-7.96792],[111.56695,-7.96796],[111.56682,-7.96838],[111.56595,-7.96817],[111.56588,-7.96852],[111.56566,-7.96833],[111.56552,-7.96832],[111.56544,-7.96838],[111.56536,-7.96834],[111.56531,-7.9682],[111.56526,-7.96812],[111.56487,-7.96786],[111.56431,-7.9676],[111.56421,-7.96752],[111.56399,-7.9671],[111.56384,-7.96707],[111.5637,-7.9671],[111.56341,-7.96725],[111.56324,-7.96725],[111.56306,-7.96721],[111.56269,-7.96694],[111.56222,-7.9668],[111.56174,-7.96677],[111.56168,-7.96704],[111.56181,-7.96713],[111.56211,-7.96718],[111.56214,-7.96728],[111.56212,-7.96746],[111.56215,-7.96759],[111.56246,-7.96776],[111.56281,-7.96785],[111.56297,-7.96795],[111.56295,-7.96808],[111.56286,-7.96821],[111.56261,-7.96833],[111.56224,-7.96829],[111.56209,-7.96848],[111.56225,-7.96872],[111.56244,-7.9689],[111.56256,-7.9691],[111.5629,-7.9694],[111.56312,-7.96953],[111.56305,-7.96985],[111.56258,-7.96981],[111.56245,-7.97016],[111.56186,-7.96994],[111.56192,-7.96971],[111.56164,-7.96951],[111.56128,-7.96915],[111.56105,-7.9685],[111.56089,-7.96841],[111.56074,-7.96843],[111.56062,-7.96872],[111.56056,-7.96902],[111.56033,-7.96901],[111.56024,-7.96881],[111.55978,-7.96865],[111.55965,-7.96875],[111.55953,-7.96875],[111.55913,-7.9686],[111.55893,-7.96862],[111.55882,-7.96885],[111.55853,-7.96875],[111.55857,-7.96855],[111.55852,-7.96837],[111.55818,-7.96837],[111.55817,-7.96822],[111.55824,-7.96812],[111.55837,-7.96807],[111.55865,-7.96803],[111.55863,-7.96788],[111.55852,-7.96787],[111.55846,-7.9678],[111.55838,-7.96766],[111.55835,-7.96748],[111.55805,-7.96745],[111.55804,-7.96737],[111.55785,-7.96737],[111.55778,-7.96767],[111.55758,-7.9677],[111.55752,-7.9678],[111.55758,-7.96795],[111.55779,-7.96807],[111.55779,-7.96848],[111.55762,-7.96842],[111.55723,-7.96854],[111.55725,-7.96832],[111.55395,-7.96715],[111.55232,-7.96663],[111.55121,-7.96632],[111.55035,-7.96613],[111.54983,-7.96607],[111.54987,-7.9658],[111.54998,-7.96582],[111.55005,-7.96587],[111.55024,-7.96589],[111.55029,-7.96586],[111.55035,-7.96568],[111.55037,-7.96538],[111.55004,-7.96547],[111.55024,-7.96516],[111.55043,-7.96511],[111.55045,-7.96494],[111.55032,-7.96486],[111.55032,-7.96472],[111.55039,-7.96467],[111.55047,-7.96452],[111.55041,-7.96444],[111.55033,-7.96406],[111.55008,-7.96408],[111.55002,-7.96413],[111.54998,-7.96426],[111.54992,-7.9643],[111.54975,-7.96433],[111.54975,-7.96442],[111.54968,-7.96451],[111.54936,-7.9646],[111.54943,-7.96392],[111.54933,-7.96393],[111.54926,-7.96408],[111.54914,-7.96413],[111.5491,-7.96436],[111.54923,-7.96448],[111.54924,-7.96484],[111.54933,-7.96484],[111.54925,-7.96573],[111.54944,-7.96566],[111.54945,-7.96602],[111.54562,-7.96547],[111.54254,-7.96508],[111.54267,-7.96349],[111.54264,-7.96313],[111.543,-7.96314],[111.54299,-7.96322],[111.54414,-7.96287],[111.54427,-7.96287],[111.54444,-7.96294],[111.545,-7.96375],[111.54513,-7.96385],[111.5453,-7.9639],[111.54547,-7.9639],[111.54556,-7.96388],[111.54563,-7.96381],[111.54567,-7.96367],[111.54585,-7.96352],[111.54594,-7.96339],[111.54572,-7.96297],[111.54592,-7.96286],[111.54594,-7.96275],[111.54577,-7.96259],[111.54556,-7.96227],[111.54534,-7.96223],[111.54533,-7.9622],[111.54528,-7.96194],[111.54529,-7.96179],[111.54538,-7.96165],[111.5455,-7.96157],[111.54667,-7.96172],[111.5469,-7.9618],[111.54723,-7.96211],[111.54769,-7.96281],[111.54795,-7.96312],[111.54811,-7.96326],[111.54837,-7.96333]],[[111.54727,-7.96386],[111.54721,-7.96392],[111.54721,-7.96415],[111.54701,-7.96423],[111.54701,-7.96438],[111.5474,-7.96522],[111.54786,-7.9651],[111.54804,-7.9651],[111.54817,-7.96504],[111.54836,-7.96505],[111.54836,-7.96527],[111.5486,-7.96525],[111.54869,-7.96524],[111.54872,-7.9651],[111.54886,-7.9651],[111.54889,-7.96495],[111.54889,-7.96479],[111.54881,-7.96458],[111.54876,-7.9642],[111.54866,-7.96402],[111.54868,-7.96388],[111.54749,-7.96374],[111.54746,-7.96383],[111.54727,-7.96386]],[[111.55551,-7.96587],[111.55551,-7.96634],[111.55639,-7.96648],[111.5562,-7.96603],[111.55614,-7.96594],[111.55629,-7.96577],[111.5562,-7.9657],[111.55586,-7.96564],[111.55556,-7.96564],[111.55551,-7.96587]]],[[[111.53882,-7.95588],[111.5386,-7.95618],[111.53872,-7.95594],[111.53882,-7.95588]]],[[[111.53875,-7.95478],[111.53871,-7.95489],[111.53845,-7.95483],[111.53843,-7.95471],[111.53848,-7.95463],[111.53894,-7.95447],[111.53952,-7.95437],[111.53993,-7.95386],[111.5403,-7.95367],[111.54061,-7.95337],[111.54076,-7.9531],[111.54081,-7.95285],[111.54093,-7.95105],[111.54082,-7.9509],[111.54051,-7.95085],[111.54024,-7.95073],[111.5405,-7.95082],[111.54088,-7.95089],[111.54106,-7.95098],[111.54117,-7.95111],[111.54115,-7.95157],[111.54108,-7.95197],[111.54107,-7.95297],[111.54102,-7.95322],[111.54087,-7.95349],[111.54057,-7.9538],[111.54019,-7.954],[111.53978,-7.9545],[111.53921,-7.95462],[111.53875,-7.95478]]]]}},{"type":"Feature","properties":{"ptnsbjname":"-","namobj":"Hutan Sejenis","_cls":"Hutan Sejenis"},"geometry":{"type":"Polygon","coordinates":[[[111.65399,-8.01272],[111.65354,-8.01261],[111.65307,-8.01266],[111.65311,-8.01254],[111.65307,-8.0125],[111.65211,-8.01244],[111.65196,-8.01246],[111.65183,-8.01253],[111.65177,-8.0126],[111.65177,-8.01278],[111.65191,-8.01328],[111.6518,-8.0131],[111.65169,-8.01306],[111.65123,-8.01314],[111.6506,-8.01329],[111.64919,-8.01375],[111.64892,-8.01379],[111.64875,-8.0137],[111.64829,-8.01336],[111.64801,-8.01306],[111.64775,-8.01288],[111.64753,-8.01267],[111.64738,-8.01242],[111.64738,-8.01237],[111.64754,-8.01217],[111.6477,-8.01174],[111.6477,-8.01104],[111.64781,-8.01059],[111.64784,-8.01007],[111.64799,-8.00953],[111.64799,-8.00914],[111.64834,-8.00867],[111.64827,-8.00817],[111.64847,-8.00743],[111.64835,-8.00695],[111.64836,-8.00633],[111.64824,-8.00577],[111.64789,-8.00517],[111.64787,-8.00502],[111.64813,-8.00467],[111.64874,-8.00422],[111.64946,-8.00409],[111.64963,-8.00401],[111.64972,-8.00388],[111.6498,-8.00365],[111.64977,-8.00356],[111.65009,-8.00364],[111.65026,-8.00372],[111.65081,-8.0039],[111.65094,-8.00399],[111.65123,-8.0045],[111.65139,-8.00441],[111.6517,-8.00439],[111.65202,-8.0045],[111.65227,-8.00455],[111.65245,-8.00456],[111.6526,-8.00449],[111.65264,-8.00438],[111.6526,-8.00418],[111.65246,-8.00392],[111.65227,-8.00336],[111.6525,-8.00359],[111.65271,-8.00341],[111.65251,-8.0031],[111.65299,-8.00259],[111.65273,-8.00225],[111.65276,-8.00222],[111.65295,-8.00166],[111.6534,-8.00189],[111.65358,-8.00208],[111.65377,-8.00265],[111.65402,-8.00317],[111.65412,-8.00358],[111.65419,-8.00483],[111.65405,-8.00554],[111.65349,-8.00707],[111.65307,-8.00635],[111.65235,-8.00565],[111.65184,-8.00628],[111.65167,-8.00638],[111.65136,-8.00642],[111.65136,-8.00656],[111.65201,-8.00664],[111.65218,-8.00673],[111.65244,-8.00694],[111.65275,-8.00722],[111.65295,-8.00743],[111.65348,-8.00817],[111.65368,-8.00859],[111.65363,-8.00869],[111.65339,-8.00893],[111.65359,-8.00949],[111.65376,-8.00974],[111.65435,-8.0111],[111.65446,-8.01145],[111.65448,-8.01185],[111.65438,-8.01219],[111.65425,-8.01241],[111.65399,-8.01272]]]}},{"type":"Feature","properties":{"ptnsbjname":"Kl, Bam, Rbt","namobj":"Kebun Campuran","_cls":"Kebun Campuran"},"geometry":{"type":"Polygon","coordinates":[[[111.65468,-7.99373],[111.65438,-7.99384],[111.65383,-7.99392],[111.6536,-7.994],[111.65284,-7.99451],[111.65271,-7.99423],[111.65252,-7.99347],[111.65374,-7.99293],[111.65395,-7.99346],[111.65461,-7.99339],[111.65468,-7.99373]]]}},{"type":"Feature","properties":{"ptnsbjname":"Kl, Bam, Rbt","namobj":"Kebun Campuran","_cls":"Kebun Campuran"},"geometry":{"type":"Polygon","coordinates":[[[111.64372,-7.99199],[111.64447,-7.99262],[111.64486,-7.99315],[111.64524,-7.99321],[111.64413,-7.99337],[111.64359,-7.99312],[111.6432,-7.99284],[111.64331,-7.99221],[111.64355,-7.9923],[111.64372,-7.99199]]]}},{"type":"Feature","properties":{"ptnsbjname":"Kl, Bam, Rbt","namobj":"Kebun Campuran","_cls":"Kebun Campuran"},"geometry":{"type":"Polygon","coordinates":[[[111.64828,-7.97014],[111.64914,-7.97002],[111.64955,-7.97011],[111.64967,-7.97018],[111.64992,-7.97054],[111.65003,-7.97058],[111.65016,-7.97054],[111.65035,-7.9703],[111.65041,-7.97055],[111.65039,-7.97068],[111.6503,-7.97087],[111.64982,-7.97133],[111.6495,-7.97176],[111.64905,-7.97217],[111.64894,-7.97253],[111.64889,-7.97294],[111.64853,-7.97293],[111.64815,-7.97312],[111.64793,-7.97313],[111.64692,-7.97173],[111.64654,-7.97055],[111.64664,-7.97023],[111.6468,-7.97003],[111.64712,-7.96979],[111.64713,-7.97054],[111.64757,-7.97053],[111.64756,-7.971],[111.6478,-7.97099],[111.64775,-7.97071],[111.64778,-7.9705],[111.64787,-7.97043],[111.64811,-7.97037],[111.64828,-7.97014]]]}},{"type":"Feature","properties":{"ptnsbjname":"Kl, Bam, Rbt","namobj":"Kebun Campuran","_cls":"Kebun Campuran"},"geometry":{"type":"Polygon","coordinates":[[[111.63714,-7.9566],[111.63753,-7.95685],[111.63825,-7.95697],[111.63835,-7.95711],[111.63814,-7.95734],[111.63794,-7.95745],[111.63766,-7.958],[111.63751,-7.95811],[111.63729,-7.95811],[111.63675,-7.95736],[111.6365,-7.95709],[111.63633,-7.95696],[111.636,-7.95682],[111.63579,-7.9563],[111.63589,-7.95605],[111.63615,-7.95617],[111.63666,-7.95655],[111.63682,-7.9566],[111.63714,-7.9566]]]}},{"type":"Feature","properties":{"ptnsbjname":"Kl, Bam, Rbt","namobj":"Kebun Campuran","_cls":"Kebun Campuran"},"geometry":{"type":"MultiPolygon","coordinates":[[[[111.65565,-8.00512],[111.65513,-8.00518],[111.65519,-8.00446],[111.65525,-8.00426],[111.65523,-8.00406],[111.65509,-8.00359],[111.65482,-8.00297],[111.65456,-8.00253],[111.65418,-8.00203],[111.65398,-8.00171],[111.65383,-8.00129],[111.65381,-8.00094],[111.65417,-8.00052],[111.6543,-8.00046],[111.65453,-8.00049],[111.65435,-8.00108],[111.65436,-8.0016],[111.65446,-8.00192],[111.6546,-8.00219],[111.65508,-8.00284],[111.65534,-8.00327],[111.6556,-8.00388],[111.65574,-8.00436],[111.65575,-8.00455],[111.6557,-8.00476],[111.65565,-8.00512]]],[[[111.65627,-7.99577],[111.65631,-7.99635],[111.65611,-7.99716],[111.65564,-7.99725],[111.65516,-7.99743],[111.65459,-7.99773],[111.65442,-7.99794],[111.6544,-7.99803],[111.65428,-7.99775],[111.65494,-7.99747],[111.65493,-7.99727],[111.65358,-7.99758],[111.6532,-7.9975],[111.65327,-7.9972],[111.6536,-7.99684],[111.65317,-7.99664],[111.65307,-7.9969],[111.65238,-7.99676],[111.65261,-7.9963],[111.65311,-7.9963],[111.65445,-7.9961],[111.65507,-7.99595],[111.65561,-7.99601],[111.65611,-7.99581],[111.65627,-7.99577]]],[[[111.65637,-7.98956],[111.65686,-7.98998],[111.6564,-7.99023],[111.65558,-7.99081],[111.65586,-7.99147],[111.65606,-7.99212],[111.65613,-7.99261],[111.65606,-7.99263],[111.65587,-7.9924],[111.6557,-7.9921],[111.65566,-7.99194],[111.6554,-7.99132],[111.65517,-7.99099],[111.65501,-7.99085],[111.65485,-7.99078],[111.65414,-7.99089],[111.65394,-7.9907],[111.6543,-7.99055],[111.65506,-7.99008],[111.65541,-7.98991],[111.65555,-7.98995],[111.65565,-7.98979],[111.65571,-7.98953],[111.65569,-7.98933],[111.65556,-7.98889],[111.65531,-7.98841],[111.65579,-7.9888],[111.65637,-7.98956]]]]}},{"type":"Feature","properties":{"ptnsbjname":"Kl, Bam, Rbt","namobj":"Kebun Campuran","_cls":"Kebun Campuran"},"geometry":{"type":"Polygon","coordinates":[[[111.63927,-7.95911],[111.63902,-7.95939],[111.63891,-7.95951],[111.63906,-7.9591],[111.63917,-7.95899],[111.63927,-7.95911]]]}},{"type":"Feature","properties":{"ptnsbjname":"Kd, Uk, Kt","namobj":"Tegalan/Ladang","_cls":"Tegalan/Ladang"},"geometry":{"type":"Polygon","coordinates":[[[111.55422,-7.94915],[111.55436,-7.94902],[111.55458,-7.94899],[111.55498,-7.94908],[111.55544,-7.94889],[111.55568,-7.94884],[111.55583,-7.94892],[111.55653,-7.94796],[111.55666,-7.94788],[111.55672,-7.94788],[111.55581,-7.94915],[111.55556,-7.9494],[111.5552,-7.94986],[111.55505,-7.94986],[111.55487,-7.9498],[111.5545,-7.94935],[111.55422,-7.94915]]]}},{"type":"Feature","properties":{"ptnsbjname":"Kd, Uk, Kt","namobj":"Tegalan/Ladang","_cls":"Tegalan/Ladang"},"geometry":{"type":"Polygon","coordinates":[[[111.55917,-7.94791],[111.55929,-7.94785],[111.5592,-7.94789],[111.55917,-7.94791]]]}},{"type":"Feature","properties":{"ptnsbjname":"Kd, Uk, Kt","namobj":"Tegalan/Ladang","_cls":"Tegalan/Ladang"},"geometry":{"type":"Polygon","coordinates":[[[111.55454,-7.95028],[111.55438,-7.94967],[111.55505,-7.95029],[111.55525,-7.95033],[111.55533,-7.9503],[111.55571,-7.94977],[111.55631,-7.94906],[111.55658,-7.94861],[111.55673,-7.94822],[111.55686,-7.94813],[111.55708,-7.94807],[111.5581,-7.94838],[111.55845,-7.94842],[111.5587,-7.94841],[111.55906,-7.94827],[111.55969,-7.94791],[111.56018,-7.94713],[111.56019,-7.94741],[111.56014,-7.9476],[111.5596,-7.94825],[111.55926,-7.94847],[111.55862,-7.94871],[111.55808,-7.94879],[111.55786,-7.94872],[111.55726,-7.94841],[111.55696,-7.94841],[111.55668,-7.94867],[111.5566,-7.94884],[111.5557,-7.95013],[111.55547,-7.95058],[111.55529,-7.95069],[111.55508,-7.95071],[111.55496,-7.95065],[111.5547,-7.95038],[111.55454,-7.95028]]]}},{"type":"Feature","properties":{"ptnsbjname":"Kd, Uk, Kt","namobj":"Tegalan/Ladang","_cls":"Tegalan/Ladang"},"geometry":{"type":"Polygon","coordinates":[[[111.55954,-7.94667],[111.56,-7.94711],[111.5596,-7.94768],[111.55944,-7.94777],[111.55984,-7.9472],[111.55886,-7.94633],[111.5588,-7.94614],[111.55923,-7.94655],[111.55954,-7.94667]]]}},{"type":"Feature","properties":{"ptnsbjname":"-","namobj":"Hutan Belukar","_cls":"Hutan Belukar"},"geometry":{"type":"MultiPolygon","coordinates":[[[[111.65485,-7.98777],[111.65485,-7.98777],[111.65485,-7.98777],[111.65485,-7.98777]]],[[[111.65351,-7.98448],[111.65364,-7.98489],[111.65358,-7.98474],[111.65351,-7.98448],[111.65345,-7.984],[111.65351,-7.98448]]],[[[111.65357,-7.98278],[111.65339,-7.98334],[111.65361,-7.98263],[111.65357,-7.98278]]],[[[111.65369,-7.98166],[111.65374,-7.98202],[111.65369,-7.98166],[111.65369,-7.98162],[111.65372,-7.98154],[111.65388,-7.9814],[111.65429,-7.98109],[111.65433,-7.98107],[111.65372,-7.98154],[111.65369,-7.98166]]],[[[111.65499,-7.98059],[111.65483,-7.9807],[111.65499,-7.98059],[111.6551,-7.98043],[111.65527,-7.98003],[111.65535,-7.97969],[111.65527,-7.98003],[111.65523,-7.98013],[111.6551,-7.98043],[111.65499,-7.98059]]],[[[111.65534,-7.97932],[111.65535,-7.97958],[111.65532,-7.97906],[111.65534,-7.97932]]],[[[111.6555,-7.97812],[111.6555,-7.97814],[111.65556,-7.97801],[111.6555,-7.97812]]],[[[111.65582,-7.97707],[111.65567,-7.97768],[111.65569,-7.97753],[111.65574,-7.97731],[111.6558,-7.97712],[111.65582,-7.97707]]],[[[111.65626,-7.97593],[111.65614,-7.97619],[111.65626,-7.97593],[111.65637,-7.97583],[111.65626,-7.97593]]],[[[111.65659,-7.97572],[111.65654,-7.97574],[111.65661,-7.97571],[111.65659,-7.97572]]],[[[111.6568,-7.97565],[111.6568,-7.97565],[111.65682,-7.97564],[111.6568,-7.97565]]],[[[111.65732,-7.97556],[111.65731,-7.97556],[111.65732,-7.97556],[111.65732,-7.97556]]],[[[111.65741,-7.97553],[111.65734,-7.97555],[111.65748,-7.9755],[111.65741,-7.97553]]],[[[111.66083,-7.97553],[111.66032,-7.97546],[111.66007,-7.97543],[111.66032,-7.97546],[111.66083,-7.97553]]],[[[111.65788,-7.97537],[111.65784,-7.97537],[111.65784,-7.97537],[111.65788,-7.97537]]],[[[111.65935,-7.97559],[111.65925,-7.97551],[111.65916,-7.97542],[111.65906,-7.97536],[111.65935,-7.97559]]],[[[111.65842,-7.97532],[111.65895,-7.97535],[111.65842,-7.97532],[111.65842,-7.97532]]],[[[111.661,-7.97545],[111.66091,-7.97549],[111.661,-7.97545],[111.66109,-7.97533],[111.66119,-7.97505],[111.66109,-7.97533],[111.661,-7.97545]]],[[[111.6615,-7.97491],[111.66119,-7.97504],[111.6615,-7.97491],[111.66155,-7.97486],[111.6615,-7.97491]]],[[[111.66161,-7.97471],[111.66164,-7.97459],[111.66174,-7.97452],[111.66209,-7.9743],[111.66216,-7.97423],[111.66209,-7.9743],[111.66164,-7.97459],[111.66161,-7.97471]]],[[[111.66225,-7.97403],[111.66225,-7.97403],[111.66225,-7.97403],[111.66225,-7.97403]]],[[[111.66192,-7.97383],[111.66198,-7.97386],[111.66187,-7.97377],[111.66192,-7.97383]]],[[[111.66172,-7.97189],[111.66172,-7.9719],[111.66172,-7.97189],[111.66168,-7.9717],[111.66167,-7.97157],[111.66172,-7.97189]]],[[[111.64131,-7.96081],[111.64142,-7.96081],[111.64148,-7.96077],[111.64162,-7.96054],[111.64169,-7.96052],[111.64182,-7.96057],[111.64202,-7.96077],[111.64248,-7.96101],[111.6426,-7.961],[111.64275,-7.96086],[111.64282,-7.96085],[111.64295,-7.96093],[111.64308,-7.96091],[111.64314,-7.96087],[111.64321,-7.96071],[111.64321,-7.96017],[111.64328,-7.96011],[111.64348,-7.96014],[111.64405,-7.96043],[111.64422,-7.96046],[111.64434,-7.96042],[111.64441,-7.96026],[111.64448,-7.96023],[111.64459,-7.96026],[111.64831,-7.96014],[111.64837,-7.96037],[111.64878,-7.96081],[111.64977,-7.96131],[111.64986,-7.96141],[111.64986,-7.9615],[111.65026,-7.96185],[111.65076,-7.96194],[111.65099,-7.96202],[111.6514,-7.96229],[111.65149,-7.9624],[111.65175,-7.96315],[111.65216,-7.9637],[111.65237,-7.96389],[111.65285,-7.96397],[111.65302,-7.96405],[111.65319,-7.96427],[111.65317,-7.96437],[111.65367,-7.96454],[111.65436,-7.96505],[111.65487,-7.96526],[111.65582,-7.96572],[111.65692,-7.96611],[111.65777,-7.96667],[111.65849,-7.96735],[111.65902,-7.96777],[111.66052,-7.96757],[111.66187,-7.96716],[111.66262,-7.96713],[111.66343,-7.96758],[111.66349,-7.96774],[111.6635,-7.96813],[111.66333,-7.96884],[111.66299,-7.96982],[111.6626,-7.97052],[111.66251,-7.97061],[111.6624,-7.97089],[111.66223,-7.97107],[111.66171,-7.97122],[111.66163,-7.97129],[111.66157,-7.97128],[111.66132,-7.97118],[111.66117,-7.9703],[111.66095,-7.96948],[111.6608,-7.96923],[111.66064,-7.96906],[111.66013,-7.96892],[111.65993,-7.96862],[111.65871,-7.9682],[111.65784,-7.96793],[111.65701,-7.96772],[111.65614,-7.96735],[111.65527,-7.96704],[111.65366,-7.96655],[111.65298,-7.96639],[111.65201,-7.9665],[111.6513,-7.96698],[111.65073,-7.96718],[111.65009,-7.96723],[111.64988,-7.96734],[111.64948,-7.96747],[111.64932,-7.96748],[111.64922,-7.96754],[111.64886,-7.96792],[111.64867,-7.96831],[111.6486,-7.96837],[111.64777,-7.96841],[111.64745,-7.96864],[111.64713,-7.9686],[111.64657,-7.96846],[111.64545,-7.96843],[111.64528,-7.96837],[111.64497,-7.96817],[111.64484,-7.96816],[111.64465,-7.96821],[111.64442,-7.96822],[111.6441,-7.96812],[111.64322,-7.96766],[111.64256,-7.9676],[111.64196,-7.96744],[111.64158,-7.9672],[111.64093,-7.96705],[111.63968,-7.96657],[111.63908,-7.96642],[111.63836,-7.96611],[111.63696,-7.96537],[111.6368,-7.96481],[111.63672,-7.96421],[111.63678,-7.96371],[111.63702,-7.96268],[111.63723,-7.9621],[111.63772,-7.96082],[111.63927,-7.95911],[111.63932,-7.95916],[111.63935,-7.9593],[111.63951,-7.95944],[111.63951,-7.95967],[111.63956,-7.95975],[111.63966,-7.9598],[111.64007,-7.95987],[111.64035,-7.96009],[111.64072,-7.96018],[111.64094,-7.96026],[111.64123,-7.96073],[111.64131,-7.96081]]]]}},{"type":"Feature","properties":{"ptnsbjname":"Kd, Uk, Kt","namobj":"Tegalan/Ladang","_cls":"Tegalan/Ladang"},"geometry":{"type":"Polygon","coordinates":[[[111.53716,-7.99502],[111.53684,-7.99554],[111.53691,-7.99576],[111.53689,-7.99634],[111.53678,-7.99687],[111.53679,-7.9971],[111.53684,-7.99741],[111.5368,-7.99754],[111.53668,-7.99771],[111.53686,-7.99845],[111.5367,-7.99875],[111.53678,-7.99903],[111.53685,-7.99914],[111.53506,-7.9991],[111.53509,-7.99924],[111.53495,-7.99972],[111.53482,-7.99991],[111.53471,-8.0002],[111.53422,-8.00083],[111.5341,-8.00025],[111.53381,-7.99967],[111.5341,-7.99892],[111.53405,-7.99882],[111.53386,-7.99866],[111.53355,-7.99851],[111.53342,-7.99841],[111.53327,-7.9974],[111.53366,-7.99723],[111.53362,-7.99703],[111.53366,-7.99687],[111.53366,-7.99671],[111.53353,-7.99619],[111.53372,-7.99608],[111.53375,-7.99598],[111.53354,-7.99588],[111.53346,-7.99578],[111.53366,-7.99552],[111.5336,-7.99537],[111.5334,-7.99519],[111.53333,-7.99506],[111.53319,-7.99495],[111.53311,-7.99493],[111.53308,-7.99457],[111.53312,-7.99452],[111.53345,-7.99457],[111.5342,-7.99459],[111.53442,-7.99463],[111.53454,-7.99482],[111.5351,-7.99493],[111.5353,-7.99494],[111.5353,-7.99476],[111.53716,-7.99502]]]}},{"type":"Feature","properties":{"ptnsbjname":"Kd, Uk, Kt","namobj":"Tegalan/Ladang","_cls":"Tegalan/Ladang"},"geometry":{"type":"Polygon","coordinates":[[[111.56935,-8.00579],[111.56925,-8.00613],[111.569,-8.00605],[111.56847,-8.00673],[111.56858,-8.00694],[111.56884,-8.00674],[111.56892,-8.00682],[111.56881,-8.00712],[111.56861,-8.00745],[111.56868,-8.00778],[111.56859,-8.00825],[111.56779,-8.00821],[111.56803,-8.00777],[111.56862,-8.0072],[111.56848,-8.00701],[111.56714,-8.00801],[111.56747,-8.00888],[111.56761,-8.00938],[111.56713,-8.00985],[111.56679,-8.01012],[111.56609,-8.01054],[111.56532,-8.01112],[111.56541,-8.01136],[111.56495,-8.01134],[111.56387,-8.0111],[111.56407,-8.01048],[111.56349,-8.0102],[111.56302,-8.01081],[111.56299,-8.01076],[111.56295,-8.01091],[111.56284,-8.01075],[111.56263,-8.01025],[111.56253,-8.0099],[111.56218,-8.00984],[111.56193,-8.01003],[111.56164,-8.01019],[111.56083,-8.01036],[111.56137,-8.01072],[111.56158,-8.01102],[111.56209,-8.01156],[111.56262,-8.01133],[111.56305,-8.01164],[111.56345,-8.01151],[111.56391,-8.01197],[111.5641,-8.01232],[111.5642,-8.01268],[111.56413,-8.0133],[111.5638,-8.01329],[111.56336,-8.01319],[111.56307,-8.01305],[111.56291,-8.01304],[111.56252,-8.01307],[111.56205,-8.01324],[111.56129,-8.01319],[111.56067,-8.01322],[111.56038,-8.01311],[111.56008,-8.01289],[111.55982,-8.01274],[111.55903,-8.01252],[111.55851,-8.01221],[111.55818,-8.01193],[111.5581,-8.01182],[111.55809,-8.01133],[111.55803,-8.01104],[111.55787,-8.01069],[111.5573,-8.00982],[111.5573,-8.00948],[111.55738,-8.00933],[111.55851,-8.00795],[111.55853,-8.00777],[111.55843,-8.00712],[111.5584,-8.00644],[111.55844,-8.00614],[111.55853,-8.00589],[111.55895,-8.00594],[111.55959,-8.00622],[111.56069,-8.00657],[111.5621,-8.00721],[111.5623,-8.00736],[111.56281,-8.00764],[111.56339,-8.0079],[111.56406,-8.00794],[111.56466,-8.00784],[111.56625,-8.00734],[111.56728,-8.00689],[111.56755,-8.00674],[111.5679,-8.00648],[111.56794,-8.00639],[111.56763,-8.00634],[111.5672,-8.00636],[111.56621,-8.00655],[111.566,-8.00653],[111.56588,-8.00646],[111.5655,-8.006],[111.56517,-8.00547],[111.56489,-8.00454],[111.56487,-8.00417],[111.56541,-8.00436],[111.56565,-8.00441],[111.56576,-8.00438],[111.56605,-8.00423],[111.56604,-8.0046],[111.56665,-8.00461],[111.56732,-8.00458],[111.5678,-8.00467],[111.56797,-8.00466],[111.56806,-8.0047],[111.56825,-8.0049],[111.5684,-8.00514],[111.5686,-8.00531],[111.56905,-8.00564],[111.56935,-8.00579]],[[111.5615,-8.0097],[111.56086,-8.00948],[111.56038,-8.00943],[111.56053,-8.00994],[111.56132,-8.01004],[111.5615,-8.0097]],[[111.56006,-8.00973],[111.55995,-8.00943],[111.55909,-8.00965],[111.55903,-8.0101],[111.56006,-8.00973]]]}},{"type":"Feature","properties":{"ptnsbjname":"Kd, Uk, Kt","namobj":"Tegalan/Ladang","_cls":"Tegalan/Ladang"},"geometry":{"type":"Polygon","coordinates":[[[111.55728,-8.00633],[111.55719,-8.00656],[111.55735,-8.0072],[111.55737,-8.00736],[111.55733,-8.00751],[111.55723,-8.00765],[111.55705,-8.00775],[111.55626,-8.00774],[111.55532,-8.00791],[111.55471,-8.00779],[111.55272,-8.00757],[111.55256,-8.0076],[111.55234,-8.00782],[111.55218,-8.00813],[111.55215,-8.00831],[111.55216,-8.00842],[111.55288,-8.00914],[111.55312,-8.00921],[111.55343,-8.00942],[111.55361,-8.00975],[111.55393,-8.01076],[111.554,-8.01112],[111.55397,-8.01141],[111.55325,-8.01307],[111.55267,-8.01411],[111.5525,-8.01436],[111.55231,-8.01454],[111.5516,-8.01505],[111.55137,-8.01528],[111.55113,-8.01574],[111.55089,-8.01591],[111.55055,-8.01608],[111.55027,-8.01609],[111.54966,-8.01621],[111.54981,-8.01702],[111.54952,-8.01713],[111.54845,-8.01706],[111.54759,-8.01715],[111.54754,-8.01708],[111.54749,-8.01688],[111.54755,-8.01638],[111.54747,-8.01607],[111.54747,-8.0159],[111.54774,-8.01546],[111.54708,-8.01499],[111.54691,-8.01482],[111.5467,-8.01448],[111.54665,-8.01421],[111.54671,-8.01403],[111.54703,-8.01362],[111.5472,-8.0135],[111.54751,-8.01347],[111.54782,-8.01294],[111.54791,-8.01259],[111.54794,-8.0123],[111.54789,-8.0119],[111.54781,-8.0116],[111.54754,-8.01121],[111.54735,-8.01101],[111.54736,-8.01051],[111.54747,-8.01014],[111.54758,-8.01003],[111.54817,-8.00986],[111.54851,-8.00973],[111.54868,-8.00963],[111.54887,-8.0092],[111.54967,-8.00924],[111.54993,-8.00921],[111.55047,-8.00887],[111.55083,-8.00872],[111.55114,-8.00854],[111.55134,-8.00861],[111.55156,-8.00856],[111.55157,-8.00795],[111.55126,-8.00794],[111.5513,-8.00784],[111.55149,-8.00766],[111.5517,-8.00752],[111.55195,-8.00745],[111.55164,-8.00719],[111.55165,-8.00711],[111.55232,-8.00627],[111.55251,-8.00612],[111.55308,-8.00606],[111.55351,-8.00587],[111.55382,-8.00578],[111.55394,-8.00603],[111.55411,-8.00623],[111.55454,-8.0066],[111.55465,-8.00675],[111.55462,-8.00687],[111.5554,-8.00695],[111.55593,-8.0069],[111.55626,-8.00664],[111.55646,-8.00655],[111.55677,-8.00649],[111.55692,-8.00641],[111.55728,-8.00633]],[[111.55316,-8.01069],[111.55211,-8.01021],[111.55176,-8.01074],[111.55174,-8.01103],[111.55238,-8.01121],[111.55252,-8.01088],[111.55307,-8.01096],[111.55316,-8.01069]],[[111.54967,-8.01373],[111.54969,-8.01347],[111.54959,-8.0125],[111.54917,-8.01235],[111.54878,-8.01243],[111.54841,-8.01269],[111.54826,-8.01307],[111.54824,-8.01335],[111.54871,-8.01382],[111.54942,-8.0141],[111.54967,-8.01373]]]}},{"type":"Feature","properties":{"ptnsbjname":"Kl, Bam, Rbt","namobj":"Kebun Campuran","_cls":"Kebun Campuran"},"geometry":{"type":"Polygon","coordinates":[[[111.63298,-8.00405],[111.63192,-8.00382],[111.63196,-8.00364],[111.63206,-8.00345],[111.63202,-8.00326],[111.63186,-8.00299],[111.63204,-8.00247],[111.63201,-8.00236],[111.63189,-8.00229],[111.63166,-8.00205],[111.63157,-8.00184],[111.63144,-8.00133],[111.63063,-8.00094],[111.62998,-8.00049],[111.63037,-7.99983],[111.63064,-7.99982],[111.63068,-8.00012],[111.63108,-8.00002],[111.63129,-7.99992],[111.63148,-7.99995],[111.63175,-8.00004],[111.63201,-8.00018],[111.63256,-8.00082],[111.63277,-8.0009],[111.63296,-8.00089],[111.63294,-8.00071],[111.63324,-8.00152],[111.63322,-8.00164],[111.63359,-8.00174],[111.63386,-8.00176],[111.63451,-8.00156],[111.63519,-8.00122],[111.63545,-8.00083],[111.63553,-8.00062],[111.63563,-8.00069],[111.6357,-8.00086],[111.6357,-8.00105],[111.63557,-8.00127],[111.63526,-8.00156],[111.63399,-8.0024],[111.63375,-8.00259],[111.6334,-8.003],[111.63333,-8.0032],[111.63331,-8.00347],[111.63323,-8.0037],[111.63317,-8.00382],[111.63298,-8.00405]]]}},{"type":"Feature","properties":{"ptnsbjname":"Kl, Bam, Rbt","namobj":"Kebun Campuran","_cls":"Kebun Campuran"},"geometry":{"type":"Polygon","coordinates":[[[111.65539,-8.01189],[111.65532,-8.01204],[111.65497,-8.01353],[111.65496,-8.01426],[111.65505,-8.01507],[111.655,-8.01551],[111.65489,-8.01549],[111.65466,-8.01594],[111.65473,-8.01598],[111.65452,-8.01637],[111.65384,-8.01705],[111.65373,-8.01726],[111.65372,-8.01744],[111.65379,-8.0182],[111.65356,-8.01857],[111.65331,-8.01885],[111.65332,-8.01898],[111.65352,-8.01936],[111.65325,-8.01959],[111.65315,-8.01958],[111.65323,-8.01928],[111.65298,-8.0188],[111.65297,-8.01867],[111.65321,-8.01839],[111.65343,-8.01801],[111.65336,-8.01706],[111.65347,-8.01685],[111.65414,-8.01617],[111.65461,-8.0153],[111.65466,-8.01485],[111.65456,-8.01404],[111.65456,-8.0133],[111.6549,-8.01181],[111.65525,-8.01183],[111.65539,-8.01189]]]}},{"type":"Feature","properties":{"ptnsbjname":"Ps, Jg, Kt","namobj":"Tegalan/Ladang","_cls":"Tegalan/Ladang"},"geometry":{"type":"Polygon","coordinates":[[[111.65377,-7.98654],[111.65407,-7.98675],[111.65443,-7.98727],[111.65503,-7.98801],[111.65496,-7.98807],[111.65531,-7.98841],[111.65556,-7.98889],[111.65569,-7.98933],[111.65571,-7.98953],[111.65565,-7.98979],[111.65555,-7.98995],[111.65541,-7.98991],[111.65506,-7.99008],[111.6543,-7.99055],[111.65394,-7.9907],[111.65387,-7.99043],[111.6539,-7.99005],[111.65396,-7.98986],[111.65426,-7.98941],[111.65416,-7.98909],[111.65405,-7.98903],[111.65383,-7.989],[111.65359,-7.98893],[111.65337,-7.98864],[111.65309,-7.98844],[111.65156,-7.98783],[111.6503,-7.98752],[111.6495,-7.98762],[111.64862,-7.98756],[111.64782,-7.98747],[111.64765,-7.98731],[111.6477,-7.98716],[111.64814,-7.98673],[111.64872,-7.98691],[111.64907,-7.98688],[111.65016,-7.98694],[111.65087,-7.98691],[111.65103,-7.98686],[111.65135,-7.98662],[111.65161,-7.98663],[111.65181,-7.98659],[111.65274,-7.98628],[111.65297,-7.98602],[111.65313,-7.98616],[111.65338,-7.98633],[111.65358,-7.98663],[111.65377,-7.98654]]]}},{"type":"Feature","properties":{"ptnsbjname":"Kl, Bam, Rbt","namobj":"Kebun Campuran","_cls":"Kebun Campuran"},"geometry":{"type":"MultiPolygon","coordinates":[[[[111.64875,-8.0137],[111.64892,-8.01379],[111.64919,-8.01375],[111.65092,-8.0132],[111.65169,-8.01306],[111.6518,-8.0131],[111.65191,-8.01328],[111.65199,-8.01384],[111.65197,-8.01469],[111.65184,-8.01596],[111.65171,-8.01641],[111.65151,-8.01672],[111.65018,-8.01789],[111.64997,-8.01797],[111.64923,-8.01802],[111.64875,-8.01787],[111.64793,-8.01716],[111.64753,-8.01687],[111.64731,-8.01675],[111.6471,-8.01672],[111.64695,-8.01605],[111.64686,-8.01546],[111.64686,-8.01488],[111.64722,-8.01295],[111.64725,-8.01255],[111.64738,-8.01237],[111.64739,-8.01246],[111.64753,-8.01267],[111.64775,-8.01288],[111.64801,-8.01306],[111.64829,-8.01336],[111.64875,-8.0137]]],[[[111.64328,-7.99348],[111.6438,-7.99401],[111.64307,-7.9937],[111.64318,-7.99405],[111.64275,-7.99417],[111.64287,-7.99465],[111.64306,-7.99465],[111.64309,-7.99485],[111.64359,-7.99584],[111.64367,-7.99545],[111.64395,-7.99551],[111.64425,-7.99574],[111.64452,-7.99623],[111.64412,-7.99644],[111.64475,-7.99735],[111.64439,-7.99748],[111.64455,-7.99781],[111.64509,-7.99771],[111.64502,-7.99739],[111.64528,-7.99729],[111.64501,-7.99685],[111.64519,-7.99675],[111.64491,-7.99631],[111.64513,-7.99622],[111.64544,-7.99662],[111.64555,-7.9967],[111.64583,-7.99684],[111.64602,-7.99687],[111.64623,-7.99684],[111.6466,-7.99666],[111.64726,-7.99621],[111.64789,-7.99574],[111.64808,-7.99563],[111.64838,-7.9956],[111.64878,-7.99563],[111.64915,-7.99573],[111.6498,-7.99609],[111.64975,-7.99596],[111.6498,-7.99577],[111.64991,-7.99564],[111.6503,-7.99541],[111.65054,-7.99558],[111.65063,-7.99586],[111.65084,-7.99609],[111.65104,-7.99622],[111.65156,-7.99634],[111.65153,-7.99689],[111.65135,-7.99727],[111.65226,-7.99754],[111.65279,-7.99782],[111.65318,-7.99816],[111.65334,-7.99821],[111.65361,-7.99817],[111.6537,-7.99823],[111.65422,-7.99826],[111.6544,-7.99803],[111.65431,-7.99851],[111.65379,-7.99876],[111.65362,-7.99896],[111.65347,-7.99933],[111.65322,-8.00047],[111.6531,-8.00077],[111.65299,-8.00094],[111.65292,-8.00069],[111.65267,-8.00047],[111.65249,-8.00026],[111.65236,-7.99993],[111.65236,-7.99933],[111.65245,-7.99861],[111.65239,-7.99821],[111.65173,-7.99818],[111.65133,-7.99824],[111.65097,-7.99838],[111.65082,-7.99851],[111.65001,-7.99979],[111.6499,-8.00006],[111.64985,-8.0006],[111.64961,-8.001],[111.64954,-8.00118],[111.64957,-8.0013],[111.64995,-8.00168],[111.65021,-8.00186],[111.65105,-8.00227],[111.65123,-8.00242],[111.65145,-8.00271],[111.65157,-8.0028],[111.65196,-8.00275],[111.65218,-8.00268],[111.65214,-8.0028],[111.65215,-8.003],[111.65246,-8.00392],[111.6526,-8.00418],[111.65264,-8.00438],[111.6526,-8.00449],[111.65245,-8.00456],[111.65227,-8.00455],[111.65202,-8.0045],[111.6517,-8.00439],[111.65139,-8.00441],[111.65123,-8.0045],[111.65094,-8.00399],[111.65081,-8.0039],[111.65026,-8.00372],[111.65009,-8.00364],[111.64977,-8.00356],[111.6498,-8.00365],[111.64972,-8.00388],[111.64963,-8.00401],[111.64946,-8.00409],[111.64874,-8.00422],[111.64813,-8.00467],[111.64787,-8.00502],[111.64771,-8.00378],[111.64684,-8.00343],[111.64619,-8.00329],[111.64544,-8.00319],[111.64521,-8.00375],[111.64487,-8.00433],[111.64455,-8.00468],[111.64429,-8.00485],[111.64372,-8.00504],[111.64333,-8.00514],[111.64339,-8.00498],[111.64342,-8.00472],[111.64381,-8.00458],[111.64406,-8.00442],[111.64449,-8.00391],[111.64473,-8.00343],[111.64388,-8.00293],[111.64384,-8.00188],[111.64343,-8.00181],[111.64322,-8.00151],[111.64317,-8.00105],[111.64312,-8.00098],[111.64341,-8.00093],[111.6433,-7.99993],[111.64303,-7.99849],[111.64279,-7.99806],[111.64252,-7.99825],[111.64217,-7.99842],[111.64177,-7.99854],[111.64119,-7.99861],[111.64094,-7.99858],[111.64004,-7.99812],[111.6399,-7.99793],[111.63974,-7.99751],[111.63957,-7.99672],[111.63941,-7.9957],[111.63933,-7.99548],[111.63958,-7.99552],[111.64003,-7.99564],[111.64017,-7.99561],[111.64055,-7.99521],[111.64113,-7.99451],[111.64155,-7.99423],[111.64173,-7.99415],[111.64193,-7.99417],[111.64206,-7.99425],[111.64222,-7.9941],[111.64235,-7.99389],[111.64237,-7.99372],[111.64223,-7.99321],[111.64181,-7.99238],[111.64178,-7.99216],[111.64188,-7.99131],[111.64255,-7.99124],[111.64274,-7.99127],[111.64288,-7.99141],[111.64295,-7.99179],[111.64293,-7.99278],[111.64296,-7.99308],[111.64328,-7.99348]]]]}},{"type":"Feature","properties":{"ptnsbjname":"Ps, Jg, Kt","namobj":"Tegalan/Ladang","_cls":"Tegalan/Ladang"},"geometry":{"type":"Polygon","coordinates":[[[111.66121,-7.97058],[111.66132,-7.97118],[111.66163,-7.97129],[111.66172,-7.97189],[111.66154,-7.97224],[111.66151,-7.97323],[111.66158,-7.97344],[111.66192,-7.97383],[111.66225,-7.97403],[111.66223,-7.97414],[111.66209,-7.9743],[111.66164,-7.97459],[111.66161,-7.97479],[111.6615,-7.97491],[111.66119,-7.97504],[111.66109,-7.97533],[111.661,-7.97545],[111.66083,-7.97553],[111.66007,-7.97543],[111.65961,-7.97555],[111.65935,-7.97559],[111.65907,-7.97536],[111.65828,-7.97533],[111.65831,-7.97513],[111.65836,-7.97508],[111.65918,-7.97446],[111.65933,-7.97424],[111.65936,-7.97373],[111.65941,-7.97358],[111.65953,-7.97343],[111.6601,-7.97315],[111.66017,-7.97309],[111.66016,-7.97289],[111.66038,-7.97285],[111.66031,-7.9714],[111.66008,-7.97143],[111.65996,-7.97165],[111.65942,-7.97172],[111.65911,-7.97123],[111.65882,-7.97145],[111.65867,-7.97133],[111.6582,-7.97113],[111.65856,-7.97086],[111.65864,-7.97077],[111.65868,-7.97064],[111.65838,-7.96964],[111.65844,-7.96952],[111.65893,-7.97],[111.65953,-7.97094],[111.6598,-7.97114],[111.66018,-7.9713],[111.66046,-7.97146],[111.6607,-7.9717],[111.66087,-7.97136],[111.66078,-7.97075],[111.66086,-7.97069],[111.66121,-7.97058]]]}},{"type":"Feature","properties":{"ptnsbjname":"Ps, Jg, Kt","namobj":"Tegalan/Ladang","_cls":"Tegalan/Ladang"},"geometry":{"type":"Polygon","coordinates":[[[111.65488,-7.97734],[111.65459,-7.97803],[111.65405,-7.97729],[111.65339,-7.97557],[111.65338,-7.97546],[111.65342,-7.97536],[111.65354,-7.97527],[111.65375,-7.97524],[111.65428,-7.97542],[111.65424,-7.97569],[111.65426,-7.97624],[111.65429,-7.97634],[111.65474,-7.97704],[111.65492,-7.97706],[111.65488,-7.97734]]]}},{"type":"Feature","properties":{"ptnsbjname":"Ps, Jg, Kt","namobj":"Tegalan/Ladang","_cls":"Tegalan/Ladang"},"geometry":{"type":"Polygon","coordinates":[[[111.63192,-8.00382],[111.63068,-8.00362],[111.63038,-8.00362],[111.63043,-8.00355],[111.63107,-8.00321],[111.63087,-8.00316],[111.63076,-8.00305],[111.63073,-8.00288],[111.6307,-8.00242],[111.63074,-8.0018],[111.6306,-8.0017],[111.63109,-8.00176],[111.63146,-8.00137],[111.63157,-8.00184],[111.63166,-8.00205],[111.63189,-8.00229],[111.63201,-8.00236],[111.63204,-8.00247],[111.63186,-8.00299],[111.63202,-8.00326],[111.63206,-8.00345],[111.63196,-8.00364],[111.63192,-8.00382]]]}},{"type":"Feature","properties":{"ptnsbjname":"-","namobj":"Kampung Jarang Tidak Teratur","_cls":"Kampung Jarang Tidak Teratur"},"geometry":{"type":"Polygon","coordinates":[[[111.65037,-8.02026],[111.64995,-8.02042],[111.64947,-8.01834],[111.6518,-8.01755],[111.65293,-8.01584],[111.65325,-8.01591],[111.6532,-8.01609],[111.65306,-8.01754],[111.65245,-8.01839],[111.65242,-8.01907],[111.65234,-8.01915],[111.65095,-8.01949],[111.65081,-8.0196],[111.65054,-8.02009],[111.65037,-8.02026]]]}},{"type":"Feature","properties":{"ptnsbjname":"-","namobj":"Kampung Jarang Tidak Teratur","_cls":"Kampung Jarang Tidak Teratur"},"geometry":{"type":"Polygon","coordinates":[[[111.65499,-8.01552],[111.65473,-8.01598],[111.65466,-8.01594],[111.65489,-8.01549],[111.65499,-8.01552]]]}},{"type":"Feature","properties":{"ptnsbjname":"-","namobj":"Kampung Jarang Tidak Teratur","_cls":"Kampung Jarang Tidak Teratur"},"geometry":{"type":"Polygon","coordinates":[[[111.65399,-8.01272],[111.65401,-8.0134],[111.65381,-8.0148],[111.65242,-8.01391],[111.6525,-8.01335],[111.6532,-8.01344],[111.65307,-8.01266],[111.65354,-8.01261],[111.65399,-8.01272]]]}},{"type":"Feature","properties":{"ptnsbjname":"Kd, Jg, Ps","namobj":"Tegalan/Ladang","_cls":"Tegalan/Ladang"},"geometry":{"type":"MultiPolygon","coordinates":[[[[111.54475,-7.96287],[111.54481,-7.96312],[111.54467,-7.96282],[111.54455,-7.9627],[111.54461,-7.96268],[111.54475,-7.96287]]],[[[111.54502,-7.96193],[111.54512,-7.96227],[111.54504,-7.96226],[111.54501,-7.96219],[111.54499,-7.96209],[111.54502,-7.96193]]],[[[111.54565,-7.96128],[111.54593,-7.96135],[111.54654,-7.9615],[111.54571,-7.96133],[111.54539,-7.96135],[111.54529,-7.96141],[111.54538,-7.9613],[111.54565,-7.96128]]],[[[111.54541,-7.96008],[111.54543,-7.9602],[111.54523,-7.96018],[111.54523,-7.96004],[111.54535,-7.96001],[111.54541,-7.96008]]],[[[111.54442,-7.95961],[111.54445,-7.96019],[111.54429,-7.96044],[111.54413,-7.96055],[111.54377,-7.96069],[111.54246,-7.96066],[111.54246,-7.9606],[111.54192,-7.96059],[111.54185,-7.96054],[111.54165,-7.96053],[111.5412,-7.96044],[111.5409,-7.96045],[111.54087,-7.95988],[111.54083,-7.95986],[111.54007,-7.95998],[111.53999,-7.95983],[111.53999,-7.95971],[111.53958,-7.95985],[111.53952,-7.95978],[111.53935,-7.95974],[111.53916,-7.95959],[111.53899,-7.95959],[111.53893,-7.95956],[111.53881,-7.95937],[111.53868,-7.9589],[111.53868,-7.95887],[111.53887,-7.95876],[111.53871,-7.95839],[111.5385,-7.95803],[111.53811,-7.95746],[111.53818,-7.95742],[111.53833,-7.95727],[111.53848,-7.95698],[111.5387,-7.9563],[111.53889,-7.95614],[111.53899,-7.95598],[111.53886,-7.95501],[111.53908,-7.95486],[111.53963,-7.95474],[111.53977,-7.95465],[111.54034,-7.95405],[111.54057,-7.9539],[111.54137,-7.95322],[111.54213,-7.95317],[111.54218,-7.95319],[111.54248,-7.95386],[111.54265,-7.95463],[111.54261,-7.95653],[111.5429,-7.95769],[111.54287,-7.9581],[111.54291,-7.95825],[111.54307,-7.9584],[111.54363,-7.95871],[111.54434,-7.95901],[111.54442,-7.95961]]],[[[111.58275,-7.93615],[111.58305,-7.9362],[111.58309,-7.93618],[111.58338,-7.93639],[111.58393,-7.93655],[111.58471,-7.93661],[111.58503,-7.9367],[111.58512,-7.93683],[111.58517,-7.93698],[111.58527,-7.93706],[111.5855,-7.93721],[111.58588,-7.93734],[111.58654,-7.93695],[111.58671,-7.93678],[111.58723,-7.93734],[111.58708,-7.93778],[111.58667,-7.93857],[111.58673,-7.93926],[111.5875,-7.94051],[111.58762,-7.94077],[111.58819,-7.94131],[111.58852,-7.94193],[111.58852,-7.94214],[111.5884,-7.9428],[111.58822,-7.94309],[111.58819,-7.94378],[111.58932,-7.94529],[111.59006,-7.94613],[111.59021,-7.94651],[111.59,-7.94684],[111.58819,-7.94729],[111.58718,-7.94726],[111.58703,-7.94678],[111.5873,-7.94622],[111.58685,-7.94565],[111.58634,-7.94562],[111.58539,-7.94571],[111.58462,-7.94571],[111.58361,-7.94538],[111.58343,-7.94506],[111.58382,-7.94446],[111.58382,-7.94372],[111.58194,-7.94205],[111.58102,-7.94158],[111.58016,-7.94131],[111.57947,-7.9408],[111.57885,-7.94083],[111.57811,-7.94161],[111.57796,-7.94193],[111.5776,-7.94235],[111.57718,-7.94256],[111.57671,-7.94262],[111.57543,-7.94256],[111.57486,-7.94223],[111.57403,-7.94199],[111.57358,-7.94208],[111.57263,-7.94297],[111.57213,-7.94315],[111.57168,-7.94339],[111.571,-7.9441],[111.571,-7.94449],[111.57082,-7.9447],[111.57022,-7.94497],[111.5699,-7.9452],[111.56963,-7.94547],[111.5693,-7.94595],[111.5688,-7.94631],[111.56764,-7.94657],[111.56743,-7.94714],[111.56624,-7.94758],[111.56561,-7.94776],[111.56517,-7.94824],[111.56481,-7.94904],[111.5646,-7.94964],[111.56439,-7.95038],[111.56433,-7.95092],[111.56439,-7.95225],[111.56383,-7.95267],[111.56268,-7.9532],[111.56283,-7.95345],[111.56324,-7.95432],[111.56361,-7.95534],[111.56505,-7.95376],[111.56523,-7.95361],[111.56643,-7.95336],[111.5666,-7.95326],[111.56671,-7.95312],[111.56717,-7.952],[111.56752,-7.95147],[111.56864,-7.95016],[111.56938,-7.9495],[111.57066,-7.9485],[111.57122,-7.94818],[111.57131,-7.94807],[111.57139,-7.94769],[111.57135,-7.9471],[111.57141,-7.9458],[111.57159,-7.94581],[111.57191,-7.94589],[111.57272,-7.94621],[111.57303,-7.94645],[111.57339,-7.94694],[111.57369,-7.94773],[111.57381,-7.94829],[111.57393,-7.95023],[111.57397,-7.95028],[111.57388,-7.95059],[111.5737,-7.95326],[111.57374,-7.9562],[111.57366,-7.95678],[111.57336,-7.95823],[111.57337,-7.95848],[111.5735,-7.9589],[111.57399,-7.96001],[111.57381,-7.96067],[111.57349,-7.96148],[111.57325,-7.96236],[111.57314,-7.96289],[111.57281,-7.96293],[111.57262,-7.96299],[111.57251,-7.96305],[111.57252,-7.96312],[111.5716,-7.96318],[111.57062,-7.9631],[111.57041,-7.96311],[111.57028,-7.96316],[111.5701,-7.96343],[111.5695,-7.96361],[111.56905,-7.96392],[111.56892,-7.96414],[111.56875,-7.96487],[111.56872,-7.96533],[111.56837,-7.96535],[111.56816,-7.96542],[111.56803,-7.96543],[111.56786,-7.96519],[111.56775,-7.9651],[111.56753,-7.96502],[111.56713,-7.96519],[111.56692,-7.96509],[111.56679,-7.96494],[111.56681,-7.96485],[111.56709,-7.96482],[111.5674,-7.9647],[111.56751,-7.96462],[111.56757,-7.96449],[111.56758,-7.96433],[111.56738,-7.96423],[111.56724,-7.96424],[111.5671,-7.96431],[111.56681,-7.96439],[111.56666,-7.96434],[111.56624,-7.9643],[111.56609,-7.96432],[111.56591,-7.96437],[111.56563,-7.96451],[111.565,-7.96452],[111.5646,-7.96466],[111.5645,-7.96475],[111.56459,-7.96488],[111.56484,-7.96512],[111.565,-7.96493],[111.56519,-7.96498],[111.5652,-7.96508],[111.56531,-7.96521],[111.56559,-7.96525],[111.56567,-7.96512],[111.5658,-7.96512],[111.56593,-7.96519],[111.56606,-7.96537],[111.56634,-7.96538],[111.56641,-7.96546],[111.56646,-7.96573],[111.56663,-7.96594],[111.56738,-7.96596],[111.56745,-7.96617],[111.56761,-7.9664],[111.56748,-7.9667],[111.56759,-7.96682],[111.56779,-7.96695],[111.56796,-7.96693],[111.56812,-7.96701],[111.56734,-7.96708],[111.56679,-7.96701],[111.56641,-7.9669],[111.56605,-7.96669],[111.56563,-7.9663],[111.56548,-7.96621],[111.5653,-7.9662],[111.56508,-7.96625],[111.5649,-7.96636],[111.56431,-7.96682],[111.56418,-7.96672],[111.56391,-7.96624],[111.56374,-7.966],[111.56352,-7.96579],[111.56329,-7.96565],[111.5619,-7.96578],[111.56144,-7.96575],[111.56101,-7.96585],[111.56078,-7.96606],[111.56059,-7.9663],[111.56006,-7.96734],[111.55993,-7.96748],[111.55978,-7.96755],[111.55962,-7.96756],[111.55945,-7.9675],[111.55934,-7.96743],[111.5595,-7.96742],[111.55965,-7.96734],[111.55978,-7.96721],[111.56032,-7.96619],[111.56051,-7.96595],[111.56074,-7.96574],[111.56117,-7.96565],[111.56164,-7.96568],[111.56288,-7.96556],[111.56303,-7.96556],[111.56352,-7.96528],[111.56354,-7.96522],[111.56352,-7.96514],[111.5634,-7.96501],[111.56347,-7.96488],[111.56361,-7.96495],[111.56367,-7.96482],[111.56377,-7.96469],[111.56379,-7.9642],[111.5639,-7.96385],[111.56359,-7.96373],[111.56341,-7.96408],[111.56332,-7.96418],[111.56293,-7.96405],[111.56259,-7.96435],[111.56246,-7.96438],[111.56214,-7.96427],[111.56201,-7.96427],[111.56193,-7.96432],[111.56177,-7.96431],[111.56176,-7.96419],[111.56189,-7.96416],[111.56189,-7.964],[111.56178,-7.96396],[111.56181,-7.96371],[111.56161,-7.96366],[111.56151,-7.964],[111.56146,-7.96406],[111.56116,-7.96401],[111.56112,-7.96417],[111.56111,-7.96439],[111.56136,-7.96451],[111.56127,-7.9648],[111.56109,-7.96481],[111.56079,-7.96487],[111.5607,-7.96498],[111.56065,-7.96497],[111.56071,-7.9646],[111.56061,-7.9645],[111.5606,-7.96429],[111.56074,-7.96422],[111.56086,-7.9637],[111.56093,-7.96351],[111.56096,-7.96328],[111.56092,-7.96312],[111.56065,-7.96312],[111.5606,-7.96333],[111.56046,-7.96343],[111.56045,-7.96376],[111.56035,-7.96371],[111.56014,-7.96371],[111.55993,-7.9638],[111.55993,-7.96389],[111.55982,-7.96409],[111.55966,-7.96409],[111.55963,-7.96397],[111.55933,-7.9639],[111.55925,-7.96394],[111.559,-7.96395],[111.55884,-7.96401],[111.55863,-7.96403],[111.55859,-7.96413],[111.55851,-7.96418],[111.5584,-7.96432],[111.55831,-7.96434],[111.55824,-7.96397],[111.55803,-7.96396],[111.55801,-7.96424],[111.55779,-7.96442],[111.55755,-7.96444],[111.55759,-7.96478],[111.55765,-7.96488],[111.55778,-7.96489],[111.55778,-7.965],[111.55777,-7.96512],[111.5576,-7.96517],[111.55751,-7.96523],[111.55753,-7.96541],[111.55759,-7.96551],[111.55756,-7.96567],[111.55764,-7.96561],[111.5579,-7.96555],[111.55798,-7.96556],[111.55806,-7.9657],[111.55792,-7.96573],[111.55754,-7.96599],[111.55731,-7.96601],[111.55703,-7.96594],[111.5568,-7.96584],[111.55662,-7.96569],[111.55655,-7.96556],[111.55648,-7.96525],[111.55633,-7.96412],[111.55629,-7.96409],[111.55648,-7.96411],[111.55655,-7.96419],[111.55724,-7.96414],[111.5573,-7.96407],[111.55725,-7.96393],[111.55722,-7.96368],[111.55722,-7.96356],[111.55728,-7.96339],[111.55738,-7.9633],[111.55752,-7.96327],[111.55778,-7.96308],[111.55802,-7.96297],[111.55815,-7.963],[111.55817,-7.96315],[111.55854,-7.96317],[111.55872,-7.96353],[111.55914,-7.96342],[111.55926,-7.96333],[111.55965,-7.96329],[111.55968,-7.96322],[111.55989,-7.96318],[111.56005,-7.9631],[111.55991,-7.96272],[111.55988,-7.96248],[111.55941,-7.96244],[111.5593,-7.96188],[111.55911,-7.9618],[111.55892,-7.96181],[111.55893,-7.96196],[111.55866,-7.962],[111.55859,-7.96196],[111.55857,-7.96179],[111.55819,-7.96188],[111.55816,-7.96174],[111.55801,-7.96158],[111.55807,-7.96134],[111.55828,-7.96118],[111.55824,-7.96105],[111.55786,-7.96109],[111.55783,-7.96094],[111.55762,-7.96094],[111.55758,-7.96116],[111.55749,-7.96119],[111.55742,-7.96129],[111.55764,-7.96191],[111.55709,-7.96154],[111.557,-7.96166],[111.55697,-7.96165],[111.55655,-7.9613],[111.55644,-7.96134],[111.55629,-7.96123],[111.55575,-7.96097],[111.55566,-7.96106],[111.55562,-7.96119],[111.55582,-7.96141],[111.5561,-7.96165],[111.55644,-7.96187],[111.55651,-7.96198],[111.55651,-7.96223],[111.5563,-7.96232],[111.55628,-7.96222],[111.55404,-7.96253],[111.55363,-7.9625],[111.55338,-7.96244],[111.55329,-7.96248],[111.55318,-7.96257],[111.55304,-7.96277],[111.55318,-7.96316],[111.55308,-7.96325],[111.55301,-7.96342],[111.55301,-7.96393],[111.55271,-7.96393],[111.55266,-7.96384],[111.55264,-7.96365],[111.55256,-7.96347],[111.55241,-7.96346],[111.55229,-7.96336],[111.55221,-7.96324],[111.55224,-7.96306],[111.55203,-7.96293],[111.55175,-7.96304],[111.55169,-7.9632],[111.55159,-7.96324],[111.55146,-7.96371],[111.55139,-7.96429],[111.55143,-7.9646],[111.55223,-7.96427],[111.55289,-7.96412],[111.55308,-7.9642],[111.55314,-7.96427],[111.55251,-7.96442],[111.55139,-7.9649],[111.55119,-7.9649],[111.55109,-7.96482],[111.55093,-7.96461],[111.55056,-7.96326],[111.54947,-7.96234],[111.54961,-7.96222],[111.54962,-7.96213],[111.54961,-7.96207],[111.54952,-7.96201],[111.54953,-7.9619],[111.54949,-7.96185],[111.54926,-7.96173],[111.54894,-7.96164],[111.54879,-7.96155],[111.54863,-7.96154],[111.54854,-7.96168],[111.54839,-7.9617],[111.54808,-7.96162],[111.54776,-7.96166],[111.54769,-7.96178],[111.54761,-7.96181],[111.54757,-7.96174],[111.5476,-7.96174],[111.54772,-7.96043],[111.54715,-7.96041],[111.54606,-7.96025],[111.54601,-7.96008],[111.54611,-7.95943],[111.54605,-7.95929],[111.54596,-7.95921],[111.5458,-7.9592],[111.54569,-7.95914],[111.54571,-7.95898],[111.54596,-7.95842],[111.54601,-7.95838],[111.54615,-7.95845],[111.54616,-7.95869],[111.54623,-7.95875],[111.54666,-7.95886],[111.5468,-7.95883],[111.54686,-7.95874],[111.54706,-7.95878],[111.54731,-7.95892],[111.54747,-7.95909],[111.54758,-7.95912],[111.54771,-7.95899],[111.54778,-7.95899],[111.54787,-7.95906],[111.54792,-7.95927],[111.54812,-7.95937],[111.54812,-7.95952],[111.54801,-7.95964],[111.54801,-7.95979],[111.54815,-7.95988],[111.5484,-7.95981],[111.54858,-7.95981],[111.54873,-7.95976],[111.54914,-7.95976],[111.5493,-7.95979],[111.54967,-7.96],[111.54982,-7.96],[111.55,-7.9599],[111.55011,-7.95976],[111.55022,-7.95868],[111.55029,-7.95865],[111.55028,-7.95838],[111.55038,-7.95814],[111.55037,-7.95796],[111.55018,-7.95797],[111.55007,-7.95813],[111.54985,-7.9581],[111.5498,-7.95794],[111.54967,-7.95784],[111.54964,-7.95766],[111.54925,-7.95751],[111.5492,-7.95734],[111.54888,-7.95732],[111.54878,-7.95752],[111.54852,-7.9575],[111.54858,-7.95687],[111.54854,-7.95584],[111.54856,-7.95513],[111.54901,-7.9552],[111.54999,-7.95525],[111.55078,-7.95539],[111.55124,-7.95541],[111.55152,-7.95534],[111.55176,-7.95376],[111.55178,-7.95333],[111.55122,-7.95326],[111.55019,-7.95304],[111.54971,-7.9531],[111.54969,-7.953],[111.55006,-7.95233],[111.55052,-7.95163],[111.55079,-7.95112],[111.55012,-7.95034],[111.55041,-7.94977],[111.55062,-7.94973],[111.55102,-7.94976],[111.55131,-7.94983],[111.55168,-7.95001],[111.55181,-7.95004],[111.5522,-7.95002],[111.55256,-7.94986],[111.55291,-7.94962],[111.55299,-7.94946],[111.55317,-7.94931],[111.55343,-7.94893],[111.55349,-7.94891],[111.55371,-7.94903],[111.55385,-7.94916],[111.55363,-7.94914],[111.55346,-7.94921],[111.55335,-7.94942],[111.55308,-7.94984],[111.55288,-7.95004],[111.55268,-7.95015],[111.55246,-7.95036],[111.55221,-7.95039],[111.55205,-7.95035],[111.55152,-7.95006],[111.55134,-7.95004],[111.55113,-7.95011],[111.5512,-7.95064],[111.55118,-7.95123],[111.55137,-7.95139],[111.5517,-7.9515],[111.55256,-7.95151],[111.55265,-7.95143],[111.55276,-7.95118],[111.55279,-7.95098],[111.55322,-7.95086],[111.5537,-7.95085],[111.55391,-7.95087],[111.55435,-7.95112],[111.55486,-7.9515],[111.55539,-7.95164],[111.5557,-7.95181],[111.55584,-7.95205],[111.55586,-7.95233],[111.55584,-7.95283],[111.55601,-7.95337],[111.55609,-7.95337],[111.55629,-7.95299],[111.55654,-7.95219],[111.55681,-7.95171],[111.55714,-7.95189],[111.55738,-7.95164],[111.55762,-7.95131],[111.55779,-7.95111],[111.55813,-7.95103],[111.55827,-7.95095],[111.55832,-7.95064],[111.55838,-7.95056],[111.55873,-7.95033],[111.55885,-7.95042],[111.55901,-7.95027],[111.55917,-7.95017],[111.55926,-7.95001],[111.55947,-7.94996],[111.55944,-7.95011],[111.55953,-7.95025],[111.55967,-7.9502],[111.55978,-7.94982],[111.55975,-7.94948],[111.55995,-7.94902],[111.55978,-7.9488],[111.55993,-7.94861],[111.56015,-7.94793],[111.56031,-7.9476],[111.5607,-7.94782],[111.56082,-7.94801],[111.56101,-7.94815],[111.56138,-7.94804],[111.56141,-7.94792],[111.56128,-7.94781],[111.56096,-7.94763],[111.56114,-7.94728],[111.56138,-7.94727],[111.56148,-7.94712],[111.56154,-7.9469],[111.56154,-7.94667],[111.56149,-7.94651],[111.5612,-7.9465],[111.5612,-7.94628],[111.56116,-7.94615],[111.56107,-7.94602],[111.56099,-7.94598],[111.5608,-7.94597],[111.56063,-7.94546],[111.56064,-7.94527],[111.56072,-7.94512],[111.56085,-7.94503],[111.56168,-7.94473],[111.56164,-7.94462],[111.56141,-7.94435],[111.5616,-7.94421],[111.56188,-7.94407],[111.56216,-7.94401],[111.5628,-7.94397],[111.56268,-7.94417],[111.56266,-7.94461],[111.56284,-7.94473],[111.56284,-7.94482],[111.56295,-7.94494],[111.56292,-7.94455],[111.56298,-7.94455],[111.56305,-7.94467],[111.56375,-7.94475],[111.56378,-7.9449],[111.5639,-7.94494],[111.56414,-7.94511],[111.56425,-7.9451],[111.5643,-7.945],[111.56494,-7.94489],[111.5653,-7.94464],[111.56554,-7.94454],[111.56559,-7.94444],[111.56546,-7.94416],[111.56579,-7.94398],[111.56621,-7.94331],[111.56681,-7.9428],[111.5668,-7.94274],[111.56713,-7.94248],[111.56736,-7.94213],[111.56747,-7.94182],[111.56758,-7.94137],[111.5677,-7.94115],[111.56783,-7.94101],[111.568,-7.94089],[111.56811,-7.94091],[111.56845,-7.94084],[111.56885,-7.94089],[111.56896,-7.94083],[111.56933,-7.94082],[111.56961,-7.94072],[111.56978,-7.94058],[111.57003,-7.94021],[111.57017,-7.93991],[111.57027,-7.93952],[111.57056,-7.93906],[111.57067,-7.93897],[111.57115,-7.93884],[111.57151,-7.9388],[111.57227,-7.93908],[111.57246,-7.93913],[111.57268,-7.93914],[111.57285,-7.93906],[111.57308,-7.93906],[111.57434,-7.93861],[111.57475,-7.93855],[111.57526,-7.93843],[111.57647,-7.93808],[111.57689,-7.93832],[111.57718,-7.93845],[111.57756,-7.93857],[111.57761,-7.93855],[111.57765,-7.93844],[111.57781,-7.93791],[111.57799,-7.93763],[111.57824,-7.93741],[111.57845,-7.93735],[111.57948,-7.93725],[111.57969,-7.93712],[111.57997,-7.93691],[111.58089,-7.93607],[111.58112,-7.93551],[111.58141,-7.93542],[111.58158,-7.93551],[111.58177,-7.93569],[111.58216,-7.93592],[111.58275,-7.93615]],[[111.56264,-7.9464],[111.56254,-7.94655],[111.56249,-7.94671],[111.56239,-7.94675],[111.56229,-7.94662],[111.56229,-7.94643],[111.56202,-7.9464],[111.56192,-7.94646],[111.56193,-7.9466],[111.56207,-7.9467],[111.56209,-7.9468],[111.56207,-7.94711],[111.56217,-7.94716],[111.56265,-7.94716],[111.56282,-7.9472],[111.56281,-7.94732],[111.56306,-7.94732],[111.56334,-7.94742],[111.56354,-7.94744],[111.56366,-7.94739],[111.56379,-7.94729],[111.56406,-7.94714],[111.56426,-7.94712],[111.56433,-7.9469],[111.56433,-7.9465],[111.56453,-7.94647],[111.56466,-7.94652],[111.56491,-7.94682],[111.56513,-7.94681],[111.56561,-7.94674],[111.56559,-7.94635],[111.56569,-7.94635],[111.5658,-7.9464],[111.56653,-7.94639],[111.56653,-7.94632],[111.56646,-7.94578],[111.56621,-7.94575],[111.56619,-7.94592],[111.56559,-7.9459],[111.56558,-7.94567],[111.56528,-7.94567],[111.56528,-7.9459],[111.56523,-7.94622],[111.56509,-7.9463],[111.56475,-7.94623],[111.56443,-7.94625],[111.56377,-7.94595],[111.56356,-7.94594],[111.56346,-7.94585],[111.56334,-7.94582],[111.56323,-7.94569],[111.56299,-7.94566],[111.56296,-7.94606],[111.56276,-7.94615],[111.56275,-7.94632],[111.56264,-7.9464]],[[111.56196,-7.94749],[111.56195,-7.94716],[111.56179,-7.94716],[111.56176,-7.94733],[111.56177,-7.94758],[111.56185,-7.94799],[111.56208,-7.94797],[111.56211,-7.94832],[111.56271,-7.94841],[111.5628,-7.94835],[111.56282,-7.94817],[111.56299,-7.94812],[111.56299,-7.94781],[111.56274,-7.94784],[111.56275,-7.94778],[111.56226,-7.94761],[111.56199,-7.94756],[111.56196,-7.94749]],[[111.56209,-7.94867],[111.56207,-7.94904],[111.56213,-7.94905],[111.56213,-7.94923],[111.56157,-7.94925],[111.56142,-7.94896],[111.56121,-7.949],[111.56119,-7.94929],[111.56101,-7.94936],[111.56102,-7.94984],[111.56025,-7.94988],[111.56023,-7.94963],[111.56002,-7.94966],[111.55998,-7.95005],[111.56002,-7.95077],[111.56044,-7.95076],[111.56047,-7.95108],[111.56083,-7.95107],[111.56079,-7.95072],[111.56152,-7.95045],[111.56149,-7.95013],[111.56127,-7.95007],[111.56129,-7.94945],[111.56151,-7.94937],[111.56163,-7.94973],[111.56207,-7.94971],[111.56214,-7.94938],[111.56276,-7.94929],[111.56293,-7.94921],[111.56301,-7.9489],[111.56282,-7.94883],[111.56269,-7.94884],[111.56266,-7.94889],[111.56236,-7.94887],[111.56233,-7.94867],[111.56209,-7.94867]],[[111.56299,-7.95064],[111.56304,-7.95079],[111.56351,-7.95076],[111.56361,-7.95082],[111.56365,-7.95089],[111.56403,-7.95087],[111.56411,-7.95084],[111.56416,-7.95076],[111.56415,-7.9506],[111.56369,-7.95061],[111.56368,-7.95041],[111.56329,-7.95037],[111.56326,-7.95014],[111.56311,-7.95014],[111.56308,-7.95043],[111.56301,-7.95053],[111.56299,-7.95064]],[[111.55913,-7.95172],[111.55923,-7.95191],[111.55952,-7.95187],[111.56018,-7.9517],[111.56026,-7.95197],[111.55997,-7.95211],[111.56005,-7.95241],[111.55917,-7.9526],[111.55923,-7.95287],[111.55899,-7.95297],[111.55889,-7.95312],[111.559,-7.95326],[111.55908,-7.95328],[111.55914,-7.9534],[111.55903,-7.95359],[111.55904,-7.95365],[111.55921,-7.95368],[111.55928,-7.95374],[111.5595,-7.95397],[111.55979,-7.95388],[111.55975,-7.95373],[111.56013,-7.95361],[111.56034,-7.95348],[111.56042,-7.9535],[111.56058,-7.95381],[111.56085,-7.95369],[111.56072,-7.95333],[111.5605,-7.95339],[111.56043,-7.95316],[111.56093,-7.95304],[111.56234,-7.95261],[111.56223,-7.95239],[111.56211,-7.95187],[111.56208,-7.95159],[111.56152,-7.95174],[111.56078,-7.95215],[111.56057,-7.95223],[111.56033,-7.95143],[111.5601,-7.95147],[111.56003,-7.95123],[111.55989,-7.95123],[111.55983,-7.95113],[111.55949,-7.95123],[111.55941,-7.95141],[111.55939,-7.9516],[111.55913,-7.95172]]]]}},{"type":"Feature","properties":{"ptnsbjname":"Kl, Bam, Rbt","namobj":"Kebun Campuran","_cls":"Kebun Campuran"},"geometry":{"type":"Polygon","coordinates":[[[111.639,-7.99496],[111.63869,-7.99416],[111.63902,-7.99398],[111.639,-7.99331],[111.63853,-7.99317],[111.63851,-7.99263],[111.6383,-7.99261],[111.6381,-7.99212],[111.63797,-7.99195],[111.63847,-7.9917],[111.63929,-7.99175],[111.63973,-7.99152],[111.64005,-7.99144],[111.64079,-7.99165],[111.64076,-7.99185],[111.63989,-7.99249],[111.63969,-7.99273],[111.63953,-7.99308],[111.63951,-7.99378],[111.63959,-7.99455],[111.63945,-7.99468],[111.639,-7.99496]]]}},{"type":"Feature","properties":{"ptnsbjname":"Kl, Bam, Rbt","namobj":"Kebun Campuran","_cls":"Kebun Campuran"},"geometry":{"type":"Polygon","coordinates":[[[111.63797,-7.99195],[111.63766,-7.99201],[111.63742,-7.99199],[111.63729,-7.9919],[111.63684,-7.99116],[111.63667,-7.99015],[111.6367,-7.98987],[111.63692,-7.98945],[111.63725,-7.98976],[111.63759,-7.99016],[111.63779,-7.99058],[111.6378,-7.99115],[111.63776,-7.9916],[111.63779,-7.99175],[111.63788,-7.99189],[111.63797,-7.99195]]]}},{"type":"Feature","properties":{"ptnsbjname":"Kl, Bam, Rbt","namobj":"Kebun Campuran","_cls":"Kebun Campuran"},"geometry":{"type":"Polygon","coordinates":[[[111.64217,-7.96927],[111.64231,-7.96968],[111.64252,-7.97007],[111.64261,-7.97051],[111.6434,-7.97054],[111.64347,-7.97033],[111.6436,-7.97023],[111.64386,-7.97013],[111.64402,-7.96999],[111.64416,-7.97073],[111.64388,-7.97084],[111.64396,-7.97116],[111.64428,-7.97111],[111.64452,-7.97291],[111.64512,-7.97277],[111.64589,-7.97269],[111.64598,-7.97311],[111.64625,-7.97306],[111.64636,-7.97373],[111.64651,-7.97371],[111.64666,-7.97336],[111.64656,-7.97279],[111.64616,-7.97274],[111.64608,-7.9721],[111.64596,-7.97153],[111.64557,-7.9716],[111.64555,-7.97126],[111.64529,-7.97123],[111.6452,-7.97073],[111.6455,-7.97084],[111.64578,-7.97102],[111.6461,-7.97143],[111.64619,-7.9716],[111.64677,-7.97305],[111.64682,-7.97325],[111.64683,-7.97364],[111.64678,-7.97383],[111.64613,-7.9744],[111.64587,-7.97451],[111.64561,-7.97456],[111.64546,-7.97457],[111.64529,-7.9745],[111.64512,-7.97435],[111.64498,-7.97395],[111.64484,-7.97367],[111.64472,-7.97354],[111.64421,-7.97356],[111.64414,-7.9735],[111.64397,-7.97245],[111.64384,-7.97214],[111.64365,-7.97151],[111.64357,-7.97132],[111.64341,-7.97113],[111.64318,-7.97102],[111.64282,-7.97096],[111.64259,-7.97086],[111.64209,-7.9708],[111.64145,-7.97083],[111.64063,-7.97066],[111.64083,-7.97025],[111.64091,-7.96985],[111.641,-7.96887],[111.64097,-7.96846],[111.64116,-7.96809],[111.64132,-7.96798],[111.64212,-7.96795],[111.64217,-7.96927]]]}},{"type":"Feature","properties":{"ptnsbjname":"Kl, Nk, Bam","namobj":"Kebun Campuran","_cls":"Kebun Campuran"},"geometry":{"type":"Polygon","coordinates":[[[111.66121,-7.97058],[111.66086,-7.97069],[111.66078,-7.97075],[111.66087,-7.97136],[111.6607,-7.9717],[111.66046,-7.97146],[111.66018,-7.9713],[111.6598,-7.97114],[111.65953,-7.97094],[111.65893,-7.97],[111.65844,-7.96952],[111.65838,-7.96964],[111.65868,-7.97064],[111.65864,-7.97077],[111.65856,-7.97086],[111.6582,-7.97113],[111.65867,-7.97133],[111.65898,-7.9716],[111.65952,-7.97197],[111.65973,-7.97201],[111.65984,-7.97214],[111.65998,-7.97237],[111.66016,-7.97289],[111.66017,-7.97309],[111.6601,-7.97315],[111.65953,-7.97343],[111.65941,-7.97358],[111.65936,-7.97373],[111.65933,-7.97424],[111.65918,-7.97446],[111.65836,-7.97508],[111.65831,-7.97513],[111.65828,-7.97533],[111.65783,-7.97537],[111.65732,-7.97556],[111.65704,-7.97558],[111.6568,-7.97565],[111.65641,-7.97579],[111.65626,-7.97593],[111.65613,-7.97621],[111.65598,-7.9767],[111.6558,-7.97712],[111.65569,-7.97753],[111.65565,-7.9778],[111.65545,-7.97824],[111.6553,-7.97871],[111.65535,-7.97969],[111.65527,-7.98003],[111.6551,-7.98043],[111.65499,-7.98059],[111.65388,-7.9814],[111.65372,-7.98154],[111.65369,-7.98162],[111.65376,-7.98223],[111.65338,-7.98336],[111.65335,-7.98357],[111.65342,-7.98378],[111.65351,-7.98448],[111.65367,-7.98499],[111.65371,-7.98551],[111.65369,-7.98584],[111.65358,-7.98614],[111.65367,-7.98644],[111.65377,-7.98654],[111.65358,-7.98663],[111.65338,-7.98633],[111.65313,-7.98616],[111.65297,-7.98602],[111.65274,-7.98628],[111.65181,-7.98659],[111.65161,-7.98663],[111.65135,-7.98662],[111.65103,-7.98686],[111.65087,-7.98691],[111.65016,-7.98694],[111.64907,-7.98688],[111.64872,-7.98691],[111.64814,-7.98673],[111.6477,-7.98716],[111.64765,-7.98731],[111.64782,-7.98747],[111.64824,-7.98753],[111.6495,-7.98762],[111.6503,-7.98752],[111.65156,-7.98783],[111.65309,-7.98844],[111.65337,-7.98864],[111.65359,-7.98893],[111.65383,-7.989],[111.65405,-7.98903],[111.65416,-7.98909],[111.65426,-7.98941],[111.65396,-7.98986],[111.6539,-7.99005],[111.65387,-7.99043],[111.65394,-7.9907],[111.65343,-7.9909],[111.65282,-7.99149],[111.65252,-7.99152],[111.65229,-7.99162],[111.65224,-7.99145],[111.65231,-7.99129],[111.65232,-7.99117],[111.65224,-7.99088],[111.65266,-7.99079],[111.65259,-7.99009],[111.65254,-7.98906],[111.65237,-7.98909],[111.65229,-7.98878],[111.65178,-7.9888],[111.65161,-7.98863],[111.651,-7.98863],[111.65031,-7.98859],[111.65022,-7.98829],[111.64967,-7.98844],[111.64974,-7.98955],[111.64994,-7.98953],[111.65014,-7.98998],[111.65014,-7.99013],[111.65007,-7.99039],[111.64984,-7.99076],[111.6491,-7.99029],[111.64889,-7.99019],[111.6483,-7.99005],[111.64806,-7.98994],[111.6478,-7.9897],[111.6477,-7.98952],[111.64759,-7.98911],[111.64725,-7.98845],[111.64703,-7.98817],[111.64603,-7.98724],[111.64584,-7.98697],[111.64581,-7.98679],[111.64589,-7.98679],[111.64606,-7.98656],[111.64612,-7.9864],[111.6461,-7.98628],[111.64601,-7.98619],[111.64593,-7.98617],[111.64552,-7.98654],[111.64529,-7.98671],[111.64508,-7.98676],[111.64482,-7.98672],[111.64433,-7.98653],[111.64419,-7.98653],[111.64408,-7.98661],[111.64393,-7.98696],[111.64376,-7.9872],[111.6434,-7.98748],[111.64309,-7.98751],[111.64275,-7.9874],[111.64264,-7.98727],[111.64262,-7.98685],[111.64265,-7.98643],[111.64238,-7.98599],[111.64224,-7.98567],[111.6422,-7.98536],[111.64267,-7.98536],[111.64281,-7.98541],[111.64294,-7.98552],[111.64298,-7.98568],[111.64324,-7.98611],[111.64373,-7.98598],[111.64438,-7.98586],[111.64441,-7.98528],[111.64423,-7.98503],[111.64436,-7.98481],[111.6447,-7.98362],[111.64497,-7.98262],[111.64513,-7.98184],[111.6451,-7.98146],[111.64501,-7.98143],[111.64477,-7.9812],[111.64473,-7.98105],[111.64476,-7.98082],[111.64493,-7.98051],[111.64522,-7.98013],[111.64583,-7.97913],[111.6461,-7.97872],[111.64635,-7.97842],[111.64659,-7.97825],[111.64719,-7.97814],[111.64739,-7.97797],[111.64765,-7.97764],[111.64795,-7.97693],[111.64822,-7.97642],[111.64907,-7.97554],[111.64949,-7.97517],[111.64984,-7.97475],[111.64997,-7.97453],[111.65008,-7.97422],[111.65013,-7.97401],[111.65109,-7.97396],[111.65128,-7.9739],[111.6514,-7.97367],[111.65149,-7.97331],[111.65169,-7.97281],[111.65247,-7.97185],[111.65259,-7.97165],[111.65276,-7.97186],[111.65276,-7.9724],[111.65305,-7.97257],[111.65332,-7.97264],[111.65362,-7.97278],[111.65378,-7.9729],[111.65389,-7.97305],[111.65393,-7.97318],[111.65392,-7.97369],[111.65394,-7.97392],[111.654,-7.97412],[111.6541,-7.97429],[111.65416,-7.97434],[111.65432,-7.97438],[111.6546,-7.97426],[111.65463,-7.97349],[111.65472,-7.97309],[111.65539,-7.97243],[111.65556,-7.97237],[111.65595,-7.97252],[111.65592,-7.97279],[111.65611,-7.97397],[111.65625,-7.97387],[111.65631,-7.97338],[111.65633,-7.97277],[111.6564,-7.97217],[111.65655,-7.97162],[111.65703,-7.97054],[111.6571,-7.97023],[111.65712,-7.96968],[111.65709,-7.96948],[111.65703,-7.96926],[111.65688,-7.96931],[111.65641,-7.96977],[111.65597,-7.9697],[111.65574,-7.96991],[111.65549,-7.97006],[111.65539,-7.97008],[111.65519,-7.96998],[111.65508,-7.96988],[111.65506,-7.96979],[111.65542,-7.96929],[111.65546,-7.96916],[111.65543,-7.96894],[111.65538,-7.96887],[111.65452,-7.96874],[111.65488,-7.96801],[111.65527,-7.96742],[111.65569,-7.96719],[111.65614,-7.96735],[111.65701,-7.96772],[111.65784,-7.96793],[111.65871,-7.9682],[111.65993,-7.96862],[111.66013,-7.96892],[111.66064,-7.96906],[111.6608,-7.96923],[111.66095,-7.96948],[111.66117,-7.9703],[111.66121,-7.97058]],[[111.65459,-7.97803],[111.65488,-7.97734],[111.65492,-7.97706],[111.65474,-7.97704],[111.65429,-7.97634],[111.65426,-7.97624],[111.65424,-7.97569],[111.65428,-7.97542],[111.65375,-7.97524],[111.65354,-7.97527],[111.65342,-7.97536],[111.65338,-7.97546],[111.65339,-7.97557],[111.65405,-7.97729],[111.65459,-7.97803]]]}},{"type":"Feature","properties":{"ptnsbjname":"Kl, Nk, Bam","namobj":"Kebun Campuran","_cls":"Kebun Campuran"},"geometry":{"type":"Polygon","coordinates":[[[111.63882,-7.98427],[111.63844,-7.98457],[111.63897,-7.98497],[111.63867,-7.98561],[111.6392,-7.9859],[111.63944,-7.98613],[111.63954,-7.98642],[111.63967,-7.9865],[111.63977,-7.98649],[111.64007,-7.98631],[111.64035,-7.98619],[111.64047,-7.98617],[111.64062,-7.98625],[111.64107,-7.98674],[111.64158,-7.98711],[111.64162,-7.98726],[111.6416,-7.98735],[111.64144,-7.98745],[111.64124,-7.98753],[111.64106,-7.98776],[111.64109,-7.98793],[111.6414,-7.98833],[111.64126,-7.98844],[111.64058,-7.98849],[111.64038,-7.98864],[111.63982,-7.98889],[111.63949,-7.98898],[111.6392,-7.98898],[111.63902,-7.98895],[111.63878,-7.98876],[111.63828,-7.98905],[111.63805,-7.9891],[111.63786,-7.9891],[111.63768,-7.98902],[111.63743,-7.98877],[111.63751,-7.98866],[111.63755,-7.9885],[111.63724,-7.98846],[111.63699,-7.98892],[111.63657,-7.98905],[111.63579,-7.98922],[111.63595,-7.99091],[111.63558,-7.99101],[111.6357,-7.99112],[111.63611,-7.99124],[111.63646,-7.99126],[111.63675,-7.99216],[111.63657,-7.99224],[111.63661,-7.99272],[111.63781,-7.99248],[111.63784,-7.99312],[111.63791,-7.99375],[111.6376,-7.99385],[111.63759,-7.99408],[111.6378,-7.99408],[111.63783,-7.99431],[111.6381,-7.99429],[111.63819,-7.99475],[111.63771,-7.99458],[111.63729,-7.99455],[111.63724,-7.99449],[111.6372,-7.99429],[111.63725,-7.99381],[111.63725,-7.99337],[111.63718,-7.99318],[111.63706,-7.99311],[111.63687,-7.99308],[111.63673,-7.99313],[111.63659,-7.99324],[111.63622,-7.99363],[111.63593,-7.99437],[111.63506,-7.99571],[111.63501,-7.99612],[111.6351,-7.99641],[111.63503,-7.99655],[111.63492,-7.99666],[111.63479,-7.99672],[111.63456,-7.99672],[111.63379,-7.99655],[111.63355,-7.9967],[111.63341,-7.99687],[111.63334,-7.99705],[111.63335,-7.99748],[111.63345,-7.99848],[111.63347,-7.99956],[111.63343,-7.9998],[111.63318,-8.00011],[111.63292,-8.00031],[111.633,-7.99979],[111.63296,-7.99904],[111.63284,-7.99814],[111.63265,-7.99786],[111.63256,-7.99764],[111.63267,-7.99711],[111.63269,-7.99687],[111.63246,-7.99633],[111.63274,-7.99609],[111.63291,-7.99585],[111.63315,-7.99532],[111.63341,-7.99464],[111.63395,-7.99401],[111.63423,-7.99376],[111.6352,-7.99249],[111.63521,-7.99231],[111.63511,-7.99212],[111.63499,-7.99198],[111.63485,-7.99191],[111.63404,-7.99192],[111.63371,-7.992],[111.63352,-7.99079],[111.63398,-7.99076],[111.63448,-7.9906],[111.63491,-7.99063],[111.6349,-7.99017],[111.63373,-7.9903],[111.6334,-7.98967],[111.6323,-7.98986],[111.63243,-7.99021],[111.63099,-7.99071],[111.63075,-7.99029],[111.63037,-7.99031],[111.63,-7.98909],[111.6297,-7.98824],[111.62956,-7.98756],[111.63012,-7.9875],[111.6304,-7.98661],[111.63073,-7.98762],[111.63114,-7.98854],[111.63117,-7.98871],[111.63107,-7.98899],[111.6307,-7.98946],[111.63067,-7.98956],[111.63074,-7.98967],[111.63088,-7.98973],[111.63144,-7.98966],[111.63159,-7.98962],[111.63176,-7.98951],[111.63237,-7.98936],[111.63307,-7.98924],[111.6332,-7.98918],[111.63328,-7.98903],[111.63289,-7.98829],[111.63287,-7.98787],[111.63289,-7.98776],[111.63298,-7.98768],[111.6332,-7.98762],[111.63336,-7.98763],[111.63375,-7.98783],[111.63423,-7.98767],[111.63429,-7.98754],[111.63438,-7.98745],[111.63461,-7.98736],[111.63472,-7.98737],[111.63502,-7.98751],[111.63536,-7.98762],[111.63577,-7.98764],[111.636,-7.98756],[111.6367,-7.98702],[111.63701,-7.98705],[111.63718,-7.98649],[111.63747,-7.98604],[111.63725,-7.98584],[111.63705,-7.98577],[111.63678,-7.98573],[111.63413,-7.98563],[111.634,-7.98553],[111.63389,-7.9853],[111.63384,-7.9851],[111.63385,-7.98494],[111.63398,-7.98498],[111.63397,-7.98523],[111.63473,-7.9853],[111.63477,-7.98406],[111.63417,-7.98416],[111.6342,-7.98396],[111.63436,-7.98368],[111.63455,-7.9836],[111.63487,-7.98355],[111.63533,-7.98355],[111.63596,-7.9836],[111.63635,-7.98353],[111.63646,-7.98344],[111.63641,-7.98332],[111.63631,-7.98323],[111.63578,-7.98283],[111.63569,-7.98262],[111.63572,-7.98252],[111.63585,-7.98232],[111.636,-7.98219],[111.63613,-7.98215],[111.63642,-7.98223],[111.63694,-7.98207],[111.63793,-7.98221],[111.63807,-7.98215],[111.63827,-7.982],[111.63832,-7.98187],[111.63846,-7.98179],[111.63855,-7.98208],[111.63848,-7.98216],[111.63828,-7.98226],[111.63833,-7.98271],[111.63846,-7.98315],[111.63886,-7.98326],[111.6388,-7.98263],[111.63942,-7.98278],[111.63933,-7.98349],[111.63994,-7.98369],[111.63999,-7.98342],[111.63975,-7.98334],[111.63967,-7.98256],[111.6409,-7.98264],[111.64064,-7.98194],[111.64014,-7.98181],[111.64014,-7.98125],[111.63962,-7.98111],[111.63886,-7.981],[111.63891,-7.98038],[111.6393,-7.98042],[111.63942,-7.97934],[111.63968,-7.97868],[111.63996,-7.97874],[111.64001,-7.97853],[111.64,-7.97798],[111.63978,-7.97797],[111.63975,-7.97785],[111.63916,-7.978],[111.6392,-7.97857],[111.63913,-7.97894],[111.63892,-7.97875],[111.63871,-7.97871],[111.63849,-7.97875],[111.63782,-7.97901],[111.63715,-7.97988],[111.63694,-7.98007],[111.63675,-7.9801],[111.63634,-7.98009],[111.63612,-7.98003],[111.63611,-7.97998],[111.63625,-7.97937],[111.63652,-7.97878],[111.6366,-7.97853],[111.63656,-7.97839],[111.63646,-7.9783],[111.63631,-7.97828],[111.63613,-7.9783],[111.63591,-7.97844],[111.63565,-7.97867],[111.63555,-7.97881],[111.63538,-7.97917],[111.63525,-7.9795],[111.6349,-7.98071],[111.63508,-7.98146],[111.63523,-7.98156],[111.63526,-7.98172],[111.63525,-7.98187],[111.63517,-7.982],[111.63463,-7.98243],[111.63425,-7.98266],[111.6337,-7.98289],[111.63339,-7.98298],[111.63212,-7.98435],[111.63169,-7.98465],[111.63125,-7.98487],[111.63046,-7.98509],[111.62998,-7.98491],[111.63016,-7.98431],[111.63007,-7.98423],[111.62932,-7.98401],[111.6298,-7.9833],[111.62983,-7.98286],[111.63011,-7.98283],[111.63036,-7.98267],[111.63054,-7.98247],[111.63094,-7.9817],[111.63149,-7.98037],[111.63163,-7.97962],[111.63168,-7.97908],[111.63193,-7.97903],[111.63211,-7.97893],[111.63253,-7.97855],[111.63297,-7.97794],[111.63355,-7.97741],[111.63375,-7.97727],[111.63411,-7.97717],[111.63439,-7.97714],[111.63461,-7.97717],[111.6348,-7.97727],[111.6352,-7.97784],[111.63559,-7.97771],[111.63627,-7.9774],[111.63611,-7.97724],[111.63612,-7.97711],[111.63621,-7.97699],[111.63694,-7.9764],[111.6371,-7.97618],[111.63733,-7.97559],[111.63734,-7.97535],[111.63729,-7.97523],[111.63719,-7.97515],[111.63697,-7.97509],[111.63677,-7.97509],[111.6364,-7.97518],[111.63622,-7.97526],[111.63601,-7.97542],[111.6359,-7.97558],[111.63575,-7.97614],[111.63561,-7.97628],[111.63537,-7.97633],[111.63506,-7.9763],[111.63463,-7.97622],[111.63452,-7.97614],[111.63433,-7.97582],[111.63433,-7.97564],[111.63476,-7.975],[111.63477,-7.97444],[111.63486,-7.97415],[111.63503,-7.9739],[111.63525,-7.97368],[111.63535,-7.97365],[111.63544,-7.9737],[111.63542,-7.97394],[111.63543,-7.97434],[111.63549,-7.97442],[111.63562,-7.97448],[111.63578,-7.97447],[111.63613,-7.97436],[111.63635,-7.97433],[111.6365,-7.97439],[111.6367,-7.97459],[111.6372,-7.97462],[111.63751,-7.97456],[111.63773,-7.97445],[111.63809,-7.97582],[111.63831,-7.9756],[111.63804,-7.97477],[111.63802,-7.97453],[111.63836,-7.97368],[111.63878,-7.9736],[111.63929,-7.97288],[111.63953,-7.97239],[111.63996,-7.9717],[111.64082,-7.97222],[111.64107,-7.97246],[111.64113,-7.97255],[111.64114,-7.97268],[111.64102,-7.97289],[111.64148,-7.97322],[111.6418,-7.97338],[111.64245,-7.97353],[111.64272,-7.97354],[111.64309,-7.9735],[111.64319,-7.97354],[111.64331,-7.97375],[111.64345,-7.97417],[111.64356,-7.97425],[111.64379,-7.97432],[111.64417,-7.9743],[111.64427,-7.97434],[111.64432,-7.97442],[111.64424,-7.97471],[111.64423,-7.97501],[111.64428,-7.97508],[111.64471,-7.97511],[111.64471,-7.9752],[111.64511,-7.97566],[111.64507,-7.97586],[111.64498,-7.97595],[111.64453,-7.97618],[111.64388,-7.97638],[111.64381,-7.97648],[111.64377,-7.97669],[111.64375,-7.97706],[111.64384,-7.97759],[111.64378,-7.97764],[111.64337,-7.97778],[111.64326,-7.97788],[111.64307,-7.97858],[111.64308,-7.97874],[111.64323,-7.97888],[111.64333,-7.97905],[111.6434,-7.97929],[111.64335,-7.9795],[111.64292,-7.98017],[111.64264,-7.98044],[111.64194,-7.98123],[111.64187,-7.98143],[111.64189,-7.9816],[111.64226,-7.98221],[111.64241,-7.98241],[111.64251,-7.98263],[111.64245,-7.98288],[111.6422,-7.98324],[111.64193,-7.98344],[111.64185,-7.98323],[111.64183,-7.98305],[111.64158,-7.98286],[111.64101,-7.98321],[111.6409,-7.98337],[111.64068,-7.98383],[111.64055,-7.98396],[111.6403,-7.98433],[111.64008,-7.98445],[111.63992,-7.98447],[111.63974,-7.98444],[111.63849,-7.98369],[111.63832,-7.98372],[111.63813,-7.98389],[111.63882,-7.98427]],[[111.63652,-7.98382],[111.635,-7.98377],[111.63498,-7.98406],[111.63658,-7.98406],[111.63652,-7.98382]],[[111.64299,-7.97749],[111.6427,-7.97744],[111.64263,-7.97669],[111.6418,-7.97664],[111.64176,-7.97678],[111.64169,-7.97688],[111.64173,-7.97737],[111.64202,-7.97744],[111.64204,-7.9781],[111.64182,-7.97813],[111.6418,-7.97911],[111.64214,-7.97916],[111.64216,-7.9789],[111.64246,-7.97892],[111.64255,-7.9777],[111.64295,-7.97772],[111.64299,-7.97749]],[[111.64232,-7.97486],[111.642,-7.97474],[111.64129,-7.97463],[111.641,-7.97436],[111.64114,-7.97393],[111.64079,-7.97373],[111.6404,-7.97426],[111.64104,-7.97472],[111.64132,-7.97482],[111.64121,-7.9756],[111.64088,-7.97566],[111.6409,-7.976],[111.64123,-7.97603],[111.64117,-7.97635],[111.64184,-7.97637],[111.64185,-7.97572],[111.64203,-7.97551],[111.64202,-7.97503],[111.64232,-7.97507],[111.64232,-7.97486]],[[111.63929,-7.97344],[111.63899,-7.97341],[111.63897,-7.97353],[111.63928,-7.97357],[111.63929,-7.97344]],[[111.63951,-7.97331],[111.6394,-7.97329],[111.63935,-7.97356],[111.63947,-7.97357],[111.63951,-7.97331]],[[111.63932,-7.97329],[111.63907,-7.97323],[111.63905,-7.97333],[111.6393,-7.97339],[111.63932,-7.97329]],[[111.63365,-7.98018],[111.63379,-7.98015],[111.63386,-7.98006],[111.63412,-7.97846],[111.63428,-7.97823],[111.63366,-7.97803],[111.63343,-7.9784],[111.6338,-7.9786],[111.63365,-7.97897],[111.63261,-7.97906],[111.63243,-7.97951],[111.6332,-7.9797],[111.63273,-7.98089],[111.63211,-7.98091],[111.63189,-7.98194],[111.6331,-7.98205],[111.63365,-7.98018]],[[111.63817,-7.98547],[111.63819,-7.98528],[111.63817,-7.98459],[111.63757,-7.98457],[111.63756,-7.98548],[111.63817,-7.98547]],[[111.63807,-7.98635],[111.63754,-7.9864],[111.63752,-7.98689],[111.63755,-7.98715],[111.6379,-7.98777],[111.63809,-7.98782],[111.63884,-7.98771],[111.63893,-7.98682],[111.63806,-7.98693],[111.63807,-7.98635]]]}},{"type":"Feature","properties":{"ptnsbjname":"Kl, Alb, Rbt","namobj":"Kebun Campuran","_cls":"Kebun Campuran"},"geometry":{"type":"MultiPolygon","coordinates":[[[[111.63248,-8.00495],[111.63242,-8.00509],[111.6324,-8.00505],[111.63248,-8.00495]]],[[[111.63304,-8.00462],[111.63258,-8.00478],[111.63262,-8.0046],[111.63262,-8.00438],[111.63272,-8.00399],[111.63306,-8.00407],[111.63325,-8.00416],[111.63304,-8.00462]]]]}},{"type":"Feature","properties":{"ptnsbjname":"-","namobj":"Tanah Terbuka Lainnya, Jenis ...","_cls":"Tanah Terbuka Lainnya, Jenis ..."},"geometry":{"type":"MultiPolygon","coordinates":[[[[111.65558,-8.01148],[111.65532,-8.01204],[111.6556,-8.01143],[111.65558,-8.01148]]],[[[111.65561,-8.00931],[111.65565,-8.01104],[111.65561,-8.00931],[111.65561,-8.00931]]],[[[111.65569,-8.0093],[111.65566,-8.00936],[111.6557,-8.00928],[111.65569,-8.0093]]]]}},{"type":"Feature","properties":{"ptnsbjname":"Kd, Uk, Kt","namobj":"Tegalan/Ladang","_cls":"Tegalan/Ladang"},"geometry":{"type":"Polygon","coordinates":[[[111.65453,-8.00049],[111.6543,-8.00046],[111.65417,-8.00052],[111.65381,-8.00094],[111.65383,-8.00129],[111.65398,-8.00171],[111.65418,-8.00203],[111.65456,-8.00253],[111.65482,-8.00297],[111.65509,-8.00359],[111.65523,-8.00406],[111.65525,-8.00426],[111.65519,-8.00446],[111.65513,-8.00518],[111.65565,-8.00512],[111.65559,-8.00585],[111.65571,-8.00644],[111.65554,-8.00683],[111.65562,-8.00722],[111.65562,-8.00761],[111.65592,-8.0084],[111.65589,-8.00881],[111.65566,-8.00936],[111.65561,-8.00931],[111.65565,-8.01131],[111.65539,-8.01189],[111.65525,-8.01183],[111.6549,-8.01181],[111.65456,-8.0133],[111.65456,-8.01404],[111.65466,-8.01485],[111.65461,-8.0153],[111.65414,-8.01617],[111.65347,-8.01685],[111.65336,-8.01706],[111.65343,-8.01801],[111.65321,-8.01839],[111.65297,-8.01867],[111.65298,-8.0188],[111.65323,-8.01928],[111.65315,-8.01958],[111.65325,-8.01959],[111.65352,-8.01936],[111.65357,-8.01946],[111.65355,-8.01955],[111.65337,-8.02015],[111.6533,-8.02048],[111.65319,-8.02058],[111.65294,-8.02067],[111.65165,-8.0214],[111.65142,-8.02146],[111.65096,-8.0214],[111.65086,-8.02148],[111.65079,-8.02162],[111.65074,-8.02203],[111.65064,-8.02214],[111.64983,-8.02207],[111.64934,-8.02173],[111.64923,-8.02174],[111.64901,-8.02184],[111.6489,-8.02194],[111.64816,-8.0209],[111.64828,-8.02006],[111.64827,-8.01931],[111.64806,-8.01876],[111.64775,-8.01826],[111.64742,-8.01787],[111.64718,-8.01729],[111.6471,-8.01672],[111.64731,-8.01675],[111.64753,-8.01687],[111.64793,-8.01716],[111.64875,-8.01787],[111.64923,-8.01802],[111.64997,-8.01797],[111.65018,-8.01789],[111.65151,-8.01672],[111.65171,-8.01641],[111.65184,-8.01596],[111.65197,-8.01469],[111.65199,-8.01384],[111.65195,-8.01342],[111.65177,-8.01278],[111.65177,-8.0126],[111.65183,-8.01253],[111.65196,-8.01246],[111.65211,-8.01244],[111.65307,-8.0125],[111.65311,-8.01254],[111.65307,-8.01266],[111.6532,-8.01344],[111.6525,-8.01335],[111.65242,-8.01391],[111.65381,-8.0148],[111.65401,-8.0134],[111.65399,-8.01272],[111.65425,-8.01241],[111.65438,-8.01219],[111.65448,-8.01185],[111.65446,-8.01145],[111.65435,-8.0111],[111.65376,-8.00974],[111.65359,-8.00949],[111.65339,-8.00893],[111.65363,-8.00869],[111.65368,-8.00859],[111.65348,-8.00817],[111.65295,-8.00743],[111.65275,-8.00722],[111.65218,-8.00673],[111.65201,-8.00664],[111.65136,-8.00656],[111.65136,-8.00642],[111.65167,-8.00638],[111.65184,-8.00628],[111.65235,-8.00565],[111.65307,-8.00635],[111.65349,-8.00707],[111.65405,-8.00554],[111.65419,-8.00483],[111.65412,-8.00358],[111.65402,-8.00317],[111.65377,-8.00265],[111.65358,-8.00208],[111.6534,-8.00189],[111.65295,-8.00166],[111.65276,-8.00222],[111.65218,-8.00268],[111.65196,-8.00275],[111.6516,-8.00281],[111.65145,-8.00271],[111.65123,-8.00242],[111.65105,-8.00227],[111.65021,-8.00186],[111.64995,-8.00168],[111.64957,-8.0013],[111.64954,-8.00118],[111.64961,-8.001],[111.64985,-8.0006],[111.6499,-8.00006],[111.65001,-7.99979],[111.65082,-7.99851],[111.65097,-7.99838],[111.65133,-7.99824],[111.65173,-7.99818],[111.65239,-7.99821],[111.65245,-7.99861],[111.65236,-7.99933],[111.65236,-7.99993],[111.65249,-8.00026],[111.65267,-8.00047],[111.65292,-8.00069],[111.65299,-8.00094],[111.6531,-8.00077],[111.65322,-8.00047],[111.65347,-7.99933],[111.65362,-7.99896],[111.65379,-7.99876],[111.65431,-7.99851],[111.65442,-7.99794],[111.65455,-7.99777],[111.65532,-7.99735],[111.65564,-7.99725],[111.65611,-7.99716],[111.65598,-7.99768],[111.65553,-7.99912],[111.65453,-8.00049]],[[111.65037,-8.02026],[111.65054,-8.02009],[111.65081,-8.0196],[111.65095,-8.01949],[111.65234,-8.01915],[111.65242,-8.01907],[111.65245,-8.01839],[111.65306,-8.01754],[111.6532,-8.01609],[111.65325,-8.01591],[111.65293,-8.01584],[111.6518,-8.01755],[111.64947,-8.01834],[111.64995,-8.02042],[111.65037,-8.02026]]]}},{"type":"Feature","properties":{"ptnsbjname":"Nk, Bam, Alb","namobj":"Kebun Campuran","_cls":"Kebun Campuran"},"geometry":{"type":"MultiPolygon","coordinates":[[[[111.65358,-8.01946],[111.65355,-8.01955],[111.65357,-8.01946],[111.65346,-8.01924],[111.65358,-8.01946]]],[[[111.65375,-8.01769],[111.65372,-8.01744],[111.65372,-8.01736],[111.65372,-8.01744],[111.65375,-8.01769]]],[[[111.65419,-8.01668],[111.65383,-8.01708],[111.65436,-8.01652],[111.65419,-8.01668]]],[[[111.65463,-8.01615],[111.65458,-8.01626],[111.65474,-8.01597],[111.65463,-8.01615]]],[[[111.65505,-8.01507],[111.65504,-8.0152],[111.65505,-8.01507],[111.65499,-8.01446],[111.65505,-8.01507]]]]}},{"type":"Feature","properties":{"ptnsbjname":"Ch, Nk, Kl","namobj":"Kebun Campuran","_cls":"Kebun Campuran"},"geometry":{"type":"Polygon","coordinates":[[[111.63433,-7.9726],[111.63346,-7.97224],[111.63301,-7.97235],[111.63261,-7.9725],[111.63228,-7.97267],[111.63195,-7.97302],[111.63284,-7.97342],[111.63244,-7.97349],[111.6318,-7.97333],[111.63128,-7.97306],[111.6308,-7.97303],[111.6302,-7.97318],[111.62965,-7.97363],[111.62958,-7.97385],[111.6296,-7.97399],[111.62968,-7.97412],[111.62986,-7.97424],[111.63053,-7.97433],[111.62953,-7.97456],[111.62932,-7.97465],[111.62881,-7.97512],[111.62861,-7.97464],[111.62839,-7.97442],[111.62733,-7.97453],[111.62668,-7.97439],[111.6267,-7.97478],[111.62583,-7.97455],[111.62529,-7.97405],[111.62532,-7.97368],[111.62482,-7.97334],[111.62418,-7.97305],[111.62417,-7.97273],[111.6241,-7.97253],[111.62407,-7.97223],[111.62417,-7.97194],[111.62416,-7.97158],[111.62424,-7.97173],[111.62437,-7.97157],[111.6245,-7.97151],[111.6247,-7.97148],[111.62476,-7.97143],[111.6248,-7.97128],[111.62521,-7.97139],[111.62537,-7.97075],[111.62529,-7.97026],[111.62507,-7.96978],[111.62498,-7.96965],[111.62475,-7.96968],[111.6247,-7.96952],[111.62465,-7.96945],[111.62432,-7.96921],[111.6242,-7.96909],[111.62417,-7.96902],[111.62443,-7.96921],[111.6249,-7.96925],[111.6249,-7.96908],[111.6258,-7.96931],[111.62588,-7.97052],[111.62632,-7.97091],[111.62705,-7.97043],[111.62777,-7.97083],[111.62803,-7.97106],[111.62812,-7.97136],[111.62806,-7.97146],[111.62775,-7.97158],[111.62811,-7.97191],[111.62833,-7.972],[111.6285,-7.97203],[111.629,-7.97188],[111.62912,-7.97188],[111.62925,-7.97196],[111.62917,-7.97234],[111.62889,-7.97267],[111.62922,-7.97309],[111.62964,-7.97272],[111.62974,-7.97276],[111.63061,-7.97274],[111.63094,-7.97269],[111.63133,-7.97276],[111.63156,-7.97286],[111.63175,-7.97265],[111.63238,-7.97234],[111.63245,-7.97224],[111.63246,-7.9722],[111.63162,-7.97173],[111.63196,-7.97152],[111.63212,-7.97135],[111.63234,-7.97092],[111.63292,-7.97093],[111.63389,-7.97113],[111.63418,-7.97111],[111.63433,-7.97105],[111.6346,-7.97088],[111.63486,-7.97065],[111.63449,-7.97049],[111.63388,-7.97013],[111.63317,-7.96964],[111.6337,-7.96948],[111.63424,-7.96942],[111.63425,-7.96902],[111.6343,-7.96864],[111.63441,-7.96835],[111.63469,-7.96799],[111.63469,-7.96687],[111.63454,-7.96664],[111.63404,-7.96617],[111.63384,-7.96643],[111.63369,-7.96676],[111.63363,-7.96705],[111.63334,-7.96764],[111.63264,-7.96845],[111.63207,-7.96874],[111.63189,-7.96859],[111.63211,-7.96769],[111.63204,-7.9675],[111.63195,-7.96742],[111.63102,-7.96769],[111.63086,-7.96767],[111.63073,-7.96748],[111.63064,-7.96715],[111.63056,-7.96652],[111.63047,-7.96625],[111.63103,-7.96573],[111.63234,-7.96479],[111.63267,-7.96506],[111.63276,-7.96518],[111.63278,-7.96537],[111.63147,-7.9661],[111.63154,-7.96687],[111.6319,-7.96683],[111.63201,-7.96645],[111.63291,-7.96635],[111.63296,-7.96609],[111.63235,-7.9661],[111.63235,-7.96585],[111.6326,-7.96572],[111.63354,-7.96543],[111.63387,-7.96524],[111.63436,-7.96472],[111.63458,-7.96574],[111.63501,-7.9656],[111.63547,-7.96556],[111.63588,-7.96562],[111.6359,-7.96575],[111.63669,-7.96628],[111.63742,-7.9669],[111.6379,-7.9671],[111.63835,-7.96735],[111.63859,-7.96752],[111.63885,-7.96785],[111.63901,-7.96822],[111.63878,-7.96852],[111.63805,-7.96897],[111.63767,-7.96927],[111.63703,-7.96939],[111.63687,-7.96985],[111.6368,-7.97031],[111.6368,-7.97075],[111.63674,-7.971],[111.63571,-7.97091],[111.63559,-7.97136],[111.63544,-7.97157],[111.63478,-7.97199],[111.63447,-7.97232],[111.63433,-7.9726]]]}},{"type":"Feature","properties":{"ptnsbjname":"-","namobj":"Kampung Jarang Tidak Teratur","_cls":"Kampung Jarang Tidak Teratur"},"geometry":{"type":"Polygon","coordinates":[[[111.63037,-7.99983],[111.62998,-8.00049],[111.63063,-8.00094],[111.63144,-8.00133],[111.63146,-8.00137],[111.63109,-8.00176],[111.63052,-8.00169],[111.63005,-8.00112],[111.62912,-8.00139],[111.62873,-8.0014],[111.62856,-8.00057],[111.62856,-8.00014],[111.62849,-7.99993],[111.62812,-8.00006],[111.62745,-7.99999],[111.6275,-7.99949],[111.62801,-7.99873],[111.62801,-7.99826],[111.62806,-7.99793],[111.6287,-7.99719],[111.62881,-7.99693],[111.62919,-7.99721],[111.62985,-7.99734],[111.63034,-7.99698],[111.63055,-7.99634],[111.63089,-7.99559],[111.63062,-7.99541],[111.63068,-7.99474],[111.63092,-7.99467],[111.63148,-7.99474],[111.63169,-7.99482],[111.63164,-7.99541],[111.63128,-7.99559],[111.63113,-7.99612],[111.63177,-7.99635],[111.63152,-7.99719],[111.63088,-7.9971],[111.63077,-7.99733],[111.63054,-7.99757],[111.63111,-7.99799],[111.63097,-7.99874],[111.63052,-7.99926],[111.63037,-7.99983]]]}},{"type":"Feature","properties":{"ptnsbjname":"-","namobj":"Kampung Jarang Tidak Teratur","_cls":"Kampung Jarang Tidak Teratur"},"geometry":{"type":"Polygon","coordinates":[[[111.6304,-7.98661],[111.63012,-7.9875],[111.62956,-7.98756],[111.6296,-7.98781],[111.6289,-7.98775],[111.62889,-7.98728],[111.62831,-7.9873],[111.62816,-7.98675],[111.62815,-7.98607],[111.62933,-7.98568],[111.62988,-7.98588],[111.6304,-7.98615],[111.63025,-7.98622],[111.6304,-7.98661]]]}},{"type":"Feature","properties":{"ptnsbjname":"-","namobj":"Kampung Jarang Tidak Teratur","_cls":"Kampung Jarang Tidak Teratur"},"geometry":{"type":"Polygon","coordinates":[[[111.62905,-7.98392],[111.62887,-7.98387],[111.62771,-7.98416],[111.62761,-7.98385],[111.62643,-7.98397],[111.62608,-7.98227],[111.62653,-7.982],[111.6263,-7.98109],[111.62605,-7.98114],[111.62605,-7.98073],[111.62667,-7.98054],[111.62683,-7.98058],[111.62724,-7.98101],[111.62834,-7.9809],[111.62836,-7.98115],[111.62709,-7.98167],[111.6273,-7.98284],[111.6291,-7.98279],[111.62905,-7.98392]]]}},{"type":"Feature","properties":{"ptnsbjname":"-","namobj":"Kampung Jarang Tidak Teratur","_cls":"Kampung Jarang Tidak Teratur"},"geometry":{"type":"Polygon","coordinates":[[[111.62973,-7.97263],[111.62922,-7.97309],[111.62889,-7.97267],[111.62917,-7.97234],[111.62925,-7.97196],[111.62966,-7.97212],[111.63032,-7.97222],[111.63063,-7.97231],[111.63017,-7.97251],[111.62973,-7.97263]]]}},{"type":"Feature","properties":{"ptnsbjname":"-","namobj":"Kampung Jarang Tidak Teratur","_cls":"Kampung Jarang Tidak Teratur"},"geometry":{"type":"Polygon","coordinates":[[[111.62964,-7.96263],[111.62907,-7.96399],[111.62889,-7.96415],[111.62867,-7.96428],[111.62834,-7.96434],[111.62828,-7.96429],[111.62831,-7.96396],[111.62801,-7.96359],[111.62812,-7.9631],[111.62846,-7.96277],[111.62901,-7.96245],[111.62923,-7.96248],[111.62964,-7.96263]]]}},{"type":"Feature","properties":{"ptnsbjname":"-","namobj":"Kampung Jarang Tidak Teratur","_cls":"Kampung Jarang Tidak Teratur"},"geometry":{"type":"Polygon","coordinates":[[[111.62614,-7.94992],[111.62577,-7.95006],[111.62563,-7.94998],[111.62554,-7.95],[111.62555,-7.95011],[111.62512,-7.95016],[111.62496,-7.95011],[111.62489,-7.94991],[111.62505,-7.9497],[111.6254,-7.94939],[111.62551,-7.94919],[111.62574,-7.94926],[111.62586,-7.94954],[111.62612,-7.94965],[111.62615,-7.94971],[111.62614,-7.94992]]]}},{"type":"Feature","properties":{"ptnsbjname":"-","namobj":"Sungai/Danau","_cls":"Sungai/Danau"},"geometry":{"type":"MultiPolygon","coordinates":[[[[111.54585,-7.96352],[111.54567,-7.96367],[111.54562,-7.96313],[111.54566,-7.96302],[111.54572,-7.96297],[111.54594,-7.96339],[111.54585,-7.96352]]],[[[111.54537,-7.96389],[111.5453,-7.9639],[111.54513,-7.96385],[111.545,-7.96375],[111.54444,-7.96294],[111.54427,-7.96287],[111.54414,-7.96287],[111.54455,-7.9627],[111.54467,-7.96282],[111.54481,-7.96312],[111.54491,-7.96351],[111.54498,-7.96364],[111.54507,-7.96375],[111.54537,-7.96389]]],[[[111.54654,-7.9615],[111.54703,-7.96164],[111.54714,-7.9617],[111.54755,-7.96216],[111.54805,-7.96292],[111.54816,-7.96304],[111.54829,-7.96308],[111.54898,-7.96238],[111.54913,-7.96227],[111.54931,-7.96221],[111.55056,-7.96326],[111.55093,-7.96461],[111.55109,-7.96482],[111.55119,-7.9649],[111.55139,-7.9649],[111.55251,-7.96442],[111.55316,-7.96427],[111.55335,-7.96435],[111.55393,-7.96491],[111.5542,-7.96505],[111.55439,-7.96505],[111.55488,-7.9649],[111.55542,-7.96429],[111.55588,-7.96409],[111.5561,-7.96402],[111.55623,-7.96403],[111.55633,-7.96412],[111.55648,-7.96525],[111.55655,-7.96556],[111.55662,-7.96569],[111.5568,-7.96584],[111.55703,-7.96594],[111.55731,-7.96601],[111.55754,-7.96599],[111.55792,-7.96573],[111.55825,-7.96569],[111.55904,-7.96712],[111.55924,-7.96736],[111.55945,-7.9675],[111.55962,-7.96756],[111.55978,-7.96755],[111.55993,-7.96748],[111.56006,-7.96734],[111.56059,-7.9663],[111.56078,-7.96606],[111.56101,-7.96585],[111.56144,-7.96575],[111.5619,-7.96578],[111.56329,-7.96565],[111.56352,-7.96579],[111.56374,-7.966],[111.56391,-7.96624],[111.56418,-7.96672],[111.56431,-7.96682],[111.5649,-7.96636],[111.56508,-7.96625],[111.5653,-7.9662],[111.56548,-7.96621],[111.56563,-7.9663],[111.56605,-7.96669],[111.56641,-7.9669],[111.56679,-7.96701],[111.56734,-7.96708],[111.56822,-7.967],[111.56836,-7.96706],[111.56853,-7.96729],[111.56864,-7.96759],[111.56866,-7.96796],[111.56977,-7.96914],[111.57003,-7.96935],[111.57026,-7.96947],[111.5717,-7.9698],[111.57201,-7.96991],[111.57375,-7.97086],[111.57503,-7.97183],[111.57583,-7.97277],[111.57604,-7.97297],[111.57679,-7.97331],[111.57746,-7.97394],[111.57754,-7.97408],[111.57756,-7.97432],[111.57739,-7.97493],[111.57685,-7.97552],[111.57669,-7.97617],[111.57665,-7.97661],[111.57666,-7.97721],[111.57677,-7.97744],[111.577,-7.97772],[111.57778,-7.9783],[111.57788,-7.97842],[111.57791,-7.97938],[111.57832,-7.98075],[111.57836,-7.98138],[111.5782,-7.98163],[111.57797,-7.98214],[111.57734,-7.98267],[111.57721,-7.98279],[111.57719,-7.98286],[111.57756,-7.9832],[111.57804,-7.98353],[111.57889,-7.9839],[111.57901,-7.98401],[111.57915,-7.98433],[111.57949,-7.98615],[111.5796,-7.98662],[111.57984,-7.98729],[111.57985,-7.9876],[111.57994,-7.98799],[111.58005,-7.98822],[111.58022,-7.98835],[111.58046,-7.98843],[111.58141,-7.98845],[111.58182,-7.98861],[111.58187,-7.98871],[111.58179,-7.98992],[111.58212,-7.99034],[111.58291,-7.99085],[111.583,-7.99101],[111.58308,-7.99175],[111.58298,-7.99244],[111.58283,-7.99154],[111.58271,-7.99123],[111.58254,-7.99095],[111.58234,-7.99075],[111.58175,-7.99042],[111.58165,-7.99025],[111.58155,-7.98992],[111.58153,-7.98975],[111.58172,-7.98906],[111.58168,-7.98891],[111.58155,-7.98879],[111.58133,-7.98866],[111.58108,-7.98862],[111.58028,-7.98866],[111.58014,-7.98857],[111.57948,-7.98748],[111.57939,-7.98716],[111.57916,-7.98597],[111.57879,-7.98513],[111.5785,-7.98476],[111.5783,-7.98457],[111.57766,-7.98424],[111.57722,-7.98391],[111.5768,-7.98337],[111.57676,-7.98315],[111.57679,-7.983],[111.57695,-7.98271],[111.5774,-7.98209],[111.57786,-7.98177],[111.57795,-7.98157],[111.57808,-7.98106],[111.57804,-7.98084],[111.57777,-7.98015],[111.57758,-7.97984],[111.57744,-7.97946],[111.57749,-7.97865],[111.57743,-7.97849],[111.57716,-7.97821],[111.5766,-7.97779],[111.57642,-7.97757],[111.57629,-7.97731],[111.57624,-7.97711],[111.57625,-7.97681],[111.57669,-7.97485],[111.5768,-7.97466],[111.57714,-7.97442],[111.57718,-7.97432],[111.57714,-7.97418],[111.57704,-7.97403],[111.57672,-7.97373],[111.57544,-7.97278],[111.57492,-7.97217],[111.57446,-7.97174],[111.5738,-7.97124],[111.5726,-7.97064],[111.57204,-7.97042],[111.57157,-7.97011],[111.57126,-7.96999],[111.57062,-7.96985],[111.57031,-7.96986],[111.56997,-7.96982],[111.56971,-7.96968],[111.56947,-7.96946],[111.56922,-7.9689],[111.56839,-7.96796],[111.56806,-7.96748],[111.56784,-7.96738],[111.56744,-7.96728],[111.56637,-7.96713],[111.56611,-7.96703],[111.56526,-7.96639],[111.5644,-7.96697],[111.56425,-7.96697],[111.56413,-7.9669],[111.56351,-7.9661],[111.56313,-7.96584],[111.56117,-7.96595],[111.56104,-7.96603],[111.56081,-7.96641],[111.56024,-7.96755],[111.56008,-7.96769],[111.55989,-7.96773],[111.55967,-7.96773],[111.55933,-7.96763],[111.55893,-7.96744],[111.55875,-7.96731],[111.55864,-7.96715],[111.55855,-7.96658],[111.55846,-7.96637],[111.5583,-7.96619],[111.55803,-7.96609],[111.55782,-7.96609],[111.55723,-7.96617],[111.55695,-7.9661],[111.55663,-7.96597],[111.55648,-7.96583],[111.55637,-7.96565],[111.5562,-7.96505],[111.55598,-7.9646],[111.55587,-7.9645],[111.55559,-7.96469],[111.55479,-7.96541],[111.5546,-7.96543],[111.55405,-7.96515],[111.55361,-7.96489],[111.55328,-7.96461],[111.55312,-7.96461],[111.55275,-7.96466],[111.55209,-7.9648],[111.55128,-7.96504],[111.55105,-7.96499],[111.55089,-7.96486],[111.55069,-7.96461],[111.55048,-7.96349],[111.55021,-7.96322],[111.54928,-7.96247],[111.54921,-7.96249],[111.54886,-7.96293],[111.54853,-7.96328],[111.5484,-7.96333],[111.54825,-7.96332],[111.54811,-7.96326],[111.54795,-7.96312],[111.54769,-7.96281],[111.54723,-7.96211],[111.5469,-7.9618],[111.54667,-7.96172],[111.5455,-7.96157],[111.54538,-7.96165],[111.54529,-7.96179],[111.54528,-7.96194],[111.54534,-7.96223],[111.54512,-7.96227],[111.54503,-7.96201],[111.54503,-7.96189],[111.5452,-7.96163],[111.54529,-7.96141],[111.54539,-7.96135],[111.54571,-7.96133],[111.54654,-7.9615]]],[[[111.53833,-7.95727],[111.53824,-7.95734],[111.53847,-7.95688],[111.5386,-7.95618],[111.53882,-7.95588],[111.53893,-7.95583],[111.53896,-7.95572],[111.53899,-7.95598],[111.53889,-7.95614],[111.5387,-7.9563],[111.53848,-7.95698],[111.53833,-7.95727]]],[[[111.61295,-7.93538],[111.61355,-7.93614],[111.61377,-7.93631],[111.61402,-7.93657],[111.61435,-7.93681],[111.61521,-7.93719],[111.61564,-7.93727],[111.61579,-7.93723],[111.61599,-7.93705],[111.61631,-7.93712],[111.6164,-7.93709],[111.61663,-7.9367],[111.61711,-7.93662],[111.61687,-7.93696],[111.61664,-7.93717],[111.61642,-7.93731],[111.61603,-7.93744],[111.61581,-7.93744],[111.61529,-7.93735],[111.61467,-7.93714],[111.61388,-7.9366],[111.61355,-7.93635],[111.6127,-7.93543],[111.61259,-7.93545],[111.6125,-7.93553],[111.612,-7.93643],[111.61207,-7.93603],[111.61224,-7.93563],[111.61244,-7.93526],[111.6127,-7.93512],[111.61295,-7.93538]]],[[[111.58203,-7.93112],[111.58236,-7.93158],[111.5829,-7.93261],[111.58316,-7.93285],[111.58406,-7.93329],[111.58562,-7.93391],[111.586,-7.93419],[111.58713,-7.93518],[111.5873,-7.93539],[111.58761,-7.93597],[111.58781,-7.9371],[111.58794,-7.93734],[111.58815,-7.93758],[111.58831,-7.93766],[111.58869,-7.93774],[111.58882,-7.93772],[111.5898,-7.93659],[111.59003,-7.93648],[111.59029,-7.93647],[111.59187,-7.93672],[111.59246,-7.93677],[111.59246,-7.93689],[111.59308,-7.93685],[111.59323,-7.93674],[111.59332,-7.93654],[111.59335,-7.93618],[111.5933,-7.93571],[111.59331,-7.93535],[111.59339,-7.93504],[111.59367,-7.93438],[111.5938,-7.93427],[111.59444,-7.93401],[111.59483,-7.93395],[111.59496,-7.93389],[111.59512,-7.93356],[111.59508,-7.93339],[111.59512,-7.93331],[111.5952,-7.93328],[111.59553,-7.93318],[111.5961,-7.9332],[111.59631,-7.93318],[111.59703,-7.93294],[111.59747,-7.93291],[111.59822,-7.93293],[111.59985,-7.93306],[111.60008,-7.93333],[111.60019,-7.93361],[111.60007,-7.93416],[111.60009,-7.93424],[111.60021,-7.93431],[111.60027,-7.93449],[111.60032,-7.93452],[111.60052,-7.93442],[111.60071,-7.93442],[111.60112,-7.93434],[111.60134,-7.93422],[111.60151,-7.93408],[111.60162,-7.93405],[111.60182,-7.93402],[111.60208,-7.93409],[111.60235,-7.93408],[111.60239,-7.934],[111.6025,-7.93397],[111.60255,-7.9339],[111.60262,-7.93388],[111.60279,-7.93371],[111.60313,-7.93369],[111.60337,-7.93374],[111.60384,-7.93399],[111.60414,-7.93436],[111.6044,-7.93458],[111.60443,-7.93472],[111.60441,-7.93491],[111.60445,-7.93505],[111.60458,-7.93517],[111.60469,-7.93567],[111.60476,-7.93571],[111.60494,-7.93577],[111.60583,-7.93593],[111.6059,-7.93599],[111.60618,-7.93582],[111.6063,-7.93561],[111.60636,-7.93538],[111.60637,-7.93515],[111.60629,-7.9348],[111.60651,-7.93464],[111.60733,-7.93527],[111.60795,-7.93594],[111.60822,-7.93609],[111.60836,-7.93608],[111.60853,-7.93614],[111.60914,-7.93585],[111.60969,-7.93569],[111.61007,-7.93573],[111.61049,-7.93567],[111.61077,-7.93579],[111.6109,-7.93592],[111.61107,-7.93623],[111.61116,-7.93649],[111.61119,-7.93679],[111.61125,-7.93683],[111.61118,-7.93712],[111.61119,-7.93722],[111.61132,-7.93728],[111.61139,-7.93725],[111.61128,-7.93735],[111.61119,-7.9373],[111.61104,-7.93713],[111.61034,-7.93591],[111.60996,-7.93594],[111.60901,-7.93625],[111.60867,-7.93644],[111.60858,-7.93642],[111.6078,-7.93599],[111.60753,-7.93573],[111.60722,-7.93535],[111.60697,-7.93513],[111.60663,-7.93493],[111.60647,-7.93502],[111.60641,-7.93516],[111.6063,-7.93584],[111.60618,-7.93597],[111.60596,-7.93609],[111.60567,-7.93609],[111.6051,-7.93601],[111.60481,-7.93592],[111.60455,-7.93574],[111.60435,-7.93553],[111.60414,-7.9347],[111.60397,-7.93441],[111.60318,-7.93378],[111.60303,-7.93377],[111.60254,-7.93428],[111.60147,-7.93431],[111.6013,-7.93441],[111.60097,-7.93486],[111.60088,-7.93487],[111.60064,-7.93482],[111.60038,-7.93471],[111.60016,-7.93453],[111.60004,-7.93433],[111.59998,-7.93397],[111.59974,-7.93333],[111.59955,-7.93311],[111.59786,-7.933],[111.59723,-7.93307],[111.59628,-7.9334],[111.59548,-7.93333],[111.59538,-7.93337],[111.59522,-7.9335],[111.59508,-7.93392],[111.59499,-7.93404],[111.59438,-7.93421],[111.59392,-7.93441],[111.59355,-7.93492],[111.5935,-7.93511],[111.59358,-7.93617],[111.59345,-7.93672],[111.59334,-7.93692],[111.5932,-7.93702],[111.59257,-7.93713],[111.59209,-7.93712],[111.59005,-7.93694],[111.58975,-7.937],[111.58937,-7.93748],[111.58877,-7.93806],[111.58844,-7.93806],[111.58821,-7.93797],[111.58779,-7.93771],[111.58759,-7.93748],[111.58747,-7.93727],[111.58733,-7.93685],[111.58715,-7.93608],[111.58699,-7.93579],[111.58639,-7.93504],[111.58572,-7.9344],[111.58539,-7.93417],[111.58484,-7.93393],[111.58415,-7.93377],[111.58372,-7.93363],[111.58308,-7.93334],[111.58268,-7.93296],[111.5825,-7.93271],[111.58227,-7.93194],[111.58211,-7.93167],[111.58171,-7.9314],[111.58154,-7.93142],[111.58053,-7.93196],[111.58037,-7.93212],[111.58019,-7.93245],[111.57951,-7.93404],[111.57941,-7.93411],[111.57886,-7.93423],[111.57857,-7.93439],[111.57848,-7.93455],[111.57851,-7.9351],[111.57829,-7.93547],[111.57812,-7.93556],[111.57794,-7.93558],[111.57767,-7.93553],[111.57667,-7.93511],[111.57652,-7.9358],[111.5764,-7.93601],[111.57619,-7.93624],[111.57591,-7.93642],[111.57468,-7.93705],[111.57394,-7.93763],[111.57326,-7.93845],[111.57288,-7.93875],[111.57254,-7.93876],[111.5723,-7.9387],[111.57198,-7.93856],[111.57177,-7.9384],[111.57126,-7.93771],[111.57106,-7.93754],[111.57089,-7.93749],[111.57074,-7.93751],[111.5705,-7.93763],[111.5699,-7.93844],[111.56965,-7.93886],[111.56943,-7.93977],[111.56937,-7.94019],[111.56925,-7.94053],[111.56913,-7.94058],[111.56854,-7.94047],[111.56721,-7.94047],[111.56681,-7.94063],[111.56657,-7.94077],[111.56642,-7.94093],[111.56641,-7.94107],[111.56648,-7.9414],[111.56684,-7.94203],[111.56689,-7.94223],[111.56681,-7.94242],[111.56666,-7.94257],[111.56631,-7.94278],[111.56568,-7.94331],[111.56517,-7.94354],[111.56455,-7.94358],[111.56422,-7.94356],[111.56379,-7.94347],[111.56274,-7.94315],[111.56144,-7.9426],[111.5613,-7.94266],[111.56107,-7.94289],[111.56084,-7.94305],[111.56,-7.94358],[111.55889,-7.94455],[111.55883,-7.94469],[111.55883,-7.94487],[111.5589,-7.94518],[111.55909,-7.94566],[111.55953,-7.94643],[111.56014,-7.94682],[111.56026,-7.94698],[111.55969,-7.94791],[111.55906,-7.94827],[111.5587,-7.94841],[111.55845,-7.94842],[111.5581,-7.94838],[111.55708,-7.94807],[111.55686,-7.94813],[111.55673,-7.94822],[111.55658,-7.94861],[111.55631,-7.94906],[111.55571,-7.94977],[111.55533,-7.9503],[111.55525,-7.95033],[111.55505,-7.95029],[111.55371,-7.94903],[111.55349,-7.94891],[111.55343,-7.94893],[111.55317,-7.94931],[111.55288,-7.94946],[111.55244,-7.94956],[111.55195,-7.94955],[111.55092,-7.94946],[111.55078,-7.94943],[111.55061,-7.94945],[111.5505,-7.94954],[111.55039,-7.94984],[111.54973,-7.95108],[111.54948,-7.95174],[111.5493,-7.95188],[111.54688,-7.95269],[111.54596,-7.95296],[111.54563,-7.95298],[111.54537,-7.95294],[111.54493,-7.95256],[111.54391,-7.95204],[111.54362,-7.95208],[111.54352,-7.95219],[111.54334,-7.95248],[111.54321,-7.95322],[111.54301,-7.95353],[111.543,-7.95346],[111.54286,-7.95348],[111.54273,-7.95345],[111.54266,-7.95337],[111.54213,-7.95317],[111.54137,-7.95322],[111.54057,-7.9539],[111.54034,-7.95405],[111.53977,-7.95465],[111.53963,-7.95474],[111.53908,-7.95486],[111.53892,-7.95495],[111.53886,-7.95501],[111.53896,-7.95568],[111.53888,-7.95553],[111.53888,-7.95523],[111.5388,-7.95502],[111.5388,-7.95491],[111.53871,-7.95489],[111.53875,-7.95478],[111.53921,-7.95462],[111.53978,-7.9545],[111.54019,-7.954],[111.54057,-7.9538],[111.54087,-7.95349],[111.54102,-7.95322],[111.54107,-7.95297],[111.5412,-7.95115],[111.54106,-7.95098],[111.54088,-7.95089],[111.5405,-7.95082],[111.54022,-7.95072],[111.53975,-7.95035],[111.53793,-7.94943],[111.53719,-7.94912],[111.53673,-7.94909],[111.53653,-7.94914],[111.53642,-7.94922],[111.53642,-7.94929],[111.53666,-7.94998],[111.53665,-7.95012],[111.53658,-7.95023],[111.53632,-7.95042],[111.53571,-7.95079],[111.53536,-7.9508],[111.53505,-7.95094],[111.53478,-7.95114],[111.53358,-7.95245],[111.53326,-7.9527],[111.5331,-7.95274],[111.53285,-7.95268],[111.53233,-7.95229],[111.53176,-7.95205],[111.53147,-7.95205],[111.53138,-7.95211],[111.53127,-7.95225],[111.53156,-7.95276],[111.53162,-7.95321],[111.53151,-7.95349],[111.53147,-7.95333],[111.53147,-7.95269],[111.53126,-7.95226],[111.53128,-7.95194],[111.53148,-7.95186],[111.53173,-7.95184],[111.53219,-7.95197],[111.53281,-7.95235],[111.53297,-7.95237],[111.53321,-7.95234],[111.53336,-7.95225],[111.53402,-7.95146],[111.53466,-7.95079],[111.53568,-7.95039],[111.53595,-7.95026],[111.53612,-7.95011],[111.53622,-7.94982],[111.53618,-7.94935],[111.53622,-7.9492],[111.53631,-7.94907],[111.53661,-7.94891],[111.53695,-7.9489],[111.53824,-7.94932],[111.53873,-7.94956],[111.53972,-7.95011],[111.54096,-7.95054],[111.54126,-7.9507],[111.54135,-7.9508],[111.54148,-7.95218],[111.54155,-7.9526],[111.54162,-7.95283],[111.54168,-7.95289],[111.54206,-7.95286],[111.54289,-7.95308],[111.54302,-7.95305],[111.54316,-7.9524],[111.54328,-7.95221],[111.54353,-7.95199],[111.54381,-7.95187],[111.54412,-7.95182],[111.54431,-7.95182],[111.54484,-7.9523],[111.54525,-7.95257],[111.5455,-7.95267],[111.54578,-7.9527],[111.54621,-7.95265],[111.54664,-7.95254],[111.54791,-7.95211],[111.54868,-7.95193],[111.54889,-7.95184],[111.54916,-7.95162],[111.54943,-7.95131],[111.5496,-7.95099],[111.54968,-7.95038],[111.5499,-7.94995],[111.54992,-7.94983],[111.55018,-7.94946],[111.55032,-7.94935],[111.55056,-7.94929],[111.5513,-7.94926],[111.55224,-7.94928],[111.55292,-7.9492],[111.55305,-7.94912],[111.55329,-7.94871],[111.55341,-7.9487],[111.55371,-7.9488],[111.5545,-7.94935],[111.55487,-7.9498],[111.55505,-7.94986],[111.5552,-7.94986],[111.55556,-7.9494],[111.55581,-7.94915],[111.5567,-7.94789],[111.55683,-7.94782],[111.557,-7.94779],[111.55773,-7.94803],[111.55841,-7.94817],[111.5587,-7.94812],[111.5596,-7.94768],[111.56,-7.94711],[111.55902,-7.94623],[111.55872,-7.94538],[111.5586,-7.94494],[111.55858,-7.94468],[111.55863,-7.94452],[111.55879,-7.94434],[111.55923,-7.94394],[111.56107,-7.94262],[111.56149,-7.9421],[111.56167,-7.9421],[111.56185,-7.94218],[111.56243,-7.94273],[111.5629,-7.94297],[111.56328,-7.94311],[111.56479,-7.94339],[111.56508,-7.94335],[111.5654,-7.94319],[111.56584,-7.9429],[111.56604,-7.94271],[111.56629,-7.94226],[111.56633,-7.942],[111.56613,-7.9413],[111.56608,-7.94096],[111.56609,-7.94076],[111.56672,-7.94052],[111.56757,-7.94029],[111.56904,-7.94037],[111.56913,-7.94032],[111.56932,-7.93931],[111.56936,-7.93893],[111.56979,-7.93814],[111.57035,-7.93757],[111.57061,-7.93735],[111.57108,-7.93706],[111.57119,-7.93705],[111.57155,-7.93748],[111.57187,-7.93799],[111.57214,-7.93824],[111.57242,-7.93844],[111.57255,-7.93851],[111.57268,-7.93851],[111.5729,-7.93837],[111.5732,-7.93797],[111.57414,-7.93711],[111.57464,-7.93675],[111.57564,-7.93617],[111.57622,-7.93573],[111.57635,-7.93549],[111.5764,-7.93534],[111.57639,-7.93526],[111.57618,-7.93521],[111.57612,-7.93514],[111.57611,-7.9349],[111.57616,-7.93474],[111.57628,-7.93467],[111.5765,-7.93464],[111.57673,-7.93469],[111.57789,-7.93525],[111.57803,-7.9353],[111.57812,-7.93527],[111.5782,-7.93513],[111.57814,-7.93442],[111.5782,-7.93429],[111.57853,-7.93408],[111.57878,-7.93397],[111.57926,-7.93387],[111.57938,-7.93376],[111.57951,-7.93343],[111.57965,-7.9328],[111.57968,-7.93247],[111.57976,-7.93228],[111.58026,-7.93178],[111.58082,-7.9313],[111.58107,-7.93113],[111.58134,-7.93102],[111.58173,-7.93098],[111.58187,-7.931],[111.58203,-7.93112]]]]}},{"type":"Feature","properties":{"ptnsbjname":"Kl, Bam, Rbt","namobj":"Kebun Campuran","_cls":"Kebun Campuran"},"geometry":{"type":"Polygon","coordinates":[[[111.6306,-8.0017],[111.63074,-8.0018],[111.6307,-8.00242],[111.63073,-8.00288],[111.63076,-8.00305],[111.63087,-8.00316],[111.63107,-8.00321],[111.63043,-8.00355],[111.63038,-8.00362],[111.62997,-8.00363],[111.62895,-8.00438],[111.6285,-8.00459],[111.62787,-8.00472],[111.62738,-8.00498],[111.62709,-8.00552],[111.6267,-8.00602],[111.62602,-8.00667],[111.62543,-8.00709],[111.625,-8.00746],[111.62427,-8.00764],[111.62418,-8.00727],[111.62404,-8.00704],[111.6238,-8.00695],[111.62367,-8.00687],[111.62418,-8.00635],[111.62478,-8.00555],[111.62506,-8.00523],[111.62543,-8.00489],[111.62569,-8.00461],[111.62586,-8.00437],[111.62627,-8.00428],[111.6271,-8.00392],[111.62747,-8.00287],[111.62776,-8.00238],[111.62773,-8.00211],[111.62765,-8.00195],[111.6274,-8.00168],[111.62713,-8.00117],[111.6271,-8.00101],[111.62711,-7.99986],[111.62746,-7.99986],[111.62745,-7.99999],[111.62812,-8.00006],[111.62849,-7.99993],[111.62856,-8.00014],[111.62856,-8.00057],[111.62873,-8.0014],[111.62912,-8.00139],[111.63005,-8.00112],[111.63052,-8.00169],[111.6306,-8.0017]]]}},{"type":"Feature","properties":{"ptnsbjname":"Kl, Bam, Rbt","namobj":"Kebun Campuran","_cls":"Kebun Campuran"},"geometry":{"type":"Polygon","coordinates":[[[111.62905,-7.98392],[111.6291,-7.98279],[111.6273,-7.98284],[111.62709,-7.98167],[111.62836,-7.98115],[111.62834,-7.9809],[111.62724,-7.98101],[111.62683,-7.98058],[111.62667,-7.98054],[111.62605,-7.98073],[111.62605,-7.98114],[111.6263,-7.98109],[111.62653,-7.982],[111.62608,-7.98227],[111.62643,-7.98397],[111.62761,-7.98385],[111.62771,-7.98416],[111.62887,-7.98387],[111.62905,-7.98392],[111.62892,-7.9841],[111.62868,-7.98428],[111.62838,-7.98444],[111.62787,-7.98463],[111.62733,-7.98475],[111.62698,-7.98475],[111.62636,-7.98469],[111.62594,-7.98461],[111.62564,-7.98436],[111.6256,-7.98384],[111.62536,-7.9829],[111.62536,-7.98265],[111.62559,-7.98183],[111.6256,-7.98149],[111.62553,-7.98128],[111.62539,-7.98116],[111.62527,-7.981],[111.62453,-7.98064],[111.62426,-7.98044],[111.6246,-7.98031],[111.62501,-7.98028],[111.62511,-7.98021],[111.62535,-7.97949],[111.62607,-7.97934],[111.62704,-7.97926],[111.62714,-7.9782],[111.62724,-7.97813],[111.62805,-7.97829],[111.62827,-7.97784],[111.62711,-7.9774],[111.6273,-7.97719],[111.62747,-7.97684],[111.62808,-7.9765],[111.6287,-7.97624],[111.62905,-7.97614],[111.62985,-7.97601],[111.63047,-7.97567],[111.63108,-7.97552],[111.63136,-7.97539],[111.63157,-7.97524],[111.63183,-7.97453],[111.63217,-7.97412],[111.63243,-7.9743],[111.63267,-7.9743],[111.6331,-7.97417],[111.63319,-7.9742],[111.63338,-7.97444],[111.6334,-7.97461],[111.63301,-7.97538],[111.63297,-7.97556],[111.63318,-7.976],[111.63315,-7.97661],[111.63268,-7.97691],[111.63186,-7.97756],[111.63164,-7.97763],[111.6311,-7.9776],[111.63094,-7.97768],[111.63058,-7.97817],[111.63039,-7.97824],[111.62998,-7.97823],[111.62957,-7.97815],[111.62878,-7.97779],[111.62876,-7.97837],[111.62866,-7.97877],[111.62828,-7.97987],[111.62831,-7.98005],[111.6286,-7.98068],[111.62886,-7.98105],[111.62879,-7.98195],[111.62886,-7.98223],[111.62927,-7.98308],[111.62927,-7.9833],[111.62921,-7.98359],[111.62905,-7.98392]]]}},{"type":"Feature","properties":{"ptnsbjname":"Kl, Nk, Bam","namobj":"Kebun Campuran","_cls":"Kebun Campuran"},"geometry":{"type":"Polygon","coordinates":[[[111.62892,-7.96412],[111.62907,-7.96399],[111.62964,-7.96263],[111.62993,-7.9626],[111.63016,-7.96266],[111.63021,-7.96275],[111.63013,-7.96316],[111.63017,-7.96339],[111.63046,-7.96374],[111.63043,-7.96411],[111.63044,-7.96456],[111.6303,-7.96487],[111.62988,-7.96562],[111.62967,-7.96581],[111.62949,-7.9659],[111.62907,-7.96587],[111.62875,-7.96597],[111.62855,-7.96597],[111.62821,-7.96584],[111.62902,-7.96521],[111.62925,-7.96495],[111.62938,-7.96467],[111.62936,-7.96455],[111.62918,-7.96433],[111.62892,-7.96412]]]}},{"type":"Feature","properties":{"ptnsbjname":"-","namobj":"Sungai/Danau","_cls":"Sungai/Danau"},"geometry":{"type":"Polygon","coordinates":[[[111.57679,-8.03858],[111.57671,-8.03871],[111.57634,-8.03876],[111.57462,-8.03971],[111.57432,-8.04],[111.57412,-8.0405],[111.57409,-8.04211],[111.57375,-8.04283],[111.57366,-8.0431],[111.57359,-8.04369],[111.57384,-8.04466],[111.5735,-8.0463],[111.57352,-8.0468],[111.57345,-8.04763],[111.57339,-8.04782],[111.57327,-8.04795],[111.57268,-8.04823],[111.57189,-8.04837],[111.57092,-8.04834],[111.57026,-8.0484],[111.56979,-8.04867],[111.5696,-8.0487],[111.56911,-8.04872],[111.56851,-8.04892],[111.56828,-8.04891],[111.56761,-8.0488],[111.56716,-8.04869],[111.56577,-8.04796],[111.56542,-8.04795],[111.56486,-8.04799],[111.56468,-8.04806],[111.56459,-8.04828],[111.56457,-8.04852],[111.56426,-8.0492],[111.56408,-8.04944],[111.5637,-8.04957],[111.56297,-8.04968],[111.56286,-8.04967],[111.56263,-8.04957],[111.56239,-8.04932],[111.56271,-8.04956],[111.56298,-8.04962],[111.56399,-8.04942],[111.56412,-8.04927],[111.56423,-8.04908],[111.56465,-8.04801],[111.56527,-8.04785],[111.56557,-8.04782],[111.56591,-8.04788],[111.56649,-8.0483],[111.56719,-8.0486],[111.56754,-8.04871],[111.56846,-8.04886],[111.56921,-8.04859],[111.56961,-8.04857],[111.57054,-8.04821],[111.57094,-8.0482],[111.57154,-8.04827],[111.57194,-8.04825],[111.57265,-8.04812],[111.57295,-8.04797],[111.57323,-8.0477],[111.57332,-8.04752],[111.57361,-8.04506],[111.57368,-8.04471],[111.57349,-8.04372],[111.57371,-8.04278],[111.57399,-8.04209],[111.57395,-8.04064],[111.57403,-8.04034],[111.57425,-8.03993],[111.57448,-8.03968],[111.57495,-8.03934],[111.57598,-8.03871],[111.57651,-8.03858],[111.57679,-8.03858]]]}},{"type":"Feature","properties":{"ptnsbjname":"Kd, Jg, Ps","namobj":"Tegalan/Ladang","_cls":"Tegalan/Ladang"},"geometry":{"type":"MultiPolygon","coordinates":[[[[111.65625,-7.99543],[111.65622,-7.99544],[111.65623,-7.99512],[111.65623,-7.99515],[111.65625,-7.99543]]],[[[111.63675,-7.95736],[111.63729,-7.95811],[111.63751,-7.95811],[111.63766,-7.958],[111.63794,-7.95745],[111.63814,-7.95734],[111.63835,-7.95711],[111.63849,-7.95716],[111.63855,-7.95692],[111.63853,-7.95691],[111.6389,-7.95696],[111.63873,-7.95743],[111.63871,-7.95778],[111.63883,-7.95831],[111.63879,-7.95859],[111.63901,-7.95874],[111.63917,-7.95899],[111.63906,-7.9591],[111.63891,-7.95951],[111.63772,-7.96082],[111.63702,-7.96268],[111.63678,-7.96371],[111.63672,-7.96421],[111.6368,-7.96481],[111.63696,-7.96537],[111.63836,-7.96611],[111.63908,-7.96642],[111.63968,-7.96657],[111.64093,-7.96705],[111.64158,-7.9672],[111.64196,-7.96744],[111.64256,-7.9676],[111.64322,-7.96766],[111.6441,-7.96812],[111.64442,-7.96822],[111.64465,-7.96821],[111.64484,-7.96816],[111.64497,-7.96817],[111.64528,-7.96837],[111.64545,-7.96843],[111.64657,-7.96846],[111.64713,-7.9686],[111.64745,-7.96864],[111.64777,-7.96841],[111.6486,-7.96837],[111.64867,-7.96831],[111.64886,-7.96792],[111.64922,-7.96754],[111.64932,-7.96748],[111.64948,-7.96747],[111.64988,-7.96734],[111.65009,-7.96723],[111.65073,-7.96718],[111.6513,-7.96698],[111.65201,-7.9665],[111.65298,-7.96639],[111.65366,-7.96655],[111.65569,-7.96719],[111.65527,-7.96742],[111.65488,-7.96801],[111.65452,-7.96874],[111.65538,-7.96887],[111.65543,-7.96894],[111.65546,-7.96916],[111.65542,-7.96929],[111.65506,-7.96979],[111.65508,-7.96988],[111.65519,-7.96998],[111.65539,-7.97008],[111.65549,-7.97006],[111.65574,-7.96991],[111.65597,-7.9697],[111.65641,-7.96977],[111.65651,-7.9697],[111.65686,-7.96932],[111.65703,-7.96926],[111.65712,-7.96968],[111.6571,-7.97023],[111.65703,-7.97054],[111.65655,-7.97162],[111.6564,-7.97217],[111.65633,-7.97277],[111.65631,-7.97338],[111.65625,-7.97387],[111.65611,-7.97397],[111.65592,-7.97279],[111.65595,-7.97252],[111.65556,-7.97237],[111.65539,-7.97243],[111.65472,-7.97309],[111.65463,-7.97349],[111.6546,-7.97426],[111.65432,-7.97438],[111.65416,-7.97434],[111.6541,-7.97429],[111.654,-7.97412],[111.65394,-7.97392],[111.65392,-7.97369],[111.65393,-7.97318],[111.65389,-7.97305],[111.65378,-7.9729],[111.65362,-7.97278],[111.65332,-7.97264],[111.65305,-7.97257],[111.65276,-7.9724],[111.65276,-7.97186],[111.65259,-7.97165],[111.65247,-7.97185],[111.65169,-7.97281],[111.65149,-7.97331],[111.6514,-7.97367],[111.65128,-7.9739],[111.65109,-7.97396],[111.65013,-7.97401],[111.65008,-7.97422],[111.64997,-7.97453],[111.64984,-7.97475],[111.64949,-7.97517],[111.64907,-7.97554],[111.64822,-7.97642],[111.64795,-7.97693],[111.64765,-7.97764],[111.64739,-7.97797],[111.64719,-7.97814],[111.64659,-7.97825],[111.64635,-7.97842],[111.6461,-7.97872],[111.64522,-7.98013],[111.64493,-7.98051],[111.64476,-7.98082],[111.64473,-7.98105],[111.64477,-7.9812],[111.64501,-7.98143],[111.6451,-7.98146],[111.64513,-7.98184],[111.64497,-7.98262],[111.6447,-7.98362],[111.64436,-7.98481],[111.64423,-7.98503],[111.64406,-7.98525],[111.6438,-7.98538],[111.6433,-7.98544],[111.64294,-7.98552],[111.64281,-7.98541],[111.64267,-7.98536],[111.6422,-7.98536],[111.64224,-7.98567],[111.64238,-7.98599],[111.64265,-7.98643],[111.64262,-7.98685],[111.64264,-7.98727],[111.64275,-7.9874],[111.64288,-7.98746],[111.64309,-7.98751],[111.6434,-7.98748],[111.64351,-7.98741],[111.64376,-7.9872],[111.64393,-7.98696],[111.64408,-7.98661],[111.64419,-7.98653],[111.64433,-7.98653],[111.64482,-7.98672],[111.64508,-7.98676],[111.64529,-7.98671],[111.64552,-7.98654],[111.64593,-7.98617],[111.64601,-7.98619],[111.6461,-7.98628],[111.64612,-7.9864],[111.64606,-7.98656],[111.64589,-7.98679],[111.64581,-7.98679],[111.64584,-7.98697],[111.64603,-7.98724],[111.64631,-7.98752],[111.64703,-7.98817],[111.64731,-7.98854],[111.64759,-7.98911],[111.6477,-7.98952],[111.6478,-7.9897],[111.64806,-7.98994],[111.6483,-7.99005],[111.64889,-7.99019],[111.6491,-7.99029],[111.64984,-7.99076],[111.65007,-7.99039],[111.65014,-7.99013],[111.65014,-7.98998],[111.64994,-7.98953],[111.65,-7.98924],[111.65114,-7.98923],[111.65163,-7.98934],[111.65164,-7.9895],[111.65216,-7.98958],[111.65214,-7.99027],[111.65224,-7.99088],[111.65232,-7.99117],[111.65231,-7.99129],[111.65224,-7.99145],[111.65229,-7.99162],[111.65252,-7.99152],[111.65282,-7.99149],[111.65343,-7.9909],[111.65394,-7.9907],[111.65414,-7.99089],[111.65485,-7.99078],[111.65501,-7.99085],[111.65517,-7.99099],[111.6554,-7.99132],[111.65566,-7.99194],[111.6557,-7.9921],[111.65587,-7.9924],[111.65606,-7.99263],[111.65613,-7.99261],[111.65626,-7.99358],[111.65621,-7.99479],[111.65556,-7.9948],[111.65558,-7.995],[111.65426,-7.99559],[111.65418,-7.99528],[111.65336,-7.99559],[111.65254,-7.99555],[111.65247,-7.99573],[111.65178,-7.99554],[111.65167,-7.9958],[111.65233,-7.99607],[111.65221,-7.99632],[111.65156,-7.99634],[111.65104,-7.99622],[111.65084,-7.99609],[111.65063,-7.99586],[111.65054,-7.99558],[111.6503,-7.99541],[111.64991,-7.99564],[111.6498,-7.99577],[111.64975,-7.99596],[111.6498,-7.99609],[111.64915,-7.99573],[111.64878,-7.99563],[111.64838,-7.9956],[111.64808,-7.99563],[111.64789,-7.99574],[111.64726,-7.99621],[111.6466,-7.99666],[111.64623,-7.99684],[111.64602,-7.99687],[111.64583,-7.99684],[111.64555,-7.9967],[111.64537,-7.99653],[111.64558,-7.99631],[111.64548,-7.99622],[111.64526,-7.99584],[111.64513,-7.9958],[111.64466,-7.99584],[111.64455,-7.99576],[111.64453,-7.99565],[111.64471,-7.99541],[111.64467,-7.99532],[111.64454,-7.99522],[111.64401,-7.99491],[111.64392,-7.99481],[111.64396,-7.99462],[111.64391,-7.99445],[111.64368,-7.99419],[111.64364,-7.9941],[111.64396,-7.99395],[111.6441,-7.99397],[111.6445,-7.99383],[111.64486,-7.99392],[111.64542,-7.99385],[111.64584,-7.994],[111.64625,-7.99403],[111.64687,-7.99373],[111.64696,-7.99286],[111.64694,-7.99279],[111.64689,-7.99278],[111.64652,-7.99286],[111.64626,-7.99271],[111.64605,-7.99267],[111.64577,-7.99254],[111.64567,-7.99252],[111.6456,-7.9926],[111.64553,-7.99306],[111.64524,-7.99321],[111.64517,-7.99299],[111.64517,-7.99272],[111.64464,-7.99248],[111.64491,-7.99211],[111.6447,-7.9919],[111.64409,-7.99228],[111.64388,-7.99209],[111.64317,-7.99164],[111.64274,-7.99127],[111.64255,-7.99124],[111.64188,-7.99131],[111.64178,-7.99216],[111.64181,-7.99238],[111.64223,-7.99321],[111.64237,-7.99372],[111.64235,-7.99389],[111.64222,-7.9941],[111.64206,-7.99425],[111.64193,-7.99417],[111.64173,-7.99415],[111.64155,-7.99423],[111.64113,-7.99451],[111.64055,-7.99521],[111.64017,-7.99561],[111.64003,-7.99564],[111.63958,-7.99552],[111.63933,-7.99548],[111.63941,-7.9957],[111.63957,-7.99672],[111.63974,-7.99751],[111.6399,-7.99793],[111.64004,-7.99812],[111.64073,-7.99849],[111.64066,-7.99885],[111.64161,-7.99889],[111.64259,-7.99877],[111.64261,-8.00022],[111.6427,-8.0004],[111.64317,-8.00105],[111.64321,-8.00145],[111.64285,-8.00132],[111.64275,-8.00191],[111.6429,-8.002],[111.64278,-8.00255],[111.64279,-8.00303],[111.64339,-8.00309],[111.64343,-8.00291],[111.64388,-8.00293],[111.64473,-8.00343],[111.64449,-8.00391],[111.64406,-8.00442],[111.64381,-8.00458],[111.64342,-8.00472],[111.64339,-8.00498],[111.64333,-8.00514],[111.643,-8.00521],[111.6426,-8.00526],[111.64242,-8.00536],[111.64147,-8.00526],[111.64145,-8.00535],[111.64135,-8.00524],[111.64121,-8.00523],[111.63929,-8.00326],[111.63799,-8.00249],[111.63723,-8.00208],[111.63611,-8.00215],[111.63528,-8.00258],[111.6343,-8.00326],[111.63376,-8.00353],[111.63334,-8.00395],[111.63325,-8.00416],[111.63298,-8.00405],[111.63317,-8.00382],[111.63323,-8.0037],[111.63331,-8.00347],[111.63333,-8.0032],[111.6334,-8.003],[111.63375,-8.00259],[111.63399,-8.0024],[111.63526,-8.00156],[111.63557,-8.00127],[111.6357,-8.00105],[111.6357,-8.00086],[111.63563,-8.00069],[111.63553,-8.00062],[111.63545,-8.00083],[111.63519,-8.00122],[111.63451,-8.00156],[111.63386,-8.00176],[111.63359,-8.00174],[111.63322,-8.00164],[111.63324,-8.00152],[111.63294,-8.00071],[111.63296,-8.00089],[111.63277,-8.0009],[111.63256,-8.00082],[111.63201,-8.00018],[111.63175,-8.00004],[111.63148,-7.99995],[111.63129,-7.99992],[111.63108,-8.00002],[111.63068,-8.00012],[111.63064,-7.99982],[111.63037,-7.99983],[111.63052,-7.99926],[111.63097,-7.99874],[111.63111,-7.99799],[111.63054,-7.99757],[111.63077,-7.99733],[111.63088,-7.9971],[111.63152,-7.99719],[111.63177,-7.99635],[111.63113,-7.99612],[111.63128,-7.99559],[111.63164,-7.99541],[111.63169,-7.99482],[111.63148,-7.99474],[111.63092,-7.99467],[111.63068,-7.99474],[111.63062,-7.99541],[111.63089,-7.99559],[111.63055,-7.99634],[111.63034,-7.99698],[111.62985,-7.99734],[111.62919,-7.99721],[111.62881,-7.99693],[111.6287,-7.99719],[111.62806,-7.99793],[111.62801,-7.99826],[111.62801,-7.99873],[111.6275,-7.99949],[111.62746,-7.99986],[111.62711,-7.99986],[111.6271,-8.00101],[111.62713,-8.00117],[111.6274,-8.00168],[111.62765,-8.00195],[111.62773,-8.00211],[111.62776,-8.00238],[111.62747,-8.00287],[111.6271,-8.00392],[111.62627,-8.00428],[111.62586,-8.00437],[111.62569,-8.00461],[111.62526,-8.00505],[111.62496,-8.00454],[111.62414,-8.00379],[111.6237,-8.0045],[111.62337,-8.00532],[111.62342,-8.00616],[111.62398,-8.00657],[111.62367,-8.00687],[111.62318,-8.0065],[111.62286,-8.00674],[111.62252,-8.00688],[111.62178,-8.00699],[111.62132,-8.00748],[111.62099,-8.0076],[111.62101,-8.00551],[111.62077,-8.00551],[111.6206,-8.00546],[111.6206,-8.00515],[111.62074,-8.00508],[111.62098,-8.0049],[111.62104,-8.00475],[111.62111,-8.00417],[111.62102,-8.00413],[111.62106,-7.99977],[111.62123,-7.99963],[111.62149,-7.99883],[111.62167,-7.99854],[111.62182,-7.99838],[111.62227,-7.99805],[111.6222,-7.99798],[111.62186,-7.99788],[111.62107,-7.99747],[111.62117,-7.9862],[111.62159,-7.98663],[111.62235,-7.98694],[111.62284,-7.9872],[111.62301,-7.9874],[111.6233,-7.98804],[111.62384,-7.98865],[111.62435,-7.9894],[111.62432,-7.98615],[111.62366,-7.98598],[111.62357,-7.98593],[111.62348,-7.98574],[111.62347,-7.98517],[111.62323,-7.98511],[111.62287,-7.98507],[111.62255,-7.98511],[111.62194,-7.98502],[111.62182,-7.98507],[111.62141,-7.98532],[111.62049,-7.98548],[111.62028,-7.98532],[111.62003,-7.98521],[111.61983,-7.98517],[111.61896,-7.98532],[111.61863,-7.98528],[111.61813,-7.98513],[111.61777,-7.98494],[111.61684,-7.98459],[111.61594,-7.98452],[111.61583,-7.98442],[111.61552,-7.98442],[111.61544,-7.98439],[111.61538,-7.98419],[111.61492,-7.98331],[111.61491,-7.98324],[111.61524,-7.98318],[111.61537,-7.98294],[111.61554,-7.98282],[111.61641,-7.98275],[111.61681,-7.98252],[111.61714,-7.98223],[111.61726,-7.98206],[111.61749,-7.98183],[111.61766,-7.98172],[111.61814,-7.98167],[111.61853,-7.98156],[111.61859,-7.98148],[111.61845,-7.98129],[111.6184,-7.98113],[111.61896,-7.98104],[111.61978,-7.98077],[111.62006,-7.98051],[111.62025,-7.98005],[111.62028,-7.97952],[111.62012,-7.97937],[111.61997,-7.97928],[111.61998,-7.9792],[111.6201,-7.97911],[111.62027,-7.97904],[111.62026,-7.97801],[111.62057,-7.97781],[111.62085,-7.97758],[111.62175,-7.97722],[111.62251,-7.97683],[111.62258,-7.97675],[111.6227,-7.97627],[111.62289,-7.97574],[111.623,-7.97589],[111.62324,-7.97608],[111.62383,-7.97666],[111.62413,-7.97701],[111.6242,-7.97719],[111.62462,-7.97716],[111.62533,-7.97755],[111.62584,-7.97778],[111.62614,-7.97783],[111.62616,-7.97767],[111.62591,-7.97715],[111.62567,-7.97673],[111.6254,-7.97613],[111.62472,-7.97579],[111.6242,-7.97546],[111.6242,-7.97475],[111.62441,-7.97496],[111.62459,-7.97508],[111.62481,-7.97511],[111.62507,-7.97508],[111.62558,-7.97515],[111.62594,-7.97514],[111.62721,-7.97558],[111.62794,-7.97572],[111.62825,-7.97568],[111.6285,-7.97549],[111.62892,-7.975],[111.62932,-7.97465],[111.62953,-7.97456],[111.63053,-7.97433],[111.62986,-7.97424],[111.62968,-7.97412],[111.6296,-7.97399],[111.62958,-7.97385],[111.62965,-7.97363],[111.6302,-7.97318],[111.6308,-7.97303],[111.63128,-7.97306],[111.6318,-7.97333],[111.63244,-7.97349],[111.63284,-7.97342],[111.63386,-7.97314],[111.63421,-7.97287],[111.63439,-7.97279],[111.63433,-7.9726],[111.63456,-7.9722],[111.63478,-7.97199],[111.63544,-7.97157],[111.63559,-7.97136],[111.63571,-7.97091],[111.63674,-7.971],[111.6368,-7.97075],[111.6368,-7.97031],[111.63687,-7.96985],[111.63703,-7.96939],[111.63767,-7.96927],[111.63805,-7.96897],[111.63878,-7.96852],[111.63901,-7.96822],[111.63885,-7.96785],[111.63859,-7.96752],[111.63835,-7.96735],[111.6379,-7.9671],[111.63742,-7.9669],[111.63669,-7.96628],[111.6359,-7.96575],[111.63588,-7.96562],[111.63547,-7.96556],[111.63501,-7.9656],[111.63458,-7.96574],[111.63436,-7.96472],[111.63387,-7.96524],[111.63345,-7.96547],[111.63278,-7.96567],[111.63276,-7.96518],[111.63267,-7.96506],[111.63234,-7.96479],[111.63103,-7.96573],[111.63047,-7.96625],[111.63019,-7.96656],[111.63001,-7.96694],[111.63008,-7.96738],[111.62989,-7.96781],[111.62867,-7.96725],[111.62811,-7.96731],[111.62752,-7.96715],[111.62729,-7.96716],[111.62645,-7.96736],[111.62631,-7.96731],[111.62638,-7.96684],[111.62631,-7.96663],[111.62612,-7.96632],[111.62655,-7.96605],[111.62698,-7.96542],[111.62714,-7.96529],[111.6277,-7.96538],[111.62783,-7.96531],[111.62807,-7.96453],[111.62815,-7.9644],[111.62867,-7.96428],[111.62892,-7.96412],[111.62918,-7.96433],[111.62936,-7.96455],[111.62938,-7.96467],[111.62925,-7.96495],[111.62902,-7.96521],[111.62821,-7.96584],[111.62855,-7.96597],[111.62875,-7.96597],[111.62907,-7.96587],[111.62949,-7.9659],[111.62967,-7.96581],[111.62988,-7.96562],[111.6303,-7.96487],[111.63044,-7.96456],[111.63043,-7.96411],[111.63046,-7.96374],[111.63017,-7.96339],[111.63013,-7.96326],[111.63021,-7.96275],[111.63016,-7.96266],[111.63001,-7.9626],[111.62964,-7.96263],[111.62977,-7.96237],[111.62988,-7.96227],[111.63041,-7.96191],[111.6306,-7.96204],[111.63067,-7.96213],[111.63087,-7.96215],[111.63099,-7.96209],[111.6312,-7.96174],[111.6314,-7.96151],[111.63104,-7.96143],[111.63081,-7.96146],[111.62927,-7.9614],[111.63029,-7.96048],[111.63061,-7.96027],[111.63066,-7.96008],[111.63064,-7.95991],[111.63053,-7.95957],[111.63038,-7.95936],[111.63025,-7.95929],[111.62999,-7.95924],[111.62992,-7.95918],[111.63026,-7.95866],[111.63045,-7.95849],[111.63068,-7.95811],[111.63136,-7.95788],[111.6315,-7.95777],[111.63161,-7.95781],[111.63165,-7.95819],[111.63183,-7.95815],[111.63202,-7.95822],[111.6326,-7.95814],[111.63273,-7.95807],[111.63281,-7.95795],[111.63279,-7.95784],[111.63297,-7.95769],[111.63346,-7.95707],[111.63364,-7.95697],[111.63396,-7.95689],[111.63455,-7.95636],[111.63495,-7.95592],[111.63511,-7.95588],[111.63534,-7.95588],[111.63533,-7.95594],[111.63557,-7.95601],[111.63554,-7.95663],[111.63633,-7.95696],[111.6365,-7.95709],[111.63675,-7.95736]],[[111.64063,-7.97066],[111.64145,-7.97083],[111.64209,-7.9708],[111.64259,-7.97086],[111.64282,-7.97096],[111.64318,-7.97102],[111.64341,-7.97113],[111.64357,-7.97132],[111.64365,-7.97151],[111.64384,-7.97214],[111.64397,-7.97245],[111.64414,-7.9735],[111.64421,-7.97356],[111.64472,-7.97354],[111.64484,-7.97367],[111.64498,-7.97395],[111.64512,-7.97435],[111.64529,-7.9745],[111.64546,-7.97457],[111.64561,-7.97456],[111.64587,-7.97451],[111.64613,-7.9744],[111.64678,-7.97383],[111.64683,-7.97364],[111.64682,-7.97325],[111.64677,-7.97305],[111.64619,-7.9716],[111.6461,-7.97143],[111.64578,-7.97102],[111.6455,-7.97084],[111.6452,-7.97073],[111.64509,-7.97012],[111.64459,-7.97011],[111.64438,-7.97019],[111.64425,-7.96978],[111.64386,-7.97013],[111.6436,-7.97023],[111.6435,-7.96988],[111.64304,-7.96995],[111.64303,-7.96955],[111.64361,-7.96937],[111.64367,-7.96896],[111.64264,-7.96922],[111.64217,-7.96927],[111.64212,-7.96795],[111.64129,-7.96799],[111.64116,-7.96809],[111.64105,-7.96827],[111.64097,-7.96846],[111.641,-7.96887],[111.64091,-7.96985],[111.64083,-7.97025],[111.64063,-7.97066]],[[111.65156,-7.96856],[111.65159,-7.96891],[111.65186,-7.96869],[111.65197,-7.96849],[111.65196,-7.968],[111.65159,-7.968],[111.65156,-7.96856]],[[111.6476,-7.96973],[111.64712,-7.96979],[111.6468,-7.97003],[111.64664,-7.97023],[111.64654,-7.97055],[111.64692,-7.97173],[111.64793,-7.97313],[111.64815,-7.97312],[111.64853,-7.97293],[111.64889,-7.97294],[111.64894,-7.97253],[111.64905,-7.97217],[111.6495,-7.97176],[111.64982,-7.97133],[111.6503,-7.97087],[111.65039,-7.97068],[111.65041,-7.97055],[111.65035,-7.9703],[111.65016,-7.97054],[111.65003,-7.97058],[111.64992,-7.97054],[111.64967,-7.97018],[111.64955,-7.97011],[111.64914,-7.97002],[111.64828,-7.97014],[111.64826,-7.96996],[111.64758,-7.96998],[111.6476,-7.96973]],[[111.64427,-7.97434],[111.64417,-7.9743],[111.64379,-7.97432],[111.64356,-7.97425],[111.64345,-7.97417],[111.64331,-7.97375],[111.64319,-7.97354],[111.64309,-7.9735],[111.64272,-7.97354],[111.64245,-7.97353],[111.6418,-7.97338],[111.64148,-7.97322],[111.64102,-7.97289],[111.64114,-7.97268],[111.64113,-7.97255],[111.64107,-7.97246],[111.64082,-7.97222],[111.63996,-7.9717],[111.63953,-7.97239],[111.63929,-7.97288],[111.63878,-7.9736],[111.63836,-7.97368],[111.63782,-7.97343],[111.63777,-7.97356],[111.63808,-7.97375],[111.63767,-7.97419],[111.63773,-7.97445],[111.63751,-7.97456],[111.6372,-7.97462],[111.6367,-7.97459],[111.6365,-7.97439],[111.63635,-7.97433],[111.63613,-7.97436],[111.63578,-7.97447],[111.63562,-7.97448],[111.63549,-7.97442],[111.63543,-7.97434],[111.63542,-7.97394],[111.63544,-7.9737],[111.63535,-7.97365],[111.63525,-7.97368],[111.63503,-7.9739],[111.63486,-7.97415],[111.63477,-7.97444],[111.63476,-7.975],[111.63433,-7.97564],[111.63433,-7.97582],[111.63452,-7.97614],[111.63463,-7.97622],[111.63537,-7.97633],[111.63561,-7.97628],[111.63575,-7.97614],[111.6359,-7.97558],[111.63601,-7.97542],[111.63622,-7.97526],[111.6364,-7.97518],[111.63677,-7.97509],[111.63697,-7.97509],[111.63719,-7.97515],[111.63729,-7.97523],[111.63734,-7.97535],[111.63733,-7.97559],[111.6371,-7.97618],[111.63694,-7.9764],[111.63621,-7.97699],[111.63612,-7.97711],[111.63611,-7.97724],[111.63627,-7.9774],[111.63559,-7.97771],[111.6352,-7.97784],[111.6348,-7.97727],[111.63461,-7.97717],[111.63439,-7.97714],[111.63411,-7.97717],[111.63375,-7.97727],[111.63355,-7.97741],[111.63297,-7.97794],[111.63253,-7.97855],[111.63211,-7.97893],[111.63193,-7.97903],[111.63168,-7.97908],[111.63163,-7.97962],[111.63149,-7.98037],[111.63094,-7.9817],[111.63054,-7.98247],[111.63036,-7.98267],[111.63011,-7.98283],[111.62983,-7.98286],[111.6298,-7.9833],[111.62932,-7.98401],[111.63007,-7.98423],[111.63016,-7.98431],[111.62998,-7.98491],[111.63046,-7.98509],[111.63125,-7.98487],[111.63169,-7.98465],[111.63212,-7.98435],[111.63339,-7.98298],[111.6337,-7.98289],[111.63425,-7.98266],[111.63463,-7.98243],[111.63517,-7.982],[111.63525,-7.98187],[111.63526,-7.98172],[111.63523,-7.98156],[111.63508,-7.98146],[111.6349,-7.98071],[111.63525,-7.9795],[111.63538,-7.97917],[111.63555,-7.97881],[111.63565,-7.97867],[111.63591,-7.97844],[111.63613,-7.9783],[111.63631,-7.97828],[111.63646,-7.9783],[111.63656,-7.97839],[111.6366,-7.97853],[111.63652,-7.97878],[111.63625,-7.97937],[111.63611,-7.97998],[111.63612,-7.98003],[111.63634,-7.98009],[111.63675,-7.9801],[111.63694,-7.98007],[111.63715,-7.97988],[111.63782,-7.97901],[111.63849,-7.97875],[111.63871,-7.97871],[111.63892,-7.97875],[111.63913,-7.97894],[111.63874,-7.97968],[111.63844,-7.9805],[111.63813,-7.981],[111.63817,-7.9813],[111.63846,-7.98179],[111.63832,-7.98187],[111.63827,-7.982],[111.63807,-7.98215],[111.63793,-7.98221],[111.63694,-7.98207],[111.63642,-7.98223],[111.63613,-7.98215],[111.636,-7.98219],[111.63585,-7.98232],[111.63572,-7.98252],[111.63569,-7.98262],[111.63578,-7.98283],[111.63631,-7.98323],[111.63641,-7.98332],[111.63646,-7.98344],[111.63635,-7.98353],[111.63596,-7.9836],[111.63533,-7.98355],[111.63487,-7.98355],[111.63455,-7.9836],[111.63436,-7.98368],[111.63417,-7.98402],[111.63414,-7.98449],[111.63388,-7.98448],[111.63379,-7.98493],[111.63385,-7.98494],[111.63384,-7.9851],[111.63389,-7.9853],[111.634,-7.98553],[111.63413,-7.98563],[111.63678,-7.98573],[111.63705,-7.98577],[111.63729,-7.98587],[111.63747,-7.98604],[111.63718,-7.98649],[111.63701,-7.98705],[111.6367,-7.98702],[111.636,-7.98756],[111.63577,-7.98764],[111.63536,-7.98762],[111.63502,-7.98751],[111.63472,-7.98737],[111.63461,-7.98736],[111.63438,-7.98745],[111.63429,-7.98754],[111.63423,-7.98767],[111.63375,-7.98783],[111.63336,-7.98763],[111.6332,-7.98762],[111.63298,-7.98768],[111.63289,-7.98776],[111.63287,-7.98787],[111.63289,-7.98829],[111.63328,-7.98903],[111.6332,-7.98918],[111.63307,-7.98924],[111.63237,-7.98936],[111.63176,-7.98951],[111.63159,-7.98962],[111.63144,-7.98966],[111.63088,-7.98973],[111.63074,-7.98967],[111.63067,-7.98956],[111.6307,-7.98946],[111.63107,-7.98899],[111.63117,-7.98871],[111.63114,-7.98854],[111.63062,-7.98733],[111.63025,-7.98622],[111.6304,-7.98615],[111.62988,-7.98588],[111.62933,-7.98568],[111.62815,-7.98607],[111.62816,-7.98675],[111.62831,-7.9873],[111.62889,-7.98728],[111.6289,-7.98775],[111.6296,-7.98781],[111.6297,-7.98824],[111.63,-7.98909],[111.63047,-7.99066],[111.63029,-7.99068],[111.629,-7.99127],[111.62898,-7.99172],[111.6315,-7.9911],[111.63165,-7.99148],[111.63182,-7.99161],[111.63185,-7.99265],[111.63219,-7.99287],[111.63253,-7.99318],[111.63315,-7.99306],[111.63305,-7.99288],[111.63343,-7.99258],[111.63369,-7.99245],[111.63371,-7.992],[111.63404,-7.99192],[111.63485,-7.99191],[111.63499,-7.99198],[111.63511,-7.99212],[111.63521,-7.99231],[111.6352,-7.99249],[111.63511,-7.99264],[111.6345,-7.99342],[111.63423,-7.99376],[111.63395,-7.99401],[111.63341,-7.99464],[111.63315,-7.99532],[111.63291,-7.99585],[111.63274,-7.99609],[111.63246,-7.99633],[111.63269,-7.99687],[111.63267,-7.99711],[111.63256,-7.99764],[111.63265,-7.99786],[111.63284,-7.99814],[111.63296,-7.99904],[111.633,-7.99979],[111.63292,-8.00031],[111.63318,-8.00011],[111.63343,-7.9998],[111.63347,-7.99956],[111.63345,-7.99848],[111.63335,-7.99748],[111.63334,-7.99705],[111.63341,-7.99687],[111.63355,-7.9967],[111.63379,-7.99655],[111.63456,-7.99672],[111.63479,-7.99672],[111.63492,-7.99666],[111.63503,-7.99655],[111.6351,-7.99641],[111.63501,-7.99612],[111.63506,-7.99571],[111.63593,-7.99437],[111.63622,-7.99363],[111.63659,-7.99324],[111.63673,-7.99313],[111.63687,-7.99308],[111.63706,-7.99311],[111.63718,-7.99318],[111.63725,-7.99337],[111.63725,-7.99381],[111.6372,-7.99429],[111.63724,-7.99449],[111.63729,-7.99455],[111.63771,-7.99458],[111.63819,-7.99475],[111.63833,-7.99555],[111.63885,-7.9954],[111.63883,-7.99503],[111.639,-7.99496],[111.63945,-7.99468],[111.63959,-7.99455],[111.63951,-7.99378],[111.63953,-7.99308],[111.63969,-7.99273],[111.63989,-7.99249],[111.64076,-7.99185],[111.64079,-7.99165],[111.64005,-7.99144],[111.63973,-7.99152],[111.63929,-7.99175],[111.63847,-7.9917],[111.63797,-7.99195],[111.63788,-7.99189],[111.63779,-7.99175],[111.63776,-7.9916],[111.6378,-7.99115],[111.63779,-7.99058],[111.63759,-7.99016],[111.63725,-7.98976],[111.63692,-7.98945],[111.63706,-7.98919],[111.63743,-7.98877],[111.63768,-7.98902],[111.63786,-7.9891],[111.63805,-7.9891],[111.63828,-7.98905],[111.63878,-7.98876],[111.63902,-7.98895],[111.6392,-7.98898],[111.63949,-7.98898],[111.63982,-7.98889],[111.64038,-7.98864],[111.64058,-7.98849],[111.64126,-7.98844],[111.6414,-7.98833],[111.64109,-7.98793],[111.64106,-7.98776],[111.64124,-7.98753],[111.64144,-7.98745],[111.6416,-7.98735],[111.64162,-7.98726],[111.64158,-7.98711],[111.64107,-7.98674],[111.64062,-7.98625],[111.64047,-7.98617],[111.64035,-7.98619],[111.64007,-7.98631],[111.63977,-7.98649],[111.63967,-7.9865],[111.63954,-7.98642],[111.63944,-7.98613],[111.6392,-7.9859],[111.63934,-7.98571],[111.63986,-7.98587],[111.64026,-7.98521],[111.6402,-7.98505],[111.63813,-7.98389],[111.63832,-7.98372],[111.63849,-7.98369],[111.63974,-7.98444],[111.63992,-7.98447],[111.64008,-7.98445],[111.6403,-7.98433],[111.64055,-7.98396],[111.64068,-7.98383],[111.6409,-7.98337],[111.64101,-7.98321],[111.64158,-7.98286],[111.64183,-7.98305],[111.64185,-7.98323],[111.64193,-7.98344],[111.6422,-7.98324],[111.64245,-7.98288],[111.64251,-7.98263],[111.64241,-7.98241],[111.64226,-7.98221],[111.64189,-7.9816],[111.64187,-7.98143],[111.64194,-7.98123],[111.64264,-7.98044],[111.64292,-7.98017],[111.64335,-7.9795],[111.6434,-7.97929],[111.64333,-7.97905],[111.64323,-7.97888],[111.64308,-7.97874],[111.64307,-7.97858],[111.64326,-7.97788],[111.64337,-7.97778],[111.64378,-7.97764],[111.64384,-7.97759],[111.64375,-7.97706],[111.64377,-7.97669],[111.64381,-7.97648],[111.64388,-7.97638],[111.64453,-7.97618],[111.64498,-7.97595],[111.64507,-7.97586],[111.64511,-7.97566],[111.64471,-7.9752],[111.64471,-7.97511],[111.64428,-7.97508],[111.64423,-7.97501],[111.64424,-7.97471],[111.64432,-7.97442],[111.64427,-7.97434]],[[111.64515,-7.97686],[111.64569,-7.97722],[111.6462,-7.97692],[111.64706,-7.97679],[111.64707,-7.97584],[111.64656,-7.97577],[111.64624,-7.97564],[111.64617,-7.9758],[111.64551,-7.97594],[111.64565,-7.97654],[111.64515,-7.97686]],[[111.63434,-7.99865],[111.63511,-7.9989],[111.63511,-7.99816],[111.6352,-7.99748],[111.63447,-7.99716],[111.6344,-7.99754],[111.63463,-7.9976],[111.63434,-7.99865]],[[111.62582,-7.99087],[111.6258,-7.99067],[111.62601,-7.99084],[111.62655,-7.99021],[111.62719,-7.98984],[111.62691,-7.98867],[111.62661,-7.98854],[111.62574,-7.98842],[111.62528,-7.9889],[111.62493,-7.98844],[111.6256,-7.98755],[111.62551,-7.98747],[111.62544,-7.98653],[111.62534,-7.9864],[111.62432,-7.98615],[111.62435,-7.98961],[111.62447,-7.98955],[111.62468,-7.98986],[111.62496,-7.99012],[111.62537,-7.99042],[111.62522,-7.9907],[111.62579,-7.99108],[111.62582,-7.99087]],[[111.62876,-7.97837],[111.62878,-7.97779],[111.62957,-7.97815],[111.62998,-7.97823],[111.63039,-7.97824],[111.63058,-7.97817],[111.63094,-7.97768],[111.6311,-7.9776],[111.63164,-7.97763],[111.63186,-7.97756],[111.63268,-7.97691],[111.63315,-7.97661],[111.63318,-7.976],[111.63297,-7.97556],[111.63301,-7.97538],[111.6334,-7.97461],[111.63338,-7.97444],[111.63319,-7.9742],[111.6331,-7.97417],[111.63267,-7.9743],[111.63243,-7.9743],[111.63217,-7.97412],[111.63183,-7.97453],[111.63157,-7.97524],[111.63136,-7.97539],[111.63108,-7.97552],[111.63047,-7.97567],[111.62985,-7.97601],[111.62905,-7.97614],[111.6287,-7.97624],[111.62808,-7.9765],[111.62747,-7.97684],[111.6273,-7.97719],[111.62682,-7.97773],[111.62663,-7.97781],[111.62639,-7.97785],[111.62616,-7.97828],[111.62567,-7.97891],[111.62542,-7.97931],[111.62511,-7.98021],[111.62501,-7.98028],[111.6246,-7.98031],[111.62426,-7.98044],[111.62453,-7.98064],[111.62527,-7.981],[111.62539,-7.98116],[111.62553,-7.98128],[111.6256,-7.98149],[111.62559,-7.98183],[111.62536,-7.98265],[111.62536,-7.9829],[111.6256,-7.98384],[111.62564,-7.98436],[111.62594,-7.98461],[111.62636,-7.98469],[111.62698,-7.98475],[111.62733,-7.98475],[111.62787,-7.98463],[111.62838,-7.98444],[111.62868,-7.98428],[111.62892,-7.9841],[111.62917,-7.98368],[111.62927,-7.9833],[111.62927,-7.98308],[111.62886,-7.98223],[111.62879,-7.98195],[111.62886,-7.98105],[111.6286,-7.98068],[111.62831,-7.98005],[111.62828,-7.97987],[111.62866,-7.97877],[111.62876,-7.97837]],[[111.65474,-7.99161],[111.65369,-7.99226],[111.65356,-7.99209],[111.65229,-7.99266],[111.65231,-7.99291],[111.65241,-7.99295],[111.65271,-7.99423],[111.65284,-7.99451],[111.6536,-7.994],[111.65383,-7.99392],[111.65438,-7.99384],[111.65516,-7.99355],[111.65509,-7.99308],[111.65495,-7.99242],[111.65435,-7.99254],[111.65426,-7.99228],[111.65485,-7.992],[111.65494,-7.99205],[111.65493,-7.99185],[111.65474,-7.99161]]],[[[111.62443,-7.94057],[111.62458,-7.94054],[111.62476,-7.94041],[111.62486,-7.94042],[111.62493,-7.94044],[111.62499,-7.94051],[111.62514,-7.94053],[111.62531,-7.94068],[111.62536,-7.94083],[111.62536,-7.94097],[111.62554,-7.94106],[111.62563,-7.94125],[111.62565,-7.94144],[111.62554,-7.94155],[111.62555,-7.94174],[111.62562,-7.94181],[111.62565,-7.9421],[111.62575,-7.94237],[111.62584,-7.94241],[111.62586,-7.94248],[111.62592,-7.9425],[111.62596,-7.94257],[111.626,-7.94271],[111.62599,-7.94287],[111.62589,-7.94297],[111.62587,-7.94304],[111.62566,-7.94337],[111.62562,-7.94339],[111.62543,-7.94334],[111.62532,-7.94338],[111.62533,-7.94366],[111.6253,-7.94373],[111.62523,-7.94382],[111.62493,-7.94389],[111.62494,-7.94399],[111.62503,-7.94409],[111.62492,-7.94418],[111.62468,-7.94418],[111.6246,-7.94401],[111.62408,-7.94385],[111.62373,-7.94387],[111.62359,-7.94395],[111.62352,-7.94409],[111.62349,-7.94426],[111.6234,-7.94448],[111.62334,-7.94473],[111.6233,-7.94496],[111.62331,-7.94521],[111.62327,-7.94551],[111.62309,-7.94588],[111.62273,-7.94621],[111.62249,-7.9465],[111.62234,-7.94676],[111.62227,-7.947],[111.62219,-7.94712],[111.62177,-7.94745],[111.62148,-7.94785],[111.62156,-7.93857],[111.62201,-7.93842],[111.62215,-7.93843],[111.62258,-7.93864],[111.62263,-7.93867],[111.62266,-7.93878],[111.62259,-7.93898],[111.62257,-7.93917],[111.62258,-7.9393],[111.62266,-7.9395],[111.62286,-7.93965],[111.62326,-7.93983],[111.62385,-7.93998],[111.62392,-7.94007],[111.62392,-7.94019],[111.62402,-7.94048],[111.62443,-7.94057]],[[111.62375,-7.94119],[111.62371,-7.94143],[111.62362,-7.94154],[111.62335,-7.94154],[111.62318,-7.94149],[111.62294,-7.94131],[111.6228,-7.94125],[111.62255,-7.94124],[111.62235,-7.94151],[111.6219,-7.94132],[111.62187,-7.94146],[111.62212,-7.94157],[111.62257,-7.94187],[111.62263,-7.94198],[111.62261,-7.94208],[111.62241,-7.94226],[111.62237,-7.94255],[111.62225,-7.94269],[111.62207,-7.94281],[111.62204,-7.94294],[111.62214,-7.94299],[111.62264,-7.94303],[111.62293,-7.94301],[111.62313,-7.94294],[111.6233,-7.94267],[111.6238,-7.94261],[111.62387,-7.94287],[111.62386,-7.94312],[111.62422,-7.94319],[111.62447,-7.9432],[111.62474,-7.94314],[111.62475,-7.94304],[111.62494,-7.94287],[111.62538,-7.94228],[111.62537,-7.94192],[111.62532,-7.94173],[111.6249,-7.94144],[111.62434,-7.94113],[111.62403,-7.94105],[111.62383,-7.94104],[111.62375,-7.94119]]]]}},{"type":"Feature","properties":{"ptnsbjname":"Ch, Nk, Kl","namobj":"Kebun Campuran","_cls":"Kebun Campuran"},"geometry":{"type":"MultiPolygon","coordinates":[[[[111.62564,-7.95124],[111.62597,-7.95135],[111.62617,-7.95132],[111.62625,-7.95134],[111.62632,-7.9514],[111.62642,-7.95167],[111.62628,-7.9519],[111.62633,-7.95195],[111.62632,-7.95233],[111.62606,-7.95253],[111.62607,-7.95279],[111.62612,-7.95298],[111.62607,-7.95325],[111.62581,-7.9535],[111.62572,-7.95381],[111.62574,-7.95394],[111.62586,-7.95411],[111.6258,-7.95437],[111.62585,-7.95448],[111.62588,-7.95494],[111.62583,-7.955],[111.62589,-7.95521],[111.62605,-7.95521],[111.62614,-7.95525],[111.62618,-7.95528],[111.62619,-7.95535],[111.62636,-7.95544],[111.62642,-7.95556],[111.62643,-7.95581],[111.62656,-7.956],[111.62659,-7.95612],[111.6269,-7.95618],[111.62736,-7.95657],[111.62753,-7.95685],[111.62754,-7.95768],[111.6278,-7.95767],[111.62797,-7.95793],[111.62816,-7.95854],[111.62823,-7.95861],[111.62838,-7.95856],[111.62851,-7.95857],[111.62877,-7.95841],[111.62896,-7.95842],[111.62929,-7.9586],[111.62938,-7.95872],[111.62963,-7.95803],[111.62977,-7.95815],[111.63005,-7.95817],[111.63006,-7.95794],[111.62999,-7.95783],[111.63003,-7.95772],[111.63051,-7.95775],[111.63081,-7.9577],[111.63119,-7.95774],[111.63129,-7.9578],[111.63145,-7.95775],[111.6315,-7.95777],[111.63136,-7.95788],[111.63068,-7.95811],[111.63045,-7.95849],[111.63026,-7.95866],[111.62992,-7.95918],[111.62999,-7.95924],[111.63025,-7.95929],[111.63038,-7.95936],[111.63053,-7.95957],[111.63064,-7.95991],[111.63066,-7.96008],[111.63061,-7.96027],[111.63029,-7.96048],[111.62927,-7.9614],[111.63081,-7.96146],[111.63104,-7.96143],[111.6314,-7.96151],[111.6312,-7.96174],[111.63099,-7.96209],[111.63087,-7.96215],[111.63067,-7.96213],[111.6306,-7.96204],[111.63041,-7.96191],[111.62988,-7.96227],[111.62977,-7.96237],[111.62964,-7.96263],[111.62923,-7.96248],[111.62901,-7.96245],[111.62846,-7.96277],[111.62812,-7.9631],[111.62801,-7.96359],[111.62831,-7.96396],[111.62828,-7.96429],[111.62834,-7.96434],[111.62815,-7.9644],[111.62807,-7.96453],[111.62783,-7.96531],[111.6277,-7.96538],[111.62714,-7.96529],[111.62698,-7.96542],[111.62655,-7.96605],[111.62601,-7.96639],[111.62516,-7.96674],[111.62491,-7.96675],[111.62476,-7.96669],[111.62431,-7.96627],[111.62417,-7.9663],[111.62403,-7.96641],[111.62347,-7.96698],[111.6231,-7.96666],[111.62274,-7.96611],[111.6225,-7.96589],[111.62225,-7.96574],[111.62206,-7.9657],[111.62186,-7.96552],[111.62155,-7.96504],[111.62089,-7.96433],[111.62007,-7.96265],[111.62005,-7.96089],[111.62033,-7.96027],[111.62046,-7.95982],[111.62057,-7.95906],[111.62082,-7.95801],[111.62001,-7.95794],[111.62,-7.95666],[111.62029,-7.95589],[111.6204,-7.95581],[111.62056,-7.95556],[111.62086,-7.95538],[111.62172,-7.95499],[111.62198,-7.9547],[111.62217,-7.95434],[111.6223,-7.95427],[111.62268,-7.95429],[111.62296,-7.95405],[111.62307,-7.95378],[111.62312,-7.95377],[111.62342,-7.9539],[111.62352,-7.95383],[111.62357,-7.95389],[111.62413,-7.95395],[111.62426,-7.9541],[111.62462,-7.95467],[111.62477,-7.95455],[111.62474,-7.95408],[111.62505,-7.95411],[111.62516,-7.95389],[111.62518,-7.95362],[111.62511,-7.953],[111.62521,-7.95272],[111.62562,-7.95214],[111.62564,-7.95187],[111.62557,-7.95132],[111.62564,-7.95124]],[[111.62409,-7.96465],[111.62409,-7.96474],[111.62409,-7.96456],[111.62409,-7.96465]]],[[[111.6261,-7.95016],[111.62594,-7.9502],[111.62577,-7.95006],[111.62614,-7.94992],[111.6261,-7.95016]]],[[[111.62459,-7.94551],[111.62476,-7.94549],[111.62482,-7.94552],[111.62485,-7.94569],[111.62478,-7.94589],[111.62486,-7.94603],[111.625,-7.94617],[111.62502,-7.94635],[111.625,-7.94653],[111.62493,-7.94665],[111.62453,-7.94676],[111.62449,-7.94718],[111.62505,-7.94737],[111.62487,-7.94775],[111.62485,-7.94789],[111.62496,-7.94824],[111.62493,-7.94831],[111.62498,-7.94842],[111.62511,-7.94841],[111.62519,-7.94852],[111.62525,-7.94853],[111.62532,-7.94861],[111.62529,-7.9487],[111.62517,-7.94893],[111.62518,-7.94908],[111.62527,-7.94914],[111.62551,-7.94919],[111.6254,-7.94939],[111.62505,-7.9497],[111.62489,-7.94991],[111.62496,-7.95011],[111.62512,-7.95016],[111.62555,-7.95011],[111.62554,-7.95027],[111.62549,-7.95041],[111.62574,-7.95062],[111.62574,-7.95079],[111.62568,-7.95083],[111.62539,-7.95053],[111.62482,-7.95027],[111.62464,-7.95004],[111.62447,-7.95004],[111.62456,-7.94965],[111.62456,-7.94934],[111.62448,-7.94918],[111.62421,-7.9489],[111.62413,-7.94874],[111.62407,-7.94848],[111.62367,-7.94831],[111.6237,-7.94812],[111.62391,-7.94801],[111.62391,-7.94813],[111.62399,-7.9482],[111.62442,-7.94825],[111.62458,-7.94784],[111.62428,-7.94778],[111.62436,-7.9477],[111.62427,-7.94704],[111.62446,-7.94618],[111.62453,-7.94564],[111.62452,-7.94553],[111.62445,-7.94544],[111.62459,-7.94551]]]]}},{"type":"Feature","properties":{"ptnsbjname":"Nk, Bam, Alb","namobj":"Kebun Campuran","_cls":"Kebun Campuran"},"geometry":{"type":"MultiPolygon","coordinates":[[[[111.6071,-8.0172],[111.60711,-8.01727],[111.60711,-8.01727],[111.6071,-8.0172]]],[[[111.60704,-8.01687],[111.60706,-8.01694],[111.607,-8.01681],[111.60704,-8.01687]]],[[[111.61138,-8.00664],[111.61155,-8.00669],[111.61186,-8.00666],[111.61213,-8.0071],[111.61238,-8.00734],[111.61159,-8.00757],[111.61136,-8.0077],[111.61121,-8.00787],[111.61086,-8.00773],[111.61065,-8.00755],[111.60998,-8.00757],[111.60991,-8.0075],[111.60977,-8.00745],[111.60962,-8.00745],[111.60953,-8.00753],[111.60953,-8.00774],[111.60958,-8.00811],[111.60976,-8.00823],[111.6102,-8.0083],[111.6112,-8.00861],[111.6114,-8.00861],[111.61157,-8.00853],[111.612,-8.00815],[111.61223,-8.00808],[111.61252,-8.008],[111.61285,-8.00795],[111.6131,-8.00801],[111.61359,-8.00806],[111.61395,-8.0079],[111.61434,-8.0079],[111.61533,-8.00768],[111.6157,-8.00739],[111.61608,-8.00753],[111.61653,-8.00778],[111.61589,-8.00805],[111.6156,-8.00822],[111.6152,-8.00872],[111.61472,-8.00942],[111.61457,-8.00971],[111.61461,-8.01042],[111.61437,-8.01069],[111.61355,-8.01114],[111.61296,-8.0116],[111.61252,-8.01169],[111.61177,-8.01167],[111.61135,-8.01199],[111.61128,-8.01193],[111.61084,-8.01202],[111.61069,-8.01214],[111.61062,-8.01238],[111.61063,-8.01275],[111.61006,-8.01324],[111.6097,-8.01408],[111.60861,-8.01508],[111.60801,-8.0155],[111.60736,-8.01556],[111.60662,-8.01588],[111.60637,-8.01607],[111.60643,-8.01639],[111.60638,-8.01626],[111.60636,-8.01588],[111.60641,-8.01574],[111.60677,-8.01527],[111.60686,-8.01494],[111.6069,-8.01453],[111.6069,-8.01299],[111.60663,-8.01252],[111.60661,-8.01229],[111.60675,-8.01201],[111.6074,-8.01132],[111.60815,-8.01095],[111.60846,-8.01069],[111.60857,-8.01055],[111.6086,-8.01041],[111.60855,-8.00952],[111.60818,-8.00944],[111.60798,-8.00931],[111.60788,-8.00914],[111.60789,-8.00894],[111.60799,-8.00875],[111.60812,-8.0086],[111.60866,-8.0084],[111.6088,-8.00831],[111.60887,-8.00794],[111.60919,-8.00758],[111.60974,-8.00664],[111.61011,-8.0066],[111.61069,-8.00636],[111.61091,-8.00638],[111.61113,-8.00647],[111.61138,-8.00664]],[[111.61018,-8.01047],[111.61078,-8.01062],[111.61107,-8.01017],[111.60994,-8.00955],[111.60969,-8.00989],[111.61015,-8.01012],[111.61018,-8.01047]],[[111.61075,-8.01099],[111.61106,-8.01145],[111.61144,-8.01114],[111.61104,-8.01067],[111.61075,-8.01099]]]]}},{"type":"Feature","properties":{"ptnsbjname":"-","namobj":"Hutan Sejenis","_cls":"Hutan Sejenis"},"geometry":{"type":"MultiPolygon","coordinates":[[[[111.6164,-7.93709],[111.61631,-7.93712],[111.61599,-7.93705],[111.61622,-7.93684],[111.61663,-7.9367],[111.6164,-7.93709]]],[[[111.61116,-7.93649],[111.61125,-7.93683],[111.61119,-7.93679],[111.61116,-7.93649]]],[[[111.60931,-7.93579],[111.60914,-7.93585],[111.6092,-7.93583],[111.60931,-7.93579]]],[[[111.60528,-7.93583],[111.60525,-7.93583],[111.60514,-7.93579],[111.60528,-7.93583]]],[[[111.61115,-7.93644],[111.6109,-7.93592],[111.61077,-7.93579],[111.61049,-7.93567],[111.61069,-7.93571],[111.61107,-7.93594],[111.61115,-7.93644]]],[[[111.60941,-7.93575],[111.60954,-7.93567],[111.60969,-7.93569],[111.60941,-7.93575]]],[[[111.60458,-7.93517],[111.60459,-7.93519],[111.60458,-7.93517],[111.60458,-7.93517]]],[[[111.6127,-7.93512],[111.61247,-7.93523],[111.6126,-7.93511],[111.6127,-7.93512]]],[[[111.60651,-7.93464],[111.60629,-7.9348],[111.60627,-7.93473],[111.60633,-7.93465],[111.60651,-7.93464]]],[[[111.6044,-7.93458],[111.6044,-7.93458],[111.6044,-7.93458],[111.6044,-7.93458]]],[[[111.59444,-7.93401],[111.5938,-7.93427],[111.594,-7.93409],[111.59444,-7.93401]]],[[[111.60182,-7.93402],[111.60151,-7.93408],[111.6017,-7.93399],[111.60182,-7.93402]]],[[[111.60026,-7.93352],[111.60019,-7.93361],[111.60008,-7.93333],[111.59985,-7.93306],[111.60008,-7.93313],[111.60014,-7.93319],[111.60026,-7.93343],[111.60026,-7.93352]]],[[[111.57342,-7.932],[111.57452,-7.93232],[111.57491,-7.93236],[111.57605,-7.93227],[111.57672,-7.93212],[111.57696,-7.93201],[111.57745,-7.93161],[111.57876,-7.93069],[111.5793,-7.9305],[111.57953,-7.9302],[111.57866,-7.93013],[111.57839,-7.93006],[111.578,-7.92984],[111.57763,-7.92969],[111.57725,-7.92966],[111.57718,-7.92974],[111.57692,-7.92976],[111.57657,-7.93045],[111.576,-7.9306],[111.5751,-7.93105],[111.57455,-7.93146],[111.57362,-7.9318],[111.57342,-7.93194],[111.57342,-7.932],[111.57276,-7.93181],[111.57169,-7.93163],[111.57142,-7.93168],[111.568,-7.933],[111.56763,-7.93293],[111.56726,-7.93293],[111.56642,-7.9332],[111.56573,-7.93322],[111.56531,-7.93329],[111.56485,-7.93349],[111.56326,-7.93402],[111.56268,-7.93411],[111.5624,-7.93425],[111.56126,-7.93464],[111.55996,-7.93502],[111.55957,-7.93519],[111.55879,-7.93562],[111.5585,-7.93569],[111.55763,-7.93573],[111.55751,-7.93498],[111.55768,-7.93497],[111.55781,-7.93511],[111.55818,-7.93508],[111.55845,-7.93501],[111.55896,-7.935],[111.55892,-7.93473],[111.55866,-7.93402],[111.55844,-7.93291],[111.55842,-7.93257],[111.55823,-7.93215],[111.55797,-7.93195],[111.55718,-7.93202],[111.55666,-7.93202],[111.55654,-7.93107],[111.55652,-7.93025],[111.55692,-7.93018],[111.55735,-7.93026],[111.55758,-7.93048],[111.55788,-7.93064],[111.55856,-7.93081],[111.55949,-7.93093],[111.55988,-7.93094],[111.56025,-7.93088],[111.56049,-7.93071],[111.5605,-7.93054],[111.56033,-7.93018],[111.56028,-7.92916],[111.55942,-7.92831],[111.55916,-7.92811],[111.55898,-7.9279],[111.55836,-7.92749],[111.55788,-7.92746],[111.55753,-7.92764],[111.55731,-7.92781],[111.55691,-7.9278],[111.55669,-7.92767],[111.55643,-7.92761],[111.55614,-7.92746],[111.55594,-7.92754],[111.55595,-7.92732],[111.55631,-7.92682],[111.55643,-7.9267],[111.55653,-7.92653],[111.55698,-7.92613],[111.55727,-7.92594],[111.55808,-7.92589],[111.55829,-7.92568],[111.5584,-7.92563],[111.55863,-7.92533],[111.55877,-7.92526],[111.55913,-7.9253],[111.56058,-7.92598],[111.56088,-7.92599],[111.56104,-7.92595],[111.5613,-7.92575],[111.5615,-7.92553],[111.56168,-7.92548],[111.56214,-7.9256],[111.56235,-7.92561],[111.56363,-7.92496],[111.56389,-7.92472],[111.56431,-7.92453],[111.56492,-7.92467],[111.56504,-7.92464],[111.56512,-7.92455],[111.5651,-7.92428],[111.56513,-7.92423],[111.56531,-7.92422],[111.56552,-7.92428],[111.56589,-7.92419],[111.56617,-7.92418],[111.56625,-7.92413],[111.56632,-7.92401],[111.56615,-7.92365],[111.56628,-7.92355],[111.56639,-7.92351],[111.56648,-7.92352],[111.56658,-7.92359],[111.56663,-7.92367],[111.56671,-7.92396],[111.56687,-7.92409],[111.56731,-7.92422],[111.56751,-7.92413],[111.56761,-7.92413],[111.56812,-7.9244],[111.56796,-7.92409],[111.56771,-7.92389],[111.5677,-7.92378],[111.56773,-7.92371],[111.56782,-7.92361],[111.56825,-7.92332],[111.56851,-7.92281],[111.56866,-7.92265],[111.5689,-7.92246],[111.56988,-7.92188],[111.57016,-7.92182],[111.57037,-7.92173],[111.57053,-7.92152],[111.57058,-7.92139],[111.57095,-7.92101],[111.57098,-7.92091],[111.57096,-7.9207],[111.57072,-7.92032],[111.57084,-7.92011],[111.57097,-7.91954],[111.57108,-7.91941],[111.57169,-7.91916],[111.57154,-7.91925],[111.57156,-7.91971],[111.57173,-7.92009],[111.57203,-7.92103],[111.57242,-7.9218],[111.57278,-7.92228],[111.57472,-7.9242],[111.57535,-7.92488],[111.57664,-7.92581],[111.57818,-7.92709],[111.57898,-7.92795],[111.58067,-7.93001],[111.58188,-7.9299],[111.58244,-7.93003],[111.58296,-7.93006],[111.58459,-7.93005],[111.58544,-7.93023],[111.58635,-7.93073],[111.58699,-7.9313],[111.58803,-7.93159],[111.59005,-7.93154],[111.59112,-7.9314],[111.59245,-7.93163],[111.59246,-7.93677],[111.59187,-7.93672],[111.59029,-7.93647],[111.59003,-7.93648],[111.5898,-7.93659],[111.58882,-7.93772],[111.58869,-7.93774],[111.58831,-7.93766],[111.58815,-7.93758],[111.58794,-7.93734],[111.58781,-7.9371],[111.58761,-7.93597],[111.5873,-7.93539],[111.58713,-7.93518],[111.586,-7.93419],[111.58562,-7.93391],[111.58406,-7.93329],[111.58316,-7.93285],[111.5829,-7.93261],[111.58236,-7.93158],[111.58203,-7.93112],[111.58187,-7.931],[111.58173,-7.93098],[111.58134,-7.93102],[111.58107,-7.93113],[111.58082,-7.9313],[111.58026,-7.93178],[111.57976,-7.93228],[111.57968,-7.93247],[111.57965,-7.9328],[111.57951,-7.93343],[111.57938,-7.93376],[111.57926,-7.93387],[111.57878,-7.93397],[111.57853,-7.93408],[111.5782,-7.93429],[111.57814,-7.93442],[111.5782,-7.93513],[111.57812,-7.93527],[111.57803,-7.9353],[111.57789,-7.93525],[111.57673,-7.93469],[111.5765,-7.93464],[111.57628,-7.93467],[111.57616,-7.93474],[111.57611,-7.9349],[111.57612,-7.93514],[111.57618,-7.93521],[111.57639,-7.93526],[111.5764,-7.93534],[111.57635,-7.93549],[111.57622,-7.93573],[111.57564,-7.93617],[111.57464,-7.93675],[111.57414,-7.93711],[111.5732,-7.93797],[111.5729,-7.93837],[111.57268,-7.93851],[111.57255,-7.93851],[111.57227,-7.93834],[111.57261,-7.93825],[111.57322,-7.93754],[111.57346,-7.93694],[111.57366,-7.93575],[111.57378,-7.93445],[111.57371,-7.93366],[111.57346,-7.9327],[111.57342,-7.932]]]]}},{"type":"Feature","properties":{"ptnsbjname":"-","namobj":"2x Padi + Palawija/thn","_cls":"2x Padi + Palawija/thn"},"geometry":{"type":"MultiPolygon","coordinates":[[[[111.54028,-7.93583],[111.54005,-7.93592],[111.53996,-7.93589],[111.54013,-7.93586],[111.54024,-7.93567],[111.54032,-7.93575],[111.54028,-7.93583]]],[[[111.54134,-7.93504],[111.54143,-7.93501],[111.5415,-7.93503],[111.54139,-7.93526],[111.54129,-7.93531],[111.54116,-7.93528],[111.54091,-7.93511],[111.54096,-7.93502],[111.54111,-7.93495],[111.54124,-7.93503],[111.54134,-7.93504]]],[[[111.5434,-7.93393],[111.54366,-7.93404],[111.54394,-7.93424],[111.54368,-7.93427],[111.54285,-7.93395],[111.54254,-7.93399],[111.54272,-7.93386],[111.54288,-7.93379],[111.54302,-7.93378],[111.54316,-7.93378],[111.54332,-7.93386],[111.5434,-7.93393]]],[[[111.54655,-7.93294],[111.5467,-7.93292],[111.54694,-7.93276],[111.54699,-7.93276],[111.54709,-7.93287],[111.54724,-7.9329],[111.54722,-7.93294],[111.54702,-7.93306],[111.54684,-7.93308],[111.54612,-7.93307],[111.54571,-7.93294],[111.54576,-7.93282],[111.54586,-7.93275],[111.5461,-7.93271],[111.54655,-7.93294]]],[[[111.54846,-7.932],[111.54881,-7.932],[111.54933,-7.93227],[111.54914,-7.93239],[111.54901,-7.93241],[111.54879,-7.93237],[111.54803,-7.93208],[111.54788,-7.93209],[111.54795,-7.93188],[111.548,-7.93186],[111.5481,-7.93185],[111.54846,-7.932]]],[[[111.55032,-7.93181],[111.54958,-7.93216],[111.54974,-7.93186],[111.54989,-7.93178],[111.55015,-7.93177],[111.55024,-7.93181],[111.55032,-7.93181]]],[[[111.55127,-7.92888],[111.55078,-7.9289],[111.55079,-7.92854],[111.5509,-7.92852],[111.55114,-7.92858],[111.55147,-7.92875],[111.5514,-7.92884],[111.55127,-7.92888]]],[[[111.55172,-7.92805],[111.55145,-7.92812],[111.55143,-7.928],[111.55154,-7.92785],[111.55164,-7.92781],[111.55181,-7.9279],[111.55172,-7.92805]]],[[[111.55492,-7.92628],[111.55505,-7.92648],[111.55514,-7.92686],[111.55524,-7.92707],[111.55534,-7.92713],[111.55563,-7.92715],[111.55578,-7.92713],[111.55601,-7.92704],[111.55631,-7.92682],[111.55619,-7.92701],[111.55598,-7.92725],[111.55525,-7.92736],[111.55508,-7.92731],[111.55495,-7.92722],[111.55469,-7.92675],[111.55452,-7.92653],[111.55437,-7.92645],[111.55414,-7.92644],[111.5519,-7.92658],[111.55178,-7.9267],[111.55179,-7.9266],[111.55192,-7.9264],[111.55218,-7.92617],[111.55248,-7.92619],[111.55306,-7.92634],[111.55345,-7.92635],[111.55375,-7.9263],[111.55427,-7.92613],[111.55469,-7.92611],[111.55492,-7.92628]]],[[[111.55805,-7.92569],[111.55829,-7.92568],[111.55808,-7.92589],[111.55727,-7.92594],[111.55698,-7.92613],[111.55653,-7.92653],[111.55681,-7.92605],[111.5569,-7.92596],[111.5573,-7.9258],[111.55756,-7.92558],[111.55775,-7.92557],[111.55805,-7.92569]]],[[[111.56579,-7.92365],[111.56615,-7.92365],[111.56632,-7.92401],[111.56625,-7.92413],[111.56617,-7.92418],[111.56589,-7.92419],[111.56552,-7.92428],[111.56531,-7.92422],[111.56513,-7.92423],[111.5651,-7.92428],[111.56512,-7.92455],[111.56504,-7.92464],[111.56492,-7.92467],[111.56431,-7.92453],[111.56389,-7.92472],[111.56363,-7.92496],[111.56235,-7.92561],[111.56214,-7.9256],[111.56168,-7.92548],[111.5615,-7.92553],[111.5613,-7.92575],[111.56104,-7.92595],[111.56088,-7.92599],[111.56058,-7.92598],[111.55913,-7.9253],[111.55877,-7.92526],[111.55863,-7.92533],[111.55851,-7.92546],[111.55867,-7.92518],[111.55875,-7.92511],[111.55896,-7.92496],[111.55921,-7.92494],[111.55941,-7.92497],[111.55983,-7.92515],[111.56026,-7.92547],[111.56062,-7.92568],[111.56105,-7.92572],[111.56123,-7.92567],[111.56135,-7.92557],[111.56164,-7.92519],[111.56195,-7.92519],[111.56225,-7.92528],[111.56236,-7.92529],[111.56282,-7.92514],[111.56299,-7.92498],[111.56311,-7.92474],[111.56325,-7.92464],[111.56344,-7.92458],[111.56378,-7.92452],[111.56386,-7.92447],[111.56413,-7.92407],[111.56426,-7.92397],[111.56443,-7.92398],[111.56478,-7.92413],[111.56498,-7.92417],[111.56504,-7.92413],[111.5651,-7.924],[111.56508,-7.92393],[111.56501,-7.92381],[111.56506,-7.92374],[111.56516,-7.9237],[111.56558,-7.92379],[111.56579,-7.92365]]],[[[111.57084,-7.92011],[111.57072,-7.92032],[111.57056,-7.92008],[111.57048,-7.91988],[111.57049,-7.91977],[111.5707,-7.91931],[111.57066,-7.91906],[111.57077,-7.91883],[111.57091,-7.91871],[111.57128,-7.91858],[111.57154,-7.91843],[111.57185,-7.91841],[111.57194,-7.91854],[111.57208,-7.91897],[111.57108,-7.91941],[111.57097,-7.91954],[111.57084,-7.92011]]]]}},{"type":"Feature","properties":{"ptnsbjname":"-","namobj":"Hutan Belukar","_cls":"Hutan Belukar"},"geometry":{"type":"MultiPolygon","coordinates":[[[[111.61859,-8.00849],[111.61839,-8.00872],[111.61819,-8.0084],[111.61859,-8.00849]]],[[[111.62804,-8.00645],[111.62801,-8.00695],[111.62837,-8.00727],[111.62822,-8.0077],[111.62802,-8.00851],[111.62725,-8.00943],[111.62696,-8.00965],[111.62671,-8.00991],[111.62666,-8.01029],[111.62592,-8.01092],[111.62588,-8.01089],[111.62508,-8.00919],[111.62484,-8.00859],[111.62463,-8.00849],[111.62461,-8.00841],[111.62444,-8.00826],[111.62434,-8.00812],[111.62427,-8.00764],[111.625,-8.00746],[111.62543,-8.00709],[111.62602,-8.00667],[111.6267,-8.00602],[111.62709,-8.00552],[111.62738,-8.00498],[111.62787,-8.00472],[111.6285,-8.00459],[111.62895,-8.00438],[111.62997,-8.00363],[111.63068,-8.00362],[111.63139,-8.00373],[111.63173,-8.00438],[111.6316,-8.00475],[111.63121,-8.00525],[111.63092,-8.00534],[111.63045,-8.00563],[111.62955,-8.00582],[111.62883,-8.00588],[111.6285,-8.00595],[111.62823,-8.00614],[111.62804,-8.00645]],[[111.62685,-8.00792],[111.62685,-8.00834],[111.62675,-8.00851],[111.62666,-8.00855],[111.6266,-8.00847],[111.6265,-8.00815],[111.62638,-8.008],[111.62617,-8.00798],[111.62602,-8.00812],[111.62591,-8.00841],[111.6259,-8.00869],[111.62597,-8.00884],[111.62607,-8.00893],[111.62608,-8.00955],[111.62602,-8.01024],[111.62606,-8.01043],[111.62622,-8.01049],[111.62628,-8.0105],[111.62638,-8.01034],[111.62643,-8.00982],[111.62653,-8.00933],[111.62665,-8.00917],[111.62675,-8.00909],[111.62689,-8.00907],[111.62697,-8.00894],[111.62703,-8.00879],[111.62746,-8.00853],[111.62757,-8.00842],[111.62768,-8.00816],[111.62768,-8.00805],[111.6276,-8.00794],[111.62733,-8.00798],[111.62728,-8.00777],[111.6271,-8.00738],[111.62705,-8.0073],[111.6269,-8.00719],[111.62678,-8.00696],[111.62671,-8.00692],[111.62655,-8.00691],[111.62639,-8.007],[111.62633,-8.00715],[111.62634,-8.00735],[111.62675,-8.0077],[111.62685,-8.00792]]]]}},{"type":"Feature","properties":{"ptnsbjname":"-","namobj":"Hutan Sejenis","_cls":"Hutan Sejenis"},"geometry":{"type":"Polygon","coordinates":[[[111.59891,-7.93342],[111.59964,-7.9335],[111.59981,-7.93355],[111.59996,-7.93443],[111.59994,-7.93462],[111.59998,-7.93472],[111.60039,-7.93512],[111.6008,-7.935],[111.6009,-7.93517],[111.60201,-7.93486],[111.60273,-7.93477],[111.6029,-7.9347],[111.60333,-7.93431],[111.60342,-7.93427],[111.60346,-7.93429],[111.60364,-7.93441],[111.6041,-7.93487],[111.6043,-7.93542],[111.60434,-7.93575],[111.60447,-7.93594],[111.60478,-7.93623],[111.6049,-7.9363],[111.60513,-7.93632],[111.60518,-7.93642],[111.60534,-7.93655],[111.60567,-7.93667],[111.60579,-7.93666],[111.60615,-7.93635],[111.60664,-7.93574],[111.60692,-7.93552],[111.60655,-7.93512],[111.60644,-7.9351],[111.60647,-7.93502],[111.60663,-7.93493],[111.60697,-7.93513],[111.60722,-7.93535],[111.60753,-7.93573],[111.6078,-7.93599],[111.60858,-7.93642],[111.60867,-7.93644],[111.60901,-7.93625],[111.60996,-7.93594],[111.61034,-7.93591],[111.61104,-7.93713],[111.61119,-7.9373],[111.61128,-7.93735],[111.6117,-7.93705],[111.6125,-7.93553],[111.61259,-7.93545],[111.6127,-7.93543],[111.61355,-7.93635],[111.61433,-7.93692],[111.61467,-7.93714],[111.61529,-7.93735],[111.61581,-7.93744],[111.61603,-7.93744],[111.61642,-7.93731],[111.61664,-7.93717],[111.61687,-7.93696],[111.61711,-7.93662],[111.61753,-7.93659],[111.61782,-7.93685],[111.61797,-7.93704],[111.61827,-7.93729],[111.61841,-7.93737],[111.61905,-7.93739],[111.6193,-7.93746],[111.61979,-7.9379],[111.6199,-7.93806],[111.62006,-7.93815],[111.6205,-7.93803],[111.62068,-7.93803],[111.62074,-7.93807],[111.62086,-7.93838],[111.62098,-7.93852],[111.62126,-7.93858],[111.62156,-7.93857],[111.62148,-7.94838],[111.62035,-7.94838],[111.62031,-7.94883],[111.62011,-7.94942],[111.62014,-7.94977],[111.62021,-7.95012],[111.62007,-7.95109],[111.62008,-7.9515],[111.62042,-7.95173],[111.62048,-7.95186],[111.62046,-7.95201],[111.61995,-7.95254],[111.61997,-7.95398],[111.62006,-7.9546],[111.62004,-7.9549],[111.62009,-7.95513],[111.61998,-7.95538],[111.62002,-7.95844],[111.61902,-7.958],[111.61861,-7.95786],[111.61805,-7.95775],[111.61735,-7.95766],[111.61729,-7.95741],[111.61514,-7.95716],[111.61498,-7.95711],[111.61506,-7.95663],[111.61532,-7.95571],[111.61534,-7.95514],[111.6153,-7.95501],[111.61499,-7.95483],[111.6145,-7.95462],[111.61397,-7.95451],[111.61349,-7.95422],[111.61336,-7.9541],[111.61327,-7.95396],[111.61273,-7.95474],[111.61168,-7.95597],[111.61158,-7.95601],[111.61125,-7.95552],[111.6109,-7.95508],[111.61041,-7.95458],[111.60996,-7.95395],[111.60948,-7.95406],[111.60923,-7.95406],[111.60926,-7.95336],[111.60921,-7.95277],[111.60914,-7.95251],[111.60882,-7.95205],[111.60876,-7.95183],[111.60761,-7.9522],[111.60704,-7.95228],[111.60643,-7.95228],[111.60522,-7.95217],[111.60491,-7.95227],[111.60479,-7.95235],[111.60476,-7.95242],[111.60471,-7.95269],[111.60492,-7.95416],[111.60545,-7.95432],[111.60712,-7.95509],[111.60776,-7.95519],[111.60854,-7.95501],[111.60879,-7.95515],[111.60839,-7.95584],[111.60822,-7.95629],[111.60783,-7.95755],[111.60764,-7.95799],[111.60747,-7.95823],[111.607,-7.95862],[111.60662,-7.95889],[111.60624,-7.95931],[111.60571,-7.95978],[111.6055,-7.95989],[111.60521,-7.95998],[111.60468,-7.95999],[111.60418,-7.96158],[111.60359,-7.96272],[111.6032,-7.96309],[111.60233,-7.96378],[111.60212,-7.96387],[111.60166,-7.96393],[111.60127,-7.96419],[111.60044,-7.9641],[111.60031,-7.96418],[111.60019,-7.96444],[111.59997,-7.96512],[111.59977,-7.96546],[111.59949,-7.96574],[111.59969,-7.96575],[111.60004,-7.96585],[111.60042,-7.9659],[111.60065,-7.96587],[111.60097,-7.96564],[111.60136,-7.9652],[111.60204,-7.96467],[111.60256,-7.9644],[111.6028,-7.96433],[111.60337,-7.96433],[111.60357,-7.96422],[111.60379,-7.96395],[111.60434,-7.96353],[111.60465,-7.9631],[111.60559,-7.96235],[111.60605,-7.96205],[111.60657,-7.9616],[111.60681,-7.96116],[111.60688,-7.96115],[111.60706,-7.96087],[111.6073,-7.96064],[111.60795,-7.96106],[111.60808,-7.96138],[111.60808,-7.96147],[111.60827,-7.96156],[111.60913,-7.96165],[111.60958,-7.96182],[111.60969,-7.96175],[111.6098,-7.96142],[111.60984,-7.96102],[111.61005,-7.95974],[111.60983,-7.95854],[111.60955,-7.95828],[111.60974,-7.9581],[111.61025,-7.95783],[111.61081,-7.95759],[111.61138,-7.95747],[111.61206,-7.95747],[111.61281,-7.95753],[111.61358,-7.95769],[111.61438,-7.95796],[111.61501,-7.95812],[111.61507,-7.95816],[111.61512,-7.95916],[111.61547,-7.96148],[111.61463,-7.96161],[111.61438,-7.96173],[111.61317,-7.96208],[111.61228,-7.96222],[111.61245,-7.96256],[111.61258,-7.96305],[111.61272,-7.9641],[111.61292,-7.96453],[111.61304,-7.9646],[111.61279,-7.96517],[111.61269,-7.96532],[111.61248,-7.96554],[111.61243,-7.96576],[111.61238,-7.96646],[111.61224,-7.96652],[111.61213,-7.96679],[111.61173,-7.96739],[111.61165,-7.96772],[111.61166,-7.96785],[111.61177,-7.96797],[111.6128,-7.96825],[111.61288,-7.96831],[111.61289,-7.96849],[111.61279,-7.96881],[111.6129,-7.96887],[111.61317,-7.96889],[111.61401,-7.96871],[111.61458,-7.96878],[111.61548,-7.96899],[111.61566,-7.96898],[111.61612,-7.96883],[111.61664,-7.96851],[111.61681,-7.96831],[111.61721,-7.96675],[111.61736,-7.96643],[111.61759,-7.96607],[111.61807,-7.9655],[111.61877,-7.96484],[111.61909,-7.96447],[111.61929,-7.96438],[111.61975,-7.96405],[111.62024,-7.96378],[111.62052,-7.96352],[111.62089,-7.96433],[111.62155,-7.96504],[111.62186,-7.96552],[111.62206,-7.9657],[111.62225,-7.96574],[111.6225,-7.96589],[111.62274,-7.96611],[111.6231,-7.96666],[111.62347,-7.96698],[111.62403,-7.96641],[111.62417,-7.9663],[111.62431,-7.96627],[111.62476,-7.96669],[111.62491,-7.96675],[111.62516,-7.96674],[111.62612,-7.96632],[111.62631,-7.96663],[111.62638,-7.96684],[111.62631,-7.96731],[111.62645,-7.96736],[111.62729,-7.96716],[111.62752,-7.96715],[111.62811,-7.96731],[111.62867,-7.96725],[111.62989,-7.96781],[111.63008,-7.96738],[111.63001,-7.96694],[111.63019,-7.96656],[111.63047,-7.96625],[111.63056,-7.96652],[111.63064,-7.96715],[111.63073,-7.96748],[111.63086,-7.96767],[111.63102,-7.96769],[111.63195,-7.96742],[111.63204,-7.9675],[111.63211,-7.96769],[111.63189,-7.96859],[111.63207,-7.96874],[111.63264,-7.96845],[111.63334,-7.96764],[111.63363,-7.96705],[111.63369,-7.96676],[111.63384,-7.96643],[111.63404,-7.96617],[111.63454,-7.96664],[111.63469,-7.96687],[111.63469,-7.96799],[111.63441,-7.96835],[111.6343,-7.96864],[111.63425,-7.96902],[111.63424,-7.96942],[111.6337,-7.96948],[111.63317,-7.96964],[111.63388,-7.97013],[111.63449,-7.97049],[111.63486,-7.97065],[111.6346,-7.97088],[111.63433,-7.97105],[111.63418,-7.97111],[111.63389,-7.97113],[111.63292,-7.97093],[111.63234,-7.97092],[111.63241,-7.97058],[111.63258,-7.97005],[111.63192,-7.97013],[111.6317,-7.97026],[111.63137,-7.9704],[111.63094,-7.97066],[111.63074,-7.97128],[111.63068,-7.97178],[111.63094,-7.97199],[111.63115,-7.97189],[111.63162,-7.97173],[111.63246,-7.9722],[111.63238,-7.97234],[111.63175,-7.97265],[111.63156,-7.97286],[111.63133,-7.97276],[111.63094,-7.97269],[111.63061,-7.97274],[111.62974,-7.97276],[111.62964,-7.97272],[111.62973,-7.97263],[111.63017,-7.97251],[111.63063,-7.97231],[111.63032,-7.97222],[111.62966,-7.97212],[111.62912,-7.97188],[111.629,-7.97188],[111.62866,-7.97199],[111.62873,-7.97173],[111.6285,-7.97117],[111.62809,-7.97121],[111.62803,-7.97106],[111.62794,-7.97096],[111.6274,-7.97062],[111.62777,-7.96981],[111.62783,-7.96951],[111.62753,-7.96937],[111.62705,-7.97043],[111.62655,-7.97001],[111.62664,-7.9693],[111.62649,-7.9686],[111.62583,-7.96822],[111.62553,-7.96867],[111.62491,-7.96868],[111.6249,-7.96925],[111.62443,-7.96921],[111.62421,-7.96907],[111.62413,-7.96891],[111.62413,-7.96898],[111.6242,-7.96909],[111.6247,-7.96952],[111.62484,-7.97015],[111.62487,-7.97052],[111.62481,-7.97083],[111.6248,-7.97128],[111.62476,-7.97143],[111.6247,-7.97148],[111.6245,-7.97151],[111.62437,-7.97157],[111.62424,-7.97173],[111.62416,-7.97158],[111.62417,-7.97194],[111.62407,-7.97223],[111.6241,-7.97253],[111.62417,-7.97274],[111.62375,-7.97331],[111.62393,-7.97402],[111.62398,-7.97441],[111.62389,-7.97466],[111.62311,-7.97535],[111.62294,-7.97563],[111.62282,-7.97596],[111.62197,-7.9753],[111.62143,-7.9751],[111.62103,-7.97501],[111.6208,-7.975],[111.62048,-7.97509],[111.62006,-7.97462],[111.61982,-7.97428],[111.61951,-7.97396],[111.61939,-7.97389],[111.61912,-7.97382],[111.61828,-7.97368],[111.61783,-7.97357],[111.61761,-7.97349],[111.61741,-7.97336],[111.61729,-7.97319],[111.61717,-7.97264],[111.61695,-7.97271],[111.61631,-7.97281],[111.61592,-7.97291],[111.61581,-7.97303],[111.61571,-7.97322],[111.61556,-7.97369],[111.61542,-7.97374],[111.61549,-7.97439],[111.61575,-7.97559],[111.61586,-7.9759],[111.61599,-7.9761],[111.61648,-7.97654],[111.61683,-7.97695],[111.61697,-7.97719],[111.61707,-7.9775],[111.61713,-7.97802],[111.61714,-7.97836],[111.61694,-7.97934],[111.61695,-7.97956],[111.61707,-7.98],[111.6171,-7.98029],[111.61709,-7.98048],[111.61699,-7.98069],[111.61696,-7.98083],[111.61706,-7.98107],[111.61725,-7.98118],[111.61757,-7.98123],[111.61792,-7.98118],[111.61802,-7.98126],[111.61803,-7.98132],[111.61783,-7.98155],[111.61781,-7.98166],[111.61783,-7.9817],[111.61766,-7.98172],[111.61749,-7.98183],[111.61726,-7.98206],[111.61714,-7.98223],[111.61681,-7.98252],[111.61641,-7.98275],[111.61554,-7.98282],[111.61537,-7.98294],[111.61524,-7.98318],[111.61491,-7.98324],[111.61492,-7.98331],[111.61538,-7.98419],[111.61544,-7.98439],[111.61552,-7.98442],[111.61583,-7.98442],[111.61594,-7.98452],[111.61684,-7.98459],[111.61777,-7.98494],[111.61813,-7.98513],[111.61863,-7.98528],[111.61896,-7.98532],[111.61983,-7.98517],[111.62003,-7.98521],[111.62035,-7.98536],[111.62066,-7.98563],[111.62117,-7.9862],[111.62107,-7.99747],[111.6205,-7.9971],[111.6205,-7.99714],[111.62041,-7.99711],[111.61975,-7.99715],[111.61952,-7.99714],[111.61949,-7.99709],[111.61964,-7.99672],[111.61966,-7.99654],[111.61961,-7.99643],[111.61957,-7.99639],[111.61899,-7.99624],[111.61907,-7.99608],[111.61952,-7.99558],[111.61964,-7.99536],[111.61922,-7.99523],[111.61766,-7.99485],[111.61706,-7.99485],[111.61624,-7.99492],[111.61597,-7.99487],[111.61581,-7.99473],[111.61523,-7.99382],[111.61457,-7.99241],[111.61444,-7.99235],[111.6144,-7.99193],[111.61483,-7.9908],[111.61478,-7.99051],[111.61445,-7.98991],[111.61407,-7.9904],[111.61395,-7.9905],[111.61299,-7.99067],[111.61284,-7.99045],[111.61168,-7.98938],[111.61108,-7.98908],[111.6109,-7.98876],[111.61096,-7.98876],[111.61105,-7.98847],[111.61122,-7.98736],[111.6115,-7.98698],[111.61202,-7.98657],[111.61248,-7.98607],[111.61275,-7.98552],[111.61288,-7.98473],[111.61299,-7.98446],[111.6129,-7.98445],[111.61212,-7.98459],[111.61145,-7.98462],[111.61121,-7.98458],[111.61061,-7.98435],[111.60991,-7.98404],[111.60957,-7.98395],[111.60938,-7.98395],[111.60928,-7.98365],[111.60926,-7.98353],[111.60931,-7.98339],[111.60963,-7.98319],[111.60985,-7.98312],[111.60984,-7.98289],[111.60943,-7.98255],[111.60921,-7.98231],[111.60912,-7.98211],[111.60909,-7.98167],[111.60923,-7.98],[111.60921,-7.97959],[111.60927,-7.97926],[111.60967,-7.97877],[111.61049,-7.97721],[111.61077,-7.97683],[111.61093,-7.97652],[111.61094,-7.97555],[111.61115,-7.9753],[111.61185,-7.97483],[111.61238,-7.97451],[111.61243,-7.97436],[111.61237,-7.97422],[111.61227,-7.9741],[111.61203,-7.97357],[111.61207,-7.97339],[111.61222,-7.97304],[111.61202,-7.97293],[111.61195,-7.9728],[111.61192,-7.97235],[111.61192,-7.97188],[111.61187,-7.97159],[111.61168,-7.97106],[111.6113,-7.97027],[111.61077,-7.9695],[111.61046,-7.9689],[111.61034,-7.9688],[111.61002,-7.9686],[111.60968,-7.96849],[111.60907,-7.96839],[111.6091,-7.96859],[111.60906,-7.96905],[111.60892,-7.96936],[111.60894,-7.96974],[111.60905,-7.97019],[111.6088,-7.97028],[111.60875,-7.97038],[111.6087,-7.97067],[111.60865,-7.97078],[111.60839,-7.97101],[111.60787,-7.97136],[111.60766,-7.97143],[111.60747,-7.97142],[111.60672,-7.9711],[111.60649,-7.97094],[111.60629,-7.9707],[111.60596,-7.97002],[111.60584,-7.9699],[111.60567,-7.96985],[111.6051,-7.9698],[111.60395,-7.96987],[111.60369,-7.96975],[111.60349,-7.96956],[111.6033,-7.96931],[111.60315,-7.96903],[111.60313,-7.96892],[111.60331,-7.96785],[111.60328,-7.96743],[111.6032,-7.96718],[111.6029,-7.96671],[111.60265,-7.96639],[111.60241,-7.96635],[111.60158,-7.96604],[111.60146,-7.96612],[111.6008,-7.96691],[111.60063,-7.96702],[111.60051,-7.96701],[111.60031,-7.96695],[111.60014,-7.96684],[111.60003,-7.96641],[111.5999,-7.9663],[111.5997,-7.96623],[111.59939,-7.96618],[111.59862,-7.96611],[111.59845,-7.96633],[111.59802,-7.96658],[111.59786,-7.96671],[111.59695,-7.96766],[111.59597,-7.96788],[111.59569,-7.96798],[111.59542,-7.96814],[111.59456,-7.96808],[111.59362,-7.96824],[111.59317,-7.96821],[111.59292,-7.96824],[111.59259,-7.96833],[111.59209,-7.96889],[111.59176,-7.96916],[111.59153,-7.96924],[111.5914,-7.96921],[111.59123,-7.96908],[111.59113,-7.96906],[111.59083,-7.96913],[111.59054,-7.96925],[111.58973,-7.96964],[111.58939,-7.96973],[111.58912,-7.96971],[111.58889,-7.96962],[111.58851,-7.96933],[111.58804,-7.96887],[111.58788,-7.96886],[111.58739,-7.96899],[111.58713,-7.96898],[111.58693,-7.96887],[111.58642,-7.96845],[111.58606,-7.96806],[111.58563,-7.96746],[111.5854,-7.96727],[111.58525,-7.96721],[111.58458,-7.96732],[111.58431,-7.96713],[111.58392,-7.96677],[111.58375,-7.96654],[111.58335,-7.96581],[111.58319,-7.96539],[111.58296,-7.96511],[111.58233,-7.96455],[111.58246,-7.96421],[111.58277,-7.96417],[111.58278,-7.96393],[111.58245,-7.96322],[111.58237,-7.96286],[111.58211,-7.96217],[111.58219,-7.96146],[111.58186,-7.96128],[111.58115,-7.96108],[111.58079,-7.96075],[111.58057,-7.96068],[111.57929,-7.96064],[111.57851,-7.96068],[111.5782,-7.96061],[111.57767,-7.96033],[111.57713,-7.96046],[111.57601,-7.961],[111.57475,-7.9617],[111.57447,-7.96194],[111.57393,-7.96257],[111.57369,-7.96275],[111.57314,-7.96304],[111.57314,-7.96282],[111.57332,-7.96209],[111.57349,-7.96148],[111.57381,-7.96067],[111.57399,-7.96001],[111.5735,-7.9589],[111.57337,-7.95848],[111.57336,-7.95823],[111.57366,-7.95678],[111.57374,-7.9562],[111.5737,-7.95326],[111.57388,-7.95059],[111.57397,-7.95028],[111.57393,-7.95023],[111.57381,-7.94829],[111.57369,-7.94773],[111.57339,-7.94694],[111.57303,-7.94645],[111.57272,-7.94621],[111.57191,-7.94589],[111.57159,-7.94581],[111.57141,-7.9458],[111.57135,-7.9471],[111.57139,-7.94769],[111.57131,-7.94807],[111.57122,-7.94818],[111.57066,-7.9485],[111.56938,-7.9495],[111.56864,-7.95016],[111.56752,-7.95147],[111.56717,-7.952],[111.56671,-7.95312],[111.5666,-7.95326],[111.56643,-7.95336],[111.56523,-7.95361],[111.56505,-7.95376],[111.56361,-7.95534],[111.56324,-7.95432],[111.56283,-7.95345],[111.56268,-7.9532],[111.56383,-7.95267],[111.56439,-7.95225],[111.56439,-7.95234],[111.56442,-7.95222],[111.56439,-7.95225],[111.56433,-7.95092],[111.56439,-7.95038],[111.5646,-7.94964],[111.56481,-7.94904],[111.56517,-7.94824],[111.56561,-7.94776],[111.56624,-7.94758],[111.56743,-7.94714],[111.56764,-7.94657],[111.5688,-7.94631],[111.5693,-7.94595],[111.56963,-7.94547],[111.5699,-7.9452],[111.57022,-7.94497],[111.57082,-7.9447],[111.571,-7.94449],[111.571,-7.9441],[111.57168,-7.94339],[111.57213,-7.94315],[111.57263,-7.94297],[111.57358,-7.94208],[111.57403,-7.94199],[111.57486,-7.94223],[111.57543,-7.94256],[111.57579,-7.94256],[111.57632,-7.94262],[111.57671,-7.94262],[111.57718,-7.94256],[111.5776,-7.94235],[111.57796,-7.94193],[111.57811,-7.94161],[111.57885,-7.94083],[111.57947,-7.9408],[111.58016,-7.94131],[111.58102,-7.94158],[111.58194,-7.94205],[111.58382,-7.94372],[111.58382,-7.94446],[111.58343,-7.94506],[111.58361,-7.94538],[111.58462,-7.94571],[111.58539,-7.94571],[111.58634,-7.94562],[111.58685,-7.94565],[111.5873,-7.94622],[111.58703,-7.94678],[111.58718,-7.94726],[111.58819,-7.94729],[111.59,-7.94684],[111.59021,-7.94651],[111.59006,-7.94613],[111.58932,-7.94529],[111.58819,-7.94378],[111.58822,-7.94309],[111.5884,-7.9428],[111.58852,-7.94214],[111.58852,-7.94193],[111.58819,-7.94131],[111.58762,-7.94077],[111.5875,-7.94051],[111.58673,-7.93926],[111.58667,-7.93857],[111.58708,-7.93778],[111.58707,-7.93788],[111.58712,-7.93799],[111.58721,-7.93805],[111.5873,-7.93805],[111.58741,-7.93791],[111.58764,-7.93784],[111.5879,-7.9381],[111.58813,-7.93827],[111.58831,-7.93836],[111.58861,-7.93839],[111.58886,-7.93832],[111.58902,-7.93831],[111.58921,-7.9381],[111.5895,-7.93793],[111.58964,-7.93781],[111.58984,-7.93741],[111.59002,-7.9372],[111.59026,-7.9371],[111.59052,-7.93709],[111.59105,-7.93717],[111.59156,-7.93738],[111.59282,-7.93745],[111.59289,-7.93741],[111.5932,-7.9374],[111.59334,-7.93735],[111.59346,-7.93726],[111.59346,-7.93702],[111.59352,-7.93694],[111.59357,-7.93671],[111.59354,-7.93636],[111.59358,-7.93617],[111.59353,-7.93546],[111.59372,-7.9352],[111.59393,-7.93503],[111.59487,-7.93467],[111.59509,-7.93455],[111.59524,-7.93442],[111.5953,-7.93416],[111.59548,-7.93393],[111.5962,-7.93388],[111.5979,-7.9335],[111.59837,-7.93344],[111.59891,-7.93342]],[[111.61538,-7.9453],[111.61513,-7.94518],[111.61496,-7.94594],[111.6149,-7.94638],[111.61496,-7.94665],[111.6151,-7.94697],[111.61514,-7.94726],[111.61491,-7.948],[111.61477,-7.94817],[111.61504,-7.94816],[111.61587,-7.9482],[111.61597,-7.94825],[111.61619,-7.94793],[111.61638,-7.94757],[111.61664,-7.9473],[111.61687,-7.94714],[111.6175,-7.94693],[111.61748,-7.94664],[111.6177,-7.94582],[111.61744,-7.94576],[111.61638,-7.94576],[111.61622,-7.9457],[111.61615,-7.94561],[111.61609,-7.94544],[111.616,-7.94533],[111.6159,-7.94528],[111.61538,-7.9453]],[[111.61188,-7.94862],[111.61267,-7.9473],[111.61267,-7.94707],[111.61255,-7.94668],[111.61234,-7.94672],[111.61186,-7.94709],[111.61176,-7.94722],[111.61165,-7.94746],[111.61155,-7.94801],[111.61128,-7.94827],[111.61116,-7.94835],[111.6105,-7.9486],[111.61015,-7.94869],[111.60939,-7.94877],[111.60935,-7.94881],[111.60943,-7.94897],[111.60953,-7.94907],[111.60982,-7.94908],[111.61003,-7.94927],[111.61027,-7.94967],[111.61,-7.95012],[111.60982,-7.9508],[111.60988,-7.95097],[111.60987,-7.95104],[111.60951,-7.95131],[111.60948,-7.95136],[111.6095,-7.95152],[111.60955,-7.95163],[111.61001,-7.95109],[111.61016,-7.95074],[111.61021,-7.95048],[111.61029,-7.95031],[111.61098,-7.94963],[111.61139,-7.94933],[111.61155,-7.94904],[111.61188,-7.94862]]]}},{"type":"Feature","properties":{"ptnsbjname":"Kd, Uk, Kt","namobj":"Tegalan/Ladang","_cls":"Tegalan/Ladang"},"geometry":{"type":"MultiPolygon","coordinates":[[[[111.61515,-8.00979],[111.61461,-8.01042],[111.61457,-8.00971],[111.61472,-8.00942],[111.6152,-8.00872],[111.6156,-8.00822],[111.61589,-8.00805],[111.61653,-8.00778],[111.61718,-8.0081],[111.61783,-8.00832],[111.61819,-8.0084],[111.61839,-8.00872],[111.61818,-8.00896],[111.61744,-8.0094],[111.61705,-8.0095],[111.61552,-8.00961],[111.61515,-8.00979]]],[[[111.62684,-8.01015],[111.62666,-8.01029],[111.62671,-8.00991],[111.62696,-8.00965],[111.62725,-8.00943],[111.62802,-8.00851],[111.62822,-8.0077],[111.62837,-8.00727],[111.62801,-8.00695],[111.62804,-8.00645],[111.62823,-8.00614],[111.6285,-8.00595],[111.62883,-8.00588],[111.62955,-8.00582],[111.63045,-8.00563],[111.63092,-8.00534],[111.63121,-8.00525],[111.6316,-8.00475],[111.63173,-8.00438],[111.63139,-8.00373],[111.63228,-8.00388],[111.63272,-8.00399],[111.63262,-8.00438],[111.63262,-8.0046],[111.63258,-8.00478],[111.6324,-8.00505],[111.63242,-8.00509],[111.63177,-8.00668],[111.63108,-8.00754],[111.6306,-8.00764],[111.62988,-8.00789],[111.62932,-8.00859],[111.62859,-8.00917],[111.62763,-8.00965],[111.62684,-8.01015]]]]}}]}