{"type":"FeatureCollection","features":[{"type":"Feature","properties":{"REMARK":"Permukiman dan Tempat Kegiatan"},"geometry":{"type":"Polygon","coordinates":[[[111.55616,-7.92769],[111.55612,-7.92824],[111.55428,-7.92812],[111.55431,-7.92842],[111.55338,-7.92849],[111.55302,-7.92846],[111.553,-7.9281],[111.55248,-7.9281],[111.55253,-7.92734],[111.55394,-7.92732],[111.55489,-7.92738],[111.5549,-7.92756],[111.55616,-7.92769]]]}},{"type":"Feature","properties":{"REMARK":"Permukiman dan Tempat Kegiatan"},"geometry":{"type":"Polygon","coordinates":[[[111.55242,-7.92882],[111.55242,-7.92894],[111.55252,-7.92894],[111.55243,-7.92965],[111.55186,-7.9304],[111.55121,-7.93043],[111.55111,-7.92944],[111.55136,-7.92897],[111.55242,-7.92882]]]}},{"type":"Feature","properties":{"REMARK":"Permukiman dan Tempat Kegiatan"},"geometry":{"type":"Polygon","coordinates":[[[111.55447,-7.92957],[111.55466,-7.93044],[111.55524,-7.93073],[111.55527,-7.93095],[111.55467,-7.93115],[111.55415,-7.93137],[111.55335,-7.93188],[111.55331,-7.93241],[111.55352,-7.93246],[111.55342,-7.93298],[111.55298,-7.93295],[111.55304,-7.9328],[111.55304,-7.93243],[111.55172,-7.93246],[111.55167,-7.9322],[111.55135,-7.93221],[111.55118,-7.93183],[111.55228,-7.93164],[111.55253,-7.93073],[111.55268,-7.93063],[111.55412,-7.93027],[111.55406,-7.92978],[111.55301,-7.92979],[111.55294,-7.92931],[111.55439,-7.92902],[111.55447,-7.92957]]]}},{"type":"Feature","properties":{"REMARK":"Permukiman dan Tempat Kegiatan"},"geometry":{"type":"Polygon","coordinates":[[[111.55554,-7.93157],[111.55584,-7.93214],[111.55658,-7.93194],[111.5566,-7.93217],[111.55614,-7.93246],[111.55633,-7.93364],[111.55564,-7.93371],[111.55523,-7.93307],[111.55394,-7.93322],[111.55391,-7.93253],[111.55387,-7.93217],[111.55403,-7.93197],[111.55497,-7.93168],[111.55554,-7.93157]]]}},{"type":"Feature","properties":{"REMARK":"Permukiman dan Tempat Kegiatan"},"geometry":{"type":"Polygon","coordinates":[[[111.56573,-7.93363],[111.56571,-7.93412],[111.56512,-7.93433],[111.5649,-7.93411],[111.56292,-7.93442],[111.56285,-7.93489],[111.56166,-7.93507],[111.56154,-7.93488],[111.56075,-7.93527],[111.56069,-7.93561],[111.55954,-7.93587],[111.55943,-7.93523],[111.55976,-7.93503],[111.56015,-7.93486],[111.56143,-7.93446],[111.56256,-7.93405],[111.56285,-7.93391],[111.56342,-7.93381],[111.565,-7.93326],[111.56545,-7.93306],[111.56587,-7.93299],[111.56656,-7.93295],[111.5674,-7.93268],[111.56777,-7.93267],[111.56813,-7.93274],[111.5682,-7.93303],[111.5682,-7.93316],[111.56663,-7.93349],[111.56573,-7.93363]]]}},{"type":"Feature","properties":{"REMARK":"Permukiman dan Tempat Kegiatan"},"geometry":{"type":"MultiPolygon","coordinates":[[[[111.53199,-7.94311],[111.53327,-7.94344],[111.53344,-7.94343],[111.53373,-7.94329],[111.53377,-7.94345],[111.53305,-7.94357],[111.53272,-7.94353],[111.53204,-7.94327],[111.53122,-7.94311],[111.53104,-7.94316],[111.53009,-7.9437],[111.52958,-7.94384],[111.52933,-7.94403],[111.52929,-7.94394],[111.52946,-7.94382],[111.52977,-7.94367],[111.53009,-7.94357],[111.53032,-7.9434],[111.53074,-7.94321],[111.5308,-7.94317],[111.53077,-7.94303],[111.53139,-7.94287],[111.53199,-7.94311]]],[[[111.55013,-7.93353],[111.55016,-7.93368],[111.55066,-7.93365],[111.55194,-7.93375],[111.5521,-7.93407],[111.55215,-7.93451],[111.55136,-7.9343],[111.55068,-7.93418],[111.5499,-7.93413],[111.54695,-7.93491],[111.54609,-7.93525],[111.54558,-7.93555],[111.54232,-7.93699],[111.54251,-7.93784],[111.54136,-7.93831],[111.54158,-7.93908],[111.54168,-7.93934],[111.54007,-7.94015],[111.53808,-7.94124],[111.53736,-7.94152],[111.5362,-7.94172],[111.53621,-7.94233],[111.53455,-7.94257],[111.53442,-7.94254],[111.53435,-7.94239],[111.53427,-7.94205],[111.53384,-7.94212],[111.53353,-7.94233],[111.5328,-7.94018],[111.53277,-7.93999],[111.53267,-7.9398],[111.5325,-7.93963],[111.53246,-7.93954],[111.53248,-7.93945],[111.53258,-7.93935],[111.53306,-7.93928],[111.53321,-7.93913],[111.53387,-7.93908],[111.53384,-7.93868],[111.53527,-7.93829],[111.53711,-7.93794],[111.53715,-7.93763],[111.53819,-7.93757],[111.53816,-7.9373],[111.53885,-7.93706],[111.54088,-7.93678],[111.54067,-7.93616],[111.54116,-7.93599],[111.5421,-7.93557],[111.54344,-7.93507],[111.54471,-7.93467],[111.54592,-7.9342],[111.54585,-7.9339],[111.54824,-7.93347],[111.54965,-7.93316],[111.54982,-7.93343],[111.55013,-7.93353]]]]}},{"type":"Feature","properties":{"REMARK":"Permukiman dan Tempat Kegiatan"},"geometry":{"type":"Polygon","coordinates":[[[111.58662,-7.93821],[111.58663,-7.93839],[111.58555,-7.93838],[111.58601,-7.93714],[111.58497,-7.93675],[111.58508,-7.93654],[111.58557,-7.93603],[111.58557,-7.93561],[111.58457,-7.93487],[111.58373,-7.93431],[111.58394,-7.9337],[111.58484,-7.93393],[111.58539,-7.93417],[111.58572,-7.9344],[111.58639,-7.93504],[111.58699,-7.93579],[111.58715,-7.93608],[111.58733,-7.93685],[111.58747,-7.93727],[111.58722,-7.93735],[111.5867,-7.93803],[111.58662,-7.93821]]]}},{"type":"Feature","properties":{"REMARK":"Permukiman dan Tempat Kegiatan"},"geometry":{"type":"Polygon","coordinates":[[[111.55381,-7.93598],[111.5551,-7.93583],[111.55497,-7.93537],[111.55528,-7.93526],[111.55665,-7.935],[111.55685,-7.93566],[111.55594,-7.93573],[111.5559,-7.93605],[111.55517,-7.93624],[111.55388,-7.93645],[111.55381,-7.93598]]]}},{"type":"Feature","properties":{"REMARK":"Permukiman dan Tempat Kegiatan"},"geometry":{"type":"Polygon","coordinates":[[[111.55193,-7.93554],[111.55196,-7.93596],[111.55249,-7.93599],[111.55241,-7.93636],[111.55078,-7.93638],[111.55076,-7.93594],[111.55048,-7.93595],[111.54893,-7.93616],[111.54779,-7.93649],[111.54789,-7.93701],[111.54584,-7.93777],[111.54554,-7.93736],[111.54365,-7.93825],[111.54339,-7.93774],[111.54429,-7.93731],[111.54421,-7.93706],[111.54522,-7.93673],[111.54637,-7.93618],[111.5471,-7.93605],[111.54791,-7.93595],[111.54925,-7.93564],[111.55059,-7.93551],[111.55193,-7.93554]]]}},{"type":"Feature","properties":{"REMARK":"Permukiman dan Tempat Kegiatan"},"geometry":{"type":"Polygon","coordinates":[[[111.55381,-7.93598],[111.5527,-7.936],[111.55269,-7.9356],[111.55369,-7.9356],[111.55381,-7.93598]]]}},{"type":"Feature","properties":{"REMARK":"Permukiman dan Tempat Kegiatan"},"geometry":{"type":"Polygon","coordinates":[[[111.56041,-7.93756],[111.56009,-7.93772],[111.56001,-7.93722],[111.56055,-7.93689],[111.56122,-7.93668],[111.56143,-7.93731],[111.56041,-7.93756]]]}},{"type":"Feature","properties":{"REMARK":"Permukiman dan Tempat Kegiatan"},"geometry":{"type":"Polygon","coordinates":[[[111.57435,-7.93835],[111.57317,-7.93878],[111.57231,-7.93877],[111.57156,-7.93854],[111.57164,-7.93873],[111.57085,-7.93948],[111.57003,-7.94047],[111.56931,-7.94035],[111.56937,-7.94019],[111.56943,-7.93977],[111.56965,-7.93886],[111.5699,-7.93844],[111.57037,-7.93779],[111.5705,-7.93763],[111.57074,-7.93751],[111.57089,-7.93749],[111.57106,-7.93754],[111.57126,-7.93771],[111.57177,-7.9384],[111.57198,-7.93856],[111.5723,-7.9387],[111.57254,-7.93876],[111.57285,-7.93875],[111.57326,-7.93845],[111.57394,-7.93763],[111.57468,-7.93705],[111.57527,-7.93675],[111.57563,-7.937],[111.57504,-7.93751],[111.57468,-7.93799],[111.57435,-7.93835]]]}},{"type":"Feature","properties":{"REMARK":"Permukiman dan Tempat Kegiatan"},"geometry":{"type":"Polygon","coordinates":[[[111.57268,-7.93851],[111.57255,-7.93851],[111.57214,-7.93824],[111.57187,-7.93799],[111.57178,-7.93785],[111.57241,-7.93721],[111.57298,-7.93738],[111.57358,-7.93762],[111.5732,-7.93797],[111.5729,-7.93837],[111.57268,-7.93851]]]}},{"type":"Feature","properties":{"REMARK":"Permukiman dan Tempat Kegiatan"},"geometry":{"type":"Polygon","coordinates":[[[111.55949,-7.93801],[111.55955,-7.93883],[111.55949,-7.93907],[111.55963,-7.93923],[111.55954,-7.93937],[111.55905,-7.93944],[111.55897,-7.93975],[111.55857,-7.93976],[111.55845,-7.93935],[111.55748,-7.93932],[111.55699,-7.93938],[111.55625,-7.9394],[111.55632,-7.939],[111.55671,-7.93889],[111.55704,-7.93844],[111.55806,-7.93828],[111.55834,-7.9382],[111.55868,-7.93837],[111.55949,-7.93801]]]}},{"type":"Feature","properties":{"REMARK":"Permukiman dan Tempat Kegiatan"},"geometry":{"type":"Polygon","coordinates":[[[111.56933,-7.93926],[111.56913,-7.94032],[111.56904,-7.94037],[111.56757,-7.94029],[111.56672,-7.94052],[111.56609,-7.94076],[111.56608,-7.94096],[111.56613,-7.9413],[111.5662,-7.94154],[111.5659,-7.94174],[111.56552,-7.9419],[111.56498,-7.94206],[111.56367,-7.94204],[111.56364,-7.94158],[111.56379,-7.94162],[111.56391,-7.9416],[111.56392,-7.94094],[111.56423,-7.94075],[111.56483,-7.93992],[111.56558,-7.93951],[111.56551,-7.93892],[111.56622,-7.93851],[111.56723,-7.93816],[111.56737,-7.93853],[111.56808,-7.93857],[111.56821,-7.93894],[111.56933,-7.93926]]]}},{"type":"Feature","properties":{"REMARK":"Permukiman dan Tempat Kegiatan"},"geometry":{"type":"Polygon","coordinates":[[[111.56144,-7.94051],[111.56165,-7.94087],[111.5622,-7.9408],[111.56233,-7.9413],[111.56302,-7.94145],[111.56295,-7.94172],[111.56233,-7.94187],[111.56185,-7.94218],[111.56167,-7.9421],[111.56149,-7.9421],[111.56134,-7.94221],[111.56028,-7.94242],[111.55932,-7.94257],[111.5592,-7.94219],[111.55967,-7.94198],[111.56071,-7.94165],[111.56053,-7.94108],[111.56099,-7.94069],[111.56144,-7.94051]]]}},{"type":"Feature","properties":{"REMARK":"Permukiman dan Tempat Kegiatan"},"geometry":{"type":"Polygon","coordinates":[[[111.61684,-7.94249],[111.61678,-7.94293],[111.61662,-7.94305],[111.61656,-7.94336],[111.61633,-7.94352],[111.61588,-7.94375],[111.61488,-7.94417],[111.61469,-7.9443],[111.61453,-7.94507],[111.61447,-7.94553],[111.61426,-7.94581],[111.61413,-7.94575],[111.61425,-7.94494],[111.61442,-7.94416],[111.6141,-7.94412],[111.61411,-7.94362],[111.61422,-7.94286],[111.61433,-7.94268],[111.61487,-7.94264],[111.6152,-7.94268],[111.61525,-7.94251],[111.61491,-7.9424],[111.61497,-7.94198],[111.61515,-7.94133],[111.61558,-7.94126],[111.61566,-7.94218],[111.61581,-7.94224],[111.61628,-7.94228],[111.61662,-7.94238],[111.61684,-7.94249]]]}},{"type":"Feature","properties":{"REMARK":"Permukiman dan Tempat Kegiatan"},"geometry":{"type":"Polygon","coordinates":[[[111.62293,-7.94307],[111.62265,-7.94335],[111.62227,-7.94332],[111.62196,-7.94315],[111.62224,-7.94174],[111.62249,-7.94163],[111.62268,-7.94168],[111.62364,-7.94209],[111.62362,-7.94219],[111.62349,-7.94232],[111.62293,-7.94307]]]}},{"type":"Feature","properties":{"REMARK":"Permukiman dan Tempat Kegiatan"},"geometry":{"type":"Polygon","coordinates":[[[111.6218,-7.9431],[111.62163,-7.94343],[111.62139,-7.94332],[111.62132,-7.94308],[111.62127,-7.94246],[111.62133,-7.94174],[111.62174,-7.94166],[111.62168,-7.94197],[111.62171,-7.94308],[111.6218,-7.9431]]]}},{"type":"Feature","properties":{"REMARK":"Permukiman dan Tempat Kegiatan"},"geometry":{"type":"Polygon","coordinates":[[[111.55234,-7.94241],[111.55055,-7.94286],[111.55051,-7.9424],[111.55205,-7.94188],[111.55234,-7.94241]]]}},{"type":"Feature","properties":{"REMARK":"Permukiman dan Tempat Kegiatan"},"geometry":{"type":"Polygon","coordinates":[[[111.55002,-7.94341],[111.55008,-7.94385],[111.55169,-7.94353],[111.55187,-7.94419],[111.55177,-7.94463],[111.55178,-7.94503],[111.55229,-7.94496],[111.55234,-7.94456],[111.55328,-7.94443],[111.55432,-7.94459],[111.55437,-7.9452],[111.55538,-7.94529],[111.55558,-7.94624],[111.55617,-7.94616],[111.55615,-7.94748],[111.5565,-7.94817],[111.55624,-7.94854],[111.55529,-7.94868],[111.55432,-7.94855],[111.55427,-7.94825],[111.554,-7.94812],[111.55407,-7.94746],[111.55359,-7.94735],[111.55329,-7.94733],[111.55227,-7.94742],[111.55111,-7.94745],[111.55092,-7.94747],[111.55058,-7.94762],[111.55038,-7.94691],[111.55174,-7.94668],[111.55158,-7.94594],[111.55093,-7.94602],[111.55065,-7.94596],[111.55064,-7.94555],[111.55107,-7.94526],[111.551,-7.94465],[111.55015,-7.94462],[111.55011,-7.94419],[111.5495,-7.94426],[111.54916,-7.94425],[111.54907,-7.94313],[111.54987,-7.94297],[111.55002,-7.94341]]]}},{"type":"Feature","properties":{"REMARK":"Permukiman dan Tempat Kegiatan"},"geometry":{"type":"Polygon","coordinates":[[[111.56365,-7.94399],[111.56414,-7.94401],[111.56519,-7.94366],[111.56582,-7.94419],[111.56559,-7.94439],[111.56401,-7.94482],[111.56396,-7.94471],[111.5634,-7.94472],[111.5628,-7.94464],[111.56265,-7.94437],[111.56263,-7.94407],[111.56286,-7.94361],[111.56364,-7.94387],[111.56365,-7.94399]]]}},{"type":"Feature","properties":{"REMARK":"Permukiman dan Tempat Kegiatan"},"geometry":{"type":"Polygon","coordinates":[[[111.6172,-7.94355],[111.61792,-7.94359],[111.61805,-7.94419],[111.61847,-7.94418],[111.61897,-7.94412],[111.61937,-7.94418],[111.6198,-7.94437],[111.61971,-7.94462],[111.61949,-7.94487],[111.61875,-7.94489],[111.6187,-7.94517],[111.61774,-7.94519],[111.61754,-7.94607],[111.61698,-7.94642],[111.61674,-7.94661],[111.61647,-7.94646],[111.61624,-7.94628],[111.61612,-7.94587],[111.61611,-7.94567],[111.61624,-7.94496],[111.61623,-7.94487],[111.61613,-7.94487],[111.61615,-7.94464],[111.6163,-7.94406],[111.61678,-7.944],[111.61683,-7.94446],[111.61753,-7.94446],[111.61748,-7.94416],[111.61751,-7.94409],[111.61725,-7.944],[111.6172,-7.94355]]]}},{"type":"Feature","properties":{"REMARK":"Permukiman dan Tempat Kegiatan"},"geometry":{"type":"Polygon","coordinates":[[[111.55805,-7.94427],[111.55801,-7.94478],[111.55732,-7.94457],[111.5572,-7.94369],[111.55758,-7.94369],[111.55785,-7.94378],[111.55821,-7.94395],[111.55805,-7.94427]]]}},{"type":"Feature","properties":{"REMARK":"Permukiman dan Tempat Kegiatan"},"geometry":{"type":"Polygon","coordinates":[[[111.56194,-7.94413],[111.56194,-7.94455],[111.56219,-7.94449],[111.56229,-7.94474],[111.56239,-7.94481],[111.56198,-7.94509],[111.5618,-7.94504],[111.56173,-7.94457],[111.56107,-7.94467],[111.56089,-7.94476],[111.56078,-7.94488],[111.56074,-7.94507],[111.5608,-7.94564],[111.56121,-7.94564],[111.56134,-7.94622],[111.56143,-7.94623],[111.56111,-7.94792],[111.56035,-7.9474],[111.56075,-7.94683],[111.56081,-7.94657],[111.56083,-7.94601],[111.56009,-7.9462],[111.55985,-7.94529],[111.56177,-7.94387],[111.56194,-7.94413]]]}},{"type":"Feature","properties":{"REMARK":"Permukiman dan Tempat Kegiatan"},"geometry":{"type":"Polygon","coordinates":[[[111.5467,-7.94608],[111.54581,-7.94623],[111.54568,-7.94727],[111.54571,-7.94751],[111.54675,-7.94804],[111.5466,-7.94884],[111.54678,-7.94887],[111.54714,-7.948],[111.54739,-7.94771],[111.54782,-7.94746],[111.54802,-7.94722],[111.54877,-7.94685],[111.54891,-7.94554],[111.54984,-7.94577],[111.55007,-7.946],[111.54994,-7.94655],[111.55011,-7.94744],[111.55021,-7.94777],[111.54944,-7.9481],[111.54741,-7.94906],[111.54671,-7.94932],[111.54653,-7.94935],[111.5459,-7.94859],[111.54509,-7.94791],[111.54374,-7.94797],[111.54243,-7.94816],[111.54244,-7.9491],[111.54227,-7.94916],[111.54207,-7.94936],[111.5418,-7.94953],[111.54158,-7.94956],[111.5412,-7.94956],[111.53988,-7.94925],[111.53969,-7.94839],[111.53961,-7.94787],[111.53892,-7.94765],[111.53867,-7.94686],[111.53839,-7.94684],[111.5381,-7.94679],[111.53741,-7.9466],[111.53726,-7.94664],[111.53729,-7.94622],[111.53928,-7.94646],[111.54028,-7.94645],[111.5403,-7.9466],[111.54197,-7.94624],[111.54263,-7.94596],[111.54283,-7.94594],[111.54286,-7.94585],[111.54379,-7.94557],[111.544,-7.94588],[111.54402,-7.94623],[111.54447,-7.94546],[111.54555,-7.94545],[111.54565,-7.94517],[111.54652,-7.94529],[111.5467,-7.94608]]]}},{"type":"Feature","properties":{"REMARK":"Permukiman dan Tempat Kegiatan"},"geometry":{"type":"Polygon","coordinates":[[[111.56204,-7.94897],[111.56203,-7.94834],[111.56196,-7.94724],[111.56185,-7.94646],[111.56257,-7.94638],[111.56294,-7.94599],[111.56351,-7.94606],[111.56403,-7.94604],[111.56535,-7.94582],[111.5659,-7.94576],[111.56595,-7.94554],[111.56649,-7.94557],[111.56648,-7.94621],[111.5657,-7.94635],[111.56566,-7.94657],[111.56308,-7.94736],[111.56295,-7.94826],[111.56299,-7.94909],[111.56223,-7.94895],[111.56204,-7.94897]]]}},{"type":"Feature","properties":{"REMARK":"Permukiman dan Tempat Kegiatan"},"geometry":{"type":"Polygon","coordinates":[[[111.55865,-7.94644],[111.55807,-7.94674],[111.55738,-7.94635],[111.55775,-7.94564],[111.558,-7.94561],[111.55836,-7.94576],[111.55865,-7.94644]]]}},{"type":"Feature","properties":{"REMARK":"Permukiman dan Tempat Kegiatan"},"geometry":{"type":"Polygon","coordinates":[[[111.61554,-7.9474],[111.61607,-7.94767],[111.61645,-7.94739],[111.61687,-7.94738],[111.61703,-7.94744],[111.61723,-7.94772],[111.61683,-7.94791],[111.61686,-7.94816],[111.61679,-7.94898],[111.6166,-7.9491],[111.61637,-7.94902],[111.61603,-7.94877],[111.61546,-7.94857],[111.61551,-7.948],[111.61539,-7.94792],[111.61498,-7.94785],[111.61456,-7.94784],[111.61431,-7.94792],[111.61373,-7.94825],[111.61335,-7.94796],[111.61389,-7.94746],[111.61396,-7.94743],[111.61386,-7.94718],[111.61414,-7.94688],[111.61472,-7.94635],[111.61539,-7.94604],[111.61574,-7.94607],[111.61586,-7.94632],[111.61587,-7.94686],[111.61554,-7.9474]]]}},{"type":"Feature","properties":{"REMARK":"Permukiman dan Tempat Kegiatan"},"geometry":{"type":"Polygon","coordinates":[[[111.62238,-7.94712],[111.62205,-7.94713],[111.62214,-7.94674],[111.6219,-7.94646],[111.62197,-7.94627],[111.62242,-7.94625],[111.62266,-7.94614],[111.62303,-7.94612],[111.62295,-7.94635],[111.62238,-7.94712]]]}},{"type":"Feature","properties":{"REMARK":"Permukiman dan Tempat Kegiatan"},"geometry":{"type":"Polygon","coordinates":[[[111.62339,-7.94805],[111.62359,-7.94802],[111.62387,-7.94726],[111.62394,-7.94692],[111.62412,-7.94687],[111.62447,-7.94685],[111.62487,-7.94696],[111.625,-7.94729],[111.62487,-7.94775],[111.62479,-7.94828],[111.62378,-7.94861],[111.62364,-7.94862],[111.62343,-7.94914],[111.62286,-7.949],[111.62231,-7.94894],[111.6221,-7.94915],[111.62133,-7.94917],[111.62121,-7.9495],[111.62068,-7.94925],[111.62058,-7.94891],[111.62011,-7.94884],[111.61932,-7.94882],[111.61934,-7.9486],[111.61946,-7.94819],[111.61983,-7.94814],[111.61987,-7.94786],[111.6197,-7.94782],[111.61974,-7.94708],[111.62039,-7.94739],[111.62067,-7.94707],[111.62087,-7.9473],[111.62057,-7.94762],[111.62086,-7.94799],[111.62144,-7.94851],[111.62202,-7.94851],[111.62156,-7.94801],[111.62152,-7.94776],[111.62184,-7.94758],[111.62208,-7.94772],[111.62209,-7.94806],[111.62252,-7.94808],[111.62257,-7.94853],[111.62308,-7.94861],[111.6232,-7.94815],[111.62294,-7.94799],[111.62307,-7.94717],[111.62327,-7.94673],[111.62371,-7.94691],[111.62342,-7.9477],[111.62339,-7.94805]]]}},{"type":"Feature","properties":{"REMARK":"Permukiman dan Tempat Kegiatan"},"geometry":{"type":"Polygon","coordinates":[[[111.53567,-7.94814],[111.53575,-7.94859],[111.53662,-7.94822],[111.53691,-7.94825],[111.53767,-7.94857],[111.53837,-7.94906],[111.53834,-7.94908],[111.53747,-7.94856],[111.53674,-7.94834],[111.53666,-7.94833],[111.53627,-7.94848],[111.53609,-7.94864],[111.53611,-7.94879],[111.53607,-7.94951],[111.53593,-7.94959],[111.53559,-7.94965],[111.53506,-7.94969],[111.53521,-7.95015],[111.53411,-7.95097],[111.53383,-7.95029],[111.5332,-7.95032],[111.53314,-7.95004],[111.53252,-7.95019],[111.53209,-7.95043],[111.53198,-7.95013],[111.53178,-7.94975],[111.53105,-7.9502],[111.53108,-7.95016],[111.53101,-7.95013],[111.53078,-7.94975],[111.53059,-7.94953],[111.5311,-7.9493],[111.5316,-7.94978],[111.53209,-7.94951],[111.53239,-7.94938],[111.5323,-7.94874],[111.53323,-7.94853],[111.53329,-7.94835],[111.53457,-7.94828],[111.53567,-7.94814]]]}},{"type":"Feature","properties":{"REMARK":"Permukiman dan Tempat Kegiatan"},"geometry":{"type":"Polygon","coordinates":[[[111.5647,-7.94907],[111.56403,-7.94914],[111.56398,-7.94866],[111.56371,-7.94861],[111.56373,-7.94824],[111.5647,-7.94824],[111.5647,-7.94907]]]}},{"type":"Feature","properties":{"REMARK":"Permukiman dan Tempat Kegiatan"},"geometry":{"type":"Polygon","coordinates":[[[111.62495,-7.94822],[111.62496,-7.94824],[111.62494,-7.94822],[111.62495,-7.94822]]]}},{"type":"Feature","properties":{"REMARK":"Permukiman dan Tempat Kegiatan"},"geometry":{"type":"Polygon","coordinates":[[[111.56204,-7.94897],[111.56204,-7.94968],[111.56155,-7.94974],[111.56142,-7.95025],[111.56091,-7.95033],[111.56073,-7.951],[111.56063,-7.95104],[111.56059,-7.95129],[111.56,-7.9515],[111.55909,-7.9516],[111.55921,-7.95098],[111.55965,-7.95089],[111.5598,-7.95067],[111.55988,-7.95043],[111.55984,-7.94986],[111.55918,-7.94996],[111.559,-7.94982],[111.55723,-7.95139],[111.55697,-7.95136],[111.55728,-7.95068],[111.55897,-7.94904],[111.5596,-7.94847],[111.55985,-7.9486],[111.55997,-7.94872],[111.55983,-7.94932],[111.55984,-7.94977],[111.56075,-7.94945],[111.56088,-7.94884],[111.56159,-7.94877],[111.56165,-7.94901],[111.56204,-7.94897]]]}},{"type":"Feature","properties":{"REMARK":"Permukiman dan Tempat Kegiatan"},"geometry":{"type":"Polygon","coordinates":[[[111.54245,-7.94917],[111.54258,-7.95107],[111.54258,-7.95142],[111.54253,-7.95185],[111.54283,-7.95199],[111.5428,-7.95259],[111.54181,-7.95263],[111.54187,-7.95188],[111.54184,-7.95014],[111.5404,-7.94979],[111.54045,-7.94947],[111.54135,-7.94962],[111.54174,-7.94961],[111.54199,-7.94947],[111.54238,-7.94918],[111.54245,-7.94917]]]}},{"type":"Feature","properties":{"REMARK":"Permukiman dan Tempat Kegiatan"},"geometry":{"type":"Polygon","coordinates":[[[111.53987,-7.94932],[111.53967,-7.9497],[111.5391,-7.94954],[111.53908,-7.94927],[111.53955,-7.94925],[111.53987,-7.94932]]]}},{"type":"Feature","properties":{"REMARK":"Permukiman dan Tempat Kegiatan"},"geometry":{"type":"Polygon","coordinates":[[[111.62239,-7.95048],[111.6216,-7.95063],[111.62123,-7.95057],[111.62128,-7.95025],[111.62123,-7.95001],[111.6223,-7.94995],[111.62277,-7.94998],[111.6228,-7.95036],[111.62239,-7.95048]]]}},{"type":"Feature","properties":{"REMARK":"Permukiman dan Tempat Kegiatan"},"geometry":{"type":"Polygon","coordinates":[[[111.56425,-7.95088],[111.56285,-7.95103],[111.56273,-7.95017],[111.56429,-7.95008],[111.56425,-7.95088]]]}},{"type":"Feature","properties":{"REMARK":"Permukiman dan Tempat Kegiatan"},"geometry":{"type":"Polygon","coordinates":[[[111.55289,-7.95113],[111.55219,-7.9512],[111.55146,-7.9512],[111.55081,-7.95226],[111.55049,-7.95265],[111.55017,-7.95254],[111.54985,-7.95314],[111.5494,-7.95332],[111.54888,-7.95363],[111.54858,-7.95373],[111.54875,-7.95407],[111.54943,-7.95404],[111.55001,-7.95389],[111.54993,-7.95314],[111.5504,-7.95308],[111.55054,-7.95309],[111.55143,-7.95328],[111.55177,-7.95333],[111.55179,-7.95298],[111.55252,-7.95303],[111.55251,-7.95431],[111.55189,-7.95434],[111.55197,-7.95376],[111.55143,-7.95377],[111.55132,-7.955],[111.55183,-7.95505],[111.55223,-7.95513],[111.55214,-7.95561],[111.55051,-7.95575],[111.5493,-7.95563],[111.54878,-7.95551],[111.54879,-7.95498],[111.54889,-7.95459],[111.54704,-7.9545],[111.54694,-7.95539],[111.54763,-7.95562],[111.54878,-7.95571],[111.5488,-7.95637],[111.54736,-7.95644],[111.54684,-7.9565],[111.54679,-7.95707],[111.54806,-7.95704],[111.54881,-7.95709],[111.54945,-7.95725],[111.5504,-7.95777],[111.55058,-7.95789],[111.55033,-7.95888],[111.55025,-7.95894],[111.54975,-7.9588],[111.5496,-7.95927],[111.54637,-7.95874],[111.54611,-7.95813],[111.54578,-7.95875],[111.54639,-7.95915],[111.54613,-7.96026],[111.54548,-7.9602],[111.54489,-7.95998],[111.54477,-7.96013],[111.54454,-7.96011],[111.54396,-7.95983],[111.54425,-7.959],[111.54469,-7.95919],[111.54496,-7.95869],[111.54466,-7.95848],[111.54479,-7.95801],[111.54552,-7.95798],[111.54586,-7.95708],[111.54634,-7.95705],[111.54634,-7.95594],[111.54588,-7.95587],[111.5459,-7.95492],[111.54634,-7.95479],[111.54637,-7.9542],[111.54645,-7.9541],[111.54635,-7.95408],[111.54486,-7.95425],[111.54419,-7.9544],[111.54393,-7.95435],[111.54383,-7.95307],[111.54387,-7.9526],[111.54455,-7.95258],[111.5449,-7.95303],[111.545,-7.95334],[111.54721,-7.95303],[111.54928,-7.95247],[111.54956,-7.95234],[111.54931,-7.95213],[111.55048,-7.951],[111.55117,-7.9507],[111.55132,-7.95011],[111.55277,-7.95015],[111.55291,-7.95071],[111.55289,-7.95113]]]}},{"type":"Feature","properties":{"REMARK":"Permukiman dan Tempat Kegiatan"},"geometry":{"type":"Polygon","coordinates":[[[111.61257,-7.94962],[111.61263,-7.94996],[111.61293,-7.95022],[111.61324,-7.95029],[111.61323,-7.95039],[111.613,-7.95066],[111.61294,-7.9513],[111.61269,-7.9513],[111.61237,-7.95139],[111.61225,-7.95163],[111.61197,-7.95168],[111.6119,-7.95147],[111.61188,-7.95117],[111.61178,-7.95099],[111.61162,-7.95089],[111.61137,-7.95087],[111.61101,-7.95097],[111.61052,-7.95103],[111.6098,-7.95103],[111.60948,-7.951],[111.60924,-7.95092],[111.60918,-7.9508],[111.60917,-7.95063],[111.60919,-7.95058],[111.60955,-7.95031],[111.60955,-7.95024],[111.60951,-7.95012],[111.60978,-7.95011],[111.60995,-7.94957],[111.61015,-7.94935],[111.61063,-7.94945],[111.6108,-7.94956],[111.61115,-7.94966],[111.61135,-7.94956],[111.6117,-7.94922],[111.6119,-7.94914],[111.61221,-7.94914],[111.61228,-7.94915],[111.61232,-7.94931],[111.61251,-7.9495],[111.61257,-7.94962]]]}},{"type":"Feature","properties":{"REMARK":"Permukiman dan Tempat Kegiatan"},"geometry":{"type":"Polygon","coordinates":[[[111.55425,-7.95069],[111.55575,-7.9516],[111.55552,-7.95197],[111.55463,-7.95147],[111.55438,-7.95124],[111.5542,-7.95143],[111.55379,-7.95112],[111.55393,-7.95083],[111.554,-7.95089],[111.55425,-7.95069]]]}},{"type":"Feature","properties":{"REMARK":"Permukiman dan Tempat Kegiatan"},"geometry":{"type":"Polygon","coordinates":[[[111.608,-7.95128],[111.60801,-7.95188],[111.60791,-7.95218],[111.60673,-7.95258],[111.60696,-7.95301],[111.60753,-7.95339],[111.60738,-7.95369],[111.60692,-7.95383],[111.60669,-7.95377],[111.60581,-7.95302],[111.60542,-7.95244],[111.60552,-7.95156],[111.60616,-7.95161],[111.60676,-7.9516],[111.60733,-7.95152],[111.608,-7.95128]]]}},{"type":"Feature","properties":{"REMARK":"Permukiman dan Tempat Kegiatan"},"geometry":{"type":"Polygon","coordinates":[[[111.62362,-7.95101],[111.62344,-7.95096],[111.62336,-7.95107],[111.62323,-7.95135],[111.62323,-7.95151],[111.62311,-7.95163],[111.62272,-7.95186],[111.62239,-7.95196],[111.62241,-7.95188],[111.62227,-7.95178],[111.62231,-7.95189],[111.62221,-7.95228],[111.62198,-7.95246],[111.62148,-7.95255],[111.62129,-7.95238],[111.62152,-7.95213],[111.62153,-7.95199],[111.62148,-7.95187],[111.62142,-7.95183],[111.62171,-7.95164],[111.62194,-7.95156],[111.62198,-7.95149],[111.62226,-7.95149],[111.62255,-7.95155],[111.62256,-7.95151],[111.62269,-7.9515],[111.62295,-7.95134],[111.62315,-7.95108],[111.62336,-7.95106],[111.62344,-7.95096],[111.62362,-7.95101]]]}},{"type":"Feature","properties":{"REMARK":"Permukiman dan Tempat Kegiatan"},"geometry":{"type":"Polygon","coordinates":[[[111.56053,-7.95365],[111.55888,-7.9542],[111.55838,-7.95293],[111.55929,-7.95258],[111.56018,-7.9524],[111.56097,-7.9521],[111.56128,-7.95192],[111.56155,-7.95287],[111.56047,-7.95317],[111.56053,-7.95365]]]}},{"type":"Feature","properties":{"REMARK":"Permukiman dan Tempat Kegiatan"},"geometry":{"type":"Polygon","coordinates":[[[111.54057,-7.9538],[111.54017,-7.95403],[111.53951,-7.95348],[111.5395,-7.95272],[111.54021,-7.95273],[111.541,-7.95281],[111.54108,-7.9529],[111.54102,-7.95322],[111.54087,-7.95349],[111.54057,-7.9538]]]}},{"type":"Feature","properties":{"REMARK":"Permukiman dan Tempat Kegiatan"},"geometry":{"type":"Polygon","coordinates":[[[111.61804,-7.95394],[111.6178,-7.95499],[111.61767,-7.95528],[111.61669,-7.95495],[111.6166,-7.95434],[111.6154,-7.9542],[111.61495,-7.95425],[111.61464,-7.95407],[111.61521,-7.95376],[111.61625,-7.95371],[111.61804,-7.95394]]]}},{"type":"Feature","properties":{"REMARK":"Permukiman dan Tempat Kegiatan"},"geometry":{"type":"Polygon","coordinates":[[[111.61194,-7.95644],[111.61139,-7.95635],[111.61133,-7.95631],[111.61128,-7.95532],[111.61138,-7.95528],[111.61196,-7.95454],[111.61239,-7.95477],[111.61212,-7.95543],[111.61194,-7.95644]]]}},{"type":"Feature","properties":{"REMARK":"Permukiman dan Tempat Kegiatan"},"geometry":{"type":"Polygon","coordinates":[[[111.61459,-7.95711],[111.61452,-7.95733],[111.61392,-7.95717],[111.61357,-7.95703],[111.61347,-7.95694],[111.6127,-7.95672],[111.61278,-7.95616],[111.61329,-7.95504],[111.61391,-7.95502],[111.61376,-7.95579],[111.61472,-7.95594],[111.61459,-7.95676],[111.61459,-7.95711]]]}},{"type":"Feature","properties":{"REMARK":"Permukiman dan Tempat Kegiatan"},"geometry":{"type":"Polygon","coordinates":[[[111.61683,-7.95622],[111.61711,-7.95736],[111.61617,-7.95732],[111.61595,-7.95728],[111.61589,-7.95683],[111.61503,-7.95663],[111.61508,-7.95646],[111.61514,-7.95573],[111.61674,-7.95598],[111.61683,-7.95622]]]}},{"type":"Feature","properties":{"REMARK":"Permukiman dan Tempat Kegiatan"},"geometry":{"type":"Polygon","coordinates":[[[111.6244,-7.95731],[111.62414,-7.9582],[111.62291,-7.95775],[111.62274,-7.95799],[111.62266,-7.95835],[111.62217,-7.95929],[111.62201,-7.95927],[111.62161,-7.96071],[111.62275,-7.96105],[111.62382,-7.96201],[111.62406,-7.96184],[111.62406,-7.96147],[111.62411,-7.96144],[111.62451,-7.96155],[111.62475,-7.96143],[111.62473,-7.96049],[111.6248,-7.96011],[111.6249,-7.95994],[111.62564,-7.96009],[111.62572,-7.96029],[111.62516,-7.96018],[111.62511,-7.96032],[111.62506,-7.96081],[111.62512,-7.96128],[111.62494,-7.96159],[111.62451,-7.96169],[111.62423,-7.96204],[111.62415,-7.96225],[111.62436,-7.96269],[111.62472,-7.96289],[111.62495,-7.96281],[111.62511,-7.96271],[111.62536,-7.96287],[111.62549,-7.96306],[111.62536,-7.96314],[111.62503,-7.96322],[111.62477,-7.96322],[111.62444,-7.96304],[111.62363,-7.96248],[111.62279,-7.9617],[111.62256,-7.96154],[111.62237,-7.96147],[111.62188,-7.96237],[111.62124,-7.96322],[111.62184,-7.96449],[111.62115,-7.96515],[111.62012,-7.9659],[111.61864,-7.96457],[111.61796,-7.96527],[111.61761,-7.96504],[111.61732,-7.96539],[111.6171,-7.96577],[111.61769,-7.96603],[111.61762,-7.96699],[111.61768,-7.96741],[111.61736,-7.96799],[111.6165,-7.96775],[111.61657,-7.96768],[111.61676,-7.96689],[111.61634,-7.96681],[111.61602,-7.96627],[111.61613,-7.96578],[111.61501,-7.96542],[111.6151,-7.96485],[111.61428,-7.96466],[111.61332,-7.96424],[111.61347,-7.96369],[111.61413,-7.96363],[111.61428,-7.96337],[111.61473,-7.96343],[111.61526,-7.96354],[111.61525,-7.96389],[111.61614,-7.96413],[111.61613,-7.96441],[111.61721,-7.96472],[111.61771,-7.96491],[111.61847,-7.96414],[111.61879,-7.96376],[111.61898,-7.96366],[111.61943,-7.96332],[111.61991,-7.96303],[111.6202,-7.96276],[111.62056,-7.96234],[111.61992,-7.96163],[111.61925,-7.96114],[111.61885,-7.962],[111.61767,-7.96209],[111.61571,-7.9625],[111.61531,-7.96251],[111.61529,-7.96157],[111.61435,-7.96156],[111.61427,-7.96098],[111.61439,-7.96093],[111.61406,-7.95938],[111.61329,-7.95948],[111.61342,-7.96003],[111.61337,-7.96047],[111.61342,-7.96127],[111.61291,-7.96142],[111.61204,-7.96157],[111.61208,-7.96166],[111.6109,-7.9616],[111.61032,-7.96124],[111.6098,-7.96179],[111.60878,-7.96182],[111.60892,-7.96104],[111.60877,-7.96103],[111.6091,-7.95969],[111.60927,-7.95824],[111.60938,-7.95791],[111.60943,-7.95788],[111.60967,-7.95786],[111.61026,-7.95797],[111.61092,-7.95815],[111.61117,-7.95832],[111.61111,-7.95891],[111.61045,-7.95874],[111.60994,-7.95874],[111.60993,-7.95926],[111.60978,-7.95934],[111.6096,-7.96057],[111.61134,-7.96058],[111.61221,-7.96065],[111.61198,-7.95899],[111.61238,-7.95889],[111.61241,-7.95845],[111.61135,-7.95809],[111.61131,-7.95777],[111.61165,-7.95774],[111.61161,-7.95721],[111.61216,-7.95711],[111.61234,-7.95787],[111.61293,-7.95781],[111.61377,-7.9579],[111.61479,-7.95783],[111.6148,-7.95825],[111.6158,-7.95816],[111.6159,-7.95844],[111.61651,-7.95839],[111.61648,-7.95932],[111.61651,-7.95985],[111.61781,-7.9597],[111.61862,-7.95977],[111.61977,-7.95971],[111.62015,-7.95978],[111.62121,-7.95984],[111.62135,-7.95912],[111.62156,-7.95913],[111.62167,-7.95864],[111.62081,-7.95839],[111.62076,-7.95808],[111.62064,-7.958],[111.62061,-7.95745],[111.62089,-7.9574],[111.62091,-7.95727],[111.62209,-7.95757],[111.6225,-7.9567],[111.62278,-7.95624],[111.62358,-7.9567],[111.6244,-7.95731]]]}},{"type":"Feature","properties":{"REMARK":"Permukiman dan Tempat Kegiatan"},"geometry":{"type":"Polygon","coordinates":[[[111.60428,-7.95776],[111.60459,-7.95814],[111.60466,-7.95866],[111.60424,-7.95863],[111.604,-7.9583],[111.6037,-7.9582],[111.60351,-7.95788],[111.60271,-7.95794],[111.60242,-7.95754],[111.60314,-7.95717],[111.60326,-7.95734],[111.60339,-7.95745],[111.60396,-7.95768],[111.60428,-7.95776]]]}},{"type":"Feature","properties":{"REMARK":"Permukiman dan Tempat Kegiatan"},"geometry":{"type":"Polygon","coordinates":[[[111.52129,-7.96315],[111.52172,-7.9632],[111.52166,-7.96334],[111.5204,-7.96326],[111.52053,-7.9632],[111.52069,-7.96318],[111.52096,-7.96319],[111.52129,-7.96315]]]}},{"type":"Feature","properties":{"REMARK":"Permukiman dan Tempat Kegiatan"},"geometry":{"type":"Polygon","coordinates":[[[111.55127,-7.95876],[111.55334,-7.95925],[111.55447,-7.95904],[111.55609,-7.95917],[111.5561,-7.95941],[111.55583,-7.95947],[111.55379,-7.95958],[111.55324,-7.95973],[111.55282,-7.95959],[111.5525,-7.96002],[111.55077,-7.95954],[111.5505,-7.95979],[111.55021,-7.95972],[111.55056,-7.95902],[111.5511,-7.95914],[111.55127,-7.95876]]]}},{"type":"Feature","properties":{"REMARK":"Permukiman dan Tempat Kegiatan"},"geometry":{"type":"Polygon","coordinates":[[[111.58146,-7.96125],[111.581,-7.96124],[111.58046,-7.96131],[111.57986,-7.96117],[111.57982,-7.96057],[111.58008,-7.96058],[111.58024,-7.95998],[111.58145,-7.96022],[111.58131,-7.96089],[111.58142,-7.961],[111.58152,-7.96103],[111.58146,-7.96125]]]}},{"type":"Feature","properties":{"REMARK":"Permukiman dan Tempat Kegiatan"},"geometry":{"type":"Polygon","coordinates":[[[111.57642,-7.96028],[111.57686,-7.96062],[111.57737,-7.96039],[111.57754,-7.9608],[111.57703,-7.96124],[111.57641,-7.96085],[111.57545,-7.96139],[111.5757,-7.96203],[111.57475,-7.96296],[111.57446,-7.96342],[111.57373,-7.96365],[111.57294,-7.96374],[111.57302,-7.96361],[111.57294,-7.96345],[111.57295,-7.96317],[111.57275,-7.96311],[111.57223,-7.96315],[111.57214,-7.96351],[111.57132,-7.96364],[111.5712,-7.96382],[111.57046,-7.9638],[111.57012,-7.9637],[111.56973,-7.96363],[111.56944,-7.96381],[111.5693,-7.96394],[111.56917,-7.96417],[111.56899,-7.96491],[111.56897,-7.96538],[111.56889,-7.96542],[111.56884,-7.96548],[111.56889,-7.96575],[111.56891,-7.96638],[111.56934,-7.96654],[111.57072,-7.96731],[111.57124,-7.968],[111.57192,-7.96867],[111.57174,-7.96915],[111.57093,-7.96883],[111.57008,-7.96811],[111.57008,-7.96785],[111.56873,-7.96667],[111.56716,-7.96647],[111.56731,-7.96547],[111.56795,-7.96559],[111.56806,-7.96538],[111.56829,-7.96458],[111.56861,-7.96398],[111.56915,-7.96325],[111.56993,-7.96287],[111.57073,-7.96259],[111.57202,-7.96258],[111.57344,-7.9625],[111.57337,-7.96281],[111.57336,-7.96303],[111.57392,-7.96274],[111.57416,-7.96255],[111.57432,-7.96235],[111.57361,-7.96182],[111.57371,-7.96144],[111.57506,-7.96082],[111.57524,-7.96091],[111.57642,-7.96028]]]}},{"type":"Feature","properties":{"REMARK":"Permukiman dan Tempat Kegiatan"},"geometry":{"type":"Polygon","coordinates":[[[111.55943,-7.96149],[111.56018,-7.96268],[111.56117,-7.96286],[111.56113,-7.96355],[111.5622,-7.96368],[111.56316,-7.9639],[111.5636,-7.9632],[111.5643,-7.96336],[111.56445,-7.96317],[111.56597,-7.96396],[111.56659,-7.96415],[111.56729,-7.96346],[111.56828,-7.96259],[111.56863,-7.96263],[111.56811,-7.96392],[111.56815,-7.96419],[111.5681,-7.96437],[111.56793,-7.96458],[111.56763,-7.96488],[111.56711,-7.96514],[111.56619,-7.96552],[111.56604,-7.96547],[111.56555,-7.96517],[111.56538,-7.96516],[111.56519,-7.96521],[111.56448,-7.96554],[111.56432,-7.96577],[111.56391,-7.96624],[111.56374,-7.966],[111.56352,-7.96579],[111.56329,-7.96565],[111.5619,-7.96578],[111.56144,-7.96575],[111.56101,-7.96585],[111.56078,-7.96606],[111.55975,-7.96558],[111.5589,-7.96525],[111.55825,-7.96569],[111.55792,-7.96573],[111.55764,-7.96541],[111.55753,-7.96406],[111.55659,-7.96388],[111.55659,-7.96365],[111.55542,-7.96401],[111.55415,-7.96417],[111.55363,-7.96416],[111.55343,-7.9639],[111.55224,-7.96396],[111.55209,-7.96418],[111.55131,-7.96406],[111.55167,-7.96262],[111.5518,-7.96235],[111.55255,-7.96248],[111.55281,-7.96225],[111.55484,-7.96209],[111.55618,-7.96191],[111.55619,-7.96151],[111.55553,-7.96119],[111.55561,-7.96065],[111.55638,-7.96102],[111.55686,-7.96131],[111.55789,-7.962],[111.55774,-7.96153],[111.55758,-7.96117],[111.55718,-7.9605],[111.55811,-7.96041],[111.55856,-7.96149],[111.55943,-7.96149]]]}},{"type":"Feature","properties":{"REMARK":"Permukiman dan Tempat Kegiatan"},"geometry":{"type":"Polygon","coordinates":[[[111.58146,-7.96125],[111.58212,-7.9615],[111.58193,-7.96196],[111.58129,-7.96183],[111.58146,-7.96125]]]}},{"type":"Feature","properties":{"REMARK":"Permukiman dan Tempat Kegiatan"},"geometry":{"type":"Polygon","coordinates":[[[111.58123,-7.96203],[111.58092,-7.96308],[111.58126,-7.96351],[111.58119,-7.96427],[111.58046,-7.96437],[111.5796,-7.9646],[111.57957,-7.96473],[111.57874,-7.96464],[111.57801,-7.96451],[111.578,-7.96382],[111.5779,-7.96379],[111.57804,-7.96327],[111.57866,-7.96327],[111.57881,-7.9625],[111.57911,-7.96254],[111.57946,-7.96184],[111.58123,-7.96203]]]}},{"type":"Feature","properties":{"REMARK":"Permukiman dan Tempat Kegiatan"},"geometry":{"type":"Polygon","coordinates":[[[111.55042,-7.96393],[111.5503,-7.96549],[111.54956,-7.96553],[111.54953,-7.96618],[111.54802,-7.96598],[111.54804,-7.96548],[111.54905,-7.96568],[111.5492,-7.96487],[111.54808,-7.96466],[111.54806,-7.96507],[111.5472,-7.96494],[111.54709,-7.96384],[111.54711,-7.96351],[111.54664,-7.96345],[111.54666,-7.9628],[111.54722,-7.96276],[111.54726,-7.96259],[111.5474,-7.96236],[111.54769,-7.96281],[111.54811,-7.96326],[111.54825,-7.96332],[111.54989,-7.96368],[111.55042,-7.96393]]]}},{"type":"Feature","properties":{"REMARK":"Permukiman dan Tempat Kegiatan"},"geometry":{"type":"Polygon","coordinates":[[[111.61144,-7.96384],[111.61015,-7.964],[111.61008,-7.96375],[111.6096,-7.96363],[111.60945,-7.96313],[111.61077,-7.96266],[111.61183,-7.96263],[111.61238,-7.96269],[111.61249,-7.96348],[111.61253,-7.96354],[111.61144,-7.96384]]]}},{"type":"Feature","properties":{"REMARK":"Permukiman dan Tempat Kegiatan"},"geometry":{"type":"MultiPolygon","coordinates":[[[[111.53216,-7.98512],[111.53217,-7.98527],[111.53217,-7.98527],[111.53216,-7.98512]]],[[[111.53596,-7.96686],[111.53599,-7.96751],[111.53594,-7.9675],[111.53599,-7.96817],[111.53489,-7.96798],[111.53486,-7.96731],[111.53536,-7.96723],[111.53535,-7.96682],[111.53596,-7.96686]]],[[[111.53281,-7.96681],[111.53334,-7.96682],[111.53337,-7.96703],[111.5335,-7.96707],[111.53346,-7.96831],[111.53299,-7.96817],[111.5328,-7.96815],[111.53281,-7.96824],[111.53573,-7.96921],[111.53607,-7.96921],[111.5361,-7.96964],[111.53671,-7.96977],[111.53728,-7.9706],[111.53753,-7.97073],[111.53813,-7.97152],[111.53922,-7.97167],[111.53929,-7.97192],[111.54093,-7.9722],[111.54089,-7.9725],[111.54059,-7.97264],[111.54052,-7.97273],[111.54047,-7.9731],[111.54068,-7.97454],[111.5408,-7.97498],[111.54155,-7.97499],[111.5417,-7.97441],[111.54261,-7.97442],[111.54399,-7.97474],[111.54404,-7.97562],[111.54518,-7.97585],[111.54522,-7.9761],[111.54655,-7.97646],[111.54673,-7.97592],[111.54744,-7.97446],[111.54786,-7.97452],[111.54863,-7.97237],[111.54853,-7.97232],[111.5487,-7.9714],[111.54932,-7.97153],[111.5494,-7.97113],[111.55005,-7.97126],[111.54857,-7.97417],[111.5479,-7.97536],[111.54765,-7.97591],[111.54703,-7.97708],[111.54644,-7.97701],[111.54458,-7.97648],[111.54455,-7.97742],[111.54603,-7.97772],[111.54603,-7.97805],[111.54611,-7.97867],[111.54563,-7.97866],[111.54557,-7.97895],[111.54467,-7.9788],[111.54473,-7.97797],[111.5443,-7.97793],[111.54407,-7.97976],[111.54398,-7.98075],[111.54511,-7.98093],[111.54499,-7.98194],[111.54562,-7.98208],[111.54542,-7.98361],[111.54526,-7.98539],[111.54455,-7.98509],[111.54456,-7.98505],[111.54387,-7.98474],[111.54323,-7.9845],[111.54292,-7.98442],[111.54291,-7.98455],[111.54137,-7.9845],[111.54114,-7.98623],[111.54203,-7.98644],[111.54213,-7.98598],[111.54289,-7.98592],[111.54289,-7.98586],[111.54312,-7.98592],[111.54357,-7.9867],[111.54389,-7.98773],[111.5428,-7.98757],[111.54208,-7.98739],[111.54214,-7.98688],[111.53965,-7.98669],[111.53932,-7.98654],[111.53916,-7.98632],[111.53902,-7.98599],[111.53904,-7.98556],[111.53848,-7.98544],[111.53851,-7.98517],[111.5381,-7.98504],[111.53829,-7.98434],[111.5381,-7.9843],[111.53782,-7.98431],[111.53774,-7.98408],[111.53666,-7.98427],[111.53652,-7.98645],[111.53705,-7.98701],[111.53771,-7.98716],[111.53767,-7.98805],[111.5381,-7.98813],[111.53827,-7.98704],[111.53888,-7.98706],[111.5388,-7.98793],[111.53999,-7.98796],[111.54001,-7.98847],[111.53991,-7.98925],[111.54063,-7.98933],[111.54064,-7.98978],[111.54123,-7.9899],[111.54132,-7.99057],[111.5422,-7.99058],[111.54224,-7.99071],[111.54226,-7.99128],[111.54217,-7.99189],[111.54216,-7.99215],[111.54218,-7.99228],[111.54197,-7.99297],[111.54196,-7.99322],[111.54205,-7.99333],[111.5421,-7.99347],[111.54223,-7.99424],[111.54117,-7.99436],[111.54097,-7.99541],[111.54064,-7.99575],[111.54047,-7.99568],[111.54045,-7.99533],[111.54039,-7.99523],[111.54014,-7.99503],[111.54007,-7.99487],[111.54011,-7.99474],[111.54034,-7.9945],[111.54057,-7.99408],[111.54063,-7.99381],[111.54044,-7.99359],[111.54037,-7.99302],[111.54113,-7.99268],[111.54079,-7.99151],[111.54026,-7.99147],[111.53995,-7.99087],[111.53984,-7.99074],[111.5399,-7.99062],[111.53988,-7.99049],[111.53981,-7.99042],[111.53977,-7.98989],[111.5398,-7.98924],[111.53928,-7.9892],[111.53928,-7.98981],[111.53924,-7.98993],[111.53856,-7.99],[111.53813,-7.98986],[111.53752,-7.98975],[111.53748,-7.98912],[111.53606,-7.98905],[111.53452,-7.98904],[111.53447,-7.98949],[111.5344,-7.98954],[111.53345,-7.98949],[111.5334,-7.9895],[111.53344,-7.98982],[111.5329,-7.98996],[111.53288,-7.99005],[111.53262,-7.99001],[111.53253,-7.98922],[111.5333,-7.98918],[111.53332,-7.98862],[111.53304,-7.98851],[111.5328,-7.98715],[111.53287,-7.98685],[111.53396,-7.9868],[111.53422,-7.98615],[111.53468,-7.98601],[111.53486,-7.98563],[111.53509,-7.98417],[111.53484,-7.98416],[111.53453,-7.98409],[111.53422,-7.9839],[111.53409,-7.98451],[111.53322,-7.98457],[111.53314,-7.98425],[111.53211,-7.98417],[111.53211,-7.98434],[111.53198,-7.98142],[111.53223,-7.98142],[111.53249,-7.98082],[111.5329,-7.98072],[111.53317,-7.98031],[111.53644,-7.98071],[111.5364,-7.98034],[111.5363,-7.98012],[111.53617,-7.98002],[111.53587,-7.97988],[111.53562,-7.97982],[111.53541,-7.9799],[111.53448,-7.97951],[111.53428,-7.97931],[111.53417,-7.97912],[111.53419,-7.97869],[111.53408,-7.97848],[111.53352,-7.97808],[111.53324,-7.97794],[111.53295,-7.97788],[111.5326,-7.97793],[111.53244,-7.97791],[111.53226,-7.97776],[111.53025,-7.97764],[111.53013,-7.97847],[111.53005,-7.97966],[111.52943,-7.97961],[111.52939,-7.97748],[111.52953,-7.97101],[111.53017,-7.97114],[111.53024,-7.97161],[111.53062,-7.97164],[111.53075,-7.97239],[111.53209,-7.97241],[111.53438,-7.97239],[111.53436,-7.97167],[111.53361,-7.97178],[111.53358,-7.97104],[111.53544,-7.97074],[111.53549,-7.96967],[111.53506,-7.96958],[111.5349,-7.96992],[111.53378,-7.9696],[111.53291,-7.96952],[111.53297,-7.97003],[111.53265,-7.96998],[111.53246,-7.96882],[111.5322,-7.96874],[111.53216,-7.9681],[111.53233,-7.96683],[111.5328,-7.96687],[111.53281,-7.96681]],[[111.53764,-7.98209],[111.53765,-7.98283],[111.5385,-7.98281],[111.5387,-7.98154],[111.53795,-7.98152],[111.53737,-7.9817],[111.53752,-7.98185],[111.53764,-7.98209]]],[[[111.54292,-7.96422],[111.54197,-7.96428],[111.54151,-7.96426],[111.54145,-7.96436],[111.54164,-7.96388],[111.54177,-7.96382],[111.5419,-7.96355],[111.542,-7.96346],[111.54247,-7.96321],[111.54262,-7.96316],[111.54292,-7.96315],[111.54296,-7.9637],[111.54292,-7.96422]]],[[[111.5327,-7.95271],[111.53298,-7.95305],[111.53345,-7.95302],[111.53355,-7.95307],[111.53371,-7.95339],[111.53381,-7.95345],[111.53191,-7.95396],[111.53192,-7.95415],[111.53162,-7.95428],[111.53161,-7.95402],[111.53154,-7.95369],[111.532,-7.95319],[111.53193,-7.95266],[111.5327,-7.95271]]],[[[111.5395,-7.95131],[111.54094,-7.95141],[111.54086,-7.95208],[111.54001,-7.95203],[111.53917,-7.95194],[111.53912,-7.9526],[111.5387,-7.9526],[111.53817,-7.95254],[111.53833,-7.95163],[111.53684,-7.95159],[111.5368,-7.95238],[111.53738,-7.95245],[111.53731,-7.95342],[111.5364,-7.95344],[111.53612,-7.95349],[111.53613,-7.9544],[111.53629,-7.95526],[111.53653,-7.95518],[111.53668,-7.95437],[111.53715,-7.95436],[111.53728,-7.95514],[111.53685,-7.95514],[111.53692,-7.9557],[111.5368,-7.95577],[111.53642,-7.95579],[111.53642,-7.95586],[111.53639,-7.95586],[111.53639,-7.95584],[111.5317,-7.95617],[111.53168,-7.95566],[111.53305,-7.95556],[111.53305,-7.95537],[111.53367,-7.95525],[111.53362,-7.95415],[111.5342,-7.95405],[111.53428,-7.95451],[111.53425,-7.95473],[111.53415,-7.9549],[111.53418,-7.95554],[111.53485,-7.95552],[111.53571,-7.95535],[111.53569,-7.95462],[111.5356,-7.95364],[111.53549,-7.9536],[111.53541,-7.953],[111.53457,-7.95334],[111.53456,-7.95264],[111.53474,-7.95263],[111.5348,-7.952],[111.5354,-7.95199],[111.5355,-7.95106],[111.53536,-7.9508],[111.53571,-7.95079],[111.53632,-7.95042],[111.53717,-7.9504],[111.53725,-7.95012],[111.53869,-7.95036],[111.53866,-7.95057],[111.5395,-7.95076],[111.5395,-7.95131]]]]}},{"type":"Feature","properties":{"REMARK":"Permukiman dan Tempat Kegiatan"},"geometry":{"type":"Polygon","coordinates":[[[111.61538,-7.9712],[111.61556,-7.97178],[111.61524,-7.97211],[111.61431,-7.97137],[111.61389,-7.97177],[111.61373,-7.97204],[111.61277,-7.97227],[111.61256,-7.97206],[111.61238,-7.97173],[111.61287,-7.97077],[111.61349,-7.97047],[111.61311,-7.96992],[111.61352,-7.96921],[111.6139,-7.96842],[111.614,-7.96815],[111.61381,-7.96813],[111.61342,-7.9682],[111.61336,-7.96862],[111.61263,-7.96857],[111.61185,-7.96796],[111.61116,-7.96728],[111.61075,-7.96694],[111.61061,-7.966],[111.61067,-7.96514],[111.61115,-7.96471],[111.61195,-7.9648],[111.61182,-7.9653],[111.61221,-7.96544],[111.61482,-7.96617],[111.61476,-7.9664],[111.61534,-7.96647],[111.61531,-7.96734],[111.61501,-7.96831],[111.61478,-7.96874],[111.61424,-7.96959],[111.61463,-7.97003],[111.61564,-7.96964],[111.61616,-7.97082],[111.61538,-7.9712]],[[111.61335,-7.96658],[111.61264,-7.96618],[111.61215,-7.96663],[111.61294,-7.96721],[111.61373,-7.96766],[111.61462,-7.96777],[111.6147,-7.9671],[111.61335,-7.96658]]]}},{"type":"Feature","properties":{"REMARK":"Permukiman dan Tempat Kegiatan"},"geometry":{"type":"Polygon","coordinates":[[[111.55637,-7.96592],[111.55644,-7.96619],[111.55549,-7.96608],[111.5555,-7.96532],[111.5563,-7.96544],[111.55637,-7.96565],[111.55652,-7.96586],[111.55637,-7.96592]]]}},{"type":"Feature","properties":{"REMARK":"Permukiman dan Tempat Kegiatan"},"geometry":{"type":"Polygon","coordinates":[[[111.56283,-7.96676],[111.56354,-7.96706],[111.56378,-7.96697],[111.56549,-7.96766],[111.56548,-7.96794],[111.56626,-7.96827],[111.56651,-7.96832],[111.56667,-7.96767],[111.56777,-7.96792],[111.56845,-7.96803],[111.56895,-7.96858],[111.56868,-7.96913],[111.56856,-7.96963],[111.57022,-7.97055],[111.57037,-7.97052],[111.57091,-7.97088],[111.57166,-7.97169],[111.57259,-7.97219],[111.57387,-7.97222],[111.57492,-7.97217],[111.57544,-7.97278],[111.57672,-7.97373],[111.57704,-7.97403],[111.57714,-7.97418],[111.57718,-7.97432],[111.57714,-7.97442],[111.5768,-7.97466],[111.57669,-7.97485],[111.57625,-7.97681],[111.57624,-7.97711],[111.57629,-7.97731],[111.57642,-7.97757],[111.5766,-7.97779],[111.57716,-7.97821],[111.57743,-7.97849],[111.57749,-7.97865],[111.57746,-7.9791],[111.57707,-7.98013],[111.57715,-7.98153],[111.57701,-7.98228],[111.57621,-7.98218],[111.57604,-7.98361],[111.5756,-7.98434],[111.5752,-7.98429],[111.57482,-7.98492],[111.57468,-7.9853],[111.5747,-7.98565],[111.57575,-7.98552],[111.57676,-7.98512],[111.57657,-7.9844],[111.577,-7.98419],[111.57747,-7.9841],[111.57766,-7.98424],[111.5783,-7.98457],[111.5785,-7.98476],[111.57879,-7.98513],[111.57916,-7.98597],[111.57947,-7.98743],[111.57916,-7.98748],[111.57907,-7.98734],[111.57829,-7.98748],[111.578,-7.98749],[111.57787,-7.98725],[111.57751,-7.9873],[111.57755,-7.98683],[111.57847,-7.98655],[111.57798,-7.98594],[111.57743,-7.98619],[111.57685,-7.98662],[111.57662,-7.98675],[111.57633,-7.98679],[111.57581,-7.98699],[111.57566,-7.98708],[111.57554,-7.98742],[111.57548,-7.9875],[111.57541,-7.98751],[111.57497,-7.98667],[111.57478,-7.9868],[111.5746,-7.98682],[111.57451,-7.98678],[111.57419,-7.98698],[111.57408,-7.98709],[111.57398,-7.98725],[111.57409,-7.98793],[111.5743,-7.9882],[111.57463,-7.98839],[111.57443,-7.98894],[111.57372,-7.98891],[111.57369,-7.98907],[111.57319,-7.98893],[111.57304,-7.98855],[111.57285,-7.9884],[111.57247,-7.98774],[111.57316,-7.98699],[111.57365,-7.98622],[111.57413,-7.98533],[111.57424,-7.98473],[111.57468,-7.98347],[111.57405,-7.98336],[111.57411,-7.9836],[111.57399,-7.98371],[111.57361,-7.98421],[111.57291,-7.98459],[111.57198,-7.98519],[111.57151,-7.98441],[111.57151,-7.98372],[111.57189,-7.98362],[111.57194,-7.98231],[111.57208,-7.98029],[111.57243,-7.97762],[111.573,-7.97759],[111.57313,-7.9766],[111.5724,-7.97651],[111.5722,-7.97692],[111.57056,-7.97669],[111.57039,-7.97698],[111.56927,-7.97682],[111.56951,-7.97589],[111.56983,-7.97489],[111.56947,-7.97482],[111.5676,-7.97426],[111.56654,-7.97412],[111.56588,-7.97386],[111.56528,-7.97553],[111.56475,-7.97536],[111.56466,-7.97529],[111.56476,-7.97487],[111.56379,-7.97434],[111.5638,-7.97362],[111.56383,-7.97344],[111.56466,-7.97236],[111.56424,-7.97204],[111.56433,-7.97148],[111.56276,-7.97084],[111.56244,-7.97248],[111.56271,-7.97254],[111.56311,-7.97281],[111.5635,-7.973],[111.56373,-7.97304],[111.5638,-7.97362],[111.56353,-7.97376],[111.56303,-7.97498],[111.56357,-7.97523],[111.56391,-7.97585],[111.56373,-7.9764],[111.56337,-7.97644],[111.5632,-7.9769],[111.56256,-7.97672],[111.56274,-7.97543],[111.56233,-7.97521],[111.56243,-7.97442],[111.56229,-7.97434],[111.56176,-7.97421],[111.56181,-7.97335],[111.56139,-7.97319],[111.5613,-7.9735],[111.56073,-7.97346],[111.55986,-7.97331],[111.55989,-7.97282],[111.55953,-7.97281],[111.55878,-7.97272],[111.55871,-7.97185],[111.55762,-7.9715],[111.55762,-7.97136],[111.55718,-7.9712],[111.55738,-7.97028],[111.55739,-7.97015],[111.55635,-7.96998],[111.55616,-7.97048],[111.55545,-7.97],[111.55548,-7.96927],[111.55606,-7.96922],[111.55791,-7.96858],[111.55658,-7.96812],[111.55667,-7.96758],[111.5572,-7.9677],[111.55748,-7.9669],[111.55838,-7.96705],[111.5586,-7.96753],[111.55865,-7.96807],[111.56003,-7.96837],[111.56041,-7.9685],[111.56061,-7.96837],[111.56109,-7.96855],[111.56119,-7.96883],[111.56187,-7.96929],[111.56194,-7.96957],[111.56204,-7.96971],[111.56218,-7.9698],[111.56258,-7.96992],[111.56287,-7.96995],[111.56309,-7.9691],[111.56274,-7.9689],[111.56243,-7.96858],[111.56241,-7.96844],[111.56296,-7.96766],[111.56166,-7.96717],[111.56144,-7.96677],[111.56171,-7.96643],[111.56278,-7.96659],[111.56283,-7.96676]],[[111.56351,-7.96905],[111.56501,-7.96964],[111.56532,-7.96911],[111.56482,-7.96882],[111.56336,-7.9678],[111.56327,-7.96824],[111.56367,-7.96839],[111.56351,-7.96905]],[[111.56161,-7.96988],[111.5613,-7.96977],[111.56103,-7.9707],[111.56088,-7.97148],[111.56132,-7.97157],[111.56135,-7.97095],[111.56145,-7.97037],[111.56161,-7.96988]]]}},{"type":"Feature","properties":{"REMARK":"Permukiman dan Tempat Kegiatan"},"geometry":{"type":"Polygon","coordinates":[[[111.54991,-7.96854],[111.55034,-7.96999],[111.55039,-7.97047],[111.54949,-7.97042],[111.54933,-7.97101],[111.54752,-7.97091],[111.5454,-7.97068],[111.54538,-7.97028],[111.54298,-7.97027],[111.543,-7.96954],[111.54489,-7.96943],[111.54494,-7.96961],[111.54737,-7.96962],[111.54849,-7.96975],[111.54866,-7.96798],[111.54889,-7.96795],[111.54914,-7.96735],[111.54983,-7.96729],[111.54991,-7.96854]]]}},{"type":"Feature","properties":{"REMARK":"Permukiman dan Tempat Kegiatan"},"geometry":{"type":"Polygon","coordinates":[[[111.6103,-7.96778],[111.61086,-7.96844],[111.61093,-7.96892],[111.60882,-7.96927],[111.60858,-7.96933],[111.60808,-7.96958],[111.6073,-7.96968],[111.60743,-7.96892],[111.60629,-7.96861],[111.60632,-7.96802],[111.60754,-7.96794],[111.60755,-7.96813],[111.60777,-7.96812],[111.60846,-7.96785],[111.60879,-7.96784],[111.60927,-7.9679],[111.61009,-7.96766],[111.6103,-7.96778]]]}},{"type":"Feature","properties":{"REMARK":"Permukiman dan Tempat Kegiatan"},"geometry":{"type":"Polygon","coordinates":[[[111.5516,-7.96896],[111.55116,-7.96915],[111.55041,-7.96808],[111.55069,-7.9679],[111.55126,-7.96859],[111.5516,-7.96896]]]}},{"type":"Feature","properties":{"REMARK":"Permukiman dan Tempat Kegiatan"},"geometry":{"type":"Polygon","coordinates":[[[111.5472,-7.96831],[111.5473,-7.96915],[111.54609,-7.969],[111.54632,-7.96827],[111.5472,-7.96831]]]}},{"type":"Feature","properties":{"REMARK":"Permukiman dan Tempat Kegiatan"},"geometry":{"type":"Polygon","coordinates":[[[111.5371,-7.96916],[111.53713,-7.96919],[111.53709,-7.96917],[111.5371,-7.96916]]]}},{"type":"Feature","properties":{"REMARK":"Permukiman dan Tempat Kegiatan"},"geometry":{"type":"Polygon","coordinates":[[[111.61228,-7.97112],[111.61174,-7.97156],[111.6112,-7.97154],[111.61071,-7.97165],[111.6102,-7.97122],[111.6099,-7.97066],[111.60978,-7.97031],[111.60978,-7.97014],[111.61061,-7.97],[111.61115,-7.96974],[111.61182,-7.96981],[111.61214,-7.9702],[111.61227,-7.97073],[111.61228,-7.97112]]]}},{"type":"Feature","properties":{"REMARK":"Permukiman dan Tempat Kegiatan"},"geometry":{"type":"Polygon","coordinates":[[[111.62622,-7.97089],[111.62605,-7.97152],[111.62564,-7.97141],[111.6256,-7.97156],[111.62554,-7.97161],[111.62521,-7.97169],[111.62507,-7.97185],[111.62497,-7.97164],[111.625,-7.97082],[111.62416,-7.97076],[111.62411,-7.97042],[111.62437,-7.97037],[111.62471,-7.97004],[111.62545,-7.96983],[111.62584,-7.96979],[111.62593,-7.96991],[111.62614,-7.9704],[111.62622,-7.97089]]]}},{"type":"Feature","properties":{"REMARK":"Permukiman dan Tempat Kegiatan"},"geometry":{"type":"Polygon","coordinates":[[[111.53321,-7.97181],[111.53242,-7.97188],[111.53226,-7.97094],[111.53315,-7.97086],[111.5332,-7.97137],[111.53321,-7.97181]]]}},{"type":"Feature","properties":{"REMARK":"Permukiman dan Tempat Kegiatan"},"geometry":{"type":"Polygon","coordinates":[[[111.61538,-7.9712],[111.61556,-7.97178],[111.61538,-7.9712],[111.61538,-7.9712]]]}},{"type":"Feature","properties":{"REMARK":"Permukiman dan Tempat Kegiatan"},"geometry":{"type":"Polygon","coordinates":[[[111.60907,-7.97252],[111.60909,-7.97266],[111.60942,-7.97257],[111.60964,-7.97181],[111.60999,-7.97176],[111.61072,-7.97181],[111.61062,-7.97213],[111.61065,-7.97266],[111.61054,-7.97294],[111.61044,-7.97307],[111.60914,-7.97298],[111.60916,-7.9731],[111.60842,-7.97406],[111.60803,-7.9745],[111.60745,-7.97494],[111.60721,-7.97493],[111.60665,-7.97634],[111.60639,-7.97624],[111.60636,-7.97596],[111.60517,-7.97584],[111.6044,-7.97573],[111.60439,-7.97524],[111.60502,-7.97504],[111.60592,-7.97506],[111.60599,-7.97432],[111.6056,-7.97419],[111.6044,-7.97389],[111.60438,-7.97345],[111.60404,-7.97336],[111.60405,-7.97307],[111.6054,-7.97291],[111.60639,-7.97288],[111.6064,-7.9737],[111.60702,-7.9738],[111.60774,-7.97397],[111.60819,-7.97319],[111.60742,-7.97291],[111.60741,-7.97224],[111.60872,-7.97198],[111.60873,-7.97137],[111.60911,-7.97127],[111.60915,-7.9718],[111.60907,-7.97252]]]}},{"type":"Feature","properties":{"REMARK":"Permukiman dan Tempat Kegiatan"},"geometry":{"type":"Polygon","coordinates":[[[111.5775,-7.9738],[111.57735,-7.97382],[111.57679,-7.97331],[111.57604,-7.97297],[111.57573,-7.97265],[111.57769,-7.97276],[111.57816,-7.97378],[111.5775,-7.9738]]]}},{"type":"Feature","properties":{"REMARK":"Permukiman dan Tempat Kegiatan"},"geometry":{"type":"Polygon","coordinates":[[[111.61075,-7.97413],[111.6106,-7.97418],[111.61043,-7.97414],[111.61022,-7.974],[111.61014,-7.97387],[111.61005,-7.97357],[111.61096,-7.97309],[111.61164,-7.97287],[111.61195,-7.97284],[111.6119,-7.97306],[111.61204,-7.97337],[111.61094,-7.97382],[111.61075,-7.97413]]]}},{"type":"Feature","properties":{"REMARK":"Permukiman dan Tempat Kegiatan"},"geometry":{"type":"Polygon","coordinates":[[[111.58362,-7.97371],[111.58399,-7.97403],[111.58453,-7.97319],[111.58498,-7.97342],[111.58566,-7.9732],[111.58669,-7.97327],[111.58719,-7.97324],[111.58818,-7.97342],[111.58849,-7.97396],[111.58849,-7.97451],[111.58822,-7.97445],[111.58761,-7.97486],[111.58759,-7.97557],[111.58603,-7.97527],[111.58498,-7.97527],[111.58424,-7.97534],[111.58409,-7.97517],[111.5829,-7.97478],[111.58295,-7.97413],[111.58264,-7.97413],[111.58221,-7.97408],[111.58153,-7.9746],[111.58157,-7.97476],[111.58178,-7.975],[111.58201,-7.97514],[111.58338,-7.97518],[111.58423,-7.97564],[111.58425,-7.97657],[111.58509,-7.97669],[111.58516,-7.97741],[111.58611,-7.97777],[111.58664,-7.97788],[111.58751,-7.97819],[111.58769,-7.97745],[111.58823,-7.97738],[111.58912,-7.9778],[111.58933,-7.97808],[111.58976,-7.97843],[111.58966,-7.97853],[111.5896,-7.97882],[111.58965,-7.97898],[111.5895,-7.9793],[111.58946,-7.97947],[111.58961,-7.98018],[111.58914,-7.98007],[111.58858,-7.97989],[111.58859,-7.9794],[111.58769,-7.97906],[111.58721,-7.9789],[111.58706,-7.9791],[111.58616,-7.97934],[111.58511,-7.97916],[111.58486,-7.97955],[111.58376,-7.97899],[111.58383,-7.97818],[111.58265,-7.97718],[111.58232,-7.97672],[111.58237,-7.97654],[111.58191,-7.97625],[111.58145,-7.97612],[111.58122,-7.97706],[111.58113,-7.97778],[111.58104,-7.9781],[111.58073,-7.9783],[111.58014,-7.97855],[111.5801,-7.97976],[111.57967,-7.97966],[111.57903,-7.97935],[111.57885,-7.9798],[111.57809,-7.97951],[111.57792,-7.9794],[111.57788,-7.97842],[111.57778,-7.9783],[111.577,-7.97772],[111.57677,-7.97744],[111.57666,-7.97721],[111.57665,-7.97661],[111.57669,-7.97617],[111.57685,-7.97552],[111.57739,-7.97493],[111.57769,-7.97507],[111.57787,-7.9751],[111.57815,-7.97505],[111.57847,-7.97493],[111.57901,-7.97449],[111.57969,-7.97446],[111.58125,-7.97463],[111.58117,-7.97384],[111.58193,-7.97332],[111.58299,-7.97289],[111.58334,-7.97298],[111.58362,-7.97371]]]}},{"type":"Feature","properties":{"REMARK":"Permukiman dan Tempat Kegiatan"},"geometry":{"type":"Polygon","coordinates":[[[111.62668,-7.97462],[111.62751,-7.97487],[111.6275,-7.97449],[111.62811,-7.97465],[111.62913,-7.97459],[111.62933,-7.97482],[111.62951,-7.9753],[111.62944,-7.9754],[111.62847,-7.97564],[111.6283,-7.97579],[111.62798,-7.9757],[111.62678,-7.97521],[111.62587,-7.97521],[111.62561,-7.97525],[111.62539,-7.9752],[111.62521,-7.97509],[111.62475,-7.97463],[111.62479,-7.97453],[111.62474,-7.97415],[111.62457,-7.97343],[111.62484,-7.9731],[111.62564,-7.97347],[111.62613,-7.97381],[111.6261,-7.97419],[111.62668,-7.97462]]]}},{"type":"Feature","properties":{"REMARK":"Permukiman dan Tempat Kegiatan"},"geometry":{"type":"Polygon","coordinates":[[[111.59495,-7.97414],[111.59481,-7.97454],[111.59486,-7.97513],[111.59474,-7.97522],[111.59429,-7.97583],[111.59414,-7.97645],[111.59366,-7.9771],[111.59275,-7.97736],[111.59217,-7.97769],[111.59171,-7.97789],[111.59115,-7.97753],[111.59107,-7.97719],[111.59204,-7.97652],[111.59174,-7.97616],[111.59122,-7.97576],[111.59022,-7.97528],[111.59033,-7.97487],[111.5901,-7.97486],[111.59049,-7.97431],[111.59159,-7.97442],[111.59251,-7.97444],[111.59251,-7.9737],[111.59338,-7.97361],[111.59418,-7.97339],[111.59491,-7.97353],[111.59495,-7.97414]]]}},{"type":"Feature","properties":{"REMARK":"Permukiman dan Tempat Kegiatan"},"geometry":{"type":"Polygon","coordinates":[[[111.62026,-7.97645],[111.62015,-7.97677],[111.6196,-7.97663],[111.61844,-7.97603],[111.61837,-7.9753],[111.6189,-7.97403],[111.61948,-7.97398],[111.6197,-7.97517],[111.62005,-7.97616],[111.62044,-7.97621],[111.62026,-7.97645]]]}},{"type":"Feature","properties":{"REMARK":"Permukiman dan Tempat Kegiatan"},"geometry":{"type":"Polygon","coordinates":[[[111.60333,-7.98148],[111.60352,-7.98222],[111.6038,-7.98218],[111.6039,-7.98296],[111.60391,-7.98311],[111.60354,-7.98342],[111.60375,-7.9837],[111.60429,-7.98391],[111.60428,-7.98423],[111.60503,-7.98427],[111.60507,-7.98497],[111.60584,-7.98522],[111.60572,-7.9861],[111.60543,-7.98689],[111.60497,-7.98745],[111.6049,-7.98735],[111.60481,-7.98696],[111.60482,-7.98645],[111.60502,-7.98568],[111.60462,-7.98532],[111.60425,-7.98511],[111.60356,-7.98495],[111.60295,-7.98472],[111.60259,-7.98461],[111.60241,-7.98461],[111.60215,-7.98541],[111.6019,-7.98587],[111.60148,-7.98583],[111.60102,-7.98571],[111.60116,-7.98471],[111.60059,-7.98477],[111.60028,-7.98506],[111.59977,-7.98525],[111.59922,-7.9854],[111.59867,-7.98545],[111.59867,-7.98587],[111.5989,-7.98634],[111.59859,-7.98642],[111.59822,-7.98643],[111.59782,-7.98634],[111.59808,-7.98528],[111.59866,-7.98516],[111.59859,-7.98423],[111.59854,-7.98409],[111.59868,-7.98333],[111.59931,-7.98332],[111.59929,-7.98298],[111.59938,-7.98277],[111.59918,-7.98264],[111.59929,-7.98166],[111.59936,-7.98055],[111.59957,-7.9798],[111.59979,-7.97949],[111.60045,-7.97942],[111.6006,-7.97907],[111.60174,-7.97939],[111.60174,-7.98015],[111.60262,-7.98057],[111.60244,-7.98133],[111.60303,-7.98135],[111.60333,-7.98148]]]}},{"type":"Feature","properties":{"REMARK":"Permukiman dan Tempat Kegiatan"},"geometry":{"type":"Polygon","coordinates":[[[111.62271,-7.98193],[111.62185,-7.98236],[111.62121,-7.98217],[111.62129,-7.98164],[111.62083,-7.98143],[111.62097,-7.98111],[111.62174,-7.98092],[111.62201,-7.98057],[111.62248,-7.98079],[111.62297,-7.98083],[111.62324,-7.98101],[111.62332,-7.98123],[111.62322,-7.9816],[111.62271,-7.98193]]]}},{"type":"Feature","properties":{"REMARK":"Permukiman dan Tempat Kegiatan"},"geometry":{"type":"Polygon","coordinates":[[[111.61516,-7.98273],[111.61484,-7.9828],[111.61436,-7.98268],[111.61402,-7.98264],[111.61398,-7.98205],[111.61482,-7.98205],[111.61634,-7.98138],[111.6169,-7.98126],[111.61727,-7.98144],[111.61703,-7.98174],[111.6167,-7.98205],[111.61631,-7.98229],[111.61568,-7.98233],[111.61545,-7.98237],[111.61529,-7.98249],[111.61516,-7.98273]]]}},{"type":"Feature","properties":{"REMARK":"Permukiman dan Tempat Kegiatan"},"geometry":{"type":"Polygon","coordinates":[[[111.62579,-7.9822],[111.62525,-7.98257],[111.62504,-7.9824],[111.62494,-7.98207],[111.6257,-7.98186],[111.62589,-7.98207],[111.62579,-7.9822]]]}},{"type":"Feature","properties":{"REMARK":"Permukiman dan Tempat Kegiatan"},"geometry":{"type":"Polygon","coordinates":[[[111.60919,-7.98278],[111.60947,-7.98293],[111.60974,-7.9828],[111.61087,-7.98311],[111.61096,-7.98364],[111.61139,-7.98385],[111.61134,-7.98421],[111.61114,-7.98485],[111.6109,-7.98534],[111.61028,-7.98492],[111.60996,-7.98451],[111.61029,-7.98386],[111.60991,-7.98369],[111.60957,-7.9836],[111.60939,-7.98361],[111.6095,-7.98385],[111.60967,-7.9841],[111.60948,-7.98422],[111.60936,-7.98437],[111.60904,-7.98453],[111.60883,-7.98479],[111.60737,-7.98489],[111.60651,-7.98484],[111.60649,-7.98463],[111.60655,-7.98438],[111.60785,-7.98428],[111.60883,-7.98414],[111.60872,-7.98338],[111.60888,-7.98269],[111.60919,-7.98278]]]}},{"type":"Feature","properties":{"REMARK":"Permukiman dan Tempat Kegiatan"},"geometry":{"type":"Polygon","coordinates":[[[111.58743,-7.9841],[111.58743,-7.98487],[111.58649,-7.98481],[111.58652,-7.98434],[111.58667,-7.98414],[111.58743,-7.9841]]]}},{"type":"Feature","properties":{"REMARK":"Permukiman dan Tempat Kegiatan"},"geometry":{"type":"Polygon","coordinates":[[[111.62579,-7.98486],[111.62547,-7.98513],[111.62496,-7.98466],[111.62509,-7.98405],[111.62506,-7.9834],[111.62527,-7.98316],[111.62567,-7.98321],[111.62589,-7.98367],[111.62597,-7.98445],[111.62583,-7.98451],[111.62584,-7.98465],[111.62579,-7.98486]]]}},{"type":"Feature","properties":{"REMARK":"Permukiman dan Tempat Kegiatan"},"geometry":{"type":"Polygon","coordinates":[[[111.61223,-7.98599],[111.61172,-7.98647],[111.6118,-7.9856],[111.6118,-7.98484],[111.61218,-7.98452],[111.61283,-7.98451],[111.61273,-7.98514],[111.61246,-7.9857],[111.61223,-7.98599]]]}},{"type":"Feature","properties":{"REMARK":"Permukiman dan Tempat Kegiatan"},"geometry":{"type":"Polygon","coordinates":[[[111.54452,-7.98537],[111.54517,-7.98573],[111.54522,-7.98624],[111.54595,-7.98685],[111.54707,-7.98741],[111.54691,-7.98788],[111.54583,-7.9874],[111.54566,-7.98717],[111.54545,-7.98701],[111.54396,-7.98651],[111.54363,-7.98635],[111.54402,-7.98549],[111.54449,-7.98557],[111.54452,-7.98537]]]}},{"type":"Feature","properties":{"REMARK":"Permukiman dan Tempat Kegiatan"},"geometry":{"type":"Polygon","coordinates":[[[111.62559,-7.98855],[111.62595,-7.98897],[111.6264,-7.9885],[111.62688,-7.98861],[111.62722,-7.98865],[111.62751,-7.98879],[111.62776,-7.98998],[111.62714,-7.99032],[111.62662,-7.99093],[111.62642,-7.99075],[111.62641,-7.99116],[111.62588,-7.99076],[111.62602,-7.99048],[111.6256,-7.99023],[111.62533,-7.98996],[111.62511,-7.98966],[111.62451,-7.98994],[111.62419,-7.98961],[111.62392,-7.989],[111.62343,-7.98827],[111.62384,-7.98785],[111.62374,-7.98763],[111.62416,-7.98744],[111.62432,-7.98702],[111.62434,-7.98609],[111.62548,-7.98638],[111.6259,-7.98641],[111.62605,-7.98645],[111.62614,-7.98659],[111.6262,-7.98754],[111.62628,-7.98762],[111.62559,-7.98855]]]}},{"type":"Feature","properties":{"REMARK":"Permukiman dan Tempat Kegiatan"},"geometry":{"type":"Polygon","coordinates":[[[111.58863,-7.9877],[111.58843,-7.98779],[111.58805,-7.9878],[111.58814,-7.98688],[111.58813,-7.98624],[111.58849,-7.98627],[111.58909,-7.98638],[111.58895,-7.98656],[111.5888,-7.98692],[111.58863,-7.9877]]]}},{"type":"Feature","properties":{"REMARK":"Permukiman dan Tempat Kegiatan"},"geometry":{"type":"Polygon","coordinates":[[[111.61125,-7.98684],[111.61107,-7.98815],[111.61099,-7.98844],[111.61093,-7.98844],[111.61111,-7.98876],[111.61134,-7.98889],[111.61225,-7.98813],[111.61252,-7.98844],[111.61311,-7.98834],[111.61347,-7.98861],[111.61379,-7.98946],[111.61425,-7.98919],[111.61414,-7.98895],[111.61377,-7.98839],[111.61354,-7.98796],[111.61426,-7.9876],[111.61468,-7.98721],[111.61511,-7.98693],[111.61566,-7.98682],[111.61594,-7.98734],[111.61604,-7.98719],[111.61614,-7.98661],[111.61623,-7.98652],[111.61627,-7.98695],[111.61745,-7.9871],[111.61731,-7.98755],[111.6161,-7.98792],[111.61594,-7.988],[111.61574,-7.9887],[111.61513,-7.98863],[111.61511,-7.9889],[111.61448,-7.98913],[111.61444,-7.98958],[111.61427,-7.98981],[111.61428,-7.99001],[111.61422,-7.9902],[111.61433,-7.99047],[111.61448,-7.99097],[111.61439,-7.99119],[111.6141,-7.99144],[111.61376,-7.99142],[111.61344,-7.99109],[111.61286,-7.99013],[111.61229,-7.98959],[111.61182,-7.99006],[111.61109,-7.98941],[111.61059,-7.9891],[111.61036,-7.98882],[111.60993,-7.98817],[111.6093,-7.98783],[111.60869,-7.98799],[111.60876,-7.98832],[111.60841,-7.98863],[111.60759,-7.98878],[111.60706,-7.98878],[111.60668,-7.98888],[111.60673,-7.98902],[111.607,-7.9894],[111.60729,-7.98954],[111.60773,-7.98964],[111.60869,-7.98957],[111.6091,-7.98943],[111.60935,-7.98917],[111.60959,-7.98923],[111.60954,-7.98976],[111.60918,-7.98991],[111.60848,-7.99004],[111.60719,-7.98994],[111.60663,-7.98977],[111.60627,-7.98955],[111.60599,-7.98928],[111.6057,-7.98895],[111.60548,-7.98892],[111.60419,-7.98921],[111.60386,-7.98924],[111.60321,-7.98922],[111.60281,-7.98913],[111.6029,-7.98882],[111.60417,-7.98845],[111.60466,-7.98841],[111.60521,-7.98841],[111.60596,-7.98832],[111.6067,-7.98804],[111.60686,-7.98793],[111.60783,-7.98768],[111.60937,-7.98693],[111.61119,-7.98631],[111.61125,-7.98684]]]}},{"type":"Feature","properties":{"REMARK":"Permukiman dan Tempat Kegiatan"},"geometry":{"type":"Polygon","coordinates":[[[111.60166,-7.98661],[111.6015,-7.98739],[111.60188,-7.98752],[111.60192,-7.98809],[111.60174,-7.98793],[111.60122,-7.98827],[111.60091,-7.98806],[111.59987,-7.98778],[111.59984,-7.98713],[111.60007,-7.9872],[111.60017,-7.98676],[111.60087,-7.98672],[111.60091,-7.9864],[111.60139,-7.98644],[111.60166,-7.98661]]]}},{"type":"Feature","properties":{"REMARK":"Permukiman dan Tempat Kegiatan"},"geometry":{"type":"Polygon","coordinates":[[[111.58168,-7.98745],[111.58154,-7.98832],[111.58045,-7.98822],[111.5802,-7.98757],[111.58009,-7.98758],[111.58034,-7.98646],[111.58173,-7.98676],[111.58168,-7.98745]]]}},{"type":"Feature","properties":{"REMARK":"Permukiman dan Tempat Kegiatan"},"geometry":{"type":"Polygon","coordinates":[[[111.57895,-7.98908],[111.57918,-7.98971],[111.57889,-7.99],[111.57866,-7.9905],[111.57862,-7.99149],[111.57814,-7.99187],[111.57828,-7.99259],[111.57898,-7.99243],[111.57912,-7.99122],[111.57935,-7.99105],[111.57965,-7.99062],[111.58008,-7.99014],[111.58,-7.98981],[111.58033,-7.98969],[111.58056,-7.98922],[111.58105,-7.98862],[111.58108,-7.98862],[111.58133,-7.98866],[111.58155,-7.98879],[111.58168,-7.98891],[111.58172,-7.98906],[111.58153,-7.98975],[111.58155,-7.98992],[111.58165,-7.99025],[111.58152,-7.99073],[111.58115,-7.99131],[111.58234,-7.99157],[111.58254,-7.99307],[111.5823,-7.99307],[111.58174,-7.99321],[111.58141,-7.9932],[111.58117,-7.99312],[111.57962,-7.99357],[111.57958,-7.99373],[111.57872,-7.994],[111.57783,-7.99404],[111.57784,-7.994],[111.57779,-7.9938],[111.57737,-7.99377],[111.57682,-7.99379],[111.57637,-7.99391],[111.57602,-7.99391],[111.57608,-7.99301],[111.57657,-7.99281],[111.57659,-7.99206],[111.57647,-7.9911],[111.57717,-7.99069],[111.57697,-7.99047],[111.57725,-7.98938],[111.57732,-7.98899],[111.57727,-7.98879],[111.57723,-7.98874],[111.57769,-7.98862],[111.5777,-7.98957],[111.5786,-7.98926],[111.57861,-7.98821],[111.57927,-7.98764],[111.57959,-7.98864],[111.57895,-7.98908]],[[111.57947,-7.99151],[111.57948,-7.99282],[111.58009,-7.99245],[111.58022,-7.99232],[111.58056,-7.99184],[111.58075,-7.99173],[111.58049,-7.9913],[111.57947,-7.99151]]]}},{"type":"Feature","properties":{"REMARK":"Permukiman dan Tempat Kegiatan"},"geometry":{"type":"Polygon","coordinates":[[[111.54389,-7.98773],[111.54487,-7.98795],[111.54594,-7.98844],[111.54566,-7.98893],[111.54657,-7.98935],[111.54616,-7.98989],[111.5447,-7.98959],[111.54468,-7.98929],[111.5444,-7.98919],[111.54411,-7.98845],[111.54389,-7.98773]]]}},{"type":"Feature","properties":{"REMARK":"Permukiman dan Tempat Kegiatan"},"geometry":{"type":"Polygon","coordinates":[[[111.62365,-7.99053],[111.62281,-7.99104],[111.62216,-7.99059],[111.6216,-7.99013],[111.62121,-7.98973],[111.62121,-7.98897],[111.62078,-7.98894],[111.62073,-7.98823],[111.62145,-7.98808],[111.62256,-7.98794],[111.62258,-7.98906],[111.62315,-7.98932],[111.62311,-7.98993],[111.62347,-7.98994],[111.62365,-7.99053]]]}},{"type":"Feature","properties":{"REMARK":"Permukiman dan Tempat Kegiatan"},"geometry":{"type":"Polygon","coordinates":[[[111.54832,-7.98924],[111.54965,-7.98962],[111.54987,-7.98978],[111.55021,-7.99068],[111.55026,-7.99073],[111.54986,-7.99098],[111.54886,-7.99071],[111.54737,-7.99004],[111.54739,-7.98969],[111.54708,-7.98957],[111.5474,-7.98925],[111.5483,-7.98952],[111.54832,-7.98924]]]}},{"type":"Feature","properties":{"REMARK":"Permukiman dan Tempat Kegiatan"},"geometry":{"type":"Polygon","coordinates":[[[111.54406,-7.99038],[111.54307,-7.99039],[111.54303,-7.98936],[111.54416,-7.98945],[111.54406,-7.99038]]]}},{"type":"Feature","properties":{"REMARK":"Permukiman dan Tempat Kegiatan"},"geometry":{"type":"Polygon","coordinates":[[[111.53591,-7.99062],[111.53586,-7.99116],[111.5354,-7.99117],[111.53527,-7.99214],[111.53477,-7.99199],[111.53515,-7.98979],[111.53522,-7.98959],[111.53584,-7.98961],[111.53579,-7.99057],[111.53591,-7.99062]]]}},{"type":"Feature","properties":{"REMARK":"Permukiman dan Tempat Kegiatan"},"geometry":{"type":"Polygon","coordinates":[[[111.58866,-7.9896],[111.58915,-7.98995],[111.58932,-7.98993],[111.58952,-7.99006],[111.58967,-7.99021],[111.59,-7.99009],[111.59008,-7.99023],[111.5901,-7.99044],[111.59019,-7.99052],[111.59042,-7.99043],[111.5906,-7.99043],[111.59067,-7.99059],[111.59066,-7.99076],[111.59088,-7.99082],[111.59074,-7.99107],[111.5906,-7.99122],[111.59037,-7.99109],[111.59016,-7.99089],[111.58981,-7.99073],[111.58957,-7.99072],[111.58925,-7.99076],[111.58908,-7.99069],[111.58906,-7.99054],[111.58918,-7.99048],[111.58823,-7.98989],[111.58866,-7.9896]]]}},{"type":"Feature","properties":{"REMARK":"Permukiman dan Tempat Kegiatan"},"geometry":{"type":"Polygon","coordinates":[[[111.60883,-7.99462],[111.60848,-7.99465],[111.6082,-7.99463],[111.6081,-7.99422],[111.60834,-7.99421],[111.60831,-7.99396],[111.60811,-7.99391],[111.60803,-7.99384],[111.60798,-7.99337],[111.60796,-7.99284],[111.60808,-7.99188],[111.60811,-7.99082],[111.60831,-7.99079],[111.60837,-7.99054],[111.60849,-7.99045],[111.60897,-7.99037],[111.60898,-7.99053],[111.60868,-7.99072],[111.60853,-7.99159],[111.60919,-7.99166],[111.60872,-7.99384],[111.60877,-7.99409],[111.60922,-7.99415],[111.60921,-7.99452],[111.60883,-7.99462]]]}},{"type":"Feature","properties":{"REMARK":"Permukiman dan Tempat Kegiatan"},"geometry":{"type":"Polygon","coordinates":[[[111.53851,-7.99126],[111.53837,-7.99195],[111.53811,-7.99253],[111.53791,-7.99272],[111.53758,-7.99286],[111.53687,-7.99293],[111.53615,-7.99275],[111.53622,-7.99179],[111.53664,-7.9918],[111.53722,-7.99083],[111.53851,-7.99126]]]}},{"type":"Feature","properties":{"REMARK":"Permukiman dan Tempat Kegiatan"},"geometry":{"type":"Polygon","coordinates":[[[111.61642,-7.99086],[111.6165,-7.99147],[111.61693,-7.99146],[111.61694,-7.99178],[111.6169,-7.99193],[111.61647,-7.99204],[111.6163,-7.99216],[111.61531,-7.99258],[111.61523,-7.99113],[111.61642,-7.99086]]]}},{"type":"Feature","properties":{"REMARK":"Permukiman dan Tempat Kegiatan"},"geometry":{"type":"Polygon","coordinates":[[[111.603,-7.99145],[111.60329,-7.99136],[111.60382,-7.99127],[111.60432,-7.9913],[111.60466,-7.9915],[111.60487,-7.99176],[111.60507,-7.99212],[111.6051,-7.99263],[111.60469,-7.99244],[111.60447,-7.99224],[111.60399,-7.99245],[111.60406,-7.99322],[111.604,-7.99344],[111.60289,-7.9931],[111.60298,-7.99292],[111.60298,-7.99237],[111.60266,-7.99158],[111.60261,-7.99127],[111.60264,-7.99086],[111.60268,-7.99069],[111.60288,-7.99091],[111.603,-7.99145]]]}},{"type":"Feature","properties":{"REMARK":"Permukiman dan Tempat Kegiatan"},"geometry":{"type":"Polygon","coordinates":[[[111.61291,-7.99166],[111.61354,-7.99166],[111.61361,-7.99178],[111.61385,-7.99183],[111.614,-7.9917],[111.61418,-7.99189],[111.61446,-7.99201],[111.61449,-7.99231],[111.61426,-7.99252],[111.61371,-7.9928],[111.61324,-7.99237],[111.6136,-7.99205],[111.6135,-7.99194],[111.61319,-7.9918],[111.61276,-7.99181],[111.6127,-7.9917],[111.61291,-7.99166]]]}},{"type":"Feature","properties":{"REMARK":"Permukiman dan Tempat Kegiatan"},"geometry":{"type":"Polygon","coordinates":[[[111.61007,-7.99574],[111.61049,-7.99591],[111.61087,-7.9959],[111.61152,-7.99575],[111.61189,-7.99549],[111.61219,-7.99584],[111.61202,-7.99604],[111.61161,-7.99623],[111.61114,-7.99628],[111.61057,-7.99627],[111.61016,-7.99617],[111.60991,-7.99606],[111.60972,-7.99586],[111.60959,-7.99559],[111.60972,-7.99532],[111.60954,-7.9951],[111.60961,-7.99501],[111.61043,-7.99454],[111.61076,-7.99441],[111.61033,-7.99401],[111.60971,-7.99398],[111.60953,-7.99354],[111.60982,-7.99328],[111.61014,-7.99323],[111.61022,-7.99286],[111.60997,-7.99234],[111.61004,-7.99203],[111.61028,-7.99191],[111.61052,-7.99171],[111.61109,-7.99166],[111.61081,-7.99324],[111.61077,-7.99371],[111.61172,-7.9938],[111.61175,-7.99397],[111.61135,-7.99483],[111.61071,-7.99544],[111.61007,-7.99574]]]}},{"type":"Feature","properties":{"REMARK":"Permukiman dan Tempat Kegiatan"},"geometry":{"type":"Polygon","coordinates":[[[111.53462,-7.99469],[111.53351,-7.99472],[111.53342,-7.99427],[111.53341,-7.99395],[111.53461,-7.99385],[111.53467,-7.99434],[111.53462,-7.99469]]]}},{"type":"Feature","properties":{"REMARK":"Permukiman dan Tempat Kegiatan"},"geometry":{"type":"Polygon","coordinates":[[[111.54302,-7.99438],[111.54308,-7.99609],[111.54243,-7.99631],[111.54141,-7.99647],[111.54144,-7.99555],[111.5422,-7.99539],[111.54237,-7.9954],[111.54231,-7.99457],[111.54227,-7.99442],[111.54302,-7.99438]]]}},{"type":"Feature","properties":{"REMARK":"Permukiman dan Tempat Kegiatan"},"geometry":{"type":"MultiPolygon","coordinates":[[[[111.53404,-7.99729],[111.53327,-7.9974],[111.53313,-7.99512],[111.53395,-7.99538],[111.53408,-7.99647],[111.53404,-7.99729]]],[[[111.5331,-7.99472],[111.53313,-7.99506],[111.53309,-7.99472],[111.5331,-7.99472]]]]}},{"type":"Feature","properties":{"REMARK":"Permukiman dan Tempat Kegiatan"},"geometry":{"type":"Polygon","coordinates":[[[111.53739,-7.99668],[111.53728,-7.99751],[111.53608,-7.99728],[111.53607,-7.99588],[111.53684,-7.99589],[111.53691,-7.99656],[111.53739,-7.99668]]]}},{"type":"Feature","properties":{"REMARK":"Permukiman dan Tempat Kegiatan"},"geometry":{"type":"Polygon","coordinates":[[[111.61965,-7.99618],[111.61964,-7.99632],[111.62041,-7.99632],[111.62077,-7.99722],[111.62096,-7.99824],[111.62044,-7.99855],[111.61934,-7.99881],[111.61898,-7.99872],[111.61886,-7.99838],[111.61888,-7.99764],[111.61897,-7.99657],[111.61858,-7.99643],[111.61896,-7.99599],[111.61899,-7.99588],[111.61956,-7.99602],[111.61965,-7.99618]]]}},{"type":"Feature","properties":{"REMARK":"Permukiman dan Tempat Kegiatan"},"geometry":{"type":"Polygon","coordinates":[[[111.57898,-8.0],[111.57816,-8.0],[111.57816,-8.0],[111.57898,-8.0]]]}},{"type":"Feature","properties":{"REMARK":"Permukiman dan Tempat Kegiatan"},"geometry":{"type":"Polygon","coordinates":[[[111.6261,-7.95016],[111.626,-7.95018],[111.62596,-7.95008],[111.62615,-7.94984],[111.6261,-7.95016]]]}},{"type":"Feature","properties":{"REMARK":"Permukiman dan Tempat Kegiatan"},"geometry":{"type":"MultiPolygon","coordinates":[[[[111.63889,-7.95697],[111.63885,-7.95708],[111.63825,-7.95697],[111.63841,-7.95696],[111.63856,-7.9569],[111.63889,-7.95697]]],[[[111.63673,-7.95634],[111.63753,-7.95685],[111.6381,-7.95695],[111.63763,-7.95694],[111.63747,-7.95689],[111.63696,-7.95651],[111.6367,-7.95639],[111.6366,-7.95664],[111.63681,-7.95716],[111.63634,-7.95696],[111.63638,-7.95634],[111.63613,-7.95627],[111.63617,-7.95603],[111.63673,-7.95634]]]]}},{"type":"Feature","properties":{"REMARK":"Permukiman dan Tempat Kegiatan"},"geometry":{"type":"Polygon","coordinates":[[[111.64762,-7.96016],[111.6476,-7.96024],[111.64731,-7.96017],[111.64762,-7.96016]]]}},{"type":"Feature","properties":{"REMARK":"Permukiman dan Tempat Kegiatan"},"geometry":{"type":"Polygon","coordinates":[[[111.64567,-7.96262],[111.64527,-7.96271],[111.64524,-7.96237],[111.64564,-7.96221],[111.64552,-7.96155],[111.64554,-7.96126],[111.64638,-7.96113],[111.64635,-7.96173],[111.64586,-7.96181],[111.64591,-7.96235],[111.64566,-7.96245],[111.64567,-7.96262]]]}},{"type":"Feature","properties":{"REMARK":"Permukiman dan Tempat Kegiatan"},"geometry":{"type":"Polygon","coordinates":[[[111.64111,-7.96186],[111.64103,-7.96203],[111.64109,-7.96243],[111.64016,-7.96266],[111.6402,-7.96243],[111.64072,-7.96233],[111.64071,-7.96189],[111.64003,-7.96196],[111.64013,-7.96162],[111.64096,-7.9616],[111.64135,-7.96166],[111.64111,-7.96186]]]}},{"type":"Feature","properties":{"REMARK":"Permukiman dan Tempat Kegiatan"},"geometry":{"type":"Polygon","coordinates":[[[111.62953,-7.96444],[111.62922,-7.96449],[111.62917,-7.96443],[111.6292,-7.96411],[111.62891,-7.96372],[111.62903,-7.96323],[111.62936,-7.96293],[111.62988,-7.96262],[111.63009,-7.96266],[111.63048,-7.96283],[111.62992,-7.96416],[111.62978,-7.96429],[111.62953,-7.96444]]]}},{"type":"Feature","properties":{"REMARK":"Permukiman dan Tempat Kegiatan"},"geometry":{"type":"Polygon","coordinates":[[[111.64854,-7.96296],[111.6484,-7.96365],[111.64797,-7.96345],[111.64806,-7.96313],[111.64794,-7.96307],[111.6481,-7.96286],[111.64854,-7.96296]]]}},{"type":"Feature","properties":{"REMARK":"Permukiman dan Tempat Kegiatan"},"geometry":{"type":"Polygon","coordinates":[[[111.63363,-7.96663],[111.63248,-7.96674],[111.63221,-7.96667],[111.63218,-7.96637],[111.63383,-7.96547],[111.63487,-7.96524],[111.63494,-7.96548],[111.63476,-7.96561],[111.6335,-7.96595],[111.63331,-7.96601],[111.63307,-7.96613],[111.63306,-7.96637],[111.63368,-7.96638],[111.63363,-7.96663]]]}},{"type":"Feature","properties":{"REMARK":"Permukiman dan Tempat Kegiatan"},"geometry":{"type":"Polygon","coordinates":[[[111.6279,-7.97053],[111.6272,-7.97098],[111.62678,-7.97058],[111.62673,-7.96937],[111.62576,-7.96922],[111.62578,-7.96882],[111.6264,-7.96881],[111.62671,-7.96837],[111.62739,-7.96868],[111.62752,-7.96939],[111.62744,-7.97009],[111.6279,-7.97053]]]}},{"type":"Feature","properties":{"REMARK":"Permukiman dan Tempat Kegiatan"},"geometry":{"type":"Polygon","coordinates":[[[111.64379,-7.96992],[111.64379,-7.97032],[111.64426,-7.97026],[111.64436,-7.9706],[111.64422,-7.9707],[111.64415,-7.9709],[111.64336,-7.97088],[111.64327,-7.97043],[111.6431,-7.97014],[111.64292,-7.96964],[111.64339,-7.96959],[111.64443,-7.96934],[111.64437,-7.96975],[111.64379,-7.96992]]]}},{"type":"Feature","properties":{"REMARK":"Permukiman dan Tempat Kegiatan"},"geometry":{"type":"Polygon","coordinates":[[[111.6279,-7.97053],[111.62837,-7.96949],[111.62866,-7.96965],[111.6286,-7.96994],[111.62824,-7.97074],[111.6279,-7.97053]]]}},{"type":"Feature","properties":{"REMARK":"Permukiman dan Tempat Kegiatan"},"geometry":{"type":"Polygon","coordinates":[[[111.64838,-7.97014],[111.64836,-7.9704],[111.64904,-7.97038],[111.64907,-7.97056],[111.64894,-7.97074],[111.64889,-7.97079],[111.64865,-7.97085],[111.64856,-7.97091],[111.64852,-7.97113],[111.64857,-7.9714],[111.64887,-7.97142],[111.64901,-7.9714],[111.64943,-7.97143],[111.6495,-7.97104],[111.64979,-7.97102],[111.65009,-7.97113],[111.65028,-7.97179],[111.65023,-7.97215],[111.64992,-7.97226],[111.6498,-7.97254],[111.64978,-7.97273],[111.64954,-7.97277],[111.64883,-7.97216],[111.64855,-7.9721],[111.64833,-7.97141],[111.64834,-7.97094],[111.6479,-7.97095],[111.6479,-7.9702],[111.64838,-7.97014]]]}},{"type":"Feature","properties":{"REMARK":"Permukiman dan Tempat Kegiatan"},"geometry":{"type":"Polygon","coordinates":[[[111.64501,-7.97017],[111.64514,-7.97057],[111.64535,-7.9705],[111.64585,-7.9705],[111.64604,-7.97162],[111.6463,-7.97165],[111.64632,-7.97199],[111.64672,-7.97192],[111.64683,-7.97249],[111.64691,-7.97314],[111.64732,-7.97318],[111.64741,-7.97375],[111.64725,-7.9741],[111.6471,-7.97412],[111.647,-7.97346],[111.64673,-7.9735],[111.64664,-7.97308],[111.64586,-7.97316],[111.64525,-7.97329],[111.64503,-7.97148],[111.64471,-7.97154],[111.64463,-7.97122],[111.64491,-7.97111],[111.64478,-7.97037],[111.64501,-7.97017]]]}},{"type":"Feature","properties":{"REMARK":"Permukiman dan Tempat Kegiatan"},"geometry":{"type":"Polygon","coordinates":[[[111.62942,-7.97216],[111.62926,-7.9722],[111.6291,-7.97216],[111.62889,-7.97207],[111.62856,-7.97172],[111.62886,-7.97161],[111.62891,-7.97151],[111.62889,-7.97136],[111.62927,-7.97133],[111.62949,-7.9719],[111.62942,-7.97216]]]}},{"type":"Feature","properties":{"REMARK":"Permukiman dan Tempat Kegiatan"},"geometry":{"type":"Polygon","coordinates":[[[111.65995,-7.97175],[111.66026,-7.97224],[111.6608,-7.97217],[111.66092,-7.97196],[111.66115,-7.97193],[111.66121,-7.97338],[111.66099,-7.97341],[111.66082,-7.9729],[111.66068,-7.97266],[111.66057,-7.97254],[111.66036,-7.97249],[111.65982,-7.97212],[111.65966,-7.97197],[111.65995,-7.97175]]]}},{"type":"Feature","properties":{"REMARK":"Permukiman dan Tempat Kegiatan"},"geometry":{"type":"Polygon","coordinates":[[[111.63042,-7.97285],[111.62993,-7.97328],[111.62962,-7.97285],[111.62989,-7.97253],[111.62997,-7.97215],[111.63036,-7.97233],[111.63099,-7.97246],[111.63128,-7.97256],[111.63085,-7.97274],[111.63042,-7.97285]]]}},{"type":"Feature","properties":{"REMARK":"Permukiman dan Tempat Kegiatan"},"geometry":{"type":"Polygon","coordinates":[[[111.63454,-7.97341],[111.63351,-7.97368],[111.63261,-7.97328],[111.63295,-7.97293],[111.63328,-7.97276],[111.63368,-7.97262],[111.63414,-7.97251],[111.63501,-7.97289],[111.63506,-7.97307],[111.63489,-7.97314],[111.63454,-7.97341]]]}},{"type":"Feature","properties":{"REMARK":"Permukiman dan Tempat Kegiatan"},"geometry":{"type":"Polygon","coordinates":[[[111.64043,-7.97269],[111.64088,-7.97277],[111.64121,-7.97275],[111.64118,-7.97294],[111.64046,-7.97295],[111.6403,-7.97302],[111.64033,-7.97328],[111.64039,-7.97349],[111.64022,-7.97395],[111.63979,-7.97406],[111.63954,-7.97408],[111.63931,-7.97419],[111.63908,-7.97425],[111.63895,-7.97425],[111.63877,-7.97464],[111.6387,-7.97484],[111.63872,-7.97507],[111.63899,-7.97591],[111.63877,-7.97613],[111.63835,-7.9745],[111.63877,-7.97407],[111.63846,-7.97387],[111.63851,-7.97374],[111.63906,-7.974],[111.63948,-7.97392],[111.63999,-7.97321],[111.64024,-7.97272],[111.64065,-7.97209],[111.64085,-7.9722],[111.64066,-7.97251],[111.64043,-7.97269]]]}},{"type":"Feature","properties":{"REMARK":"Permukiman dan Tempat Kegiatan"},"geometry":{"type":"Polygon","coordinates":[[[111.64297,-7.97519],[111.64318,-7.97521],[111.64317,-7.97495],[111.64331,-7.97498],[111.64332,-7.97519],[111.64388,-7.97523],[111.64416,-7.97531],[111.64476,-7.97588],[111.64452,-7.97609],[111.64379,-7.97562],[111.64325,-7.9757],[111.64291,-7.97566],[111.64288,-7.97541],[111.64273,-7.97538],[111.64274,-7.97586],[111.64256,-7.97607],[111.64253,-7.9767],[111.64186,-7.97668],[111.64192,-7.97636],[111.64201,-7.9763],[111.64188,-7.97625],[111.64159,-7.97621],[111.6416,-7.97633],[111.64121,-7.97621],[111.64116,-7.97596],[111.64136,-7.97592],[111.64216,-7.97628],[111.64226,-7.97622],[111.64233,-7.97605],[111.64243,-7.976],[111.64242,-7.9757],[111.64195,-7.97568],[111.64203,-7.97516],[111.64174,-7.97505],[111.64133,-7.97478],[111.6411,-7.9746],[111.64093,-7.97439],[111.64068,-7.97422],[111.64064,-7.97411],[111.64085,-7.97391],[111.64102,-7.97387],[111.64118,-7.97394],[111.64117,-7.97402],[111.64101,-7.97405],[111.641,-7.97415],[111.64132,-7.97431],[111.64159,-7.97454],[111.64171,-7.9747],[111.642,-7.97498],[111.64271,-7.97508],[111.64297,-7.97519]]]}},{"type":"Feature","properties":{"REMARK":"Permukiman dan Tempat Kegiatan"},"geometry":{"type":"Polygon","coordinates":[[[111.62514,-7.97597],[111.62488,-7.97631],[111.624,-7.97605],[111.62363,-7.97661],[111.62355,-7.97735],[111.62474,-7.97747],[111.62481,-7.97721],[111.62453,-7.97699],[111.62489,-7.97669],[111.62595,-7.97699],[111.62653,-7.97739],[111.62695,-7.97775],[111.62693,-7.97791],[111.62717,-7.97794],[111.6274,-7.97791],[111.62758,-7.97784],[111.62786,-7.97752],[111.62896,-7.978],[111.62874,-7.97845],[111.62797,-7.97825],[111.62788,-7.97832],[111.62777,-7.97937],[111.62684,-7.97942],[111.62611,-7.97961],[111.62585,-7.98033],[111.62575,-7.9804],[111.6256,-7.98042],[111.62541,-7.98025],[111.62486,-7.97986],[111.62503,-7.97919],[111.62439,-7.97894],[111.62457,-7.97825],[111.62425,-7.97813],[111.62335,-7.97796],[111.62326,-7.97778],[111.62235,-7.97797],[111.6216,-7.97865],[111.6211,-7.97933],[111.62072,-7.97999],[111.62029,-7.98033],[111.61989,-7.98103],[111.61899,-7.98126],[111.6184,-7.98105],[111.61801,-7.98116],[111.61771,-7.9812],[111.61769,-7.98116],[111.61771,-7.98105],[111.61836,-7.98037],[111.61901,-7.97998],[111.61832,-7.97912],[111.61894,-7.9785],[111.61911,-7.97822],[111.619,-7.97786],[111.6193,-7.97763],[111.62019,-7.97843],[111.62092,-7.97817],[111.6204,-7.97777],[111.62084,-7.97742],[111.62136,-7.97691],[111.62178,-7.97704],[111.62221,-7.97746],[111.62253,-7.97733],[111.62251,-7.97671],[111.62182,-7.97651],[111.62197,-7.97593],[111.62294,-7.97607],[111.62355,-7.97623],[111.62361,-7.97607],[111.62277,-7.97542],[111.62223,-7.97521],[111.62184,-7.97512],[111.62204,-7.97466],[111.62207,-7.9744],[111.62185,-7.97338],[111.62164,-7.97279],[111.62164,-7.97258],[111.62266,-7.97239],[111.62274,-7.97253],[111.62291,-7.97255],[111.62304,-7.97446],[111.62377,-7.97482],[111.62514,-7.97597]]]}},{"type":"Feature","properties":{"REMARK":"Permukiman dan Tempat Kegiatan"},"geometry":{"type":"Polygon","coordinates":[[[111.64692,-7.9773],[111.6464,-7.9776],[111.64587,-7.97724],[111.64637,-7.97692],[111.64623,-7.97632],[111.6469,-7.97618],[111.64697,-7.97602],[111.64729,-7.97616],[111.6478,-7.97623],[111.64778,-7.97718],[111.64692,-7.9773]]]}},{"type":"Feature","properties":{"REMARK":"Permukiman dan Tempat Kegiatan"},"geometry":{"type":"Polygon","coordinates":[[[111.64333,-7.97704],[111.64339,-7.97778],[111.64369,-7.97784],[111.64364,-7.97807],[111.64324,-7.97805],[111.64314,-7.97926],[111.64284,-7.97924],[111.64282,-7.97949],[111.64247,-7.97945],[111.6425,-7.97846],[111.64272,-7.97844],[111.64271,-7.97778],[111.64242,-7.97771],[111.64241,-7.97752],[111.64222,-7.97748],[111.64215,-7.97752],[111.64164,-7.97747],[111.64159,-7.97742],[111.64168,-7.97709],[111.64185,-7.97699],[111.64209,-7.97713],[111.64245,-7.97712],[111.64249,-7.97698],[111.64333,-7.97704]]]}},{"type":"Feature","properties":{"REMARK":"Permukiman dan Tempat Kegiatan"},"geometry":{"type":"Polygon","coordinates":[[[111.64068,-7.97885],[111.64062,-7.97906],[111.64035,-7.97899],[111.64008,-7.97965],[111.63995,-7.98073],[111.63956,-7.98068],[111.63951,-7.9813],[111.64027,-7.98142],[111.64079,-7.98156],[111.64079,-7.98212],[111.64129,-7.98226],[111.64154,-7.98296],[111.64114,-7.98293],[111.64118,-7.98319],[111.64082,-7.98344],[111.64053,-7.98307],[111.64052,-7.98288],[111.64031,-7.98286],[111.64039,-7.98363],[111.64062,-7.98373],[111.64057,-7.98399],[111.63996,-7.98379],[111.64006,-7.98308],[111.63943,-7.98292],[111.63944,-7.98304],[111.63907,-7.98301],[111.63899,-7.98313],[111.63907,-7.98337],[111.63881,-7.98356],[111.63866,-7.98398],[111.63848,-7.98406],[111.63847,-7.98444],[111.6385,-7.98471],[111.63825,-7.98473],[111.6381,-7.98469],[111.6382,-7.9841],[111.63803,-7.98403],[111.63802,-7.98376],[111.63808,-7.98341],[111.63787,-7.98333],[111.63791,-7.98316],[111.63809,-7.98309],[111.6381,-7.98291],[111.63893,-7.98277],[111.63892,-7.98256],[111.63911,-7.98246],[111.63918,-7.98238],[111.63916,-7.98224],[111.6393,-7.98201],[111.63911,-7.98191],[111.63918,-7.98099],[111.6393,-7.9805],[111.63934,-7.98014],[111.63982,-7.9792],[111.63987,-7.97889],[111.63983,-7.97831],[111.64042,-7.97817],[111.64045,-7.97829],[111.64068,-7.9783],[111.64068,-7.97885]]]}},{"type":"Feature","properties":{"REMARK":"Permukiman dan Tempat Kegiatan"},"geometry":{"type":"Polygon","coordinates":[[[111.63426,-7.98043],[111.6337,-7.9823],[111.63248,-7.98218],[111.63271,-7.98115],[111.63333,-7.98114],[111.63382,-7.97995],[111.63304,-7.97975],[111.63323,-7.97931],[111.63428,-7.97922],[111.63443,-7.97885],[111.63406,-7.97866],[111.63429,-7.97829],[111.63491,-7.97849],[111.63476,-7.97872],[111.63448,-7.98032],[111.63441,-7.98041],[111.63426,-7.98043]]]}},{"type":"Feature","properties":{"REMARK":"Permukiman dan Tempat Kegiatan"},"geometry":{"type":"Polygon","coordinates":[[[111.62755,-7.9807],[111.62793,-7.98114],[111.62898,-7.98107],[111.629,-7.98132],[111.62778,-7.9818],[111.62797,-7.98297],[111.62967,-7.98299],[111.62962,-7.98412],[111.62945,-7.98406],[111.62833,-7.98431],[111.62825,-7.98399],[111.62712,-7.98406],[111.62682,-7.98235],[111.62725,-7.9821],[111.62703,-7.98118],[111.6268,-7.98122],[111.6268,-7.98081],[111.62739,-7.98065],[111.62755,-7.9807]]]}},{"type":"Feature","properties":{"REMARK":"Permukiman dan Tempat Kegiatan"},"geometry":{"type":"Polygon","coordinates":[[[111.63713,-7.98409],[111.63714,-7.98414],[111.63731,-7.98412],[111.63732,-7.98437],[111.63789,-7.9845],[111.63782,-7.98494],[111.63696,-7.98489],[111.63678,-7.9851],[111.63676,-7.9857],[111.63645,-7.98596],[111.63618,-7.98611],[111.63586,-7.98604],[111.63631,-7.98556],[111.63634,-7.98526],[111.63623,-7.98469],[111.63621,-7.98433],[111.63558,-7.98432],[111.6356,-7.98403],[111.63713,-7.98409]]]}},{"type":"Feature","properties":{"REMARK":"Permukiman dan Tempat Kegiatan"},"geometry":{"type":"Polygon","coordinates":[[[111.63537,-7.98431],[111.63532,-7.98555],[111.63455,-7.98548],[111.63457,-7.98522],[111.63437,-7.98517],[111.63447,-7.98473],[111.63473,-7.98474],[111.63476,-7.98441],[111.63537,-7.98431]]]}},{"type":"Feature","properties":{"REMARK":"Permukiman dan Tempat Kegiatan"},"geometry":{"type":"Polygon","coordinates":[[[111.64088,-7.98551],[111.64047,-7.98617],[111.63995,-7.986],[111.63981,-7.98619],[111.63965,-7.9861],[111.63955,-7.9864],[111.63948,-7.98643],[111.63922,-7.98631],[111.63903,-7.98652],[111.63886,-7.98651],[111.6387,-7.98633],[111.6389,-7.98584],[111.63942,-7.98597],[111.63961,-7.98575],[111.63971,-7.98543],[111.63959,-7.98526],[111.63905,-7.98487],[111.63922,-7.98474],[111.63867,-7.98448],[111.63875,-7.98417],[111.64082,-7.98536],[111.64088,-7.98551]]]}},{"type":"Feature","properties":{"REMARK":"Permukiman dan Tempat Kegiatan"},"geometry":{"type":"Polygon","coordinates":[[[111.64437,-7.98631],[111.64387,-7.98644],[111.64362,-7.98601],[111.64358,-7.98585],[111.64394,-7.98577],[111.64444,-7.98572],[111.6447,-7.98559],[111.64488,-7.98537],[111.64506,-7.98563],[111.64502,-7.9862],[111.64437,-7.98631]]]}},{"type":"Feature","properties":{"REMARK":"Permukiman dan Tempat Kegiatan"},"geometry":{"type":"Polygon","coordinates":[[[111.6301,-7.98776],[111.63014,-7.988],[111.62944,-7.98794],[111.62943,-7.98748],[111.62886,-7.98747],[111.62873,-7.98691],[111.62873,-7.98624],[111.62989,-7.98588],[111.63044,-7.98608],[111.63096,-7.98636],[111.6308,-7.98642],[111.63095,-7.98682],[111.63067,-7.9877],[111.6301,-7.98776]]]}},{"type":"Feature","properties":{"REMARK":"Permukiman dan Tempat Kegiatan"},"geometry":{"type":"Polygon","coordinates":[[[111.6384,-7.98608],[111.63846,-7.98665],[111.63867,-7.98663],[111.63866,-7.98721],[111.63885,-7.98718],[111.63885,-7.9868],[111.63909,-7.98682],[111.63918,-7.98714],[111.63953,-7.9871],[111.63951,-7.98731],[111.63999,-7.9874],[111.6405,-7.9874],[111.64055,-7.9876],[111.6397,-7.98786],[111.63946,-7.98774],[111.63943,-7.988],[111.63868,-7.9881],[111.63848,-7.98805],[111.63833,-7.98813],[111.63827,-7.988],[111.63802,-7.98768],[111.63788,-7.98726],[111.63811,-7.98716],[111.63814,-7.98668],[111.63818,-7.98667],[111.63798,-7.9861],[111.6384,-7.98608]]]}},{"type":"Feature","properties":{"REMARK":"Permukiman dan Tempat Kegiatan"},"geometry":{"type":"Polygon","coordinates":[[[111.65166,-7.98903],[111.65227,-7.98903],[111.65244,-7.9892],[111.65296,-7.98918],[111.65303,-7.98949],[111.6532,-7.98946],[111.65324,-7.99049],[111.65331,-7.99118],[111.65288,-7.99126],[111.65279,-7.99066],[111.65282,-7.98998],[111.6523,-7.9899],[111.65228,-7.98973],[111.6518,-7.98963],[111.65065,-7.98963],[111.65059,-7.98992],[111.65038,-7.98994],[111.65032,-7.98882],[111.65088,-7.98868],[111.65097,-7.98898],[111.65166,-7.98903]]]}},{"type":"Feature","properties":{"REMARK":"Permukiman dan Tempat Kegiatan"},"geometry":{"type":"Polygon","coordinates":[[[111.6374,-7.99141],[111.63784,-7.99217],[111.63798,-7.99225],[111.63822,-7.99227],[111.63853,-7.99222],[111.63866,-7.99239],[111.63885,-7.99288],[111.63906,-7.99291],[111.63908,-7.99343],[111.63955,-7.99358],[111.63957,-7.99425],[111.63923,-7.99442],[111.63955,-7.99523],[111.63937,-7.9953],[111.63938,-7.99566],[111.63886,-7.99581],[111.63864,-7.99455],[111.63837,-7.99457],[111.63834,-7.99435],[111.63813,-7.99433],[111.63814,-7.99411],[111.63846,-7.99401],[111.63839,-7.99338],[111.63836,-7.99274],[111.63773,-7.99284],[111.63715,-7.99297],[111.63712,-7.99249],[111.6373,-7.99241],[111.63701,-7.99152],[111.63666,-7.99148],[111.63625,-7.99137],[111.63613,-7.99126],[111.6365,-7.99116],[111.63635,-7.98947],[111.63714,-7.98931],[111.63756,-7.98918],[111.63782,-7.98872],[111.63813,-7.98877],[111.63809,-7.98893],[111.63763,-7.98945],[111.63727,-7.99013],[111.63723,-7.99041],[111.6374,-7.99141]]]}},{"type":"Feature","properties":{"REMARK":"Permukiman dan Tempat Kegiatan"},"geometry":{"type":"Polygon","coordinates":[[[111.63395,-7.9899],[111.63428,-7.99054],[111.63545,-7.99041],[111.63546,-7.99087],[111.63503,-7.99084],[111.63452,-7.99099],[111.63406,-7.99101],[111.63424,-7.99223],[111.63422,-7.99268],[111.63396,-7.9928],[111.63358,-7.99309],[111.63367,-7.99328],[111.63304,-7.99339],[111.63271,-7.99308],[111.63236,-7.99286],[111.63234,-7.99182],[111.63218,-7.99169],[111.63202,-7.9913],[111.62949,-7.99189],[111.62951,-7.99145],[111.63081,-7.99088],[111.631,-7.99086],[111.63089,-7.99051],[111.63128,-7.99049],[111.63152,-7.99092],[111.63296,-7.99042],[111.63284,-7.99007],[111.63395,-7.9899]]]}},{"type":"Feature","properties":{"REMARK":"Permukiman dan Tempat Kegiatan"},"geometry":{"type":"Polygon","coordinates":[[[111.64584,-7.99354],[111.64609,-7.99343],[111.64612,-7.99339],[111.6462,-7.99294],[111.64628,-7.99285],[111.64665,-7.99301],[111.64686,-7.99305],[111.64713,-7.99321],[111.6475,-7.99312],[111.64754,-7.99314],[111.64757,-7.9932],[111.64747,-7.99408],[111.64684,-7.99436],[111.64643,-7.99433],[111.64601,-7.99417],[111.64545,-7.99425],[111.64508,-7.99415],[111.64468,-7.99429],[111.64454,-7.99427],[111.64438,-7.99432],[111.64386,-7.99379],[111.64354,-7.99339],[111.64351,-7.99309],[111.64354,-7.9921],[111.64347,-7.99172],[111.64376,-7.99196],[111.64432,-7.9923],[111.64414,-7.99261],[111.6439,-7.99252],[111.64378,-7.99315],[111.64418,-7.99344],[111.64471,-7.99369],[111.64584,-7.99354]]]}},{"type":"Feature","properties":{"REMARK":"Permukiman dan Tempat Kegiatan"},"geometry":{"type":"Polygon","coordinates":[[[111.65556,-7.99223],[111.65558,-7.99244],[111.65548,-7.99238],[111.65489,-7.99267],[111.65497,-7.99291],[111.65558,-7.99281],[111.65572,-7.99346],[111.65578,-7.99393],[111.65529,-7.9941],[111.65523,-7.99376],[111.65457,-7.99383],[111.65436,-7.99331],[111.65313,-7.99384],[111.65302,-7.9933],[111.65293,-7.99328],[111.65292,-7.99303],[111.65419,-7.99247],[111.65432,-7.99264],[111.65537,-7.992],[111.65556,-7.99223]]]}},{"type":"Feature","properties":{"REMARK":"Permukiman dan Tempat Kegiatan"},"geometry":{"type":"Polygon","coordinates":[[[111.64584,-7.99354],[111.64545,-7.99348],[111.64506,-7.99295],[111.64469,-7.9926],[111.6453,-7.99224],[111.64551,-7.99244],[111.64524,-7.9928],[111.64577,-7.99306],[111.64577,-7.99332],[111.64584,-7.99354]]]}},{"type":"Feature","properties":{"REMARK":"Permukiman dan Tempat Kegiatan"},"geometry":{"type":"Polygon","coordinates":[[[111.64438,-7.99432],[111.64422,-7.99441],[111.64426,-7.99451],[111.64449,-7.99477],[111.64453,-7.99494],[111.64449,-7.99513],[111.64459,-7.99523],[111.64512,-7.99554],[111.64524,-7.99564],[111.64529,-7.99573],[111.64511,-7.99597],[111.64512,-7.99607],[111.64524,-7.99616],[111.64571,-7.99612],[111.64583,-7.99617],[111.64605,-7.99655],[111.64615,-7.99664],[111.64594,-7.99686],[111.6457,-7.99654],[111.64548,-7.99663],[111.64576,-7.99707],[111.64558,-7.99717],[111.64584,-7.9976],[111.64558,-7.99771],[111.64565,-7.99802],[111.6451,-7.99812],[111.64495,-7.9978],[111.64531,-7.99767],[111.64469,-7.99674],[111.64509,-7.99655],[111.64482,-7.99606],[111.64452,-7.99583],[111.64423,-7.99577],[111.64416,-7.99615],[111.64366,-7.99516],[111.64363,-7.99496],[111.64344,-7.99496],[111.64332,-7.99447],[111.64376,-7.99436],[111.64365,-7.99401],[111.64438,-7.99432]]]}},{"type":"Feature","properties":{"REMARK":"Permukiman dan Tempat Kegiatan"},"geometry":{"type":"Polygon","coordinates":[[[111.65623,-7.99516],[111.65631,-7.99633],[111.65621,-7.99637],[111.65567,-7.99631],[111.65503,-7.99645],[111.654,-7.9966],[111.65369,-7.99664],[111.65319,-7.99664],[111.65296,-7.99709],[111.65365,-7.99724],[111.65375,-7.99698],[111.65418,-7.99718],[111.65384,-7.99753],[111.65377,-7.99783],[111.65415,-7.99792],[111.6555,-7.99762],[111.65552,-7.99782],[111.65485,-7.99809],[111.65496,-7.99837],[111.65479,-7.9986],[111.65426,-7.99857],[111.65417,-7.99851],[111.6539,-7.99854],[111.65374,-7.9985],[111.65336,-7.99815],[111.65283,-7.99788],[111.65193,-7.9976],[111.65211,-7.99722],[111.65215,-7.99668],[111.65279,-7.99666],[111.65292,-7.99642],[111.65226,-7.99614],[111.65237,-7.99589],[111.65307,-7.99608],[111.65313,-7.9959],[111.65395,-7.99595],[111.65478,-7.99564],[111.65486,-7.99594],[111.65619,-7.99536],[111.65616,-7.99516],[111.65623,-7.99516]]]}},{"type":"Feature","properties":{"REMARK":"Permukiman dan Tempat Kegiatan"},"geometry":{"type":"Polygon","coordinates":[[[111.6356,-7.99861],[111.6356,-7.99912],[111.63482,-7.99886],[111.63513,-7.99782],[111.6349,-7.99776],[111.63497,-7.99738],[111.6357,-7.9977],[111.6356,-7.99861]]]}},{"type":"Feature","properties":{"REMARK":"Permukiman dan Tempat Kegiatan"},"geometry":{"type":"Polygon","coordinates":[[[111.56911,-8.04108],[111.56913,-8.04179],[111.56986,-8.04199],[111.56988,-8.04232],[111.57017,-8.04228],[111.57023,-8.04276],[111.57022,-8.04359],[111.57034,-8.04392],[111.5702,-8.04406],[111.57008,-8.04405],[111.56997,-8.04385],[111.57,-8.04348],[111.57002,-8.04347],[111.5699,-8.04319],[111.56963,-8.04316],[111.56885,-8.04286],[111.56885,-8.04226],[111.56805,-8.04225],[111.56762,-8.04209],[111.56719,-8.04294],[111.56626,-8.04254],[111.56605,-8.04209],[111.56572,-8.04202],[111.56564,-8.04188],[111.56563,-8.04166],[111.56585,-8.04155],[111.566,-8.04155],[111.56621,-8.0417],[111.56626,-8.0416],[111.56648,-8.04131],[111.56664,-8.04151],[111.56723,-8.04149],[111.56767,-8.04153],[111.56807,-8.04142],[111.56858,-8.04153],[111.56876,-8.04098],[111.56911,-8.04108]]]}},{"type":"Feature","properties":{"REMARK":"Permukiman dan Tempat Kegiatan"},"geometry":{"type":"Polygon","coordinates":[[[111.55342,-8.04092],[111.55354,-8.04122],[111.55386,-8.0411],[111.55433,-8.04201],[111.55445,-8.04246],[111.55579,-8.04302],[111.55575,-8.0433],[111.5569,-8.04409],[111.55733,-8.04429],[111.55704,-8.04478],[111.55633,-8.04461],[111.55593,-8.04438],[111.55457,-8.04344],[111.55373,-8.04296],[111.55368,-8.04274],[111.55326,-8.04183],[111.55308,-8.04104],[111.5525,-8.03957],[111.55268,-8.03927],[111.55316,-8.03928],[111.55339,-8.04008],[111.55365,-8.0402],[111.55369,-8.04033],[111.55362,-8.04047],[111.55338,-8.04061],[111.55342,-8.04092]]]}},{"type":"Feature","properties":{"REMARK":"Permukiman dan Tempat Kegiatan"},"geometry":{"type":"Polygon","coordinates":[[[111.57257,-8.03795],[111.57253,-8.03848],[111.57159,-8.03833],[111.57148,-8.03856],[111.57057,-8.0386],[111.57071,-8.03791],[111.57125,-8.03771],[111.57129,-8.0375],[111.57257,-8.03795]]]}},{"type":"Feature","properties":{"REMARK":"Permukiman dan Tempat Kegiatan"},"geometry":{"type":"Polygon","coordinates":[[[111.56511,-8.03646],[111.56435,-8.03689],[111.56418,-8.03665],[111.56432,-8.03631],[111.56411,-8.03592],[111.56474,-8.03512],[111.5668,-8.03464],[111.56701,-8.03501],[111.56704,-8.03539],[111.56662,-8.0356],[111.56608,-8.03593],[111.56552,-8.03643],[111.56511,-8.03646]]]}},{"type":"Feature","properties":{"REMARK":"Permukiman dan Tempat Kegiatan"},"geometry":{"type":"Polygon","coordinates":[[[111.56823,-8.03236],[111.56867,-8.03241],[111.56911,-8.03231],[111.5693,-8.03256],[111.56885,-8.03297],[111.56838,-8.03323],[111.56757,-8.03307],[111.56716,-8.03334],[111.56633,-8.03355],[111.56596,-8.03309],[111.56599,-8.03246],[111.56611,-8.03227],[111.56654,-8.03212],[111.56736,-8.03246],[111.5675,-8.03246],[111.56805,-8.03216],[111.56836,-8.03203],[111.56823,-8.03236]]]}},{"type":"Feature","properties":{"REMARK":"Permukiman dan Tempat Kegiatan"},"geometry":{"type":"Polygon","coordinates":[[[111.55261,-8.02671],[111.55317,-8.02718],[111.55335,-8.02713],[111.5538,-8.02721],[111.55421,-8.02737],[111.55498,-8.02776],[111.555,-8.02778],[111.55496,-8.02803],[111.55403,-8.02778],[111.55372,-8.02854],[111.55294,-8.02839],[111.55261,-8.02822],[111.55211,-8.02712],[111.55261,-8.02671]]]}},{"type":"Feature","properties":{"REMARK":"Permukiman dan Tempat Kegiatan"},"geometry":{"type":"Polygon","coordinates":[[[111.57716,-8.02537],[111.57697,-8.02546],[111.57671,-8.02524],[111.57653,-8.02493],[111.57652,-8.02485],[111.57676,-8.02461],[111.57707,-8.0242],[111.57736,-8.0244],[111.57716,-8.02537]]]}},{"type":"Feature","properties":{"REMARK":"Permukiman dan Tempat Kegiatan"},"geometry":{"type":"Polygon","coordinates":[[[111.55661,-8.02636],[111.55621,-8.02639],[111.55586,-8.02614],[111.55573,-8.02562],[111.55572,-8.02464],[111.55627,-8.02415],[111.55675,-8.02447],[111.55681,-8.02479],[111.55672,-8.0259],[111.55661,-8.02636]]]}},{"type":"Feature","properties":{"REMARK":"Permukiman dan Tempat Kegiatan"},"geometry":{"type":"Polygon","coordinates":[[[111.56759,-8.02361],[111.56675,-8.02286],[111.56709,-8.02249],[111.56804,-8.02298],[111.5678,-8.02335],[111.56759,-8.02361]]]}},{"type":"Feature","properties":{"REMARK":"Permukiman dan Tempat Kegiatan"},"geometry":{"type":"Polygon","coordinates":[[[111.5765,-8.01928],[111.57727,-8.01943],[111.57749,-8.01942],[111.57786,-8.01922],[111.57799,-8.01953],[111.57899,-8.02004],[111.57943,-8.02005],[111.58082,-8.02113],[111.58072,-8.02163],[111.582,-8.02264],[111.58244,-8.0231],[111.58282,-8.02302],[111.58285,-8.02263],[111.58262,-8.02238],[111.58238,-8.0219],[111.58262,-8.02179],[111.58361,-8.02179],[111.5838,-8.02206],[111.58384,-8.02268],[111.58345,-8.02278],[111.58351,-8.02303],[111.5837,-8.02318],[111.58398,-8.02351],[111.58376,-8.02402],[111.58333,-8.02408],[111.58248,-8.024],[111.58189,-8.02386],[111.58136,-8.02366],[111.58101,-8.02317],[111.58041,-8.02264],[111.58018,-8.02299],[111.58057,-8.02352],[111.58018,-8.02383],[111.57939,-8.02376],[111.57845,-8.0236],[111.57739,-8.02384],[111.57715,-8.02385],[111.57708,-8.02337],[111.57709,-8.02297],[111.57714,-8.02278],[111.57722,-8.02264],[111.5774,-8.02244],[111.57843,-8.02215],[111.57843,-8.02184],[111.5783,-8.02148],[111.57778,-8.02106],[111.57689,-8.02073],[111.57696,-8.02116],[111.57691,-8.02146],[111.57651,-8.02157],[111.57627,-8.02117],[111.57624,-8.02061],[111.57597,-8.02056],[111.57499,-8.02004],[111.57524,-8.01888],[111.5755,-8.01894],[111.5765,-8.01928]]]}},{"type":"Feature","properties":{"REMARK":"Permukiman dan Tempat Kegiatan"},"geometry":{"type":"Polygon","coordinates":[[[111.5746,-8.01959],[111.57408,-8.02013],[111.57347,-8.01985],[111.57259,-8.02059],[111.57225,-8.02015],[111.57205,-8.02022],[111.57195,-8.01989],[111.57224,-8.01958],[111.57294,-8.01898],[111.57378,-8.01836],[111.57411,-8.01877],[111.5746,-8.01959]]]}},{"type":"Feature","properties":{"REMARK":"Permukiman dan Tempat Kegiatan"},"geometry":{"type":"Polygon","coordinates":[[[111.55063,-8.01795],[111.55132,-8.0184],[111.55113,-8.01918],[111.5506,-8.01912],[111.55052,-8.01879],[111.55036,-8.01844],[111.55006,-8.01807],[111.5504,-8.01806],[111.55063,-8.01795]]]}},{"type":"Feature","properties":{"REMARK":"Permukiman dan Tempat Kegiatan"},"geometry":{"type":"Polygon","coordinates":[[[111.59133,-8.01775],[111.59146,-8.0186],[111.59086,-8.0185],[111.59014,-8.01845],[111.58959,-8.01833],[111.58931,-8.0182],[111.58943,-8.01783],[111.59048,-8.01784],[111.59133,-8.01775]]]}},{"type":"Feature","properties":{"REMARK":"Permukiman dan Tempat Kegiatan"},"geometry":{"type":"Polygon","coordinates":[[[111.57929,-8.01776],[111.5792,-8.01857],[111.57866,-8.01855],[111.57809,-8.01839],[111.57826,-8.01761],[111.57929,-8.01776]]]}},{"type":"Feature","properties":{"REMARK":"Permukiman dan Tempat Kegiatan"},"geometry":{"type":"Polygon","coordinates":[[[111.57018,-8.02122],[111.57042,-8.02132],[111.5709,-8.0213],[111.57174,-8.02152],[111.57188,-8.02164],[111.57192,-8.02197],[111.5711,-8.02196],[111.57104,-8.02226],[111.57072,-8.02243],[111.57052,-8.02234],[111.57044,-8.02202],[111.57038,-8.02192],[111.57011,-8.02194],[111.56977,-8.02157],[111.56965,-8.02167],[111.56949,-8.02148],[111.56937,-8.02118],[111.5694,-8.0209],[111.56899,-8.02027],[111.56921,-8.01945],[111.56961,-8.01848],[111.56983,-8.01755],[111.56916,-8.01717],[111.5696,-8.01674],[111.57068,-8.01729],[111.57152,-8.01764],[111.57171,-8.01833],[111.57165,-8.01915],[111.57151,-8.02002],[111.57119,-8.02072],[111.57018,-8.02122]]]}},{"type":"Feature","properties":{"REMARK":"Permukiman dan Tempat Kegiatan"},"geometry":{"type":"Polygon","coordinates":[[[111.57998,-8.01692],[111.57997,-8.01732],[111.5791,-8.01706],[111.57838,-8.01701],[111.57826,-8.01674],[111.57801,-8.01655],[111.5785,-8.01644],[111.57998,-8.01692]]]}},{"type":"Feature","properties":{"REMARK":"Permukiman dan Tempat Kegiatan"},"geometry":{"type":"Polygon","coordinates":[[[111.6507,-8.02041],[111.65028,-8.02058],[111.64981,-8.01851],[111.65215,-8.01774],[111.65331,-8.01604],[111.65363,-8.0161],[111.65358,-8.01629],[111.65342,-8.01773],[111.6528,-8.01857],[111.65276,-8.01925],[111.65268,-8.01933],[111.65129,-8.01966],[111.65114,-8.01976],[111.65087,-8.02026],[111.6507,-8.02041]]]}},{"type":"Feature","properties":{"REMARK":"Permukiman dan Tempat Kegiatan"},"geometry":{"type":"Polygon","coordinates":[[[111.60138,-8.01452],[111.6013,-8.01506],[111.60055,-8.01523],[111.60055,-8.01592],[111.60002,-8.0158],[111.59972,-8.01591],[111.59957,-8.01629],[111.5994,-8.0165],[111.59913,-8.01654],[111.59894,-8.01647],[111.5988,-8.01619],[111.59919,-8.01557],[111.59929,-8.01534],[111.59939,-8.01482],[111.5996,-8.01453],[111.59994,-8.01455],[111.60048,-8.01425],[111.60138,-8.01452]]]}},{"type":"Feature","properties":{"REMARK":"Permukiman dan Tempat Kegiatan"},"geometry":{"type":"Polygon","coordinates":[[[111.55045,-8.01461],[111.55021,-8.01499],[111.54951,-8.01471],[111.54905,-8.01425],[111.54906,-8.01396],[111.5492,-8.01357],[111.54956,-8.0133],[111.54994,-8.01321],[111.55036,-8.01336],[111.55047,-8.01434],[111.55045,-8.01461]]]}},{"type":"Feature","properties":{"REMARK":"Permukiman dan Tempat Kegiatan"},"geometry":{"type":"Polygon","coordinates":[[[111.65441,-8.01362],[111.6542,-8.01501],[111.65282,-8.01412],[111.65291,-8.01357],[111.6536,-8.01366],[111.65348,-8.01289],[111.65395,-8.01283],[111.6544,-8.01295],[111.65441,-8.01362]]]}},{"type":"Feature","properties":{"REMARK":"Permukiman dan Tempat Kegiatan"},"geometry":{"type":"Polygon","coordinates":[[[111.5734,-8.01277],[111.57339,-8.0137],[111.57358,-8.01382],[111.57357,-8.01415],[111.57348,-8.01469],[111.57271,-8.01489],[111.57159,-8.01504],[111.57089,-8.01498],[111.57037,-8.01486],[111.57004,-8.01517],[111.56845,-8.01458],[111.56853,-8.01401],[111.56888,-8.01361],[111.56966,-8.01375],[111.56981,-8.01349],[111.56968,-8.01344],[111.56987,-8.01321],[111.57078,-8.01346],[111.57199,-8.01369],[111.57222,-8.01336],[111.57206,-8.01291],[111.57295,-8.01268],[111.5734,-8.01277]]]}},{"type":"Feature","properties":{"REMARK":"Permukiman dan Tempat Kegiatan"},"geometry":{"type":"Polygon","coordinates":[[[111.55384,-8.01146],[111.55376,-8.01173],[111.55322,-8.01166],[111.55308,-8.01199],[111.55245,-8.01182],[111.55248,-8.01153],[111.55281,-8.01099],[111.55384,-8.01146]]]}},{"type":"Feature","properties":{"REMARK":"Permukiman dan Tempat Kegiatan"},"geometry":{"type":"Polygon","coordinates":[[[111.56906,-8.01095],[111.5692,-8.01179],[111.56882,-8.01234],[111.56853,-8.01215],[111.56749,-8.01166],[111.56755,-8.0112],[111.56801,-8.01131],[111.56814,-8.01103],[111.56906,-8.01095]]]}},{"type":"Feature","properties":{"REMARK":"Permukiman dan Tempat Kegiatan"},"geometry":{"type":"Polygon","coordinates":[[[111.61134,-8.01187],[111.61086,-8.01234],[111.6102,-8.01207],[111.61015,-8.01187],[111.61015,-8.01151],[111.61025,-8.01105],[111.61058,-8.01075],[111.61096,-8.01056],[111.61138,-8.01057],[111.61123,-8.01116],[111.61151,-8.01138],[111.61134,-8.01187]]]}},{"type":"Feature","properties":{"REMARK":"Permukiman dan Tempat Kegiatan"},"geometry":{"type":"Polygon","coordinates":[[[111.56337,-8.01135],[111.56349,-8.01151],[111.56402,-8.01079],[111.5646,-8.01106],[111.5644,-8.0117],[111.56548,-8.01193],[111.56594,-8.01195],[111.56577,-8.01229],[111.56575,-8.01239],[111.56578,-8.0127],[111.56553,-8.01315],[111.56519,-8.01361],[111.56471,-8.01418],[111.56465,-8.01407],[111.56474,-8.01329],[111.56465,-8.01292],[111.56445,-8.01257],[111.56421,-8.01232],[111.56399,-8.0121],[111.56359,-8.01224],[111.56316,-8.01194],[111.56265,-8.01218],[111.56214,-8.01164],[111.56192,-8.01134],[111.56139,-8.01098],[111.56218,-8.0108],[111.56247,-8.01063],[111.56271,-8.01044],[111.56306,-8.01049],[111.56316,-8.01084],[111.56337,-8.01135]]]}},{"type":"Feature","properties":{"REMARK":"Permukiman dan Tempat Kegiatan"},"geometry":{"type":"Polygon","coordinates":[[[111.56062,-8.01036],[111.55961,-8.01075],[111.55967,-8.0103],[111.55989,-8.01021],[111.56051,-8.01006],[111.56062,-8.01036]]]}},{"type":"Feature","properties":{"REMARK":"Permukiman dan Tempat Kegiatan"},"geometry":{"type":"Polygon","coordinates":[[[111.56203,-8.0103],[111.56187,-8.01065],[111.56109,-8.01056],[111.56094,-8.01004],[111.5614,-8.0101],[111.56203,-8.0103]]]}},{"type":"Feature","properties":{"REMARK":"Permukiman dan Tempat Kegiatan"},"geometry":{"type":"Polygon","coordinates":[[[111.60895,-8.00909],[111.60879,-8.00911],[111.60807,-8.00903],[111.60808,-8.00866],[111.60898,-8.00862],[111.6089,-8.00892],[111.60895,-8.00909]]]}},{"type":"Feature","properties":{"REMARK":"Permukiman dan Tempat Kegiatan"},"geometry":{"type":"Polygon","coordinates":[[[111.62595,-8.0109],[111.62592,-8.01091],[111.62582,-8.01074],[111.62522,-8.00947],[111.62563,-8.00859],[111.62597,-8.00887],[111.62654,-8.00923],[111.62674,-8.00932],[111.62595,-8.0109]]]}},{"type":"Feature","properties":{"REMARK":"Permukiman dan Tempat Kegiatan"},"geometry":{"type":"Polygon","coordinates":[[[111.57318,-8.00855],[111.57264,-8.00981],[111.57228,-8.01104],[111.57188,-8.01106],[111.57193,-8.0092],[111.57149,-8.00934],[111.57152,-8.00972],[111.57147,-8.01108],[111.57149,-8.01151],[111.57053,-8.01163],[111.57031,-8.01109],[111.56992,-8.01059],[111.56976,-8.01019],[111.57072,-8.00975],[111.57065,-8.00933],[111.57229,-8.0087],[111.57318,-8.00855]]]}},{"type":"Feature","properties":{"REMARK":"Permukiman dan Tempat Kegiatan"},"geometry":{"type":"Polygon","coordinates":[[[111.56905,-8.00935],[111.56896,-8.00974],[111.5684,-8.00973],[111.56813,-8.00993],[111.56799,-8.00943],[111.56765,-8.00855],[111.56899,-8.00753],[111.56912,-8.00771],[111.56853,-8.0083],[111.5683,-8.00874],[111.5691,-8.00878],[111.56905,-8.00935]]]}},{"type":"Feature","properties":{"REMARK":"Permukiman dan Tempat Kegiatan"},"geometry":{"type":"Polygon","coordinates":[[[111.6092,-8.00455],[111.60896,-8.00533],[111.60844,-8.00603],[111.60826,-8.00605],[111.6081,-8.00602],[111.60731,-8.00662],[111.60749,-8.00675],[111.60709,-8.00754],[111.60679,-8.00797],[111.60645,-8.0082],[111.60672,-8.00866],[111.60746,-8.00933],[111.60822,-8.00975],[111.60804,-8.01029],[111.60742,-8.01015],[111.60652,-8.00963],[111.60572,-8.009],[111.60547,-8.00876],[111.60538,-8.00854],[111.60513,-8.00856],[111.60457,-8.00838],[111.60423,-8.00871],[111.604,-8.00884],[111.60353,-8.0087],[111.60329,-8.00839],[111.6027,-8.00809],[111.60235,-8.0074],[111.60235,-8.00656],[111.60301,-8.00561],[111.60334,-8.00537],[111.60413,-8.00521],[111.60421,-8.00562],[111.60463,-8.00586],[111.60446,-8.00661],[111.60549,-8.00698],[111.60559,-8.00707],[111.60558,-8.00696],[111.60603,-8.00669],[111.60673,-8.00699],[111.60674,-8.00628],[111.60643,-8.0061],[111.60633,-8.00566],[111.60621,-8.00532],[111.60653,-8.00486],[111.6073,-8.00505],[111.60838,-8.00524],[111.6088,-8.00455],[111.6092,-8.00455]]]}},{"type":"Feature","properties":{"REMARK":"Permukiman dan Tempat Kegiatan"},"geometry":{"type":"Polygon","coordinates":[[[111.58359,-8.00578],[111.58369,-8.00599],[111.58391,-8.00617],[111.584,-8.00631],[111.58381,-8.00656],[111.58353,-8.00668],[111.58278,-8.0064],[111.58227,-8.00603],[111.58244,-8.00569],[111.58269,-8.0058],[111.58321,-8.00523],[111.58395,-8.00476],[111.58444,-8.00506],[111.58431,-8.0054],[111.58406,-8.00556],[111.58359,-8.00578]]]}},{"type":"Feature","properties":{"REMARK":"Permukiman dan Tempat Kegiatan"},"geometry":{"type":"Polygon","coordinates":[[[111.62464,-8.00643],[111.62445,-8.00665],[111.62389,-8.00624],[111.62385,-8.0054],[111.62418,-8.00458],[111.62464,-8.00387],[111.62543,-8.00461],[111.6257,-8.00512],[111.62524,-8.0056],[111.62464,-8.00643]]]}},{"type":"Feature","properties":{"REMARK":"Permukiman dan Tempat Kegiatan"},"geometry":{"type":"Polygon","coordinates":[[[111.57323,-8.00514],[111.57204,-8.00528],[111.57143,-8.00529],[111.57108,-8.00538],[111.5709,-8.00553],[111.57101,-8.00566],[111.57243,-8.00647],[111.57186,-8.00659],[111.57094,-8.00632],[111.57064,-8.00687],[111.57021,-8.0069],[111.57004,-8.00717],[111.56959,-8.00698],[111.56934,-8.00725],[111.56908,-8.00746],[111.56897,-8.00725],[111.5695,-8.00656],[111.56974,-8.00662],[111.56984,-8.00629],[111.56996,-8.00608],[111.57002,-8.00602],[111.57021,-8.00595],[111.57002,-8.00563],[111.56976,-8.00541],[111.57066,-8.00499],[111.5706,-8.00475],[111.57055,-8.0044],[111.5707,-8.00445],[111.5714,-8.00418],[111.57199,-8.00386],[111.57204,-8.0043],[111.57212,-8.00466],[111.57318,-8.00463],[111.57323,-8.00514]]]}},{"type":"Feature","properties":{"REMARK":"Permukiman dan Tempat Kegiatan"},"geometry":{"type":"Polygon","coordinates":[[[111.5566,-8.00455],[111.55597,-8.00459],[111.556,-8.00409],[111.55611,-8.0038],[111.55663,-8.00387],[111.55664,-8.0042],[111.5566,-8.00455]]]}},{"type":"Feature","properties":{"REMARK":"Permukiman dan Tempat Kegiatan"},"geometry":{"type":"Polygon","coordinates":[[[111.61728,-8.00353],[111.61787,-8.00362],[111.61821,-8.00351],[111.61849,-8.00375],[111.6187,-8.00407],[111.61885,-8.00439],[111.61819,-8.00473],[111.61804,-8.00476],[111.61773,-8.00476],[111.61749,-8.00467],[111.61686,-8.00433],[111.61672,-8.00379],[111.61671,-8.00331],[111.61725,-8.00342],[111.61728,-8.00353]]]}},{"type":"Feature","properties":{"REMARK":"Permukiman dan Tempat Kegiatan"},"geometry":{"type":"Polygon","coordinates":[[[111.65322,-8.0037],[111.65301,-8.00388],[111.65278,-8.00365],[111.65267,-8.00329],[111.65265,-8.00309],[111.65269,-8.00298],[111.65325,-8.00255],[111.65351,-8.00289],[111.65302,-8.00339],[111.65322,-8.0037]]]}},{"type":"Feature","properties":{"REMARK":"Permukiman dan Tempat Kegiatan"},"geometry":{"type":"Polygon","coordinates":[[[111.64435,-8.00216],[111.64438,-8.00321],[111.64393,-8.00318],[111.64388,-8.00336],[111.64329,-8.0033],[111.64328,-8.00282],[111.64341,-8.00227],[111.64326,-8.00219],[111.64337,-8.00161],[111.64373,-8.00174],[111.64374,-8.00179],[111.64394,-8.0021],[111.64435,-8.00216]]]}},{"type":"Feature","properties":{"REMARK":"Permukiman dan Tempat Kegiatan"},"geometry":{"type":"Polygon","coordinates":[[[111.60511,-8.00146],[111.60609,-8.00148],[111.60606,-8.00206],[111.60606,-8.00237],[111.6061,-8.00259],[111.60517,-8.0026],[111.60511,-8.00146]]]}},{"type":"Feature","properties":{"REMARK":"Permukiman dan Tempat Kegiatan"},"geometry":{"type":"Polygon","coordinates":[[[111.57323,-8.00514],[111.57371,-8.00509],[111.57437,-8.00511],[111.57436,-8.00479],[111.5748,-8.0047],[111.57479,-8.00442],[111.57503,-8.00408],[111.57478,-8.00369],[111.57531,-8.00291],[111.57518,-8.00275],[111.57443,-8.00326],[111.57422,-8.00305],[111.57518,-8.00202],[111.57492,-8.00157],[111.57511,-8.0011],[111.57557,-8.00126],[111.5768,-8.00192],[111.57706,-8.00173],[111.57745,-8.00187],[111.57762,-8.0014],[111.57767,-8.00051],[111.5782,-8.00036],[111.57816,-8.0],[111.57898,-8.0],[111.5788,-8.00069],[111.5792,-8.00091],[111.57898,-8.00206],[111.57872,-8.00281],[111.57803,-8.00338],[111.57752,-8.0037],[111.57688,-8.00331],[111.57652,-8.00369],[111.57697,-8.00412],[111.57654,-8.00455],[111.57631,-8.0043],[111.57612,-8.00464],[111.57545,-8.00515],[111.57549,-8.00534],[111.57417,-8.00551],[111.57406,-8.00569],[111.57338,-8.00582],[111.57323,-8.00514]]]}},{"type":"Feature","properties":{"REMARK":"Permukiman dan Tempat Kegiatan"},"geometry":{"type":"Polygon","coordinates":[[[111.53982,-7.99466],[111.53975,-7.99543],[111.53974,-7.99656],[111.54061,-7.9967],[111.54066,-7.99717],[111.54065,-7.99781],[111.54171,-7.99798],[111.5418,-7.99855],[111.54204,-7.99856],[111.5422,-7.99897],[111.54115,-7.99885],[111.54106,-7.99854],[111.54029,-7.99852],[111.53964,-7.99845],[111.53982,-7.99867],[111.53989,-7.9997],[111.54014,-7.99977],[111.53998,-8.00065],[111.53883,-8.00084],[111.53782,-8.00066],[111.53792,-8.00002],[111.53859,-8.0001],[111.53859,-8.0],[111.53765,-8.0],[111.53759,-7.99989],[111.5375,-7.9996],[111.53765,-7.9993],[111.53747,-7.99855],[111.53812,-7.99734],[111.53848,-7.99733],[111.53905,-7.99748],[111.5392,-7.99713],[111.53875,-7.99709],[111.53871,-7.99655],[111.53844,-7.99634],[111.53776,-7.99609],[111.5379,-7.99581],[111.538,-7.99582],[111.53806,-7.9956],[111.53828,-7.99523],[111.5386,-7.9952],[111.53883,-7.99445],[111.53982,-7.99466]]]}},{"type":"Feature","properties":{"REMARK":"Permukiman dan Tempat Kegiatan"},"geometry":{"type":"Polygon","coordinates":[[[111.55912,-7.99987],[111.55902,-8.00029],[111.5589,-8.00059],[111.55889,-8.00142],[111.55879,-8.0015],[111.55836,-8.0011],[111.55819,-8.00112],[111.5581,-8.00122],[111.55792,-8.00175],[111.55749,-8.00239],[111.55733,-8.00291],[111.55684,-8.00317],[111.55628,-8.00342],[111.55572,-8.00346],[111.55582,-8.00288],[111.55645,-8.00254],[111.55633,-8.00198],[111.55644,-8.00184],[111.55661,-8.00125],[111.55682,-8.0009],[111.55707,-8.00011],[111.55713,-8.00003],[111.55719,-8.00001],[111.55719,-7.99995],[111.55735,-7.99983],[111.55889,-7.99955],[111.55904,-7.99966],[111.55912,-7.99987]]]}},{"type":"Feature","properties":{"REMARK":"Permukiman dan Tempat Kegiatan"},"geometry":{"type":"Polygon","coordinates":[[[111.63225,-7.99654],[111.632,-7.99739],[111.63136,-7.99728],[111.63124,-7.99751],[111.63101,-7.99775],[111.63158,-7.99818],[111.63144,-7.99892],[111.63098,-7.99943],[111.63083,-8.0],[111.63043,-8.00066],[111.63108,-8.00111],[111.63189,-8.00151],[111.63191,-8.00155],[111.63153,-8.00193],[111.63096,-8.00186],[111.63049,-8.00128],[111.62956,-8.00155],[111.62916,-8.00156],[111.629,-8.00073],[111.629,-8.00029],[111.62893,-8.00008],[111.62856,-8.00022],[111.62788,-8.00013],[111.62794,-7.99964],[111.62805,-7.99945],[111.62845,-7.99888],[111.62846,-7.99842],[111.62852,-7.99808],[111.62917,-7.99735],[111.62928,-7.9971],[111.62965,-7.99738],[111.63032,-7.99751],[111.63081,-7.99715],[111.63104,-7.99653],[111.63138,-7.99578],[111.63111,-7.99559],[111.63118,-7.99492],[111.63141,-7.99486],[111.63198,-7.99494],[111.63219,-7.99502],[111.63214,-7.99561],[111.63177,-7.99578],[111.63162,-7.9963],[111.63225,-7.99654]]]}},{"type":"Feature","properties":{"REMARK":"Permukiman dan Tempat Kegiatan"},"geometry":{"type":"Polygon","coordinates":[[[111.64357,-7.99878],[111.64383,-8.00022],[111.64393,-8.00122],[111.64364,-8.00126],[111.64323,-8.00069],[111.64314,-8.00051],[111.64313,-7.99906],[111.64214,-7.99917],[111.64119,-7.99912],[111.64125,-7.99876],[111.64147,-7.99886],[111.64172,-7.99888],[111.6423,-7.99882],[111.64271,-7.99871],[111.64306,-7.99854],[111.64333,-7.99836],[111.64357,-7.99878]]]}},{"type":"Feature","properties":{"REMARK":"Permukiman dan Tempat Kegiatan"},"geometry":{"type":"Polygon","coordinates":[[[111.5555,-8.04864],[111.55503,-8.04892],[111.55463,-8.04878],[111.55447,-8.04834],[111.55446,-8.04792],[111.55476,-8.04782],[111.55533,-8.04782],[111.55555,-8.04788],[111.55575,-8.04812],[111.55583,-8.04835],[111.5555,-8.04864]]]}},{"type":"Feature","properties":{"REMARK":"Permukiman dan Tempat Kegiatan"},"geometry":{"type":"Polygon","coordinates":[[[111.55879,-8.04798],[111.55852,-8.04808],[111.55806,-8.04806],[111.55797,-8.04785],[111.55796,-8.04718],[111.5581,-8.04713],[111.5585,-8.04708],[111.55857,-8.04729],[111.55856,-8.04749],[111.55874,-8.04757],[111.55882,-8.0477],[111.55879,-8.04798]]]}},{"type":"Feature","properties":{"REMARK":"Permukiman dan Tempat Kegiatan"},"geometry":{"type":"Polygon","coordinates":[[[111.5569,-8.04682],[111.55696,-8.04706],[111.55705,-8.04715],[111.5571,-8.04717],[111.55737,-8.0472],[111.55735,-8.04743],[111.55729,-8.04754],[111.55705,-8.04769],[111.55716,-8.04795],[111.55749,-8.04837],[111.55769,-8.0488],[111.55773,-8.04904],[111.5573,-8.04927],[111.55703,-8.04921],[111.55659,-8.04857],[111.5564,-8.04804],[111.55634,-8.04768],[111.55659,-8.0475],[111.55698,-8.04751],[111.55714,-8.04746],[111.55721,-8.04733],[111.55718,-8.0473],[111.55685,-8.04728],[111.55682,-8.04694],[111.55663,-8.04692],[111.55662,-8.04681],[111.55677,-8.04679],[111.5569,-8.04682]]]}},{"type":"Feature","properties":{"REMARK":"Permukiman dan Tempat Kegiatan"},"geometry":{"type":"Polygon","coordinates":[[[111.55577,-8.04705],[111.55577,-8.04717],[111.55529,-8.04716],[111.55517,-8.04714],[111.5551,-8.04735],[111.55512,-8.0474],[111.55492,-8.04737],[111.555,-8.04706],[111.55479,-8.04704],[111.55482,-8.04689],[111.55502,-8.04693],[111.55525,-8.04705],[111.5555,-8.04703],[111.55541,-8.04669],[111.55568,-8.04665],[111.55577,-8.04705]]]}},{"type":"Feature","properties":{"REMARK":"Permukiman dan Tempat Kegiatan"},"geometry":{"type":"Polygon","coordinates":[[[111.56017,-8.0452],[111.55987,-8.04529],[111.55918,-8.04511],[111.55918,-8.04481],[111.55943,-8.04463],[111.55968,-8.04468],[111.56002,-8.04486],[111.56017,-8.0452]]]}},{"type":"Feature","properties":{"REMARK":"Permukiman dan Tempat Kegiatan"},"geometry":{"type":"Polygon","coordinates":[[[111.56407,-8.04585],[111.56371,-8.04587],[111.56332,-8.0457],[111.56288,-8.04511],[111.56277,-8.0449],[111.56284,-8.04471],[111.56312,-8.04459],[111.56324,-8.04439],[111.56334,-8.04435],[111.56377,-8.04451],[111.5641,-8.04483],[111.56417,-8.04495],[111.56403,-8.0451],[111.56408,-8.04521],[111.56422,-8.04524],[111.56436,-8.04535],[111.56429,-8.04572],[111.56407,-8.04585]]]}},{"type":"Feature","properties":{"REMARK":"Permukiman dan Tempat Kegiatan"},"geometry":{"type":"Polygon","coordinates":[[[111.56255,-8.04439],[111.56237,-8.04445],[111.56215,-8.04407],[111.56213,-8.04396],[111.56229,-8.0438],[111.56242,-8.04373],[111.56249,-8.04393],[111.56255,-8.04439]]]}},{"type":"Feature","properties":{"REMARK":"Permukiman dan Tempat Kegiatan"},"geometry":{"type":"Polygon","coordinates":[[[111.55089,-8.04434],[111.55093,-8.04444],[111.55081,-8.04423],[111.55089,-8.04434]]]}},{"type":"Feature","properties":{"REMARK":"Permukiman dan Tempat Kegiatan"},"geometry":{"type":"Polygon","coordinates":[[[111.56081,-8.04322],[111.56108,-8.04318],[111.56115,-8.04325],[111.56117,-8.04336],[111.56138,-8.04354],[111.56144,-8.04366],[111.56131,-8.04372],[111.56113,-8.04357],[111.561,-8.04331],[111.56075,-8.04337],[111.56065,-8.04325],[111.56061,-8.0431],[111.56062,-8.04281],[111.56073,-8.04278],[111.56081,-8.04322]]]}},{"type":"Feature","properties":{"REMARK":"Permukiman dan Tempat Kegiatan"},"geometry":{"type":"Polygon","coordinates":[[[111.56345,-8.04223],[111.5634,-8.04241],[111.56334,-8.04242],[111.56307,-8.04234],[111.56297,-8.04253],[111.56303,-8.0428],[111.56321,-8.04281],[111.56322,-8.04289],[111.56316,-8.04294],[111.56292,-8.0429],[111.5628,-8.04284],[111.56275,-8.04275],[111.56269,-8.0425],[111.56273,-8.04226],[111.56284,-8.04216],[111.56324,-8.04211],[111.56344,-8.04217],[111.56345,-8.04223]]]}},{"type":"Feature","properties":{"REMARK":"Permukiman dan Tempat Kegiatan"},"geometry":{"type":"Polygon","coordinates":[[[111.56502,-8.04115],[111.56525,-8.0414],[111.56532,-8.04166],[111.56512,-8.04202],[111.56499,-8.04249],[111.56527,-8.0429],[111.56517,-8.04323],[111.56492,-8.04325],[111.56481,-8.04305],[111.56469,-8.04265],[111.56447,-8.04242],[111.56461,-8.04146],[111.56473,-8.04115],[111.56488,-8.0412],[111.56502,-8.04115]]]}},{"type":"Feature","properties":{"REMARK":"Permukiman dan Tempat Kegiatan"},"geometry":{"type":"Polygon","coordinates":[[[111.56987,-8.04075],[111.57044,-8.04097],[111.5706,-8.0409],[111.57077,-8.04111],[111.57075,-8.04121],[111.57051,-8.04153],[111.57043,-8.04147],[111.57032,-8.04153],[111.56978,-8.04124],[111.56968,-8.04108],[111.56987,-8.04075]]]}},{"type":"Feature","properties":{"REMARK":"Permukiman dan Tempat Kegiatan"},"geometry":{"type":"Polygon","coordinates":[[[111.56371,-8.03971],[111.56371,-8.04004],[111.56364,-8.04048],[111.56384,-8.04053],[111.56383,-8.04067],[111.56401,-8.04067],[111.56399,-8.04094],[111.56354,-8.04101],[111.56346,-8.04109],[111.56347,-8.04118],[111.56363,-8.04118],[111.5636,-8.04138],[111.56356,-8.04147],[111.56348,-8.0415],[111.56327,-8.04148],[111.56262,-8.04129],[111.56263,-8.04114],[111.5628,-8.04114],[111.56323,-8.04095],[111.56341,-8.04098],[111.56349,-8.04092],[111.56334,-8.04088],[111.56327,-8.04076],[111.56328,-8.04066],[111.56308,-8.04058],[111.56295,-8.04064],[111.5628,-8.04061],[111.56267,-8.04052],[111.56275,-8.04038],[111.56271,-8.04033],[111.56276,-8.04023],[111.56275,-8.03996],[111.56278,-8.03988],[111.56299,-8.03994],[111.56307,-8.04001],[111.56323,-8.03958],[111.56354,-8.03964],[111.56371,-8.03971]]]}},{"type":"Feature","properties":{"REMARK":"Permukiman dan Tempat Kegiatan"},"geometry":{"type":"Polygon","coordinates":[[[111.56346,-8.03802],[111.56344,-8.03851],[111.56327,-8.03884],[111.56211,-8.03819],[111.56178,-8.03824],[111.56121,-8.03828],[111.56085,-8.03845],[111.56053,-8.03874],[111.56072,-8.03895],[111.56114,-8.03893],[111.56186,-8.03912],[111.56192,-8.03967],[111.56157,-8.04026],[111.5611,-8.04055],[111.56053,-8.04036],[111.55988,-8.03962],[111.55971,-8.03954],[111.55935,-8.03925],[111.55912,-8.03899],[111.55897,-8.03897],[111.55866,-8.03912],[111.55809,-8.03969],[111.55746,-8.03973],[111.55709,-8.04007],[111.55727,-8.04076],[111.55815,-8.04112],[111.55805,-8.04179],[111.55721,-8.04165],[111.557,-8.0425],[111.55685,-8.04262],[111.55649,-8.04273],[111.55579,-8.04258],[111.55608,-8.04198],[111.55521,-8.04177],[111.55555,-8.04116],[111.55523,-8.04096],[111.55537,-8.04024],[111.55541,-8.0398],[111.55562,-8.03903],[111.55537,-8.03868],[111.55533,-8.03813],[111.55714,-8.03785],[111.55866,-8.03785],[111.55925,-8.03765],[111.55978,-8.03735],[111.56087,-8.03693],[111.56193,-8.03665],[111.56226,-8.03661],[111.563,-8.03666],[111.56308,-8.03688],[111.56346,-8.03699],[111.56361,-8.03729],[111.56346,-8.03802]]]}},{"type":"Feature","properties":{"REMARK":"Permukiman dan Tempat Kegiatan"},"geometry":{"type":"Polygon","coordinates":[[[111.54499,-8.03467],[111.54584,-8.03482],[111.54612,-8.03482],[111.54658,-8.03494],[111.54689,-8.03494],[111.54679,-8.03528],[111.54596,-8.03545],[111.54557,-8.03571],[111.54548,-8.03549],[111.54527,-8.03519],[111.54499,-8.03467]]]}},{"type":"Feature","properties":{"REMARK":"Permukiman dan Tempat Kegiatan"},"geometry":{"type":"Polygon","coordinates":[[[111.56948,-8.03664],[111.57,-8.03689],[111.5702,-8.03739],[111.5697,-8.03741],[111.56963,-8.03725],[111.56938,-8.03703],[111.56862,-8.03675],[111.56814,-8.03666],[111.56792,-8.03672],[111.56779,-8.03708],[111.5676,-8.0374],[111.56738,-8.03744],[111.56713,-8.03759],[111.56745,-8.03806],[111.56712,-8.03852],[111.56644,-8.03876],[111.56609,-8.03871],[111.56511,-8.03774],[111.56505,-8.0372],[111.56535,-8.03684],[111.56614,-8.03665],[111.56626,-8.03638],[111.56649,-8.03615],[111.5673,-8.0358],[111.56768,-8.03555],[111.56785,-8.03518],[111.56779,-8.0349],[111.5671,-8.03464],[111.567,-8.03439],[111.56713,-8.03414],[111.56769,-8.03406],[111.56811,-8.03425],[111.56852,-8.03428],[111.56877,-8.03469],[111.56876,-8.03527],[111.56867,-8.03578],[111.56869,-8.03621],[111.569,-8.03646],[111.56948,-8.03664]]]}},{"type":"Feature","properties":{"REMARK":"Permukiman dan Tempat Kegiatan"},"geometry":{"type":"Polygon","coordinates":[[[111.5648,-8.03486],[111.56465,-8.03491],[111.56451,-8.03484],[111.56434,-8.03457],[111.56403,-8.03402],[111.56401,-8.0335],[111.56409,-8.03347],[111.56446,-8.03366],[111.56455,-8.03384],[111.56484,-8.03464],[111.5648,-8.03486]]]}},{"type":"Feature","properties":{"REMARK":"Permukiman dan Tempat Kegiatan"},"geometry":{"type":"Polygon","coordinates":[[[111.55848,-8.03367],[111.55946,-8.03381],[111.56095,-8.0338],[111.56093,-8.03419],[111.56107,-8.03441],[111.56103,-8.03486],[111.56091,-8.03526],[111.56045,-8.03577],[111.55966,-8.03587],[111.5587,-8.03584],[111.5575,-8.03566],[111.55686,-8.03578],[111.55639,-8.036],[111.55596,-8.03624],[111.55497,-8.03618],[111.55463,-8.03584],[111.55399,-8.03631],[111.55354,-8.03691],[111.55353,-8.0371],[111.55377,-8.03813],[111.55384,-8.03857],[111.55376,-8.03873],[111.553,-8.03858],[111.55196,-8.03829],[111.55125,-8.03817],[111.55082,-8.03797],[111.55035,-8.03757],[111.55002,-8.03708],[111.54993,-8.03661],[111.55009,-8.03587],[111.55088,-8.03436],[111.5514,-8.03391],[111.55217,-8.03367],[111.55317,-8.0336],[111.55402,-8.03367],[111.55537,-8.03337],[111.55689,-8.03337],[111.55848,-8.03367]]]}},{"type":"Feature","properties":{"REMARK":"Permukiman dan Tempat Kegiatan"},"geometry":{"type":"Polygon","coordinates":[[[111.54864,-8.03355],[111.54784,-8.03397],[111.54744,-8.03364],[111.54748,-8.03302],[111.54711,-8.03235],[111.54694,-8.03177],[111.54698,-8.03137],[111.54724,-8.03115],[111.54788,-8.03121],[111.54874,-8.0314],[111.54914,-8.0317],[111.54943,-8.032],[111.54932,-8.0324],[111.54889,-8.03286],[111.54864,-8.03355]]]}},{"type":"Feature","properties":{"REMARK":"Permukiman dan Tempat Kegiatan"},"geometry":{"type":"Polygon","coordinates":[[[111.54912,-8.0309],[111.54896,-8.03096],[111.54839,-8.03095],[111.54824,-8.03063],[111.54834,-8.03016],[111.54858,-8.02958],[111.54874,-8.02943],[111.54908,-8.02937],[111.54934,-8.02966],[111.54935,-8.02976],[111.54932,-8.03069],[111.54912,-8.0309]]]}},{"type":"Feature","properties":{"REMARK":"Permukiman dan Tempat Kegiatan"},"geometry":{"type":"Polygon","coordinates":[[[111.55233,-8.02849],[111.5527,-8.02861],[111.55302,-8.02859],[111.55348,-8.02867],[111.55411,-8.02905],[111.55481,-8.0292],[111.5553,-8.0292],[111.55561,-8.02909],[111.55611,-8.02901],[111.55652,-8.02915],[111.55651,-8.02952],[111.55632,-8.02989],[111.55595,-8.03014],[111.55531,-8.03011],[111.55433,-8.02996],[111.55296,-8.02949],[111.55227,-8.0291],[111.55219,-8.02863],[111.55233,-8.02849]]]}},{"type":"Feature","properties":{"REMARK":"Permukiman dan Tempat Kegiatan"},"geometry":{"type":"Polygon","coordinates":[[[111.54602,-8.03305],[111.54528,-8.03333],[111.5448,-8.03326],[111.54471,-8.03295],[111.54521,-8.03129],[111.54565,-8.03016],[111.54612,-8.0292],[111.54669,-8.02863],[111.54765,-8.02828],[111.54852,-8.02823],[111.54875,-8.02853],[111.54844,-8.02872],[111.54788,-8.02882],[111.54749,-8.02903],[111.54711,-8.0293],[111.54684,-8.0299],[111.54658,-8.03066],[111.54637,-8.03142],[111.54631,-8.03227],[111.54631,-8.03286],[111.54602,-8.03305]]]}},{"type":"Feature","properties":{"REMARK":"Permukiman dan Tempat Kegiatan"},"geometry":{"type":"Polygon","coordinates":[[[111.56231,-8.0247],[111.56251,-8.02488],[111.56305,-8.02547],[111.56329,-8.02597],[111.56325,-8.02668],[111.56305,-8.02697],[111.56235,-8.02681],[111.56189,-8.02604],[111.56197,-8.02556],[111.56153,-8.02479],[111.56154,-8.02475],[111.56185,-8.02481],[111.56231,-8.0247]]]}},{"type":"Feature","properties":{"REMARK":"Permukiman dan Tempat Kegiatan"},"geometry":{"type":"Polygon","coordinates":[[[111.55896,-8.0233],[111.5592,-8.0235],[111.56036,-8.02349],[111.56141,-8.02339],[111.56195,-8.02357],[111.56199,-8.02395],[111.56133,-8.02419],[111.56055,-8.02424],[111.55988,-8.02441],[111.55908,-8.02455],[111.55871,-8.02406],[111.55869,-8.02342],[111.55896,-8.0233]]]}},{"type":"Feature","properties":{"REMARK":"Permukiman dan Tempat Kegiatan"},"geometry":{"type":"Polygon","coordinates":[[[111.56135,-8.02313],[111.56096,-8.02317],[111.56069,-8.02305],[111.56055,-8.02269],[111.56044,-8.02204],[111.56062,-8.02187],[111.56076,-8.02194],[111.56099,-8.02212],[111.56141,-8.02213],[111.56165,-8.02236],[111.56181,-8.02276],[111.56135,-8.02313]]]}},{"type":"Feature","properties":{"REMARK":"Permukiman dan Tempat Kegiatan"},"geometry":{"type":"Polygon","coordinates":[[[111.55548,-8.02201],[111.55513,-8.02209],[111.55504,-8.02121],[111.55538,-8.02137],[111.55542,-8.02179],[111.55548,-8.02201]]]}},{"type":"Feature","properties":{"REMARK":"Permukiman dan Tempat Kegiatan"},"geometry":{"type":"Polygon","coordinates":[[[111.605,-8.01029],[111.60525,-8.01073],[111.60502,-8.01092],[111.60442,-8.0107],[111.60407,-8.01077],[111.60363,-8.01071],[111.60326,-8.01037],[111.60318,-8.01015],[111.60341,-8.01002],[111.60345,-8.00977],[111.60338,-8.00954],[111.60323,-8.00928],[111.60331,-8.00923],[111.60361,-8.0093],[111.60391,-8.00987],[111.60431,-8.01008],[111.605,-8.01029]]]}},{"type":"Feature","properties":{"REMARK":"Permukiman dan Tempat Kegiatan"},"geometry":{"type":"Polygon","coordinates":[[[111.60666,-7.99223],[111.60701,-7.99279],[111.60704,-7.99321],[111.60693,-7.99322],[111.60646,-7.99255],[111.60628,-7.99236],[111.60619,-7.99241],[111.60635,-7.99209],[111.60651,-7.99209],[111.60666,-7.99223]]]}},{"type":"Feature","properties":{"REMARK":"Permukiman dan Tempat Kegiatan"},"geometry":{"type":"Polygon","coordinates":[[[111.57543,-8.03141],[111.57517,-8.03158],[111.57499,-8.03147],[111.57492,-8.03126],[111.57495,-8.03111],[111.57514,-8.031],[111.57539,-8.03115],[111.57543,-8.03141]]]}},{"type":"Feature","properties":{"REMARK":"Permukiman dan Tempat Kegiatan"},"geometry":{"type":"Polygon","coordinates":[[[111.57749,-8.03263],[111.57722,-8.03305],[111.57626,-8.03272],[111.57614,-8.03258],[111.57665,-8.03222],[111.57689,-8.03212],[111.57694,-8.03191],[111.57693,-8.03167],[111.57701,-8.0313],[111.57737,-8.03094],[111.57872,-8.03066],[111.57925,-8.03072],[111.57957,-8.03105],[111.57962,-8.03137],[111.57869,-8.03161],[111.5784,-8.03218],[111.5777,-8.03245],[111.57749,-8.03263]]]}},{"type":"Feature","properties":{"REMARK":"Permukiman dan Tempat Kegiatan"},"geometry":{"type":"Polygon","coordinates":[[[111.56546,-8.03069],[111.56587,-8.03114],[111.56549,-8.03121],[111.56554,-8.03144],[111.56567,-8.03163],[111.566,-8.03184],[111.56597,-8.03215],[111.56585,-8.03237],[111.56577,-8.03269],[111.56567,-8.03278],[111.56518,-8.03273],[111.5649,-8.03266],[111.56436,-8.03238],[111.56425,-8.03215],[111.56383,-8.03177],[111.56381,-8.03169],[111.56398,-8.03159],[111.56431,-8.03192],[111.56473,-8.03218],[111.56519,-8.03229],[111.5655,-8.03214],[111.56546,-8.03182],[111.56526,-8.03121],[111.56504,-8.03105],[111.56474,-8.03092],[111.56434,-8.03117],[111.56381,-8.03101],[111.56367,-8.03082],[111.56375,-8.03065],[111.56397,-8.0305],[111.56458,-8.03037],[111.56516,-8.03051],[111.56546,-8.03069]]]}},{"type":"Feature","properties":{"REMARK":"Permukiman dan Tempat Kegiatan"},"geometry":{"type":"Polygon","coordinates":[[[111.56349,-8.03114],[111.56326,-8.03212],[111.56312,-8.0325],[111.56291,-8.03249],[111.56287,-8.03235],[111.56301,-8.0318],[111.56291,-8.03164],[111.56254,-8.0317],[111.56229,-8.03161],[111.56224,-8.03131],[111.56226,-8.03099],[111.56242,-8.03074],[111.56267,-8.03069],[111.56304,-8.03041],[111.56319,-8.03008],[111.56334,-8.02993],[111.56365,-8.02997],[111.56335,-8.03025],[111.56325,-8.03067],[111.56327,-8.03101],[111.56349,-8.03114]]]}},{"type":"Feature","properties":{"REMARK":"Permukiman dan Tempat Kegiatan"},"geometry":{"type":"Polygon","coordinates":[[[111.57915,-8.02958],[111.57908,-8.02979],[111.57896,-8.02978],[111.57885,-8.02967],[111.57886,-8.02956],[111.57895,-8.02949],[111.5791,-8.02939],[111.57928,-8.02935],[111.57935,-8.02949],[111.57929,-8.02956],[111.57915,-8.02958]]]}},{"type":"Feature","properties":{"REMARK":"Permukiman dan Tempat Kegiatan"},"geometry":{"type":"Polygon","coordinates":[[[111.57542,-8.02971],[111.57533,-8.02971],[111.57531,-8.02965],[111.57553,-8.02933],[111.57565,-8.02928],[111.57574,-8.02936],[111.57572,-8.02941],[111.57542,-8.02971]]]}},{"type":"Feature","properties":{"REMARK":"Permukiman dan Tempat Kegiatan"},"geometry":{"type":"Polygon","coordinates":[[[111.56175,-8.0293],[111.56189,-8.02961],[111.56129,-8.02952],[111.56108,-8.02955],[111.56076,-8.02987],[111.56098,-8.0299],[111.56109,-8.03006],[111.56108,-8.03028],[111.56064,-8.03054],[111.56049,-8.03049],[111.5604,-8.03016],[111.56041,-8.02986],[111.56046,-8.02976],[111.56092,-8.02932],[111.56103,-8.02926],[111.56136,-8.02918],[111.56175,-8.0293]]]}},{"type":"Feature","properties":{"REMARK":"Permukiman dan Tempat Kegiatan"},"geometry":{"type":"Polygon","coordinates":[[[111.57032,-8.03047],[111.57046,-8.03062],[111.57095,-8.03064],[111.5711,-8.03071],[111.57117,-8.03103],[111.5713,-8.03121],[111.57149,-8.03132],[111.5719,-8.03163],[111.57258,-8.03184],[111.57266,-8.03191],[111.57267,-8.03225],[111.57224,-8.03249],[111.57206,-8.03253],[111.57185,-8.03216],[111.57157,-8.0328],[111.57074,-8.03217],[111.57089,-8.03128],[111.57075,-8.03115],[111.57069,-8.03113],[111.57054,-8.03131],[111.5701,-8.03125],[111.57025,-8.03082],[111.57014,-8.03067],[111.56993,-8.03056],[111.56987,-8.03037],[111.57022,-8.02999],[111.57022,-8.02977],[111.56996,-8.02912],[111.57009,-8.02905],[111.57038,-8.02926],[111.57063,-8.0295],[111.57057,-8.02992],[111.57032,-8.03047]]]}},{"type":"Feature","properties":{"REMARK":"Permukiman dan Tempat Kegiatan"},"geometry":{"type":"Polygon","coordinates":[[[111.58069,-8.02965],[111.5804,-8.0297],[111.58024,-8.02967],[111.58018,-8.02957],[111.58032,-8.02948],[111.58029,-8.02922],[111.58038,-8.0291],[111.58085,-8.02896],[111.581,-8.02896],[111.58111,-8.0291],[111.58105,-8.02918],[111.58065,-8.02929],[111.58062,-8.02935],[111.58074,-8.02948],[111.58069,-8.02965]]]}},{"type":"Feature","properties":{"REMARK":"Permukiman dan Tempat Kegiatan"},"geometry":{"type":"Polygon","coordinates":[[[111.57671,-8.02852],[111.57724,-8.0287],[111.57742,-8.02859],[111.57759,-8.02857],[111.57771,-8.02871],[111.57762,-8.02888],[111.57757,-8.02906],[111.57797,-8.02922],[111.57806,-8.0296],[111.57824,-8.02968],[111.57838,-8.02981],[111.57847,-8.03022],[111.57793,-8.03029],[111.57773,-8.03026],[111.57742,-8.02989],[111.57727,-8.02976],[111.57694,-8.02979],[111.57643,-8.0299],[111.57621,-8.03],[111.57619,-8.03055],[111.57623,-8.0308],[111.57606,-8.03106],[111.57572,-8.03104],[111.57557,-8.03089],[111.57556,-8.03076],[111.57572,-8.03074],[111.5758,-8.0306],[111.57589,-8.03025],[111.57583,-8.0299],[111.57608,-8.02982],[111.57637,-8.02929],[111.57643,-8.02908],[111.57636,-8.02897],[111.57637,-8.02869],[111.57671,-8.02852]]]}},{"type":"Feature","properties":{"REMARK":"Permukiman dan Tempat Kegiatan"},"geometry":{"type":"Polygon","coordinates":[[[111.5798,-8.02881],[111.57963,-8.02885],[111.57947,-8.02875],[111.5796,-8.02858],[111.57975,-8.02848],[111.57981,-8.02825],[111.57998,-8.02818],[111.58005,-8.0282],[111.58015,-8.02827],[111.58024,-8.02842],[111.58021,-8.02861],[111.5798,-8.02881]]]}},{"type":"Feature","properties":{"REMARK":"Permukiman dan Tempat Kegiatan"},"geometry":{"type":"Polygon","coordinates":[[[111.56742,-8.02824],[111.56677,-8.02834],[111.56668,-8.02817],[111.56683,-8.02807],[111.56707,-8.02801],[111.56728,-8.02802],[111.56746,-8.02807],[111.56742,-8.02824]]]}},{"type":"Feature","properties":{"REMARK":"Permukiman dan Tempat Kegiatan"},"geometry":{"type":"Polygon","coordinates":[[[111.56007,-8.02994],[111.55972,-8.03013],[111.55949,-8.03011],[111.55866,-8.02924],[111.55858,-8.0284],[111.55873,-8.02798],[111.55916,-8.02783],[111.55923,-8.0285],[111.5596,-8.02901],[111.55989,-8.02925],[111.56006,-8.02945],[111.56007,-8.02994]]]}},{"type":"Feature","properties":{"REMARK":"Permukiman dan Tempat Kegiatan"},"geometry":{"type":"Polygon","coordinates":[[[111.57847,-8.02787],[111.5785,-8.02808],[111.5781,-8.02806],[111.57812,-8.02769],[111.57842,-8.0278],[111.57847,-8.02787]]]}},{"type":"Feature","properties":{"REMARK":"Permukiman dan Tempat Kegiatan"},"geometry":{"type":"Polygon","coordinates":[[[111.57682,-8.02734],[111.57663,-8.02757],[111.57655,-8.02745],[111.57652,-8.02723],[111.57665,-8.02723],[111.57682,-8.02734]]]}},{"type":"Feature","properties":{"REMARK":"Permukiman dan Tempat Kegiatan"},"geometry":{"type":"Polygon","coordinates":[[[111.56439,-8.02764],[111.56519,-8.02808],[111.5658,-8.02833],[111.56627,-8.02864],[111.56617,-8.02915],[111.5658,-8.02904],[111.56494,-8.02864],[111.56373,-8.02831],[111.5629,-8.02803],[111.56227,-8.02795],[111.56223,-8.02814],[111.56262,-8.02887],[111.56259,-8.02927],[111.56227,-8.0292],[111.56216,-8.02885],[111.56193,-8.0286],[111.56176,-8.02827],[111.56155,-8.02811],[111.56119,-8.02835],[111.56088,-8.02885],[111.56019,-8.02905],[111.56008,-8.0288],[111.5604,-8.02818],[111.56075,-8.02787],[111.56106,-8.02765],[111.56159,-8.02748],[111.56222,-8.02737],[111.56285,-8.02734],[111.56329,-8.02727],[111.56363,-8.02693],[111.56439,-8.02764]]]}},{"type":"Feature","properties":{"REMARK":"Permukiman dan Tempat Kegiatan"},"geometry":{"type":"Polygon","coordinates":[[[111.58016,-8.02622],[111.58055,-8.02636],[111.58075,-8.02652],[111.5809,-8.02707],[111.58035,-8.02717],[111.58,-8.02726],[111.57978,-8.0274],[111.57955,-8.02748],[111.57935,-8.02737],[111.57917,-8.0271],[111.57917,-8.02684],[111.57921,-8.02668],[111.5795,-8.02642],[111.57951,-8.02629],[111.57968,-8.02623],[111.57989,-8.02626],[111.58016,-8.02622]]]}},{"type":"Feature","properties":{"REMARK":"Permukiman dan Tempat Kegiatan"},"geometry":{"type":"Polygon","coordinates":[[[111.57487,-8.02659],[111.57435,-8.02665],[111.57396,-8.0264],[111.57388,-8.02621],[111.57396,-8.02606],[111.5741,-8.02602],[111.57435,-8.02603],[111.57457,-8.02609],[111.57478,-8.02622],[111.57499,-8.02639],[111.57504,-8.02646],[111.57487,-8.02659]]]}},{"type":"Feature","properties":{"REMARK":"Permukiman dan Tempat Kegiatan"},"geometry":{"type":"Polygon","coordinates":[[[111.56097,-8.025],[111.56139,-8.02512],[111.5615,-8.02554],[111.56088,-8.0259],[111.56056,-8.02634],[111.56013,-8.02686],[111.55928,-8.02724],[111.55865,-8.02738],[111.55829,-8.02733],[111.55808,-8.02684],[111.55917,-8.02614],[111.56035,-8.02546],[111.56097,-8.025]]]}},{"type":"Feature","properties":{"REMARK":"Permukiman dan Tempat Kegiatan"},"geometry":{"type":"Polygon","coordinates":[[[111.56661,-8.02571],[111.5665,-8.02577],[111.5663,-8.02558],[111.56611,-8.02526],[111.56611,-8.02499],[111.56633,-8.02492],[111.56673,-8.02525],[111.56661,-8.02571]]]}},{"type":"Feature","properties":{"REMARK":"Permukiman dan Tempat Kegiatan"},"geometry":{"type":"Polygon","coordinates":[[[111.57489,-8.02482],[111.57499,-8.02487],[111.57509,-8.02487],[111.57525,-8.02513],[111.57525,-8.02529],[111.57508,-8.02526],[111.57477,-8.02506],[111.57472,-8.02495],[111.57478,-8.02485],[111.57489,-8.02482]]]}},{"type":"Feature","properties":{"REMARK":"Permukiman dan Tempat Kegiatan"},"geometry":{"type":"Polygon","coordinates":[[[111.56496,-8.02529],[111.5648,-8.02537],[111.56466,-8.02527],[111.56461,-8.02514],[111.56475,-8.02485],[111.56495,-8.02479],[111.56506,-8.02489],[111.56508,-8.02512],[111.56496,-8.02529]]]}},{"type":"Feature","properties":{"REMARK":"Permukiman dan Tempat Kegiatan"},"geometry":{"type":"Polygon","coordinates":[[[111.56719,-8.02467],[111.56703,-8.02471],[111.56688,-8.02454],[111.56721,-8.02408],[111.56731,-8.0242],[111.56738,-8.02442],[111.56732,-8.02456],[111.56719,-8.02467]]]}},{"type":"Feature","properties":{"REMARK":"Permukiman dan Tempat Kegiatan"},"geometry":{"type":"Polygon","coordinates":[[[111.57898,-8.02603],[111.57868,-8.02615],[111.57858,-8.02601],[111.57862,-8.02584],[111.57878,-8.0258],[111.57887,-8.02572],[111.57887,-8.02544],[111.57876,-8.02497],[111.57875,-8.02469],[111.57888,-8.02451],[111.57904,-8.02416],[111.57932,-8.02408],[111.57995,-8.02407],[111.57987,-8.0246],[111.57979,-8.02465],[111.57956,-8.02489],[111.57947,-8.02514],[111.57968,-8.02565],[111.57947,-8.02577],[111.5791,-8.02582],[111.57901,-8.02594],[111.57898,-8.02603]]]}},{"type":"Feature","properties":{"REMARK":"Permukiman dan Tempat Kegiatan"},"geometry":{"type":"Polygon","coordinates":[[[111.57664,-8.02454],[111.57657,-8.02462],[111.5765,-8.02459],[111.57647,-8.02451],[111.57641,-8.02424],[111.57649,-8.02406],[111.57659,-8.02405],[111.57669,-8.0241],[111.57662,-8.02419],[111.57661,-8.0244],[111.57664,-8.02454]]]}},{"type":"Feature","properties":{"REMARK":"Permukiman dan Tempat Kegiatan"},"geometry":{"type":"Polygon","coordinates":[[[111.57306,-8.0245],[111.57305,-8.02489],[111.57297,-8.02525],[111.57306,-8.02538],[111.57324,-8.02552],[111.57334,-8.02579],[111.57339,-8.02583],[111.57343,-8.02599],[111.57328,-8.02606],[111.57313,-8.02591],[111.57291,-8.02579],[111.57272,-8.02579],[111.57269,-8.02612],[111.57288,-8.02635],[111.5729,-8.02675],[111.57274,-8.02719],[111.57231,-8.02732],[111.57224,-8.02711],[111.57253,-8.02692],[111.57258,-8.02669],[111.57255,-8.02651],[111.57251,-8.0265],[111.57228,-8.02661],[111.5721,-8.02652],[111.57185,-8.02632],[111.57164,-8.02604],[111.57168,-8.02591],[111.57184,-8.02596],[111.57209,-8.02615],[111.57223,-8.02617],[111.57217,-8.02599],[111.57242,-8.02584],[111.57187,-8.02565],[111.57169,-8.02577],[111.57153,-8.02564],[111.57142,-8.02514],[111.57155,-8.02476],[111.57187,-8.02476],[111.57193,-8.02463],[111.57184,-8.02435],[111.57187,-8.02416],[111.57196,-8.02403],[111.57251,-8.02406],[111.57276,-8.02416],[111.573,-8.02435],[111.57306,-8.0245]]]}},{"type":"Feature","properties":{"REMARK":"Permukiman dan Tempat Kegiatan"},"geometry":{"type":"Polygon","coordinates":[[[111.57418,-8.02439],[111.57383,-8.02467],[111.57361,-8.02466],[111.57359,-8.02452],[111.57372,-8.0243],[111.57411,-8.02418],[111.57443,-8.02392],[111.57443,-8.02382],[111.57452,-8.02378],[111.57472,-8.02387],[111.57441,-8.02416],[111.57433,-8.02438],[111.57418,-8.02439]]]}},{"type":"Feature","properties":{"REMARK":"Permukiman dan Tempat Kegiatan"},"geometry":{"type":"Polygon","coordinates":[[[111.58728,-8.023],[111.58681,-8.0231],[111.58666,-8.02269],[111.58669,-8.0221],[111.58684,-8.02142],[111.58707,-8.02144],[111.58736,-8.02158],[111.58781,-8.02172],[111.58742,-8.02277],[111.58728,-8.023]]]}},{"type":"Feature","properties":{"REMARK":"Permukiman dan Tempat Kegiatan"},"geometry":{"type":"Polygon","coordinates":[[[111.57469,-8.02014],[111.57453,-8.02063],[111.57483,-8.02093],[111.57483,-8.02124],[111.57437,-8.02129],[111.57394,-8.02095],[111.5738,-8.0205],[111.57397,-8.02042],[111.57418,-8.02043],[111.57448,-8.01992],[111.57471,-8.01963],[111.57476,-8.0198],[111.57469,-8.02014]]]}},{"type":"Feature","properties":{"REMARK":"Permukiman dan Tempat Kegiatan"},"geometry":{"type":"Polygon","coordinates":[[[111.58839,-8.02034],[111.58807,-8.0205],[111.58784,-8.02026],[111.58776,-8.01972],[111.58797,-8.01891],[111.58807,-8.01886],[111.58834,-8.01899],[111.58851,-8.01925],[111.58839,-8.02034]]]}},{"type":"Feature","properties":{"REMARK":"Permukiman dan Tempat Kegiatan"},"geometry":{"type":"Polygon","coordinates":[[[111.57479,-8.03187],[111.57488,-8.03209],[111.57526,-8.03201],[111.57562,-8.03205],[111.57569,-8.03208],[111.57575,-8.03217],[111.57577,-8.03228],[111.57575,-8.03217],[111.57569,-8.03208],[111.57562,-8.03206],[111.57526,-8.03202],[111.57449,-8.03217],[111.57439,-8.03213],[111.57437,-8.03201],[111.57456,-8.03165],[111.57467,-8.03173],[111.57479,-8.03187]]]}},{"type":"Feature","properties":{"REMARK":"Permukiman dan Tempat Kegiatan"},"geometry":{"type":"Polygon","coordinates":[[[111.60302,-8.01586],[111.60263,-8.01659],[111.60169,-8.01702],[111.60135,-8.01686],[111.6013,-8.01635],[111.60153,-8.01563],[111.60182,-8.01588],[111.60175,-8.01642],[111.60225,-8.01628],[111.60283,-8.01563],[111.60313,-8.01499],[111.60319,-8.01458],[111.60288,-8.01425],[111.60296,-8.01378],[111.60328,-8.01356],[111.60408,-8.01334],[111.60447,-8.01336],[111.60476,-8.01365],[111.60462,-8.01389],[111.60386,-8.01412],[111.60365,-8.01452],[111.60352,-8.01505],[111.60302,-8.01586]]]}},{"type":"Feature","properties":{"REMARK":"Permukiman dan Tempat Kegiatan"},"geometry":{"type":"Polygon","coordinates":[[[111.59975,-8.01391],[111.59933,-8.01407],[111.59908,-8.01398],[111.59882,-8.01393],[111.59873,-8.01355],[111.59872,-8.01323],[111.59913,-8.01313],[111.59946,-8.0129],[111.5997,-8.01285],[111.60007,-8.01301],[111.60011,-8.01336],[111.6,-8.01368],[111.59975,-8.01391]]]}},{"type":"Feature","properties":{"REMARK":"Permukiman dan Tempat Kegiatan"},"geometry":{"type":"Polygon","coordinates":[[[111.60402,-8.0122],[111.6037,-8.01248],[111.60324,-8.01261],[111.60318,-8.01292],[111.60275,-8.0131],[111.6017,-8.01332],[111.60168,-8.01379],[111.60147,-8.01398],[111.6011,-8.01405],[111.60086,-8.01399],[111.60064,-8.01356],[111.60074,-8.01341],[111.60123,-8.01321],[111.60143,-8.0131],[111.60152,-8.01296],[111.60171,-8.01285],[111.60194,-8.01283],[111.60233,-8.01271],[111.60258,-8.0124],[111.60265,-8.01215],[111.60297,-8.01216],[111.60308,-8.01237],[111.60346,-8.01231],[111.6037,-8.01199],[111.60402,-8.01199],[111.60402,-8.0122]]]}},{"type":"Feature","properties":{"REMARK":"Permukiman dan Tempat Kegiatan"},"geometry":{"type":"Polygon","coordinates":[[[111.57783,-8.01269],[111.57806,-8.01289],[111.57802,-8.01336],[111.57806,-8.01393],[111.57826,-8.01457],[111.57822,-8.01467],[111.57792,-8.0149],[111.5774,-8.01298],[111.57701,-8.01272],[111.57673,-8.01273],[111.57676,-8.0124],[111.57732,-8.01199],[111.57754,-8.01152],[111.57779,-8.01122],[111.57785,-8.01102],[111.57816,-8.0113],[111.57785,-8.01189],[111.57779,-8.0123],[111.57783,-8.01269]]]}},{"type":"Feature","properties":{"REMARK":"Permukiman dan Tempat Kegiatan"},"geometry":{"type":"Polygon","coordinates":[[[111.59633,-8.01216],[111.59591,-8.0122],[111.59582,-8.01182],[111.59542,-8.01169],[111.59494,-8.01141],[111.595,-8.01098],[111.59523,-8.01094],[111.59565,-8.01113],[111.596,-8.01121],[111.59636,-8.01151],[111.59633,-8.01216]]]}},{"type":"Feature","properties":{"REMARK":"Permukiman dan Tempat Kegiatan"},"geometry":{"type":"Polygon","coordinates":[[[111.59553,-8.00889],[111.59537,-8.00914],[111.59515,-8.00912],[111.59493,-8.00896],[111.5948,-8.00873],[111.59497,-8.00837],[111.59511,-8.00824],[111.5953,-8.00829],[111.59544,-8.00847],[111.59553,-8.00868],[111.59553,-8.00889]]]}},{"type":"Feature","properties":{"REMARK":"Permukiman dan Tempat Kegiatan"},"geometry":{"type":"Polygon","coordinates":[[[111.59795,-8.00861],[111.59823,-8.00905],[111.59838,-8.00956],[111.59826,-8.00994],[111.598,-8.00979],[111.59781,-8.00929],[111.59741,-8.00899],[111.59682,-8.00895],[111.59691,-8.00923],[111.59657,-8.00968],[111.59632,-8.00993],[111.59707,-8.01021],[111.59732,-8.01037],[111.59723,-8.01078],[111.59671,-8.01062],[111.59639,-8.01037],[111.59608,-8.0106],[111.59565,-8.01045],[111.59557,-8.01028],[111.59563,-8.00978],[111.59584,-8.00969],[111.59622,-8.00924],[111.59668,-8.00804],[111.59671,-8.00764],[111.59691,-8.00755],[111.59734,-8.00765],[111.59787,-8.00789],[111.59752,-8.00807],[111.59734,-8.00826],[111.59744,-8.00842],[111.59764,-8.00861],[111.59795,-8.00861]]]}},{"type":"Feature","properties":{"REMARK":"Permukiman dan Tempat Kegiatan"},"geometry":{"type":"Polygon","coordinates":[[[111.59872,-8.008],[111.59863,-8.00804],[111.59841,-8.00794],[111.59842,-8.00762],[111.59853,-8.00741],[111.59867,-8.00749],[111.59872,-8.008]]]}},{"type":"Feature","properties":{"REMARK":"Permukiman dan Tempat Kegiatan"},"geometry":{"type":"Polygon","coordinates":[[[111.57707,-8.00868],[111.5772,-8.00924],[111.57755,-8.00999],[111.57742,-8.01019],[111.57722,-8.01097],[111.57682,-8.01141],[111.57669,-8.01122],[111.57679,-8.01078],[111.57699,-8.01026],[111.57697,-8.00995],[111.57666,-8.0096],[111.57649,-8.00917],[111.57622,-8.00889],[111.57546,-8.0091],[111.57535,-8.00872],[111.57552,-8.00806],[111.57592,-8.00722],[111.57624,-8.00673],[111.57645,-8.00669],[111.5766,-8.00681],[111.57662,-8.00697],[111.57653,-8.00728],[111.57626,-8.00768],[111.57642,-8.00807],[111.57684,-8.00838],[111.57707,-8.00868]]]}},{"type":"Feature","properties":{"REMARK":"Permukiman dan Tempat Kegiatan"},"geometry":{"type":"Polygon","coordinates":[[[111.5852,-8.00728],[111.585,-8.00756],[111.58468,-8.00747],[111.58413,-8.0074],[111.58364,-8.00746],[111.58332,-8.00747],[111.58295,-8.00714],[111.58304,-8.00705],[111.58406,-8.0069],[111.58439,-8.00659],[111.5843,-8.00624],[111.58447,-8.00607],[111.58463,-8.00612],[111.58505,-8.00635],[111.58556,-8.00668],[111.5853,-8.00697],[111.5852,-8.00728]]]}},{"type":"Feature","properties":{"REMARK":"Permukiman dan Tempat Kegiatan"},"geometry":{"type":"Polygon","coordinates":[[[111.59863,-8.00464],[111.599,-8.0049],[111.59906,-8.00505],[111.59899,-8.00521],[111.59926,-8.00553],[111.5993,-8.00576],[111.59926,-8.00628],[111.59918,-8.00647],[111.59912,-8.00681],[111.59897,-8.00691],[111.59875,-8.00686],[111.59862,-8.00679],[111.59816,-8.00689],[111.59791,-8.00683],[111.5977,-8.0066],[111.59751,-8.00647],[111.59738,-8.00644],[111.59664,-8.00658],[111.59632,-8.00676],[111.59618,-8.00654],[111.59625,-8.00641],[111.59621,-8.00608],[111.59628,-8.00594],[111.59649,-8.006],[111.59689,-8.00623],[111.59714,-8.00625],[111.59741,-8.00612],[111.5976,-8.00597],[111.59751,-8.00573],[111.59715,-8.00535],[111.59721,-8.00507],[111.59741,-8.00494],[111.59765,-8.00495],[111.59776,-8.0052],[111.59798,-8.0053],[111.5982,-8.00585],[111.59834,-8.00604],[111.59864,-8.00615],[111.59894,-8.00616],[111.59891,-8.00556],[111.5988,-8.00533],[111.59844,-8.0052],[111.59831,-8.00531],[111.59803,-8.00513],[111.59795,-8.00497],[111.59766,-8.00473],[111.59777,-8.00459],[111.59812,-8.00462],[111.59834,-8.00469],[111.5984,-8.00455],[111.59863,-8.00464]]]}},{"type":"Feature","properties":{"REMARK":"Permukiman dan Tempat Kegiatan"},"geometry":{"type":"Polygon","coordinates":[[[111.59894,-8.00438],[111.59952,-8.00457],[111.59964,-8.00454],[111.59979,-8.00468],[111.59954,-8.00478],[111.59954,-8.00485],[111.59976,-8.00505],[111.60001,-8.00521],[111.60003,-8.00576],[111.59976,-8.00558],[111.59975,-8.00538],[111.59939,-8.00499],[111.59929,-8.00483],[111.59882,-8.00451],[111.59894,-8.00438]]]}},{"type":"Feature","properties":{"REMARK":"Permukiman dan Tempat Kegiatan"},"geometry":{"type":"Polygon","coordinates":[[[111.58234,-8.00548],[111.58212,-8.00564],[111.58202,-8.00549],[111.58219,-8.00521],[111.58257,-8.00507],[111.58285,-8.00483],[111.58312,-8.00428],[111.58332,-8.00421],[111.58384,-8.00434],[111.58379,-8.00459],[111.58351,-8.00478],[111.58311,-8.00497],[111.58283,-8.00526],[111.58234,-8.00548]]]}},{"type":"Feature","properties":{"REMARK":"Permukiman dan Tempat Kegiatan"},"geometry":{"type":"Polygon","coordinates":[[[111.58569,-8.00123],[111.58547,-8.00132],[111.58498,-8.00099],[111.58463,-8.00062],[111.58451,-8.0002],[111.58455,-7.99987],[111.58474,-7.99973],[111.58496,-7.9999],[111.58523,-8.00025],[111.58562,-8.00067],[111.58569,-8.00123]]]}},{"type":"Feature","properties":{"REMARK":"Permukiman dan Tempat Kegiatan"},"geometry":{"type":"Polygon","coordinates":[[[111.61432,-7.9965],[111.61395,-7.99653],[111.61382,-7.99641],[111.61379,-7.99624],[111.61416,-7.99604],[111.61434,-7.9961],[111.61446,-7.99618],[111.61446,-7.99643],[111.61432,-7.9965]]]}},{"type":"Feature","properties":{"REMARK":"Permukiman dan Tempat Kegiatan"},"geometry":{"type":"Polygon","coordinates":[[[111.61611,-7.99626],[111.6157,-7.99644],[111.61537,-7.99642],[111.61537,-7.99621],[111.61553,-7.99608],[111.61628,-7.99592],[111.61636,-7.99608],[111.61611,-7.99626]]]}},{"type":"Feature","properties":{"REMARK":"Permukiman dan Tempat Kegiatan"},"geometry":{"type":"Polygon","coordinates":[[[111.57911,-7.99532],[111.57899,-7.99539],[111.57876,-7.99536],[111.57875,-7.9953],[111.57896,-7.99521],[111.57906,-7.99521],[111.57911,-7.99532]]]}},{"type":"Feature","properties":{"REMARK":"Permukiman dan Tempat Kegiatan"},"geometry":{"type":"Polygon","coordinates":[[[111.57802,-7.99554],[111.57785,-7.99563],[111.57761,-7.99558],[111.57748,-7.99529],[111.57748,-7.99516],[111.57764,-7.99517],[111.57782,-7.99529],[111.57794,-7.9954],[111.57802,-7.99554]]]}},{"type":"Feature","properties":{"REMARK":"Permukiman dan Tempat Kegiatan"},"geometry":{"type":"Polygon","coordinates":[[[111.57861,-7.99496],[111.57829,-7.99497],[111.57826,-7.99488],[111.57846,-7.99468],[111.57896,-7.99456],[111.57907,-7.99457],[111.57907,-7.99483],[111.57861,-7.99496]]]}},{"type":"Feature","properties":{"REMARK":"Permukiman dan Tempat Kegiatan"},"geometry":{"type":"Polygon","coordinates":[[[111.59588,-7.99399],[111.59596,-7.99416],[111.59614,-7.99415],[111.59627,-7.99406],[111.59619,-7.99373],[111.59624,-7.99345],[111.59636,-7.99321],[111.59645,-7.99317],[111.59676,-7.99328],[111.59672,-7.99347],[111.59688,-7.99353],[111.59768,-7.99352],[111.59785,-7.99368],[111.5977,-7.99379],[111.5968,-7.99375],[111.59655,-7.99392],[111.59667,-7.99421],[111.59667,-7.99439],[111.59637,-7.99444],[111.59608,-7.99431],[111.59598,-7.99446],[111.59557,-7.99446],[111.59531,-7.99437],[111.59546,-7.99401],[111.59558,-7.99335],[111.59568,-7.99306],[111.59585,-7.99311],[111.5958,-7.99324],[111.59587,-7.99338],[111.59583,-7.99376],[111.59588,-7.99399]]]}},{"type":"Feature","properties":{"REMARK":"Permukiman dan Tempat Kegiatan"},"geometry":{"type":"Polygon","coordinates":[[[111.58373,-7.99222],[111.58386,-7.9923],[111.58434,-7.99229],[111.58476,-7.99233],[111.58497,-7.99246],[111.58537,-7.99263],[111.58525,-7.99281],[111.58455,-7.99271],[111.58425,-7.99274],[111.5839,-7.99271],[111.58374,-7.9926],[111.58349,-7.99231],[111.58346,-7.99202],[111.5836,-7.99199],[111.58373,-7.99222]]]}},{"type":"Feature","properties":{"REMARK":"Permukiman dan Tempat Kegiatan"},"geometry":{"type":"Polygon","coordinates":[[[111.62474,-7.95347],[111.62474,-7.95407],[111.6246,-7.95404],[111.62455,-7.95398],[111.62445,-7.95405],[111.62415,-7.95392],[111.6241,-7.95394],[111.62403,-7.95411],[111.62388,-7.9541],[111.62378,-7.95404],[111.62379,-7.95385],[111.62395,-7.95356],[111.6241,-7.95345],[111.62417,-7.95332],[111.62417,-7.95277],[111.62449,-7.95273],[111.62452,-7.95265],[111.62462,-7.95266],[111.62498,-7.95278],[111.625,-7.95282],[111.62498,-7.95306],[111.62474,-7.95347]]]}},{"type":"Feature","properties":{"REMARK":"Permukiman dan Tempat Kegiatan"},"geometry":{"type":"Polygon","coordinates":[[[111.62362,-7.95101],[111.62344,-7.95096],[111.6235,-7.95088],[111.62363,-7.9508],[111.62386,-7.9508],[111.62425,-7.95074],[111.62444,-7.95068],[111.62458,-7.9506],[111.62473,-7.95034],[111.62487,-7.95027],[111.62513,-7.95038],[111.62496,-7.95067],[111.62487,-7.95097],[111.62461,-7.95114],[111.62431,-7.95117],[111.62424,-7.95143],[111.6237,-7.95127],[111.62358,-7.9512],[111.62362,-7.95101]]]}},{"type":"Feature","properties":{"REMARK":"Permukiman dan Tempat Kegiatan"},"geometry":{"type":"Polygon","coordinates":[[[111.62563,-7.94982],[111.62506,-7.95001],[111.62487,-7.95013],[111.62461,-7.95008],[111.62446,-7.94994],[111.62439,-7.95003],[111.62435,-7.95005],[111.62461,-7.94976],[111.62463,-7.94953],[111.62515,-7.94942],[111.62542,-7.94944],[111.62563,-7.94951],[111.62563,-7.94982]]]}},{"type":"Feature","properties":{"REMARK":"Permukiman dan Tempat Kegiatan"},"geometry":{"type":"Polygon","coordinates":[[[111.63193,-7.97199],[111.6318,-7.97206],[111.63169,-7.972],[111.63167,-7.97195],[111.63171,-7.97111],[111.63176,-7.97082],[111.63187,-7.97076],[111.63203,-7.97087],[111.63218,-7.97108],[111.63193,-7.97199]]]}},{"type":"Feature","properties":{"REMARK":"Permukiman dan Tempat Kegiatan"},"geometry":{"type":"Polygon","coordinates":[[[111.63307,-7.97138],[111.63286,-7.97144],[111.63275,-7.97126],[111.6328,-7.97113],[111.63289,-7.9711],[111.63302,-7.97118],[111.63347,-7.9712],[111.63342,-7.97138],[111.63307,-7.97138]]]}},{"type":"Feature","properties":{"REMARK":"Permukiman dan Tempat Kegiatan"},"geometry":{"type":"Polygon","coordinates":[[[111.63316,-7.97065],[111.63307,-7.97069],[111.63293,-7.97069],[111.6328,-7.97057],[111.63287,-7.97036],[111.63327,-7.97032],[111.63316,-7.97065]]]}},{"type":"Feature","properties":{"REMARK":"Permukiman dan Tempat Kegiatan"},"geometry":{"type":"Polygon","coordinates":[[[111.65309,-7.96845],[111.65307,-7.96868],[111.65279,-7.96872],[111.65278,-7.96895],[111.65267,-7.96915],[111.6524,-7.96937],[111.65208,-7.96952],[111.65187,-7.96958],[111.65164,-7.96951],[111.65169,-7.96931],[111.65199,-7.96925],[111.65239,-7.96926],[111.65237,-7.96902],[111.6524,-7.96845],[111.65278,-7.96846],[111.65279,-7.96849],[111.65302,-7.9684],[111.65309,-7.96845]]]}},{"type":"Feature","properties":{"REMARK":"Permukiman dan Tempat Kegiatan"},"geometry":{"type":"Polygon","coordinates":[[[111.65113,-7.9688],[111.65122,-7.96947],[111.65132,-7.96987],[111.65134,-7.97015],[111.65098,-7.9703],[111.65106,-7.97069],[111.65082,-7.97078],[111.65056,-7.97034],[111.6505,-7.97005],[111.65057,-7.96994],[111.65091,-7.9698],[111.65089,-7.96951],[111.65083,-7.96934],[111.65044,-7.96931],[111.65,-7.96922],[111.64989,-7.96927],[111.64982,-7.96944],[111.64951,-7.96944],[111.64915,-7.9693],[111.64916,-7.96895],[111.64927,-7.96889],[111.64975,-7.96882],[111.65006,-7.96886],[111.65103,-7.96867],[111.65113,-7.9688]]]}},{"type":"Feature","properties":{"REMARK":"Permukiman dan Tempat Kegiatan"},"geometry":{"type":"Polygon","coordinates":[[[111.65101,-7.96714],[111.64981,-7.96719],[111.64976,-7.96701],[111.65002,-7.96692],[111.65071,-7.96686],[111.65109,-7.96686],[111.65101,-7.96714]]]}},{"type":"Feature","properties":{"REMARK":"Permukiman dan Tempat Kegiatan"},"geometry":{"type":"Polygon","coordinates":[[[111.64864,-7.96741],[111.64802,-7.96776],[111.64773,-7.96755],[111.64754,-7.96731],[111.64768,-7.96678],[111.64773,-7.96639],[111.64771,-7.96614],[111.64739,-7.96601],[111.64743,-7.96583],[111.64777,-7.96594],[111.64813,-7.96601],[111.64809,-7.96631],[111.64795,-7.96666],[111.64808,-7.96686],[111.64845,-7.96703],[111.64864,-7.96741]]]}},{"type":"Feature","properties":{"REMARK":"Permukiman dan Tempat Kegiatan"},"geometry":{"type":"Polygon","coordinates":[[[111.64679,-7.96505],[111.64653,-7.96569],[111.64604,-7.96606],[111.64555,-7.966],[111.64507,-7.96567],[111.64458,-7.96587],[111.64447,-7.96573],[111.64474,-7.96536],[111.64498,-7.96531],[111.6456,-7.96532],[111.64589,-7.96553],[111.64612,-7.96543],[111.64632,-7.96488],[111.6464,-7.96441],[111.64651,-7.96407],[111.64684,-7.96413],[111.64679,-7.96505]]]}},{"type":"Feature","properties":{"REMARK":"Permukiman dan Tempat Kegiatan"},"geometry":{"type":"Polygon","coordinates":[[[111.64361,-7.96363],[111.64346,-7.96369],[111.64309,-7.96352],[111.64312,-7.96333],[111.64334,-7.96324],[111.6436,-7.96324],[111.64361,-7.96363]]]}},{"type":"Feature","properties":{"REMARK":"Permukiman dan Tempat Kegiatan"},"geometry":{"type":"Polygon","coordinates":[[[111.63716,-7.96789],[111.63684,-7.9681],[111.63628,-7.96799],[111.63611,-7.96817],[111.63626,-7.96865],[111.63695,-7.96887],[111.63712,-7.96902],[111.63702,-7.96931],[111.63665,-7.96927],[111.63659,-7.96967],[111.63693,-7.96979],[111.63724,-7.97042],[111.63705,-7.97059],[111.63673,-7.97064],[111.63637,-7.97084],[111.63621,-7.97085],[111.63568,-7.97046],[111.63563,-7.96979],[111.63537,-7.96921],[111.63549,-7.9687],[111.6357,-7.96814],[111.63587,-7.96742],[111.63587,-7.96722],[111.63621,-7.96705],[111.63655,-7.96681],[111.63681,-7.96693],[111.63729,-7.96724],[111.63716,-7.96789]]]}},{"type":"Feature","properties":{"REMARK":"Permukiman dan Tempat Kegiatan"},"geometry":{"type":"Polygon","coordinates":[[[111.63358,-7.97154],[111.63382,-7.97167],[111.63456,-7.97157],[111.63496,-7.97155],[111.63535,-7.9718],[111.63501,-7.97197],[111.63463,-7.9721],[111.63377,-7.97217],[111.63329,-7.97202],[111.63326,-7.97181],[111.63342,-7.97154],[111.63358,-7.97154]]]}},{"type":"Feature","properties":{"REMARK":"Permukiman dan Tempat Kegiatan"},"geometry":{"type":"Polygon","coordinates":[[[111.63471,-7.96194],[111.6352,-7.96204],[111.6352,-7.96231],[111.63501,-7.96234],[111.63476,-7.96226],[111.63431,-7.96224],[111.63418,-7.96205],[111.63417,-7.96196],[111.63471,-7.96194]]]}},{"type":"Feature","properties":{"REMARK":"Permukiman dan Tempat Kegiatan"},"geometry":{"type":"Polygon","coordinates":[[[111.63404,-7.96121],[111.63395,-7.96126],[111.63373,-7.96108],[111.63356,-7.96078],[111.63367,-7.9602],[111.6338,-7.96019],[111.63387,-7.96029],[111.6338,-7.96036],[111.63374,-7.9606],[111.63378,-7.9609],[111.63406,-7.96102],[111.63404,-7.96121]]]}},{"type":"Feature","properties":{"REMARK":"Permukiman dan Tempat Kegiatan"},"geometry":{"type":"Polygon","coordinates":[[[111.63334,-7.95951],[111.63317,-7.95977],[111.63284,-7.95975],[111.63259,-7.95981],[111.63275,-7.96006],[111.63276,-7.96034],[111.63264,-7.96058],[111.63271,-7.96086],[111.63266,-7.96114],[111.63202,-7.96147],[111.6316,-7.96155],[111.63139,-7.96151],[111.63116,-7.96139],[111.63119,-7.96117],[111.63147,-7.96102],[111.63188,-7.96099],[111.63226,-7.96089],[111.63209,-7.96037],[111.63239,-7.96024],[111.63231,-7.96011],[111.63194,-7.96025],[111.63172,-7.9599],[111.63162,-7.95947],[111.63168,-7.95922],[111.63184,-7.95913],[111.63226,-7.95903],[111.63271,-7.95898],[111.63325,-7.95899],[111.63334,-7.95951]]]}},{"type":"Feature","properties":{"REMARK":"Permukiman dan Tempat Kegiatan"},"geometry":{"type":"Polygon","coordinates":[[[111.63761,-7.98617],[111.63765,-7.98659],[111.63759,-7.9871],[111.63763,-7.98759],[111.63743,-7.98758],[111.6374,-7.98715],[111.63745,-7.98691],[111.63745,-7.9866],[111.63712,-7.98655],[111.63713,-7.98631],[111.63739,-7.98639],[111.63744,-7.98583],[111.63762,-7.98587],[111.63761,-7.98617]]]}},{"type":"Feature","properties":{"REMARK":"Permukiman dan Tempat Kegiatan"},"geometry":{"type":"Polygon","coordinates":[[[111.64213,-7.97386],[111.64226,-7.97412],[111.64216,-7.97414],[111.642,-7.97403],[111.64191,-7.97424],[111.64177,-7.97421],[111.64186,-7.97399],[111.64161,-7.97392],[111.64168,-7.97371],[111.64182,-7.97379],[111.642,-7.9738],[111.64213,-7.97386]]]}},{"type":"Feature","properties":{"REMARK":"Permukiman dan Tempat Kegiatan"},"geometry":{"type":"Polygon","coordinates":[[[111.60229,-7.96483],[111.60158,-7.96492],[111.60137,-7.96469],[111.60188,-7.96426],[111.60173,-7.96401],[111.60179,-7.96394],[111.60206,-7.96371],[111.60286,-7.96335],[111.60318,-7.96312],[111.60377,-7.96337],[111.60369,-7.96343],[111.60366,-7.96374],[111.6028,-7.96449],[111.60229,-7.96483]]]}},{"type":"Feature","properties":{"REMARK":"Permukiman dan Tempat Kegiatan"},"geometry":{"type":"Polygon","coordinates":[[[111.60687,-7.95445],[111.60738,-7.95452],[111.60735,-7.9544],[111.60788,-7.95425],[111.60853,-7.95397],[111.60906,-7.95395],[111.60948,-7.95436],[111.60988,-7.9549],[111.61047,-7.95558],[111.6097,-7.95584],[111.6096,-7.95593],[111.6094,-7.95619],[111.60951,-7.95655],[111.60939,-7.95723],[111.60916,-7.95747],[111.60891,-7.95765],[111.60846,-7.95816],[111.6079,-7.95869],[111.60768,-7.95848],[111.60756,-7.95804],[111.60771,-7.95791],[111.60756,-7.95773],[111.60842,-7.95629],[111.60909,-7.95591],[111.60856,-7.95526],[111.60773,-7.95527],[111.60744,-7.95655],[111.60719,-7.95654],[111.60677,-7.95615],[111.60636,-7.95602],[111.6061,-7.95644],[111.60583,-7.95656],[111.60489,-7.95679],[111.60418,-7.95664],[111.60381,-7.95692],[111.60359,-7.9567],[111.60298,-7.95655],[111.60335,-7.95562],[111.60356,-7.95496],[111.60374,-7.95413],[111.60425,-7.95395],[111.60472,-7.95386],[111.60469,-7.95353],[111.60521,-7.95369],[111.60687,-7.95445]]]}}]}