{"type":"FeatureCollection","features":[{"type":"Feature","properties":{"REMARK":"Gedung/Bangunan"},"geometry":{"type":"Point","coordinates":[111.63512,-7.95641]}},{"type":"Feature","properties":{"REMARK":"Gedung/Bangunan"},"geometry":{"type":"Point","coordinates":[111.63499,-7.95643]}},{"type":"Feature","properties":{"REMARK":"Gedung/Bangunan"},"geometry":{"type":"Point","coordinates":[111.63488,-7.95652]}},{"type":"Feature","properties":{"REMARK":"Gedung/Bangunan"},"geometry":{"type":"Point","coordinates":[111.63473,-7.95659]}},{"type":"Feature","properties":{"REMARK":"Gedung/Bangunan"},"geometry":{"type":"Point","coordinates":[111.63621,-7.9571]}},{"type":"Feature","properties":{"REMARK":"Gedung/Bangunan"},"geometry":{"type":"Point","coordinates":[111.63419,-7.95711]}},{"type":"Feature","properties":{"REMARK":"Gedung/Bangunan"},"geometry":{"type":"Point","coordinates":[111.63406,-7.95721]}},{"type":"Feature","properties":{"REMARK":"Gedung/Bangunan"},"geometry":{"type":"Point","coordinates":[111.63599,-7.95728]}},{"type":"Feature","properties":{"REMARK":"Gedung/Bangunan"},"geometry":{"type":"Point","coordinates":[111.63843,-7.95765]}},{"type":"Feature","properties":{"REMARK":"Gedung/Bangunan"},"geometry":{"type":"Point","coordinates":[111.6251,-7.95795]}},{"type":"Feature","properties":{"REMARK":"Gedung/Bangunan"},"geometry":{"type":"Point","coordinates":[111.63651,-7.95794]}},{"type":"Feature","properties":{"REMARK":"Gedung/Bangunan"},"geometry":{"type":"Point","coordinates":[111.62509,-7.95803]}},{"type":"Feature","properties":{"REMARK":"Gedung/Bangunan"},"geometry":{"type":"Point","coordinates":[111.62509,-7.95856]}},{"type":"Feature","properties":{"REMARK":"Gedung/Bangunan"},"geometry":{"type":"Point","coordinates":[111.62512,-7.95864]}},{"type":"Feature","properties":{"REMARK":"Gedung/Bangunan"},"geometry":{"type":"Point","coordinates":[111.63293,-7.95929]}},{"type":"Feature","properties":{"REMARK":"Gedung/Bangunan"},"geometry":{"type":"Point","coordinates":[111.63309,-7.95929]}},{"type":"Feature","properties":{"REMARK":"Gedung/Bangunan"},"geometry":{"type":"Point","coordinates":[111.63286,-7.95932]}},{"type":"Feature","properties":{"REMARK":"Gedung/Bangunan"},"geometry":{"type":"Point","coordinates":[111.62591,-7.95959]}},{"type":"Feature","properties":{"REMARK":"Gedung/Bangunan"},"geometry":{"type":"Point","coordinates":[111.62598,-7.95961]}},{"type":"Feature","properties":{"REMARK":"Gedung/Bangunan"},"geometry":{"type":"Point","coordinates":[111.63267,-7.95969]}},{"type":"Feature","properties":{"REMARK":"Gedung/Bangunan"},"geometry":{"type":"Point","coordinates":[111.63176,-7.95982]}},{"type":"Feature","properties":{"REMARK":"Gedung/Bangunan"},"geometry":{"type":"Point","coordinates":[111.63205,-7.95992]}},{"type":"Feature","properties":{"REMARK":"Gedung/Bangunan"},"geometry":{"type":"Point","coordinates":[111.63193,-7.96]}},{"type":"Feature","properties":{"REMARK":"Gedung/Bangunan"},"geometry":{"type":"Point","coordinates":[111.63184,-7.96012]}},{"type":"Feature","properties":{"REMARK":"Gedung/Bangunan"},"geometry":{"type":"Point","coordinates":[111.6337,-7.96037]}},{"type":"Feature","properties":{"REMARK":"Gedung/Bangunan"},"geometry":{"type":"Point","coordinates":[111.63229,-7.96046]}},{"type":"Feature","properties":{"REMARK":"Gedung/Bangunan"},"geometry":{"type":"Point","coordinates":[111.63211,-7.96056]}},{"type":"Feature","properties":{"REMARK":"Gedung/Bangunan"},"geometry":{"type":"Point","coordinates":[111.63361,-7.96062]}},{"type":"Feature","properties":{"REMARK":"Gedung/Bangunan"},"geometry":{"type":"Point","coordinates":[111.6444,-7.96087]}},{"type":"Feature","properties":{"REMARK":"Gedung/Bangunan"},"geometry":{"type":"Point","coordinates":[111.64391,-7.96102]}},{"type":"Feature","properties":{"REMARK":"Gedung/Bangunan"},"geometry":{"type":"Point","coordinates":[111.63192,-7.96106]}},{"type":"Feature","properties":{"REMARK":"Gedung/Bangunan"},"geometry":{"type":"Point","coordinates":[111.63197,-7.96116]}},{"type":"Feature","properties":{"REMARK":"Gedung/Bangunan"},"geometry":{"type":"Point","coordinates":[111.63188,-7.96124]}},{"type":"Feature","properties":{"REMARK":"Gedung/Bangunan"},"geometry":{"type":"Point","coordinates":[111.63173,-7.96134]}},{"type":"Feature","properties":{"REMARK":"Gedung/Bangunan"},"geometry":{"type":"Point","coordinates":[111.63153,-7.96183]}},{"type":"Feature","properties":{"REMARK":"Gedung/Bangunan"},"geometry":{"type":"Point","coordinates":[111.63904,-7.96189]}},{"type":"Feature","properties":{"REMARK":"Gedung/Bangunan"},"geometry":{"type":"Point","coordinates":[111.6383,-7.96204]}},{"type":"Feature","properties":{"REMARK":"Gedung/Bangunan"},"geometry":{"type":"Point","coordinates":[111.63433,-7.96212]}},{"type":"Feature","properties":{"REMARK":"Gedung/Bangunan"},"geometry":{"type":"Point","coordinates":[111.63477,-7.96215]}},{"type":"Feature","properties":{"REMARK":"Gedung/Bangunan"},"geometry":{"type":"Point","coordinates":[111.63464,-7.96221]}},{"type":"Feature","properties":{"REMARK":"Gedung/Bangunan"},"geometry":{"type":"Point","coordinates":[111.64593,-7.96304]}},{"type":"Feature","properties":{"REMARK":"Gedung/Bangunan"},"geometry":{"type":"Point","coordinates":[111.64066,-7.96317]}},{"type":"Feature","properties":{"REMARK":"Gedung/Bangunan"},"geometry":{"type":"Point","coordinates":[111.63836,-7.96318]}},{"type":"Feature","properties":{"REMARK":"Gedung/Bangunan"},"geometry":{"type":"Point","coordinates":[111.6454,-7.9635]}},{"type":"Feature","properties":{"REMARK":"Gedung/Bangunan"},"geometry":{"type":"Point","coordinates":[111.64776,-7.96408]}},{"type":"Feature","properties":{"REMARK":"Gedung/Bangunan"},"geometry":{"type":"Point","coordinates":[111.64538,-7.96415]}},{"type":"Feature","properties":{"REMARK":"Gedung/Bangunan"},"geometry":{"type":"Point","coordinates":[111.64773,-7.96418]}},{"type":"Feature","properties":{"REMARK":"Gedung/Bangunan"},"geometry":{"type":"Point","coordinates":[111.65006,-7.96419]}},{"type":"Feature","properties":{"REMARK":"Gedung/Bangunan"},"geometry":{"type":"Point","coordinates":[111.63951,-7.96426]}},{"type":"Feature","properties":{"REMARK":"Gedung/Bangunan"},"geometry":{"type":"Point","coordinates":[111.6473,-7.96442]}},{"type":"Feature","properties":{"REMARK":"Gedung/Bangunan"},"geometry":{"type":"Point","coordinates":[111.63964,-7.96501]}},{"type":"Feature","properties":{"REMARK":"Gedung/Bangunan"},"geometry":{"type":"Point","coordinates":[111.64464,-7.96501]}},{"type":"Feature","properties":{"REMARK":"Gedung/Bangunan"},"geometry":{"type":"Point","coordinates":[111.64464,-7.96514]}},{"type":"Feature","properties":{"REMARK":"Gedung/Bangunan"},"geometry":{"type":"Point","coordinates":[111.64643,-7.96522]}},{"type":"Feature","properties":{"REMARK":"Gedung/Bangunan"},"geometry":{"type":"Point","coordinates":[111.64637,-7.96536]}},{"type":"Feature","properties":{"REMARK":"Gedung/Bangunan"},"geometry":{"type":"Point","coordinates":[111.64899,-7.96539]}},{"type":"Feature","properties":{"REMARK":"Gedung/Bangunan"},"geometry":{"type":"Point","coordinates":[111.63084,-7.96557]}},{"type":"Feature","properties":{"REMARK":"Gedung/Bangunan"},"geometry":{"type":"Point","coordinates":[111.64892,-7.96565]}},{"type":"Feature","properties":{"REMARK":"Gedung/Bangunan"},"geometry":{"type":"Point","coordinates":[111.64835,-7.96573]}},{"type":"Feature","properties":{"REMARK":"Gedung/Bangunan"},"geometry":{"type":"Point","coordinates":[111.63601,-7.96581]}},{"type":"Feature","properties":{"REMARK":"Gedung/Bangunan"},"geometry":{"type":"Point","coordinates":[111.63613,-7.96581]}},{"type":"Feature","properties":{"REMARK":"Gedung/Bangunan"},"geometry":{"type":"Point","coordinates":[111.62953,-7.96607]}},{"type":"Feature","properties":{"REMARK":"Gedung/Bangunan"},"geometry":{"type":"Point","coordinates":[111.62978,-7.96616]}},{"type":"Feature","properties":{"REMARK":"Gedung/Bangunan"},"geometry":{"type":"Point","coordinates":[111.62987,-7.96616]}},{"type":"Feature","properties":{"REMARK":"Gedung/Bangunan"},"geometry":{"type":"Point","coordinates":[111.64792,-7.96622]}},{"type":"Feature","properties":{"REMARK":"Gedung/Bangunan"},"geometry":{"type":"Point","coordinates":[111.62901,-7.9663]}},{"type":"Feature","properties":{"REMARK":"Gedung/Bangunan"},"geometry":{"type":"Point","coordinates":[111.63029,-7.96635]}},{"type":"Feature","properties":{"REMARK":"Gedung/Bangunan"},"geometry":{"type":"Point","coordinates":[111.64788,-7.96656]}},{"type":"Feature","properties":{"REMARK":"Gedung/Bangunan"},"geometry":{"type":"Point","coordinates":[111.6557,-7.96659]}},{"type":"Feature","properties":{"REMARK":"Gedung/Bangunan"},"geometry":{"type":"Point","coordinates":[111.65529,-7.96685]}},{"type":"Feature","properties":{"REMARK":"Gedung/Bangunan"},"geometry":{"type":"Point","coordinates":[111.65551,-7.9669]}},{"type":"Feature","properties":{"REMARK":"Gedung/Bangunan"},"geometry":{"type":"Point","coordinates":[111.63753,-7.96706]}},{"type":"Feature","properties":{"REMARK":"Gedung/Bangunan"},"geometry":{"type":"Point","coordinates":[111.64981,-7.96713]}},{"type":"Feature","properties":{"REMARK":"Gedung/Bangunan"},"geometry":{"type":"Point","coordinates":[111.63687,-7.96727]}},{"type":"Feature","properties":{"REMARK":"Gedung/Bangunan"},"geometry":{"type":"Point","coordinates":[111.65502,-7.96731]}},{"type":"Feature","properties":{"REMARK":"Gedung/Bangunan"},"geometry":{"type":"Point","coordinates":[111.63191,-7.96753]}},{"type":"Feature","properties":{"REMARK":"Gedung/Bangunan"},"geometry":{"type":"Point","coordinates":[111.65569,-7.96759]}},{"type":"Feature","properties":{"REMARK":"Gedung/Bangunan"},"geometry":{"type":"Point","coordinates":[111.63148,-7.96764]}},{"type":"Feature","properties":{"REMARK":"Gedung/Bangunan"},"geometry":{"type":"Point","coordinates":[111.64385,-7.96789]}},{"type":"Feature","properties":{"REMARK":"Gedung/Bangunan"},"geometry":{"type":"Point","coordinates":[111.64297,-7.96791]}},{"type":"Feature","properties":{"REMARK":"Gedung/Bangunan"},"geometry":{"type":"Point","coordinates":[111.64396,-7.96802]}},{"type":"Feature","properties":{"REMARK":"Gedung/Bangunan"},"geometry":{"type":"Point","coordinates":[111.64291,-7.96822]}},{"type":"Feature","properties":{"REMARK":"Gedung/Bangunan"},"geometry":{"type":"Point","coordinates":[111.65297,-7.96824]}},{"type":"Feature","properties":{"REMARK":"Gedung/Bangunan"},"geometry":{"type":"Point","coordinates":[111.65292,-7.96847]}},{"type":"Feature","properties":{"REMARK":"Gedung/Bangunan"},"geometry":{"type":"Point","coordinates":[111.65559,-7.96891]}},{"type":"Feature","properties":{"REMARK":"Gedung/Bangunan"},"geometry":{"type":"Point","coordinates":[111.64928,-7.96892]}},{"type":"Feature","properties":{"REMARK":"Gedung/Bangunan"},"geometry":{"type":"Point","coordinates":[111.63775,-7.96895]}},{"type":"Feature","properties":{"REMARK":"Gedung/Bangunan"},"geometry":{"type":"Point","coordinates":[111.64978,-7.96905]}},{"type":"Feature","properties":{"REMARK":"Gedung/Bangunan"},"geometry":{"type":"Point","coordinates":[111.65085,-7.96905]}},{"type":"Feature","properties":{"REMARK":"Gedung/Bangunan"},"geometry":{"type":"Point","coordinates":[111.64928,-7.96909]}},{"type":"Feature","properties":{"REMARK":"Gedung/Bangunan"},"geometry":{"type":"Point","coordinates":[111.65582,-7.96913]}},{"type":"Feature","properties":{"REMARK":"Gedung/Bangunan"},"geometry":{"type":"Point","coordinates":[111.63687,-7.96919]}},{"type":"Feature","properties":{"REMARK":"Gedung/Bangunan"},"geometry":{"type":"Point","coordinates":[111.64659,-7.96919]}},{"type":"Feature","properties":{"REMARK":"Gedung/Bangunan"},"geometry":{"type":"Point","coordinates":[111.63643,-7.96921]}},{"type":"Feature","properties":{"REMARK":"Gedung/Bangunan"},"geometry":{"type":"Point","coordinates":[111.65103,-7.96919]}},{"type":"Feature","properties":{"REMARK":"Gedung/Bangunan"},"geometry":{"type":"Point","coordinates":[111.6504,-7.96921]}},{"type":"Feature","properties":{"REMARK":"Gedung/Bangunan"},"geometry":{"type":"Point","coordinates":[111.63835,-7.96926]}},{"type":"Feature","properties":{"REMARK":"Gedung/Bangunan"},"geometry":{"type":"Point","coordinates":[111.63638,-7.96938]}},{"type":"Feature","properties":{"REMARK":"Gedung/Bangunan"},"geometry":{"type":"Point","coordinates":[111.6498,-7.96937]}},{"type":"Feature","properties":{"REMARK":"Gedung/Bangunan"},"geometry":{"type":"Point","coordinates":[111.63825,-7.96943]}},{"type":"Feature","properties":{"REMARK":"Gedung/Bangunan"},"geometry":{"type":"Point","coordinates":[111.65541,-7.96941]}},{"type":"Feature","properties":{"REMARK":"Gedung/Bangunan"},"geometry":{"type":"Point","coordinates":[111.64945,-7.96944]}},{"type":"Feature","properties":{"REMARK":"Gedung/Bangunan"},"geometry":{"type":"Point","coordinates":[111.65605,-7.96944]}},{"type":"Feature","properties":{"REMARK":"Gedung/Bangunan"},"geometry":{"type":"Point","coordinates":[111.64979,-7.96947]}},{"type":"Feature","properties":{"REMARK":"Gedung/Bangunan"},"geometry":{"type":"Point","coordinates":[111.63635,-7.96949]}},{"type":"Feature","properties":{"REMARK":"Gedung/Bangunan"},"geometry":{"type":"Point","coordinates":[111.65177,-7.96947]}},{"type":"Feature","properties":{"REMARK":"Gedung/Bangunan"},"geometry":{"type":"Point","coordinates":[111.65112,-7.96953]}},{"type":"Feature","properties":{"REMARK":"Gedung/Bangunan"},"geometry":{"type":"Point","coordinates":[111.6557,-7.96954]}},{"type":"Feature","properties":{"REMARK":"Gedung/Bangunan"},"geometry":{"type":"Point","coordinates":[111.64193,-7.96957]}},{"type":"Feature","properties":{"REMARK":"Gedung/Bangunan"},"geometry":{"type":"Point","coordinates":[111.64944,-7.96956]}},{"type":"Feature","properties":{"REMARK":"Gedung/Bangunan"},"geometry":{"type":"Point","coordinates":[111.65054,-7.97015]}},{"type":"Feature","properties":{"REMARK":"Gedung/Bangunan"},"geometry":{"type":"Point","coordinates":[111.6418,-7.97021]}},{"type":"Feature","properties":{"REMARK":"Gedung/Bangunan"},"geometry":{"type":"Point","coordinates":[111.65084,-7.9702]}},{"type":"Feature","properties":{"REMARK":"Gedung/Bangunan"},"geometry":{"type":"Point","coordinates":[111.64682,-7.97031]}},{"type":"Feature","properties":{"REMARK":"Gedung/Bangunan"},"geometry":{"type":"Point","coordinates":[111.65058,-7.97037]}},{"type":"Feature","properties":{"REMARK":"Gedung/Bangunan"},"geometry":{"type":"Point","coordinates":[111.64165,-7.97056]}},{"type":"Feature","properties":{"REMARK":"Gedung/Bangunan"},"geometry":{"type":"Point","coordinates":[111.65078,-7.97065]}},{"type":"Feature","properties":{"REMARK":"Gedung/Bangunan"},"geometry":{"type":"Point","coordinates":[111.65493,-7.97065]}},{"type":"Feature","properties":{"REMARK":"Gedung/Bangunan"},"geometry":{"type":"Point","coordinates":[111.65574,-7.97065]}},{"type":"Feature","properties":{"REMARK":"Gedung/Bangunan"},"geometry":{"type":"Point","coordinates":[111.64902,-7.97068]}},{"type":"Feature","properties":{"REMARK":"Gedung/Bangunan"},"geometry":{"type":"Point","coordinates":[111.63646,-7.97071]}},{"type":"Feature","properties":{"REMARK":"Gedung/Bangunan"},"geometry":{"type":"Point","coordinates":[111.66172,-7.97075]}},{"type":"Feature","properties":{"REMARK":"Gedung/Bangunan"},"geometry":{"type":"Point","coordinates":[111.65555,-7.97092]}},{"type":"Feature","properties":{"REMARK":"Gedung/Bangunan"},"geometry":{"type":"Point","coordinates":[111.64955,-7.9712]}},{"type":"Feature","properties":{"REMARK":"Gedung/Bangunan"},"geometry":{"type":"Point","coordinates":[111.63565,-7.97127]}},{"type":"Feature","properties":{"REMARK":"Gedung/Bangunan"},"geometry":{"type":"Point","coordinates":[111.65548,-7.97128]}},{"type":"Feature","properties":{"REMARK":"Gedung/Bangunan"},"geometry":{"type":"Point","coordinates":[111.64116,-7.97131]}},{"type":"Feature","properties":{"REMARK":"Gedung/Bangunan"},"geometry":{"type":"Point","coordinates":[111.64941,-7.97156]}},{"type":"Feature","properties":{"REMARK":"Gedung/Bangunan"},"geometry":{"type":"Point","coordinates":[111.6335,-7.97161]}},{"type":"Feature","properties":{"REMARK":"Gedung/Bangunan"},"geometry":{"type":"Point","coordinates":[111.64072,-7.97162]}},{"type":"Feature","properties":{"REMARK":"Gedung/Bangunan"},"geometry":{"type":"Point","coordinates":[111.63581,-7.97174]}},{"type":"Feature","properties":{"REMARK":"Gedung/Bangunan"},"geometry":{"type":"Point","coordinates":[111.64998,-7.97173]}},{"type":"Feature","properties":{"REMARK":"Gedung/Bangunan"},"geometry":{"type":"Point","coordinates":[111.63484,-7.97177]}},{"type":"Feature","properties":{"REMARK":"Gedung/Bangunan"},"geometry":{"type":"Point","coordinates":[111.64988,-7.97179]}},{"type":"Feature","properties":{"REMARK":"Gedung/Bangunan"},"geometry":{"type":"Point","coordinates":[111.64817,-7.97181]}},{"type":"Feature","properties":{"REMARK":"Gedung/Bangunan"},"geometry":{"type":"Point","coordinates":[111.63398,-7.97187]}},{"type":"Feature","properties":{"REMARK":"Gedung/Bangunan"},"geometry":{"type":"Point","coordinates":[111.63345,-7.97195]}},{"type":"Feature","properties":{"REMARK":"Gedung/Bangunan"},"geometry":{"type":"Point","coordinates":[111.64821,-7.97194]}},{"type":"Feature","properties":{"REMARK":"Gedung/Bangunan"},"geometry":{"type":"Point","coordinates":[111.65009,-7.97198]}},{"type":"Feature","properties":{"REMARK":"Gedung/Bangunan"},"geometry":{"type":"Point","coordinates":[111.65483,-7.97198]}},{"type":"Feature","properties":{"REMARK":"Gedung/Bangunan"},"geometry":{"type":"Point","coordinates":[111.64994,-7.97202]}},{"type":"Feature","properties":{"REMARK":"Gedung/Bangunan"},"geometry":{"type":"Point","coordinates":[111.63485,-7.97205]}},{"type":"Feature","properties":{"REMARK":"Gedung/Bangunan"},"geometry":{"type":"Point","coordinates":[111.655,-7.97205]}},{"type":"Feature","properties":{"REMARK":"Gedung/Bangunan"},"geometry":{"type":"Point","coordinates":[111.63761,-7.97229]}},{"type":"Feature","properties":{"REMARK":"Gedung/Bangunan"},"geometry":{"type":"Point","coordinates":[111.64942,-7.97238]}},{"type":"Feature","properties":{"REMARK":"Gedung/Bangunan"},"geometry":{"type":"Point","coordinates":[111.63761,-7.97243]}},{"type":"Feature","properties":{"REMARK":"Gedung/Bangunan"},"geometry":{"type":"Point","coordinates":[111.6407,-7.97246]}},{"type":"Feature","properties":{"REMARK":"Gedung/Bangunan"},"geometry":{"type":"Point","coordinates":[111.6495,-7.97249]}},{"type":"Feature","properties":{"REMARK":"Gedung/Bangunan"},"geometry":{"type":"Point","coordinates":[111.64967,-7.97251]}},{"type":"Feature","properties":{"REMARK":"Gedung/Bangunan"},"geometry":{"type":"Point","coordinates":[111.64051,-7.97258]}},{"type":"Feature","properties":{"REMARK":"Gedung/Bangunan"},"geometry":{"type":"Point","coordinates":[111.64041,-7.97266]}},{"type":"Feature","properties":{"REMARK":"Gedung/Bangunan"},"geometry":{"type":"Point","coordinates":[111.62716,-7.97282]}},{"type":"Feature","properties":{"REMARK":"Gedung/Bangunan"},"geometry":{"type":"Point","coordinates":[111.62704,-7.97288]}},{"type":"Feature","properties":{"REMARK":"Gedung/Bangunan"},"geometry":{"type":"Point","coordinates":[111.62722,-7.97296]}},{"type":"Feature","properties":{"REMARK":"Gedung/Bangunan"},"geometry":{"type":"Point","coordinates":[111.62702,-7.97306]}},{"type":"Feature","properties":{"REMARK":"Gedung/Bangunan"},"geometry":{"type":"Point","coordinates":[111.62708,-7.97307]}},{"type":"Feature","properties":{"REMARK":"Gedung/Bangunan"},"geometry":{"type":"Point","coordinates":[111.62726,-7.97309]}},{"type":"Feature","properties":{"REMARK":"Gedung/Bangunan"},"geometry":{"type":"Point","coordinates":[111.62703,-7.97314]}},{"type":"Feature","properties":{"REMARK":"Gedung/Bangunan"},"geometry":{"type":"Point","coordinates":[111.66067,-7.97309]}},{"type":"Feature","properties":{"REMARK":"Gedung/Bangunan"},"geometry":{"type":"Point","coordinates":[111.63728,-7.97316]}},{"type":"Feature","properties":{"REMARK":"Gedung/Bangunan"},"geometry":{"type":"Point","coordinates":[111.64019,-7.97324]}},{"type":"Feature","properties":{"REMARK":"Gedung/Bangunan"},"geometry":{"type":"Point","coordinates":[111.66069,-7.97325]}},{"type":"Feature","properties":{"REMARK":"Gedung/Bangunan"},"geometry":{"type":"Point","coordinates":[111.63031,-7.97334]}},{"type":"Feature","properties":{"REMARK":"Gedung/Bangunan"},"geometry":{"type":"Point","coordinates":[111.64022,-7.9734]}},{"type":"Feature","properties":{"REMARK":"Gedung/Bangunan"},"geometry":{"type":"Point","coordinates":[111.63029,-7.97346]}},{"type":"Feature","properties":{"REMARK":"Gedung/Bangunan"},"geometry":{"type":"Point","coordinates":[111.63026,-7.97355]}},{"type":"Feature","properties":{"REMARK":"Gedung/Bangunan"},"geometry":{"type":"Point","coordinates":[111.64146,-7.97373]}},{"type":"Feature","properties":{"REMARK":"Gedung/Bangunan"},"geometry":{"type":"Point","coordinates":[111.64163,-7.97383]}},{"type":"Feature","properties":{"REMARK":"Gedung/Bangunan"},"geometry":{"type":"Point","coordinates":[111.62933,-7.97387]}},{"type":"Feature","properties":{"REMARK":"Gedung/Bangunan"},"geometry":{"type":"Point","coordinates":[111.62943,-7.97391]}},{"type":"Feature","properties":{"REMARK":"Gedung/Bangunan"},"geometry":{"type":"Point","coordinates":[111.62961,-7.97394]}},{"type":"Feature","properties":{"REMARK":"Gedung/Bangunan"},"geometry":{"type":"Point","coordinates":[111.65111,-7.97409]}},{"type":"Feature","properties":{"REMARK":"Gedung/Bangunan"},"geometry":{"type":"Point","coordinates":[111.65124,-7.97413]}},{"type":"Feature","properties":{"REMARK":"Gedung/Bangunan"},"geometry":{"type":"Point","coordinates":[111.65156,-7.97418]}},{"type":"Feature","properties":{"REMARK":"Gedung/Bangunan"},"geometry":{"type":"Point","coordinates":[111.65105,-7.97422]}},{"type":"Feature","properties":{"REMARK":"Gedung/Bangunan"},"geometry":{"type":"Point","coordinates":[111.63903,-7.97453]}},{"type":"Feature","properties":{"REMARK":"Gedung/Bangunan"},"geometry":{"type":"Point","coordinates":[111.65986,-7.9749]}},{"type":"Feature","properties":{"REMARK":"Gedung/Bangunan"},"geometry":{"type":"Point","coordinates":[111.64321,-7.97501]}},{"type":"Feature","properties":{"REMARK":"Gedung/Bangunan"},"geometry":{"type":"Point","coordinates":[111.63888,-7.97511]}},{"type":"Feature","properties":{"REMARK":"Gedung/Bangunan"},"geometry":{"type":"Point","coordinates":[111.64403,-7.97533]}},{"type":"Feature","properties":{"REMARK":"Gedung/Bangunan"},"geometry":{"type":"Point","coordinates":[111.65979,-7.97532]}},{"type":"Feature","properties":{"REMARK":"Gedung/Bangunan"},"geometry":{"type":"Point","coordinates":[111.63905,-7.97537]}},{"type":"Feature","properties":{"REMARK":"Gedung/Bangunan"},"geometry":{"type":"Point","coordinates":[111.63592,-7.97543]}},{"type":"Feature","properties":{"REMARK":"Gedung/Bangunan"},"geometry":{"type":"Point","coordinates":[111.63691,-7.97544]}},{"type":"Feature","properties":{"REMARK":"Gedung/Bangunan"},"geometry":{"type":"Point","coordinates":[111.63592,-7.97552]}},{"type":"Feature","properties":{"REMARK":"Gedung/Bangunan"},"geometry":{"type":"Point","coordinates":[111.64346,-7.97558]}},{"type":"Feature","properties":{"REMARK":"Gedung/Bangunan"},"geometry":{"type":"Point","coordinates":[111.64291,-7.97561]}},{"type":"Feature","properties":{"REMARK":"Gedung/Bangunan"},"geometry":{"type":"Point","coordinates":[111.63592,-7.97562]}},{"type":"Feature","properties":{"REMARK":"Gedung/Bangunan"},"geometry":{"type":"Point","coordinates":[111.64323,-7.97562]}},{"type":"Feature","properties":{"REMARK":"Gedung/Bangunan"},"geometry":{"type":"Point","coordinates":[111.64314,-7.97565]}},{"type":"Feature","properties":{"REMARK":"Gedung/Bangunan"},"geometry":{"type":"Point","coordinates":[111.63358,-7.9758]}},{"type":"Feature","properties":{"REMARK":"Gedung/Bangunan"},"geometry":{"type":"Point","coordinates":[111.63343,-7.97581]}},{"type":"Feature","properties":{"REMARK":"Gedung/Bangunan"},"geometry":{"type":"Point","coordinates":[111.64389,-7.97584]}},{"type":"Feature","properties":{"REMARK":"Gedung/Bangunan"},"geometry":{"type":"Point","coordinates":[111.64489,-7.97588]}},{"type":"Feature","properties":{"REMARK":"Gedung/Bangunan"},"geometry":{"type":"Point","coordinates":[111.63318,-7.9759]}},{"type":"Feature","properties":{"REMARK":"Gedung/Bangunan"},"geometry":{"type":"Point","coordinates":[111.6331,-7.9759]}},{"type":"Feature","properties":{"REMARK":"Gedung/Bangunan"},"geometry":{"type":"Point","coordinates":[111.63032,-7.97594]}},{"type":"Feature","properties":{"REMARK":"Gedung/Bangunan"},"geometry":{"type":"Point","coordinates":[111.63583,-7.97596]}},{"type":"Feature","properties":{"REMARK":"Gedung/Bangunan"},"geometry":{"type":"Point","coordinates":[111.64437,-7.97595]}},{"type":"Feature","properties":{"REMARK":"Gedung/Bangunan"},"geometry":{"type":"Point","coordinates":[111.63919,-7.97602]}},{"type":"Feature","properties":{"REMARK":"Gedung/Bangunan"},"geometry":{"type":"Point","coordinates":[111.63028,-7.97607]}},{"type":"Feature","properties":{"REMARK":"Gedung/Bangunan"},"geometry":{"type":"Point","coordinates":[111.63351,-7.9761]}},{"type":"Feature","properties":{"REMARK":"Gedung/Bangunan"},"geometry":{"type":"Point","coordinates":[111.62963,-7.97613]}},{"type":"Feature","properties":{"REMARK":"Gedung/Bangunan"},"geometry":{"type":"Point","coordinates":[111.62967,-7.97625]}},{"type":"Feature","properties":{"REMARK":"Gedung/Bangunan"},"geometry":{"type":"Point","coordinates":[111.64485,-7.97623]}},{"type":"Feature","properties":{"REMARK":"Gedung/Bangunan"},"geometry":{"type":"Point","coordinates":[111.63891,-7.97627]}},{"type":"Feature","properties":{"REMARK":"Gedung/Bangunan"},"geometry":{"type":"Point","coordinates":[111.63598,-7.97633]}},{"type":"Feature","properties":{"REMARK":"Gedung/Bangunan"},"geometry":{"type":"Point","coordinates":[111.63251,-7.97635]}},{"type":"Feature","properties":{"REMARK":"Gedung/Bangunan"},"geometry":{"type":"Point","coordinates":[111.6326,-7.97646]}},{"type":"Feature","properties":{"REMARK":"Gedung/Bangunan"},"geometry":{"type":"Point","coordinates":[111.63254,-7.97647]}},{"type":"Feature","properties":{"REMARK":"Gedung/Bangunan"},"geometry":{"type":"Point","coordinates":[111.63025,-7.97648]}},{"type":"Feature","properties":{"REMARK":"Gedung/Bangunan"},"geometry":{"type":"Point","coordinates":[111.63281,-7.97656]}},{"type":"Feature","properties":{"REMARK":"Gedung/Bangunan"},"geometry":{"type":"Point","coordinates":[111.63291,-7.97656]}},{"type":"Feature","properties":{"REMARK":"Gedung/Bangunan"},"geometry":{"type":"Point","coordinates":[111.62935,-7.97665]}},{"type":"Feature","properties":{"REMARK":"Gedung/Bangunan"},"geometry":{"type":"Point","coordinates":[111.62948,-7.97674]}},{"type":"Feature","properties":{"REMARK":"Gedung/Bangunan"},"geometry":{"type":"Point","coordinates":[111.62816,-7.97686]}},{"type":"Feature","properties":{"REMARK":"Gedung/Bangunan"},"geometry":{"type":"Point","coordinates":[111.64545,-7.97704]}},{"type":"Feature","properties":{"REMARK":"Gedung/Bangunan"},"geometry":{"type":"Point","coordinates":[111.63769,-7.97709]}},{"type":"Feature","properties":{"REMARK":"Gedung/Bangunan"},"geometry":{"type":"Point","coordinates":[111.64196,-7.97713]}},{"type":"Feature","properties":{"REMARK":"Gedung/Bangunan"},"geometry":{"type":"Point","coordinates":[111.64188,-7.97723]}},{"type":"Feature","properties":{"REMARK":"Gedung/Bangunan"},"geometry":{"type":"Point","coordinates":[111.63732,-7.97728]}},{"type":"Feature","properties":{"REMARK":"Gedung/Bangunan"},"geometry":{"type":"Point","coordinates":[111.63697,-7.97731]}},{"type":"Feature","properties":{"REMARK":"Gedung/Bangunan"},"geometry":{"type":"Point","coordinates":[111.63224,-7.97732]}},{"type":"Feature","properties":{"REMARK":"Gedung/Bangunan"},"geometry":{"type":"Point","coordinates":[111.63233,-7.97736]}},{"type":"Feature","properties":{"REMARK":"Gedung/Bangunan"},"geometry":{"type":"Point","coordinates":[111.64223,-7.97746]}},{"type":"Feature","properties":{"REMARK":"Gedung/Bangunan"},"geometry":{"type":"Point","coordinates":[111.63239,-7.97757]}},{"type":"Feature","properties":{"REMARK":"Gedung/Bangunan"},"geometry":{"type":"Point","coordinates":[111.63233,-7.97759]}},{"type":"Feature","properties":{"REMARK":"Gedung/Bangunan"},"geometry":{"type":"Point","coordinates":[111.63514,-7.97872]}},{"type":"Feature","properties":{"REMARK":"Gedung/Bangunan"},"geometry":{"type":"Point","coordinates":[111.635,-7.97876]}},{"type":"Feature","properties":{"REMARK":"Gedung/Bangunan"},"geometry":{"type":"Point","coordinates":[111.63192,-7.97896]}},{"type":"Feature","properties":{"REMARK":"Gedung/Bangunan"},"geometry":{"type":"Point","coordinates":[111.6316,-7.97952]}},{"type":"Feature","properties":{"REMARK":"Gedung/Bangunan"},"geometry":{"type":"Point","coordinates":[111.63793,-7.97965]}},{"type":"Feature","properties":{"REMARK":"Gedung/Bangunan"},"geometry":{"type":"Point","coordinates":[111.63148,-7.97986]}},{"type":"Feature","properties":{"REMARK":"Gedung/Bangunan"},"geometry":{"type":"Point","coordinates":[111.63142,-7.98017]}},{"type":"Feature","properties":{"REMARK":"Gedung/Bangunan"},"geometry":{"type":"Point","coordinates":[111.63542,-7.98046]}},{"type":"Feature","properties":{"REMARK":"Gedung/Bangunan"},"geometry":{"type":"Point","coordinates":[111.63541,-7.9806]}},{"type":"Feature","properties":{"REMARK":"Gedung/Bangunan"},"geometry":{"type":"Point","coordinates":[111.6383,-7.98406]}},{"type":"Feature","properties":{"REMARK":"Gedung/Bangunan"},"geometry":{"type":"Point","coordinates":[111.63893,-7.98411]}},{"type":"Feature","properties":{"REMARK":"Gedung/Bangunan"},"geometry":{"type":"Point","coordinates":[111.6383,-7.98422]}},{"type":"Feature","properties":{"REMARK":"Gedung/Bangunan"},"geometry":{"type":"Point","coordinates":[111.63828,-7.98438]}},{"type":"Feature","properties":{"REMARK":"Gedung/Bangunan"},"geometry":{"type":"Point","coordinates":[111.63833,-7.98455]}},{"type":"Feature","properties":{"REMARK":"Gedung/Bangunan"},"geometry":{"type":"Point","coordinates":[111.63684,-7.98478]}},{"type":"Feature","properties":{"REMARK":"Gedung/Bangunan"},"geometry":{"type":"Point","coordinates":[111.63865,-7.98478]}},{"type":"Feature","properties":{"REMARK":"Gedung/Bangunan"},"geometry":{"type":"Point","coordinates":[111.63758,-7.98481]}},{"type":"Feature","properties":{"REMARK":"Gedung/Bangunan"},"geometry":{"type":"Point","coordinates":[111.6364,-7.98482]}},{"type":"Feature","properties":{"REMARK":"Gedung/Bangunan"},"geometry":{"type":"Point","coordinates":[111.63886,-7.98484]}},{"type":"Feature","properties":{"REMARK":"Gedung/Bangunan"},"geometry":{"type":"Point","coordinates":[111.63639,-7.98492]}},{"type":"Feature","properties":{"REMARK":"Gedung/Bangunan"},"geometry":{"type":"Point","coordinates":[111.63642,-7.98513]}},{"type":"Feature","properties":{"REMARK":"Gedung/Bangunan"},"geometry":{"type":"Point","coordinates":[111.63648,-7.9856]}},{"type":"Feature","properties":{"REMARK":"Gedung/Bangunan"},"geometry":{"type":"Point","coordinates":[111.63653,-7.9857]}},{"type":"Feature","properties":{"REMARK":"Gedung/Bangunan"},"geometry":{"type":"Point","coordinates":[111.63837,-7.98621]}},{"type":"Feature","properties":{"REMARK":"Gedung/Bangunan"},"geometry":{"type":"Point","coordinates":[111.63863,-7.98624]}},{"type":"Feature","properties":{"REMARK":"Gedung/Bangunan"},"geometry":{"type":"Point","coordinates":[111.637,-7.98684]}},{"type":"Feature","properties":{"REMARK":"Gedung/Bangunan"},"geometry":{"type":"Point","coordinates":[111.63744,-7.98723]}},{"type":"Feature","properties":{"REMARK":"Gedung/Bangunan"},"geometry":{"type":"Point","coordinates":[111.63743,-7.98735]}},{"type":"Feature","properties":{"REMARK":"Gedung/Bangunan"},"geometry":{"type":"Point","coordinates":[111.63746,-7.98747]}},{"type":"Feature","properties":{"REMARK":"Gedung/Bangunan"},"geometry":{"type":"Point","coordinates":[111.63542,-7.98805]}},{"type":"Feature","properties":{"REMARK":"Gedung/Bangunan"},"geometry":{"type":"Point","coordinates":[111.63528,-7.98809]}},{"type":"Feature","properties":{"REMARK":"Gedung/Bangunan"},"geometry":{"type":"Point","coordinates":[111.63402,-7.98826]}},{"type":"Feature","properties":{"REMARK":"Gedung/Bangunan"},"geometry":{"type":"Point","coordinates":[111.64092,-7.98829]}},{"type":"Feature","properties":{"REMARK":"Gedung/Bangunan"},"geometry":{"type":"Point","coordinates":[111.64077,-7.98837]}},{"type":"Feature","properties":{"REMARK":"Gedung/Bangunan"},"geometry":{"type":"Point","coordinates":[111.63408,-7.98848]}},{"type":"Feature","properties":{"REMARK":"Gedung/Bangunan"},"geometry":{"type":"Point","coordinates":[111.63395,-7.98848]}},{"type":"Feature","properties":{"REMARK":"Gedung/Bangunan"},"geometry":{"type":"Point","coordinates":[111.63376,-7.98855]}},{"type":"Feature","properties":{"REMARK":"Gedung/Bangunan"},"geometry":{"type":"Point","coordinates":[111.63956,-7.98864]}},{"type":"Feature","properties":{"REMARK":"Gedung/Bangunan"},"geometry":{"type":"Point","coordinates":[111.63631,-7.98876]}},{"type":"Feature","properties":{"REMARK":"Gedung/Bangunan"},"geometry":{"type":"Point","coordinates":[111.63559,-7.98882]}},{"type":"Feature","properties":{"REMARK":"Gedung/Bangunan"},"geometry":{"type":"Point","coordinates":[111.64223,-7.98884]}},{"type":"Feature","properties":{"REMARK":"Gedung/Bangunan"},"geometry":{"type":"Point","coordinates":[111.64262,-7.98933]}},{"type":"Feature","properties":{"REMARK":"Gedung/Bangunan"},"geometry":{"type":"Point","coordinates":[111.64996,-7.98953]}},{"type":"Feature","properties":{"REMARK":"Gedung/Bangunan"},"geometry":{"type":"Point","coordinates":[111.63038,-7.98963]}},{"type":"Feature","properties":{"REMARK":"Gedung/Bangunan"},"geometry":{"type":"Point","coordinates":[111.63086,-7.98967]}},{"type":"Feature","properties":{"REMARK":"Gedung/Bangunan"},"geometry":{"type":"Point","coordinates":[111.63123,-7.98971]}},{"type":"Feature","properties":{"REMARK":"Gedung/Bangunan"},"geometry":{"type":"Point","coordinates":[111.64972,-7.98973]}},{"type":"Feature","properties":{"REMARK":"Gedung/Bangunan"},"geometry":{"type":"Point","coordinates":[111.65456,-7.98992]}},{"type":"Feature","properties":{"REMARK":"Gedung/Bangunan"},"geometry":{"type":"Point","coordinates":[111.65392,-7.99029]}},{"type":"Feature","properties":{"REMARK":"Gedung/Bangunan"},"geometry":{"type":"Point","coordinates":[111.65373,-7.99037]}},{"type":"Feature","properties":{"REMARK":"Gedung/Bangunan"},"geometry":{"type":"Point","coordinates":[111.64278,-7.99052]}},{"type":"Feature","properties":{"REMARK":"Gedung/Bangunan"},"geometry":{"type":"Point","coordinates":[111.65385,-7.99065]}},{"type":"Feature","properties":{"REMARK":"Gedung/Bangunan"},"geometry":{"type":"Point","coordinates":[111.63764,-7.99088]}},{"type":"Feature","properties":{"REMARK":"Gedung/Bangunan"},"geometry":{"type":"Point","coordinates":[111.64276,-7.9911]}},{"type":"Feature","properties":{"REMARK":"Gedung/Bangunan"},"geometry":{"type":"Point","coordinates":[111.63793,-7.9914]}},{"type":"Feature","properties":{"REMARK":"Gedung/Bangunan"},"geometry":{"type":"Point","coordinates":[111.64323,-7.99144]}},{"type":"Feature","properties":{"REMARK":"Gedung/Bangunan"},"geometry":{"type":"Point","coordinates":[111.64269,-7.99173]}},{"type":"Feature","properties":{"REMARK":"Gedung/Bangunan"},"geometry":{"type":"Point","coordinates":[111.64332,-7.99189]}},{"type":"Feature","properties":{"REMARK":"Gedung/Bangunan"},"geometry":{"type":"Point","coordinates":[111.64005,-7.99206]}},{"type":"Feature","properties":{"REMARK":"Gedung/Bangunan"},"geometry":{"type":"Point","coordinates":[111.64317,-7.99215]}},{"type":"Feature","properties":{"REMARK":"Gedung/Bangunan"},"geometry":{"type":"Point","coordinates":[111.64,-7.9922]}},{"type":"Feature","properties":{"REMARK":"Gedung/Bangunan"},"geometry":{"type":"Point","coordinates":[111.63972,-7.99222]}},{"type":"Feature","properties":{"REMARK":"Gedung/Bangunan"},"geometry":{"type":"Point","coordinates":[111.64622,-7.99224]}},{"type":"Feature","properties":{"REMARK":"Gedung/Bangunan"},"geometry":{"type":"Point","coordinates":[111.63985,-7.99231]}},{"type":"Feature","properties":{"REMARK":"Gedung/Bangunan"},"geometry":{"type":"Point","coordinates":[111.63983,-7.99244]}},{"type":"Feature","properties":{"REMARK":"Gedung/Bangunan"},"geometry":{"type":"Point","coordinates":[111.63971,-7.99244]}},{"type":"Feature","properties":{"REMARK":"Gedung/Bangunan"},"geometry":{"type":"Point","coordinates":[111.64362,-7.99245]}},{"type":"Feature","properties":{"REMARK":"Gedung/Bangunan"},"geometry":{"type":"Point","coordinates":[111.64341,-7.99251]}},{"type":"Feature","properties":{"REMARK":"Gedung/Bangunan"},"geometry":{"type":"Point","coordinates":[111.64318,-7.99257]}},{"type":"Feature","properties":{"REMARK":"Gedung/Bangunan"},"geometry":{"type":"Point","coordinates":[111.64262,-7.99315]}},{"type":"Feature","properties":{"REMARK":"Gedung/Bangunan"},"geometry":{"type":"Point","coordinates":[111.64762,-7.99325]}},{"type":"Feature","properties":{"REMARK":"Gedung/Bangunan"},"geometry":{"type":"Point","coordinates":[111.63412,-7.9933]}},{"type":"Feature","properties":{"REMARK":"Gedung/Bangunan"},"geometry":{"type":"Point","coordinates":[111.63418,-7.99332]}},{"type":"Feature","properties":{"REMARK":"Gedung/Bangunan"},"geometry":{"type":"Point","coordinates":[111.63744,-7.99339]}},{"type":"Feature","properties":{"REMARK":"Gedung/Bangunan"},"geometry":{"type":"Point","coordinates":[111.64229,-7.99341]}},{"type":"Feature","properties":{"REMARK":"Gedung/Bangunan"},"geometry":{"type":"Point","coordinates":[111.64209,-7.99341]}},{"type":"Feature","properties":{"REMARK":"Gedung/Bangunan"},"geometry":{"type":"Point","coordinates":[111.62892,-7.99349]}},{"type":"Feature","properties":{"REMARK":"Gedung/Bangunan"},"geometry":{"type":"Point","coordinates":[111.63754,-7.99359]}},{"type":"Feature","properties":{"REMARK":"Gedung/Bangunan"},"geometry":{"type":"Point","coordinates":[111.63419,-7.99365]}},{"type":"Feature","properties":{"REMARK":"Gedung/Bangunan"},"geometry":{"type":"Point","coordinates":[111.62885,-7.99383]}},{"type":"Feature","properties":{"REMARK":"Gedung/Bangunan"},"geometry":{"type":"Point","coordinates":[111.62971,-7.99417]}},{"type":"Feature","properties":{"REMARK":"Gedung/Bangunan"},"geometry":{"type":"Point","coordinates":[111.6298,-7.99426]}},{"type":"Feature","properties":{"REMARK":"Gedung/Bangunan"},"geometry":{"type":"Point","coordinates":[111.62969,-7.99427]}},{"type":"Feature","properties":{"REMARK":"Gedung/Bangunan"},"geometry":{"type":"Point","coordinates":[111.62849,-7.99449]}},{"type":"Feature","properties":{"REMARK":"Gedung/Bangunan"},"geometry":{"type":"Point","coordinates":[111.63973,-7.99464]}},{"type":"Feature","properties":{"REMARK":"Gedung/Bangunan"},"geometry":{"type":"Point","coordinates":[111.6281,-7.99481]}},{"type":"Feature","properties":{"REMARK":"Gedung/Bangunan"},"geometry":{"type":"Point","coordinates":[111.64061,-7.99484]}},{"type":"Feature","properties":{"REMARK":"Gedung/Bangunan"},"geometry":{"type":"Point","coordinates":[111.63968,-7.99487]}},{"type":"Feature","properties":{"REMARK":"Gedung/Bangunan"},"geometry":{"type":"Point","coordinates":[111.6402,-7.99502]}},{"type":"Feature","properties":{"REMARK":"Gedung/Bangunan"},"geometry":{"type":"Point","coordinates":[111.62836,-7.99573]}},{"type":"Feature","properties":{"REMARK":"Gedung/Bangunan"},"geometry":{"type":"Point","coordinates":[111.62829,-7.99573]}},{"type":"Feature","properties":{"REMARK":"Gedung/Bangunan"},"geometry":{"type":"Point","coordinates":[111.62615,-7.99605]}},{"type":"Feature","properties":{"REMARK":"Gedung/Bangunan"},"geometry":{"type":"Point","coordinates":[111.62622,-7.99608]}},{"type":"Feature","properties":{"REMARK":"Gedung/Bangunan"},"geometry":{"type":"Point","coordinates":[111.6437,-7.99674]}},{"type":"Feature","properties":{"REMARK":"Gedung/Bangunan"},"geometry":{"type":"Point","coordinates":[111.64416,-7.99698]}},{"type":"Feature","properties":{"REMARK":"Gedung/Bangunan"},"geometry":{"type":"Point","coordinates":[111.63895,-7.99703]}},{"type":"Feature","properties":{"REMARK":"Gedung/Bangunan"},"geometry":{"type":"Point","coordinates":[111.63882,-7.99704]}},{"type":"Feature","properties":{"REMARK":"Gedung/Bangunan"},"geometry":{"type":"Point","coordinates":[111.64379,-7.99704]}},{"type":"Feature","properties":{"REMARK":"Gedung/Bangunan"},"geometry":{"type":"Point","coordinates":[111.64421,-7.99709]}},{"type":"Feature","properties":{"REMARK":"Gedung/Bangunan"},"geometry":{"type":"Point","coordinates":[111.63884,-7.99802]}},{"type":"Feature","properties":{"REMARK":"Gedung/Bangunan"},"geometry":{"type":"Point","coordinates":[111.63869,-7.99841]}},{"type":"Feature","properties":{"REMARK":"Gedung/Bangunan"},"geometry":{"type":"Point","coordinates":[111.65163,-7.9985]}},{"type":"Feature","properties":{"REMARK":"Gedung/Bangunan"},"geometry":{"type":"Point","coordinates":[111.64058,-7.99871]}},{"type":"Feature","properties":{"REMARK":"Gedung/Bangunan"},"geometry":{"type":"Point","coordinates":[111.63249,-7.99911]}},{"type":"Feature","properties":{"REMARK":"Gedung/Bangunan"},"geometry":{"type":"Point","coordinates":[111.65242,-7.99911]}},{"type":"Feature","properties":{"REMARK":"Gedung/Bangunan"},"geometry":{"type":"Point","coordinates":[111.64558,-7.99923]}},{"type":"Feature","properties":{"REMARK":"Gedung/Bangunan"},"geometry":{"type":"Point","coordinates":[111.64558,-7.99936]}},{"type":"Feature","properties":{"REMARK":"Gedung/Bangunan"},"geometry":{"type":"Point","coordinates":[111.65123,-7.99942]}},{"type":"Feature","properties":{"REMARK":"Gedung/Bangunan"},"geometry":{"type":"Point","coordinates":[111.65099,-7.99955]}},{"type":"Feature","properties":{"REMARK":"Gedung/Bangunan"},"geometry":{"type":"Point","coordinates":[111.65172,-7.99994]}},{"type":"Feature","properties":{"REMARK":"Gedung/Bangunan"},"geometry":{"type":"Point","coordinates":[111.6323,-7.99999]}},{"type":"Feature","properties":{"REMARK":"Gedung/Bangunan"},"geometry":{"type":"Point","coordinates":[111.56682,-7.93556]}},{"type":"Feature","properties":{"REMARK":"Gedung/Bangunan"},"geometry":{"type":"Point","coordinates":[111.5666,-7.93566]}},{"type":"Feature","properties":{"REMARK":"Gedung/Bangunan"},"geometry":{"type":"Point","coordinates":[111.61498,-7.93988]}},{"type":"Feature","properties":{"REMARK":"Gedung/Bangunan"},"geometry":{"type":"Point","coordinates":[111.61504,-7.93992]}},{"type":"Feature","properties":{"REMARK":"Gedung/Bangunan"},"geometry":{"type":"Point","coordinates":[111.6151,-7.94018]}},{"type":"Feature","properties":{"REMARK":"Gedung/Bangunan"},"geometry":{"type":"Point","coordinates":[111.61546,-7.94026]}},{"type":"Feature","properties":{"REMARK":"Gedung/Bangunan"},"geometry":{"type":"Point","coordinates":[111.5583,-7.94226]}},{"type":"Feature","properties":{"REMARK":"Gedung/Bangunan"},"geometry":{"type":"Point","coordinates":[111.55835,-7.94249]}},{"type":"Feature","properties":{"REMARK":"Gedung/Bangunan"},"geometry":{"type":"Point","coordinates":[111.55836,-7.94261]}},{"type":"Feature","properties":{"REMARK":"Gedung/Bangunan"},"geometry":{"type":"Point","coordinates":[111.5583,-7.94329]}},{"type":"Feature","properties":{"REMARK":"Gedung/Bangunan"},"geometry":{"type":"Point","coordinates":[111.55837,-7.94338]}},{"type":"Feature","properties":{"REMARK":"Gedung/Bangunan"},"geometry":{"type":"Point","coordinates":[111.55409,-7.94341]}},{"type":"Feature","properties":{"REMARK":"Gedung/Bangunan"},"geometry":{"type":"Point","coordinates":[111.55466,-7.94346]}},{"type":"Feature","properties":{"REMARK":"Gedung/Bangunan"},"geometry":{"type":"Point","coordinates":[111.55437,-7.94346]}},{"type":"Feature","properties":{"REMARK":"Gedung/Bangunan"},"geometry":{"type":"Point","coordinates":[111.5548,-7.94351]}},{"type":"Feature","properties":{"REMARK":"Gedung/Bangunan"},"geometry":{"type":"Point","coordinates":[111.55408,-7.94353]}},{"type":"Feature","properties":{"REMARK":"Gedung/Bangunan"},"geometry":{"type":"Point","coordinates":[111.55581,-7.94433]}},{"type":"Feature","properties":{"REMARK":"Gedung/Bangunan"},"geometry":{"type":"Point","coordinates":[111.55593,-7.94457]}},{"type":"Feature","properties":{"REMARK":"Gedung/Bangunan"},"geometry":{"type":"Point","coordinates":[111.55587,-7.94458]}},{"type":"Feature","properties":{"REMARK":"Gedung/Bangunan"},"geometry":{"type":"Point","coordinates":[111.55601,-7.94466]}},{"type":"Feature","properties":{"REMARK":"Gedung/Bangunan"},"geometry":{"type":"Point","coordinates":[111.55624,-7.94473]}},{"type":"Feature","properties":{"REMARK":"Gedung/Bangunan"},"geometry":{"type":"Point","coordinates":[111.56103,-7.94479]}},{"type":"Feature","properties":{"REMARK":"Gedung/Bangunan"},"geometry":{"type":"Point","coordinates":[111.55592,-7.94483]}},{"type":"Feature","properties":{"REMARK":"Gedung/Bangunan"},"geometry":{"type":"Point","coordinates":[111.56092,-7.94488]}},{"type":"Feature","properties":{"REMARK":"Gedung/Bangunan"},"geometry":{"type":"Point","coordinates":[111.56464,-7.94537]}},{"type":"Feature","properties":{"REMARK":"Gedung/Bangunan"},"geometry":{"type":"Point","coordinates":[111.56476,-7.94537]}},{"type":"Feature","properties":{"REMARK":"Gedung/Bangunan"},"geometry":{"type":"Point","coordinates":[111.55644,-7.94589]}},{"type":"Feature","properties":{"REMARK":"Gedung/Bangunan"},"geometry":{"type":"Point","coordinates":[111.55631,-7.946]}},{"type":"Feature","properties":{"REMARK":"Gedung/Bangunan"},"geometry":{"type":"Point","coordinates":[111.61777,-7.94694]}},{"type":"Feature","properties":{"REMARK":"Gedung/Bangunan"},"geometry":{"type":"Point","coordinates":[111.6178,-7.94707]}},{"type":"Feature","properties":{"REMARK":"Gedung/Bangunan"},"geometry":{"type":"Point","coordinates":[111.55284,-7.94843]}},{"type":"Feature","properties":{"REMARK":"Gedung/Bangunan"},"geometry":{"type":"Point","coordinates":[111.55294,-7.94852]}},{"type":"Feature","properties":{"REMARK":"Gedung/Bangunan"},"geometry":{"type":"Point","coordinates":[111.55283,-7.9486]}},{"type":"Feature","properties":{"REMARK":"Gedung/Bangunan"},"geometry":{"type":"Point","coordinates":[111.55302,-7.94873]}},{"type":"Feature","properties":{"REMARK":"Gedung/Bangunan"},"geometry":{"type":"Point","coordinates":[111.55312,-7.94877]}},{"type":"Feature","properties":{"REMARK":"Gedung/Bangunan"},"geometry":{"type":"Point","coordinates":[111.54969,-7.94946]}},{"type":"Feature","properties":{"REMARK":"Gedung/Bangunan"},"geometry":{"type":"Point","coordinates":[111.5583,-7.94951]}},{"type":"Feature","properties":{"REMARK":"Gedung/Bangunan"},"geometry":{"type":"Point","coordinates":[111.54967,-7.94962]}},{"type":"Feature","properties":{"REMARK":"Gedung/Bangunan"},"geometry":{"type":"Point","coordinates":[111.61041,-7.952]}},{"type":"Feature","properties":{"REMARK":"Gedung/Bangunan"},"geometry":{"type":"Point","coordinates":[111.60932,-7.95305]}},{"type":"Feature","properties":{"REMARK":"Gedung/Bangunan"},"geometry":{"type":"Point","coordinates":[111.60879,-7.95312]}},{"type":"Feature","properties":{"REMARK":"Gedung/Bangunan"},"geometry":{"type":"Point","coordinates":[111.61223,-7.95365]}},{"type":"Feature","properties":{"REMARK":"Gedung/Bangunan"},"geometry":{"type":"Point","coordinates":[111.61214,-7.95374]}},{"type":"Feature","properties":{"REMARK":"Gedung/Bangunan"},"geometry":{"type":"Point","coordinates":[111.61199,-7.95412]}},{"type":"Feature","properties":{"REMARK":"Gedung/Bangunan"},"geometry":{"type":"Point","coordinates":[111.6109,-7.95436]}},{"type":"Feature","properties":{"REMARK":"Gedung/Bangunan"},"geometry":{"type":"Point","coordinates":[111.6108,-7.9544]}},{"type":"Feature","properties":{"REMARK":"Gedung/Bangunan"},"geometry":{"type":"Point","coordinates":[111.61114,-7.95442]}},{"type":"Feature","properties":{"REMARK":"Gedung/Bangunan"},"geometry":{"type":"Point","coordinates":[111.61149,-7.95474]}},{"type":"Feature","properties":{"REMARK":"Gedung/Bangunan"},"geometry":{"type":"Point","coordinates":[111.62499,-7.9586]}},{"type":"Feature","properties":{"REMARK":"Gedung/Bangunan"},"geometry":{"type":"Point","coordinates":[111.62474,-7.95899]}},{"type":"Feature","properties":{"REMARK":"Gedung/Bangunan"},"geometry":{"type":"Point","coordinates":[111.6248,-7.95902]}},{"type":"Feature","properties":{"REMARK":"Gedung/Bangunan"},"geometry":{"type":"Point","coordinates":[111.62496,-7.96017]}},{"type":"Feature","properties":{"REMARK":"Gedung/Bangunan"},"geometry":{"type":"Point","coordinates":[111.54702,-7.9603]}},{"type":"Feature","properties":{"REMARK":"Gedung/Bangunan"},"geometry":{"type":"Point","coordinates":[111.54734,-7.96036]}},{"type":"Feature","properties":{"REMARK":"Gedung/Bangunan"},"geometry":{"type":"Point","coordinates":[111.62497,-7.96027]}},{"type":"Feature","properties":{"REMARK":"Gedung/Bangunan"},"geometry":{"type":"Point","coordinates":[111.62495,-7.96034]}},{"type":"Feature","properties":{"REMARK":"Gedung/Bangunan"},"geometry":{"type":"Point","coordinates":[111.61335,-7.96176]}},{"type":"Feature","properties":{"REMARK":"Gedung/Bangunan"},"geometry":{"type":"Point","coordinates":[111.61301,-7.96215]}},{"type":"Feature","properties":{"REMARK":"Gedung/Bangunan"},"geometry":{"type":"Point","coordinates":[111.61344,-7.96221]}},{"type":"Feature","properties":{"REMARK":"Gedung/Bangunan"},"geometry":{"type":"Point","coordinates":[111.61334,-7.96223]}},{"type":"Feature","properties":{"REMARK":"Gedung/Bangunan"},"geometry":{"type":"Point","coordinates":[111.61384,-7.96224]}},{"type":"Feature","properties":{"REMARK":"Gedung/Bangunan"},"geometry":{"type":"Point","coordinates":[111.61257,-7.96254]}},{"type":"Feature","properties":{"REMARK":"Gedung/Bangunan"},"geometry":{"type":"Point","coordinates":[111.61292,-7.96256]}},{"type":"Feature","properties":{"REMARK":"Gedung/Bangunan"},"geometry":{"type":"Point","coordinates":[111.61293,-7.9628]}},{"type":"Feature","properties":{"REMARK":"Gedung/Bangunan"},"geometry":{"type":"Point","coordinates":[111.61261,-7.96287]}},{"type":"Feature","properties":{"REMARK":"Gedung/Bangunan"},"geometry":{"type":"Point","coordinates":[111.62282,-7.96361]}},{"type":"Feature","properties":{"REMARK":"Gedung/Bangunan"},"geometry":{"type":"Point","coordinates":[111.62167,-7.96365]}},{"type":"Feature","properties":{"REMARK":"Gedung/Bangunan"},"geometry":{"type":"Point","coordinates":[111.62287,-7.96396]}},{"type":"Feature","properties":{"REMARK":"Gedung/Bangunan"},"geometry":{"type":"Point","coordinates":[111.62252,-7.964]}},{"type":"Feature","properties":{"REMARK":"Gedung/Bangunan"},"geometry":{"type":"Point","coordinates":[111.62279,-7.96405]}},{"type":"Feature","properties":{"REMARK":"Gedung/Bangunan"},"geometry":{"type":"Point","coordinates":[111.62251,-7.96408]}},{"type":"Feature","properties":{"REMARK":"Gedung/Bangunan"},"geometry":{"type":"Point","coordinates":[111.62246,-7.96409]}},{"type":"Feature","properties":{"REMARK":"Gedung/Bangunan"},"geometry":{"type":"Point","coordinates":[111.57269,-7.96445]}},{"type":"Feature","properties":{"REMARK":"Gedung/Bangunan"},"geometry":{"type":"Point","coordinates":[111.58163,-7.96446]}},{"type":"Feature","properties":{"REMARK":"Gedung/Bangunan"},"geometry":{"type":"Point","coordinates":[111.62216,-7.96441]}},{"type":"Feature","properties":{"REMARK":"Gedung/Bangunan"},"geometry":{"type":"Point","coordinates":[111.54809,-7.96625]}},{"type":"Feature","properties":{"REMARK":"Gedung/Bangunan"},"geometry":{"type":"Point","coordinates":[111.54807,-7.96632]}},{"type":"Feature","properties":{"REMARK":"Gedung/Bangunan"},"geometry":{"type":"Point","coordinates":[111.54804,-7.96652]}},{"type":"Feature","properties":{"REMARK":"Gedung/Bangunan"},"geometry":{"type":"Point","coordinates":[111.55129,-7.96846]}},{"type":"Feature","properties":{"REMARK":"Gedung/Bangunan"},"geometry":{"type":"Point","coordinates":[111.61728,-7.97043]}},{"type":"Feature","properties":{"REMARK":"Gedung/Bangunan"},"geometry":{"type":"Point","coordinates":[111.6174,-7.97043]}},{"type":"Feature","properties":{"REMARK":"Gedung/Bangunan"},"geometry":{"type":"Point","coordinates":[111.61728,-7.9706]}},{"type":"Feature","properties":{"REMARK":"Gedung/Bangunan"},"geometry":{"type":"Point","coordinates":[111.55053,-7.97072]}},{"type":"Feature","properties":{"REMARK":"Gedung/Bangunan"},"geometry":{"type":"Point","coordinates":[111.61668,-7.97081]}},{"type":"Feature","properties":{"REMARK":"Gedung/Bangunan"},"geometry":{"type":"Point","coordinates":[111.55035,-7.97091]}},{"type":"Feature","properties":{"REMARK":"Gedung/Bangunan"},"geometry":{"type":"Point","coordinates":[111.61656,-7.97082]}},{"type":"Feature","properties":{"REMARK":"Gedung/Bangunan"},"geometry":{"type":"Point","coordinates":[111.55051,-7.97093]}},{"type":"Feature","properties":{"REMARK":"Gedung/Bangunan"},"geometry":{"type":"Point","coordinates":[111.55046,-7.97098]}},{"type":"Feature","properties":{"REMARK":"Gedung/Bangunan"},"geometry":{"type":"Point","coordinates":[111.61667,-7.97094]}},{"type":"Feature","properties":{"REMARK":"Gedung/Bangunan"},"geometry":{"type":"Point","coordinates":[111.61656,-7.97112]}},{"type":"Feature","properties":{"REMARK":"Gedung/Bangunan"},"geometry":{"type":"Point","coordinates":[111.62393,-7.97149]}},{"type":"Feature","properties":{"REMARK":"Gedung/Bangunan"},"geometry":{"type":"Point","coordinates":[111.62375,-7.9715]}},{"type":"Feature","properties":{"REMARK":"Gedung/Bangunan"},"geometry":{"type":"Point","coordinates":[111.62355,-7.97151]}},{"type":"Feature","properties":{"REMARK":"Gedung/Bangunan"},"geometry":{"type":"Point","coordinates":[111.62386,-7.97176]}},{"type":"Feature","properties":{"REMARK":"Gedung/Bangunan"},"geometry":{"type":"Point","coordinates":[111.62431,-7.97195]}},{"type":"Feature","properties":{"REMARK":"Gedung/Bangunan"},"geometry":{"type":"Point","coordinates":[111.62496,-7.97258]}},{"type":"Feature","properties":{"REMARK":"Gedung/Bangunan"},"geometry":{"type":"Point","coordinates":[111.62495,-7.97265]}},{"type":"Feature","properties":{"REMARK":"Gedung/Bangunan"},"geometry":{"type":"Point","coordinates":[111.61634,-7.97358]}},{"type":"Feature","properties":{"REMARK":"Gedung/Bangunan"},"geometry":{"type":"Point","coordinates":[111.61735,-7.97394]}},{"type":"Feature","properties":{"REMARK":"Gedung/Bangunan"},"geometry":{"type":"Point","coordinates":[111.61735,-7.97409]}},{"type":"Feature","properties":{"REMARK":"Gedung/Bangunan"},"geometry":{"type":"Point","coordinates":[111.61596,-7.97421]}},{"type":"Feature","properties":{"REMARK":"Gedung/Bangunan"},"geometry":{"type":"Point","coordinates":[111.61729,-7.97423]}},{"type":"Feature","properties":{"REMARK":"Gedung/Bangunan"},"geometry":{"type":"Point","coordinates":[111.58857,-7.97516]}},{"type":"Feature","properties":{"REMARK":"Gedung/Bangunan"},"geometry":{"type":"Point","coordinates":[111.58984,-7.97526]}},{"type":"Feature","properties":{"REMARK":"Gedung/Bangunan"},"geometry":{"type":"Point","coordinates":[111.58855,-7.97531]}},{"type":"Feature","properties":{"REMARK":"Gedung/Bangunan"},"geometry":{"type":"Point","coordinates":[111.61748,-7.97529]}},{"type":"Feature","properties":{"REMARK":"Gedung/Bangunan"},"geometry":{"type":"Point","coordinates":[111.54836,-7.97541]}},{"type":"Feature","properties":{"REMARK":"Gedung/Bangunan"},"geometry":{"type":"Point","coordinates":[111.61747,-7.97535]}},{"type":"Feature","properties":{"REMARK":"Gedung/Bangunan"},"geometry":{"type":"Point","coordinates":[111.5898,-7.97543]}},{"type":"Feature","properties":{"REMARK":"Gedung/Bangunan"},"geometry":{"type":"Point","coordinates":[111.61744,-7.97546]}},{"type":"Feature","properties":{"REMARK":"Gedung/Bangunan"},"geometry":{"type":"Point","coordinates":[111.58957,-7.97555]}},{"type":"Feature","properties":{"REMARK":"Gedung/Bangunan"},"geometry":{"type":"Point","coordinates":[111.54832,-7.97562]}},{"type":"Feature","properties":{"REMARK":"Gedung/Bangunan"},"geometry":{"type":"Point","coordinates":[111.5303,-7.97807]}},{"type":"Feature","properties":{"REMARK":"Gedung/Bangunan"},"geometry":{"type":"Point","coordinates":[111.53064,-7.97814]}},{"type":"Feature","properties":{"REMARK":"Gedung/Bangunan"},"geometry":{"type":"Point","coordinates":[111.531,-7.97839]}},{"type":"Feature","properties":{"REMARK":"Gedung/Bangunan"},"geometry":{"type":"Point","coordinates":[111.53052,-7.97845]}},{"type":"Feature","properties":{"REMARK":"Gedung/Bangunan"},"geometry":{"type":"Point","coordinates":[111.53081,-7.97847]}},{"type":"Feature","properties":{"REMARK":"Gedung/Bangunan"},"geometry":{"type":"Point","coordinates":[111.53291,-7.97876]}},{"type":"Feature","properties":{"REMARK":"Gedung/Bangunan"},"geometry":{"type":"Point","coordinates":[111.53269,-7.97925]}},{"type":"Feature","properties":{"REMARK":"Gedung/Bangunan"},"geometry":{"type":"Point","coordinates":[111.53297,-7.9797]}},{"type":"Feature","properties":{"REMARK":"Gedung/Bangunan"},"geometry":{"type":"Point","coordinates":[111.53293,-7.97976]}},{"type":"Feature","properties":{"REMARK":"Gedung/Bangunan"},"geometry":{"type":"Point","coordinates":[111.6147,-7.98]}},{"type":"Feature","properties":{"REMARK":"Gedung/Bangunan"},"geometry":{"type":"Point","coordinates":[111.59082,-7.98012]}},{"type":"Feature","properties":{"REMARK":"Gedung/Bangunan"},"geometry":{"type":"Point","coordinates":[111.61468,-7.98008]}},{"type":"Feature","properties":{"REMARK":"Gedung/Bangunan"},"geometry":{"type":"Point","coordinates":[111.6123,-7.98026]}},{"type":"Feature","properties":{"REMARK":"Gedung/Bangunan"},"geometry":{"type":"Point","coordinates":[111.61226,-7.98051]}},{"type":"Feature","properties":{"REMARK":"Gedung/Bangunan"},"geometry":{"type":"Point","coordinates":[111.61189,-7.98056]}},{"type":"Feature","properties":{"REMARK":"Gedung/Bangunan"},"geometry":{"type":"Point","coordinates":[111.59038,-7.98065]}},{"type":"Feature","properties":{"REMARK":"Gedung/Bangunan"},"geometry":{"type":"Point","coordinates":[111.61187,-7.98068]}},{"type":"Feature","properties":{"REMARK":"Gedung/Bangunan"},"geometry":{"type":"Point","coordinates":[111.61221,-7.98071]}},{"type":"Feature","properties":{"REMARK":"Gedung/Bangunan"},"geometry":{"type":"Point","coordinates":[111.61356,-7.98098]}},{"type":"Feature","properties":{"REMARK":"Gedung/Bangunan"},"geometry":{"type":"Point","coordinates":[111.59107,-7.98268]}},{"type":"Feature","properties":{"REMARK":"Gedung/Bangunan"},"geometry":{"type":"Point","coordinates":[111.62366,-7.98288]}},{"type":"Feature","properties":{"REMARK":"Gedung/Bangunan"},"geometry":{"type":"Point","coordinates":[111.59109,-7.98294]}},{"type":"Feature","properties":{"REMARK":"Gedung/Bangunan"},"geometry":{"type":"Point","coordinates":[111.62402,-7.98296]}},{"type":"Feature","properties":{"REMARK":"Gedung/Bangunan"},"geometry":{"type":"Point","coordinates":[111.6237,-7.98309]}},{"type":"Feature","properties":{"REMARK":"Gedung/Bangunan"},"geometry":{"type":"Point","coordinates":[111.62393,-7.9831]}},{"type":"Feature","properties":{"REMARK":"Gedung/Bangunan"},"geometry":{"type":"Point","coordinates":[111.61695,-7.98376]}},{"type":"Feature","properties":{"REMARK":"Gedung/Bangunan"},"geometry":{"type":"Point","coordinates":[111.61466,-7.9838]}},{"type":"Feature","properties":{"REMARK":"Gedung/Bangunan"},"geometry":{"type":"Point","coordinates":[111.61575,-7.98388]}},{"type":"Feature","properties":{"REMARK":"Gedung/Bangunan"},"geometry":{"type":"Point","coordinates":[111.6156,-7.9839]}},{"type":"Feature","properties":{"REMARK":"Gedung/Bangunan"},"geometry":{"type":"Point","coordinates":[111.61689,-7.98392]}},{"type":"Feature","properties":{"REMARK":"Gedung/Bangunan"},"geometry":{"type":"Point","coordinates":[111.61688,-7.984]}},{"type":"Feature","properties":{"REMARK":"Gedung/Bangunan"},"geometry":{"type":"Point","coordinates":[111.61498,-7.98409]}},{"type":"Feature","properties":{"REMARK":"Gedung/Bangunan"},"geometry":{"type":"Point","coordinates":[111.61925,-7.9845]}},{"type":"Feature","properties":{"REMARK":"Gedung/Bangunan"},"geometry":{"type":"Point","coordinates":[111.61953,-7.98453]}},{"type":"Feature","properties":{"REMARK":"Gedung/Bangunan"},"geometry":{"type":"Point","coordinates":[111.61733,-7.98458]}},{"type":"Feature","properties":{"REMARK":"Gedung/Bangunan"},"geometry":{"type":"Point","coordinates":[111.61753,-7.98479]}},{"type":"Feature","properties":{"REMARK":"Gedung/Bangunan"},"geometry":{"type":"Point","coordinates":[111.61404,-7.98497]}},{"type":"Feature","properties":{"REMARK":"Gedung/Bangunan"},"geometry":{"type":"Point","coordinates":[111.61414,-7.98498]}},{"type":"Feature","properties":{"REMARK":"Gedung/Bangunan"},"geometry":{"type":"Point","coordinates":[111.6189,-7.98503]}},{"type":"Feature","properties":{"REMARK":"Gedung/Bangunan"},"geometry":{"type":"Point","coordinates":[111.61435,-7.98508]}},{"type":"Feature","properties":{"REMARK":"Gedung/Bangunan"},"geometry":{"type":"Point","coordinates":[111.53341,-7.98523]}},{"type":"Feature","properties":{"REMARK":"Gedung/Bangunan"},"geometry":{"type":"Point","coordinates":[111.53327,-7.98537]}},{"type":"Feature","properties":{"REMARK":"Gedung/Bangunan"},"geometry":{"type":"Point","coordinates":[111.5883,-7.98545]}},{"type":"Feature","properties":{"REMARK":"Gedung/Bangunan"},"geometry":{"type":"Point","coordinates":[111.61286,-7.98542]}},{"type":"Feature","properties":{"REMARK":"Gedung/Bangunan"},"geometry":{"type":"Point","coordinates":[111.53293,-7.98555]}},{"type":"Feature","properties":{"REMARK":"Gedung/Bangunan"},"geometry":{"type":"Point","coordinates":[111.58822,-7.98551]}},{"type":"Feature","properties":{"REMARK":"Gedung/Bangunan"},"geometry":{"type":"Point","coordinates":[111.6141,-7.98548]}},{"type":"Feature","properties":{"REMARK":"Gedung/Bangunan"},"geometry":{"type":"Point","coordinates":[111.53281,-7.98563]}},{"type":"Feature","properties":{"REMARK":"Gedung/Bangunan"},"geometry":{"type":"Point","coordinates":[111.61273,-7.98561]}},{"type":"Feature","properties":{"REMARK":"Gedung/Bangunan"},"geometry":{"type":"Point","coordinates":[111.58852,-7.98569]}},{"type":"Feature","properties":{"REMARK":"Gedung/Bangunan"},"geometry":{"type":"Point","coordinates":[111.6175,-7.98573]}},{"type":"Feature","properties":{"REMARK":"Gedung/Bangunan"},"geometry":{"type":"Point","coordinates":[111.58849,-7.98589]}},{"type":"Feature","properties":{"REMARK":"Gedung/Bangunan"},"geometry":{"type":"Point","coordinates":[111.60449,-7.98615]}},{"type":"Feature","properties":{"REMARK":"Gedung/Bangunan"},"geometry":{"type":"Point","coordinates":[111.61415,-7.98624]}},{"type":"Feature","properties":{"REMARK":"Gedung/Bangunan"},"geometry":{"type":"Point","coordinates":[111.60469,-7.98634]}},{"type":"Feature","properties":{"REMARK":"Gedung/Bangunan"},"geometry":{"type":"Point","coordinates":[111.61428,-7.98636]}},{"type":"Feature","properties":{"REMARK":"Gedung/Bangunan"},"geometry":{"type":"Point","coordinates":[111.61189,-7.98646]}},{"type":"Feature","properties":{"REMARK":"Gedung/Bangunan"},"geometry":{"type":"Point","coordinates":[111.61791,-7.98645]}},{"type":"Feature","properties":{"REMARK":"Gedung/Bangunan"},"geometry":{"type":"Point","coordinates":[111.61781,-7.9865]}},{"type":"Feature","properties":{"REMARK":"Gedung/Bangunan"},"geometry":{"type":"Point","coordinates":[111.61168,-7.98669]}},{"type":"Feature","properties":{"REMARK":"Gedung/Bangunan"},"geometry":{"type":"Point","coordinates":[111.60468,-7.98722]}},{"type":"Feature","properties":{"REMARK":"Gedung/Bangunan"},"geometry":{"type":"Point","coordinates":[111.60576,-7.9885]}},{"type":"Feature","properties":{"REMARK":"Gedung/Bangunan"},"geometry":{"type":"Point","coordinates":[111.60543,-7.98883]}},{"type":"Feature","properties":{"REMARK":"Gedung/Bangunan"},"geometry":{"type":"Point","coordinates":[111.6051,-7.98887]}},{"type":"Feature","properties":{"REMARK":"Gedung/Bangunan"},"geometry":{"type":"Point","coordinates":[111.60496,-7.98889]}},{"type":"Feature","properties":{"REMARK":"Gedung/Bangunan"},"geometry":{"type":"Point","coordinates":[111.60386,-7.98916]}},{"type":"Feature","properties":{"REMARK":"Gedung/Bangunan"},"geometry":{"type":"Point","coordinates":[111.61987,-7.9895]}},{"type":"Feature","properties":{"REMARK":"Gedung/Bangunan"},"geometry":{"type":"Point","coordinates":[111.60343,-7.9903]}},{"type":"Feature","properties":{"REMARK":"Gedung/Bangunan"},"geometry":{"type":"Point","coordinates":[111.5929,-7.99035]}},{"type":"Feature","properties":{"REMARK":"Gedung/Bangunan"},"geometry":{"type":"Point","coordinates":[111.59312,-7.9904]}},{"type":"Feature","properties":{"REMARK":"Gedung/Bangunan"},"geometry":{"type":"Point","coordinates":[111.59093,-7.99064]}},{"type":"Feature","properties":{"REMARK":"Gedung/Bangunan"},"geometry":{"type":"Point","coordinates":[111.5924,-7.99064]}},{"type":"Feature","properties":{"REMARK":"Gedung/Bangunan"},"geometry":{"type":"Point","coordinates":[111.59255,-7.99065]}},{"type":"Feature","properties":{"REMARK":"Gedung/Bangunan"},"geometry":{"type":"Point","coordinates":[111.59041,-7.99105]}},{"type":"Feature","properties":{"REMARK":"Gedung/Bangunan"},"geometry":{"type":"Point","coordinates":[111.54336,-7.99114]}},{"type":"Feature","properties":{"REMARK":"Gedung/Bangunan"},"geometry":{"type":"Point","coordinates":[111.54317,-7.99115]}},{"type":"Feature","properties":{"REMARK":"Gedung/Bangunan"},"geometry":{"type":"Point","coordinates":[111.54339,-7.9913]}},{"type":"Feature","properties":{"REMARK":"Gedung/Bangunan"},"geometry":{"type":"Point","coordinates":[111.57308,-7.99129]}},{"type":"Feature","properties":{"REMARK":"Gedung/Bangunan"},"geometry":{"type":"Point","coordinates":[111.57411,-7.99178]}},{"type":"Feature","properties":{"REMARK":"Gedung/Bangunan"},"geometry":{"type":"Point","coordinates":[111.62044,-7.9927]}},{"type":"Feature","properties":{"REMARK":"Gedung/Bangunan"},"geometry":{"type":"Point","coordinates":[111.59702,-7.99277]}},{"type":"Feature","properties":{"REMARK":"Gedung/Bangunan"},"geometry":{"type":"Point","coordinates":[111.62036,-7.99277]}},{"type":"Feature","properties":{"REMARK":"Gedung/Bangunan"},"geometry":{"type":"Point","coordinates":[111.6209,-7.99279]}},{"type":"Feature","properties":{"REMARK":"Gedung/Bangunan"},"geometry":{"type":"Point","coordinates":[111.60617,-7.99323]}},{"type":"Feature","properties":{"REMARK":"Gedung/Bangunan"},"geometry":{"type":"Point","coordinates":[111.59707,-7.99325]}},{"type":"Feature","properties":{"REMARK":"Gedung/Bangunan"},"geometry":{"type":"Point","coordinates":[111.60614,-7.99334]}},{"type":"Feature","properties":{"REMARK":"Gedung/Bangunan"},"geometry":{"type":"Point","coordinates":[111.60424,-7.99338]}},{"type":"Feature","properties":{"REMARK":"Gedung/Bangunan"},"geometry":{"type":"Point","coordinates":[111.60445,-7.9934]}},{"type":"Feature","properties":{"REMARK":"Gedung/Bangunan"},"geometry":{"type":"Point","coordinates":[111.60516,-7.9934]}},{"type":"Feature","properties":{"REMARK":"Gedung/Bangunan"},"geometry":{"type":"Point","coordinates":[111.59702,-7.99367]}},{"type":"Feature","properties":{"REMARK":"Gedung/Bangunan"},"geometry":{"type":"Point","coordinates":[111.59715,-7.99368]}},{"type":"Feature","properties":{"REMARK":"Gedung/Bangunan"},"geometry":{"type":"Point","coordinates":[111.59768,-7.99368]}},{"type":"Feature","properties":{"REMARK":"Gedung/Bangunan"},"geometry":{"type":"Point","coordinates":[111.59683,-7.99369]}},{"type":"Feature","properties":{"REMARK":"Gedung/Bangunan"},"geometry":{"type":"Point","coordinates":[111.59756,-7.9937]}},{"type":"Feature","properties":{"REMARK":"Gedung/Bangunan"},"geometry":{"type":"Point","coordinates":[111.60975,-7.99384]}},{"type":"Feature","properties":{"REMARK":"Gedung/Bangunan"},"geometry":{"type":"Point","coordinates":[111.60984,-7.99386]}},{"type":"Feature","properties":{"REMARK":"Gedung/Bangunan"},"geometry":{"type":"Point","coordinates":[111.59555,-7.99389]}},{"type":"Feature","properties":{"REMARK":"Gedung/Bangunan"},"geometry":{"type":"Point","coordinates":[111.61984,-7.99398]}},{"type":"Feature","properties":{"REMARK":"Gedung/Bangunan"},"geometry":{"type":"Point","coordinates":[111.61976,-7.99398]}},{"type":"Feature","properties":{"REMARK":"Gedung/Bangunan"},"geometry":{"type":"Point","coordinates":[111.59558,-7.99421]}},{"type":"Feature","properties":{"REMARK":"Gedung/Bangunan"},"geometry":{"type":"Point","coordinates":[111.59481,-7.99441]}},{"type":"Feature","properties":{"REMARK":"Gedung/Bangunan"},"geometry":{"type":"Point","coordinates":[111.53664,-7.99473]}},{"type":"Feature","properties":{"REMARK":"Gedung/Bangunan"},"geometry":{"type":"Point","coordinates":[111.59563,-7.9947]}},{"type":"Feature","properties":{"REMARK":"Gedung/Bangunan"},"geometry":{"type":"Point","coordinates":[111.53659,-7.99484]}},{"type":"Feature","properties":{"REMARK":"Gedung/Bangunan"},"geometry":{"type":"Point","coordinates":[111.60608,-7.99496]}},{"type":"Feature","properties":{"REMARK":"Gedung/Bangunan"},"geometry":{"type":"Point","coordinates":[111.59538,-7.99499]}},{"type":"Feature","properties":{"REMARK":"Gedung/Bangunan"},"geometry":{"type":"Point","coordinates":[111.60587,-7.99507]}},{"type":"Feature","properties":{"REMARK":"Gedung/Bangunan"},"geometry":{"type":"Point","coordinates":[111.6061,-7.99524]}},{"type":"Feature","properties":{"REMARK":"Gedung/Bangunan"},"geometry":{"type":"Point","coordinates":[111.553,-7.99757]}},{"type":"Feature","properties":{"REMARK":"Gedung/Bangunan"},"geometry":{"type":"Point","coordinates":[111.62239,-7.99758]}},{"type":"Feature","properties":{"REMARK":"Gedung/Bangunan"},"geometry":{"type":"Point","coordinates":[111.62247,-7.99763]}},{"type":"Feature","properties":{"REMARK":"Gedung/Bangunan"},"geometry":{"type":"Point","coordinates":[111.62236,-7.99765]}},{"type":"Feature","properties":{"REMARK":"Gedung/Bangunan"},"geometry":{"type":"Point","coordinates":[111.55307,-7.99787]}},{"type":"Feature","properties":{"REMARK":"Gedung/Bangunan"},"geometry":{"type":"Point","coordinates":[111.55355,-7.99801]}},{"type":"Feature","properties":{"REMARK":"Gedung/Bangunan"},"geometry":{"type":"Point","coordinates":[111.6223,-7.99795]}},{"type":"Feature","properties":{"REMARK":"Gedung/Bangunan"},"geometry":{"type":"Point","coordinates":[111.55259,-7.99861]}},{"type":"Feature","properties":{"REMARK":"Gedung/Bangunan"},"geometry":{"type":"Point","coordinates":[111.55323,-7.99871]}},{"type":"Feature","properties":{"REMARK":"Gedung/Bangunan"},"geometry":{"type":"Point","coordinates":[111.6074,-7.99863]}},{"type":"Feature","properties":{"REMARK":"Gedung/Bangunan"},"geometry":{"type":"Point","coordinates":[111.55313,-7.99881]}},{"type":"Feature","properties":{"REMARK":"Gedung/Bangunan"},"geometry":{"type":"Point","coordinates":[111.60747,-7.99878]}},{"type":"Feature","properties":{"REMARK":"Gedung/Bangunan"},"geometry":{"type":"Point","coordinates":[111.62176,-7.99914]}},{"type":"Feature","properties":{"REMARK":"Gedung/Bangunan"},"geometry":{"type":"Point","coordinates":[111.62182,-7.99917]}},{"type":"Feature","properties":{"REMARK":"Gedung/Bangunan"},"geometry":{"type":"Point","coordinates":[111.61949,-7.99935]}},{"type":"Feature","properties":{"REMARK":"Gedung/Bangunan"},"geometry":{"type":"Point","coordinates":[111.61956,-7.99935]}},{"type":"Feature","properties":{"REMARK":"Gedung/Bangunan"},"geometry":{"type":"Point","coordinates":[111.61949,-7.99948]}},{"type":"Feature","properties":{"REMARK":"Gedung/Bangunan"},"geometry":{"type":"Point","coordinates":[111.62176,-7.99958]}},{"type":"Feature","properties":{"REMARK":"Gedung/Bangunan"},"geometry":{"type":"Point","coordinates":[111.62172,-7.99971]}},{"type":"Feature","properties":{"REMARK":"Gedung/Bangunan"},"geometry":{"type":"Point","coordinates":[111.6324,-8.00003]}},{"type":"Feature","properties":{"REMARK":"Gedung/Bangunan"},"geometry":{"type":"Point","coordinates":[111.63686,-8.00063]}},{"type":"Feature","properties":{"REMARK":"Gedung/Bangunan"},"geometry":{"type":"Point","coordinates":[111.64069,-8.00075]}},{"type":"Feature","properties":{"REMARK":"Gedung/Bangunan"},"geometry":{"type":"Point","coordinates":[111.63734,-8.0009]}},{"type":"Feature","properties":{"REMARK":"Gedung/Bangunan"},"geometry":{"type":"Point","coordinates":[111.64042,-8.00104]}},{"type":"Feature","properties":{"REMARK":"Gedung/Bangunan"},"geometry":{"type":"Point","coordinates":[111.65034,-8.00124]}},{"type":"Feature","properties":{"REMARK":"Gedung/Bangunan"},"geometry":{"type":"Point","coordinates":[111.65057,-8.00162]}},{"type":"Feature","properties":{"REMARK":"Gedung/Bangunan"},"geometry":{"type":"Point","coordinates":[111.65308,-8.00162]}},{"type":"Feature","properties":{"REMARK":"Gedung/Bangunan"},"geometry":{"type":"Point","coordinates":[111.65296,-8.00164]}},{"type":"Feature","properties":{"REMARK":"Gedung/Bangunan"},"geometry":{"type":"Point","coordinates":[111.65103,-8.00164]}},{"type":"Feature","properties":{"REMARK":"Gedung/Bangunan"},"geometry":{"type":"Point","coordinates":[111.65051,-8.00185]}},{"type":"Feature","properties":{"REMARK":"Gedung/Bangunan"},"geometry":{"type":"Point","coordinates":[111.65325,-8.00232]}},{"type":"Feature","properties":{"REMARK":"Gedung/Bangunan"},"geometry":{"type":"Point","coordinates":[111.65302,-8.00246]}},{"type":"Feature","properties":{"REMARK":"Gedung/Bangunan"},"geometry":{"type":"Point","coordinates":[111.65315,-8.0025]}},{"type":"Feature","properties":{"REMARK":"Gedung/Bangunan"},"geometry":{"type":"Point","coordinates":[111.65264,-8.00273]}},{"type":"Feature","properties":{"REMARK":"Gedung/Bangunan"},"geometry":{"type":"Point","coordinates":[111.65222,-8.00276]}},{"type":"Feature","properties":{"REMARK":"Gedung/Bangunan"},"geometry":{"type":"Point","coordinates":[111.63288,-8.00305]}},{"type":"Feature","properties":{"REMARK":"Gedung/Bangunan"},"geometry":{"type":"Point","coordinates":[111.65458,-8.00365]}},{"type":"Feature","properties":{"REMARK":"Gedung/Bangunan"},"geometry":{"type":"Point","coordinates":[111.65431,-8.00366]}},{"type":"Feature","properties":{"REMARK":"Gedung/Bangunan"},"geometry":{"type":"Point","coordinates":[111.65448,-8.00377]}},{"type":"Feature","properties":{"REMARK":"Gedung/Bangunan"},"geometry":{"type":"Point","coordinates":[111.6438,-8.00382]}},{"type":"Feature","properties":{"REMARK":"Gedung/Bangunan"},"geometry":{"type":"Point","coordinates":[111.62567,-8.00642]}},{"type":"Feature","properties":{"REMARK":"Gedung/Bangunan"},"geometry":{"type":"Point","coordinates":[111.62595,-8.00685]}},{"type":"Feature","properties":{"REMARK":"Gedung/Bangunan"},"geometry":{"type":"Point","coordinates":[111.62643,-8.00797]}},{"type":"Feature","properties":{"REMARK":"Gedung/Bangunan"},"geometry":{"type":"Point","coordinates":[111.6264,-8.00817]}},{"type":"Feature","properties":{"REMARK":"Gedung/Bangunan"},"geometry":{"type":"Point","coordinates":[111.62626,-8.00826]}},{"type":"Feature","properties":{"REMARK":"Gedung/Bangunan"},"geometry":{"type":"Point","coordinates":[111.62141,-8.00001]}},{"type":"Feature","properties":{"REMARK":"Gedung/Bangunan"},"geometry":{"type":"Point","coordinates":[111.62139,-8.00008]}},{"type":"Feature","properties":{"REMARK":"Gedung/Bangunan"},"geometry":{"type":"Point","coordinates":[111.62131,-8.00009]}},{"type":"Feature","properties":{"REMARK":"Gedung/Bangunan"},"geometry":{"type":"Point","coordinates":[111.62166,-8.00017]}},{"type":"Feature","properties":{"REMARK":"Gedung/Bangunan"},"geometry":{"type":"Point","coordinates":[111.61919,-8.00019]}},{"type":"Feature","properties":{"REMARK":"Gedung/Bangunan"},"geometry":{"type":"Point","coordinates":[111.61905,-8.00022]}},{"type":"Feature","properties":{"REMARK":"Gedung/Bangunan"},"geometry":{"type":"Point","coordinates":[111.61914,-8.00063]}},{"type":"Feature","properties":{"REMARK":"Gedung/Bangunan"},"geometry":{"type":"Point","coordinates":[111.58521,-8.00077]}},{"type":"Feature","properties":{"REMARK":"Gedung/Bangunan"},"geometry":{"type":"Point","coordinates":[111.6187,-8.00075]}},{"type":"Feature","properties":{"REMARK":"Gedung/Bangunan"},"geometry":{"type":"Point","coordinates":[111.62105,-8.00122]}},{"type":"Feature","properties":{"REMARK":"Gedung/Bangunan"},"geometry":{"type":"Point","coordinates":[111.60858,-8.00125]}},{"type":"Feature","properties":{"REMARK":"Gedung/Bangunan"},"geometry":{"type":"Point","coordinates":[111.58882,-8.00133]}},{"type":"Feature","properties":{"REMARK":"Gedung/Bangunan"},"geometry":{"type":"Point","coordinates":[111.60825,-8.00131]}},{"type":"Feature","properties":{"REMARK":"Gedung/Bangunan"},"geometry":{"type":"Point","coordinates":[111.58531,-8.00137]}},{"type":"Feature","properties":{"REMARK":"Gedung/Bangunan"},"geometry":{"type":"Point","coordinates":[111.58891,-8.00138]}},{"type":"Feature","properties":{"REMARK":"Gedung/Bangunan"},"geometry":{"type":"Point","coordinates":[111.5891,-8.00142]}},{"type":"Feature","properties":{"REMARK":"Gedung/Bangunan"},"geometry":{"type":"Point","coordinates":[111.60899,-8.00139]}},{"type":"Feature","properties":{"REMARK":"Gedung/Bangunan"},"geometry":{"type":"Point","coordinates":[111.58915,-8.00143]}},{"type":"Feature","properties":{"REMARK":"Gedung/Bangunan"},"geometry":{"type":"Point","coordinates":[111.61699,-8.00143]}},{"type":"Feature","properties":{"REMARK":"Gedung/Bangunan"},"geometry":{"type":"Point","coordinates":[111.6081,-8.0015]}},{"type":"Feature","properties":{"REMARK":"Gedung/Bangunan"},"geometry":{"type":"Point","coordinates":[111.61724,-8.00149]}},{"type":"Feature","properties":{"REMARK":"Gedung/Bangunan"},"geometry":{"type":"Point","coordinates":[111.58977,-8.00162]}},{"type":"Feature","properties":{"REMARK":"Gedung/Bangunan"},"geometry":{"type":"Point","coordinates":[111.58983,-8.00163]}},{"type":"Feature","properties":{"REMARK":"Gedung/Bangunan"},"geometry":{"type":"Point","coordinates":[111.60806,-8.00162]}},{"type":"Feature","properties":{"REMARK":"Gedung/Bangunan"},"geometry":{"type":"Point","coordinates":[111.62082,-8.00171]}},{"type":"Feature","properties":{"REMARK":"Gedung/Bangunan"},"geometry":{"type":"Point","coordinates":[111.62095,-8.00172]}},{"type":"Feature","properties":{"REMARK":"Gedung/Bangunan"},"geometry":{"type":"Point","coordinates":[111.62142,-8.00179]}},{"type":"Feature","properties":{"REMARK":"Gedung/Bangunan"},"geometry":{"type":"Point","coordinates":[111.62132,-8.00179]}},{"type":"Feature","properties":{"REMARK":"Gedung/Bangunan"},"geometry":{"type":"Point","coordinates":[111.59038,-8.00188]}},{"type":"Feature","properties":{"REMARK":"Gedung/Bangunan"},"geometry":{"type":"Point","coordinates":[111.61946,-8.00188]}},{"type":"Feature","properties":{"REMARK":"Gedung/Bangunan"},"geometry":{"type":"Point","coordinates":[111.59046,-8.00193]}},{"type":"Feature","properties":{"REMARK":"Gedung/Bangunan"},"geometry":{"type":"Point","coordinates":[111.62172,-8.00202]}},{"type":"Feature","properties":{"REMARK":"Gedung/Bangunan"},"geometry":{"type":"Point","coordinates":[111.61749,-8.00219]}},{"type":"Feature","properties":{"REMARK":"Gedung/Bangunan"},"geometry":{"type":"Point","coordinates":[111.61752,-8.00231]}},{"type":"Feature","properties":{"REMARK":"Gedung/Bangunan"},"geometry":{"type":"Point","coordinates":[111.61765,-8.00253]}},{"type":"Feature","properties":{"REMARK":"Gedung/Bangunan"},"geometry":{"type":"Point","coordinates":[111.61762,-8.0026]}},{"type":"Feature","properties":{"REMARK":"Gedung/Bangunan"},"geometry":{"type":"Point","coordinates":[111.60744,-8.00298]}},{"type":"Feature","properties":{"REMARK":"Gedung/Bangunan"},"geometry":{"type":"Point","coordinates":[111.62374,-8.00322]}},{"type":"Feature","properties":{"REMARK":"Gedung/Bangunan"},"geometry":{"type":"Point","coordinates":[111.62384,-8.00327]}},{"type":"Feature","properties":{"REMARK":"Gedung/Bangunan"},"geometry":{"type":"Point","coordinates":[111.60729,-8.00337]}},{"type":"Feature","properties":{"REMARK":"Gedung/Bangunan"},"geometry":{"type":"Point","coordinates":[111.57422,-8.00369]}},{"type":"Feature","properties":{"REMARK":"Gedung/Bangunan"},"geometry":{"type":"Point","coordinates":[111.56667,-8.00375]}},{"type":"Feature","properties":{"REMARK":"Gedung/Bangunan"},"geometry":{"type":"Point","coordinates":[111.56691,-8.00379]}},{"type":"Feature","properties":{"REMARK":"Gedung/Bangunan"},"geometry":{"type":"Point","coordinates":[111.57413,-8.00379]}},{"type":"Feature","properties":{"REMARK":"Gedung/Bangunan"},"geometry":{"type":"Point","coordinates":[111.60728,-8.00377]}},{"type":"Feature","properties":{"REMARK":"Gedung/Bangunan"},"geometry":{"type":"Point","coordinates":[111.56573,-8.00387]}},{"type":"Feature","properties":{"REMARK":"Gedung/Bangunan"},"geometry":{"type":"Point","coordinates":[111.56661,-8.00393]}},{"type":"Feature","properties":{"REMARK":"Gedung/Bangunan"},"geometry":{"type":"Point","coordinates":[111.56568,-8.00403]}},{"type":"Feature","properties":{"REMARK":"Gedung/Bangunan"},"geometry":{"type":"Point","coordinates":[111.62269,-8.00398]}},{"type":"Feature","properties":{"REMARK":"Gedung/Bangunan"},"geometry":{"type":"Point","coordinates":[111.62262,-8.00399]}},{"type":"Feature","properties":{"REMARK":"Gedung/Bangunan"},"geometry":{"type":"Point","coordinates":[111.56741,-8.00415]}},{"type":"Feature","properties":{"REMARK":"Gedung/Bangunan"},"geometry":{"type":"Point","coordinates":[111.5666,-8.00417]}},{"type":"Feature","properties":{"REMARK":"Gedung/Bangunan"},"geometry":{"type":"Point","coordinates":[111.56609,-8.00458]}},{"type":"Feature","properties":{"REMARK":"Gedung/Bangunan"},"geometry":{"type":"Point","coordinates":[111.60715,-8.00456]}},{"type":"Feature","properties":{"REMARK":"Gedung/Bangunan"},"geometry":{"type":"Point","coordinates":[111.56613,-8.00475]}},{"type":"Feature","properties":{"REMARK":"Gedung/Bangunan"},"geometry":{"type":"Point","coordinates":[111.62142,-8.00478]}},{"type":"Feature","properties":{"REMARK":"Gedung/Bangunan"},"geometry":{"type":"Point","coordinates":[111.62013,-8.00479]}},{"type":"Feature","properties":{"REMARK":"Gedung/Bangunan"},"geometry":{"type":"Point","coordinates":[111.62001,-8.0048]}},{"type":"Feature","properties":{"REMARK":"Gedung/Bangunan"},"geometry":{"type":"Point","coordinates":[111.56665,-8.00491]}},{"type":"Feature","properties":{"REMARK":"Gedung/Bangunan"},"geometry":{"type":"Point","coordinates":[111.62035,-8.00485]}},{"type":"Feature","properties":{"REMARK":"Gedung/Bangunan"},"geometry":{"type":"Point","coordinates":[111.62046,-8.00486]}},{"type":"Feature","properties":{"REMARK":"Gedung/Bangunan"},"geometry":{"type":"Point","coordinates":[111.56827,-8.00495]}},{"type":"Feature","properties":{"REMARK":"Gedung/Bangunan"},"geometry":{"type":"Point","coordinates":[111.56877,-8.00497]}},{"type":"Feature","properties":{"REMARK":"Gedung/Bangunan"},"geometry":{"type":"Point","coordinates":[111.62131,-8.00494]}},{"type":"Feature","properties":{"REMARK":"Gedung/Bangunan"},"geometry":{"type":"Point","coordinates":[111.62124,-8.00495]}},{"type":"Feature","properties":{"REMARK":"Gedung/Bangunan"},"geometry":{"type":"Point","coordinates":[111.56662,-8.00507]}},{"type":"Feature","properties":{"REMARK":"Gedung/Bangunan"},"geometry":{"type":"Point","coordinates":[111.56636,-8.00511]}},{"type":"Feature","properties":{"REMARK":"Gedung/Bangunan"},"geometry":{"type":"Point","coordinates":[111.56658,-8.00517]}},{"type":"Feature","properties":{"REMARK":"Gedung/Bangunan"},"geometry":{"type":"Point","coordinates":[111.58454,-8.00622]}},{"type":"Feature","properties":{"REMARK":"Gedung/Bangunan"},"geometry":{"type":"Point","coordinates":[111.58371,-8.00628]}},{"type":"Feature","properties":{"REMARK":"Gedung/Bangunan"},"geometry":{"type":"Point","coordinates":[111.57639,-8.00688]}},{"type":"Feature","properties":{"REMARK":"Gedung/Bangunan"},"geometry":{"type":"Point","coordinates":[111.58514,-8.00699]}},{"type":"Feature","properties":{"REMARK":"Gedung/Bangunan"},"geometry":{"type":"Point","coordinates":[111.58503,-8.00699]}},{"type":"Feature","properties":{"REMARK":"Gedung/Bangunan"},"geometry":{"type":"Point","coordinates":[111.58471,-8.00699]}},{"type":"Feature","properties":{"REMARK":"Gedung/Bangunan"},"geometry":{"type":"Point","coordinates":[111.58479,-8.00699]}},{"type":"Feature","properties":{"REMARK":"Gedung/Bangunan"},"geometry":{"type":"Point","coordinates":[111.5764,-8.00712]}},{"type":"Feature","properties":{"REMARK":"Gedung/Bangunan"},"geometry":{"type":"Point","coordinates":[111.57664,-8.00719]}},{"type":"Feature","properties":{"REMARK":"Gedung/Bangunan"},"geometry":{"type":"Point","coordinates":[111.5692,-8.00723]}},{"type":"Feature","properties":{"REMARK":"Gedung/Bangunan"},"geometry":{"type":"Point","coordinates":[111.57613,-8.00742]}},{"type":"Feature","properties":{"REMARK":"Gedung/Bangunan"},"geometry":{"type":"Point","coordinates":[111.57612,-8.00754]}},{"type":"Feature","properties":{"REMARK":"Gedung/Bangunan"},"geometry":{"type":"Point","coordinates":[111.5807,-8.00788]}},{"type":"Feature","properties":{"REMARK":"Gedung/Bangunan"},"geometry":{"type":"Point","coordinates":[111.59737,-8.008]}},{"type":"Feature","properties":{"REMARK":"Gedung/Bangunan"},"geometry":{"type":"Point","coordinates":[111.59706,-8.00811]}},{"type":"Feature","properties":{"REMARK":"Gedung/Bangunan"},"geometry":{"type":"Point","coordinates":[111.60445,-8.00821]}},{"type":"Feature","properties":{"REMARK":"Gedung/Bangunan"},"geometry":{"type":"Point","coordinates":[111.59603,-8.00824]}},{"type":"Feature","properties":{"REMARK":"Gedung/Bangunan"},"geometry":{"type":"Point","coordinates":[111.56716,-8.00836]}},{"type":"Feature","properties":{"REMARK":"Gedung/Bangunan"},"geometry":{"type":"Point","coordinates":[111.56142,-8.00838]}},{"type":"Feature","properties":{"REMARK":"Gedung/Bangunan"},"geometry":{"type":"Point","coordinates":[111.57673,-8.0084]}},{"type":"Feature","properties":{"REMARK":"Gedung/Bangunan"},"geometry":{"type":"Point","coordinates":[111.57667,-8.00841]}},{"type":"Feature","properties":{"REMARK":"Gedung/Bangunan"},"geometry":{"type":"Point","coordinates":[111.56272,-8.00849]}},{"type":"Feature","properties":{"REMARK":"Gedung/Bangunan"},"geometry":{"type":"Point","coordinates":[111.5626,-8.0085]}},{"type":"Feature","properties":{"REMARK":"Gedung/Bangunan"},"geometry":{"type":"Point","coordinates":[111.57582,-8.00849]}},{"type":"Feature","properties":{"REMARK":"Gedung/Bangunan"},"geometry":{"type":"Point","coordinates":[111.59507,-8.00847]}},{"type":"Feature","properties":{"REMARK":"Gedung/Bangunan"},"geometry":{"type":"Point","coordinates":[111.59526,-8.00851]}},{"type":"Feature","properties":{"REMARK":"Gedung/Bangunan"},"geometry":{"type":"Point","coordinates":[111.56145,-8.00859]}},{"type":"Feature","properties":{"REMARK":"Gedung/Bangunan"},"geometry":{"type":"Point","coordinates":[111.56257,-8.00877]}},{"type":"Feature","properties":{"REMARK":"Gedung/Bangunan"},"geometry":{"type":"Point","coordinates":[111.56132,-8.00878]}},{"type":"Feature","properties":{"REMARK":"Gedung/Bangunan"},"geometry":{"type":"Point","coordinates":[111.59659,-8.00873]}},{"type":"Feature","properties":{"REMARK":"Gedung/Bangunan"},"geometry":{"type":"Point","coordinates":[111.57567,-8.00879]}},{"type":"Feature","properties":{"REMARK":"Gedung/Bangunan"},"geometry":{"type":"Point","coordinates":[111.5768,-8.0088]}},{"type":"Feature","properties":{"REMARK":"Gedung/Bangunan"},"geometry":{"type":"Point","coordinates":[111.59743,-8.00879]}},{"type":"Feature","properties":{"REMARK":"Gedung/Bangunan"},"geometry":{"type":"Point","coordinates":[111.56284,-8.00885]}},{"type":"Feature","properties":{"REMARK":"Gedung/Bangunan"},"geometry":{"type":"Point","coordinates":[111.56297,-8.00885]}},{"type":"Feature","properties":{"REMARK":"Gedung/Bangunan"},"geometry":{"type":"Point","coordinates":[111.59494,-8.00885]}},{"type":"Feature","properties":{"REMARK":"Gedung/Bangunan"},"geometry":{"type":"Point","coordinates":[111.59532,-8.00889]}},{"type":"Feature","properties":{"REMARK":"Gedung/Bangunan"},"geometry":{"type":"Point","coordinates":[111.57649,-8.00908]}},{"type":"Feature","properties":{"REMARK":"Gedung/Bangunan"},"geometry":{"type":"Point","coordinates":[111.598,-8.00908]}},{"type":"Feature","properties":{"REMARK":"Gedung/Bangunan"},"geometry":{"type":"Point","coordinates":[111.5665,-8.00919]}},{"type":"Feature","properties":{"REMARK":"Gedung/Bangunan"},"geometry":{"type":"Point","coordinates":[111.57643,-8.00918]}},{"type":"Feature","properties":{"REMARK":"Gedung/Bangunan"},"geometry":{"type":"Point","coordinates":[111.59654,-8.0092]}},{"type":"Feature","properties":{"REMARK":"Gedung/Bangunan"},"geometry":{"type":"Point","coordinates":[111.56665,-8.0093]}},{"type":"Feature","properties":{"REMARK":"Gedung/Bangunan"},"geometry":{"type":"Point","coordinates":[111.56609,-8.00932]}},{"type":"Feature","properties":{"REMARK":"Gedung/Bangunan"},"geometry":{"type":"Point","coordinates":[111.56602,-8.00932]}},{"type":"Feature","properties":{"REMARK":"Gedung/Bangunan"},"geometry":{"type":"Point","coordinates":[111.56238,-8.00937]}},{"type":"Feature","properties":{"REMARK":"Gedung/Bangunan"},"geometry":{"type":"Point","coordinates":[111.59648,-8.00932]}},{"type":"Feature","properties":{"REMARK":"Gedung/Bangunan"},"geometry":{"type":"Point","coordinates":[111.56248,-8.00942]}},{"type":"Feature","properties":{"REMARK":"Gedung/Bangunan"},"geometry":{"type":"Point","coordinates":[111.56289,-8.00944]}},{"type":"Feature","properties":{"REMARK":"Gedung/Bangunan"},"geometry":{"type":"Point","coordinates":[111.56275,-8.00945]}},{"type":"Feature","properties":{"REMARK":"Gedung/Bangunan"},"geometry":{"type":"Point","coordinates":[111.56406,-8.00952]}},{"type":"Feature","properties":{"REMARK":"Gedung/Bangunan"},"geometry":{"type":"Point","coordinates":[111.56703,-8.00953]}},{"type":"Feature","properties":{"REMARK":"Gedung/Bangunan"},"geometry":{"type":"Point","coordinates":[111.56396,-8.00954]}},{"type":"Feature","properties":{"REMARK":"Gedung/Bangunan"},"geometry":{"type":"Point","coordinates":[111.60367,-8.0095]}},{"type":"Feature","properties":{"REMARK":"Gedung/Bangunan"},"geometry":{"type":"Point","coordinates":[111.60337,-8.00955]}},{"type":"Feature","properties":{"REMARK":"Gedung/Bangunan"},"geometry":{"type":"Point","coordinates":[111.56509,-8.00971]}},{"type":"Feature","properties":{"REMARK":"Gedung/Bangunan"},"geometry":{"type":"Point","coordinates":[111.56498,-8.00972]}},{"type":"Feature","properties":{"REMARK":"Gedung/Bangunan"},"geometry":{"type":"Point","coordinates":[111.57856,-8.0098]}},{"type":"Feature","properties":{"REMARK":"Gedung/Bangunan"},"geometry":{"type":"Point","coordinates":[111.59824,-8.00977]}},{"type":"Feature","properties":{"REMARK":"Gedung/Bangunan"},"geometry":{"type":"Point","coordinates":[111.59612,-8.0099]}},{"type":"Feature","properties":{"REMARK":"Gedung/Bangunan"},"geometry":{"type":"Point","coordinates":[111.57855,-8.00997]}},{"type":"Feature","properties":{"REMARK":"Gedung/Bangunan"},"geometry":{"type":"Point","coordinates":[111.55264,-8.01003]}},{"type":"Feature","properties":{"REMARK":"Gedung/Bangunan"},"geometry":{"type":"Point","coordinates":[111.60309,-8.01]}},{"type":"Feature","properties":{"REMARK":"Gedung/Bangunan"},"geometry":{"type":"Point","coordinates":[111.60481,-8.01004]}},{"type":"Feature","properties":{"REMARK":"Gedung/Bangunan"},"geometry":{"type":"Point","coordinates":[111.59684,-8.01011]}},{"type":"Feature","properties":{"REMARK":"Gedung/Bangunan"},"geometry":{"type":"Point","coordinates":[111.55294,-8.01018]}},{"type":"Feature","properties":{"REMARK":"Gedung/Bangunan"},"geometry":{"type":"Point","coordinates":[111.60367,-8.01013]}},{"type":"Feature","properties":{"REMARK":"Gedung/Bangunan"},"geometry":{"type":"Point","coordinates":[111.5739,-8.0102]}},{"type":"Feature","properties":{"REMARK":"Gedung/Bangunan"},"geometry":{"type":"Point","coordinates":[111.60408,-8.01024]}},{"type":"Feature","properties":{"REMARK":"Gedung/Bangunan"},"geometry":{"type":"Point","coordinates":[111.60398,-8.01025]}},{"type":"Feature","properties":{"REMARK":"Gedung/Bangunan"},"geometry":{"type":"Point","coordinates":[111.57402,-8.0103]}},{"type":"Feature","properties":{"REMARK":"Gedung/Bangunan"},"geometry":{"type":"Point","coordinates":[111.57634,-8.01034]}},{"type":"Feature","properties":{"REMARK":"Gedung/Bangunan"},"geometry":{"type":"Point","coordinates":[111.60477,-8.01038]}},{"type":"Feature","properties":{"REMARK":"Gedung/Bangunan"},"geometry":{"type":"Point","coordinates":[111.56741,-8.01045]}},{"type":"Feature","properties":{"REMARK":"Gedung/Bangunan"},"geometry":{"type":"Point","coordinates":[111.56708,-8.01047]}},{"type":"Feature","properties":{"REMARK":"Gedung/Bangunan"},"geometry":{"type":"Point","coordinates":[111.56698,-8.01047]}},{"type":"Feature","properties":{"REMARK":"Gedung/Bangunan"},"geometry":{"type":"Point","coordinates":[111.59861,-8.01043]}},{"type":"Feature","properties":{"REMARK":"Gedung/Bangunan"},"geometry":{"type":"Point","coordinates":[111.59666,-8.01045]}},{"type":"Feature","properties":{"REMARK":"Gedung/Bangunan"},"geometry":{"type":"Point","coordinates":[111.59702,-8.01048]}},{"type":"Feature","properties":{"REMARK":"Gedung/Bangunan"},"geometry":{"type":"Point","coordinates":[111.56742,-8.01057]}},{"type":"Feature","properties":{"REMARK":"Gedung/Bangunan"},"geometry":{"type":"Point","coordinates":[111.60408,-8.0106]}},{"type":"Feature","properties":{"REMARK":"Gedung/Bangunan"},"geometry":{"type":"Point","coordinates":[111.56573,-8.01069]}},{"type":"Feature","properties":{"REMARK":"Gedung/Bangunan"},"geometry":{"type":"Point","coordinates":[111.56327,-8.01071]}},{"type":"Feature","properties":{"REMARK":"Gedung/Bangunan"},"geometry":{"type":"Point","coordinates":[111.60608,-8.01065]}},{"type":"Feature","properties":{"REMARK":"Gedung/Bangunan"},"geometry":{"type":"Point","coordinates":[111.6054,-8.01077]}},{"type":"Feature","properties":{"REMARK":"Gedung/Bangunan"},"geometry":{"type":"Point","coordinates":[111.57958,-8.01087]}},{"type":"Feature","properties":{"REMARK":"Gedung/Bangunan"},"geometry":{"type":"Point","coordinates":[111.55231,-8.01091]}},{"type":"Feature","properties":{"REMARK":"Gedung/Bangunan"},"geometry":{"type":"Point","coordinates":[111.55231,-8.01102]}},{"type":"Feature","properties":{"REMARK":"Gedung/Bangunan"},"geometry":{"type":"Point","coordinates":[111.5653,-8.01106]}},{"type":"Feature","properties":{"REMARK":"Gedung/Bangunan"},"geometry":{"type":"Point","coordinates":[111.56555,-8.01118]}},{"type":"Feature","properties":{"REMARK":"Gedung/Bangunan"},"geometry":{"type":"Point","coordinates":[111.57684,-8.01117]}},{"type":"Feature","properties":{"REMARK":"Gedung/Bangunan"},"geometry":{"type":"Point","coordinates":[111.57678,-8.01137]}},{"type":"Feature","properties":{"REMARK":"Gedung/Bangunan"},"geometry":{"type":"Point","coordinates":[111.57784,-8.01138]}},{"type":"Feature","properties":{"REMARK":"Gedung/Bangunan"},"geometry":{"type":"Point","coordinates":[111.57983,-8.01145]}},{"type":"Feature","properties":{"REMARK":"Gedung/Bangunan"},"geometry":{"type":"Point","coordinates":[111.58019,-8.01151]}},{"type":"Feature","properties":{"REMARK":"Gedung/Bangunan"},"geometry":{"type":"Point","coordinates":[111.59566,-8.01162]}},{"type":"Feature","properties":{"REMARK":"Gedung/Bangunan"},"geometry":{"type":"Point","coordinates":[111.59593,-8.0117]}},{"type":"Feature","properties":{"REMARK":"Gedung/Bangunan"},"geometry":{"type":"Point","coordinates":[111.57781,-8.01174]}},{"type":"Feature","properties":{"REMARK":"Gedung/Bangunan"},"geometry":{"type":"Point","coordinates":[111.59617,-8.0119]}},{"type":"Feature","properties":{"REMARK":"Gedung/Bangunan"},"geometry":{"type":"Point","coordinates":[111.59598,-8.01199]}},{"type":"Feature","properties":{"REMARK":"Gedung/Bangunan"},"geometry":{"type":"Point","coordinates":[111.59587,-8.01203]}},{"type":"Feature","properties":{"REMARK":"Gedung/Bangunan"},"geometry":{"type":"Point","coordinates":[111.59648,-8.0121]}},{"type":"Feature","properties":{"REMARK":"Gedung/Bangunan"},"geometry":{"type":"Point","coordinates":[111.54956,-8.01223]}},{"type":"Feature","properties":{"REMARK":"Gedung/Bangunan"},"geometry":{"type":"Point","coordinates":[111.59647,-8.01219]}},{"type":"Feature","properties":{"REMARK":"Gedung/Bangunan"},"geometry":{"type":"Point","coordinates":[111.57747,-8.01231]}},{"type":"Feature","properties":{"REMARK":"Gedung/Bangunan"},"geometry":{"type":"Point","coordinates":[111.60533,-8.01227]}},{"type":"Feature","properties":{"REMARK":"Gedung/Bangunan"},"geometry":{"type":"Point","coordinates":[111.55407,-8.01248]}},{"type":"Feature","properties":{"REMARK":"Gedung/Bangunan"},"geometry":{"type":"Point","coordinates":[111.60533,-8.01242]}},{"type":"Feature","properties":{"REMARK":"Gedung/Bangunan"},"geometry":{"type":"Point","coordinates":[111.60495,-8.01242]}},{"type":"Feature","properties":{"REMARK":"Gedung/Bangunan"},"geometry":{"type":"Point","coordinates":[111.54971,-8.01251]}},{"type":"Feature","properties":{"REMARK":"Gedung/Bangunan"},"geometry":{"type":"Point","coordinates":[111.54962,-8.01253]}},{"type":"Feature","properties":{"REMARK":"Gedung/Bangunan"},"geometry":{"type":"Point","coordinates":[111.5966,-8.0125]}},{"type":"Feature","properties":{"REMARK":"Gedung/Bangunan"},"geometry":{"type":"Point","coordinates":[111.59628,-8.01258]}},{"type":"Feature","properties":{"REMARK":"Gedung/Bangunan"},"geometry":{"type":"Point","coordinates":[111.57666,-8.01273]}},{"type":"Feature","properties":{"REMARK":"Gedung/Bangunan"},"geometry":{"type":"Point","coordinates":[111.57732,-8.0128]}},{"type":"Feature","properties":{"REMARK":"Gedung/Bangunan"},"geometry":{"type":"Point","coordinates":[111.55049,-8.01291]}},{"type":"Feature","properties":{"REMARK":"Gedung/Bangunan"},"geometry":{"type":"Point","coordinates":[111.55302,-8.01294]}},{"type":"Feature","properties":{"REMARK":"Gedung/Bangunan"},"geometry":{"type":"Point","coordinates":[111.56698,-8.01295]}},{"type":"Feature","properties":{"REMARK":"Gedung/Bangunan"},"geometry":{"type":"Point","coordinates":[111.60294,-8.01294]}},{"type":"Feature","properties":{"REMARK":"Gedung/Bangunan"},"geometry":{"type":"Point","coordinates":[111.57791,-8.01301]}},{"type":"Feature","properties":{"REMARK":"Gedung/Bangunan"},"geometry":{"type":"Point","coordinates":[111.55355,-8.01306]}},{"type":"Feature","properties":{"REMARK":"Gedung/Bangunan"},"geometry":{"type":"Point","coordinates":[111.55284,-8.01309]}},{"type":"Feature","properties":{"REMARK":"Gedung/Bangunan"},"geometry":{"type":"Point","coordinates":[111.55296,-8.0131]}},{"type":"Feature","properties":{"REMARK":"Gedung/Bangunan"},"geometry":{"type":"Point","coordinates":[111.56763,-8.01308]}},{"type":"Feature","properties":{"REMARK":"Gedung/Bangunan"},"geometry":{"type":"Point","coordinates":[111.60519,-8.01304]}},{"type":"Feature","properties":{"REMARK":"Gedung/Bangunan"},"geometry":{"type":"Point","coordinates":[111.56709,-8.01313]}},{"type":"Feature","properties":{"REMARK":"Gedung/Bangunan"},"geometry":{"type":"Point","coordinates":[111.55386,-8.01325]}},{"type":"Feature","properties":{"REMARK":"Gedung/Bangunan"},"geometry":{"type":"Point","coordinates":[111.60515,-8.01318]}},{"type":"Feature","properties":{"REMARK":"Gedung/Bangunan"},"geometry":{"type":"Point","coordinates":[111.55385,-8.0133]}},{"type":"Feature","properties":{"REMARK":"Gedung/Bangunan"},"geometry":{"type":"Point","coordinates":[111.56782,-8.01336]}},{"type":"Feature","properties":{"REMARK":"Gedung/Bangunan"},"geometry":{"type":"Point","coordinates":[111.59937,-8.01334]}},{"type":"Feature","properties":{"REMARK":"Gedung/Bangunan"},"geometry":{"type":"Point","coordinates":[111.59984,-8.01334]}},{"type":"Feature","properties":{"REMARK":"Gedung/Bangunan"},"geometry":{"type":"Point","coordinates":[111.59985,-8.01345]}},{"type":"Feature","properties":{"REMARK":"Gedung/Bangunan"},"geometry":{"type":"Point","coordinates":[111.59889,-8.01353]}},{"type":"Feature","properties":{"REMARK":"Gedung/Bangunan"},"geometry":{"type":"Point","coordinates":[111.57764,-8.01356]}},{"type":"Feature","properties":{"REMARK":"Gedung/Bangunan"},"geometry":{"type":"Point","coordinates":[111.59985,-8.01353]}},{"type":"Feature","properties":{"REMARK":"Gedung/Bangunan"},"geometry":{"type":"Point","coordinates":[111.60473,-8.01362]}},{"type":"Feature","properties":{"REMARK":"Gedung/Bangunan"},"geometry":{"type":"Point","coordinates":[111.59938,-8.01368]}},{"type":"Feature","properties":{"REMARK":"Gedung/Bangunan"},"geometry":{"type":"Point","coordinates":[111.60451,-8.01371]}},{"type":"Feature","properties":{"REMARK":"Gedung/Bangunan"},"geometry":{"type":"Point","coordinates":[111.5989,-8.01379]}},{"type":"Feature","properties":{"REMARK":"Gedung/Bangunan"},"geometry":{"type":"Point","coordinates":[111.59937,-8.0138]}},{"type":"Feature","properties":{"REMARK":"Gedung/Bangunan"},"geometry":{"type":"Point","coordinates":[111.60376,-8.01381]}},{"type":"Feature","properties":{"REMARK":"Gedung/Bangunan"},"geometry":{"type":"Point","coordinates":[111.59888,-8.01387]}},{"type":"Feature","properties":{"REMARK":"Gedung/Bangunan"},"geometry":{"type":"Point","coordinates":[111.60416,-8.01386]}},{"type":"Feature","properties":{"REMARK":"Gedung/Bangunan"},"geometry":{"type":"Point","coordinates":[111.56726,-8.01395]}},{"type":"Feature","properties":{"REMARK":"Gedung/Bangunan"},"geometry":{"type":"Point","coordinates":[111.60145,-8.0139]}},{"type":"Feature","properties":{"REMARK":"Gedung/Bangunan"},"geometry":{"type":"Point","coordinates":[111.55244,-8.01401]}},{"type":"Feature","properties":{"REMARK":"Gedung/Bangunan"},"geometry":{"type":"Point","coordinates":[111.6009,-8.01397]}},{"type":"Feature","properties":{"REMARK":"Gedung/Bangunan"},"geometry":{"type":"Point","coordinates":[111.60101,-8.01397]}},{"type":"Feature","properties":{"REMARK":"Gedung/Bangunan"},"geometry":{"type":"Point","coordinates":[111.56724,-8.01403]}},{"type":"Feature","properties":{"REMARK":"Gedung/Bangunan"},"geometry":{"type":"Point","coordinates":[111.56738,-8.01403]}},{"type":"Feature","properties":{"REMARK":"Gedung/Bangunan"},"geometry":{"type":"Point","coordinates":[111.57779,-8.01403]}},{"type":"Feature","properties":{"REMARK":"Gedung/Bangunan"},"geometry":{"type":"Point","coordinates":[111.60349,-8.014]}},{"type":"Feature","properties":{"REMARK":"Gedung/Bangunan"},"geometry":{"type":"Point","coordinates":[111.60361,-8.01404]}},{"type":"Feature","properties":{"REMARK":"Gedung/Bangunan"},"geometry":{"type":"Point","coordinates":[111.55204,-8.01411]}},{"type":"Feature","properties":{"REMARK":"Gedung/Bangunan"},"geometry":{"type":"Point","coordinates":[111.60367,-8.01407]}},{"type":"Feature","properties":{"REMARK":"Gedung/Bangunan"},"geometry":{"type":"Point","coordinates":[111.56674,-8.01438]}},{"type":"Feature","properties":{"REMARK":"Gedung/Bangunan"},"geometry":{"type":"Point","coordinates":[111.60335,-8.01445]}},{"type":"Feature","properties":{"REMARK":"Gedung/Bangunan"},"geometry":{"type":"Point","coordinates":[111.56734,-8.01457]}},{"type":"Feature","properties":{"REMARK":"Gedung/Bangunan"},"geometry":{"type":"Point","coordinates":[111.56704,-8.01461]}},{"type":"Feature","properties":{"REMARK":"Gedung/Bangunan"},"geometry":{"type":"Point","coordinates":[111.6044,-8.01467]}},{"type":"Feature","properties":{"REMARK":"Gedung/Bangunan"},"geometry":{"type":"Point","coordinates":[111.5481,-8.01483]}},{"type":"Feature","properties":{"REMARK":"Gedung/Bangunan"},"geometry":{"type":"Point","coordinates":[111.54832,-8.01492]}},{"type":"Feature","properties":{"REMARK":"Gedung/Bangunan"},"geometry":{"type":"Point","coordinates":[111.54804,-8.01498]}},{"type":"Feature","properties":{"REMARK":"Gedung/Bangunan"},"geometry":{"type":"Point","coordinates":[111.54826,-8.01504]}},{"type":"Feature","properties":{"REMARK":"Gedung/Bangunan"},"geometry":{"type":"Point","coordinates":[111.55173,-8.01533]}},{"type":"Feature","properties":{"REMARK":"Gedung/Bangunan"},"geometry":{"type":"Point","coordinates":[111.55166,-8.01542]}},{"type":"Feature","properties":{"REMARK":"Gedung/Bangunan"},"geometry":{"type":"Point","coordinates":[111.54952,-8.01548]}},{"type":"Feature","properties":{"REMARK":"Gedung/Bangunan"},"geometry":{"type":"Point","coordinates":[111.56889,-8.0155]}},{"type":"Feature","properties":{"REMARK":"Gedung/Bangunan"},"geometry":{"type":"Point","coordinates":[111.5689,-8.01559]}},{"type":"Feature","properties":{"REMARK":"Gedung/Bangunan"},"geometry":{"type":"Point","coordinates":[111.603,-8.01563]}},{"type":"Feature","properties":{"REMARK":"Gedung/Bangunan"},"geometry":{"type":"Point","coordinates":[111.60299,-8.01569]}},{"type":"Feature","properties":{"REMARK":"Gedung/Bangunan"},"geometry":{"type":"Point","coordinates":[111.56921,-8.01575]}},{"type":"Feature","properties":{"REMARK":"Gedung/Bangunan"},"geometry":{"type":"Point","coordinates":[111.55139,-8.01577]}},{"type":"Feature","properties":{"REMARK":"Gedung/Bangunan"},"geometry":{"type":"Point","coordinates":[111.56938,-8.01577]}},{"type":"Feature","properties":{"REMARK":"Gedung/Bangunan"},"geometry":{"type":"Point","coordinates":[111.55132,-8.01586]}},{"type":"Feature","properties":{"REMARK":"Gedung/Bangunan"},"geometry":{"type":"Point","coordinates":[111.54836,-8.01591]}},{"type":"Feature","properties":{"REMARK":"Gedung/Bangunan"},"geometry":{"type":"Point","coordinates":[111.54936,-8.01595]}},{"type":"Feature","properties":{"REMARK":"Gedung/Bangunan"},"geometry":{"type":"Point","coordinates":[111.54917,-8.01595]}},{"type":"Feature","properties":{"REMARK":"Gedung/Bangunan"},"geometry":{"type":"Point","coordinates":[111.60164,-8.0159]}},{"type":"Feature","properties":{"REMARK":"Gedung/Bangunan"},"geometry":{"type":"Point","coordinates":[111.54894,-8.01598]}},{"type":"Feature","properties":{"REMARK":"Gedung/Bangunan"},"geometry":{"type":"Point","coordinates":[111.54837,-8.01607]}},{"type":"Feature","properties":{"REMARK":"Gedung/Bangunan"},"geometry":{"type":"Point","coordinates":[111.60343,-8.01609]}},{"type":"Feature","properties":{"REMARK":"Gedung/Bangunan"},"geometry":{"type":"Point","coordinates":[111.6021,-8.01619]}},{"type":"Feature","properties":{"REMARK":"Gedung/Bangunan"},"geometry":{"type":"Point","coordinates":[111.55099,-8.01632]}},{"type":"Feature","properties":{"REMARK":"Gedung/Bangunan"},"geometry":{"type":"Point","coordinates":[111.6025,-8.01647]}},{"type":"Feature","properties":{"REMARK":"Gedung/Bangunan"},"geometry":{"type":"Point","coordinates":[111.60154,-8.01658]}},{"type":"Feature","properties":{"REMARK":"Gedung/Bangunan"},"geometry":{"type":"Point","coordinates":[111.55067,-8.01698]}},{"type":"Feature","properties":{"REMARK":"Gedung/Bangunan"},"geometry":{"type":"Point","coordinates":[111.58871,-8.01804]}},{"type":"Feature","properties":{"REMARK":"Gedung/Bangunan"},"geometry":{"type":"Point","coordinates":[111.54871,-8.01843]}},{"type":"Feature","properties":{"REMARK":"Gedung/Bangunan"},"geometry":{"type":"Point","coordinates":[111.59302,-8.01852]}},{"type":"Feature","properties":{"REMARK":"Gedung/Bangunan"},"geometry":{"type":"Point","coordinates":[111.59333,-8.01859]}},{"type":"Feature","properties":{"REMARK":"Gedung/Bangunan"},"geometry":{"type":"Point","coordinates":[111.59359,-8.01861]}},{"type":"Feature","properties":{"REMARK":"Gedung/Bangunan"},"geometry":{"type":"Point","coordinates":[111.54872,-8.0187]}},{"type":"Feature","properties":{"REMARK":"Gedung/Bangunan"},"geometry":{"type":"Point","coordinates":[111.59031,-8.01865]}},{"type":"Feature","properties":{"REMARK":"Gedung/Bangunan"},"geometry":{"type":"Point","coordinates":[111.55831,-8.01876]}},{"type":"Feature","properties":{"REMARK":"Gedung/Bangunan"},"geometry":{"type":"Point","coordinates":[111.54826,-8.01883]}},{"type":"Feature","properties":{"REMARK":"Gedung/Bangunan"},"geometry":{"type":"Point","coordinates":[111.54858,-8.01883]}},{"type":"Feature","properties":{"REMARK":"Gedung/Bangunan"},"geometry":{"type":"Point","coordinates":[111.54832,-8.01884]}},{"type":"Feature","properties":{"REMARK":"Gedung/Bangunan"},"geometry":{"type":"Point","coordinates":[111.54843,-8.01885]}},{"type":"Feature","properties":{"REMARK":"Gedung/Bangunan"},"geometry":{"type":"Point","coordinates":[111.55869,-8.01898]}},{"type":"Feature","properties":{"REMARK":"Gedung/Bangunan"},"geometry":{"type":"Point","coordinates":[111.54825,-8.01917]}},{"type":"Feature","properties":{"REMARK":"Gedung/Bangunan"},"geometry":{"type":"Point","coordinates":[111.58984,-8.01916]}},{"type":"Feature","properties":{"REMARK":"Gedung/Bangunan"},"geometry":{"type":"Point","coordinates":[111.54873,-8.01922]}},{"type":"Feature","properties":{"REMARK":"Gedung/Bangunan"},"geometry":{"type":"Point","coordinates":[111.55798,-8.01943]}},{"type":"Feature","properties":{"REMARK":"Gedung/Bangunan"},"geometry":{"type":"Point","coordinates":[111.5883,-8.01959]}},{"type":"Feature","properties":{"REMARK":"Gedung/Bangunan"},"geometry":{"type":"Point","coordinates":[111.58824,-8.01984]}},{"type":"Feature","properties":{"REMARK":"Gedung/Bangunan"},"geometry":{"type":"Point","coordinates":[111.5585,-8.01994]}},{"type":"Feature","properties":{"REMARK":"Gedung/Bangunan"},"geometry":{"type":"Point","coordinates":[111.55859,-8.01996]}},{"type":"Feature","properties":{"REMARK":"Gedung/Bangunan"},"geometry":{"type":"Point","coordinates":[111.58811,-8.02011]}},{"type":"Feature","properties":{"REMARK":"Gedung/Bangunan"},"geometry":{"type":"Point","coordinates":[111.55748,-8.02017]}},{"type":"Feature","properties":{"REMARK":"Gedung/Bangunan"},"geometry":{"type":"Point","coordinates":[111.55737,-8.02028]}},{"type":"Feature","properties":{"REMARK":"Gedung/Bangunan"},"geometry":{"type":"Point","coordinates":[111.58799,-8.02023]}},{"type":"Feature","properties":{"REMARK":"Gedung/Bangunan"},"geometry":{"type":"Point","coordinates":[111.55851,-8.0203]}},{"type":"Feature","properties":{"REMARK":"Gedung/Bangunan"},"geometry":{"type":"Point","coordinates":[111.5881,-8.02027]}},{"type":"Feature","properties":{"REMARK":"Gedung/Bangunan"},"geometry":{"type":"Point","coordinates":[111.54671,-8.02039]}},{"type":"Feature","properties":{"REMARK":"Gedung/Bangunan"},"geometry":{"type":"Point","coordinates":[111.54614,-8.02055]}},{"type":"Feature","properties":{"REMARK":"Gedung/Bangunan"},"geometry":{"type":"Point","coordinates":[111.54646,-8.02059]}},{"type":"Feature","properties":{"REMARK":"Gedung/Bangunan"},"geometry":{"type":"Point","coordinates":[111.54619,-8.0206]}},{"type":"Feature","properties":{"REMARK":"Gedung/Bangunan"},"geometry":{"type":"Point","coordinates":[111.55982,-8.02069]}},{"type":"Feature","properties":{"REMARK":"Gedung/Bangunan"},"geometry":{"type":"Point","coordinates":[111.55695,-8.02073]}},{"type":"Feature","properties":{"REMARK":"Gedung/Bangunan"},"geometry":{"type":"Point","coordinates":[111.55973,-8.02074]}},{"type":"Feature","properties":{"REMARK":"Gedung/Bangunan"},"geometry":{"type":"Point","coordinates":[111.54495,-8.02077]}},{"type":"Feature","properties":{"REMARK":"Gedung/Bangunan"},"geometry":{"type":"Point","coordinates":[111.54404,-8.02085]}},{"type":"Feature","properties":{"REMARK":"Gedung/Bangunan"},"geometry":{"type":"Point","coordinates":[111.57403,-8.02082]}},{"type":"Feature","properties":{"REMARK":"Gedung/Bangunan"},"geometry":{"type":"Point","coordinates":[111.54481,-8.02087]}},{"type":"Feature","properties":{"REMARK":"Gedung/Bangunan"},"geometry":{"type":"Point","coordinates":[111.55822,-8.02089]}},{"type":"Feature","properties":{"REMARK":"Gedung/Bangunan"},"geometry":{"type":"Point","coordinates":[111.54485,-8.02091]}},{"type":"Feature","properties":{"REMARK":"Gedung/Bangunan"},"geometry":{"type":"Point","coordinates":[111.57432,-8.02091]}},{"type":"Feature","properties":{"REMARK":"Gedung/Bangunan"},"geometry":{"type":"Point","coordinates":[111.574,-8.02092]}},{"type":"Feature","properties":{"REMARK":"Gedung/Bangunan"},"geometry":{"type":"Point","coordinates":[111.54458,-8.02105]}},{"type":"Feature","properties":{"REMARK":"Gedung/Bangunan"},"geometry":{"type":"Point","coordinates":[111.57431,-8.02104]}},{"type":"Feature","properties":{"REMARK":"Gedung/Bangunan"},"geometry":{"type":"Point","coordinates":[111.5746,-8.02105]}},{"type":"Feature","properties":{"REMARK":"Gedung/Bangunan"},"geometry":{"type":"Point","coordinates":[111.5582,-8.02113]}},{"type":"Feature","properties":{"REMARK":"Gedung/Bangunan"},"geometry":{"type":"Point","coordinates":[111.55837,-8.02116]}},{"type":"Feature","properties":{"REMARK":"Gedung/Bangunan"},"geometry":{"type":"Point","coordinates":[111.55761,-8.02125]}},{"type":"Feature","properties":{"REMARK":"Gedung/Bangunan"},"geometry":{"type":"Point","coordinates":[111.54567,-8.02129]}},{"type":"Feature","properties":{"REMARK":"Gedung/Bangunan"},"geometry":{"type":"Point","coordinates":[111.57459,-8.02128]}},{"type":"Feature","properties":{"REMARK":"Gedung/Bangunan"},"geometry":{"type":"Point","coordinates":[111.54561,-8.02136]}},{"type":"Feature","properties":{"REMARK":"Gedung/Bangunan"},"geometry":{"type":"Point","coordinates":[111.55525,-8.02136]}},{"type":"Feature","properties":{"REMARK":"Gedung/Bangunan"},"geometry":{"type":"Point","coordinates":[111.55795,-8.0214]}},{"type":"Feature","properties":{"REMARK":"Gedung/Bangunan"},"geometry":{"type":"Point","coordinates":[111.55526,-8.02144]}},{"type":"Feature","properties":{"REMARK":"Gedung/Bangunan"},"geometry":{"type":"Point","coordinates":[111.55831,-8.02146]}},{"type":"Feature","properties":{"REMARK":"Gedung/Bangunan"},"geometry":{"type":"Point","coordinates":[111.55768,-8.02155]}},{"type":"Feature","properties":{"REMARK":"Gedung/Bangunan"},"geometry":{"type":"Point","coordinates":[111.55525,-8.02175]}},{"type":"Feature","properties":{"REMARK":"Gedung/Bangunan"},"geometry":{"type":"Point","coordinates":[111.55529,-8.02182]}},{"type":"Feature","properties":{"REMARK":"Gedung/Bangunan"},"geometry":{"type":"Point","coordinates":[111.55599,-8.02186]}},{"type":"Feature","properties":{"REMARK":"Gedung/Bangunan"},"geometry":{"type":"Point","coordinates":[111.54405,-8.02203]}},{"type":"Feature","properties":{"REMARK":"Gedung/Bangunan"},"geometry":{"type":"Point","coordinates":[111.5443,-8.02215]}},{"type":"Feature","properties":{"REMARK":"Gedung/Bangunan"},"geometry":{"type":"Point","coordinates":[111.56081,-8.02227]}},{"type":"Feature","properties":{"REMARK":"Gedung/Bangunan"},"geometry":{"type":"Point","coordinates":[111.56062,-8.02228]}},{"type":"Feature","properties":{"REMARK":"Gedung/Bangunan"},"geometry":{"type":"Point","coordinates":[111.54375,-8.02234]}},{"type":"Feature","properties":{"REMARK":"Gedung/Bangunan"},"geometry":{"type":"Point","coordinates":[111.56048,-8.02234]}},{"type":"Feature","properties":{"REMARK":"Gedung/Bangunan"},"geometry":{"type":"Point","coordinates":[111.54369,-8.02237]}},{"type":"Feature","properties":{"REMARK":"Gedung/Bangunan"},"geometry":{"type":"Point","coordinates":[111.55789,-8.0224]}},{"type":"Feature","properties":{"REMARK":"Gedung/Bangunan"},"geometry":{"type":"Point","coordinates":[111.55575,-8.02242]}},{"type":"Feature","properties":{"REMARK":"Gedung/Bangunan"},"geometry":{"type":"Point","coordinates":[111.55798,-8.02252]}},{"type":"Feature","properties":{"REMARK":"Gedung/Bangunan"},"geometry":{"type":"Point","coordinates":[111.56121,-8.02262]}},{"type":"Feature","properties":{"REMARK":"Gedung/Bangunan"},"geometry":{"type":"Point","coordinates":[111.56107,-8.02268]}},{"type":"Feature","properties":{"REMARK":"Gedung/Bangunan"},"geometry":{"type":"Point","coordinates":[111.55577,-8.02275]}},{"type":"Feature","properties":{"REMARK":"Gedung/Bangunan"},"geometry":{"type":"Point","coordinates":[111.54394,-8.0228]}},{"type":"Feature","properties":{"REMARK":"Gedung/Bangunan"},"geometry":{"type":"Point","coordinates":[111.54363,-8.02296]}},{"type":"Feature","properties":{"REMARK":"Gedung/Bangunan"},"geometry":{"type":"Point","coordinates":[111.54372,-8.02297]}},{"type":"Feature","properties":{"REMARK":"Gedung/Bangunan"},"geometry":{"type":"Point","coordinates":[111.55623,-8.02326]}},{"type":"Feature","properties":{"REMARK":"Gedung/Bangunan"},"geometry":{"type":"Point","coordinates":[111.55658,-8.02335]}},{"type":"Feature","properties":{"REMARK":"Gedung/Bangunan"},"geometry":{"type":"Point","coordinates":[111.55771,-8.02336]}},{"type":"Feature","properties":{"REMARK":"Gedung/Bangunan"},"geometry":{"type":"Point","coordinates":[111.5679,-8.02347]}},{"type":"Feature","properties":{"REMARK":"Gedung/Bangunan"},"geometry":{"type":"Point","coordinates":[111.56949,-8.0235]}},{"type":"Feature","properties":{"REMARK":"Gedung/Bangunan"},"geometry":{"type":"Point","coordinates":[111.5595,-8.02356]}},{"type":"Feature","properties":{"REMARK":"Gedung/Bangunan"},"geometry":{"type":"Point","coordinates":[111.5603,-8.02377]}},{"type":"Feature","properties":{"REMARK":"Gedung/Bangunan"},"geometry":{"type":"Point","coordinates":[111.55739,-8.02378]}},{"type":"Feature","properties":{"REMARK":"Gedung/Bangunan"},"geometry":{"type":"Point","coordinates":[111.56051,-8.02379]}},{"type":"Feature","properties":{"REMARK":"Gedung/Bangunan"},"geometry":{"type":"Point","coordinates":[111.56022,-8.02381]}},{"type":"Feature","properties":{"REMARK":"Gedung/Bangunan"},"geometry":{"type":"Point","coordinates":[111.55913,-8.02384]}},{"type":"Feature","properties":{"REMARK":"Gedung/Bangunan"},"geometry":{"type":"Point","coordinates":[111.55629,-8.02393]}},{"type":"Feature","properties":{"REMARK":"Gedung/Bangunan"},"geometry":{"type":"Point","coordinates":[111.55625,-8.024]}},{"type":"Feature","properties":{"REMARK":"Gedung/Bangunan"},"geometry":{"type":"Point","coordinates":[111.56002,-8.02404]}},{"type":"Feature","properties":{"REMARK":"Gedung/Bangunan"},"geometry":{"type":"Point","coordinates":[111.56691,-8.02404]}},{"type":"Feature","properties":{"REMARK":"Gedung/Bangunan"},"geometry":{"type":"Point","coordinates":[111.56692,-8.02416]}},{"type":"Feature","properties":{"REMARK":"Gedung/Bangunan"},"geometry":{"type":"Point","coordinates":[111.5597,-8.02422]}},{"type":"Feature","properties":{"REMARK":"Gedung/Bangunan"},"geometry":{"type":"Point","coordinates":[111.56686,-8.0243]}},{"type":"Feature","properties":{"REMARK":"Gedung/Bangunan"},"geometry":{"type":"Point","coordinates":[111.55968,-8.02431]}},{"type":"Feature","properties":{"REMARK":"Gedung/Bangunan"},"geometry":{"type":"Point","coordinates":[111.56717,-8.02449]}},{"type":"Feature","properties":{"REMARK":"Gedung/Bangunan"},"geometry":{"type":"Point","coordinates":[111.57382,-8.0245]}},{"type":"Feature","properties":{"REMARK":"Gedung/Bangunan"},"geometry":{"type":"Point","coordinates":[111.56705,-8.02457]}},{"type":"Feature","properties":{"REMARK":"Gedung/Bangunan"},"geometry":{"type":"Point","coordinates":[111.57317,-8.02479]}},{"type":"Feature","properties":{"REMARK":"Gedung/Bangunan"},"geometry":{"type":"Point","coordinates":[111.55803,-8.02488]}},{"type":"Feature","properties":{"REMARK":"Gedung/Bangunan"},"geometry":{"type":"Point","coordinates":[111.55805,-8.02499]}},{"type":"Feature","properties":{"REMARK":"Gedung/Bangunan"},"geometry":{"type":"Point","coordinates":[111.57174,-8.02508]}},{"type":"Feature","properties":{"REMARK":"Gedung/Bangunan"},"geometry":{"type":"Point","coordinates":[111.55805,-8.02511]}},{"type":"Feature","properties":{"REMARK":"Gedung/Bangunan"},"geometry":{"type":"Point","coordinates":[111.56076,-8.02521]}},{"type":"Feature","properties":{"REMARK":"Gedung/Bangunan"},"geometry":{"type":"Point","coordinates":[111.56157,-8.02523]}},{"type":"Feature","properties":{"REMARK":"Gedung/Bangunan"},"geometry":{"type":"Point","coordinates":[111.56634,-8.02525]}},{"type":"Feature","properties":{"REMARK":"Gedung/Bangunan"},"geometry":{"type":"Point","coordinates":[111.5663,-8.02533]}},{"type":"Feature","properties":{"REMARK":"Gedung/Bangunan"},"geometry":{"type":"Point","coordinates":[111.57286,-8.02565]}},{"type":"Feature","properties":{"REMARK":"Gedung/Bangunan"},"geometry":{"type":"Point","coordinates":[111.56643,-8.02571]}},{"type":"Feature","properties":{"REMARK":"Gedung/Bangunan"},"geometry":{"type":"Point","coordinates":[111.57881,-8.02599]}},{"type":"Feature","properties":{"REMARK":"Gedung/Bangunan"},"geometry":{"type":"Point","coordinates":[111.57407,-8.02613]}},{"type":"Feature","properties":{"REMARK":"Gedung/Bangunan"},"geometry":{"type":"Point","coordinates":[111.57846,-8.02613]}},{"type":"Feature","properties":{"REMARK":"Gedung/Bangunan"},"geometry":{"type":"Point","coordinates":[111.57231,-8.02656]}},{"type":"Feature","properties":{"REMARK":"Gedung/Bangunan"},"geometry":{"type":"Point","coordinates":[111.57933,-8.02663]}},{"type":"Feature","properties":{"REMARK":"Gedung/Bangunan"},"geometry":{"type":"Point","coordinates":[111.57229,-8.02671]}},{"type":"Feature","properties":{"REMARK":"Gedung/Bangunan"},"geometry":{"type":"Point","coordinates":[111.57923,-8.02681]}},{"type":"Feature","properties":{"REMARK":"Gedung/Bangunan"},"geometry":{"type":"Point","coordinates":[111.57851,-8.02688]}},{"type":"Feature","properties":{"REMARK":"Gedung/Bangunan"},"geometry":{"type":"Point","coordinates":[111.57248,-8.02699]}},{"type":"Feature","properties":{"REMARK":"Gedung/Bangunan"},"geometry":{"type":"Point","coordinates":[111.58067,-8.027]}},{"type":"Feature","properties":{"REMARK":"Gedung/Bangunan"},"geometry":{"type":"Point","coordinates":[111.58002,-8.02707]}},{"type":"Feature","properties":{"REMARK":"Gedung/Bangunan"},"geometry":{"type":"Point","coordinates":[111.57279,-8.02727]}},{"type":"Feature","properties":{"REMARK":"Gedung/Bangunan"},"geometry":{"type":"Point","coordinates":[111.56359,-8.02742]}},{"type":"Feature","properties":{"REMARK":"Gedung/Bangunan"},"geometry":{"type":"Point","coordinates":[111.57304,-8.02755]}},{"type":"Feature","properties":{"REMARK":"Gedung/Bangunan"},"geometry":{"type":"Point","coordinates":[111.56184,-8.0278]}},{"type":"Feature","properties":{"REMARK":"Gedung/Bangunan"},"geometry":{"type":"Point","coordinates":[111.57321,-8.02779]}},{"type":"Feature","properties":{"REMARK":"Gedung/Bangunan"},"geometry":{"type":"Point","coordinates":[111.56088,-8.02799]}},{"type":"Feature","properties":{"REMARK":"Gedung/Bangunan"},"geometry":{"type":"Point","coordinates":[111.56128,-8.02802]}},{"type":"Feature","properties":{"REMARK":"Gedung/Bangunan"},"geometry":{"type":"Point","coordinates":[111.56448,-8.02812]}},{"type":"Feature","properties":{"REMARK":"Gedung/Bangunan"},"geometry":{"type":"Point","coordinates":[111.56194,-8.02826]}},{"type":"Feature","properties":{"REMARK":"Gedung/Bangunan"},"geometry":{"type":"Point","coordinates":[111.57996,-8.02831]}},{"type":"Feature","properties":{"REMARK":"Gedung/Bangunan"},"geometry":{"type":"Point","coordinates":[111.56471,-8.02843]}},{"type":"Feature","properties":{"REMARK":"Gedung/Bangunan"},"geometry":{"type":"Point","coordinates":[111.56289,-8.02877]}},{"type":"Feature","properties":{"REMARK":"Gedung/Bangunan"},"geometry":{"type":"Point","coordinates":[111.5602,-8.02877]}},{"type":"Feature","properties":{"REMARK":"Gedung/Bangunan"},"geometry":{"type":"Point","coordinates":[111.57756,-8.0288]}},{"type":"Feature","properties":{"REMARK":"Gedung/Bangunan"},"geometry":{"type":"Point","coordinates":[111.56252,-8.02909]}},{"type":"Feature","properties":{"REMARK":"Gedung/Bangunan"},"geometry":{"type":"Point","coordinates":[111.57728,-8.02915]}},{"type":"Feature","properties":{"REMARK":"Gedung/Bangunan"},"geometry":{"type":"Point","coordinates":[111.57019,-8.02931]}},{"type":"Feature","properties":{"REMARK":"Gedung/Bangunan"},"geometry":{"type":"Point","coordinates":[111.55493,-8.02936]}},{"type":"Feature","properties":{"REMARK":"Gedung/Bangunan"},"geometry":{"type":"Point","coordinates":[111.57018,-8.02937]}},{"type":"Feature","properties":{"REMARK":"Gedung/Bangunan"},"geometry":{"type":"Point","coordinates":[111.57708,-8.02937]}},{"type":"Feature","properties":{"REMARK":"Gedung/Bangunan"},"geometry":{"type":"Point","coordinates":[111.57793,-8.02938]}},{"type":"Feature","properties":{"REMARK":"Gedung/Bangunan"},"geometry":{"type":"Point","coordinates":[111.55948,-8.02944]}},{"type":"Feature","properties":{"REMARK":"Gedung/Bangunan"},"geometry":{"type":"Point","coordinates":[111.55988,-8.02957]}},{"type":"Feature","properties":{"REMARK":"Gedung/Bangunan"},"geometry":{"type":"Point","coordinates":[111.55951,-8.02957]}},{"type":"Feature","properties":{"REMARK":"Gedung/Bangunan"},"geometry":{"type":"Point","coordinates":[111.57047,-8.02957]}},{"type":"Feature","properties":{"REMARK":"Gedung/Bangunan"},"geometry":{"type":"Point","coordinates":[111.54895,-8.02964]}},{"type":"Feature","properties":{"REMARK":"Gedung/Bangunan"},"geometry":{"type":"Point","coordinates":[111.5491,-8.0297]}},{"type":"Feature","properties":{"REMARK":"Gedung/Bangunan"},"geometry":{"type":"Point","coordinates":[111.55468,-8.02971]}},{"type":"Feature","properties":{"REMARK":"Gedung/Bangunan"},"geometry":{"type":"Point","coordinates":[111.55522,-8.02973]}},{"type":"Feature","properties":{"REMARK":"Gedung/Bangunan"},"geometry":{"type":"Point","coordinates":[111.55529,-8.02981]}},{"type":"Feature","properties":{"REMARK":"Gedung/Bangunan"},"geometry":{"type":"Point","coordinates":[111.55577,-8.02983]}},{"type":"Feature","properties":{"REMARK":"Gedung/Bangunan"},"geometry":{"type":"Point","coordinates":[111.57045,-8.02985]}},{"type":"Feature","properties":{"REMARK":"Gedung/Bangunan"},"geometry":{"type":"Point","coordinates":[111.57606,-8.02987]}},{"type":"Feature","properties":{"REMARK":"Gedung/Bangunan"},"geometry":{"type":"Point","coordinates":[111.56996,-8.02989]}},{"type":"Feature","properties":{"REMARK":"Gedung/Bangunan"},"geometry":{"type":"Point","coordinates":[111.57043,-8.02997]}},{"type":"Feature","properties":{"REMARK":"Gedung/Bangunan"},"geometry":{"type":"Point","coordinates":[111.576,-8.03011]}},{"type":"Feature","properties":{"REMARK":"Gedung/Bangunan"},"geometry":{"type":"Point","coordinates":[111.56058,-8.03022]}},{"type":"Feature","properties":{"REMARK":"Gedung/Bangunan"},"geometry":{"type":"Point","coordinates":[111.57595,-8.03021]}},{"type":"Feature","properties":{"REMARK":"Gedung/Bangunan"},"geometry":{"type":"Point","coordinates":[111.54584,-8.03025]}},{"type":"Feature","properties":{"REMARK":"Gedung/Bangunan"},"geometry":{"type":"Point","coordinates":[111.56949,-8.03024]}},{"type":"Feature","properties":{"REMARK":"Gedung/Bangunan"},"geometry":{"type":"Point","coordinates":[111.56089,-8.03027]}},{"type":"Feature","properties":{"REMARK":"Gedung/Bangunan"},"geometry":{"type":"Point","coordinates":[111.54661,-8.03036]}},{"type":"Feature","properties":{"REMARK":"Gedung/Bangunan"},"geometry":{"type":"Point","coordinates":[111.57,-8.03041]}},{"type":"Feature","properties":{"REMARK":"Gedung/Bangunan"},"geometry":{"type":"Point","coordinates":[111.55846,-8.03049]}},{"type":"Feature","properties":{"REMARK":"Gedung/Bangunan"},"geometry":{"type":"Point","coordinates":[111.5605,-8.03054]}},{"type":"Feature","properties":{"REMARK":"Gedung/Bangunan"},"geometry":{"type":"Point","coordinates":[111.56442,-8.03055]}},{"type":"Feature","properties":{"REMARK":"Gedung/Bangunan"},"geometry":{"type":"Point","coordinates":[111.57599,-8.03058]}},{"type":"Feature","properties":{"REMARK":"Gedung/Bangunan"},"geometry":{"type":"Point","coordinates":[111.54881,-8.03066]}},{"type":"Feature","properties":{"REMARK":"Gedung/Bangunan"},"geometry":{"type":"Point","coordinates":[111.55554,-8.03066]}},{"type":"Feature","properties":{"REMARK":"Gedung/Bangunan"},"geometry":{"type":"Point","coordinates":[111.57599,-8.03082]}},{"type":"Feature","properties":{"REMARK":"Gedung/Bangunan"},"geometry":{"type":"Point","coordinates":[111.56536,-8.03087]}},{"type":"Feature","properties":{"REMARK":"Gedung/Bangunan"},"geometry":{"type":"Point","coordinates":[111.56056,-8.03091]}},{"type":"Feature","properties":{"REMARK":"Gedung/Bangunan"},"geometry":{"type":"Point","coordinates":[111.56273,-8.03096]}},{"type":"Feature","properties":{"REMARK":"Gedung/Bangunan"},"geometry":{"type":"Point","coordinates":[111.55568,-8.03099]}},{"type":"Feature","properties":{"REMARK":"Gedung/Bangunan"},"geometry":{"type":"Point","coordinates":[111.57905,-8.03097]}},{"type":"Feature","properties":{"REMARK":"Gedung/Bangunan"},"geometry":{"type":"Point","coordinates":[111.5627,-8.03105]}},{"type":"Feature","properties":{"REMARK":"Gedung/Bangunan"},"geometry":{"type":"Point","coordinates":[111.54599,-8.03112]}},{"type":"Feature","properties":{"REMARK":"Gedung/Bangunan"},"geometry":{"type":"Point","coordinates":[111.57932,-8.03113]}},{"type":"Feature","properties":{"REMARK":"Gedung/Bangunan"},"geometry":{"type":"Point","coordinates":[111.57821,-8.03116]}},{"type":"Feature","properties":{"REMARK":"Gedung/Bangunan"},"geometry":{"type":"Point","coordinates":[111.56271,-8.03118]}},{"type":"Feature","properties":{"REMARK":"Gedung/Bangunan"},"geometry":{"type":"Point","coordinates":[111.56052,-8.0312]}},{"type":"Feature","properties":{"REMARK":"Gedung/Bangunan"},"geometry":{"type":"Point","coordinates":[111.56251,-8.03121]}},{"type":"Feature","properties":{"REMARK":"Gedung/Bangunan"},"geometry":{"type":"Point","coordinates":[111.54601,-8.03123]}},{"type":"Feature","properties":{"REMARK":"Gedung/Bangunan"},"geometry":{"type":"Point","coordinates":[111.5704,-8.03122]}},{"type":"Feature","properties":{"REMARK":"Gedung/Bangunan"},"geometry":{"type":"Point","coordinates":[111.56258,-8.0313]}},{"type":"Feature","properties":{"REMARK":"Gedung/Bangunan"},"geometry":{"type":"Point","coordinates":[111.57499,-8.03133]}},{"type":"Feature","properties":{"REMARK":"Gedung/Bangunan"},"geometry":{"type":"Point","coordinates":[111.54711,-8.03138]}},{"type":"Feature","properties":{"REMARK":"Gedung/Bangunan"},"geometry":{"type":"Point","coordinates":[111.5792,-8.03148]}},{"type":"Feature","properties":{"REMARK":"Gedung/Bangunan"},"geometry":{"type":"Point","coordinates":[111.57785,-8.03153]}},{"type":"Feature","properties":{"REMARK":"Gedung/Bangunan"},"geometry":{"type":"Point","coordinates":[111.57496,-8.03155]}},{"type":"Feature","properties":{"REMARK":"Gedung/Bangunan"},"geometry":{"type":"Point","coordinates":[111.54683,-8.03165]}},{"type":"Feature","properties":{"REMARK":"Gedung/Bangunan"},"geometry":{"type":"Point","coordinates":[111.54802,-8.03174]}},{"type":"Feature","properties":{"REMARK":"Gedung/Bangunan"},"geometry":{"type":"Point","coordinates":[111.57806,-8.03172]}},{"type":"Feature","properties":{"REMARK":"Gedung/Bangunan"},"geometry":{"type":"Point","coordinates":[111.5479,-8.03179]}},{"type":"Feature","properties":{"REMARK":"Gedung/Bangunan"},"geometry":{"type":"Point","coordinates":[111.55366,-8.0319]}},{"type":"Feature","properties":{"REMARK":"Gedung/Bangunan"},"geometry":{"type":"Point","coordinates":[111.55357,-8.03198]}},{"type":"Feature","properties":{"REMARK":"Gedung/Bangunan"},"geometry":{"type":"Point","coordinates":[111.5655,-8.03203]}},{"type":"Feature","properties":{"REMARK":"Gedung/Bangunan"},"geometry":{"type":"Point","coordinates":[111.55494,-8.03213]}},{"type":"Feature","properties":{"REMARK":"Gedung/Bangunan"},"geometry":{"type":"Point","coordinates":[111.54773,-8.03235]}},{"type":"Feature","properties":{"REMARK":"Gedung/Bangunan"},"geometry":{"type":"Point","coordinates":[111.555,-8.03234]}},{"type":"Feature","properties":{"REMARK":"Gedung/Bangunan"},"geometry":{"type":"Point","coordinates":[111.57739,-8.03239]}},{"type":"Feature","properties":{"REMARK":"Gedung/Bangunan"},"geometry":{"type":"Point","coordinates":[111.57766,-8.0324]}},{"type":"Feature","properties":{"REMARK":"Gedung/Bangunan"},"geometry":{"type":"Point","coordinates":[111.55497,-8.03272]}},{"type":"Feature","properties":{"REMARK":"Gedung/Bangunan"},"geometry":{"type":"Point","coordinates":[111.55983,-8.03284]}},{"type":"Feature","properties":{"REMARK":"Gedung/Bangunan"},"geometry":{"type":"Point","coordinates":[111.55985,-8.03295]}},{"type":"Feature","properties":{"REMARK":"Gedung/Bangunan"},"geometry":{"type":"Point","coordinates":[111.54565,-8.03316]}},{"type":"Feature","properties":{"REMARK":"Gedung/Bangunan"},"geometry":{"type":"Point","coordinates":[111.57776,-8.03331]}},{"type":"Feature","properties":{"REMARK":"Gedung/Bangunan"},"geometry":{"type":"Point","coordinates":[111.56005,-8.03345]}},{"type":"Feature","properties":{"REMARK":"Gedung/Bangunan"},"geometry":{"type":"Point","coordinates":[111.56551,-8.03348]}},{"type":"Feature","properties":{"REMARK":"Gedung/Bangunan"},"geometry":{"type":"Point","coordinates":[111.5658,-8.03357]}},{"type":"Feature","properties":{"REMARK":"Gedung/Bangunan"},"geometry":{"type":"Point","coordinates":[111.5464,-8.03364]}},{"type":"Feature","properties":{"REMARK":"Gedung/Bangunan"},"geometry":{"type":"Point","coordinates":[111.54566,-8.03373]}},{"type":"Feature","properties":{"REMARK":"Gedung/Bangunan"},"geometry":{"type":"Point","coordinates":[111.54562,-8.0338]}},{"type":"Feature","properties":{"REMARK":"Gedung/Bangunan"},"geometry":{"type":"Point","coordinates":[111.55696,-8.03379]}},{"type":"Feature","properties":{"REMARK":"Gedung/Bangunan"},"geometry":{"type":"Point","coordinates":[111.56434,-8.03387]}},{"type":"Feature","properties":{"REMARK":"Gedung/Bangunan"},"geometry":{"type":"Point","coordinates":[111.55171,-8.03393]}},{"type":"Feature","properties":{"REMARK":"Gedung/Bangunan"},"geometry":{"type":"Point","coordinates":[111.55817,-8.03411]}},{"type":"Feature","properties":{"REMARK":"Gedung/Bangunan"},"geometry":{"type":"Point","coordinates":[111.56589,-8.03417]}},{"type":"Feature","properties":{"REMARK":"Gedung/Bangunan"},"geometry":{"type":"Point","coordinates":[111.55125,-8.0343]}},{"type":"Feature","properties":{"REMARK":"Gedung/Bangunan"},"geometry":{"type":"Point","coordinates":[111.55854,-8.0345]}},{"type":"Feature","properties":{"REMARK":"Gedung/Bangunan"},"geometry":{"type":"Point","coordinates":[111.56542,-8.03451]}},{"type":"Feature","properties":{"REMARK":"Gedung/Bangunan"},"geometry":{"type":"Point","coordinates":[111.55499,-8.03453]}},{"type":"Feature","properties":{"REMARK":"Gedung/Bangunan"},"geometry":{"type":"Point","coordinates":[111.56476,-8.03452]}},{"type":"Feature","properties":{"REMARK":"Gedung/Bangunan"},"geometry":{"type":"Point","coordinates":[111.55964,-8.03452]}},{"type":"Feature","properties":{"REMARK":"Gedung/Bangunan"},"geometry":{"type":"Point","coordinates":[111.56054,-8.03454]}},{"type":"Feature","properties":{"REMARK":"Gedung/Bangunan"},"geometry":{"type":"Point","coordinates":[111.55803,-8.03476]}},{"type":"Feature","properties":{"REMARK":"Gedung/Bangunan"},"geometry":{"type":"Point","coordinates":[111.5546,-8.03477]}},{"type":"Feature","properties":{"REMARK":"Gedung/Bangunan"},"geometry":{"type":"Point","coordinates":[111.56845,-8.03484]}},{"type":"Feature","properties":{"REMARK":"Gedung/Bangunan"},"geometry":{"type":"Point","coordinates":[111.56031,-8.03487]}},{"type":"Feature","properties":{"REMARK":"Gedung/Bangunan"},"geometry":{"type":"Point","coordinates":[111.55772,-8.03491]}},{"type":"Feature","properties":{"REMARK":"Gedung/Bangunan"},"geometry":{"type":"Point","coordinates":[111.56005,-8.03498]}},{"type":"Feature","properties":{"REMARK":"Gedung/Bangunan"},"geometry":{"type":"Point","coordinates":[111.55741,-8.03499]}},{"type":"Feature","properties":{"REMARK":"Gedung/Bangunan"},"geometry":{"type":"Point","coordinates":[111.55956,-8.035]}},{"type":"Feature","properties":{"REMARK":"Gedung/Bangunan"},"geometry":{"type":"Point","coordinates":[111.55087,-8.0351]}},{"type":"Feature","properties":{"REMARK":"Gedung/Bangunan"},"geometry":{"type":"Point","coordinates":[111.56064,-8.03509]}},{"type":"Feature","properties":{"REMARK":"Gedung/Bangunan"},"geometry":{"type":"Point","coordinates":[111.5547,-8.03515]}},{"type":"Feature","properties":{"REMARK":"Gedung/Bangunan"},"geometry":{"type":"Point","coordinates":[111.5539,-8.03519]}},{"type":"Feature","properties":{"REMARK":"Gedung/Bangunan"},"geometry":{"type":"Point","coordinates":[111.55217,-8.03519]}},{"type":"Feature","properties":{"REMARK":"Gedung/Bangunan"},"geometry":{"type":"Point","coordinates":[111.55224,-8.03525]}},{"type":"Feature","properties":{"REMARK":"Gedung/Bangunan"},"geometry":{"type":"Point","coordinates":[111.56852,-8.03526]}},{"type":"Feature","properties":{"REMARK":"Gedung/Bangunan"},"geometry":{"type":"Point","coordinates":[111.56863,-8.03529]}},{"type":"Feature","properties":{"REMARK":"Gedung/Bangunan"},"geometry":{"type":"Point","coordinates":[111.5582,-8.03531]}},{"type":"Feature","properties":{"REMARK":"Gedung/Bangunan"},"geometry":{"type":"Point","coordinates":[111.55846,-8.03533]}},{"type":"Feature","properties":{"REMARK":"Gedung/Bangunan"},"geometry":{"type":"Point","coordinates":[111.55144,-8.03535]}},{"type":"Feature","properties":{"REMARK":"Gedung/Bangunan"},"geometry":{"type":"Point","coordinates":[111.56845,-8.03541]}},{"type":"Feature","properties":{"REMARK":"Gedung/Bangunan"},"geometry":{"type":"Point","coordinates":[111.56019,-8.03556]}},{"type":"Feature","properties":{"REMARK":"Gedung/Bangunan"},"geometry":{"type":"Point","coordinates":[111.56036,-8.03561]}},{"type":"Feature","properties":{"REMARK":"Gedung/Bangunan"},"geometry":{"type":"Point","coordinates":[111.56028,-8.03562]}},{"type":"Feature","properties":{"REMARK":"Gedung/Bangunan"},"geometry":{"type":"Point","coordinates":[111.55095,-8.03567]}},{"type":"Feature","properties":{"REMARK":"Gedung/Bangunan"},"geometry":{"type":"Point","coordinates":[111.5684,-8.03567]}},{"type":"Feature","properties":{"REMARK":"Gedung/Bangunan"},"geometry":{"type":"Point","coordinates":[111.55343,-8.03576]}},{"type":"Feature","properties":{"REMARK":"Gedung/Bangunan"},"geometry":{"type":"Point","coordinates":[111.55062,-8.03592]}},{"type":"Feature","properties":{"REMARK":"Gedung/Bangunan"},"geometry":{"type":"Point","coordinates":[111.55043,-8.03598]}},{"type":"Feature","properties":{"REMARK":"Gedung/Bangunan"},"geometry":{"type":"Point","coordinates":[111.56786,-8.03606]}},{"type":"Feature","properties":{"REMARK":"Gedung/Bangunan"},"geometry":{"type":"Point","coordinates":[111.56795,-8.03609]}},{"type":"Feature","properties":{"REMARK":"Gedung/Bangunan"},"geometry":{"type":"Point","coordinates":[111.56772,-8.03625]}},{"type":"Feature","properties":{"REMARK":"Gedung/Bangunan"},"geometry":{"type":"Point","coordinates":[111.55054,-8.03639]}},{"type":"Feature","properties":{"REMARK":"Gedung/Bangunan"},"geometry":{"type":"Point","coordinates":[111.54592,-8.03643]}},{"type":"Feature","properties":{"REMARK":"Gedung/Bangunan"},"geometry":{"type":"Point","coordinates":[111.55053,-8.03648]}},{"type":"Feature","properties":{"REMARK":"Gedung/Bangunan"},"geometry":{"type":"Point","coordinates":[111.54593,-8.03652]}},{"type":"Feature","properties":{"REMARK":"Gedung/Bangunan"},"geometry":{"type":"Point","coordinates":[111.54609,-8.03654]}},{"type":"Feature","properties":{"REMARK":"Gedung/Bangunan"},"geometry":{"type":"Point","coordinates":[111.56674,-8.03653]}},{"type":"Feature","properties":{"REMARK":"Gedung/Bangunan"},"geometry":{"type":"Point","coordinates":[111.54622,-8.03656]}},{"type":"Feature","properties":{"REMARK":"Gedung/Bangunan"},"geometry":{"type":"Point","coordinates":[111.56764,-8.0367]}},{"type":"Feature","properties":{"REMARK":"Gedung/Bangunan"},"geometry":{"type":"Point","coordinates":[111.55068,-8.03675]}},{"type":"Feature","properties":{"REMARK":"Gedung/Bangunan"},"geometry":{"type":"Point","coordinates":[111.55122,-8.03698]}},{"type":"Feature","properties":{"REMARK":"Gedung/Bangunan"},"geometry":{"type":"Point","coordinates":[111.56192,-8.03698]}},{"type":"Feature","properties":{"REMARK":"Gedung/Bangunan"},"geometry":{"type":"Point","coordinates":[111.5512,-8.03708]}},{"type":"Feature","properties":{"REMARK":"Gedung/Bangunan"},"geometry":{"type":"Point","coordinates":[111.56213,-8.03708]}},{"type":"Feature","properties":{"REMARK":"Gedung/Bangunan"},"geometry":{"type":"Point","coordinates":[111.55154,-8.03711]}},{"type":"Feature","properties":{"REMARK":"Gedung/Bangunan"},"geometry":{"type":"Point","coordinates":[111.56064,-8.03734]}},{"type":"Feature","properties":{"REMARK":"Gedung/Bangunan"},"geometry":{"type":"Point","coordinates":[111.56055,-8.03736]}},{"type":"Feature","properties":{"REMARK":"Gedung/Bangunan"},"geometry":{"type":"Point","coordinates":[111.56546,-8.03736]}},{"type":"Feature","properties":{"REMARK":"Gedung/Bangunan"},"geometry":{"type":"Point","coordinates":[111.56694,-8.03736]}},{"type":"Feature","properties":{"REMARK":"Gedung/Bangunan"},"geometry":{"type":"Point","coordinates":[111.55138,-8.03738]}},{"type":"Feature","properties":{"REMARK":"Gedung/Bangunan"},"geometry":{"type":"Point","coordinates":[111.55266,-8.03765]}},{"type":"Feature","properties":{"REMARK":"Gedung/Bangunan"},"geometry":{"type":"Point","coordinates":[111.5529,-8.03772]}},{"type":"Feature","properties":{"REMARK":"Gedung/Bangunan"},"geometry":{"type":"Point","coordinates":[111.56701,-8.0377]}},{"type":"Feature","properties":{"REMARK":"Gedung/Bangunan"},"geometry":{"type":"Point","coordinates":[111.56237,-8.03782]}},{"type":"Feature","properties":{"REMARK":"Gedung/Bangunan"},"geometry":{"type":"Point","coordinates":[111.55386,-8.03792]}},{"type":"Feature","properties":{"REMARK":"Gedung/Bangunan"},"geometry":{"type":"Point","coordinates":[111.56244,-8.03802]}},{"type":"Feature","properties":{"REMARK":"Gedung/Bangunan"},"geometry":{"type":"Point","coordinates":[111.56571,-8.03809]}},{"type":"Feature","properties":{"REMARK":"Gedung/Bangunan"},"geometry":{"type":"Point","coordinates":[111.56012,-8.0381]}},{"type":"Feature","properties":{"REMARK":"Gedung/Bangunan"},"geometry":{"type":"Point","coordinates":[111.55998,-8.03812]}},{"type":"Feature","properties":{"REMARK":"Gedung/Bangunan"},"geometry":{"type":"Point","coordinates":[111.56588,-8.03822]}},{"type":"Feature","properties":{"REMARK":"Gedung/Bangunan"},"geometry":{"type":"Point","coordinates":[111.55841,-8.03868]}},{"type":"Feature","properties":{"REMARK":"Gedung/Bangunan"},"geometry":{"type":"Point","coordinates":[111.55662,-8.0387]}},{"type":"Feature","properties":{"REMARK":"Gedung/Bangunan"},"geometry":{"type":"Point","coordinates":[111.55833,-8.03875]}},{"type":"Feature","properties":{"REMARK":"Gedung/Bangunan"},"geometry":{"type":"Point","coordinates":[111.55644,-8.03877]}},{"type":"Feature","properties":{"REMARK":"Gedung/Bangunan"},"geometry":{"type":"Point","coordinates":[111.55628,-8.03883]}},{"type":"Feature","properties":{"REMARK":"Gedung/Bangunan"},"geometry":{"type":"Point","coordinates":[111.55704,-8.03886]}},{"type":"Feature","properties":{"REMARK":"Gedung/Bangunan"},"geometry":{"type":"Point","coordinates":[111.55819,-8.03896]}},{"type":"Feature","properties":{"REMARK":"Gedung/Bangunan"},"geometry":{"type":"Point","coordinates":[111.55758,-8.03896]}},{"type":"Feature","properties":{"REMARK":"Gedung/Bangunan"},"geometry":{"type":"Point","coordinates":[111.55713,-8.0391]}},{"type":"Feature","properties":{"REMARK":"Gedung/Bangunan"},"geometry":{"type":"Point","coordinates":[111.55831,-8.03923]}},{"type":"Feature","properties":{"REMARK":"Gedung/Bangunan"},"geometry":{"type":"Point","coordinates":[111.55824,-8.03935]}},{"type":"Feature","properties":{"REMARK":"Gedung/Bangunan"},"geometry":{"type":"Point","coordinates":[111.55788,-8.03944]}},{"type":"Feature","properties":{"REMARK":"Gedung/Bangunan"},"geometry":{"type":"Point","coordinates":[111.56139,-8.03978]}},{"type":"Feature","properties":{"REMARK":"Gedung/Bangunan"},"geometry":{"type":"Point","coordinates":[111.56131,-8.03981]}},{"type":"Feature","properties":{"REMARK":"Gedung/Bangunan"},"geometry":{"type":"Point","coordinates":[111.56155,-8.03995]}},{"type":"Feature","properties":{"REMARK":"Gedung/Bangunan"},"geometry":{"type":"Point","coordinates":[111.56139,-8.03999]}},{"type":"Feature","properties":{"REMARK":"Gedung/Bangunan"},"geometry":{"type":"Point","coordinates":[111.57067,-8.04004]}},{"type":"Feature","properties":{"REMARK":"Gedung/Bangunan"},"geometry":{"type":"Point","coordinates":[111.56354,-8.04006]}},{"type":"Feature","properties":{"REMARK":"Gedung/Bangunan"},"geometry":{"type":"Point","coordinates":[111.56279,-8.04008]}},{"type":"Feature","properties":{"REMARK":"Gedung/Bangunan"},"geometry":{"type":"Point","coordinates":[111.57109,-8.04022]}},{"type":"Feature","properties":{"REMARK":"Gedung/Bangunan"},"geometry":{"type":"Point","coordinates":[111.55788,-8.04036]}},{"type":"Feature","properties":{"REMARK":"Gedung/Bangunan"},"geometry":{"type":"Point","coordinates":[111.56156,-8.04042]}},{"type":"Feature","properties":{"REMARK":"Gedung/Bangunan"},"geometry":{"type":"Point","coordinates":[111.55966,-8.04057]}},{"type":"Feature","properties":{"REMARK":"Gedung/Bangunan"},"geometry":{"type":"Point","coordinates":[111.5595,-8.04061]}},{"type":"Feature","properties":{"REMARK":"Gedung/Bangunan"},"geometry":{"type":"Point","coordinates":[111.56346,-8.04076]}},{"type":"Feature","properties":{"REMARK":"Gedung/Bangunan"},"geometry":{"type":"Point","coordinates":[111.55881,-8.04078]}},{"type":"Feature","properties":{"REMARK":"Gedung/Bangunan"},"geometry":{"type":"Point","coordinates":[111.56335,-8.04077]}},{"type":"Feature","properties":{"REMARK":"Gedung/Bangunan"},"geometry":{"type":"Point","coordinates":[111.56592,-8.04081]}},{"type":"Feature","properties":{"REMARK":"Gedung/Bangunan"},"geometry":{"type":"Point","coordinates":[111.56383,-8.04089]}},{"type":"Feature","properties":{"REMARK":"Gedung/Bangunan"},"geometry":{"type":"Point","coordinates":[111.57053,-8.04094]}},{"type":"Feature","properties":{"REMARK":"Gedung/Bangunan"},"geometry":{"type":"Point","coordinates":[111.57129,-8.04094]}},{"type":"Feature","properties":{"REMARK":"Gedung/Bangunan"},"geometry":{"type":"Point","coordinates":[111.56589,-8.04107]}},{"type":"Feature","properties":{"REMARK":"Gedung/Bangunan"},"geometry":{"type":"Point","coordinates":[111.5713,-8.04107]}},{"type":"Feature","properties":{"REMARK":"Gedung/Bangunan"},"geometry":{"type":"Point","coordinates":[111.57054,-8.04107]}},{"type":"Feature","properties":{"REMARK":"Gedung/Bangunan"},"geometry":{"type":"Point","coordinates":[111.56361,-8.04111]}},{"type":"Feature","properties":{"REMARK":"Gedung/Bangunan"},"geometry":{"type":"Point","coordinates":[111.56389,-8.04114]}},{"type":"Feature","properties":{"REMARK":"Gedung/Bangunan"},"geometry":{"type":"Point","coordinates":[111.57028,-8.04115]}},{"type":"Feature","properties":{"REMARK":"Gedung/Bangunan"},"geometry":{"type":"Point","coordinates":[111.56593,-8.04125]}},{"type":"Feature","properties":{"REMARK":"Gedung/Bangunan"},"geometry":{"type":"Point","coordinates":[111.56605,-8.04141]}},{"type":"Feature","properties":{"REMARK":"Gedung/Bangunan"},"geometry":{"type":"Point","coordinates":[111.57107,-8.04179]}},{"type":"Feature","properties":{"REMARK":"Gedung/Bangunan"},"geometry":{"type":"Point","coordinates":[111.56487,-8.042]}},{"type":"Feature","properties":{"REMARK":"Gedung/Bangunan"},"geometry":{"type":"Point","coordinates":[111.5648,-8.042]}},{"type":"Feature","properties":{"REMARK":"Gedung/Bangunan"},"geometry":{"type":"Point","coordinates":[111.56233,-8.04218]}},{"type":"Feature","properties":{"REMARK":"Gedung/Bangunan"},"geometry":{"type":"Point","coordinates":[111.56247,-8.0422]}},{"type":"Feature","properties":{"REMARK":"Gedung/Bangunan"},"geometry":{"type":"Point","coordinates":[111.56288,-8.04235]}},{"type":"Feature","properties":{"REMARK":"Gedung/Bangunan"},"geometry":{"type":"Point","coordinates":[111.56471,-8.04236]}},{"type":"Feature","properties":{"REMARK":"Gedung/Bangunan"},"geometry":{"type":"Point","coordinates":[111.56498,-8.04282]}},{"type":"Feature","properties":{"REMARK":"Gedung/Bangunan"},"geometry":{"type":"Point","coordinates":[111.56501,-8.0431]}},{"type":"Feature","properties":{"REMARK":"Gedung/Bangunan"},"geometry":{"type":"Point","coordinates":[111.57001,-8.04529]}},{"type":"Feature","properties":{"REMARK":"Gedung/Bangunan"},"geometry":{"type":"Point","coordinates":[111.57001,-8.04538]}},{"type":"Feature","properties":{"REMARK":"Gedung/Bangunan"},"geometry":{"type":"Point","coordinates":[111.56936,-8.04548]}},{"type":"Feature","properties":{"REMARK":"Gedung/Bangunan"},"geometry":{"type":"Point","coordinates":[111.56882,-8.04657]}},{"type":"Feature","properties":{"REMARK":"Gedung/Bangunan"},"geometry":{"type":"Point","coordinates":[111.55679,-8.04693]}},{"type":"Feature","properties":{"REMARK":"Gedung/Bangunan"},"geometry":{"type":"Point","coordinates":[111.55841,-8.04724]}},{"type":"Feature","properties":{"REMARK":"Gedung/Bangunan"},"geometry":{"type":"Point","coordinates":[111.55831,-8.04725]}},{"type":"Feature","properties":{"REMARK":"Gedung/Bangunan"},"geometry":{"type":"Point","coordinates":[111.55498,-8.04737]}},{"type":"Feature","properties":{"REMARK":"Gedung/Bangunan"},"geometry":{"type":"Point","coordinates":[111.55835,-8.04751]}},{"type":"Feature","properties":{"REMARK":"Gedung/Bangunan"},"geometry":{"type":"Point","coordinates":[111.55496,-8.04756]}},{"type":"Feature","properties":{"REMARK":"Gedung/Bangunan"},"geometry":{"type":"Point","coordinates":[111.55833,-8.04766]}},{"type":"Feature","properties":{"REMARK":"Gedung/Bangunan"},"geometry":{"type":"Point","coordinates":[111.55877,-8.04776]}},{"type":"Feature","properties":{"REMARK":"Gedung/Bangunan"},"geometry":{"type":"Point","coordinates":[111.55837,-8.04784]}},{"type":"Feature","properties":{"REMARK":"Gedung/Bangunan"},"geometry":{"type":"Point","coordinates":[111.55475,-8.04791]}},{"type":"Feature","properties":{"REMARK":"Gedung/Bangunan"},"geometry":{"type":"Point","coordinates":[111.55488,-8.04818]}},{"type":"Feature","properties":{"REMARK":"Gedung/Bangunan"},"geometry":{"type":"Point","coordinates":[111.55712,-8.04823]}},{"type":"Feature","properties":{"REMARK":"Gedung/Bangunan"},"geometry":{"type":"Point","coordinates":[111.55677,-8.04825]}},{"type":"Feature","properties":{"REMARK":"Gedung/Bangunan"},"geometry":{"type":"Point","coordinates":[111.55672,-8.04833]}},{"type":"Feature","properties":{"REMARK":"Gedung/Bangunan"},"geometry":{"type":"Point","coordinates":[111.55688,-8.04843]}},{"type":"Feature","properties":{"REMARK":"Gedung/Bangunan"},"geometry":{"type":"Point","coordinates":[111.55508,-8.04849]}},{"type":"Feature","properties":{"REMARK":"Gedung/Bangunan"},"geometry":{"type":"Point","coordinates":[111.55492,-8.04854]}},{"type":"Feature","properties":{"REMARK":"Gedung/Bangunan"},"geometry":{"type":"Point","coordinates":[111.5573,-8.04876]}},{"type":"Feature","properties":{"REMARK":"Gedung/Bangunan"},"geometry":{"type":"Point","coordinates":[111.55696,-8.04901]}},{"type":"Feature","properties":{"REMARK":"Gedung/Bangunan"},"geometry":{"type":"Point","coordinates":[111.55688,-8.04905]}},{"type":"Feature","properties":{"REMARK":"Gedung/Bangunan"},"geometry":{"type":"Point","coordinates":[111.55745,-8.04927]}},{"type":"Feature","properties":{"REMARK":"Gedung/Bangunan"},"geometry":{"type":"Point","coordinates":[111.55689,-8.04954]}}]}