{"type":"FeatureCollection","features":[{"type":"Feature","properties":{"luas":39.172,"namobj":"Rawan Kebakaran Hutan dan Lahan","provinsi":"Jawa Timur","kelas":"Sangat Tinggi","kode_prov":"35","_cls":"Sangat Tinggi"},"geometry":{"type":"Polygon","coordinates":[[[111.57854,-7.92748],[111.57898,-7.92795],[111.58014,-7.92936],[111.57936,-7.92962],[111.57683,-7.92934],[111.57484,-7.93075],[111.57203,-7.93019],[111.57191,-7.93022],[111.57175,-7.9296],[111.57069,-7.92952],[111.57003,-7.92965],[111.56935,-7.92892],[111.56867,-7.92911],[111.5684,-7.92932],[111.56777,-7.92969],[111.56808,-7.92907],[111.57034,-7.92739],[111.57287,-7.92625],[111.57513,-7.92653],[111.57767,-7.92738],[111.57854,-7.92748]]]}},{"type":"Feature","properties":{"luas":249.33,"namobj":"Rawan Kebakaran Hutan dan Lahan","provinsi":"Jawa Timur","kelas":"Tinggi","kode_prov":"35","_cls":"Tinggi"},"geometry":{"type":"Polygon","coordinates":[[[111.57431,-7.97058],[111.57454,-7.97078],[111.57559,-7.97193],[111.57778,-7.9724],[111.57997,-7.97335],[111.58155,-7.97354],[111.58344,-7.97603],[111.58177,-7.97794],[111.58082,-7.97865],[111.57999,-7.97948],[111.57856,-7.9815],[111.57832,-7.98281],[111.57618,-7.98531],[111.57523,-7.98745],[111.57356,-7.98971],[111.57321,-7.98912],[111.57333,-7.98781],[111.57392,-7.98507],[111.57404,-7.98424],[111.57452,-7.98269],[111.57452,-7.98222],[111.5738,-7.98067],[111.57309,-7.97948],[111.57273,-7.97758],[111.57118,-7.97746],[111.56936,-7.97699],[111.56921,-7.97487],[111.5667,-7.97352],[111.5666,-7.97444],[111.5661,-7.97499],[111.56488,-7.97365],[111.56309,-7.97341],[111.56095,-7.97306],[111.55735,-7.97169],[111.55552,-7.97],[111.55572,-7.96796],[111.55644,-7.96812],[111.55596,-7.96555],[111.56083,-7.96711],[111.56202,-7.96687],[111.56345,-7.96663],[111.56607,-7.96699],[111.56773,-7.96842],[111.57297,-7.97151],[111.57431,-7.97058]]]}},{"type":"Feature","properties":{"luas":500.411,"namobj":"Rawan Kebakaran Hutan dan Lahan","provinsi":"Jawa Timur","kelas":"Tinggi","kode_prov":"35","_cls":"Tinggi"},"geometry":{"type":"Polygon","coordinates":[[[111.53838,-7.97107],[111.53849,-7.97173],[111.54041,-7.9723],[111.54041,-7.97412],[111.54443,-7.97562],[111.54444,-7.98339],[111.54244,-7.98302],[111.54235,-7.98599],[111.53899,-7.98542],[111.53812,-7.98217],[111.53687,-7.98179],[111.53668,-7.98514],[111.53419,-7.98457],[111.53403,-7.98016],[111.53474,-7.98016],[111.53293,-7.97924],[111.53222,-7.97852],[111.53165,-7.97748],[111.53056,-7.97833],[111.5294,-7.97797],[111.52945,-7.97406],[111.52951,-7.97225],[111.52976,-7.97225],[111.52953,-7.97138],[111.52953,-7.97087],[111.52939,-7.97086],[111.52937,-7.97079],[111.53479,-7.97056],[111.53343,-7.96993],[111.53349,-7.9682],[111.5358,-7.96875],[111.53572,-7.96684],[111.53596,-7.96686],[111.53608,-7.96894],[111.53625,-7.96879],[111.53635,-7.96866],[111.53656,-7.96869],[111.5367,-7.96874],[111.53684,-7.96896],[111.53716,-7.96922],[111.5372,-7.96958],[111.53732,-7.9698],[111.53769,-7.97013],[111.53801,-7.97071],[111.53826,-7.97102],[111.53838,-7.97107]]]}},{"type":"Feature","properties":{"luas":4127.625,"namobj":"Rawan Kebakaran Hutan dan Lahan","provinsi":"Jawa Timur","kelas":"Tinggi","kode_prov":"35","_cls":"Tinggi"},"geometry":{"type":"MultiPolygon","coordinates":[[[[111.52722,-7.96388],[111.52723,-7.96392],[111.52608,-7.96368],[111.527,-7.96378],[111.52722,-7.96388]]],[[[111.52129,-7.96315],[111.52245,-7.9633],[111.52346,-7.96335],[111.52501,-7.96351],[111.52571,-7.96364],[111.51982,-7.96353],[111.51922,-7.96347],[111.52025,-7.96334],[111.52053,-7.9632],[111.52129,-7.96315]]],[[[111.5396,-7.94929],[111.5409,-7.94994],[111.54194,-7.95136],[111.54194,-7.95239],[111.53948,-7.95472],[111.53873,-7.9549],[111.53816,-7.95476],[111.53758,-7.95472],[111.53759,-7.95514],[111.53685,-7.95514],[111.53689,-7.95543],[111.53624,-7.95589],[111.53499,-7.95636],[111.53386,-7.95625],[111.53327,-7.95625],[111.53303,-7.95701],[111.53279,-7.95708],[111.53248,-7.95711],[111.53214,-7.95708],[111.53185,-7.9571],[111.53171,-7.95639],[111.53161,-7.95402],[111.53147,-7.95333],[111.53147,-7.95269],[111.53126,-7.95226],[111.53126,-7.95195],[111.53132,-7.95187],[111.53156,-7.95174],[111.53144,-7.9511],[111.5318,-7.95102],[111.5321,-7.95078],[111.53222,-7.95073],[111.53198,-7.95013],[111.53178,-7.94975],[111.53105,-7.9502],[111.53075,-7.94972],[111.53325,-7.9484],[111.53558,-7.94775],[111.53714,-7.94788],[111.53818,-7.94813],[111.5396,-7.94929]]]]}},{"type":"Feature","properties":{"luas":152.308,"namobj":"Rawan Kebakaran Hutan dan Lahan","provinsi":"Jawa Timur","kelas":"Tinggi","kode_prov":"35","_cls":"Tinggi"},"geometry":{"type":"Polygon","coordinates":[[[111.54438,-7.93658],[111.54018,-7.93933],[111.5417,-7.93952],[111.54075,-7.94034],[111.53761,-7.942],[111.53585,-7.94229],[111.53571,-7.94243],[111.53433,-7.94353],[111.5329,-7.94348],[111.53142,-7.94295],[111.52985,-7.94372],[111.52941,-7.94427],[111.52929,-7.94394],[111.52946,-7.94382],[111.52977,-7.94367],[111.53009,-7.94357],[111.53032,-7.9434],[111.53074,-7.94321],[111.5308,-7.94317],[111.53077,-7.94303],[111.53139,-7.94287],[111.53195,-7.9431],[111.53327,-7.94344],[111.53344,-7.94343],[111.53379,-7.94327],[111.53353,-7.94232],[111.5328,-7.94018],[111.53277,-7.93999],[111.53267,-7.9398],[111.5325,-7.93963],[111.53246,-7.93954],[111.53248,-7.93945],[111.53258,-7.93935],[111.53306,-7.93928],[111.53317,-7.93919],[111.53323,-7.93907],[111.53323,-7.93899],[111.53313,-7.93859],[111.53313,-7.93844],[111.53318,-7.93839],[111.5333,-7.93836],[111.53363,-7.93838],[111.53376,-7.93828],[111.53388,-7.93812],[111.53399,-7.93773],[111.53413,-7.93748],[111.5342,-7.93722],[111.53429,-7.9371],[111.53446,-7.93697],[111.53464,-7.93693],[111.53471,-7.93696],[111.53485,-7.93724],[111.53507,-7.93746],[111.5352,-7.93743],[111.53537,-7.93727],[111.53541,-7.93718],[111.53548,-7.93716],[111.53556,-7.93716],[111.53574,-7.93739],[111.53594,-7.93754],[111.53611,-7.93759],[111.53625,-7.93758],[111.53643,-7.9375],[111.5365,-7.93743],[111.53663,-7.9371],[111.53666,-7.93692],[111.53672,-7.93683],[111.5368,-7.9368],[111.53704,-7.93692],[111.53715,-7.93692],[111.53733,-7.93673],[111.53744,-7.93649],[111.53763,-7.93633],[111.53766,-7.93622],[111.5377,-7.9362],[111.53803,-7.93625],[111.53823,-7.93607],[111.53841,-7.93601],[111.53864,-7.93575],[111.53891,-7.93553],[111.53917,-7.93563],[111.53928,-7.93574],[111.53938,-7.93594],[111.53969,-7.93635],[111.53975,-7.9364],[111.53983,-7.9364],[111.53999,-7.93618],[111.53993,-7.93598],[111.53996,-7.93589],[111.54013,-7.93586],[111.54024,-7.93567],[111.54035,-7.9358],[111.54054,-7.93582],[111.54073,-7.93581],[111.54086,-7.93574],[111.5409,-7.93567],[111.54092,-7.93532],[111.5409,-7.93515],[111.54096,-7.93502],[111.54102,-7.93498],[111.54111,-7.93495],[111.54129,-7.93504],[111.54149,-7.93502],[111.54153,-7.93513],[111.54163,-7.93528],[111.5417,-7.93528],[111.54195,-7.93507],[111.54198,-7.93498],[111.54191,-7.9347],[111.54195,-7.93442],[111.54202,-7.93432],[111.5425,-7.93402],[111.54322,-7.93381],[111.5434,-7.93393],[111.54366,-7.93404],[111.54405,-7.93431],[111.54446,-7.93427],[111.54458,-7.9342],[111.54494,-7.93386],[111.54502,-7.93367],[111.54531,-7.93355],[111.54542,-7.93343],[111.54545,-7.93329],[111.5464,-7.93286],[111.54657,-7.93294],[111.5467,-7.93292],[111.54694,-7.93276],[111.54699,-7.93276],[111.54709,-7.93287],[111.54717,-7.9329],[111.5474,-7.93288],[111.54764,-7.9326],[111.54764,-7.93249],[111.54771,-7.9324],[111.54777,-7.93225],[111.54828,-7.93202],[111.54948,-7.93349],[111.54438,-7.93625],[111.54438,-7.93658]]]}},{"type":"Feature","properties":{"luas":41.753,"namobj":"Rawan Kebakaran Hutan dan Lahan","provinsi":"Jawa Timur","kelas":"Tinggi","kode_prov":"35","_cls":"Tinggi"},"geometry":{"type":"Polygon","coordinates":[[[111.56424,-8.027],[111.56429,-8.02711],[111.56438,-8.02756],[111.56474,-8.02803],[111.56474,-8.02831],[111.56394,-8.02842],[111.56267,-8.02814],[111.56219,-8.02781],[111.56165,-8.02764],[111.56137,-8.02749],[111.56058,-8.02738],[111.5602,-8.02701],[111.56001,-8.02641],[111.55957,-8.02612],[111.55964,-8.02546],[111.55977,-8.02508],[111.5595,-8.02479],[111.55889,-8.0245],[111.55896,-8.02389],[111.55934,-8.02305],[111.55909,-8.0227],[111.55824,-8.02314],[111.55785,-8.02315],[111.55728,-8.02277],[111.5571,-8.0224],[111.55667,-8.02172],[111.55635,-8.02185],[111.55625,-8.02213],[111.55627,-8.02298],[111.55609,-8.02434],[111.55592,-8.02429],[111.55594,-8.02434],[111.55586,-8.02451],[111.55569,-8.02446],[111.55556,-8.02437],[111.55556,-8.02197],[111.55622,-8.01884],[111.55853,-8.01884],[111.56089,-8.02026],[111.56119,-8.02267],[111.562,-8.02511],[111.56337,-8.027],[111.56424,-8.027]]]}},{"type":"Feature","properties":{"luas":159.944,"namobj":"Rawan Kebakaran Hutan dan Lahan","provinsi":"Jawa Timur","kelas":"Tinggi","kode_prov":"35","_cls":"Tinggi"},"geometry":{"type":"Polygon","coordinates":[[[111.55319,-8.02672],[111.55268,-8.02708],[111.5521,-8.02822],[111.55276,-8.02886],[111.55302,-8.0295],[111.55384,-8.02985],[111.55394,-8.03004],[111.55394,-8.03033],[111.55461,-8.0311],[111.55462,-8.03131],[111.55442,-8.03152],[111.55346,-8.03165],[111.55298,-8.03207],[111.5528,-8.03247],[111.55313,-8.03306],[111.55339,-8.03311],[111.5535,-8.03296],[111.55366,-8.03298],[111.55376,-8.03303],[111.55394,-8.03302],[111.55416,-8.0329],[111.55441,-8.03291],[111.55455,-8.03293],[111.55463,-8.03299],[111.55462,-8.03328],[111.55444,-8.03376],[111.55446,-8.03394],[111.55428,-8.03439],[111.55468,-8.03438],[111.55484,-8.03454],[111.55493,-8.03481],[111.55526,-8.03537],[111.55552,-8.03529],[111.55595,-8.03507],[111.55672,-8.03499],[111.55758,-8.03462],[111.55797,-8.03488],[111.55822,-8.03536],[111.55835,-8.03577],[111.55853,-8.03576],[111.55878,-8.03534],[111.55879,-8.03493],[111.55887,-8.03483],[111.55888,-8.0346],[111.559,-8.03436],[111.55898,-8.03396],[111.55901,-8.0338],[111.55909,-8.03376],[111.55967,-8.03386],[111.55991,-8.03395],[111.55962,-8.03418],[111.55923,-8.03471],[111.55885,-8.03549],[111.55877,-8.03603],[111.5589,-8.03631],[111.55912,-8.03642],[111.55955,-8.03674],[111.55981,-8.03688],[111.56081,-8.03686],[111.56138,-8.03732],[111.56249,-8.03689],[111.56253,-8.03726],[111.56351,-8.03842],[111.56499,-8.03858],[111.5678,-8.03923],[111.56921,-8.03883],[111.56938,-8.03939],[111.56905,-8.0402],[111.56947,-8.04054],[111.57004,-8.04089],[111.57028,-8.04124],[111.57044,-8.04242],[111.57047,-8.04245],[111.56938,-8.04354],[111.56849,-8.04354],[111.56802,-8.04318],[111.56743,-8.04301],[111.56674,-8.04303],[111.56615,-8.04292],[111.565,-8.04295],[111.56413,-8.04256],[111.56362,-8.04257],[111.5626,-8.04205],[111.56192,-8.04203],[111.56145,-8.04219],[111.56054,-8.04229],[111.56062,-8.0428],[111.56077,-8.04309],[111.56085,-8.04342],[111.56135,-8.04376],[111.56189,-8.04436],[111.56175,-8.04436],[111.56039,-8.04355],[111.55958,-8.04181],[111.55625,-8.04287],[111.55294,-8.04041],[111.55013,-8.03745],[111.55128,-8.03448],[111.54996,-8.03152],[111.54946,-8.02741],[111.55078,-8.02592],[111.55319,-8.02672]]]}},{"type":"Feature","properties":{"luas":10.153,"namobj":"Rawan Kebakaran Hutan dan Lahan","provinsi":"Jawa Timur","kelas":"Sangat Tinggi","kode_prov":"35","_cls":"Sangat Tinggi"},"geometry":{"type":"Polygon","coordinates":[[[111.59402,-7.97363],[111.59344,-7.97373],[111.59302,-7.97356],[111.59275,-7.97349],[111.59241,-7.97372],[111.59111,-7.97372],[111.59033,-7.97359],[111.58977,-7.97325],[111.58979,-7.97213],[111.59023,-7.97192],[111.59053,-7.97172],[111.59062,-7.97055],[111.5915,-7.97013],[111.59193,-7.96978],[111.59298,-7.96993],[111.59227,-7.97135],[111.5937,-7.97349],[111.59402,-7.97363]]]}},{"type":"Feature","properties":{"luas":964.099,"namobj":"Rawan Kebakaran Hutan dan Lahan","provinsi":"Jawa Timur","kelas":"Sangat Tinggi","kode_prov":"35","_cls":"Sangat Tinggi"},"geometry":{"type":"Polygon","coordinates":[[[111.60059,-7.99505],[111.60049,-7.99545],[111.59888,-7.99554],[111.59854,-7.99585],[111.59883,-7.99646],[111.59911,-7.99686],[111.5991,-7.99755],[111.59833,-7.9984],[111.59834,-7.99862],[111.59815,-7.99843],[111.59693,-7.99617],[111.59322,-7.99503],[111.59318,-7.99525],[111.59417,-7.99953],[111.59184,-8.00303],[111.59153,-8.00435],[111.59032,-8.00521],[111.58876,-8.00625],[111.5872,-8.00712],[111.5865,-8.00973],[111.58406,-8.00973],[111.58389,-8.01095],[111.58407,-8.01181],[111.58372,-8.01266],[111.58233,-8.01251],[111.58128,-8.01268],[111.58024,-8.01321],[111.57902,-8.01356],[111.57815,-8.01408],[111.57749,-8.01507],[111.57641,-8.01599],[111.57536,-8.01703],[111.57484,-8.01807],[111.57555,-8.01894],[111.57659,-8.01894],[111.57799,-8.01789],[111.57903,-8.01737],[111.58007,-8.01789],[111.5813,-8.01806],[111.58199,-8.01737],[111.58337,-8.01702],[111.58421,-8.01785],[111.58425,-8.01962],[111.58512,-8.02049],[111.58562,-8.02064],[111.58557,-8.02081],[111.58451,-8.0209],[111.58424,-8.02139],[111.58417,-8.02202],[111.58409,-8.02225],[111.58411,-8.0229],[111.58394,-8.02299],[111.58331,-8.02297],[111.58287,-8.02323],[111.58248,-8.02364],[111.58189,-8.02376],[111.58161,-8.02406],[111.58085,-8.02421],[111.58004,-8.0251],[111.58019,-8.02569],[111.58027,-8.02622],[111.58057,-8.02659],[111.58075,-8.02687],[111.58186,-8.02795],[111.58111,-8.02913],[111.58068,-8.03003],[111.58035,-8.03081],[111.57994,-8.03133],[111.57972,-8.03179],[111.57948,-8.03243],[111.57911,-8.0331],[111.57902,-8.03354],[111.57828,-8.03463],[111.57817,-8.03496],[111.57795,-8.03519],[111.57771,-8.03557],[111.57644,-8.03431],[111.5759,-8.03241],[111.57426,-8.0316],[111.57316,-8.03291],[111.57226,-8.03232],[111.57094,-8.03347],[111.56773,-8.03406],[111.56757,-8.03447],[111.56698,-8.03426],[111.56606,-8.03415],[111.56529,-8.03422],[111.56517,-8.03427],[111.5651,-8.03424],[111.56516,-8.0339],[111.56444,-8.03339],[111.56425,-8.03335],[111.56409,-8.03339],[111.56412,-8.03357],[111.56438,-8.03435],[111.56235,-8.03529],[111.56249,-8.03689],[111.56138,-8.03732],[111.56081,-8.03686],[111.55981,-8.03688],[111.55955,-8.03674],[111.55912,-8.03642],[111.5589,-8.03631],[111.55877,-8.03603],[111.55885,-8.03549],[111.55923,-8.03471],[111.55962,-8.03418],[111.55991,-8.03395],[111.55967,-8.03386],[111.55909,-8.03376],[111.55901,-8.0338],[111.55898,-8.03396],[111.559,-8.03436],[111.55888,-8.0346],[111.55887,-8.03483],[111.55879,-8.03493],[111.55878,-8.03534],[111.55853,-8.03576],[111.55835,-8.03577],[111.55822,-8.03536],[111.55797,-8.03488],[111.55758,-8.03462],[111.55672,-8.03499],[111.55595,-8.03507],[111.55552,-8.03529],[111.55526,-8.03537],[111.55493,-8.03481],[111.55484,-8.03454],[111.55468,-8.03438],[111.55428,-8.03439],[111.55446,-8.03394],[111.55444,-8.03376],[111.55462,-8.03328],[111.55463,-8.03299],[111.55455,-8.03293],[111.55441,-8.03291],[111.55416,-8.0329],[111.55394,-8.03302],[111.55376,-8.03303],[111.55366,-8.03298],[111.5535,-8.03296],[111.55339,-8.03311],[111.55313,-8.03306],[111.5528,-8.03247],[111.55298,-8.03207],[111.55346,-8.03165],[111.55442,-8.03152],[111.55462,-8.03131],[111.55461,-8.0311],[111.55394,-8.03033],[111.55394,-8.03004],[111.55384,-8.02985],[111.55302,-8.0295],[111.55276,-8.02886],[111.5521,-8.02822],[111.55268,-8.02708],[111.55319,-8.02672],[111.55424,-8.02707],[111.55556,-8.02625],[111.55556,-8.02437],[111.55569,-8.02446],[111.55586,-8.02451],[111.55594,-8.02434],[111.55592,-8.02429],[111.55609,-8.02434],[111.55627,-8.02298],[111.55625,-8.02213],[111.55635,-8.02185],[111.55667,-8.02172],[111.5571,-8.0224],[111.55728,-8.02277],[111.55785,-8.02315],[111.55824,-8.02314],[111.55909,-8.0227],[111.55934,-8.02305],[111.55896,-8.02389],[111.55889,-8.0245],[111.5595,-8.02479],[111.55977,-8.02508],[111.55964,-8.02546],[111.55957,-8.02612],[111.56001,-8.02641],[111.5602,-8.02701],[111.56058,-8.02738],[111.56137,-8.02749],[111.56165,-8.02764],[111.56219,-8.02781],[111.56267,-8.02814],[111.56394,-8.02842],[111.56474,-8.02831],[111.56474,-8.02803],[111.56438,-8.02756],[111.56429,-8.02711],[111.56424,-8.027],[111.56527,-8.027],[111.56636,-8.02619],[111.56687,-8.02516],[111.56731,-8.02438],[111.56777,-8.02393],[111.56855,-8.02364],[111.56864,-8.02306],[111.5688,-8.02276],[111.56927,-8.02244],[111.57026,-8.02143],[111.57064,-8.02124],[111.57081,-8.02089],[111.57107,-8.02064],[111.57134,-8.02006],[111.57118,-8.01974],[111.57164,-8.01947],[111.57253,-8.01884],[111.57292,-8.01872],[111.57325,-8.01854],[111.57337,-8.01818],[111.57336,-8.01787],[111.57298,-8.0175],[111.57175,-8.01702],[111.57092,-8.01675],[111.57035,-8.01661],[111.56968,-8.01638],[111.56912,-8.01639],[111.56897,-8.01659],[111.56879,-8.01642],[111.56689,-8.01506],[111.56377,-8.01334],[111.56066,-8.00961],[111.55979,-8.00644],[111.56,-8.00656],[111.56021,-8.00663],[111.56082,-8.00703],[111.56103,-8.00724],[111.5615,-8.0075],[111.5618,-8.00763],[111.56208,-8.00765],[111.56221,-8.00775],[111.56234,-8.00779],[111.56254,-8.00802],[111.56297,-8.00834],[111.56328,-8.00835],[111.56347,-8.00843],[111.56377,-8.00858],[111.56392,-8.00872],[111.56407,-8.0088],[111.56473,-8.00869],[111.56487,-8.00863],[111.56515,-8.00864],[111.56537,-8.00856],[111.56591,-8.00823],[111.5664,-8.00818],[111.5696,-8.00826],[111.57238,-8.00515],[111.57224,-7.99931],[111.57272,-7.99902],[111.57301,-7.9988],[111.57345,-7.99897],[111.57429,-7.99901],[111.57431,-7.9987],[111.57443,-7.99819],[111.5745,-7.99768],[111.57454,-7.99719],[111.57553,-7.99674],[111.57561,-7.99666],[111.57513,-7.99618],[111.57429,-7.99565],[111.57377,-7.99536],[111.57355,-7.99547],[111.57342,-7.99509],[111.57374,-7.99495],[111.57396,-7.99492],[111.57416,-7.99476],[111.57441,-7.99468],[111.57446,-7.99458],[111.57408,-7.99408],[111.5739,-7.9937],[111.57357,-7.99364],[111.57327,-7.99351],[111.57272,-7.99368],[111.57253,-7.99334],[111.57219,-7.99337],[111.57167,-7.99329],[111.57143,-7.9932],[111.57111,-7.99315],[111.57059,-7.99328],[111.57015,-7.99318],[111.56989,-7.99322],[111.56823,-7.98985],[111.56905,-7.98755],[111.5669,-7.98426],[111.56722,-7.98291],[111.5676,-7.98275],[111.56776,-7.9837],[111.56822,-7.984],[111.5693,-7.98398],[111.56998,-7.98415],[111.56954,-7.98459],[111.5689,-7.98504],[111.56879,-7.98527],[111.56952,-7.986],[111.56932,-7.98659],[111.56969,-7.98713],[111.56993,-7.98792],[111.56993,-7.9895],[111.56969,-7.99014],[111.56962,-7.99059],[111.56947,-7.99087],[111.56985,-7.99134],[111.57006,-7.99177],[111.57055,-7.99186],[111.57104,-7.99149],[111.57154,-7.99119],[111.57209,-7.99141],[111.57217,-7.99141],[111.57277,-7.99079],[111.57344,-7.99053],[111.5741,-7.99076],[111.57617,-7.99074],[111.57637,-7.99104],[111.57667,-7.99133],[111.57674,-7.99179],[111.57683,-7.99205],[111.57672,-7.99239],[111.57693,-7.993],[111.57674,-7.99336],[111.57674,-7.99395],[111.57682,-7.99428],[111.57681,-7.99486],[111.57697,-7.99516],[111.57708,-7.99551],[111.57782,-7.99571],[111.57881,-7.99585],[111.57907,-7.99636],[111.57914,-7.99689],[111.57924,-7.99717],[111.57914,-7.99802],[111.57883,-7.99847],[111.57825,-7.99875],[111.57791,-7.99968],[111.57768,-8.00001],[111.57757,-8.00049],[111.57779,-8.0007],[111.57805,-8.00105],[111.57794,-8.00148],[111.57794,-8.00184],[111.57763,-8.00224],[111.57764,-8.00273],[111.57756,-8.00305],[111.57742,-8.00334],[111.57731,-8.00365],[111.577,-8.00407],[111.57624,-8.00482],[111.57542,-8.00546],[111.57397,-8.00589],[111.57382,-8.00599],[111.57419,-8.00611],[111.57455,-8.0063],[111.57471,-8.00729],[111.5736,-8.00745],[111.57352,-8.00764],[111.57481,-8.00806],[111.57539,-8.00791],[111.57599,-8.00784],[111.57783,-8.00727],[111.57825,-8.00657],[111.57878,-8.00649],[111.57966,-8.00736],[111.57981,-8.00783],[111.58005,-8.00828],[111.57989,-8.00859],[111.57989,-8.00881],[111.58019,-8.00896],[111.58027,-8.00821],[111.58057,-8.00791],[111.58086,-8.00732],[111.58095,-8.00723],[111.58125,-8.00724],[111.58162,-8.00761],[111.58161,-8.00726],[111.58199,-8.00716],[111.58214,-8.00704],[111.5818,-8.00613],[111.58229,-8.00544],[111.58237,-8.00529],[111.58268,-8.0049],[111.58341,-8.00455],[111.58365,-8.00438],[111.58387,-8.00394],[111.5842,-8.00343],[111.58488,-8.0031],[111.58515,-8.00273],[111.58605,-8.00244],[111.58638,-8.00227],[111.58585,-8.00151],[111.58514,-8.00109],[111.58507,-8.00032],[111.58522,-7.99974],[111.58531,-7.99911],[111.58574,-7.9987],[111.58589,-7.99846],[111.58625,-7.99823],[111.58634,-7.99793],[111.58664,-7.99764],[111.58672,-7.99719],[111.58682,-7.99699],[111.58733,-7.99666],[111.5877,-7.99666],[111.58807,-7.99723],[111.58878,-7.99758],[111.58929,-7.99774],[111.58965,-7.99756],[111.58983,-7.99698],[111.59063,-7.99689],[111.59114,-7.99638],[111.5913,-7.99606],[111.59129,-7.99572],[111.59083,-7.99515],[111.59019,-7.99473],[111.58964,-7.99431],[111.58949,-7.99406],[111.58987,-7.99381],[111.59017,-7.99355],[111.58972,-7.99344],[111.58917,-7.99325],[111.58844,-7.9926],[111.58805,-7.99181],[111.58768,-7.99163],[111.58702,-7.99164],[111.58638,-7.99131],[111.58592,-7.99016],[111.58582,-7.98976],[111.58555,-7.98896],[111.58577,-7.98806],[111.58542,-7.98747],[111.58555,-7.98729],[111.58628,-7.98773],[111.58696,-7.98781],[111.58764,-7.98804],[111.58854,-7.98857],[111.58924,-7.98843],[111.58904,-7.98803],[111.58905,-7.98759],[111.58884,-7.98729],[111.58874,-7.98697],[111.58875,-7.98667],[111.58897,-7.98624],[111.58896,-7.9858],[111.58906,-7.98542],[111.58927,-7.98511],[111.58934,-7.98477],[111.58869,-7.98429],[111.58847,-7.98361],[111.5882,-7.98322],[111.58743,-7.98307],[111.58696,-7.98274],[111.58687,-7.98211],[111.58669,-7.98177],[111.58642,-7.98136],[111.58631,-7.98091],[111.58574,-7.98024],[111.58567,-7.98008],[111.58582,-7.97993],[111.58733,-7.97979],[111.58777,-7.97994],[111.58837,-7.98001],[111.58862,-7.9801],[111.58965,-7.98062],[111.58995,-7.98061],[111.59056,-7.98],[111.59134,-7.98002],[111.59176,-7.97993],[111.59227,-7.97994],[111.5925,-7.9797],[111.59247,-7.97832],[111.59258,-7.97812],[111.59354,-7.97814],[111.59389,-7.97805],[111.59407,-7.97768],[111.5943,-7.97745],[111.5943,-7.97738],[111.59447,-7.97759],[111.59447,-7.97829],[111.59499,-7.97933],[111.59482,-7.98038],[111.59447,-7.98142],[111.5943,-7.98263],[111.59361,-7.9835],[111.59251,-7.98419],[111.59175,-7.984],[111.591,-7.984],[111.591,-7.98425],[111.59114,-7.98425],[111.59125,-7.98441],[111.59125,-7.9845],[111.59131,-7.9845],[111.5915,-7.98472],[111.5915,-7.98475],[111.59154,-7.98476],[111.591,-7.98507],[111.59135,-7.98628],[111.59291,-7.98784],[111.59393,-7.98936],[111.59535,-7.9901],[111.59744,-7.99027],[111.59954,-7.992],[111.59989,-7.99339],[111.60059,-7.99505]]]}},{"type":"Feature","properties":{"luas":190.568,"namobj":"Rawan Kebakaran Hutan dan Lahan","provinsi":"Jawa Timur","kelas":"Sangat Tinggi","kode_prov":"35","_cls":"Sangat Tinggi"},"geometry":{"type":"MultiPolygon","coordinates":[[[[111.59626,-8.01729],[111.59696,-8.01777],[111.59696,-8.01787],[111.59776,-8.01853],[111.59732,-8.01869],[111.59713,-8.01871],[111.59702,-8.01867],[111.59646,-8.01795],[111.59625,-8.01754],[111.59598,-8.0177],[111.59616,-8.01729],[111.59626,-8.01729]]],[[[111.61188,-8.01126],[111.61157,-8.01162],[111.61148,-8.0118],[111.61106,-8.01212],[111.61037,-8.01195],[111.6091,-8.01128],[111.60741,-8.01195],[111.60654,-8.01334],[111.60619,-8.01456],[111.60444,-8.01665],[111.60323,-8.01717],[111.60201,-8.01734],[111.60115,-8.01805],[111.60128,-8.0183],[111.60096,-8.01834],[111.6005,-8.01829],[111.6003,-8.01824],[111.59969,-8.01827],[111.59918,-8.01847],[111.59859,-8.01841],[111.5982,-8.01843],[111.59888,-8.01735],[111.5994,-8.01596],[111.5994,-8.01439],[111.59974,-8.01248],[111.60218,-8.01075],[111.60339,-8.01005],[111.60357,-8.00866],[111.6032,-8.00739],[111.60287,-8.00658],[111.60269,-8.00536],[111.60273,-8.00447],[111.60374,-8.0038],[111.60443,-8.0031],[111.60477,-8.00224],[111.60738,-7.99963],[111.60843,-7.99945],[111.60947,-7.9998],[111.60983,-8.00084],[111.60931,-8.00223],[111.60931,-8.00362],[111.60983,-8.00535],[111.61036,-8.00639],[111.61123,-8.00709],[111.6121,-8.00917],[111.61227,-8.01021],[111.61188,-8.01126]]]]}},{"type":"Feature","properties":{"luas":10.174,"namobj":"Rawan Kebakaran Hutan dan Lahan","provinsi":"Jawa Timur","kelas":"Sangat Tinggi","kode_prov":"35","_cls":"Sangat Tinggi"},"geometry":{"type":"Polygon","coordinates":[[[111.57047,-8.04245],[111.57044,-8.04242],[111.57028,-8.04124],[111.57004,-8.04089],[111.56947,-8.04054],[111.56905,-8.0402],[111.56938,-8.03939],[111.56921,-8.03883],[111.57073,-8.03836],[111.57141,-8.03836],[111.57206,-8.03831],[111.57236,-8.03974],[111.57182,-8.0411],[111.57047,-8.04245]]]}},{"type":"Feature","properties":{"luas":10.705,"namobj":"Rawan Kebakaran Hutan dan Lahan","provinsi":"Jawa Timur","kelas":"Sangat Tinggi","kode_prov":"35","_cls":"Sangat Tinggi"},"geometry":{"type":"Polygon","coordinates":[[[111.56849,-8.04354],[111.56557,-8.04355],[111.56312,-8.04436],[111.56189,-8.04436],[111.56135,-8.04376],[111.56085,-8.04342],[111.56077,-8.04309],[111.56062,-8.0428],[111.56054,-8.04229],[111.56145,-8.04219],[111.56192,-8.04203],[111.5626,-8.04205],[111.56362,-8.04257],[111.56413,-8.04256],[111.565,-8.04295],[111.56615,-8.04292],[111.56674,-8.04303],[111.56743,-8.04301],[111.56802,-8.04318],[111.56849,-8.04354]]]}},{"type":"Feature","properties":{"luas":516.867,"namobj":"Rawan Kebakaran Hutan dan Lahan","provinsi":"Jawa Timur","kelas":"Sangat Tinggi","kode_prov":"35","_cls":"Sangat Tinggi"},"geometry":{"type":"Polygon","coordinates":[[[111.59193,-7.96978],[111.5915,-7.97013],[111.59062,-7.97055],[111.59053,-7.97172],[111.59023,-7.97192],[111.58979,-7.97213],[111.58977,-7.97325],[111.59033,-7.97359],[111.59111,-7.97372],[111.59241,-7.97372],[111.59275,-7.97349],[111.59302,-7.97356],[111.59344,-7.97373],[111.59402,-7.97363],[111.59538,-7.97423],[111.59591,-7.9746],[111.59647,-7.97598],[111.59636,-7.97604],[111.59635,-7.97609],[111.59609,-7.97613],[111.59525,-7.97591],[111.59497,-7.97611],[111.59493,-7.97631],[111.59447,-7.97638],[111.59447,-7.97658],[111.59436,-7.97668],[111.59429,-7.97723],[111.5943,-7.97745],[111.59407,-7.97768],[111.59389,-7.97805],[111.59354,-7.97814],[111.59258,-7.97812],[111.59247,-7.97832],[111.5925,-7.9797],[111.59227,-7.97994],[111.59176,-7.97993],[111.59134,-7.98002],[111.59056,-7.98],[111.58995,-7.98061],[111.58965,-7.98062],[111.58862,-7.9801],[111.58837,-7.98001],[111.58777,-7.97994],[111.58733,-7.97979],[111.58582,-7.97993],[111.58567,-7.98008],[111.58574,-7.98024],[111.58631,-7.98091],[111.58642,-7.98136],[111.58669,-7.98177],[111.58687,-7.98211],[111.58696,-7.98274],[111.58743,-7.98307],[111.5882,-7.98322],[111.58847,-7.98361],[111.58869,-7.98429],[111.58934,-7.98477],[111.58927,-7.98511],[111.58906,-7.98542],[111.58896,-7.9858],[111.58897,-7.98624],[111.58875,-7.98667],[111.58874,-7.98697],[111.58884,-7.98729],[111.58905,-7.98759],[111.58904,-7.98803],[111.58924,-7.98843],[111.58854,-7.98857],[111.58764,-7.98804],[111.58696,-7.98781],[111.58628,-7.98773],[111.58555,-7.98729],[111.58542,-7.98747],[111.58577,-7.98806],[111.58555,-7.98896],[111.58582,-7.98976],[111.58592,-7.99016],[111.58638,-7.99131],[111.58702,-7.99164],[111.58768,-7.99163],[111.58805,-7.99181],[111.58844,-7.9926],[111.58917,-7.99325],[111.58972,-7.99344],[111.59017,-7.99355],[111.58987,-7.99381],[111.58949,-7.99406],[111.58964,-7.99431],[111.59019,-7.99473],[111.59083,-7.99515],[111.59129,-7.99572],[111.5913,-7.99606],[111.59114,-7.99638],[111.59063,-7.99689],[111.58983,-7.99698],[111.58965,-7.99756],[111.58929,-7.99774],[111.58878,-7.99758],[111.58807,-7.99723],[111.5877,-7.99666],[111.58733,-7.99666],[111.58682,-7.99699],[111.58672,-7.99719],[111.58664,-7.99764],[111.58634,-7.99793],[111.58625,-7.99823],[111.58589,-7.99846],[111.58574,-7.9987],[111.58531,-7.99911],[111.58522,-7.99974],[111.58507,-8.00032],[111.58514,-8.00109],[111.58585,-8.00151],[111.58638,-8.00227],[111.58605,-8.00244],[111.58515,-8.00273],[111.58488,-8.0031],[111.5842,-8.00343],[111.58387,-8.00394],[111.58365,-8.00438],[111.58341,-8.00455],[111.58268,-8.0049],[111.58237,-8.00529],[111.58229,-8.00544],[111.5818,-8.00613],[111.58214,-8.00704],[111.58199,-8.00716],[111.58161,-8.00726],[111.58162,-8.00761],[111.58125,-8.00724],[111.58095,-8.00723],[111.58086,-8.00732],[111.58057,-8.00791],[111.58027,-8.00821],[111.58019,-8.00896],[111.57989,-8.00881],[111.57989,-8.00859],[111.58005,-8.00828],[111.57981,-8.00783],[111.57966,-8.00736],[111.57878,-8.00649],[111.57825,-8.00657],[111.57783,-8.00727],[111.57599,-8.00784],[111.57539,-8.00791],[111.57481,-8.00806],[111.57352,-8.00764],[111.5736,-8.00745],[111.57471,-8.00729],[111.57455,-8.0063],[111.57419,-8.00611],[111.57382,-8.00599],[111.57397,-8.00589],[111.57542,-8.00546],[111.57624,-8.00482],[111.577,-8.00407],[111.57731,-8.00365],[111.57742,-8.00334],[111.57756,-8.00305],[111.57764,-8.00273],[111.57763,-8.00224],[111.57794,-8.00184],[111.57794,-8.00148],[111.57805,-8.00105],[111.57779,-8.0007],[111.57757,-8.00049],[111.57768,-8.00001],[111.57791,-7.99968],[111.57825,-7.99875],[111.57883,-7.99847],[111.57914,-7.99802],[111.57924,-7.99717],[111.57914,-7.99689],[111.57907,-7.99636],[111.57881,-7.99585],[111.57782,-7.99571],[111.57708,-7.99551],[111.57697,-7.99516],[111.57681,-7.99486],[111.57682,-7.99428],[111.57674,-7.99395],[111.57674,-7.99336],[111.57693,-7.993],[111.57672,-7.99239],[111.57683,-7.99205],[111.57674,-7.99179],[111.57667,-7.99133],[111.57637,-7.99104],[111.57617,-7.99074],[111.5741,-7.99076],[111.57344,-7.99053],[111.57277,-7.99079],[111.57217,-7.99141],[111.57209,-7.99141],[111.57154,-7.99119],[111.57104,-7.99149],[111.57055,-7.99186],[111.57006,-7.99177],[111.56985,-7.99134],[111.56947,-7.99087],[111.56962,-7.99059],[111.56969,-7.99014],[111.56993,-7.9895],[111.56993,-7.98792],[111.56969,-7.98713],[111.56932,-7.98659],[111.56952,-7.986],[111.56879,-7.98527],[111.5689,-7.98504],[111.56954,-7.98459],[111.56998,-7.98415],[111.5693,-7.98398],[111.56822,-7.984],[111.56776,-7.9837],[111.56755,-7.98239],[111.5674,-7.98211],[111.56756,-7.98146],[111.56822,-7.98063],[111.56937,-7.97717],[111.56936,-7.97699],[111.57118,-7.97746],[111.57273,-7.97758],[111.57309,-7.97948],[111.5738,-7.98067],[111.57452,-7.98222],[111.57452,-7.98269],[111.57404,-7.98424],[111.57392,-7.98507],[111.57333,-7.98781],[111.57321,-7.98912],[111.57356,-7.98971],[111.57523,-7.98745],[111.57618,-7.98531],[111.57832,-7.98281],[111.57856,-7.9815],[111.57999,-7.97948],[111.58082,-7.97865],[111.58177,-7.97794],[111.58344,-7.97603],[111.58155,-7.97354],[111.58368,-7.97316],[111.58511,-7.97307],[111.58787,-7.97326],[111.58863,-7.97288],[111.58901,-7.97174],[111.58939,-7.97078],[111.59,-7.96948],[111.59193,-7.96978]]]}},{"type":"Feature","properties":{"luas":38.653,"namobj":"Rawan Kebakaran Hutan dan Lahan","provinsi":"Jawa Timur","kelas":"Tinggi","kode_prov":"35","_cls":"Tinggi"},"geometry":{"type":"Polygon","coordinates":[[[111.56167,-7.96211],[111.5591,-7.96093],[111.55706,-7.95995],[111.55702,-7.95991],[111.55658,-7.95882],[111.55637,-7.95813],[111.55515,-7.95822],[111.5547,-7.95754],[111.55461,-7.95704],[111.55808,-7.95453],[111.5585,-7.95454],[111.55986,-7.9542],[111.56112,-7.95382],[111.56121,-7.95316],[111.56327,-7.95251],[111.56303,-7.95383],[111.56107,-7.95608],[111.55994,-7.95806],[111.56051,-7.96115],[111.56167,-7.96211]]]}},{"type":"Feature","properties":{"luas":152.557,"namobj":"Rawan Kebakaran Hutan dan Lahan","provinsi":"Jawa Timur","kelas":"Sangat Tinggi","kode_prov":"35","_cls":"Sangat Tinggi"},"geometry":{"type":"Polygon","coordinates":[[[111.56167,-7.96211],[111.56392,-7.96395],[111.56812,-7.96367],[111.56959,-7.96293],[111.56959,-7.9665],[111.57007,-7.96745],[111.57254,-7.96907],[111.57431,-7.97058],[111.57297,-7.97151],[111.56773,-7.96842],[111.56607,-7.96699],[111.56345,-7.96663],[111.56202,-7.96687],[111.56083,-7.96711],[111.55596,-7.96555],[111.55358,-7.96527],[111.55206,-7.96527],[111.55044,-7.96498],[111.54902,-7.96489],[111.5473,-7.9646],[111.54553,-7.96389],[111.54563,-7.96381],[111.54567,-7.96371],[111.54567,-7.96352],[111.55461,-7.95704],[111.5547,-7.95754],[111.55515,-7.95822],[111.55637,-7.95813],[111.55658,-7.95882],[111.55702,-7.95991],[111.55706,-7.95995],[111.5591,-7.96093],[111.56167,-7.96211]]]}},{"type":"Feature","properties":{"luas":14.543,"namobj":"Rawan Kebakaran Hutan dan Lahan","provinsi":"Jawa Timur","kelas":"Tinggi","kode_prov":"35","_cls":"Tinggi"},"geometry":{"type":"Polygon","coordinates":[[[111.55808,-7.95453],[111.55461,-7.95704],[111.55452,-7.95654],[111.55422,-7.95621],[111.55383,-7.95541],[111.553,-7.95494],[111.55288,-7.95401],[111.5534,-7.95365],[111.55429,-7.95361],[111.55577,-7.95345],[111.55632,-7.95333],[111.55636,-7.95327],[111.55667,-7.95322],[111.55678,-7.9531],[111.55683,-7.95293],[111.55687,-7.9529],[111.55759,-7.95293],[111.55793,-7.95286],[111.55796,-7.95298],[111.55803,-7.95353],[111.5579,-7.9542],[111.55786,-7.95451],[111.55808,-7.95453]]]}},{"type":"Feature","properties":{"luas":425.012,"namobj":"Rawan Kebakaran Hutan dan Lahan","provinsi":"Jawa Timur","kelas":"Sangat Tinggi","kode_prov":"35","_cls":"Sangat Tinggi"},"geometry":{"type":"MultiPolygon","coordinates":[[[[111.54491,-7.96351],[111.54503,-7.9637],[111.54464,-7.96356],[111.54416,-7.96308],[111.54392,-7.96294],[111.54427,-7.96283],[111.54461,-7.96268],[111.54475,-7.96287],[111.54491,-7.96351]]],[[[111.57654,-7.93637],[111.57796,-7.93834],[111.57762,-7.93868],[111.57759,-7.93822],[111.57648,-7.93853],[111.5763,-7.93875],[111.57598,-7.93929],[111.57584,-7.93967],[111.57402,-7.94004],[111.56866,-7.94482],[111.56444,-7.94877],[111.56359,-7.95073],[111.56327,-7.95251],[111.56121,-7.95316],[111.56112,-7.95382],[111.55986,-7.9542],[111.5585,-7.95454],[111.55786,-7.95451],[111.5579,-7.9542],[111.55803,-7.95353],[111.55796,-7.95298],[111.55793,-7.95286],[111.55759,-7.95293],[111.55687,-7.9529],[111.55683,-7.95293],[111.55678,-7.9531],[111.55667,-7.95322],[111.55636,-7.95327],[111.55632,-7.95333],[111.55577,-7.95345],[111.55429,-7.95361],[111.5534,-7.95365],[111.55288,-7.95401],[111.553,-7.95494],[111.55383,-7.95541],[111.55422,-7.95621],[111.55452,-7.95654],[111.55461,-7.95704],[111.54567,-7.96352],[111.54563,-7.96307],[111.54571,-7.96297],[111.54592,-7.96286],[111.54594,-7.96275],[111.54577,-7.96259],[111.54556,-7.96227],[111.54534,-7.96223],[111.54523,-7.96227],[111.54504,-7.96226],[111.54499,-7.96209],[111.54503,-7.96189],[111.5452,-7.96163],[111.54531,-7.96139],[111.54538,-7.9613],[111.54565,-7.96128],[111.54687,-7.9616],[111.54723,-7.96175],[111.5476,-7.96174],[111.54772,-7.96043],[111.54715,-7.96041],[111.54627,-7.96027],[111.54451,-7.96011],[111.54429,-7.96044],[111.54413,-7.96055],[111.54377,-7.96069],[111.54246,-7.96066],[111.54246,-7.9606],[111.54204,-7.96059],[111.54431,-7.95949],[111.54388,-7.95864],[111.54409,-7.95736],[111.54514,-7.95674],[111.54602,-7.95458],[111.54685,-7.95355],[111.54877,-7.95247],[111.55006,-7.95141],[111.55154,-7.95077],[111.55304,-7.95034],[111.55474,-7.9514],[111.55624,-7.95119],[111.5573,-7.95012],[111.55836,-7.94927],[111.55921,-7.94778],[111.56007,-7.94587],[111.56006,-7.94417],[111.56155,-7.94395],[111.56411,-7.94374],[111.56581,-7.94267],[111.56581,-7.94119],[111.56411,-7.94098],[111.56049,-7.94141],[111.55856,-7.94205],[111.5575,-7.94354],[111.55772,-7.94523],[111.5573,-7.94627],[111.55516,-7.94715],[111.5526,-7.94673],[111.55048,-7.94673],[111.54919,-7.94737],[111.54728,-7.9478],[111.54578,-7.94886],[111.54151,-7.94888],[111.5406,-7.94979],[111.5396,-7.94929],[111.53818,-7.94813],[111.53732,-7.94792],[111.53747,-7.94526],[111.53832,-7.94441],[111.54066,-7.94441],[111.54213,-7.94356],[111.54518,-7.94374],[111.54746,-7.94202],[111.54975,-7.94174],[111.55089,-7.94126],[111.55298,-7.94031],[111.5547,-7.93917],[111.55736,-7.93822],[111.55993,-7.93831],[111.56164,-7.93831],[111.56383,-7.93822],[111.56469,-7.93803],[111.56678,-7.93745],[111.56809,-7.93695],[111.56979,-7.93779],[111.57288,-7.9375],[111.57542,-7.93637],[111.57654,-7.93637]]]]}},{"type":"Feature","properties":{"luas":81.826,"namobj":"Rawan Kebakaran Hutan dan Lahan","provinsi":"Jawa Timur","kelas":"Tinggi","kode_prov":"35","_cls":"Tinggi"},"geometry":{"type":"Polygon","coordinates":[[[111.55299,-7.97535],[111.55302,-7.97544],[111.55172,-7.97685],[111.55185,-7.9796],[111.55173,-7.9819],[111.55065,-7.98379],[111.55125,-7.98558],[111.55161,-7.98678],[111.5521,-7.98774],[111.55366,-7.98821],[111.55474,-7.98821],[111.55595,-7.99048],[111.5564,-7.99116],[111.55547,-7.99109],[111.55367,-7.99085],[111.5527,-7.99085],[111.55264,-7.99092],[111.55246,-7.99081],[111.55225,-7.99084],[111.55211,-7.99099],[111.55202,-7.99101],[111.55159,-7.99079],[111.55117,-7.99051],[111.55084,-7.9904],[111.55041,-7.99011],[111.55032,-7.99015],[111.55027,-7.99038],[111.5502,-7.99044],[111.55013,-7.99035],[111.55,-7.98994],[111.54974,-7.98966],[111.54954,-7.98956],[111.54946,-7.98947],[111.54945,-7.98937],[111.54951,-7.98912],[111.5495,-7.98889],[111.54916,-7.98891],[111.549,-7.98885],[111.54895,-7.98848],[111.54888,-7.98838],[111.54863,-7.98819],[111.54818,-7.98769],[111.54752,-7.98735],[111.54738,-7.98732],[111.54716,-7.98735],[111.54707,-7.98728],[111.5468,-7.98692],[111.5467,-7.98667],[111.54663,-7.98659],[111.54638,-7.98659],[111.54606,-7.98671],[111.54593,-7.98669],[111.54572,-7.98653],[111.54562,-7.98634],[111.54556,-7.98515],[111.54581,-7.98454],[111.54564,-7.98414],[111.54562,-7.98401],[111.54591,-7.9834],[111.54599,-7.98328],[111.54711,-7.98376],[111.54716,-7.98359],[111.54718,-7.9831],[111.54724,-7.98303],[111.54726,-7.9829],[111.54738,-7.98262],[111.54734,-7.98252],[111.54733,-7.98234],[111.54711,-7.9823],[111.54707,-7.98221],[111.54716,-7.98216],[111.54745,-7.98216],[111.54718,-7.98167],[111.54726,-7.98095],[111.54803,-7.98115],[111.54808,-7.98106],[111.54811,-7.98074],[111.54818,-7.9806],[111.54839,-7.98033],[111.54845,-7.98015],[111.54855,-7.98007],[111.54871,-7.98],[111.54882,-7.97987],[111.5489,-7.97958],[111.54898,-7.97942],[111.54893,-7.97934],[111.54861,-7.97937],[111.54852,-7.97932],[111.54845,-7.9791],[111.548,-7.97905],[111.54768,-7.97879],[111.54753,-7.97857],[111.5475,-7.97838],[111.54757,-7.97805],[111.54749,-7.97773],[111.54705,-7.97756],[111.547,-7.97736],[111.54723,-7.97684],[111.54765,-7.97698],[111.54779,-7.97735],[111.54818,-7.97751],[111.54843,-7.97752],[111.54883,-7.97739],[111.54965,-7.97723],[111.54987,-7.97738],[111.54996,-7.97728],[111.55004,-7.97691],[111.55023,-7.97665],[111.55022,-7.9765],[111.55003,-7.97605],[111.55063,-7.97637],[111.5508,-7.97616],[111.5509,-7.97613],[111.551,-7.97601],[111.55148,-7.97577],[111.55171,-7.97551],[111.55172,-7.9754],[111.55184,-7.97529],[111.55193,-7.97512],[111.55232,-7.97523],[111.5524,-7.97529],[111.5528,-7.97527],[111.55299,-7.97535]]]}},{"type":"Feature","properties":{"luas":423.221,"namobj":"Rawan Kebakaran Hutan dan Lahan","provinsi":"Jawa Timur","kelas":"Sangat Tinggi","kode_prov":"35","_cls":"Sangat Tinggi"},"geometry":{"type":"Polygon","coordinates":[[[111.55572,-7.96796],[111.55552,-7.97],[111.55363,-7.96931],[111.55135,-7.96955],[111.55112,-7.97027],[111.55171,-7.97146],[111.55232,-7.9735],[111.55299,-7.97535],[111.5528,-7.97527],[111.5524,-7.97529],[111.55232,-7.97523],[111.55193,-7.97512],[111.55184,-7.97529],[111.55172,-7.9754],[111.55171,-7.97551],[111.55148,-7.97577],[111.551,-7.97601],[111.5509,-7.97613],[111.5508,-7.97616],[111.55063,-7.97637],[111.55003,-7.97605],[111.55022,-7.9765],[111.55023,-7.97665],[111.55004,-7.97691],[111.54996,-7.97728],[111.54987,-7.97738],[111.54965,-7.97723],[111.54883,-7.97739],[111.54843,-7.97752],[111.54818,-7.97751],[111.54779,-7.97735],[111.54765,-7.97698],[111.54723,-7.97684],[111.547,-7.97736],[111.54705,-7.97756],[111.54749,-7.97773],[111.54757,-7.97805],[111.5475,-7.97838],[111.54753,-7.97857],[111.54768,-7.97879],[111.548,-7.97905],[111.54845,-7.9791],[111.54852,-7.97932],[111.54861,-7.97937],[111.54893,-7.97934],[111.54898,-7.97942],[111.5489,-7.97958],[111.54882,-7.97987],[111.54871,-7.98],[111.54855,-7.98007],[111.54845,-7.98015],[111.54839,-7.98033],[111.54818,-7.9806],[111.54811,-7.98074],[111.54808,-7.98106],[111.54803,-7.98115],[111.54726,-7.98095],[111.54718,-7.98167],[111.54745,-7.98216],[111.54716,-7.98216],[111.54707,-7.98221],[111.54711,-7.9823],[111.54733,-7.98234],[111.54734,-7.98252],[111.54738,-7.98262],[111.54726,-7.9829],[111.54724,-7.98303],[111.54718,-7.9831],[111.54716,-7.98359],[111.54711,-7.98376],[111.54599,-7.98328],[111.54562,-7.98401],[111.54564,-7.98414],[111.54581,-7.98454],[111.54556,-7.98515],[111.54562,-7.98634],[111.54572,-7.98653],[111.54593,-7.98669],[111.54606,-7.98671],[111.54638,-7.98659],[111.54663,-7.98659],[111.5467,-7.98667],[111.5468,-7.98692],[111.54707,-7.98728],[111.54716,-7.98735],[111.54738,-7.98732],[111.54752,-7.98735],[111.54818,-7.98769],[111.54863,-7.98819],[111.54888,-7.98838],[111.54895,-7.98848],[111.549,-7.98885],[111.54916,-7.98891],[111.5495,-7.98889],[111.54951,-7.98912],[111.54945,-7.98937],[111.54946,-7.98947],[111.54954,-7.98956],[111.54974,-7.98966],[111.55,-7.98994],[111.55013,-7.99035],[111.5502,-7.99044],[111.55027,-7.99038],[111.55032,-7.99015],[111.55041,-7.99011],[111.55084,-7.9904],[111.55117,-7.99051],[111.55159,-7.99079],[111.55202,-7.99101],[111.55211,-7.99099],[111.55225,-7.99084],[111.55246,-7.99081],[111.55264,-7.99092],[111.55204,-7.99158],[111.55138,-7.99181],[111.54994,-7.99169],[111.54898,-7.99265],[111.54884,-7.99394],[111.54753,-7.99318],[111.54751,-7.99309],[111.54729,-7.99269],[111.54721,-7.9926],[111.54694,-7.99193],[111.54562,-7.9911],[111.54406,-7.99086],[111.5425,-7.99074],[111.54202,-7.99134],[111.54262,-7.99253],[111.54346,-7.99313],[111.54395,-7.99457],[111.54443,-7.99672],[111.54515,-7.99708],[111.54563,-7.99804],[111.54635,-7.999],[111.54767,-7.99935],[111.54816,-8.00055],[111.54704,-8.00185],[111.54551,-8.00102],[111.54503,-7.99983],[111.54299,-7.99852],[111.54107,-7.99852],[111.53963,-7.9996],[111.53913,-8.00214],[111.53821,-8.00294],[111.53723,-8.00212],[111.53675,-7.99972],[111.53613,-7.99757],[111.53435,-7.99733],[111.53337,-7.99815],[111.53324,-7.99709],[111.53313,-7.99511],[111.53282,-7.99186],[111.53257,-7.9895],[111.53232,-7.98772],[111.53207,-7.98361],[111.53411,-7.98247],[111.53419,-7.98457],[111.53668,-7.98514],[111.53687,-7.98179],[111.53812,-7.98217],[111.53899,-7.98542],[111.54235,-7.98599],[111.54244,-7.98302],[111.54444,-7.98339],[111.54443,-7.97616],[111.54517,-7.97586],[111.54626,-7.97529],[111.54707,-7.97476],[111.54807,-7.97376],[111.54873,-7.97069],[111.54607,-7.97079],[111.54473,-7.97069],[111.54388,-7.97031],[111.54378,-7.96946],[111.54502,-7.96784],[111.54702,-7.96708],[111.55102,-7.96708],[111.55225,-7.96736],[111.55425,-7.96755],[111.55572,-7.96796]]]}},{"type":"Feature","properties":{"luas":86.091,"namobj":"Rawan Kebakaran Hutan dan Lahan","provinsi":"Jawa Timur","kelas":"Sangat Tinggi","kode_prov":"35","_cls":"Sangat Tinggi"},"geometry":{"type":"Polygon","coordinates":[[[111.58515,-7.96745],[111.58368,-7.9704],[111.58263,-7.96993],[111.58149,-7.96917],[111.58035,-7.96812],[111.57987,-7.96745],[111.57711,-7.96688],[111.57597,-7.96612],[111.57521,-7.96536],[111.57445,-7.96412],[111.57359,-7.96365],[111.56996,-7.96275],[111.57095,-7.96226],[111.57351,-7.96028],[111.57545,-7.96],[111.57884,-7.96027],[111.58054,-7.96056],[111.58305,-7.96192],[111.58311,-7.96299],[111.58311,-7.96396],[111.58318,-7.96403],[111.5832,-7.96424],[111.58442,-7.96664],[111.58515,-7.96745]]]}},{"type":"Feature","properties":{"luas":19.22,"namobj":"Rawan Kebakaran Hutan dan Lahan","provinsi":"Jawa Timur","kelas":"Tinggi","kode_prov":"35","_cls":"Tinggi"},"geometry":{"type":"MultiPolygon","coordinates":[[[[111.56646,-7.9237],[111.56667,-7.92385],[111.56671,-7.92396],[111.56687,-7.92409],[111.56731,-7.92422],[111.56751,-7.92413],[111.56761,-7.92413],[111.56809,-7.92439],[111.56525,-7.9257],[111.55989,-7.92655],[111.55934,-7.92794],[111.55926,-7.92798],[111.55897,-7.92787],[111.55886,-7.92766],[111.55876,-7.92735],[111.55853,-7.92724],[111.55835,-7.92708],[111.55825,-7.92705],[111.55803,-7.92704],[111.55783,-7.9271],[111.55725,-7.92754],[111.55716,-7.92754],[111.55699,-7.92752],[111.55686,-7.92745],[111.5566,-7.92723],[111.5565,-7.92711],[111.55635,-7.92707],[111.55638,-7.92693],[111.55657,-7.92668],[111.55697,-7.92627],[111.5576,-7.9259],[111.55773,-7.92588],[111.55816,-7.92593],[111.55829,-7.92588],[111.55874,-7.9254],[111.55902,-7.92522],[111.55919,-7.9252],[111.55939,-7.92527],[111.56017,-7.92578],[111.56082,-7.92594],[111.56112,-7.92594],[111.56133,-7.92581],[111.56162,-7.92549],[111.56171,-7.92543],[111.56182,-7.92543],[111.56197,-7.9255],[111.56211,-7.92549],[111.56233,-7.9254],[111.56275,-7.92533],[111.56284,-7.92528],[111.563,-7.92506],[111.56375,-7.92473],[111.56394,-7.92456],[111.5642,-7.9242],[111.56427,-7.92416],[111.56454,-7.92412],[111.56475,-7.92428],[111.56491,-7.92429],[111.56508,-7.92424],[111.56519,-7.92397],[111.56531,-7.92392],[111.56553,-7.9239],[111.56566,-7.9238],[111.56577,-7.92377],[111.56595,-7.92377],[111.56611,-7.92382],[111.56634,-7.92382],[111.56646,-7.9237]]],[[[111.56892,-7.924],[111.56811,-7.92438],[111.56796,-7.92409],[111.56771,-7.92389],[111.5677,-7.92378],[111.56781,-7.92362],[111.56831,-7.92333],[111.56849,-7.92293],[111.56879,-7.92265],[111.56976,-7.92211],[111.56892,-7.924]]]]}},{"type":"Feature","properties":{"luas":1077.509,"namobj":"Rawan Kebakaran Hutan dan Lahan","provinsi":"Jawa Timur","kelas":"Sangat Tinggi","kode_prov":"35","_cls":"Sangat Tinggi"},"geometry":{"type":"MultiPolygon","coordinates":[[[[111.5432,-7.93382],[111.5425,-7.93402],[111.54272,-7.93386],[111.54288,-7.93379],[111.54316,-7.93378],[111.5432,-7.93382]]],[[[111.5464,-7.93286],[111.54545,-7.93329],[111.54547,-7.9332],[111.54563,-7.93309],[111.54576,-7.93282],[111.54586,-7.93275],[111.5461,-7.93271],[111.5464,-7.93286]]],[[[111.56658,-7.92359],[111.56663,-7.92367],[111.56667,-7.92385],[111.56646,-7.9237],[111.56634,-7.92382],[111.56611,-7.92382],[111.56595,-7.92377],[111.56577,-7.92377],[111.56566,-7.9238],[111.56553,-7.9239],[111.56531,-7.92392],[111.56519,-7.92397],[111.56508,-7.92424],[111.56491,-7.92429],[111.56475,-7.92428],[111.56454,-7.92412],[111.56427,-7.92416],[111.5642,-7.9242],[111.56394,-7.92456],[111.56375,-7.92473],[111.563,-7.92506],[111.56284,-7.92528],[111.56275,-7.92533],[111.56233,-7.9254],[111.56211,-7.92549],[111.56197,-7.9255],[111.56182,-7.92543],[111.56171,-7.92543],[111.56162,-7.92549],[111.56133,-7.92581],[111.56112,-7.92594],[111.56082,-7.92594],[111.56017,-7.92578],[111.55939,-7.92527],[111.55919,-7.9252],[111.55902,-7.92522],[111.55874,-7.9254],[111.55829,-7.92588],[111.55816,-7.92593],[111.55773,-7.92588],[111.55752,-7.92593],[111.55697,-7.92627],[111.55672,-7.92651],[111.5565,-7.92677],[111.55638,-7.92693],[111.55635,-7.92707],[111.5565,-7.92711],[111.5566,-7.92723],[111.55686,-7.92745],[111.55708,-7.92754],[111.55725,-7.92754],[111.55783,-7.9271],[111.55803,-7.92704],[111.5582,-7.92704],[111.55835,-7.92708],[111.55853,-7.92724],[111.5587,-7.92731],[111.55879,-7.92742],[111.55879,-7.92749],[111.55897,-7.92787],[111.55926,-7.92798],[111.55934,-7.92794],[111.55962,-7.92907],[111.55595,-7.93134],[111.55653,-7.93443],[111.55755,-7.93433],[111.55777,-7.93516],[111.55784,-7.93558],[111.55736,-7.93546],[111.55508,-7.93517],[111.55146,-7.93593],[111.54775,-7.93622],[111.54438,-7.93658],[111.54438,-7.93625],[111.54948,-7.93349],[111.54828,-7.93202],[111.54777,-7.93225],[111.54788,-7.9321],[111.54795,-7.93188],[111.5481,-7.93185],[111.54846,-7.932],[111.54881,-7.932],[111.5493,-7.93226],[111.54944,-7.93228],[111.54959,-7.93214],[111.54974,-7.93186],[111.54989,-7.93178],[111.55015,-7.93177],[111.55024,-7.93181],[111.55063,-7.93178],[111.55071,-7.93175],[111.55088,-7.93158],[111.55095,-7.93129],[111.55103,-7.93112],[111.55105,-7.93101],[111.55103,-7.93091],[111.55098,-7.93083],[111.55081,-7.93075],[111.55044,-7.93047],[111.55033,-7.93024],[111.55037,-7.92992],[111.55061,-7.92953],[111.55072,-7.92929],[111.55077,-7.9291],[111.55079,-7.92854],[111.55099,-7.92854],[111.55153,-7.92877],[111.55161,-7.92877],[111.55177,-7.92862],[111.55178,-7.92845],[111.55173,-7.92839],[111.55159,-7.92831],[111.55147,-7.92818],[111.55143,-7.928],[111.55154,-7.92785],[111.55164,-7.92781],[111.55179,-7.9279],[111.55196,-7.92791],[111.55214,-7.92742],[111.55214,-7.92726],[111.55202,-7.92706],[111.55191,-7.92701],[111.55182,-7.92692],[111.55177,-7.92678],[111.55179,-7.9266],[111.55192,-7.9264],[111.55218,-7.92617],[111.55248,-7.92619],[111.55306,-7.92634],[111.55345,-7.92635],[111.55375,-7.9263],[111.55427,-7.92613],[111.55469,-7.92611],[111.55492,-7.92628],[111.55505,-7.92648],[111.55514,-7.92686],[111.55524,-7.92707],[111.55539,-7.92714],[111.55578,-7.92713],[111.55601,-7.92704],[111.55617,-7.92693],[111.55643,-7.9267],[111.55665,-7.92628],[111.55681,-7.92605],[111.5569,-7.92596],[111.5573,-7.9258],[111.5575,-7.92562],[111.55762,-7.92556],[111.55775,-7.92557],[111.55805,-7.92569],[111.55832,-7.92567],[111.55848,-7.92553],[111.55867,-7.92518],[111.55896,-7.92496],[111.55921,-7.92494],[111.55941,-7.92497],[111.55983,-7.92515],[111.56026,-7.92547],[111.56062,-7.92568],[111.56105,-7.92572],[111.56123,-7.92567],[111.56135,-7.92557],[111.56164,-7.92519],[111.56195,-7.92519],[111.56225,-7.92528],[111.56236,-7.92529],[111.56282,-7.92514],[111.56299,-7.92498],[111.56311,-7.92474],[111.56325,-7.92464],[111.56344,-7.92458],[111.56378,-7.92452],[111.56386,-7.92447],[111.56413,-7.92407],[111.56426,-7.92397],[111.56443,-7.92398],[111.56478,-7.92413],[111.56498,-7.92417],[111.56504,-7.92413],[111.5651,-7.924],[111.56501,-7.92378],[111.56516,-7.9237],[111.56558,-7.92379],[111.56579,-7.92365],[111.56616,-7.92365],[111.56634,-7.92352],[111.56648,-7.92352],[111.56658,-7.92359]]],[[[111.56831,-7.92333],[111.56781,-7.92362],[111.56825,-7.92332],[111.56851,-7.92281],[111.56866,-7.92265],[111.5689,-7.92246],[111.56986,-7.9219],[111.56976,-7.92211],[111.56879,-7.92265],[111.56849,-7.92293],[111.56831,-7.92333]]],[[[111.5706,-7.91952],[111.57049,-7.91991],[111.57049,-7.91977],[111.5706,-7.91952]]],[[[111.57082,-7.91877],[111.57068,-7.91923],[111.57066,-7.91906],[111.57082,-7.91877]]]]}},{"type":"Feature","properties":{"luas":53.627,"namobj":"Rawan Kebakaran Hutan dan Lahan","provinsi":"Jawa Timur","kelas":"Sangat Tinggi","kode_prov":"35","_cls":"Sangat Tinggi"},"geometry":{"type":"Polygon","coordinates":[[[111.5661,-7.97499],[111.56528,-7.97588],[111.56421,-7.97767],[111.56325,-7.97994],[111.56313,-7.98163],[111.56206,-7.98258],[111.56121,-7.98258],[111.55941,-7.97959],[111.5594,-7.97456],[111.55735,-7.97169],[111.56095,-7.97306],[111.56309,-7.97341],[111.56488,-7.97365],[111.5661,-7.97499]]]}},{"type":"Feature","properties":{"luas":21.373,"namobj":"Rawan Kebakaran Hutan dan Lahan","provinsi":"Jawa Timur","kelas":"Tinggi","kode_prov":"35","_cls":"Tinggi"},"geometry":{"type":"Polygon","coordinates":[[[111.57224,-7.99931],[111.5722,-7.99791],[111.56989,-7.99322],[111.57015,-7.99318],[111.57059,-7.99328],[111.57111,-7.99315],[111.57143,-7.9932],[111.57167,-7.99329],[111.57219,-7.99337],[111.57253,-7.99334],[111.57272,-7.99368],[111.57327,-7.99351],[111.57357,-7.99364],[111.5739,-7.9937],[111.57408,-7.99408],[111.57446,-7.99458],[111.57441,-7.99468],[111.57416,-7.99476],[111.57396,-7.99492],[111.57374,-7.99495],[111.57342,-7.99509],[111.57355,-7.99547],[111.57377,-7.99536],[111.57429,-7.99565],[111.57513,-7.99618],[111.57561,-7.99666],[111.57553,-7.99674],[111.57454,-7.99719],[111.5745,-7.99768],[111.57443,-7.99819],[111.57431,-7.9987],[111.57429,-7.99901],[111.57345,-7.99897],[111.57301,-7.9988],[111.57272,-7.99902],[111.57224,-7.99931]]]}},{"type":"Feature","properties":{"luas":11.83,"namobj":"Rawan Kebakaran Hutan dan Lahan","provinsi":"Jawa Timur","kelas":"Tinggi","kode_prov":"35","_cls":"Tinggi"},"geometry":{"type":"Polygon","coordinates":[[[111.59834,-7.99862],[111.59833,-7.9984],[111.5991,-7.99755],[111.59911,-7.99686],[111.59883,-7.99646],[111.59854,-7.99585],[111.59888,-7.99554],[111.60049,-7.99545],[111.60059,-7.99505],[111.60129,-7.99669],[111.60111,-7.99894],[111.60077,-7.99981],[111.59937,-7.99964],[111.59834,-7.99862]]]}},{"type":"Feature","properties":{"luas":298.12,"namobj":"Rawan Kebakaran Hutan dan Lahan","provinsi":"Jawa Timur","kelas":"Tinggi","kode_prov":"35","_cls":"Tinggi"},"geometry":{"type":"Polygon","coordinates":[[[111.59696,-8.01777],[111.59626,-8.01729],[111.59616,-8.01729],[111.59598,-8.0177],[111.59562,-8.01789],[111.59514,-8.01842],[111.59498,-8.01847],[111.59423,-8.01851],[111.5924,-8.01895],[111.59046,-8.01938],[111.58928,-8.02054],[111.58764,-8.02264],[111.58668,-8.02361],[111.58598,-8.02406],[111.58527,-8.02444],[111.58337,-8.02514],[111.58273,-8.02572],[111.58261,-8.0266],[111.58234,-8.02701],[111.58186,-8.02795],[111.58075,-8.02687],[111.58057,-8.02659],[111.58027,-8.02622],[111.58019,-8.02569],[111.58004,-8.0251],[111.58085,-8.02421],[111.58161,-8.02406],[111.58189,-8.02376],[111.58248,-8.02364],[111.58287,-8.02323],[111.58331,-8.02297],[111.58394,-8.02299],[111.58411,-8.0229],[111.58409,-8.02225],[111.58417,-8.02202],[111.58424,-8.02139],[111.58451,-8.0209],[111.58557,-8.02081],[111.58562,-8.02064],[111.58687,-8.02101],[111.58791,-8.02014],[111.58878,-8.01806],[111.58947,-8.01719],[111.59052,-8.01649],[111.59156,-8.0151],[111.59174,-8.01371],[111.59173,-8.01215],[111.59242,-8.01041],[111.59295,-8.00989],[111.59521,-8.00832],[111.59573,-8.00676],[111.59573,-8.00589],[111.59486,-8.00451],[111.59433,-8.00399],[111.59409,-8.00292],[111.5943,-8.00271],[111.59452,-8.00265],[111.59475,-8.00242],[111.59458,-8.00225],[111.5952,-8.00208],[111.59782,-8.00296],[111.59921,-8.0045],[111.59956,-8.00519],[111.59939,-8.00728],[111.59869,-8.01006],[111.59834,-8.01127],[111.59748,-8.01336],[111.59748,-8.01509],[111.59696,-8.01648],[111.59696,-8.01777]]]}},{"type":"Feature","properties":{"luas":13.411,"namobj":"Rawan Kebakaran Hutan dan Lahan","provinsi":"Jawa Timur","kelas":"Tinggi","kode_prov":"35","_cls":"Tinggi"},"geometry":{"type":"Polygon","coordinates":[[[111.5664,-8.00818],[111.56591,-8.00823],[111.56537,-8.00856],[111.56515,-8.00864],[111.56487,-8.00863],[111.56473,-8.00869],[111.56407,-8.0088],[111.56392,-8.00872],[111.56377,-8.00858],[111.56347,-8.00843],[111.56328,-8.00835],[111.56297,-8.00834],[111.56254,-8.00802],[111.56234,-8.00779],[111.56221,-8.00775],[111.56208,-8.00765],[111.5618,-8.00763],[111.56103,-8.00724],[111.56082,-8.00703],[111.5605,-8.00681],[111.56021,-8.00663],[111.56,-8.00656],[111.55979,-8.00644],[111.55967,-8.00599],[111.56115,-8.00468],[111.56347,-8.00566],[111.56463,-8.00813],[111.5664,-8.00818]]]}},{"type":"Feature","properties":{"luas":16.423,"namobj":"Rawan Kebakaran Hutan dan Lahan","provinsi":"Jawa Timur","kelas":"Tinggi","kode_prov":"35","_cls":"Tinggi"},"geometry":{"type":"Polygon","coordinates":[[[111.56731,-8.02438],[111.56799,-8.0232],[111.5688,-8.02157],[111.56989,-8.01967],[111.56989,-8.0175],[111.56897,-8.01659],[111.56912,-8.01639],[111.56968,-8.01638],[111.57035,-8.01661],[111.57092,-8.01675],[111.57175,-8.01702],[111.57298,-8.0175],[111.57336,-8.01787],[111.57337,-8.01818],[111.57325,-8.01854],[111.57292,-8.01872],[111.57253,-8.01884],[111.57164,-8.01947],[111.57118,-8.01974],[111.57134,-8.02006],[111.57107,-8.02064],[111.57081,-8.02089],[111.57064,-8.02124],[111.57026,-8.02143],[111.56927,-8.02244],[111.5688,-8.02276],[111.56864,-8.02306],[111.56855,-8.02364],[111.56777,-8.02393],[111.56731,-8.02438]]]}},{"type":"Feature","properties":{"luas":117.335,"namobj":"Rawan Kebakaran Hutan dan Lahan","provinsi":"Jawa Timur","kelas":"Tinggi","kode_prov":"35","_cls":"Tinggi"},"geometry":{"type":"Polygon","coordinates":[[[111.5506,-8.02092],[111.5497,-8.02116],[111.54816,-8.02098],[111.54631,-8.02164],[111.54453,-8.02098],[111.54409,-8.02027],[111.545,-8.01955],[111.54542,-8.01949],[111.54661,-8.01908],[111.54703,-8.01872],[111.54738,-8.01789],[111.54744,-8.017],[111.54744,-8.0161],[111.54762,-8.01515],[111.54851,-8.01402],[111.54947,-8.01295],[111.55024,-8.0123],[111.55125,-8.01128],[111.55161,-8.00914],[111.55196,-8.00748],[111.55274,-8.00611],[111.55446,-8.00391],[111.5572,-7.99986],[111.55886,-7.99867],[111.55934,-7.99903],[111.55988,-7.99974],[111.55999,-8.0007],[111.55994,-8.00171],[111.55946,-8.00278],[111.55869,-8.00349],[111.55821,-8.0045],[111.55672,-8.00635],[111.55571,-8.00748],[111.55494,-8.00849],[111.55446,-8.0095],[111.55416,-8.01087],[111.55446,-8.012],[111.55458,-8.01307],[111.55422,-8.0139],[111.55345,-8.01474],[111.5528,-8.01563],[111.55214,-8.01711],[111.55202,-8.01824],[111.55226,-8.01955],[111.55173,-8.02027],[111.5506,-8.02092]]]}},{"type":"Feature","properties":{"luas":101.493,"namobj":"Rawan Kebakaran Hutan dan Lahan","provinsi":"Jawa Timur","kelas":"Tinggi","kode_prov":"35","_cls":"Tinggi"},"geometry":{"type":"Polygon","coordinates":[[[111.659,-7.97535],[111.65907,-7.97488],[111.66002,-7.97259],[111.6605,-7.97116],[111.66202,-7.96993],[111.6625,-7.96869],[111.66107,-7.96812],[111.65955,-7.96802],[111.65952,-7.9677],[111.66052,-7.96757],[111.66187,-7.96716],[111.66262,-7.96713],[111.66343,-7.96758],[111.66349,-7.96774],[111.6635,-7.96813],[111.66333,-7.96884],[111.66299,-7.96982],[111.6626,-7.97052],[111.66251,-7.97061],[111.6624,-7.97089],[111.66223,-7.97107],[111.66171,-7.97122],[111.66163,-7.97129],[111.66172,-7.97189],[111.66154,-7.97224],[111.66151,-7.97323],[111.66158,-7.97344],[111.66192,-7.97383],[111.66225,-7.97403],[111.66223,-7.97414],[111.66209,-7.9743],[111.66164,-7.97459],[111.66161,-7.97479],[111.6615,-7.97491],[111.66119,-7.97504],[111.66109,-7.97533],[111.661,-7.97545],[111.66083,-7.97553],[111.66007,-7.97543],[111.65961,-7.97555],[111.65934,-7.97559],[111.65916,-7.97542],[111.65906,-7.97536],[111.659,-7.97535]]]}},{"type":"Feature","properties":{"luas":20.288,"namobj":"Rawan Kebakaran Hutan dan Lahan","provinsi":"Jawa Timur","kelas":"Sangat Tinggi","kode_prov":"35","_cls":"Sangat Tinggi"},"geometry":{"type":"Polygon","coordinates":[[[111.57536,-8.03929],[111.57536,-8.03926],[111.57596,-8.03892],[111.57604,-8.03892],[111.57536,-8.03929]]]}},{"type":"Feature","properties":{"luas":13.832,"namobj":"Rawan Kebakaran Hutan dan Lahan","provinsi":"Jawa Timur","kelas":"Tinggi","kode_prov":"35","_cls":"Tinggi"},"geometry":{"type":"Polygon","coordinates":[[[111.6482,-8.02095],[111.64816,-8.0209],[111.64823,-8.02045],[111.64825,-8.02085],[111.6482,-8.02095]]]}},{"type":"Feature","properties":{"luas":810.634,"namobj":"Rawan Kebakaran Hutan dan Lahan","provinsi":"Jawa Timur","kelas":"Sangat Tinggi","kode_prov":"35","_cls":"Sangat Tinggi"},"geometry":{"type":"Polygon","coordinates":[[[111.65496,-8.01384],[111.65496,-8.01426],[111.65505,-8.01507],[111.655,-8.01551],[111.65452,-8.01637],[111.65384,-8.01705],[111.65373,-8.01726],[111.65379,-8.01819],[111.65356,-8.01856],[111.65332,-8.01885],[111.65332,-8.01898],[111.65358,-8.01946],[111.65337,-8.02015],[111.6533,-8.02048],[111.65319,-8.02058],[111.65294,-8.02067],[111.65165,-8.0214],[111.65142,-8.02146],[111.65096,-8.0214],[111.65086,-8.02148],[111.65079,-8.02162],[111.65074,-8.02203],[111.65064,-8.02214],[111.64983,-8.02207],[111.64933,-8.02173],[111.64923,-8.02174],[111.64901,-8.02184],[111.6489,-8.02194],[111.6482,-8.02095],[111.64825,-8.02085],[111.64823,-8.02045],[111.64825,-8.02026],[111.64927,-8.01932],[111.6506,-8.01818],[111.65136,-8.01618],[111.65193,-8.01485],[111.6527,-8.01361],[111.65374,-8.01361],[111.65496,-8.01384]]]}},{"type":"Feature","properties":{"luas":2135.588,"namobj":"Rawan Kebakaran Hutan dan Lahan","provinsi":"Jawa Timur","kelas":"Tinggi","kode_prov":"35","_cls":"Tinggi"},"geometry":{"type":"Polygon","coordinates":[[[111.62806,-7.9582],[111.62816,-7.95854],[111.62823,-7.95861],[111.62838,-7.95856],[111.62851,-7.95857],[111.62877,-7.95841],[111.62896,-7.95842],[111.62929,-7.9586],[111.62938,-7.95872],[111.62963,-7.95803],[111.62977,-7.95815],[111.63005,-7.95817],[111.63006,-7.95794],[111.62999,-7.95783],[111.63003,-7.95772],[111.63051,-7.95775],[111.63081,-7.9577],[111.63119,-7.95774],[111.63129,-7.9578],[111.63145,-7.95775],[111.63161,-7.95781],[111.63165,-7.95819],[111.63183,-7.95815],[111.63202,-7.95822],[111.6326,-7.95814],[111.63273,-7.95807],[111.63281,-7.95795],[111.63279,-7.95784],[111.63297,-7.95769],[111.63346,-7.95707],[111.63364,-7.95697],[111.63396,-7.95689],[111.63413,-7.95676],[111.63468,-7.95624],[111.63481,-7.95605],[111.63495,-7.95592],[111.63511,-7.95588],[111.63581,-7.95587],[111.63604,-7.95596],[111.63673,-7.95634],[111.63753,-7.95685],[111.63824,-7.95697],[111.63841,-7.95696],[111.63856,-7.9569],[111.6389,-7.95696],[111.63873,-7.95743],[111.63871,-7.95778],[111.63883,-7.95831],[111.63881,-7.95861],[111.63901,-7.95874],[111.6392,-7.95905],[111.63932,-7.95916],[111.63935,-7.9593],[111.63951,-7.95944],[111.63951,-7.95967],[111.63956,-7.95975],[111.63966,-7.9598],[111.64007,-7.95987],[111.64035,-7.96009],[111.64072,-7.96018],[111.64094,-7.96026],[111.64123,-7.96073],[111.64131,-7.96081],[111.64142,-7.96081],[111.64148,-7.96077],[111.64162,-7.96054],[111.64169,-7.96052],[111.64182,-7.96057],[111.64202,-7.96077],[111.64248,-7.96101],[111.6426,-7.961],[111.64275,-7.96086],[111.64282,-7.96085],[111.64295,-7.96093],[111.64308,-7.96091],[111.64314,-7.96087],[111.64321,-7.96071],[111.64321,-7.96017],[111.64328,-7.96011],[111.64348,-7.96014],[111.64405,-7.96043],[111.64422,-7.96046],[111.64434,-7.96042],[111.64441,-7.96026],[111.64448,-7.96023],[111.64459,-7.96026],[111.64831,-7.96014],[111.64837,-7.96037],[111.64878,-7.96081],[111.64977,-7.96131],[111.64986,-7.96141],[111.64986,-7.9615],[111.65026,-7.96185],[111.65076,-7.96194],[111.65099,-7.96202],[111.6514,-7.96229],[111.65149,-7.9624],[111.65175,-7.96315],[111.65216,-7.9637],[111.65237,-7.96389],[111.65285,-7.96397],[111.65302,-7.96405],[111.65319,-7.96427],[111.65317,-7.96437],[111.65369,-7.96455],[111.65374,-7.96488],[111.6546,-7.96707],[111.65631,-7.96869],[111.65717,-7.97031],[111.6566,-7.97155],[111.65527,-7.97202],[111.65346,-7.97326],[111.65124,-7.97454],[111.65002,-7.9763],[111.64934,-7.97715],[111.6481,-7.97769],[111.64706,-7.97839],[111.64654,-7.97995],[111.64602,-7.98134],[111.64484,-7.98415],[111.6455,-7.98499],[111.6467,-7.98584],[111.64742,-7.98725],[111.64742,-7.98811],[111.64812,-7.98846],[111.64911,-7.98859],[111.64895,-7.98892],[111.64866,-7.98902],[111.64787,-7.989],[111.64777,-7.9894],[111.6474,-7.99012],[111.6474,-7.99025],[111.6477,-7.99069],[111.64753,-7.99079],[111.6465,-7.99059],[111.64592,-7.99],[111.64546,-7.98976],[111.64434,-7.98977],[111.64403,-7.98961],[111.64387,-7.99017],[111.64412,-7.99049],[111.64459,-7.99085],[111.64517,-7.99107],[111.64581,-7.99155],[111.64605,-7.99186],[111.6462,-7.99247],[111.64657,-7.99319],[111.64636,-7.99366],[111.64527,-7.99393],[111.64449,-7.99454],[111.6447,-7.99524],[111.64492,-7.99554],[111.64512,-7.99602],[111.64587,-7.997],[111.64612,-7.99726],[111.64589,-7.9974],[111.64622,-7.9987],[111.64657,-7.99957],[111.64709,-8.00043],[111.64709,-8.00089],[111.64684,-8.00068],[111.64607,-8.00034],[111.64539,-8.00009],[111.64523,-7.99945],[111.64492,-7.99884],[111.64478,-7.99839],[111.64422,-7.99817],[111.64346,-7.99815],[111.64267,-7.99839],[111.64204,-7.99848],[111.64162,-7.99869],[111.64126,-7.99869],[111.64088,-7.99881],[111.63997,-7.99934],[111.63997,-7.99966],[111.64027,-7.99996],[111.64028,-8.00019],[111.63997,-8.00048],[111.63998,-8.00091],[111.63978,-8.00079],[111.63856,-8.0008],[111.63734,-8.00132],[111.637,-8.0016],[111.63725,-8.00036],[111.63742,-8.00019],[111.6375,-7.99981],[111.63765,-7.99951],[111.63766,-7.99869],[111.63732,-7.99846],[111.63683,-7.99845],[111.63616,-7.99902],[111.63547,-7.99981],[111.63514,-8.00026],[111.63488,-8.00027],[111.63472,-8.00012],[111.63452,-7.99961],[111.63416,-7.99926],[111.6339,-7.99854],[111.63379,-7.99786],[111.6336,-7.9975],[111.63348,-7.99714],[111.6332,-7.99695],[111.63299,-7.99727],[111.6324,-7.99784],[111.63231,-7.99828],[111.63233,-7.99884],[111.63187,-7.99972],[111.63205,-8.00026],[111.6318,-8.00027],[111.63146,-7.99992],[111.63098,-8.00039],[111.63088,-8.00087],[111.63013,-8.00117],[111.62956,-8.00116],[111.62914,-8.00125],[111.62858,-8.00123],[111.62834,-8.00135],[111.62829,-8.00116],[111.62828,-7.99977],[111.62793,-7.99887],[111.62758,-7.9963],[111.6274,-7.99543],[111.62566,-7.99196],[111.62461,-7.99127],[111.62322,-7.99144],[111.62218,-7.99231],[111.62153,-7.99296],[111.62131,-7.99388],[111.62217,-7.99457],[111.62357,-7.99474],[111.62444,-7.99509],[111.62536,-7.996],[111.62616,-7.99685],[111.62448,-7.99774],[111.62414,-7.99936],[111.6238,-7.99914],[111.62348,-7.99846],[111.62247,-7.99846],[111.62124,-7.99854],[111.62056,-7.99831],[111.62002,-7.99839],[111.61987,-7.99846],[111.61928,-7.99861],[111.61852,-7.99892],[111.61809,-7.99891],[111.61771,-7.999],[111.61758,-7.99955],[111.61642,-8.00079],[111.61633,-8.00196],[111.61608,-8.00207],[111.61564,-8.00032],[111.61696,-7.99883],[111.61811,-7.99571],[111.61747,-7.99552],[111.61725,-7.99531],[111.6168,-7.99502],[111.61658,-7.99458],[111.61657,-7.99414],[111.61665,-7.99374],[111.61694,-7.99287],[111.61671,-7.99276],[111.61637,-7.9924],[111.61591,-7.99207],[111.61612,-7.99186],[111.61603,-7.9916],[111.61616,-7.99122],[111.6159,-7.99097],[111.61589,-7.99048],[111.61627,-7.99029],[111.61635,-7.99012],[111.6168,-7.9897],[111.61669,-7.98934],[111.61597,-7.98894],[111.61564,-7.98871],[111.61493,-7.98872],[111.61477,-7.98856],[111.61433,-7.98842],[111.61417,-7.98819],[111.61404,-7.98779],[111.61351,-7.98751],[111.61329,-7.98769],[111.61365,-7.98803],[111.61335,-7.98823],[111.61334,-7.98884],[111.61351,-7.98937],[111.61385,-7.98992],[111.61365,-7.99021],[111.6135,-7.99066],[111.61196,-7.99064],[111.61131,-7.99149],[111.6111,-7.99194],[111.61091,-7.99184],[111.61072,-7.99156],[111.61042,-7.99127],[111.61043,-7.99082],[111.61003,-7.9905],[111.6093,-7.99014],[111.6092,-7.98996],[111.6093,-7.98969],[111.60937,-7.98916],[111.60959,-7.98873],[111.60967,-7.98826],[111.60979,-7.9879],[111.60937,-7.98734],[111.60967,-7.98684],[111.60974,-7.98661],[111.61004,-7.98647],[111.61019,-7.98616],[111.6105,-7.98572],[111.61027,-7.98527],[111.61017,-7.98487],[111.60945,-7.98452],[111.60937,-7.98436],[111.6093,-7.98398],[111.60892,-7.98362],[111.60892,-7.98332],[111.60913,-7.98309],[111.61024,-7.98299],[111.61042,-7.98264],[111.61014,-7.98234],[111.60945,-7.98205],[111.6093,-7.98175],[111.6092,-7.98127],[111.60938,-7.97887],[111.60999,-7.97796],[111.61019,-7.97753],[111.61051,-7.97707],[111.61169,-7.97589],[111.61248,-7.97598],[111.61275,-7.97638],[111.61274,-7.97693],[111.61411,-7.97731],[111.61477,-7.97724],[111.61515,-7.97695],[111.61595,-7.97679],[111.61641,-7.97692],[111.61665,-7.97724],[111.61687,-7.97768],[111.61712,-7.97781],[111.61761,-7.97734],[111.61777,-7.97687],[111.61767,-7.97643],[111.61688,-7.9755],[111.61672,-7.97455],[111.61712,-7.97393],[111.61766,-7.97365],[111.61852,-7.97327],[111.61852,-7.97303],[111.61843,-7.97256],[111.61873,-7.97174],[111.61904,-7.97109],[111.61949,-7.97093],[111.62054,-7.97084],[111.62055,-7.9707],[111.62017,-7.97034],[111.62034,-7.96946],[111.62105,-7.96911],[111.62122,-7.96876],[111.62159,-7.9682],[111.62236,-7.96781],[111.62292,-7.96761],[111.62366,-7.968],[111.62474,-7.96802],[111.62521,-7.96764],[111.62661,-7.96755],[111.627,-7.96764],[111.62797,-7.96771],[111.62851,-7.96782],[111.62901,-7.96769],[111.62932,-7.96748],[111.62962,-7.96734],[111.62941,-7.96711],[111.62827,-7.96702],[111.62784,-7.9666],[111.62797,-7.96621],[111.62806,-7.96574],[111.6289,-7.96516],[111.62961,-7.96473],[111.62977,-7.96427],[111.62937,-7.96403],[111.62866,-7.96416],[111.62853,-7.96508],[111.62762,-7.96508],[111.62745,-7.96516],[111.62691,-7.96561],[111.62599,-7.96598],[111.6255,-7.9659],[111.62483,-7.96562],[111.62412,-7.96581],[111.62309,-7.96486],[111.6226,-7.96511],[111.62248,-7.96562],[111.6217,-7.96621],[111.62152,-7.96613],[111.62081,-7.96568],[111.62034,-7.96582],[111.62007,-7.96607],[111.61976,-7.96686],[111.61943,-7.96703],[111.61887,-7.96704],[111.61822,-7.96691],[111.61787,-7.96782],[111.61736,-7.96844],[111.61722,-7.96903],[111.61702,-7.96914],[111.61639,-7.96922],[111.61598,-7.96943],[111.61554,-7.96944],[111.61488,-7.96906],[111.61405,-7.96923],[111.61321,-7.97011],[111.61269,-7.97001],[111.61257,-7.96937],[111.61218,-7.96871],[111.61157,-7.96812],[111.61133,-7.96767],[111.6112,-7.96727],[111.61191,-7.96712],[111.61273,-7.96733],[111.61305,-7.96726],[111.61335,-7.96711],[111.6138,-7.96696],[111.61367,-7.96671],[111.61312,-7.96644],[111.6132,-7.96591],[111.61348,-7.96563],[111.61367,-7.96534],[111.61407,-7.96508],[111.61428,-7.96393],[111.6138,-7.96329],[111.61379,-7.96313],[111.61406,-7.96313],[111.6142,-7.96342],[111.61498,-7.96358],[111.61502,-7.96324],[111.61478,-7.96299],[111.61446,-7.96283],[111.61447,-7.96232],[111.61352,-7.96217],[111.61335,-7.96165],[111.61281,-7.96133],[111.61267,-7.96118],[111.61201,-7.96107],[111.61163,-7.96089],[111.61113,-7.96055],[111.61058,-7.96042],[111.61057,-7.95991],[111.61067,-7.9597],[111.61055,-7.9586],[111.61072,-7.95827],[111.61081,-7.95789],[111.61161,-7.95742],[111.6123,-7.95744],[111.6123,-7.95736],[111.61215,-7.95721],[111.61273,-7.95722],[111.61317,-7.95706],[111.6136,-7.95736],[111.61402,-7.95724],[111.61387,-7.95713],[111.61334,-7.95696],[111.61335,-7.95653],[111.6129,-7.95654],[111.61267,-7.95632],[111.61291,-7.9557],[111.61318,-7.95541],[111.61395,-7.95511],[111.61441,-7.95488],[111.61483,-7.95444],[111.61551,-7.95443],[111.61596,-7.95458],[111.61612,-7.95445],[111.61589,-7.95428],[111.61531,-7.95429],[111.61485,-7.95399],[111.61499,-7.95383],[111.61565,-7.95382],[111.61596,-7.95398],[111.6163,-7.95364],[111.61684,-7.95323],[111.61867,-7.95338],[111.61876,-7.95365],[111.6186,-7.95397],[111.61852,-7.95406],[111.61807,-7.95435],[111.61817,-7.95488],[111.61842,-7.95489],[111.61899,-7.95478],[111.61935,-7.95451],[111.61969,-7.9544],[111.61987,-7.95421],[111.62024,-7.9542],[111.62036,-7.95453],[111.62011,-7.9549],[111.61994,-7.95557],[111.61995,-7.95593],[111.61972,-7.95627],[111.61987,-7.95676],[111.61987,-7.95705],[111.62016,-7.95721],[111.62092,-7.95706],[111.62174,-7.95697],[111.62249,-7.95646],[111.6231,-7.9566],[111.62319,-7.95697],[111.62368,-7.95729],[111.62381,-7.9578],[111.62347,-7.95833],[111.6228,-7.95898],[111.62295,-7.95908],[111.6234,-7.9592],[111.62422,-7.95981],[111.62491,-7.95923],[111.62508,-7.95932],[111.62529,-7.95998],[111.62595,-7.95961],[111.62594,-7.95924],[111.6265,-7.95895],[111.62725,-7.95867],[111.62768,-7.95833],[111.62806,-7.9582]]]}},{"type":"Feature","properties":{"luas":10.947,"namobj":"Rawan Kebakaran Hutan dan Lahan","provinsi":"Jawa Timur","kelas":"Tinggi","kode_prov":"35","_cls":"Tinggi"},"geometry":{"type":"Polygon","coordinates":[[[111.61064,-7.95245],[111.61035,-7.95334],[111.61067,-7.95363],[111.61154,-7.95356],[111.61157,-7.95392],[111.61146,-7.95417],[111.61098,-7.95472],[111.61039,-7.95502],[111.60989,-7.95511],[111.60952,-7.95496],[111.60912,-7.95486],[111.60878,-7.95399],[111.60839,-7.95396],[111.60771,-7.95427],[111.60757,-7.95444],[111.60699,-7.95457],[111.60673,-7.9549],[111.60645,-7.95583],[111.60618,-7.9562],[111.60583,-7.95613],[111.60543,-7.95578],[111.6053,-7.95544],[111.60547,-7.95526],[111.60554,-7.95473],[111.60576,-7.95428],[111.60622,-7.9542],[111.60608,-7.95392],[111.60548,-7.95379],[111.60546,-7.95354],[111.60599,-7.95349],[111.6066,-7.9536],[111.60715,-7.95375],[111.6075,-7.95369],[111.60787,-7.95345],[111.60869,-7.95337],[111.60886,-7.95323],[111.60884,-7.95294],[111.60928,-7.95295],[111.60958,-7.95274],[111.60997,-7.95256],[111.61029,-7.95234],[111.61064,-7.95245]]]}},{"type":"Feature","properties":{"luas":28.688,"namobj":"Rawan Kebakaran Hutan dan Lahan","provinsi":"Jawa Timur","kelas":"Tinggi","kode_prov":"35","_cls":"Tinggi"},"geometry":{"type":"Polygon","coordinates":[[[111.60469,-7.99564],[111.60407,-7.99564],[111.6032,-7.9939],[111.6032,-7.99095],[111.60284,-7.98922],[111.60127,-7.98887],[111.60069,-7.98887],[111.6006,-7.98874],[111.60011,-7.98861],[111.5998,-7.98861],[111.5992,-7.98854],[111.59866,-7.98818],[111.59758,-7.9868],[111.59746,-7.98569],[111.59772,-7.98449],[111.59782,-7.98435],[111.59835,-7.98401],[111.59833,-7.98346],[111.59835,-7.9828],[111.59858,-7.98249],[111.59892,-7.98267],[111.59902,-7.98284],[111.59864,-7.98308],[111.59857,-7.98326],[111.59896,-7.98361],[111.59895,-7.98415],[111.59928,-7.98464],[111.59939,-7.98534],[111.59978,-7.98584],[111.60078,-7.98618],[111.60122,-7.98648],[111.60109,-7.98735],[111.6016,-7.98776],[111.6021,-7.98801],[111.60276,-7.98854],[111.60377,-7.98839],[111.60403,-7.98811],[111.60444,-7.98804],[111.60473,-7.98819],[111.60472,-7.98864],[111.60502,-7.98878],[111.60517,-7.98891],[111.6049,-7.9893],[111.60367,-7.98943],[111.60392,-7.98979],[111.60375,-7.99012],[111.60367,-7.99046],[111.604,-7.99076],[111.60442,-7.99179],[111.60453,-7.99213],[111.60479,-7.99238],[111.6049,-7.9926],[111.60549,-7.99315],[111.60562,-7.99396],[111.60575,-7.99422],[111.60546,-7.99449],[111.60532,-7.9948],[111.60515,-7.99495],[111.60451,-7.99493],[111.60442,-7.99548],[111.60469,-7.99564]]]}},{"type":"Feature","properties":{"luas":10.116,"namobj":"Rawan Kebakaran Hutan dan Lahan","provinsi":"Jawa Timur","kelas":"Tinggi","kode_prov":"35","_cls":"Tinggi"},"geometry":{"type":"Polygon","coordinates":[[[111.62254,-8.00687],[111.62178,-8.00699],[111.62132,-8.00748],[111.62016,-8.00787],[111.62013,-8.00794],[111.61995,-8.00801],[111.61961,-8.00706],[111.61932,-8.00679],[111.61955,-8.00689],[111.6197,-8.00708],[111.62027,-8.00707],[111.62099,-8.00694],[111.62137,-8.00702],[111.62178,-8.0069],[111.62204,-8.00685],[111.62254,-8.00687]]]}},{"type":"Feature","properties":{"luas":12.039,"namobj":"Rawan Kebakaran Hutan dan Lahan","provinsi":"Jawa Timur","kelas":"Tinggi","kode_prov":"35","_cls":"Tinggi"},"geometry":{"type":"MultiPolygon","coordinates":[[[[111.55964,-8.04938],[111.55963,-8.04939],[111.55995,-8.04935],[111.55964,-8.04938]]],[[[111.5621,-8.04926],[111.56164,-8.04916],[111.56147,-8.04904],[111.56119,-8.04895],[111.56148,-8.04904],[111.56165,-8.04916],[111.5621,-8.04926]]]]}},{"type":"Feature","properties":{"luas":1394.148,"namobj":"Rawan Kebakaran Hutan dan Lahan","provinsi":"Jawa Timur","kelas":"Sangat Tinggi","kode_prov":"35","_cls":"Sangat Tinggi"},"geometry":{"type":"Polygon","coordinates":[[[111.62564,-7.9413],[111.62565,-7.94144],[111.62554,-7.94155],[111.62555,-7.94174],[111.62562,-7.94181],[111.62565,-7.9421],[111.62575,-7.94237],[111.62584,-7.94241],[111.62586,-7.94248],[111.62592,-7.9425],[111.62596,-7.94257],[111.626,-7.94271],[111.62599,-7.94287],[111.62589,-7.94297],[111.62587,-7.94304],[111.62566,-7.94337],[111.62562,-7.94339],[111.62543,-7.94334],[111.62532,-7.94338],[111.62533,-7.94366],[111.6253,-7.94373],[111.62523,-7.94382],[111.62493,-7.94389],[111.62494,-7.94399],[111.62503,-7.94409],[111.62492,-7.94418],[111.62471,-7.94418],[111.62457,-7.9442],[111.6245,-7.94424],[111.62447,-7.94434],[111.62447,-7.9447],[111.62429,-7.94486],[111.62419,-7.94502],[111.62423,-7.94513],[111.62441,-7.94542],[111.62459,-7.94551],[111.62476,-7.94549],[111.62482,-7.94552],[111.62485,-7.94569],[111.62478,-7.94589],[111.62486,-7.94603],[111.625,-7.94617],[111.625,-7.94653],[111.62483,-7.94674],[111.62486,-7.94684],[111.62506,-7.947],[111.62512,-7.94719],[111.62487,-7.94775],[111.62485,-7.94789],[111.62496,-7.94824],[111.62493,-7.94831],[111.62498,-7.94842],[111.62511,-7.94841],[111.62519,-7.94852],[111.62525,-7.94853],[111.62532,-7.94861],[111.62529,-7.9487],[111.62517,-7.94893],[111.62518,-7.94908],[111.62527,-7.94914],[111.62574,-7.94926],[111.62586,-7.94954],[111.62612,-7.94965],[111.62615,-7.94971],[111.6261,-7.95016],[111.62594,-7.9502],[111.62574,-7.95002],[111.62563,-7.94998],[111.62554,-7.95],[111.62554,-7.95027],[111.62549,-7.95041],[111.62574,-7.95062],[111.62576,-7.9507],[111.62574,-7.95079],[111.62563,-7.95086],[111.62553,-7.95087],[111.6254,-7.95106],[111.62546,-7.95114],[111.62581,-7.95131],[111.62597,-7.95135],[111.62617,-7.95132],[111.62625,-7.95134],[111.62632,-7.9514],[111.62642,-7.95167],[111.62628,-7.9519],[111.62633,-7.95195],[111.62632,-7.95233],[111.62606,-7.95253],[111.62607,-7.95279],[111.62612,-7.95298],[111.62607,-7.95325],[111.62581,-7.9535],[111.62572,-7.95381],[111.62574,-7.95394],[111.62586,-7.95411],[111.6258,-7.95437],[111.62585,-7.95448],[111.62588,-7.95494],[111.62583,-7.955],[111.62589,-7.95521],[111.62605,-7.95521],[111.62614,-7.95525],[111.62618,-7.95528],[111.62619,-7.95535],[111.62636,-7.95544],[111.62642,-7.95556],[111.62643,-7.95581],[111.62656,-7.956],[111.62659,-7.95612],[111.6269,-7.95618],[111.62736,-7.95657],[111.62753,-7.95685],[111.62754,-7.95768],[111.6278,-7.95767],[111.62797,-7.95793],[111.62806,-7.9582],[111.62768,-7.95833],[111.62725,-7.95867],[111.6265,-7.95895],[111.62594,-7.95924],[111.62595,-7.95961],[111.62529,-7.95998],[111.62508,-7.95932],[111.62491,-7.95923],[111.62422,-7.95981],[111.6234,-7.9592],[111.62295,-7.95908],[111.6228,-7.95898],[111.62347,-7.95833],[111.62381,-7.9578],[111.62368,-7.95729],[111.62319,-7.95697],[111.6231,-7.9566],[111.62249,-7.95646],[111.62174,-7.95697],[111.62092,-7.95706],[111.62016,-7.95721],[111.61987,-7.95705],[111.61987,-7.95676],[111.61972,-7.95627],[111.61995,-7.95593],[111.61994,-7.95557],[111.62011,-7.9549],[111.62036,-7.95453],[111.62024,-7.9542],[111.61987,-7.95421],[111.61969,-7.9544],[111.61935,-7.95451],[111.61899,-7.95478],[111.61842,-7.95489],[111.61817,-7.95488],[111.61807,-7.95435],[111.61852,-7.95406],[111.6186,-7.95397],[111.61876,-7.95365],[111.61867,-7.95338],[111.61684,-7.95323],[111.6163,-7.95364],[111.61596,-7.95398],[111.61565,-7.95382],[111.61499,-7.95383],[111.61485,-7.95399],[111.61531,-7.95429],[111.61589,-7.95428],[111.61612,-7.95445],[111.61596,-7.95458],[111.61551,-7.95443],[111.61483,-7.95444],[111.61441,-7.95488],[111.61395,-7.95511],[111.61318,-7.95541],[111.61291,-7.9557],[111.61267,-7.95632],[111.6129,-7.95654],[111.61335,-7.95653],[111.61334,-7.95696],[111.61387,-7.95713],[111.61402,-7.95724],[111.6136,-7.95736],[111.61317,-7.95706],[111.61273,-7.95722],[111.61215,-7.95721],[111.6123,-7.95736],[111.6123,-7.95744],[111.61161,-7.95742],[111.61081,-7.95789],[111.61072,-7.95827],[111.61055,-7.9586],[111.61067,-7.9597],[111.61057,-7.95991],[111.61058,-7.96042],[111.61113,-7.96055],[111.61163,-7.96089],[111.61201,-7.96107],[111.61267,-7.96118],[111.61281,-7.96133],[111.61335,-7.96165],[111.61352,-7.96217],[111.61447,-7.96232],[111.61446,-7.96283],[111.61478,-7.96299],[111.61502,-7.96324],[111.61498,-7.96358],[111.6142,-7.96342],[111.61406,-7.96313],[111.61379,-7.96313],[111.6138,-7.96329],[111.61428,-7.96393],[111.61407,-7.96508],[111.61367,-7.96534],[111.61348,-7.96563],[111.6132,-7.96591],[111.61312,-7.96644],[111.61367,-7.96671],[111.6138,-7.96696],[111.61335,-7.96711],[111.61305,-7.96726],[111.61273,-7.96733],[111.61191,-7.96712],[111.6112,-7.96727],[111.61133,-7.96767],[111.61157,-7.96812],[111.61218,-7.96871],[111.61257,-7.96937],[111.61269,-7.97001],[111.61321,-7.97011],[111.61405,-7.96923],[111.61488,-7.96906],[111.61554,-7.96944],[111.61598,-7.96943],[111.61639,-7.96922],[111.61702,-7.96914],[111.61722,-7.96903],[111.61736,-7.96844],[111.61787,-7.96782],[111.61822,-7.96691],[111.61887,-7.96704],[111.61943,-7.96703],[111.61976,-7.96686],[111.62007,-7.96607],[111.62034,-7.96582],[111.62081,-7.96568],[111.62152,-7.96613],[111.6217,-7.96621],[111.62248,-7.96562],[111.6226,-7.96511],[111.62309,-7.96486],[111.62412,-7.96581],[111.62483,-7.96562],[111.6255,-7.9659],[111.62599,-7.96598],[111.62691,-7.96561],[111.62745,-7.96516],[111.62762,-7.96508],[111.62853,-7.96508],[111.62866,-7.96416],[111.62937,-7.96403],[111.62977,-7.96427],[111.62961,-7.96473],[111.6289,-7.96516],[111.62806,-7.96574],[111.62797,-7.96621],[111.62784,-7.9666],[111.62827,-7.96702],[111.62941,-7.96711],[111.62962,-7.96734],[111.62932,-7.96748],[111.62901,-7.96769],[111.62851,-7.96782],[111.62797,-7.96771],[111.627,-7.96764],[111.62661,-7.96755],[111.62521,-7.96764],[111.62474,-7.96802],[111.62366,-7.968],[111.62292,-7.96761],[111.62236,-7.96781],[111.62159,-7.9682],[111.62122,-7.96876],[111.62105,-7.96911],[111.62034,-7.96946],[111.62017,-7.97034],[111.62055,-7.9707],[111.62054,-7.97084],[111.61949,-7.97093],[111.61904,-7.97109],[111.61873,-7.97174],[111.61843,-7.97256],[111.61852,-7.97303],[111.61852,-7.97327],[111.61766,-7.97365],[111.61712,-7.97393],[111.61672,-7.97455],[111.61688,-7.9755],[111.61767,-7.97643],[111.61777,-7.97687],[111.61761,-7.97734],[111.61712,-7.97781],[111.61687,-7.97768],[111.61665,-7.97724],[111.61641,-7.97692],[111.61595,-7.97679],[111.61515,-7.97695],[111.61477,-7.97724],[111.61411,-7.97731],[111.61274,-7.97693],[111.61275,-7.97638],[111.61248,-7.97598],[111.61169,-7.97589],[111.61051,-7.97707],[111.61019,-7.97753],[111.60999,-7.97796],[111.60938,-7.97887],[111.6092,-7.98127],[111.6093,-7.98175],[111.60945,-7.98205],[111.61014,-7.98234],[111.61042,-7.98264],[111.61024,-7.98299],[111.60913,-7.98309],[111.60892,-7.98332],[111.60892,-7.98362],[111.6093,-7.98398],[111.60937,-7.98436],[111.60945,-7.98452],[111.61017,-7.98487],[111.61027,-7.98527],[111.6105,-7.98572],[111.61019,-7.98616],[111.61004,-7.98647],[111.60974,-7.98661],[111.60967,-7.98684],[111.60937,-7.98734],[111.60979,-7.9879],[111.60967,-7.98826],[111.60959,-7.98873],[111.60937,-7.98916],[111.6093,-7.98969],[111.6092,-7.98996],[111.6093,-7.99014],[111.61003,-7.9905],[111.61043,-7.99082],[111.61042,-7.99127],[111.61072,-7.99156],[111.61091,-7.99184],[111.6111,-7.99194],[111.61131,-7.99149],[111.61196,-7.99064],[111.6135,-7.99066],[111.61365,-7.99021],[111.61385,-7.98992],[111.61351,-7.98937],[111.61334,-7.98884],[111.61335,-7.98823],[111.61365,-7.98803],[111.61329,-7.98769],[111.61351,-7.98751],[111.61404,-7.98779],[111.61417,-7.98819],[111.61433,-7.98842],[111.61477,-7.98856],[111.61493,-7.98872],[111.61564,-7.98871],[111.61597,-7.98894],[111.61669,-7.98934],[111.6168,-7.9897],[111.61635,-7.99012],[111.61627,-7.99029],[111.61589,-7.99048],[111.6159,-7.99097],[111.61616,-7.99122],[111.61603,-7.9916],[111.61612,-7.99186],[111.61591,-7.99207],[111.61637,-7.9924],[111.61671,-7.99276],[111.61694,-7.99287],[111.61665,-7.99374],[111.61657,-7.99414],[111.61658,-7.99458],[111.6168,-7.99502],[111.61725,-7.99531],[111.61747,-7.99552],[111.61696,-7.99538],[111.61481,-7.99637],[111.61068,-7.99555],[111.61052,-7.99525],[111.60895,-7.99598],[111.60721,-7.99563],[111.60469,-7.99564],[111.60442,-7.99548],[111.60451,-7.99493],[111.60515,-7.99495],[111.60532,-7.9948],[111.60546,-7.99449],[111.60575,-7.99422],[111.60562,-7.99396],[111.60549,-7.99315],[111.6049,-7.9926],[111.60479,-7.99238],[111.60453,-7.99213],[111.60442,-7.99179],[111.604,-7.99076],[111.60367,-7.99046],[111.60375,-7.99012],[111.60392,-7.98979],[111.60367,-7.98943],[111.6049,-7.9893],[111.60517,-7.98891],[111.60502,-7.98878],[111.60472,-7.98864],[111.60473,-7.98819],[111.60444,-7.98804],[111.60403,-7.98811],[111.60377,-7.98839],[111.60276,-7.98854],[111.6021,-7.98801],[111.6016,-7.98776],[111.60109,-7.98735],[111.60122,-7.98648],[111.60078,-7.98618],[111.59978,-7.98584],[111.59939,-7.98534],[111.59928,-7.98464],[111.59895,-7.98415],[111.59896,-7.98361],[111.59857,-7.98326],[111.59864,-7.98308],[111.59902,-7.98284],[111.59892,-7.98267],[111.59858,-7.98249],[111.59835,-7.9828],[111.59833,-7.98346],[111.59835,-7.98401],[111.59782,-7.98435],[111.59772,-7.98449],[111.59943,-7.97664],[111.60075,-7.97515],[111.60172,-7.97522],[111.60085,-7.97253],[111.60109,-7.97134],[111.60228,-7.96991],[111.60299,-7.96849],[111.60299,-7.96682],[111.60132,-7.96564],[111.60091,-7.9641],[111.59821,-7.96291],[111.59785,-7.96112],[111.60001,-7.95896],[111.60216,-7.95392],[111.60252,-7.95213],[111.6054,-7.95212],[111.60941,-7.95206],[111.6108,-7.95032],[111.6126,-7.94708],[111.61259,-7.94493],[111.61367,-7.94169],[111.61283,-7.94069],[111.61689,-7.94148],[111.62564,-7.9413]],[[111.61035,-7.95334],[111.61064,-7.95245],[111.61029,-7.95234],[111.60997,-7.95256],[111.60958,-7.95274],[111.60928,-7.95295],[111.60884,-7.95294],[111.60886,-7.95323],[111.60869,-7.95337],[111.60787,-7.95345],[111.6075,-7.95369],[111.60715,-7.95375],[111.6066,-7.9536],[111.60599,-7.95349],[111.60546,-7.95354],[111.60548,-7.95379],[111.60608,-7.95392],[111.60622,-7.9542],[111.60576,-7.95428],[111.60554,-7.95473],[111.60547,-7.95526],[111.6053,-7.95544],[111.60543,-7.95578],[111.60583,-7.95613],[111.60618,-7.9562],[111.60645,-7.95583],[111.60673,-7.9549],[111.60699,-7.95457],[111.60757,-7.95444],[111.60771,-7.95427],[111.60839,-7.95396],[111.60878,-7.95399],[111.60912,-7.95486],[111.60952,-7.95496],[111.60989,-7.95511],[111.61039,-7.95502],[111.61098,-7.95472],[111.61146,-7.95417],[111.61157,-7.95392],[111.61154,-7.95356],[111.61067,-7.95363],[111.61035,-7.95334]]]}},{"type":"Feature","properties":{"luas":200.412,"namobj":"Rawan Kebakaran Hutan dan Lahan","provinsi":"Jawa Timur","kelas":"Sangat Tinggi","kode_prov":"35","_cls":"Sangat Tinggi"},"geometry":{"type":"Polygon","coordinates":[[[111.65596,-7.98902],[111.65596,-7.99035],[111.65593,-7.99056],[111.65558,-7.99081],[111.65583,-7.9914],[111.65578,-7.99174],[111.65579,-7.99278],[111.65625,-7.99362],[111.65621,-7.99485],[111.65631,-7.99635],[111.65595,-7.9978],[111.6558,-7.99782],[111.6551,-7.99817],[111.65423,-7.99903],[111.65388,-8.0006],[111.65356,-8.00339],[111.65332,-8.00346],[111.6533,-8.00355],[111.6525,-8.00355],[111.65163,-8.00321],[111.65068,-8.00242],[111.65063,-8.00234],[111.65058,-8.00234],[111.65041,-8.00147],[111.65105,-7.99978],[111.65041,-7.99774],[111.65047,-7.99751],[111.65027,-7.99727],[111.64982,-7.99582],[111.6485,-7.995],[111.64718,-7.99665],[111.64612,-7.99726],[111.64587,-7.997],[111.64512,-7.99602],[111.64492,-7.99554],[111.6447,-7.99524],[111.64449,-7.99454],[111.64527,-7.99393],[111.64636,-7.99366],[111.64657,-7.99319],[111.6462,-7.99247],[111.64605,-7.99186],[111.64581,-7.99155],[111.64517,-7.99107],[111.64459,-7.99085],[111.64412,-7.99049],[111.64387,-7.99017],[111.64403,-7.98961],[111.64434,-7.98977],[111.64546,-7.98976],[111.64592,-7.99],[111.6465,-7.99059],[111.64753,-7.99079],[111.6477,-7.99069],[111.6474,-7.99025],[111.6474,-7.99012],[111.64777,-7.9894],[111.64787,-7.989],[111.64866,-7.98902],[111.64895,-7.98892],[111.64911,-7.98859],[111.64934,-7.98863],[111.65073,-7.98932],[111.65263,-7.98966],[111.65334,-7.98966],[111.65317,-7.98827],[111.65439,-7.98723],[111.65503,-7.988],[111.65496,-7.98807],[111.65516,-7.98829],[111.65579,-7.9888],[111.65596,-7.98902]]]}},{"type":"Feature","properties":{"luas":36.128,"namobj":"Rawan Kebakaran Hutan dan Lahan","provinsi":"Jawa Timur","kelas":"Sangat Tinggi","kode_prov":"35","_cls":"Sangat Tinggi"},"geometry":{"type":"Polygon","coordinates":[[[111.637,-8.0016],[111.63636,-8.00214],[111.63611,-8.00215],[111.63528,-8.00258],[111.6343,-8.00326],[111.63376,-8.00353],[111.63334,-8.00395],[111.63325,-8.00416],[111.63306,-8.00407],[111.63228,-8.00388],[111.6316,-8.00377],[111.63107,-8.00272],[111.63008,-8.00305],[111.62864,-8.00237],[111.62834,-8.00135],[111.62858,-8.00123],[111.62914,-8.00125],[111.62956,-8.00116],[111.63013,-8.00117],[111.63088,-8.00087],[111.63098,-8.00039],[111.63146,-7.99992],[111.6318,-8.00027],[111.63205,-8.00026],[111.63187,-7.99972],[111.63233,-7.99884],[111.63231,-7.99828],[111.6324,-7.99784],[111.63299,-7.99727],[111.6332,-7.99695],[111.63348,-7.99714],[111.6336,-7.9975],[111.63379,-7.99786],[111.6339,-7.99854],[111.63416,-7.99926],[111.63452,-7.99961],[111.63472,-8.00012],[111.63488,-8.00027],[111.63514,-8.00026],[111.63547,-7.99981],[111.63616,-7.99902],[111.63683,-7.99845],[111.63732,-7.99846],[111.63766,-7.99869],[111.63765,-7.99951],[111.6375,-7.99981],[111.63742,-8.00019],[111.63725,-8.00036],[111.637,-8.0016]]]}},{"type":"Feature","properties":{"luas":26.151,"namobj":"Rawan Kebakaran Hutan dan Lahan","provinsi":"Jawa Timur","kelas":"Sangat Tinggi","kode_prov":"35","_cls":"Sangat Tinggi"},"geometry":{"type":"Polygon","coordinates":[[[111.64709,-8.00089],[111.64709,-8.00113],[111.64622,-8.00165],[111.6454,-8.00231],[111.64531,-8.00226],[111.64528,-8.00257],[111.64529,-8.00306],[111.64524,-8.00316],[111.6451,-8.00378],[111.64497,-8.00413],[111.64482,-8.00438],[111.64455,-8.00468],[111.6444,-8.00477],[111.64396,-8.00495],[111.64344,-8.00443],[111.64326,-8.00374],[111.64326,-8.00252],[111.64291,-8.00131],[111.64065,-8.00131],[111.63998,-8.00091],[111.63997,-8.00048],[111.64028,-8.00019],[111.64027,-7.99996],[111.63997,-7.99966],[111.63997,-7.99934],[111.64088,-7.99881],[111.64126,-7.99869],[111.64162,-7.99869],[111.64204,-7.99848],[111.64267,-7.99839],[111.64346,-7.99815],[111.64422,-7.99817],[111.64478,-7.99839],[111.64492,-7.99884],[111.64523,-7.99945],[111.64539,-8.00009],[111.64607,-8.00034],[111.64684,-8.00068],[111.64709,-8.00089]]]}},{"type":"Feature","properties":{"luas":88.415,"namobj":"Rawan Kebakaran Hutan dan Lahan","provinsi":"Jawa Timur","kelas":"Sangat Tinggi","kode_prov":"35","_cls":"Sangat Tinggi"},"geometry":{"type":"MultiPolygon","coordinates":[[[[111.6209,-8.00764],[111.62013,-8.00794],[111.62016,-8.00787],[111.62086,-8.00763],[111.6209,-8.00764]]],[[[111.62056,-7.99831],[111.62124,-7.99854],[111.62247,-7.99846],[111.62348,-7.99846],[111.6238,-7.99914],[111.62414,-7.99936],[111.624,-8.00004],[111.62289,-8.00012],[111.62237,-8.00169],[111.62272,-8.00273],[111.62463,-8.00429],[111.62516,-8.00516],[111.62603,-8.0062],[111.62603,-8.00706],[111.62502,-8.00807],[111.62471,-8.00853],[111.62457,-8.00846],[111.62436,-8.00828],[111.62422,-8.00738],[111.62404,-8.00704],[111.62376,-8.00693],[111.62318,-8.0065],[111.62286,-8.00674],[111.62254,-8.00687],[111.62204,-8.00685],[111.62178,-8.0069],[111.62137,-8.00702],[111.62099,-8.00694],[111.62027,-8.00707],[111.6197,-8.00708],[111.61955,-8.00689],[111.61932,-8.00679],[111.61664,-8.00427],[111.61608,-8.00207],[111.61633,-8.00196],[111.61642,-8.00079],[111.61758,-7.99955],[111.61771,-7.999],[111.61809,-7.99891],[111.61852,-7.99892],[111.61928,-7.99861],[111.61987,-7.99846],[111.62002,-7.99839],[111.62056,-7.99831]]]]}},{"type":"Feature","properties":{"luas":69.043,"namobj":"Rawan Kebakaran Hutan dan Lahan","provinsi":"Jawa Timur","kelas":"Tinggi","kode_prov":"35","_cls":"Tinggi"},"geometry":{"type":"Polygon","coordinates":[[[111.62259,-7.93906],[111.62258,-7.9393],[111.62266,-7.9395],[111.62286,-7.93965],[111.62326,-7.93983],[111.62385,-7.93998],[111.62392,-7.94007],[111.62392,-7.94019],[111.62402,-7.94048],[111.62433,-7.94056],[111.62451,-7.94057],[111.62464,-7.94051],[111.62476,-7.94041],[111.62493,-7.94044],[111.62499,-7.94051],[111.62514,-7.94053],[111.62521,-7.94058],[111.62531,-7.94068],[111.62536,-7.94083],[111.62536,-7.94097],[111.62554,-7.94106],[111.62564,-7.9413],[111.61689,-7.94148],[111.61283,-7.94069],[111.61212,-7.93984],[111.61268,-7.94011],[111.61267,-7.93942],[111.61231,-7.93908],[111.61222,-7.9386],[111.61246,-7.93779],[111.61338,-7.93719],[111.61369,-7.93711],[111.61433,-7.93764],[111.61479,-7.93794],[111.61552,-7.93818],[111.61612,-7.93801],[111.61703,-7.93793],[111.61752,-7.93827],[111.61764,-7.93911],[111.61815,-7.93996],[111.61829,-7.94003],[111.61837,-7.93943],[111.61852,-7.93897],[111.61877,-7.93874],[111.62022,-7.93877],[111.62111,-7.93907],[111.62259,-7.93906]]]}},{"type":"Feature","properties":{"luas":52.553,"namobj":"Rawan Kebakaran Hutan dan Lahan","provinsi":"Jawa Timur","kelas":"Sangat Tinggi","kode_prov":"35","_cls":"Sangat Tinggi"},"geometry":{"type":"Polygon","coordinates":[[[111.62259,-7.93906],[111.62111,-7.93907],[111.62022,-7.93877],[111.61877,-7.93874],[111.61852,-7.93897],[111.61837,-7.93943],[111.61829,-7.94003],[111.61815,-7.93996],[111.61764,-7.93911],[111.61752,-7.93827],[111.61703,-7.93793],[111.61612,-7.93801],[111.61552,-7.93818],[111.61479,-7.93794],[111.61433,-7.93764],[111.61369,-7.93711],[111.61338,-7.93719],[111.61246,-7.93779],[111.61222,-7.9386],[111.61231,-7.93908],[111.61267,-7.93942],[111.61268,-7.94011],[111.61212,-7.93984],[111.61187,-7.93954],[111.61186,-7.93739],[111.61403,-7.93657],[111.61435,-7.93681],[111.61521,-7.93719],[111.61564,-7.93727],[111.61579,-7.93723],[111.61622,-7.93684],[111.61658,-7.93671],[111.61734,-7.93659],[111.61753,-7.93659],[111.61782,-7.93685],[111.61797,-7.93704],[111.61827,-7.93729],[111.61841,-7.93737],[111.61905,-7.93739],[111.6193,-7.93746],[111.61979,-7.9379],[111.6199,-7.93806],[111.62006,-7.93815],[111.6205,-7.93803],[111.62068,-7.93803],[111.62077,-7.93812],[111.62086,-7.93838],[111.62102,-7.93854],[111.62126,-7.93858],[111.62155,-7.93857],[111.62201,-7.93842],[111.62215,-7.93843],[111.62263,-7.93867],[111.62266,-7.93878],[111.62259,-7.93898],[111.62259,-7.93906]]]}},{"type":"Feature","properties":{"luas":55.815,"namobj":"Rawan Kebakaran Hutan dan Lahan","provinsi":"Jawa Timur","kelas":"Sangat Tinggi","kode_prov":"35","_cls":"Sangat Tinggi"},"geometry":{"type":"Polygon","coordinates":[[[111.55907,-8.04654],[111.55891,-8.04692],[111.55887,-8.04742],[111.5593,-8.04818],[111.55961,-8.04814],[111.56021,-8.04828],[111.56065,-8.04918],[111.56052,-8.04931],[111.55963,-8.04938],[111.5594,-8.04944],[111.55869,-8.0497],[111.55765,-8.04985],[111.55741,-8.04981],[111.55738,-8.04978],[111.55685,-8.04979],[111.55675,-8.04993],[111.55662,-8.05],[111.55638,-8.04989],[111.55616,-8.0494],[111.55603,-8.04924],[111.55568,-8.04917],[111.55511,-8.04919],[111.55474,-8.04902],[111.55424,-8.04893],[111.55433,-8.04838],[111.55429,-8.04834],[111.55394,-8.04823],[111.55362,-8.04794],[111.55343,-8.04729],[111.5531,-8.04681],[111.55271,-8.04634],[111.5525,-8.04622],[111.55194,-8.04615],[111.5523,-8.04571],[111.55268,-8.04572],[111.55304,-8.04609],[111.55343,-8.04633],[111.55419,-8.04631],[111.55487,-8.04683],[111.55542,-8.04701],[111.55633,-8.04689],[111.55701,-8.04669],[111.55784,-8.04662],[111.55852,-8.04639],[111.55886,-8.04639],[111.55907,-8.04654]]]}},{"type":"Feature","properties":{"luas":9437.319,"namobj":"Rawan Kebakaran Hutan dan Lahan","provinsi":"Jawa Timur","kelas":"Tinggi","kode_prov":"35","_cls":"Tinggi"},"geometry":{"type":"MultiPolygon","coordinates":[[[[111.55675,-8.04993],[111.55664,-8.05],[111.55662,-8.05],[111.55675,-8.04993]]],[[[111.55765,-8.04985],[111.55746,-8.04988],[111.55741,-8.04981],[111.5576,-8.04984],[111.55765,-8.04985]]],[[[111.54298,-8.04113],[111.5425,-8.04189],[111.54235,-8.04195],[111.5422,-8.04184],[111.54192,-8.04183],[111.54175,-8.04158],[111.54167,-8.04156],[111.54131,-8.04199],[111.54103,-8.04203],[111.54048,-8.04221],[111.54024,-8.04212],[111.5398,-8.04225],[111.5396,-8.04207],[111.53947,-8.04208],[111.53878,-8.0425],[111.53887,-8.04218],[111.53933,-8.04136],[111.53962,-8.04108],[111.54287,-8.04108],[111.54298,-8.04113]]],[[[111.55294,-8.04041],[111.55625,-8.04287],[111.55684,-8.04268],[111.5589,-8.04534],[111.5594,-8.04676],[111.55886,-8.04639],[111.55852,-8.04639],[111.55784,-8.04662],[111.55701,-8.04669],[111.55633,-8.04689],[111.55542,-8.04701],[111.55487,-8.04683],[111.55419,-8.04631],[111.55343,-8.04633],[111.55304,-8.04609],[111.55268,-8.04572],[111.5523,-8.04571],[111.55194,-8.04615],[111.55184,-8.04614],[111.55126,-8.04566],[111.55126,-8.0452],[111.55104,-8.04461],[111.55061,-8.04391],[111.55023,-8.0437],[111.54931,-8.04291],[111.54931,-8.04175],[111.54826,-8.04023],[111.5475,-8.03918],[111.54674,-8.03804],[111.5455,-8.03633],[111.54531,-8.03575],[111.54464,-8.03309],[111.54455,-8.03109],[111.54502,-8.02852],[111.54987,-8.02695],[111.54946,-8.02741],[111.54996,-8.03152],[111.55128,-8.03448],[111.55013,-8.03745],[111.55294,-8.04041]]]]}},{"type":"Feature","properties":{"luas":118.647,"namobj":"Rawan Kebakaran Hutan dan Lahan","provinsi":"Jawa Timur","kelas":"Sangat Tinggi","kode_prov":"35","_cls":"Sangat Tinggi"},"geometry":{"type":"Polygon","coordinates":[[[111.58515,-7.96745],[111.58633,-7.96876],[111.58869,-7.96946],[111.59,-7.96948],[111.58939,-7.97078],[111.58901,-7.97174],[111.58863,-7.97288],[111.58787,-7.97326],[111.58511,-7.97307],[111.58368,-7.97316],[111.58159,-7.97354],[111.57997,-7.97335],[111.57778,-7.9724],[111.57559,-7.97193],[111.57454,-7.97078],[111.57254,-7.96907],[111.57007,-7.96745],[111.56959,-7.9665],[111.56959,-7.96293],[111.56996,-7.96275],[111.57359,-7.96365],[111.57445,-7.96412],[111.57521,-7.96536],[111.57597,-7.96612],[111.57711,-7.96688],[111.57987,-7.96745],[111.58035,-7.96812],[111.58149,-7.96917],[111.58263,-7.96993],[111.58368,-7.9704],[111.58515,-7.96745]]]}},{"type":"Feature","properties":{"luas":57.541,"namobj":"Rawan Kebakaran Hutan dan Lahan","provinsi":"Jawa Timur","kelas":"Sangat Tinggi","kode_prov":"35","_cls":"Sangat Tinggi"},"geometry":{"type":"Polygon","coordinates":[[[111.53411,-7.98247],[111.53207,-7.98361],[111.53198,-7.98174],[111.53198,-7.97973],[111.53107,-7.97973],[111.52943,-7.97961],[111.5294,-7.97797],[111.53056,-7.97833],[111.53165,-7.97748],[111.53222,-7.97852],[111.53293,-7.97924],[111.53474,-7.98016],[111.53403,-7.98016],[111.53411,-7.98247]]]}},{"type":"Feature","properties":{"luas":901.987,"namobj":"Rawan Kebakaran Hutan dan Lahan","provinsi":"Jawa Timur","kelas":"Sangat Tinggi","kode_prov":"35","_cls":"Sangat Tinggi"},"geometry":{"type":"Polygon","coordinates":[[[111.56809,-7.93695],[111.56678,-7.93745],[111.56469,-7.93803],[111.56383,-7.93822],[111.56164,-7.93831],[111.55993,-7.93831],[111.55736,-7.93822],[111.5547,-7.93917],[111.55298,-7.94031],[111.55089,-7.94126],[111.54975,-7.94174],[111.54746,-7.94202],[111.54518,-7.94374],[111.54213,-7.94356],[111.54066,-7.94441],[111.53832,-7.94441],[111.53747,-7.94526],[111.53732,-7.94792],[111.53714,-7.94788],[111.53558,-7.94775],[111.53325,-7.9484],[111.53075,-7.94972],[111.53042,-7.94932],[111.53099,-7.94912],[111.53101,-7.94909],[111.53012,-7.94628],[111.52941,-7.94427],[111.52985,-7.94372],[111.53142,-7.94295],[111.5329,-7.94348],[111.53433,-7.94353],[111.53571,-7.94243],[111.53585,-7.94229],[111.53761,-7.942],[111.54075,-7.94034],[111.5417,-7.93952],[111.54018,-7.93933],[111.54438,-7.93658],[111.54775,-7.93622],[111.55146,-7.93593],[111.55508,-7.93517],[111.55736,-7.93546],[111.55881,-7.93584],[111.55918,-7.93558],[111.55927,-7.93547],[111.56033,-7.93491],[111.561,-7.93472],[111.56197,-7.93449],[111.5626,-7.93424],[111.56276,-7.93414],[111.56281,-7.93404],[111.5629,-7.93399],[111.56379,-7.93391],[111.56416,-7.93383],[111.56446,-7.93369],[111.56443,-7.93286],[111.5647,-7.93273],[111.56696,-7.93132],[111.56805,-7.93254],[111.56752,-7.93386],[111.56809,-7.93695]]]}},{"type":"Feature","properties":{"luas":792.259,"namobj":"Rawan Kebakaran Hutan dan Lahan","provinsi":"Jawa Timur","kelas":"Sangat Tinggi","kode_prov":"35","_cls":"Sangat Tinggi"},"geometry":{"type":"MultiPolygon","coordinates":[[[[111.52953,-7.97138],[111.52976,-7.97225],[111.52951,-7.97225],[111.52953,-7.97138]]],[[[111.52763,-7.96457],[111.52782,-7.96463],[111.52829,-7.96459],[111.52842,-7.96464],[111.52861,-7.96482],[111.52881,-7.96481],[111.52903,-7.96485],[111.52913,-7.96481],[111.52926,-7.96454],[111.52939,-7.96451],[111.5296,-7.9647],[111.52967,-7.96491],[111.52978,-7.96493],[111.53009,-7.9649],[111.53027,-7.96518],[111.53042,-7.96531],[111.53059,-7.96529],[111.53058,-7.96503],[111.5307,-7.96497],[111.53077,-7.96489],[111.53082,-7.9664],[111.53089,-7.96641],[111.5309,-7.96636],[111.53125,-7.96641],[111.53185,-7.96644],[111.53192,-7.96659],[111.53192,-7.96678],[111.5328,-7.96687],[111.53281,-7.96681],[111.53345,-7.96681],[111.53354,-7.96684],[111.53363,-7.96693],[111.53378,-7.96688],[111.53401,-7.96685],[111.53408,-7.96678],[111.53572,-7.96684],[111.5358,-7.96875],[111.53349,-7.9682],[111.53343,-7.96993],[111.53479,-7.97056],[111.52937,-7.97079],[111.52939,-7.97086],[111.52851,-7.97083],[111.52803,-7.97087],[111.52307,-7.97103],[111.523,-7.97043],[111.52301,-7.97019],[111.52296,-7.96966],[111.52291,-7.96807],[111.52182,-7.96818],[111.52158,-7.96831],[111.52148,-7.96669],[111.52144,-7.96664],[111.52134,-7.96662],[111.52131,-7.96658],[111.52127,-7.96611],[111.51877,-7.96601],[111.5188,-7.96352],[111.51922,-7.96347],[111.51982,-7.96353],[111.52571,-7.96364],[111.52608,-7.96368],[111.52723,-7.96392],[111.52728,-7.96428],[111.52739,-7.96434],[111.52763,-7.96457]]],[[[111.53297,-7.95707],[111.53279,-7.95708],[111.53303,-7.95701],[111.53297,-7.95707]]],[[[111.53567,-7.95633],[111.53499,-7.95636],[111.53624,-7.95589],[111.53689,-7.95543],[111.53692,-7.9557],[111.5368,-7.95577],[111.53642,-7.95579],[111.53642,-7.95586],[111.5362,-7.95595],[111.53567,-7.95633]]],[[[111.56007,-7.94587],[111.55921,-7.94778],[111.55836,-7.94927],[111.5573,-7.95012],[111.55624,-7.95119],[111.55474,-7.9514],[111.55304,-7.95034],[111.55154,-7.95077],[111.55006,-7.95141],[111.54877,-7.95247],[111.54685,-7.95355],[111.54602,-7.95458],[111.54514,-7.95674],[111.54409,-7.95736],[111.54388,-7.95864],[111.54431,-7.95949],[111.54199,-7.96059],[111.54192,-7.96059],[111.54185,-7.96054],[111.54165,-7.96053],[111.5412,-7.96044],[111.5409,-7.96045],[111.54087,-7.95988],[111.54083,-7.95986],[111.54007,-7.95998],[111.53999,-7.95983],[111.53999,-7.95971],[111.53958,-7.95985],[111.53952,-7.95978],[111.53935,-7.95974],[111.53916,-7.95959],[111.53899,-7.95959],[111.53887,-7.95948],[111.53881,-7.95937],[111.53868,-7.95887],[111.53887,-7.95876],[111.53871,-7.95839],[111.5385,-7.95803],[111.53811,-7.95746],[111.53818,-7.95742],[111.53827,-7.9573],[111.53847,-7.95688],[111.53852,-7.95671],[111.53858,-7.95623],[111.53866,-7.95602],[111.53872,-7.95594],[111.53893,-7.95583],[111.53896,-7.95576],[111.53895,-7.95564],[111.53888,-7.95553],[111.53888,-7.95523],[111.5388,-7.95502],[111.5388,-7.95491],[111.53873,-7.9549],[111.53948,-7.95472],[111.54194,-7.95239],[111.54194,-7.95136],[111.5409,-7.94994],[111.5406,-7.94979],[111.54151,-7.94888],[111.54578,-7.94886],[111.54728,-7.9478],[111.54919,-7.94737],[111.55048,-7.94673],[111.5526,-7.94673],[111.55516,-7.94715],[111.5573,-7.94627],[111.55772,-7.94523],[111.5575,-7.94354],[111.55856,-7.94205],[111.56049,-7.94141],[111.56411,-7.94098],[111.56581,-7.94119],[111.56581,-7.94267],[111.56411,-7.94374],[111.56155,-7.94395],[111.56006,-7.94417],[111.56007,-7.94587]]]]}},{"type":"Feature","properties":{"luas":126.596,"namobj":"Rawan Kebakaran Hutan dan Lahan","provinsi":"Jawa Timur","kelas":"Sangat Tinggi","kode_prov":"35","_cls":"Sangat Tinggi"},"geometry":{"type":"Polygon","coordinates":[[[111.54503,-7.9637],[111.54519,-7.96382],[111.54533,-7.96388],[111.54553,-7.96389],[111.5473,-7.9646],[111.54902,-7.96489],[111.55044,-7.96498],[111.55206,-7.96527],[111.55358,-7.96527],[111.55596,-7.96555],[111.55644,-7.96812],[111.55558,-7.96793],[111.55425,-7.96755],[111.55225,-7.96736],[111.55102,-7.96708],[111.54702,-7.96708],[111.54502,-7.96784],[111.54378,-7.96946],[111.54388,-7.97031],[111.54473,-7.97069],[111.54607,-7.97079],[111.54873,-7.97069],[111.54807,-7.97376],[111.54707,-7.97476],[111.54626,-7.97529],[111.54517,-7.97586],[111.54443,-7.97616],[111.54443,-7.97562],[111.54041,-7.97412],[111.54041,-7.9723],[111.53849,-7.97173],[111.53838,-7.97107],[111.5386,-7.97104],[111.5389,-7.97095],[111.53889,-7.97061],[111.53892,-7.97015],[111.5411,-7.97045],[111.5412,-7.96891],[111.54093,-7.9688],[111.54089,-7.96867],[111.54088,-7.96856],[111.54091,-7.96842],[111.54089,-7.96825],[111.54083,-7.96817],[111.54066,-7.96681],[111.54078,-7.96606],[111.5407,-7.96594],[111.5407,-7.9658],[111.54079,-7.96572],[111.54083,-7.96549],[111.54073,-7.96545],[111.54107,-7.96508],[111.54151,-7.96511],[111.54153,-7.96499],[111.5416,-7.9649],[111.54149,-7.96459],[111.54145,-7.96457],[111.54149,-7.96446],[111.54145,-7.96432],[111.54162,-7.96391],[111.54168,-7.96384],[111.54177,-7.96382],[111.54193,-7.96349],[111.54261,-7.96313],[111.543,-7.96314],[111.54299,-7.96322],[111.54392,-7.96294],[111.54416,-7.96308],[111.54464,-7.96356],[111.54503,-7.9637]]]}},{"type":"Feature","properties":{"luas":16.854,"namobj":"Rawan Kebakaran Hutan dan Lahan","provinsi":"Jawa Timur","kelas":"Tinggi","kode_prov":"35","_cls":"Tinggi"},"geometry":{"type":"Polygon","coordinates":[[[111.58537,-7.93222],[111.58588,-7.93241],[111.58617,-7.93247],[111.58635,-7.93259],[111.58649,-7.93264],[111.58725,-7.93365],[111.58744,-7.93488],[111.58677,-7.93631],[111.58553,-7.93736],[111.58487,-7.93698],[111.58439,-7.9365],[111.58344,-7.93593],[111.58266,-7.93587],[111.58537,-7.93222]]]}},{"type":"Feature","properties":{"luas":30.57,"namobj":"Rawan Kebakaran Hutan dan Lahan","provinsi":"Jawa Timur","kelas":"Sedang","kode_prov":"35","_cls":"Sedang"},"geometry":{"type":"Polygon","coordinates":[[[111.5855,-7.93227],[111.58537,-7.93222],[111.58266,-7.93587],[111.58097,-7.93574],[111.57992,-7.93517],[111.57796,-7.93389],[111.57802,-7.93346],[111.57849,-7.9326],[111.57916,-7.93184],[111.58058,-7.9307],[111.58268,-7.93051],[111.58392,-7.93127],[111.58514,-7.93177],[111.5855,-7.93227]]]}},{"type":"Feature","properties":{"luas":14069.722,"namobj":"Rawan Kebakaran Hutan dan Lahan","provinsi":"Jawa Timur","kelas":"Tinggi","kode_prov":"35","_cls":"Tinggi"},"geometry":{"type":"Polygon","coordinates":[[[111.55552,-7.97],[111.55735,-7.97169],[111.5594,-7.97456],[111.55941,-7.97959],[111.56121,-7.98258],[111.56206,-7.98258],[111.56313,-7.98163],[111.56325,-7.97994],[111.56421,-7.97767],[111.56528,-7.97588],[111.5666,-7.97444],[111.5667,-7.97352],[111.56921,-7.97487],[111.56937,-7.97717],[111.56822,-7.98063],[111.56756,-7.98146],[111.5674,-7.98211],[111.56755,-7.98239],[111.5676,-7.98275],[111.56722,-7.98291],[111.5669,-7.98426],[111.56905,-7.98755],[111.56823,-7.98985],[111.5722,-7.99791],[111.57238,-8.00515],[111.5696,-8.00826],[111.56463,-8.00813],[111.56347,-8.00566],[111.56115,-8.00468],[111.55967,-8.00599],[111.56066,-8.00961],[111.56377,-8.01334],[111.56689,-8.01506],[111.56879,-8.01642],[111.56989,-8.0175],[111.56989,-8.01967],[111.5688,-8.02157],[111.56799,-8.0232],[111.56687,-8.02516],[111.56636,-8.02619],[111.56527,-8.027],[111.56337,-8.027],[111.562,-8.02511],[111.56119,-8.02267],[111.56089,-8.02026],[111.55853,-8.01884],[111.55622,-8.01884],[111.55556,-8.02197],[111.55556,-8.02625],[111.55424,-8.02707],[111.55078,-8.02592],[111.54987,-8.02695],[111.54502,-8.02852],[111.54455,-8.03109],[111.54464,-8.03309],[111.54531,-8.03575],[111.5455,-8.03633],[111.54674,-8.03804],[111.5475,-8.03918],[111.54826,-8.04023],[111.54931,-8.04175],[111.54931,-8.04291],[111.54917,-8.04278],[111.54702,-8.04184],[111.54655,-8.04206],[111.54592,-8.04179],[111.54553,-8.0413],[111.5451,-8.04123],[111.54473,-8.04127],[111.5442,-8.04141],[111.54374,-8.04127],[111.54318,-8.04081],[111.54298,-8.04113],[111.54287,-8.04108],[111.53962,-8.04108],[111.54022,-8.04074],[111.54058,-8.04026],[111.54085,-8.03893],[111.5404,-8.03757],[111.53998,-8.03677],[111.53986,-8.0366],[111.53969,-8.03646],[111.53854,-8.03685],[111.53913,-8.03557],[111.53873,-8.03527],[111.53861,-8.03507],[111.53864,-8.03472],[111.53919,-8.03392],[111.53953,-8.03316],[111.53963,-8.03281],[111.53964,-8.03241],[111.53956,-8.03192],[111.5393,-8.03113],[111.53907,-8.0306],[111.53863,-8.02982],[111.53804,-8.02886],[111.5375,-8.02769],[111.53726,-8.02686],[111.53719,-8.02646],[111.53712,-8.02528],[111.53719,-8.02303],[111.53712,-8.02265],[111.53717,-8.0222],[111.53745,-8.02129],[111.53748,-8.02085],[111.5376,-8.02024],[111.53772,-8.01991],[111.53812,-8.01922],[111.53817,-8.01906],[111.53814,-8.01875],[111.53791,-8.01814],[111.53779,-8.01759],[111.53764,-8.01667],[111.53766,-8.01618],[111.53794,-8.01487],[111.53809,-8.01443],[111.53833,-8.01403],[111.53892,-8.01271],[111.53954,-8.01105],[111.53964,-8.01047],[111.53968,-8.01],[111.53986,-8.00946],[111.54013,-8.00903],[111.54017,-8.00881],[111.54001,-8.0072],[111.53996,-8.00702],[111.53983,-8.00681],[111.53973,-8.00653],[111.53933,-8.00614],[111.53917,-8.00589],[111.53912,-8.00566],[111.53897,-8.00556],[111.53876,-8.00549],[111.53861,-8.00556],[111.5382,-8.00554],[111.53555,-8.00518],[111.53537,-8.00506],[111.53477,-8.00409],[111.53429,-8.00116],[111.5341,-8.00025],[111.53381,-7.99967],[111.5341,-7.99892],[111.53405,-7.99882],[111.53386,-7.99866],[111.53355,-7.99851],[111.53342,-7.99841],[111.53337,-7.99815],[111.53435,-7.99733],[111.53613,-7.99757],[111.53675,-7.99972],[111.53723,-8.00212],[111.53821,-8.00294],[111.53913,-8.00214],[111.53963,-7.9996],[111.54107,-7.99852],[111.54299,-7.99852],[111.54503,-7.99983],[111.54551,-8.00102],[111.54704,-8.00185],[111.54816,-8.00055],[111.54767,-7.99935],[111.54635,-7.999],[111.54563,-7.99804],[111.54515,-7.99708],[111.54443,-7.99672],[111.54395,-7.99457],[111.54346,-7.99313],[111.54262,-7.99253],[111.54202,-7.99134],[111.5425,-7.99074],[111.54406,-7.99086],[111.54562,-7.9911],[111.54694,-7.99193],[111.54721,-7.9926],[111.54729,-7.99269],[111.54751,-7.99309],[111.54753,-7.99318],[111.54884,-7.99394],[111.54898,-7.99265],[111.54994,-7.99169],[111.55138,-7.99181],[111.55204,-7.99158],[111.5527,-7.99085],[111.55367,-7.99085],[111.55547,-7.99109],[111.5564,-7.99116],[111.55595,-7.99048],[111.55474,-7.98821],[111.55366,-7.98821],[111.5521,-7.98774],[111.55161,-7.98678],[111.55125,-7.98558],[111.55065,-7.98379],[111.55173,-7.9819],[111.55185,-7.9796],[111.55172,-7.97685],[111.55302,-7.97544],[111.55232,-7.9735],[111.55171,-7.97146],[111.55112,-7.97027],[111.55135,-7.96955],[111.55363,-7.96931],[111.55552,-7.97]],[[111.5506,-8.02092],[111.55173,-8.02027],[111.55226,-8.01955],[111.55202,-8.01824],[111.55214,-8.01711],[111.5528,-8.01563],[111.55345,-8.01474],[111.55422,-8.0139],[111.55458,-8.01307],[111.55446,-8.012],[111.55416,-8.01087],[111.55446,-8.0095],[111.55494,-8.00849],[111.55571,-8.00748],[111.55672,-8.00635],[111.55821,-8.0045],[111.55869,-8.00349],[111.55946,-8.00278],[111.55994,-8.00171],[111.55999,-8.0007],[111.55988,-7.99974],[111.55934,-7.99903],[111.55886,-7.99867],[111.5572,-7.99986],[111.55446,-8.00391],[111.55274,-8.00611],[111.55196,-8.00748],[111.55161,-8.00914],[111.55125,-8.01128],[111.55024,-8.0123],[111.54947,-8.01295],[111.54851,-8.01402],[111.54762,-8.01515],[111.54744,-8.0161],[111.54744,-8.017],[111.54738,-8.01789],[111.54703,-8.01872],[111.54661,-8.01908],[111.54542,-8.01949],[111.545,-8.01955],[111.54409,-8.02027],[111.54453,-8.02098],[111.54631,-8.02164],[111.54816,-8.02098],[111.5497,-8.02116],[111.5506,-8.02092]]]}},{"type":"Feature","properties":{"luas":7401.562,"namobj":"Rawan Kebakaran Hutan dan Lahan","provinsi":"Jawa Timur","kelas":"Tinggi","kode_prov":"35","_cls":"Tinggi"},"geometry":{"type":"MultiPolygon","coordinates":[[[[111.60014,-7.93319],[111.60024,-7.93336],[111.60026,-7.93352],[111.60019,-7.93362],[111.60007,-7.93416],[111.60009,-7.93424],[111.60021,-7.93431],[111.60027,-7.93449],[111.60032,-7.93452],[111.60052,-7.93442],[111.60071,-7.93442],[111.60112,-7.93434],[111.60134,-7.93422],[111.60157,-7.93404],[111.6017,-7.93399],[111.60208,-7.93409],[111.60226,-7.9341],[111.60235,-7.93408],[111.60239,-7.934],[111.6025,-7.93397],[111.60255,-7.9339],[111.60262,-7.93388],[111.60279,-7.93371],[111.60313,-7.93369],[111.60337,-7.93374],[111.60384,-7.93399],[111.60414,-7.93436],[111.6044,-7.93458],[111.60443,-7.93472],[111.60441,-7.93491],[111.60445,-7.93505],[111.60458,-7.93517],[111.60469,-7.93567],[111.60476,-7.93571],[111.60494,-7.93577],[111.60583,-7.93593],[111.6059,-7.93599],[111.60618,-7.93582],[111.6063,-7.93561],[111.60636,-7.93538],[111.60637,-7.93515],[111.60627,-7.93473],[111.60633,-7.93465],[111.6065,-7.93463],[111.60733,-7.93527],[111.60795,-7.93594],[111.60822,-7.93609],[111.60836,-7.93608],[111.60853,-7.93614],[111.6092,-7.93583],[111.60938,-7.93577],[111.60954,-7.93567],[111.61007,-7.93573],[111.61036,-7.93567],[111.61069,-7.93571],[111.61107,-7.93594],[111.61115,-7.93644],[111.61125,-7.93681],[111.61118,-7.93712],[111.61119,-7.93722],[111.61132,-7.93728],[111.61153,-7.93719],[111.6117,-7.93705],[111.612,-7.93649],[111.61199,-7.93636],[111.61207,-7.93603],[111.61236,-7.93538],[111.6126,-7.93511],[111.61273,-7.93513],[111.61355,-7.93614],[111.61377,-7.93631],[111.61403,-7.93657],[111.61186,-7.93739],[111.61187,-7.93954],[111.61283,-7.94069],[111.60457,-7.93907],[111.59698,-7.93661],[111.59334,-7.93523],[111.59339,-7.93504],[111.59367,-7.93438],[111.594,-7.93409],[111.59483,-7.93395],[111.59496,-7.93389],[111.5951,-7.93364],[111.59511,-7.93346],[111.59508,-7.93339],[111.59512,-7.93331],[111.59533,-7.93323],[111.59553,-7.93318],[111.5961,-7.9332],[111.59631,-7.93318],[111.59703,-7.93294],[111.59747,-7.93291],[111.59822,-7.93293],[111.59961,-7.93303],[111.60002,-7.93311],[111.60014,-7.93319]]],[[[111.57486,-7.92434],[111.57535,-7.92488],[111.57664,-7.92581],[111.57818,-7.92709],[111.57854,-7.92748],[111.57767,-7.92738],[111.57513,-7.92653],[111.57287,-7.92625],[111.57034,-7.92739],[111.56808,-7.92907],[111.56777,-7.92969],[111.5684,-7.92932],[111.56867,-7.92911],[111.56935,-7.92892],[111.57003,-7.92965],[111.57069,-7.92952],[111.57175,-7.9296],[111.57191,-7.93022],[111.57203,-7.93019],[111.57484,-7.93075],[111.57683,-7.92934],[111.57936,-7.92962],[111.58014,-7.92936],[111.58067,-7.93001],[111.58188,-7.9299],[111.58244,-7.93003],[111.58296,-7.93006],[111.58459,-7.93005],[111.58544,-7.93023],[111.58635,-7.93073],[111.58699,-7.9313],[111.58803,-7.93159],[111.59005,-7.93154],[111.59112,-7.9314],[111.59245,-7.93163],[111.59246,-7.9349],[111.58635,-7.93259],[111.58617,-7.93247],[111.58588,-7.93241],[111.5855,-7.93227],[111.58514,-7.93177],[111.58392,-7.93127],[111.58268,-7.93051],[111.58058,-7.9307],[111.57916,-7.93184],[111.57849,-7.9326],[111.57802,-7.93346],[111.57796,-7.93389],[111.57992,-7.93517],[111.58097,-7.93574],[111.58266,-7.93587],[111.58129,-7.93772],[111.56371,-7.95045],[111.56444,-7.94877],[111.56866,-7.94482],[111.57402,-7.94004],[111.57584,-7.93967],[111.57598,-7.93929],[111.5763,-7.93875],[111.57648,-7.93853],[111.57759,-7.93822],[111.57762,-7.93868],[111.57796,-7.93834],[111.57654,-7.93637],[111.57542,-7.93637],[111.57288,-7.9375],[111.56979,-7.93779],[111.56809,-7.93695],[111.56752,-7.93386],[111.56805,-7.93254],[111.56696,-7.93132],[111.5647,-7.93273],[111.56443,-7.93286],[111.56446,-7.93369],[111.56416,-7.93383],[111.56379,-7.93391],[111.5629,-7.93399],[111.56281,-7.93404],[111.56276,-7.93414],[111.5626,-7.93424],[111.56197,-7.93449],[111.561,-7.93472],[111.56033,-7.93491],[111.55927,-7.93547],[111.55918,-7.93558],[111.55881,-7.93584],[111.55784,-7.93558],[111.55777,-7.93516],[111.55755,-7.93433],[111.55653,-7.93443],[111.55595,-7.93134],[111.55962,-7.92907],[111.55933,-7.92796],[111.55989,-7.92655],[111.56525,-7.9257],[111.56809,-7.92439],[111.56812,-7.9244],[111.56811,-7.92438],[111.56892,-7.924],[111.56986,-7.9219],[111.57031,-7.92177],[111.57053,-7.92152],[111.57058,-7.92139],[111.57095,-7.92101],[111.57099,-7.92078],[111.57096,-7.9207],[111.57056,-7.92008],[111.57049,-7.91991],[111.5706,-7.91952],[111.5707,-7.91931],[111.57068,-7.91923],[111.57082,-7.91877],[111.57091,-7.91871],[111.57128,-7.91858],[111.57154,-7.91843],[111.57185,-7.91841],[111.57194,-7.91854],[111.57208,-7.91897],[111.57179,-7.91909],[111.57154,-7.91925],[111.57156,-7.91971],[111.57173,-7.92009],[111.57203,-7.92103],[111.57242,-7.9218],[111.57285,-7.92236],[111.57486,-7.92434]]]]}},{"type":"Feature","properties":{"luas":9867.412,"namobj":"Rawan Kebakaran Hutan dan Lahan","provinsi":"Jawa Timur","kelas":"Tinggi","kode_prov":"35","_cls":"Tinggi"},"geometry":{"type":"MultiPolygon","coordinates":[[[[111.5759,-8.03241],[111.57644,-8.03431],[111.57771,-8.03557],[111.57762,-8.03576],[111.57759,-8.03593],[111.57758,-8.03657],[111.57747,-8.0371],[111.57739,-8.03731],[111.57671,-8.03871],[111.57634,-8.03876],[111.57604,-8.03892],[111.57596,-8.03892],[111.57462,-8.03971],[111.57432,-8.04],[111.57412,-8.0405],[111.57409,-8.04211],[111.57375,-8.04283],[111.57366,-8.0431],[111.57359,-8.04369],[111.57384,-8.04466],[111.5735,-8.0463],[111.57352,-8.0468],[111.57345,-8.04763],[111.57339,-8.04782],[111.57327,-8.04795],[111.57268,-8.04823],[111.57189,-8.04837],[111.57092,-8.04834],[111.57026,-8.0484],[111.56979,-8.04867],[111.5696,-8.0487],[111.56911,-8.04872],[111.56851,-8.04892],[111.56828,-8.04891],[111.56761,-8.0488],[111.56716,-8.04869],[111.56577,-8.04796],[111.56542,-8.04795],[111.56486,-8.04799],[111.56468,-8.04806],[111.56459,-8.04828],[111.56457,-8.04852],[111.56426,-8.0492],[111.56408,-8.04944],[111.5637,-8.04957],[111.56297,-8.04968],[111.56286,-8.04967],[111.56263,-8.04957],[111.56239,-8.04932],[111.56165,-8.04916],[111.56148,-8.04904],[111.56098,-8.04889],[111.56065,-8.04918],[111.56021,-8.04828],[111.55961,-8.04814],[111.5593,-8.04818],[111.55887,-8.04742],[111.55891,-8.04692],[111.55907,-8.04654],[111.5594,-8.04676],[111.5589,-8.04534],[111.55684,-8.04268],[111.55958,-8.04181],[111.56039,-8.04355],[111.56175,-8.04436],[111.56312,-8.04436],[111.56557,-8.04355],[111.56938,-8.04354],[111.57182,-8.0411],[111.57236,-8.03974],[111.57206,-8.03831],[111.57141,-8.03836],[111.57073,-8.03836],[111.5678,-8.03923],[111.56499,-8.03858],[111.56351,-8.03842],[111.56253,-8.03726],[111.56235,-8.03529],[111.56438,-8.03435],[111.56412,-8.03357],[111.56409,-8.03339],[111.56425,-8.03335],[111.56444,-8.03339],[111.56516,-8.0339],[111.5651,-8.03424],[111.56517,-8.03427],[111.56529,-8.03422],[111.56606,-8.03415],[111.56698,-8.03426],[111.56757,-8.03447],[111.56773,-8.03406],[111.57094,-8.03347],[111.57226,-8.03232],[111.57316,-8.03291],[111.57426,-8.0316],[111.5759,-8.03241]]],[[[111.63978,-8.00079],[111.64065,-8.00131],[111.64291,-8.00131],[111.64326,-8.00252],[111.64326,-8.00374],[111.64344,-8.00443],[111.64396,-8.00495],[111.6444,-8.00477],[111.64429,-8.00485],[111.64372,-8.00504],[111.643,-8.00521],[111.6426,-8.00526],[111.64242,-8.00536],[111.64147,-8.00526],[111.64145,-8.00535],[111.64135,-8.00524],[111.64121,-8.00523],[111.63929,-8.00326],[111.63799,-8.00249],[111.63723,-8.00208],[111.63636,-8.00214],[111.63734,-8.00132],[111.63856,-8.0008],[111.63978,-8.00079]]],[[[111.65041,-8.00147],[111.65058,-8.00234],[111.65063,-8.00234],[111.65068,-8.00242],[111.65163,-8.00321],[111.6525,-8.00355],[111.6533,-8.00355],[111.65332,-8.00346],[111.65356,-8.00339],[111.65388,-8.0006],[111.65423,-7.99903],[111.6551,-7.99817],[111.6558,-7.99782],[111.65595,-7.9978],[111.65553,-7.99912],[111.65504,-7.99982],[111.65456,-8.00042],[111.65447,-8.00061],[111.65435,-8.00108],[111.65436,-8.0016],[111.65446,-8.00192],[111.6546,-8.00219],[111.65508,-8.00284],[111.65534,-8.00327],[111.6556,-8.00388],[111.65574,-8.00436],[111.65575,-8.00455],[111.65566,-8.00502],[111.65559,-8.00585],[111.65571,-8.00644],[111.65554,-8.00683],[111.65562,-8.00722],[111.65562,-8.00761],[111.65592,-8.0084],[111.65589,-8.00881],[111.65566,-8.00936],[111.65561,-8.00931],[111.65565,-8.01131],[111.65532,-8.01204],[111.65497,-8.01353],[111.65496,-8.01384],[111.65374,-8.01361],[111.6527,-8.01361],[111.65193,-8.01485],[111.65136,-8.01618],[111.6506,-8.01818],[111.64927,-8.01932],[111.64825,-8.02026],[111.64828,-8.02006],[111.64827,-8.01931],[111.64806,-8.01876],[111.64775,-8.01826],[111.64742,-8.01787],[111.64718,-8.01729],[111.64708,-8.0166],[111.64695,-8.01605],[111.64686,-8.01546],[111.64686,-8.01488],[111.64722,-8.01295],[111.64725,-8.01255],[111.64754,-8.01217],[111.6477,-8.01174],[111.6477,-8.01104],[111.64781,-8.01059],[111.64784,-8.01007],[111.64799,-8.00953],[111.64799,-8.00914],[111.64834,-8.00867],[111.64827,-8.00817],[111.64847,-8.00743],[111.64835,-8.00695],[111.64836,-8.00633],[111.64824,-8.00577],[111.64789,-8.00517],[111.64771,-8.00378],[111.64684,-8.00343],[111.64619,-8.00329],[111.64544,-8.00319],[111.64521,-8.00375],[111.64482,-8.00438],[111.64504,-8.00397],[111.64524,-8.00316],[111.64529,-8.00306],[111.64528,-8.00257],[111.64531,-8.00226],[111.6454,-8.00231],[111.64622,-8.00165],[111.64709,-8.00113],[111.64709,-8.00043],[111.64657,-7.99957],[111.64622,-7.9987],[111.64589,-7.9974],[111.64718,-7.99665],[111.6485,-7.995],[111.64982,-7.99582],[111.65027,-7.99727],[111.65047,-7.99751],[111.65041,-7.99774],[111.65105,-7.99978],[111.65041,-8.00147]]],[[[111.65606,-7.99212],[111.65625,-7.99362],[111.65579,-7.99278],[111.65578,-7.99174],[111.65583,-7.9914],[111.65606,-7.99212]]],[[[111.63008,-8.00305],[111.63107,-8.00272],[111.6316,-8.00377],[111.63228,-8.00388],[111.63306,-8.00407],[111.63325,-8.00416],[111.63304,-8.00462],[111.63254,-8.00479],[111.63177,-8.00668],[111.63108,-8.00754],[111.6306,-8.00764],[111.62988,-8.00789],[111.62932,-8.00859],[111.62859,-8.00917],[111.62763,-8.00965],[111.62685,-8.01014],[111.62592,-8.01092],[111.62588,-8.01089],[111.62508,-8.00919],[111.62484,-8.00859],[111.62471,-8.00853],[111.62502,-8.00807],[111.62603,-8.00706],[111.62603,-8.0062],[111.62516,-8.00516],[111.62463,-8.00429],[111.62272,-8.00273],[111.62237,-8.00169],[111.62289,-8.00012],[111.624,-8.00004],[111.62448,-7.99774],[111.62616,-7.99685],[111.62536,-7.996],[111.62444,-7.99509],[111.62357,-7.99474],[111.62217,-7.99457],[111.62131,-7.99388],[111.62153,-7.99296],[111.62218,-7.99231],[111.62322,-7.99144],[111.62461,-7.99127],[111.62566,-7.99196],[111.6274,-7.99543],[111.62758,-7.9963],[111.62793,-7.99887],[111.62828,-7.99977],[111.62829,-8.00116],[111.62864,-8.00237],[111.63008,-8.00305]]],[[[111.65686,-7.98998],[111.65593,-7.99056],[111.65596,-7.99035],[111.65596,-7.98902],[111.65637,-7.98956],[111.65686,-7.98998]]],[[[111.65849,-7.96735],[111.65902,-7.96777],[111.65952,-7.9677],[111.65955,-7.96802],[111.66107,-7.96812],[111.6625,-7.96869],[111.66202,-7.96993],[111.6605,-7.97116],[111.66002,-7.97259],[111.65907,-7.97488],[111.659,-7.97535],[111.65841,-7.97532],[111.65783,-7.97537],[111.65732,-7.97556],[111.65704,-7.97558],[111.6567,-7.97568],[111.65641,-7.97579],[111.65626,-7.97593],[111.65613,-7.97621],[111.65598,-7.9767],[111.6558,-7.97712],[111.65569,-7.97753],[111.65565,-7.9778],[111.65545,-7.97824],[111.6553,-7.97871],[111.65535,-7.97939],[111.65535,-7.97972],[111.65527,-7.98003],[111.6551,-7.98043],[111.65499,-7.98059],[111.65388,-7.9814],[111.65372,-7.98154],[111.65369,-7.98166],[111.65376,-7.98223],[111.65338,-7.98336],[111.65335,-7.98357],[111.65342,-7.98378],[111.65351,-7.98448],[111.65367,-7.98499],[111.65371,-7.98551],[111.65369,-7.98584],[111.65358,-7.98614],[111.65367,-7.98644],[111.65382,-7.98659],[111.65407,-7.98675],[111.6544,-7.98723],[111.65317,-7.98827],[111.65334,-7.98966],[111.65263,-7.98966],[111.65073,-7.98932],[111.64934,-7.98863],[111.64812,-7.98846],[111.64742,-7.98811],[111.64742,-7.98725],[111.6467,-7.98584],[111.6455,-7.98499],[111.64484,-7.98415],[111.64602,-7.98134],[111.64654,-7.97995],[111.64706,-7.97839],[111.6481,-7.97769],[111.64934,-7.97715],[111.65002,-7.9763],[111.65124,-7.97454],[111.65346,-7.97326],[111.65527,-7.97202],[111.6566,-7.97155],[111.65717,-7.97031],[111.65631,-7.96869],[111.6546,-7.96707],[111.65374,-7.96488],[111.65369,-7.96455],[111.65436,-7.96505],[111.65487,-7.96526],[111.65582,-7.96572],[111.65692,-7.96611],[111.65777,-7.96667],[111.65849,-7.96735]]],[[[111.59246,-7.9349],[111.59246,-7.93689],[111.59308,-7.93685],[111.59323,-7.93674],[111.59332,-7.93654],[111.59335,-7.93637],[111.5933,-7.93571],[111.59331,-7.93535],[111.59334,-7.93523],[111.59698,-7.93661],[111.60457,-7.93907],[111.61283,-7.94069],[111.61367,-7.94169],[111.61259,-7.94493],[111.6126,-7.94708],[111.6108,-7.95032],[111.60941,-7.95206],[111.6054,-7.95212],[111.60252,-7.95213],[111.60216,-7.95392],[111.60001,-7.95896],[111.59785,-7.96112],[111.59821,-7.96291],[111.60091,-7.9641],[111.60132,-7.96564],[111.60299,-7.96682],[111.60299,-7.96849],[111.60228,-7.96991],[111.60109,-7.97134],[111.60085,-7.97253],[111.60172,-7.97522],[111.60075,-7.97515],[111.59943,-7.97664],[111.59746,-7.98569],[111.59758,-7.9868],[111.59866,-7.98818],[111.5992,-7.98854],[111.5998,-7.98861],[111.60011,-7.98861],[111.6006,-7.98874],[111.60069,-7.98887],[111.60127,-7.98887],[111.60284,-7.98922],[111.6032,-7.99095],[111.6032,-7.9939],[111.60407,-7.99564],[111.60721,-7.99563],[111.60895,-7.99598],[111.61052,-7.99525],[111.61068,-7.99555],[111.61481,-7.99637],[111.61696,-7.99538],[111.61811,-7.99571],[111.61696,-7.99883],[111.61564,-8.00032],[111.61664,-8.00427],[111.61961,-8.00706],[111.61995,-8.00801],[111.6194,-8.00823],[111.61858,-8.00849],[111.61818,-8.00896],[111.61744,-8.0094],[111.61705,-8.0095],[111.61552,-8.00961],[111.61515,-8.00979],[111.61494,-8.01006],[111.61437,-8.01069],[111.61355,-8.01114],[111.61296,-8.0116],[111.61252,-8.01169],[111.61177,-8.01167],[111.61138,-8.01196],[111.61082,-8.01259],[111.61006,-8.01324],[111.6097,-8.01408],[111.60861,-8.01508],[111.60801,-8.0155],[111.60736,-8.01556],[111.60662,-8.01588],[111.60637,-8.01607],[111.60642,-8.01638],[111.60652,-8.01648],[111.6067,-8.01655],[111.60689,-8.01666],[111.60704,-8.01687],[111.60713,-8.01742],[111.60726,-8.0178],[111.60753,-8.01805],[111.60778,-8.01816],[111.60746,-8.01857],[111.60704,-8.0189],[111.60665,-8.01909],[111.60627,-8.01935],[111.60596,-8.01944],[111.60575,-8.01944],[111.60531,-8.01929],[111.60489,-8.01921],[111.60449,-8.01906],[111.60387,-8.01868],[111.60346,-8.01859],[111.60286,-8.01859],[111.60201,-8.01829],[111.60185,-8.01826],[111.60128,-8.0183],[111.60115,-8.01805],[111.60201,-8.01734],[111.60323,-8.01717],[111.60444,-8.01665],[111.60619,-8.01456],[111.60654,-8.01334],[111.60741,-8.01195],[111.6091,-8.01128],[111.61037,-8.01195],[111.61106,-8.01212],[111.61148,-8.0118],[111.61157,-8.01162],[111.61188,-8.01126],[111.61227,-8.01021],[111.6121,-8.00917],[111.61123,-8.00709],[111.61036,-8.00639],[111.60983,-8.00535],[111.60931,-8.00362],[111.60931,-8.00223],[111.60983,-8.00084],[111.60947,-7.9998],[111.60843,-7.99945],[111.60738,-7.99963],[111.60477,-8.00224],[111.60443,-8.0031],[111.60374,-8.0038],[111.60273,-8.00447],[111.60269,-8.00536],[111.60287,-8.00658],[111.6032,-8.00739],[111.60357,-8.00866],[111.60339,-8.01005],[111.60218,-8.01075],[111.59974,-8.01248],[111.5994,-8.01439],[111.5994,-8.01596],[111.59888,-8.01735],[111.5982,-8.01843],[111.59776,-8.01853],[111.59696,-8.01787],[111.59696,-8.01648],[111.59748,-8.01509],[111.59748,-8.01336],[111.59834,-8.01127],[111.59869,-8.01006],[111.59939,-8.00728],[111.59956,-8.00519],[111.59921,-8.0045],[111.59782,-8.00296],[111.5952,-8.00208],[111.59458,-8.00225],[111.59475,-8.00242],[111.59452,-8.00265],[111.5943,-8.00271],[111.59409,-8.00292],[111.59433,-8.00399],[111.59486,-8.00451],[111.59573,-8.00589],[111.59573,-8.00676],[111.59521,-8.00832],[111.59295,-8.00989],[111.59242,-8.01041],[111.59173,-8.01215],[111.59174,-8.01371],[111.59156,-8.0151],[111.59052,-8.01649],[111.58947,-8.01719],[111.58878,-8.01806],[111.58791,-8.02014],[111.58687,-8.02101],[111.58512,-8.02049],[111.58425,-8.01962],[111.58421,-8.01785],[111.58337,-8.01702],[111.58199,-8.01737],[111.5813,-8.01806],[111.58007,-8.01789],[111.57903,-8.01737],[111.57799,-8.01789],[111.57659,-8.01894],[111.57555,-8.01894],[111.57484,-8.01807],[111.57536,-8.01703],[111.57641,-8.01599],[111.57749,-8.01507],[111.57815,-8.01408],[111.57902,-8.01356],[111.58024,-8.01321],[111.58128,-8.01268],[111.58233,-8.01251],[111.58372,-8.01266],[111.58407,-8.01181],[111.58389,-8.01095],[111.58406,-8.00973],[111.5865,-8.00973],[111.5872,-8.00712],[111.58876,-8.00625],[111.59032,-8.00521],[111.59153,-8.00435],[111.59184,-8.00303],[111.59417,-7.99953],[111.59318,-7.99525],[111.59322,-7.99503],[111.59693,-7.99617],[111.59815,-7.99843],[111.59937,-7.99964],[111.60077,-7.99981],[111.60111,-7.99894],[111.60129,-7.99669],[111.59989,-7.99339],[111.59954,-7.992],[111.59744,-7.99027],[111.59535,-7.9901],[111.59393,-7.98936],[111.59291,-7.98784],[111.59135,-7.98628],[111.591,-7.98507],[111.59154,-7.98476],[111.5915,-7.98475],[111.5915,-7.98472],[111.59131,-7.9845],[111.59125,-7.9845],[111.59125,-7.98441],[111.59114,-7.98425],[111.591,-7.98425],[111.591,-7.984],[111.59175,-7.984],[111.59251,-7.98419],[111.59361,-7.9835],[111.5943,-7.98263],[111.59447,-7.98142],[111.59482,-7.98038],[111.59499,-7.97933],[111.59447,-7.97829],[111.59447,-7.97759],[111.5943,-7.97738],[111.59436,-7.97668],[111.59447,-7.97658],[111.59447,-7.97638],[111.59493,-7.97631],[111.59497,-7.97611],[111.59525,-7.97591],[111.59609,-7.97613],[111.59635,-7.97609],[111.59636,-7.97604],[111.59647,-7.97598],[111.59591,-7.9746],[111.59538,-7.97423],[111.5937,-7.97349],[111.59227,-7.97135],[111.59298,-7.96993],[111.58988,-7.96946],[111.58869,-7.96946],[111.58633,-7.96876],[111.58442,-7.96664],[111.5832,-7.96424],[111.58318,-7.96403],[111.58311,-7.96396],[111.58311,-7.96299],[111.58305,-7.96192],[111.58054,-7.96056],[111.57884,-7.96027],[111.57545,-7.96],[111.57351,-7.96028],[111.57095,-7.96226],[111.56812,-7.96367],[111.56392,-7.96395],[111.56051,-7.96115],[111.55994,-7.95806],[111.56107,-7.95608],[111.56303,-7.95383],[111.56359,-7.95073],[111.56371,-7.95045],[111.58129,-7.93772],[111.58266,-7.93587],[111.58344,-7.93593],[111.58439,-7.9365],[111.58487,-7.93698],[111.58553,-7.93736],[111.58677,-7.93631],[111.58744,-7.93488],[111.58725,-7.93365],[111.58649,-7.93264],[111.59246,-7.9349]]]]}}]}