{"type":"FeatureCollection","features":[{"type":"Feature","properties":{"bpdashl":"SOLO","klas_erosi":"<= 15 Ton/Ha/Tahun","_cls":"<= 15 Ton/Ha/Tahun"},"geometry":{"type":"Polygon","coordinates":[[[111.56843,-7.96352],[111.56842,-7.9628],[111.56987,-7.9628],[111.56843,-7.96352]]]}},{"type":"Feature","properties":{"bpdashl":"SOLO","klas_erosi":"<= 15 Ton/Ha/Tahun","_cls":"<= 15 Ton/Ha/Tahun"},"geometry":{"type":"Polygon","coordinates":[[[111.57006,-7.9627],[111.57006,-7.96198],[111.5713,-7.96198],[111.57095,-7.96226],[111.57006,-7.9627]]]}},{"type":"Feature","properties":{"bpdashl":"SOLO","klas_erosi":"<= 15 Ton/Ha/Tahun","_cls":"<= 15 Ton/Ha/Tahun"},"geometry":{"type":"Polygon","coordinates":[[[111.55849,-7.9608],[111.55764,-7.96049],[111.55645,-7.95965],[111.5561,-7.95899],[111.55699,-7.95793],[111.55824,-7.95855],[111.55971,-7.95739],[111.56107,-7.95711],[111.55911,-7.96068],[111.55849,-7.9608]]]}},{"type":"Feature","properties":{"bpdashl":"SOLO","klas_erosi":"<= 15 Ton/Ha/Tahun","_cls":"<= 15 Ton/Ha/Tahun"},"geometry":{"type":"Polygon","coordinates":[[[111.5774,-7.96016],[111.57545,-7.96],[111.57351,-7.96028],[111.57169,-7.96168],[111.57168,-7.95791],[111.57221,-7.95762],[111.57309,-7.95602],[111.57413,-7.95791],[111.57495,-7.95791],[111.57495,-7.95709],[111.57577,-7.95709],[111.57576,-7.95628],[111.57658,-7.95628],[111.57764,-7.95677],[111.57634,-7.95904],[111.5774,-7.95953],[111.5774,-7.96016]]]}},{"type":"Feature","properties":{"bpdashl":"SOLO","klas_erosi":"<= 15 Ton/Ha/Tahun","_cls":"<= 15 Ton/Ha/Tahun"},"geometry":{"type":"Polygon","coordinates":[[[111.5597,-7.95535],[111.55801,-7.95569],[111.55759,-7.95691],[111.55698,-7.95712],[111.55732,-7.95496],[111.55834,-7.9543],[111.5597,-7.95535]]]}},{"type":"Feature","properties":{"bpdashl":"SOLO","klas_erosi":"<= 15 Ton/Ha/Tahun","_cls":"<= 15 Ton/Ha/Tahun"},"geometry":{"type":"Polygon","coordinates":[[[111.56107,-7.95711],[111.5614,-7.95581],[111.56172,-7.95533],[111.56303,-7.95383],[111.56332,-7.95225],[111.56351,-7.95222],[111.56433,-7.95222],[111.56433,-7.95141],[111.56678,-7.9514],[111.56569,-7.95357],[111.56406,-7.9544],[111.56237,-7.95776],[111.56107,-7.95711]]]}},{"type":"Feature","properties":{"bpdashl":"SOLO","klas_erosi":"<= 15 Ton/Ha/Tahun","_cls":"<= 15 Ton/Ha/Tahun"},"geometry":{"type":"Polygon","coordinates":[[[111.56623,-7.94709],[111.56866,-7.94482],[111.57074,-7.94298],[111.57057,-7.9438],[111.57003,-7.94489],[111.57061,-7.94524],[111.57162,-7.94848],[111.57086,-7.94896],[111.56929,-7.94618],[111.5684,-7.94733],[111.56786,-7.94761],[111.56718,-7.94895],[111.56623,-7.94709]]]}},{"type":"Feature","properties":{"bpdashl":"SOLO","klas_erosi":"<= 15 Ton/Ha/Tahun","_cls":"<= 15 Ton/Ha/Tahun"},"geometry":{"type":"Polygon","coordinates":[[[111.61403,-7.93657],[111.61373,-7.93669],[111.6133,-7.93669],[111.6133,-7.93587],[111.61248,-7.93587],[111.61248,-7.93522],[111.6126,-7.93511],[111.61273,-7.93513],[111.61355,-7.93614],[111.61377,-7.93631],[111.61403,-7.93657]]]}},{"type":"Feature","properties":{"bpdashl":"SOLO","klas_erosi":"<= 15 Ton/Ha/Tahun","_cls":"<= 15 Ton/Ha/Tahun"},"geometry":{"type":"MultiPolygon","coordinates":[[[[111.56672,-7.96086],[111.56622,-7.9638],[111.56759,-7.9637],[111.56761,-7.96361],[111.56824,-7.96361],[111.56812,-7.96367],[111.56768,-7.9637],[111.5667,-7.97352],[111.56795,-7.9742],[111.56762,-7.9742],[111.56615,-7.97494],[111.56528,-7.97588],[111.56421,-7.97767],[111.56326,-7.9799],[111.56273,-7.9799],[111.56273,-7.98072],[111.5611,-7.98072],[111.5611,-7.9799],[111.56028,-7.97991],[111.56028,-7.97665],[111.5594,-7.97665],[111.5594,-7.97456],[111.55735,-7.97169],[111.557,-7.97137],[111.557,-7.97014],[111.55619,-7.97014],[111.55618,-7.96933],[111.55292,-7.96933],[111.55292,-7.96852],[111.5521,-7.96852],[111.5521,-7.97015],[111.55115,-7.97015],[111.55112,-7.97027],[111.5514,-7.97084],[111.55042,-7.97205],[111.55014,-7.9728],[111.55023,-7.97426],[111.55018,-7.97483],[111.54956,-7.97535],[111.54795,-7.97624],[111.54705,-7.97685],[111.54662,-7.97765],[111.54633,-7.97859],[111.54595,-7.98005],[111.54552,-7.98147],[111.54552,-7.9825],[111.54543,-7.98373],[111.54524,-7.98462],[111.54529,-7.98594],[111.54576,-7.98674],[111.54757,-7.98749],[111.54885,-7.98867],[111.55004,-7.9897],[111.55093,-7.99177],[111.54994,-7.99169],[111.54898,-7.99265],[111.54896,-7.9929],[111.54887,-7.99295],[111.54805,-7.99295],[111.54805,-7.99349],[111.54742,-7.99312],[111.54694,-7.99193],[111.54562,-7.9911],[111.54406,-7.99086],[111.5425,-7.99074],[111.54202,-7.99134],[111.54262,-7.99253],[111.54346,-7.99313],[111.54395,-7.99457],[111.54413,-7.99539],[111.54315,-7.9954],[111.54315,-7.99621],[111.54251,-7.99654],[111.54316,-7.99784],[111.54152,-7.99784],[111.54152,-7.99852],[111.54107,-7.99852],[111.53963,-7.9996],[111.53913,-8.00214],[111.53821,-8.00294],[111.53723,-8.00212],[111.53719,-8.00192],[111.53745,-8.00192],[111.53744,-8.0011],[111.53826,-8.0011],[111.53826,-7.99947],[111.53668,-7.99947],[111.53613,-7.99757],[111.53435,-7.99733],[111.53372,-7.99785],[111.53333,-7.99785],[111.53324,-7.99709],[111.53313,-7.99511],[111.53282,-7.99186],[111.53257,-7.9895],[111.53232,-7.98772],[111.53207,-7.98367],[111.53198,-7.98174],[111.53198,-7.97973],[111.53107,-7.97973],[111.52943,-7.97961],[111.52939,-7.97748],[111.52953,-7.97087],[111.52851,-7.97083],[111.52803,-7.97087],[111.52307,-7.97103],[111.523,-7.97043],[111.52301,-7.97019],[111.52296,-7.96966],[111.52291,-7.96807],[111.52182,-7.96818],[111.52158,-7.96831],[111.52148,-7.96669],[111.52144,-7.96664],[111.52134,-7.96662],[111.52131,-7.96658],[111.52127,-7.96611],[111.51877,-7.96601],[111.5188,-7.96352],[111.52011,-7.96337],[111.52025,-7.96334],[111.52053,-7.9632],[111.52129,-7.96315],[111.52245,-7.9633],[111.52346,-7.96335],[111.52501,-7.96351],[111.52578,-7.96365],[111.527,-7.96378],[111.52722,-7.96388],[111.52728,-7.96428],[111.52739,-7.96434],[111.52763,-7.96457],[111.52782,-7.96463],[111.52829,-7.96459],[111.52842,-7.96464],[111.52861,-7.96482],[111.52881,-7.96481],[111.52903,-7.96485],[111.52913,-7.96481],[111.52926,-7.96454],[111.52939,-7.96451],[111.5296,-7.9647],[111.52967,-7.96491],[111.52978,-7.96493],[111.53009,-7.9649],[111.53027,-7.96518],[111.53042,-7.96531],[111.53059,-7.96529],[111.53058,-7.96503],[111.5307,-7.96497],[111.53077,-7.96489],[111.53082,-7.9664],[111.53089,-7.96641],[111.5309,-7.96636],[111.53125,-7.96641],[111.53185,-7.96644],[111.53192,-7.96659],[111.53192,-7.96678],[111.53232,-7.96683],[111.5328,-7.96687],[111.53281,-7.96681],[111.53345,-7.96681],[111.53354,-7.96684],[111.53363,-7.96693],[111.53378,-7.96688],[111.53401,-7.96685],[111.53408,-7.96678],[111.53596,-7.96686],[111.53608,-7.96894],[111.53625,-7.96879],[111.53635,-7.96866],[111.53656,-7.96869],[111.5367,-7.96874],[111.53684,-7.96896],[111.53716,-7.96922],[111.5372,-7.96958],[111.53732,-7.9698],[111.53769,-7.97013],[111.5379,-7.97055],[111.53817,-7.97093],[111.53835,-7.97107],[111.53846,-7.97107],[111.5389,-7.97095],[111.53889,-7.97061],[111.53892,-7.97015],[111.5411,-7.97045],[111.5412,-7.96891],[111.54093,-7.9688],[111.54089,-7.96867],[111.54088,-7.96856],[111.54091,-7.96842],[111.54089,-7.96825],[111.54083,-7.96817],[111.54066,-7.96681],[111.54078,-7.96606],[111.5407,-7.96594],[111.5407,-7.9658],[111.54079,-7.96572],[111.54083,-7.96549],[111.54073,-7.96545],[111.54107,-7.96508],[111.54151,-7.96511],[111.54153,-7.96499],[111.5416,-7.9649],[111.54149,-7.96459],[111.54145,-7.96457],[111.54149,-7.96446],[111.54145,-7.96436],[111.54162,-7.96391],[111.54168,-7.96384],[111.54177,-7.96382],[111.54193,-7.96349],[111.54261,-7.96313],[111.543,-7.96314],[111.54299,-7.96322],[111.54427,-7.96283],[111.54461,-7.96268],[111.54475,-7.96287],[111.54491,-7.96351],[111.54498,-7.96364],[111.54507,-7.96375],[111.54519,-7.96382],[111.54533,-7.96388],[111.54556,-7.96388],[111.54563,-7.96381],[111.54567,-7.96371],[111.54563,-7.96307],[111.54571,-7.96297],[111.54592,-7.96286],[111.54594,-7.96275],[111.54577,-7.96259],[111.54556,-7.96227],[111.54534,-7.96223],[111.54523,-7.96227],[111.54504,-7.96226],[111.54499,-7.96209],[111.54503,-7.96189],[111.5452,-7.96163],[111.54525,-7.96147],[111.54538,-7.9613],[111.54565,-7.96128],[111.54687,-7.9616],[111.54723,-7.96175],[111.5476,-7.96174],[111.54764,-7.96118],[111.54794,-7.96118],[111.54986,-7.96224],[111.55219,-7.96393],[111.55476,-7.96394],[111.55711,-7.96287],[111.56101,-7.96157],[111.56134,-7.96183],[111.56158,-7.96168],[111.56309,-7.95924],[111.56429,-7.96003],[111.56362,-7.96218],[111.56531,-7.9627],[111.56655,-7.95907],[111.56842,-7.95792],[111.56842,-7.95954],[111.56672,-7.96086]]],[[[111.54828,-7.93202],[111.54948,-7.93349],[111.54438,-7.93625],[111.54438,-7.93658],[111.54018,-7.93933],[111.54343,-7.93973],[111.54365,-7.94122],[111.54322,-7.94292],[111.54066,-7.94441],[111.53832,-7.94441],[111.53747,-7.94526],[111.53732,-7.94792],[111.53818,-7.94813],[111.5396,-7.94929],[111.5406,-7.94979],[111.54151,-7.94888],[111.54578,-7.94886],[111.54728,-7.9478],[111.54919,-7.94737],[111.55048,-7.94673],[111.5526,-7.94673],[111.55516,-7.94715],[111.55534,-7.94708],[111.55534,-7.94735],[111.55616,-7.94735],[111.55643,-7.9487],[111.55697,-7.94979],[111.55698,-7.9506],[111.55453,-7.95061],[111.55452,-7.94735],[111.55371,-7.94735],[111.55371,-7.94898],[111.55289,-7.94898],[111.55289,-7.9498],[111.55044,-7.9498],[111.55044,-7.95061],[111.54963,-7.95061],[111.54963,-7.95143],[111.54955,-7.95183],[111.54877,-7.95247],[111.54685,-7.95355],[111.54602,-7.95458],[111.54514,-7.95674],[111.54409,-7.95736],[111.54388,-7.95864],[111.54431,-7.95949],[111.54507,-7.96016],[111.54451,-7.96011],[111.54429,-7.96044],[111.54413,-7.96055],[111.54377,-7.96069],[111.54246,-7.96066],[111.54246,-7.9606],[111.54192,-7.96059],[111.54185,-7.96054],[111.54165,-7.96053],[111.5412,-7.96044],[111.5409,-7.96045],[111.54087,-7.95988],[111.54083,-7.95986],[111.54007,-7.95998],[111.53999,-7.95983],[111.53999,-7.95971],[111.53958,-7.95985],[111.53952,-7.95978],[111.53935,-7.95974],[111.53916,-7.95959],[111.53899,-7.95959],[111.53887,-7.95948],[111.53881,-7.95937],[111.53868,-7.95887],[111.53887,-7.95876],[111.53871,-7.95839],[111.5385,-7.95803],[111.53811,-7.95746],[111.53818,-7.95742],[111.53827,-7.9573],[111.53847,-7.95688],[111.53852,-7.95671],[111.53858,-7.95623],[111.53866,-7.95602],[111.53872,-7.95594],[111.53893,-7.95583],[111.53896,-7.95577],[111.53895,-7.95564],[111.53888,-7.95553],[111.53888,-7.95523],[111.5388,-7.95502],[111.5388,-7.95491],[111.53816,-7.95476],[111.53758,-7.95472],[111.53759,-7.95514],[111.53685,-7.95514],[111.53692,-7.9557],[111.5368,-7.95577],[111.53642,-7.95579],[111.53642,-7.95586],[111.5362,-7.95595],[111.53567,-7.95633],[111.53496,-7.95636],[111.53386,-7.95625],[111.53327,-7.95625],[111.53302,-7.95703],[111.53297,-7.95707],[111.53248,-7.95711],[111.53214,-7.95708],[111.53185,-7.9571],[111.53171,-7.95639],[111.53161,-7.95402],[111.53147,-7.95333],[111.53147,-7.95269],[111.53126,-7.95226],[111.53126,-7.95195],[111.53132,-7.95187],[111.53156,-7.95174],[111.53144,-7.9511],[111.5318,-7.95102],[111.5321,-7.95078],[111.53222,-7.95073],[111.53198,-7.95013],[111.53178,-7.94975],[111.53105,-7.9502],[111.53078,-7.94975],[111.53042,-7.94932],[111.53099,-7.94912],[111.53101,-7.94909],[111.53012,-7.94628],[111.52929,-7.94394],[111.52946,-7.94382],[111.52977,-7.94367],[111.53009,-7.94357],[111.53032,-7.9434],[111.53074,-7.94321],[111.5308,-7.94317],[111.53077,-7.94303],[111.53139,-7.94287],[111.53195,-7.9431],[111.53327,-7.94344],[111.53344,-7.94343],[111.53379,-7.94327],[111.53353,-7.94232],[111.5328,-7.94018],[111.53277,-7.93999],[111.53267,-7.9398],[111.5325,-7.93963],[111.53246,-7.93954],[111.53248,-7.93945],[111.53258,-7.93935],[111.53306,-7.93928],[111.53317,-7.93919],[111.53323,-7.93907],[111.53323,-7.93899],[111.53313,-7.93859],[111.53313,-7.93844],[111.53321,-7.93838],[111.53336,-7.93836],[111.53356,-7.93839],[111.53371,-7.93834],[111.53388,-7.93812],[111.53399,-7.93773],[111.53413,-7.93748],[111.5342,-7.93722],[111.53429,-7.9371],[111.53451,-7.93694],[111.53464,-7.93693],[111.53471,-7.93696],[111.53485,-7.93724],[111.53507,-7.93746],[111.5352,-7.93743],[111.53537,-7.93727],[111.53541,-7.93718],[111.53548,-7.93716],[111.53556,-7.93716],[111.53574,-7.93739],[111.53594,-7.93754],[111.53611,-7.93759],[111.53625,-7.93758],[111.53643,-7.9375],[111.5365,-7.93743],[111.53663,-7.9371],[111.53666,-7.93692],[111.53672,-7.93683],[111.5368,-7.9368],[111.53704,-7.93692],[111.53715,-7.93692],[111.53733,-7.93673],[111.53744,-7.93649],[111.53763,-7.93633],[111.53766,-7.93622],[111.5377,-7.9362],[111.53803,-7.93625],[111.53823,-7.93607],[111.53841,-7.93601],[111.53864,-7.93575],[111.53891,-7.93553],[111.53917,-7.93563],[111.53928,-7.93574],[111.53938,-7.93594],[111.53969,-7.93635],[111.53975,-7.9364],[111.53983,-7.9364],[111.53999,-7.93618],[111.53993,-7.93598],[111.53996,-7.93589],[111.54013,-7.93586],[111.54024,-7.93567],[111.54035,-7.9358],[111.54054,-7.93582],[111.54073,-7.93581],[111.54086,-7.93574],[111.5409,-7.93567],[111.54092,-7.93532],[111.5409,-7.93515],[111.54096,-7.93502],[111.54102,-7.93498],[111.54111,-7.93495],[111.54129,-7.93504],[111.54149,-7.93502],[111.54153,-7.93513],[111.54163,-7.93528],[111.5417,-7.93528],[111.54195,-7.93507],[111.54198,-7.93498],[111.54191,-7.9347],[111.54195,-7.93442],[111.54202,-7.93432],[111.5425,-7.93402],[111.54322,-7.93381],[111.5434,-7.93393],[111.54366,-7.93404],[111.54405,-7.93431],[111.54446,-7.93427],[111.54458,-7.9342],[111.54494,-7.93386],[111.54502,-7.93367],[111.54531,-7.93355],[111.54542,-7.93343],[111.54545,-7.93329],[111.5464,-7.93286],[111.54657,-7.93294],[111.5467,-7.93292],[111.54694,-7.93276],[111.54699,-7.93276],[111.54709,-7.93287],[111.54717,-7.9329],[111.5474,-7.93288],[111.54764,-7.9326],[111.54764,-7.93249],[111.54771,-7.9324],[111.54777,-7.93225],[111.54828,-7.93202]]]]}},{"type":"Feature","properties":{"bpdashl":"SOLO","klas_erosi":"> 15 - 60 Ton/Ha/Tahun","_cls":"> 15 - 60 Ton/Ha/Tahun"},"geometry":{"type":"Polygon","coordinates":[[[111.55131,-7.98969],[111.55132,-7.99213],[111.54996,-7.9924],[111.54896,-7.9929],[111.54898,-7.99265],[111.54994,-7.99169],[111.55093,-7.99177],[111.55004,-7.9897],[111.54819,-7.98806],[111.54886,-7.98806],[111.54995,-7.98861],[111.5505,-7.98969],[111.55131,-7.98969]]]}},{"type":"Feature","properties":{"bpdashl":"SOLO","klas_erosi":"> 15 - 60 Ton/Ha/Tahun","_cls":"> 15 - 60 Ton/Ha/Tahun"},"geometry":{"type":"Polygon","coordinates":[[[111.59246,-7.93265],[111.59043,-7.93265],[111.59043,-7.93183],[111.58961,-7.93184],[111.58961,-7.93156],[111.59005,-7.93154],[111.59112,-7.9314],[111.59245,-7.93163],[111.59246,-7.93265]]]}},{"type":"Feature","properties":{"bpdashl":"SOLO","klas_erosi":"> 15 - 60 Ton/Ha/Tahun","_cls":"> 15 - 60 Ton/Ha/Tahun"},"geometry":{"type":"Polygon","coordinates":[[[111.56326,-7.9799],[111.56313,-7.98163],[111.56206,-7.98258],[111.56121,-7.98258],[111.55973,-7.98013],[111.55941,-7.97887],[111.5594,-7.97665],[111.56028,-7.97665],[111.56028,-7.97991],[111.5611,-7.9799],[111.5611,-7.98072],[111.56273,-7.98072],[111.56273,-7.9799],[111.56326,-7.9799]]]}},{"type":"Feature","properties":{"bpdashl":"SOLO","klas_erosi":"> 15 - 60 Ton/Ha/Tahun","_cls":"> 15 - 60 Ton/Ha/Tahun"},"geometry":{"type":"Polygon","coordinates":[[[111.56518,-7.97746],[111.56436,-7.97746],[111.56436,-7.97827],[111.56466,-7.97975],[111.566,-7.97908],[111.566,-7.98153],[111.56355,-7.98153],[111.56355,-7.9799],[111.56326,-7.9799],[111.56421,-7.97767],[111.56518,-7.97606],[111.56518,-7.97746]]]}},{"type":"Feature","properties":{"bpdashl":"SOLO","klas_erosi":"> 15 - 60 Ton/Ha/Tahun","_cls":"> 15 - 60 Ton/Ha/Tahun"},"geometry":{"type":"Polygon","coordinates":[[[111.58151,-7.97906],[111.58117,-7.98178],[111.58005,-7.98118],[111.58069,-7.97988],[111.57906,-7.97907],[111.57825,-7.97907],[111.57743,-7.97744],[111.57781,-7.97554],[111.5796,-7.97608],[111.58029,-7.97845],[111.58151,-7.97906]]]}},{"type":"Feature","properties":{"bpdashl":"SOLO","klas_erosi":"> 15 - 60 Ton/Ha/Tahun","_cls":"> 15 - 60 Ton/Ha/Tahun"},"geometry":{"type":"Polygon","coordinates":[[[111.54804,-7.98793],[111.54757,-7.98749],[111.54576,-7.98674],[111.54529,-7.98594],[111.54524,-7.98462],[111.54543,-7.98373],[111.54552,-7.9825],[111.54552,-7.98147],[111.54595,-7.98005],[111.54633,-7.97859],[111.54662,-7.97765],[111.54705,-7.97685],[111.54795,-7.97624],[111.54956,-7.97535],[111.54966,-7.97527],[111.54966,-7.97585],[111.54884,-7.97585],[111.54885,-7.97666],[111.54803,-7.97667],[111.54803,-7.98074],[111.54722,-7.98074],[111.54671,-7.98283],[111.54722,-7.98318],[111.54722,-7.98399],[111.5464,-7.98399],[111.54641,-7.98481],[111.54559,-7.98481],[111.54559,-7.98562],[111.54641,-7.98562],[111.54641,-7.98644],[111.54722,-7.98644],[111.54723,-7.98725],[111.54804,-7.98725],[111.54804,-7.98793]]]}},{"type":"Feature","properties":{"bpdashl":"SOLO","klas_erosi":"> 15 - 60 Ton/Ha/Tahun","_cls":"> 15 - 60 Ton/Ha/Tahun"},"geometry":{"type":"Polygon","coordinates":[[[111.5594,-7.97665],[111.55864,-7.97665],[111.55864,-7.97421],[111.55782,-7.97421],[111.55782,-7.97258],[111.55701,-7.97258],[111.557,-7.97137],[111.55735,-7.97169],[111.5594,-7.97456],[111.5594,-7.97665]]]}},{"type":"Feature","properties":{"bpdashl":"SOLO","klas_erosi":"> 15 - 60 Ton/Ha/Tahun","_cls":"> 15 - 60 Ton/Ha/Tahun"},"geometry":{"type":"Polygon","coordinates":[[[111.54994,-7.97504],[111.55018,-7.97483],[111.55023,-7.97426],[111.55014,-7.9728],[111.55042,-7.97205],[111.5514,-7.97084],[111.55112,-7.97027],[111.55115,-7.97015],[111.5521,-7.97015],[111.5521,-7.97178],[111.55129,-7.97341],[111.55129,-7.97503],[111.54994,-7.97504]]]}},{"type":"Feature","properties":{"bpdashl":"SOLO","klas_erosi":"> 15 - 60 Ton/Ha/Tahun","_cls":"> 15 - 60 Ton/Ha/Tahun"},"geometry":{"type":"Polygon","coordinates":[[[111.557,-7.97137],[111.55556,-7.97002],[111.5537,-7.96933],[111.55618,-7.96933],[111.55619,-7.97014],[111.557,-7.97014],[111.557,-7.97137]]]}},{"type":"Feature","properties":{"bpdashl":"SOLO","klas_erosi":"> 15 - 60 Ton/Ha/Tahun","_cls":"> 15 - 60 Ton/Ha/Tahun"},"geometry":{"type":"Polygon","coordinates":[[[111.5534,-7.96933],[111.5521,-7.96947],[111.5521,-7.96852],[111.55292,-7.96852],[111.55292,-7.96933],[111.5534,-7.96933]]]}},{"type":"Feature","properties":{"bpdashl":"SOLO","klas_erosi":"> 15 - 60 Ton/Ha/Tahun","_cls":"> 15 - 60 Ton/Ha/Tahun"},"geometry":{"type":"Polygon","coordinates":[[[111.64898,-7.96779],[111.64883,-7.96873],[111.64836,-7.96849],[111.64738,-7.96857],[111.64692,-7.96847],[111.64698,-7.96804],[111.64722,-7.96807],[111.64747,-7.96804],[111.64778,-7.9679],[111.64832,-7.96757],[111.64898,-7.96779]]]}},{"type":"Feature","properties":{"bpdashl":"SOLO","klas_erosi":"> 15 - 60 Ton/Ha/Tahun","_cls":"> 15 - 60 Ton/Ha/Tahun"},"geometry":{"type":"Polygon","coordinates":[[[111.65227,-7.96512],[111.65189,-7.96648],[111.65144,-7.96695],[111.65101,-7.96704],[111.65052,-7.96711],[111.65014,-7.96708],[111.64977,-7.96714],[111.64892,-7.96716],[111.64883,-7.96371],[111.64927,-7.96349],[111.65172,-7.96512],[111.65227,-7.96512]]]}},{"type":"Feature","properties":{"bpdashl":"SOLO","klas_erosi":"> 15 - 60 Ton/Ha/Tahun","_cls":"> 15 - 60 Ton/Ha/Tahun"},"geometry":{"type":"Polygon","coordinates":[[[111.55577,-7.96307],[111.55626,-7.96325],[111.55476,-7.96394],[111.55402,-7.96394],[111.55417,-7.96367],[111.55577,-7.96307]]]}},{"type":"Feature","properties":{"bpdashl":"SOLO","klas_erosi":"> 15 - 60 Ton/Ha/Tahun","_cls":"> 15 - 60 Ton/Ha/Tahun"},"geometry":{"type":"Polygon","coordinates":[[[111.56086,-7.96162],[111.55977,-7.962],[111.55871,-7.96234],[111.56044,-7.96089],[111.56086,-7.96162]]]}},{"type":"Feature","properties":{"bpdashl":"SOLO","klas_erosi":"> 15 - 60 Ton/Ha/Tahun","_cls":"> 15 - 60 Ton/Ha/Tahun"},"geometry":{"type":"Polygon","coordinates":[[[111.5774,-7.96016],[111.5774,-7.96116],[111.57659,-7.96116],[111.57659,-7.96197],[111.57577,-7.96198],[111.57578,-7.9636],[111.57659,-7.9636],[111.57659,-7.96279],[111.57741,-7.96279],[111.57885,-7.96566],[111.57761,-7.96723],[111.57823,-7.96848],[111.57872,-7.96882],[111.58071,-7.97169],[111.583,-7.97117],[111.58395,-7.97255],[111.58314,-7.97255],[111.58191,-7.97316],[111.58102,-7.97272],[111.58041,-7.97391],[111.57906,-7.97418],[111.57742,-7.97337],[111.57579,-7.97337],[111.57579,-7.97174],[111.57497,-7.97175],[111.57497,-7.97093],[111.57415,-7.97093],[111.57415,-7.97012],[111.57333,-7.97012],[111.57334,-7.97093],[111.57252,-7.97093],[111.57252,-7.97175],[111.5717,-7.97175],[111.5717,-7.97256],[111.57139,-7.97526],[111.57063,-7.97364],[111.57007,-7.97338],[111.56926,-7.97338],[111.56926,-7.9742],[111.56795,-7.9742],[111.5667,-7.97352],[111.56768,-7.9637],[111.56812,-7.96367],[111.56824,-7.96361],[111.56843,-7.96361],[111.56843,-7.96352],[111.56987,-7.9628],[111.57006,-7.9628],[111.57006,-7.9627],[111.57095,-7.96226],[111.5713,-7.96198],[111.57169,-7.96198],[111.57169,-7.96168],[111.57351,-7.96028],[111.57545,-7.96],[111.5774,-7.96016]]]}},{"type":"Feature","properties":{"bpdashl":"SOLO","klas_erosi":"> 15 - 60 Ton/Ha/Tahun","_cls":"> 15 - 60 Ton/Ha/Tahun"},"geometry":{"type":"Polygon","coordinates":[[[111.55127,-7.95468],[111.55091,-7.95514],[111.54933,-7.95636],[111.55209,-7.95712],[111.55012,-7.96009],[111.55079,-7.96086],[111.55209,-7.96119],[111.55273,-7.95757],[111.5541,-7.9592],[111.5561,-7.95899],[111.55645,-7.95965],[111.55764,-7.96049],[111.55849,-7.9608],[111.55488,-7.96153],[111.55417,-7.96252],[111.55291,-7.96201],[111.55209,-7.96201],[111.54979,-7.96221],[111.54794,-7.96118],[111.54764,-7.96118],[111.54772,-7.96043],[111.54715,-7.96041],[111.54627,-7.96027],[111.54507,-7.96016],[111.54431,-7.95949],[111.54388,-7.95864],[111.54409,-7.95736],[111.54486,-7.9569],[111.54671,-7.95645],[111.54719,-7.95713],[111.54827,-7.95658],[111.54909,-7.95496],[111.55127,-7.95468]]]}},{"type":"Feature","properties":{"bpdashl":"SOLO","klas_erosi":"> 15 - 60 Ton/Ha/Tahun","_cls":"> 15 - 60 Ton/Ha/Tahun"},"geometry":{"type":"Polygon","coordinates":[[[111.55535,-7.9523],[111.55535,-7.95305],[111.55748,-7.95305],[111.55834,-7.9543],[111.55732,-7.95496],[111.55698,-7.95712],[111.55759,-7.95691],[111.55801,-7.95569],[111.5597,-7.95535],[111.56094,-7.95629],[111.56107,-7.95608],[111.56172,-7.95533],[111.5614,-7.95581],[111.56107,-7.95711],[111.55971,-7.95739],[111.55824,-7.95855],[111.55699,-7.95793],[111.5561,-7.95899],[111.55586,-7.95856],[111.55455,-7.95796],[111.55348,-7.95651],[111.55324,-7.95506],[111.55277,-7.95361],[111.55301,-7.95264],[111.55526,-7.95228],[111.55535,-7.9523]]]}},{"type":"Feature","properties":{"bpdashl":"SOLO","klas_erosi":"> 15 - 60 Ton/Ha/Tahun","_cls":"> 15 - 60 Ton/Ha/Tahun"},"geometry":{"type":"Polygon","coordinates":[[[111.56172,-7.95533],[111.5627,-7.95385],[111.56127,-7.95406],[111.56004,-7.95528],[111.5597,-7.95535],[111.55834,-7.9543],[111.56089,-7.95264],[111.56332,-7.95225],[111.56303,-7.95383],[111.56172,-7.95533]]]}},{"type":"Feature","properties":{"bpdashl":"SOLO","klas_erosi":"> 15 - 60 Ton/Ha/Tahun","_cls":"> 15 - 60 Ton/Ha/Tahun"},"geometry":{"type":"MultiPolygon","coordinates":[[[[111.65499,-7.96531],[111.65582,-7.96572],[111.65692,-7.96611],[111.65777,-7.96667],[111.65799,-7.96688],[111.65778,-7.96766],[111.65693,-7.96718],[111.65637,-7.96706],[111.65563,-7.9662],[111.65531,-7.96601],[111.65507,-7.96573],[111.65491,-7.96544],[111.65499,-7.96546],[111.65499,-7.96531]]],[[[111.65008,-7.96187],[111.64878,-7.96187],[111.64877,-7.96159],[111.64909,-7.96105],[111.64926,-7.96104],[111.64977,-7.96131],[111.64986,-7.96141],[111.64986,-7.9615],[111.65008,-7.9617],[111.65008,-7.96187]]]]}},{"type":"Feature","properties":{"bpdashl":"SOLO","klas_erosi":"> 15 - 60 Ton/Ha/Tahun","_cls":"> 15 - 60 Ton/Ha/Tahun"},"geometry":{"type":"Polygon","coordinates":[[[111.55682,-7.9506],[111.55624,-7.95119],[111.55474,-7.9514],[111.55304,-7.95034],[111.55154,-7.95077],[111.55006,-7.95141],[111.54955,-7.95183],[111.54963,-7.95143],[111.54963,-7.95061],[111.55044,-7.95061],[111.55044,-7.9498],[111.55289,-7.9498],[111.55289,-7.94898],[111.55371,-7.94898],[111.55371,-7.94735],[111.55452,-7.94735],[111.55453,-7.95061],[111.55682,-7.9506]]]}},{"type":"Feature","properties":{"bpdashl":"SOLO","klas_erosi":"> 15 - 60 Ton/Ha/Tahun","_cls":"> 15 - 60 Ton/Ha/Tahun"},"geometry":{"type":"Polygon","coordinates":[[[111.57074,-7.94298],[111.56866,-7.94482],[111.56623,-7.94709],[111.56613,-7.94689],[111.56432,-7.94652],[111.56432,-7.94571],[111.56677,-7.94571],[111.56677,-7.94489],[111.56758,-7.94489],[111.56758,-7.94408],[111.5684,-7.94408],[111.5684,-7.94245],[111.56921,-7.94245],[111.56921,-7.94163],[111.57085,-7.94163],[111.57085,-7.94244],[111.57074,-7.94298]]]}},{"type":"Feature","properties":{"bpdashl":"SOLO","klas_erosi":"> 15 - 60 Ton/Ha/Tahun","_cls":"> 15 - 60 Ton/Ha/Tahun"},"geometry":{"type":"Polygon","coordinates":[[[111.55698,-7.95045],[111.55697,-7.94979],[111.55643,-7.9487],[111.55616,-7.94735],[111.55534,-7.94735],[111.55534,-7.94708],[111.5573,-7.94627],[111.55772,-7.94523],[111.5575,-7.94354],[111.55856,-7.94205],[111.56049,-7.94141],[111.56411,-7.94098],[111.56581,-7.94119],[111.56581,-7.94267],[111.56411,-7.94374],[111.56155,-7.94395],[111.56006,-7.94417],[111.56007,-7.94587],[111.55921,-7.94778],[111.55836,-7.94927],[111.5573,-7.95012],[111.55698,-7.95045]]]}},{"type":"Feature","properties":{"bpdashl":"SOLO","klas_erosi":"> 15 - 60 Ton/Ha/Tahun","_cls":"> 15 - 60 Ton/Ha/Tahun"},"geometry":{"type":"Polygon","coordinates":[[[111.5439,-7.94167],[111.54354,-7.94347],[111.54227,-7.94411],[111.54145,-7.94411],[111.54145,-7.94493],[111.5439,-7.94492],[111.54336,-7.94601],[111.54309,-7.94737],[111.54441,-7.94671],[111.54504,-7.94886],[111.54151,-7.94888],[111.5406,-7.94979],[111.5396,-7.94929],[111.53818,-7.94813],[111.53732,-7.94792],[111.53747,-7.94526],[111.53832,-7.94441],[111.54066,-7.94441],[111.54322,-7.94292],[111.54365,-7.94122],[111.54348,-7.94004],[111.54553,-7.94004],[111.54873,-7.93929],[111.54635,-7.94248],[111.54553,-7.94248],[111.5439,-7.94167]]]}},{"type":"Feature","properties":{"bpdashl":"SOLO","klas_erosi":"> 15 - 60 Ton/Ha/Tahun","_cls":"> 15 - 60 Ton/Ha/Tahun"},"geometry":{"type":"Polygon","coordinates":[[[111.57901,-7.93999],[111.57738,-7.93999],[111.57738,-7.94569],[111.57575,-7.94488],[111.57575,-7.94651],[111.57698,-7.94711],[111.5782,-7.9465],[111.5782,-7.94813],[111.57739,-7.94813],[111.57739,-7.94976],[111.57821,-7.94976],[111.57821,-7.95139],[111.57902,-7.95139],[111.57903,-7.9522],[111.57984,-7.9522],[111.5812,-7.95247],[111.5823,-7.95464],[111.58148,-7.95464],[111.58148,-7.95627],[111.58066,-7.95627],[111.58067,-7.96063],[111.58054,-7.96056],[111.57884,-7.96027],[111.5774,-7.96016],[111.5774,-7.95953],[111.57634,-7.95904],[111.57764,-7.95677],[111.57658,-7.95628],[111.57576,-7.95628],[111.57577,-7.95709],[111.57495,-7.95709],[111.57495,-7.95791],[111.57413,-7.95791],[111.57309,-7.95602],[111.57221,-7.95762],[111.57168,-7.95791],[111.57169,-7.96198],[111.57006,-7.96198],[111.57006,-7.9628],[111.56842,-7.9628],[111.56843,-7.96361],[111.56761,-7.96361],[111.56759,-7.9637],[111.56622,-7.9638],[111.56672,-7.96086],[111.56842,-7.95954],[111.56842,-7.95792],[111.56655,-7.95907],[111.56531,-7.9627],[111.56362,-7.96218],[111.56429,-7.96003],[111.56309,-7.95924],[111.56158,-7.96168],[111.56134,-7.96183],[111.56101,-7.96157],[111.56086,-7.96162],[111.56044,-7.96089],[111.55998,-7.96127],[111.55895,-7.96097],[111.55849,-7.9608],[111.55911,-7.96068],[111.56107,-7.95711],[111.56237,-7.95776],[111.56406,-7.9544],[111.56569,-7.95357],[111.56678,-7.9514],[111.56433,-7.95141],[111.56433,-7.95222],[111.56351,-7.95222],[111.56332,-7.95225],[111.56359,-7.95073],[111.56444,-7.94877],[111.56623,-7.94709],[111.56718,-7.94895],[111.56786,-7.94761],[111.5684,-7.94733],[111.56929,-7.94618],[111.57086,-7.94896],[111.57162,-7.94848],[111.57061,-7.94524],[111.57003,-7.94489],[111.57057,-7.9438],[111.57074,-7.94298],[111.57402,-7.94004],[111.57684,-7.93947],[111.57737,-7.93893],[111.57737,-7.93918],[111.57901,-7.93918],[111.57901,-7.93999]]]}},{"type":"Feature","properties":{"bpdashl":"SOLO","klas_erosi":"> 15 - 60 Ton/Ha/Tahun","_cls":"> 15 - 60 Ton/Ha/Tahun"},"geometry":{"type":"Polygon","coordinates":[[[111.55615,-7.94246],[111.55465,-7.94217],[111.55514,-7.94124],[111.55427,-7.93962],[111.55669,-7.93894],[111.55696,-7.93839],[111.55859,-7.93839],[111.5586,-7.94083],[111.55778,-7.94083],[111.55778,-7.94165],[111.55615,-7.94165],[111.55615,-7.94246]]]}},{"type":"Feature","properties":{"bpdashl":"SOLO","klas_erosi":"> 15 - 60 Ton/Ha/Tahun","_cls":"> 15 - 60 Ton/Ha/Tahun"},"geometry":{"type":"Polygon","coordinates":[[[111.54171,-7.93952],[111.54018,-7.93933],[111.54178,-7.93828],[111.54226,-7.93841],[111.54171,-7.93952]]]}},{"type":"Feature","properties":{"bpdashl":"SOLO","klas_erosi":"> 15 - 60 Ton/Ha/Tahun","_cls":"> 15 - 60 Ton/Ha/Tahun"},"geometry":{"type":"MultiPolygon","coordinates":[[[[111.61797,-7.93704],[111.61841,-7.93737],[111.61902,-7.93739],[111.61902,-7.93749],[111.61575,-7.9375],[111.61575,-7.93831],[111.61493,-7.93831],[111.61493,-7.93706],[111.61521,-7.93719],[111.61564,-7.93727],[111.61573,-7.93726],[111.61622,-7.93684],[111.61658,-7.93671],[111.61734,-7.93659],[111.61753,-7.93659],[111.61782,-7.93685],[111.61797,-7.93704]]],[[[111.61417,-7.93668],[111.61373,-7.93669],[111.61403,-7.93657],[111.61417,-7.93668]]]]}},{"type":"Feature","properties":{"bpdashl":"SOLO","klas_erosi":"> 15 - 60 Ton/Ha/Tahun","_cls":"> 15 - 60 Ton/Ha/Tahun"},"geometry":{"type":"Polygon","coordinates":[[[111.56989,-8.01751],[111.56976,-8.01752],[111.56947,-8.01766],[111.56948,-8.01793],[111.56865,-8.01972],[111.56838,-8.02017],[111.56824,-8.02031],[111.56799,-8.02045],[111.56769,-8.02117],[111.56769,-8.0206],[111.5685,-8.01897],[111.56878,-8.01897],[111.56932,-8.01777],[111.56932,-8.01734],[111.56972,-8.01734],[111.56989,-8.01751]]]}},{"type":"Feature","properties":{"bpdashl":"SOLO","klas_erosi":"> 15 - 60 Ton/Ha/Tahun","_cls":"> 15 - 60 Ton/Ha/Tahun"},"geometry":{"type":"Polygon","coordinates":[[[111.57818,-7.93022],[111.57818,-7.93267],[111.57655,-7.93267],[111.57655,-7.93348],[111.57573,-7.93348],[111.57573,-7.9343],[111.57492,-7.9343],[111.57492,-7.93511],[111.5741,-7.93511],[111.5741,-7.93593],[111.57247,-7.93593],[111.57247,-7.93512],[111.57084,-7.93512],[111.57084,-7.93593],[111.57002,-7.93593],[111.57002,-7.93675],[111.56796,-7.93624],[111.56752,-7.93386],[111.56803,-7.93259],[111.56507,-7.9325],[111.5647,-7.93273],[111.56245,-7.93386],[111.55653,-7.93443],[111.55595,-7.93134],[111.55625,-7.93115],[111.55695,-7.93107],[111.5643,-7.93106],[111.5643,-7.93024],[111.56675,-7.93024],[111.56675,-7.92943],[111.56838,-7.92942],[111.56838,-7.93024],[111.56756,-7.93024],[111.56756,-7.93105],[111.56838,-7.93105],[111.57165,-7.93025],[111.57491,-7.93104],[111.57709,-7.93077],[111.57818,-7.93022]]]}},{"type":"Feature","properties":{"bpdashl":"SOLO","klas_erosi":"> 15 - 60 Ton/Ha/Tahun","_cls":"> 15 - 60 Ton/Ha/Tahun"},"geometry":{"type":"MultiPolygon","coordinates":[[[[111.5432,-7.93382],[111.5425,-7.93402],[111.54272,-7.93386],[111.54288,-7.93379],[111.54316,-7.93378],[111.5432,-7.93382]]],[[[111.5464,-7.93286],[111.54545,-7.93329],[111.54547,-7.9332],[111.54563,-7.93309],[111.54576,-7.93282],[111.54586,-7.93275],[111.5461,-7.93271],[111.5464,-7.93286]]]]}},{"type":"Feature","properties":{"bpdashl":"SOLO","klas_erosi":"> 15 - 60 Ton/Ha/Tahun","_cls":"> 15 - 60 Ton/Ha/Tahun"},"geometry":{"type":"Polygon","coordinates":[[[111.59141,-8.01406],[111.59136,-8.01336],[111.59136,-8.01242],[111.59185,-8.01242],[111.59166,-8.01331],[111.59167,-8.0136],[111.5916,-8.01388],[111.59141,-8.01406]]]}},{"type":"Feature","properties":{"bpdashl":"SOLO","klas_erosi":"> 15 - 60 Ton/Ha/Tahun","_cls":"> 15 - 60 Ton/Ha/Tahun"},"geometry":{"type":"Polygon","coordinates":[[[111.57264,-7.92209],[111.57245,-7.92209],[111.57246,-7.92535],[111.57082,-7.92535],[111.56973,-7.92589],[111.56674,-7.92617],[111.56592,-7.92617],[111.56592,-7.92539],[111.566,-7.92536],[111.56756,-7.92535],[111.56756,-7.92463],[111.56809,-7.92439],[111.56812,-7.9244],[111.56811,-7.92438],[111.56892,-7.924],[111.56941,-7.92291],[111.57,-7.92291],[111.57,-7.92209],[111.57163,-7.92209],[111.57163,-7.92128],[111.57216,-7.92128],[111.57242,-7.9218],[111.57264,-7.92209]]]}},{"type":"Feature","properties":{"bpdashl":"SOLO","klas_erosi":"> 15 - 60 Ton/Ha/Tahun","_cls":"> 15 - 60 Ton/Ha/Tahun"},"geometry":{"type":"Polygon","coordinates":[[[111.55401,-8.01682],[111.55379,-8.01717],[111.55351,-8.01797],[111.55339,-8.01834],[111.55334,-8.01879],[111.55299,-8.01935],[111.55248,-8.01967],[111.551,-8.02014],[111.55053,-8.02004],[111.54964,-8.01974],[111.54829,-8.019],[111.54754,-8.01896],[111.54713,-8.019],[111.54653,-8.01895],[111.54608,-8.01887],[111.54544,-8.01862],[111.54429,-8.01795],[111.544,-8.01785],[111.544,-8.01737],[111.54645,-8.01737],[111.54645,-8.01656],[111.54726,-8.01656],[111.54726,-8.01411],[111.54808,-8.01411],[111.54808,-8.01248],[111.54889,-8.01248],[111.54889,-8.01086],[111.55134,-8.01085],[111.55134,-8.01167],[111.55216,-8.01329],[111.55135,-8.01492],[111.55135,-8.01574],[111.55053,-8.01574],[111.55053,-8.01737],[111.55091,-8.01791],[111.55298,-8.01655],[111.55326,-8.01655],[111.55401,-8.01682]]]}},{"type":"Feature","properties":{"bpdashl":"SOLO","klas_erosi":"> 15 - 60 Ton/Ha/Tahun","_cls":"> 15 - 60 Ton/Ha/Tahun"},"geometry":{"type":"Polygon","coordinates":[[[111.53719,-8.00192],[111.53668,-7.99947],[111.53826,-7.99947],[111.53826,-8.0011],[111.53744,-8.0011],[111.53745,-8.00192],[111.53719,-8.00192]]]}},{"type":"Feature","properties":{"bpdashl":"SOLO","klas_erosi":"> 15 - 60 Ton/Ha/Tahun","_cls":"> 15 - 60 Ton/Ha/Tahun"},"geometry":{"type":"Polygon","coordinates":[[[111.53719,-8.00192],[111.53723,-8.00212],[111.53821,-8.00294],[111.53913,-8.00214],[111.53963,-7.9996],[111.54107,-7.99852],[111.54152,-7.99852],[111.54153,-7.99947],[111.54071,-7.99947],[111.54071,-8.00028],[111.53989,-8.00028],[111.5399,-8.00354],[111.53745,-8.00354],[111.53663,-8.00192],[111.53719,-8.00192]]]}},{"type":"Feature","properties":{"bpdashl":"SOLO","klas_erosi":"> 15 - 60 Ton/Ha/Tahun","_cls":"> 15 - 60 Ton/Ha/Tahun"},"geometry":{"type":"Polygon","coordinates":[[[111.53645,-7.99866],[111.53581,-7.99866],[111.53581,-7.99785],[111.53372,-7.99785],[111.53435,-7.99733],[111.53613,-7.99757],[111.53645,-7.99866]]]}},{"type":"Feature","properties":{"bpdashl":"SOLO","klas_erosi":"> 15 - 60 Ton/Ha/Tahun","_cls":"> 15 - 60 Ton/Ha/Tahun"},"geometry":{"type":"Polygon","coordinates":[[[111.53337,-7.99815],[111.53333,-7.99785],[111.53372,-7.99785],[111.53365,-7.99791],[111.53337,-7.99815]]]}},{"type":"Feature","properties":{"bpdashl":"SOLO","klas_erosi":"> 15 - 60 Ton/Ha/Tahun","_cls":"> 15 - 60 Ton/Ha/Tahun"},"geometry":{"type":"Polygon","coordinates":[[[111.54443,-7.99672],[111.54515,-7.99708],[111.54527,-7.99732],[111.54592,-7.99834],[111.547,-7.999],[111.54706,-7.99919],[111.54767,-7.99935],[111.54816,-8.00055],[111.54704,-8.00185],[111.54551,-8.00102],[111.54503,-7.99983],[111.54299,-7.99852],[111.54152,-7.99852],[111.54152,-7.99784],[111.54316,-7.99784],[111.54251,-7.99654],[111.54315,-7.99621],[111.54315,-7.9954],[111.54413,-7.99539],[111.54443,-7.99672]]]}},{"type":"Feature","properties":{"bpdashl":"SOLO","klas_erosi":"> 15 - 60 Ton/Ha/Tahun","_cls":"> 15 - 60 Ton/Ha/Tahun"},"geometry":{"type":"Polygon","coordinates":[[[111.60263,-7.99372],[111.60266,-7.99409],[111.60256,-7.99453],[111.60234,-7.99503],[111.60205,-7.99544],[111.60195,-7.99489],[111.60195,-7.99369],[111.60263,-7.99372]]]}},{"type":"Feature","properties":{"bpdashl":"SOLO","klas_erosi":"> 15 - 60 Ton/Ha/Tahun","_cls":"> 15 - 60 Ton/Ha/Tahun"},"geometry":{"type":"Polygon","coordinates":[[[111.54896,-7.9929],[111.54884,-7.99394],[111.54805,-7.99349],[111.54805,-7.99295],[111.54887,-7.99295],[111.54896,-7.9929]]]}},{"type":"Feature","properties":{"bpdashl":"SOLO","klas_erosi":"> 15 - 60 Ton/Ha/Tahun","_cls":"> 15 - 60 Ton/Ha/Tahun"},"geometry":{"type":"Polygon","coordinates":[[[111.54805,-7.99349],[111.54805,-7.99376],[111.54723,-7.99376],[111.54724,-7.99458],[111.54479,-7.99458],[111.54479,-7.99539],[111.54413,-7.99539],[111.54395,-7.99457],[111.54346,-7.99313],[111.54262,-7.99253],[111.54202,-7.99134],[111.5425,-7.99074],[111.54406,-7.99086],[111.54562,-7.9911],[111.54694,-7.99193],[111.54742,-7.99312],[111.54805,-7.99349]]]}},{"type":"Feature","properties":{"bpdashl":"SOLO","klas_erosi":"> 180 - 480 Ton/Ha/Tahun","_cls":"> 180 - 480 Ton/Ha/Tahun"},"geometry":{"type":"MultiPolygon","coordinates":[[[[111.55286,-7.92863],[111.55286,-7.92944],[111.55368,-7.92944],[111.55368,-7.93026],[111.55256,-7.93239],[111.54945,-7.93345],[111.54828,-7.93202],[111.54777,-7.93225],[111.54788,-7.9321],[111.54795,-7.93188],[111.548,-7.93186],[111.5481,-7.93185],[111.54851,-7.932],[111.54881,-7.932],[111.54938,-7.93228],[111.54946,-7.93227],[111.54955,-7.93218],[111.54974,-7.93186],[111.54989,-7.93178],[111.55015,-7.93177],[111.55024,-7.93181],[111.55037,-7.93181],[111.55071,-7.93175],[111.55082,-7.93165],[111.55091,-7.9315],[111.55091,-7.93141],[111.55103,-7.93112],[111.55105,-7.93101],[111.55103,-7.93091],[111.55098,-7.93083],[111.55081,-7.93075],[111.55044,-7.93047],[111.55033,-7.93024],[111.55037,-7.92992],[111.55061,-7.92953],[111.55072,-7.92929],[111.55077,-7.9291],[111.55077,-7.92863],[111.55123,-7.92863],[111.55147,-7.92875],[111.55161,-7.92877],[111.55176,-7.92863],[111.55286,-7.92863]]],[[[111.5548,-7.92618],[111.55449,-7.92619],[111.55449,-7.92612],[111.55469,-7.92611],[111.5548,-7.92618]]],[[[111.55858,-7.92533],[111.55858,-7.92618],[111.55776,-7.92618],[111.55776,-7.927],[111.55613,-7.927],[111.55613,-7.92696],[111.55643,-7.9267],[111.55665,-7.92628],[111.55681,-7.92605],[111.5569,-7.92596],[111.5573,-7.9258],[111.5575,-7.92562],[111.55762,-7.92556],[111.55775,-7.92557],[111.55805,-7.92569],[111.55832,-7.92567],[111.55848,-7.92553],[111.55858,-7.92533]]]]}},{"type":"Feature","properties":{"bpdashl":"SOLO","klas_erosi":"> 180 - 480 Ton/Ha/Tahun","_cls":"> 180 - 480 Ton/Ha/Tahun"},"geometry":{"type":"Polygon","coordinates":[[[111.58111,-8.02233],[111.58075,-8.02156],[111.57992,-8.02095],[111.57916,-8.02051],[111.57786,-8.01991],[111.57763,-8.01966],[111.5773,-8.01896],[111.57912,-8.01895],[111.57912,-8.01977],[111.57994,-8.01977],[111.57994,-8.02058],[111.58076,-8.02058],[111.58174,-8.02108],[111.58111,-8.02233]]]}},{"type":"Feature","properties":{"bpdashl":"SOLO","klas_erosi":"> 180 - 480 Ton/Ha/Tahun","_cls":"> 180 - 480 Ton/Ha/Tahun"},"geometry":{"type":"Polygon","coordinates":[[[111.58927,-8.02055],[111.58908,-8.02079],[111.58892,-8.01958],[111.58892,-8.01828],[111.58916,-8.01848],[111.58936,-8.02036],[111.58927,-8.02055]]]}},{"type":"Feature","properties":{"bpdashl":"SOLO","klas_erosi":"> 180 - 480 Ton/Ha/Tahun","_cls":"> 180 - 480 Ton/Ha/Tahun"},"geometry":{"type":"Polygon","coordinates":[[[111.57281,-8.01778],[111.57212,-8.01766],[111.57122,-8.01759],[111.57052,-8.01745],[111.56989,-8.01751],[111.56972,-8.01734],[111.57258,-8.01734],[111.57281,-8.01778]]]}},{"type":"Feature","properties":{"bpdashl":"SOLO","klas_erosi":"> 180 - 480 Ton/Ha/Tahun","_cls":"> 180 - 480 Ton/Ha/Tahun"},"geometry":{"type":"Polygon","coordinates":[[[111.57503,-8.01733],[111.57506,-8.01794],[111.57423,-8.01829],[111.57394,-8.01827],[111.57361,-8.01812],[111.57395,-8.01787],[111.57503,-8.01733]]]}},{"type":"Feature","properties":{"bpdashl":"SOLO","klas_erosi":"> 180 - 480 Ton/Ha/Tahun","_cls":"> 180 - 480 Ton/Ha/Tahun"},"geometry":{"type":"Polygon","coordinates":[[[111.5947,-8.01083],[111.59449,-8.011],[111.59314,-8.0116],[111.59252,-8.01202],[111.59218,-8.01207],[111.59218,-8.01103],[111.59227,-8.0108],[111.59378,-8.01079],[111.5947,-8.01083]]]}},{"type":"Feature","properties":{"bpdashl":"SOLO","klas_erosi":"> 180 - 480 Ton/Ha/Tahun","_cls":"> 180 - 480 Ton/Ha/Tahun"},"geometry":{"type":"Polygon","coordinates":[[[111.59586,-8.00924],[111.59531,-8.00956],[111.59515,-8.01013],[111.59489,-8.01068],[111.59462,-8.01002],[111.59462,-8.00916],[111.59544,-8.00916],[111.59575,-8.00901],[111.59586,-8.00924]]]}},{"type":"Feature","properties":{"bpdashl":"SOLO","klas_erosi":"> 180 - 480 Ton/Ha/Tahun","_cls":"> 180 - 480 Ton/Ha/Tahun"},"geometry":{"type":"Polygon","coordinates":[[[111.59935,-8.00677],[111.59861,-8.00713],[111.59839,-8.00746],[111.59795,-8.00845],[111.59716,-8.00872],[111.59755,-8.00737],[111.59789,-8.00672],[111.59935,-8.00677]]]}},{"type":"Feature","properties":{"bpdashl":"SOLO","klas_erosi":"> 180 - 480 Ton/Ha/Tahun","_cls":"> 180 - 480 Ton/Ha/Tahun"},"geometry":{"type":"Polygon","coordinates":[[[111.57502,-8.00594],[111.57502,-8.00675],[111.57584,-8.00675],[111.57584,-8.00756],[111.57502,-8.00756],[111.57474,-8.00991],[111.57307,-8.00895],[111.57208,-8.01107],[111.57053,-8.01019],[111.56963,-8.0107],[111.56931,-8.01001],[111.5693,-8.00757],[111.57012,-8.00757],[111.57012,-8.00676],[111.57257,-8.00675],[111.57257,-8.00594],[111.57502,-8.00594]]]}},{"type":"Feature","properties":{"bpdashl":"SOLO","klas_erosi":"> 180 - 480 Ton/Ha/Tahun","_cls":"> 180 - 480 Ton/Ha/Tahun"},"geometry":{"type":"Polygon","coordinates":[[[111.58237,-8.0043],[111.58192,-8.00726],[111.5839,-8.01089],[111.584,-8.0115],[111.58156,-8.01],[111.58074,-8.01],[111.58074,-8.00918],[111.57992,-8.00918],[111.57992,-8.00837],[111.57829,-8.00837],[111.57829,-8.00675],[111.5791,-8.00674],[111.5791,-8.00593],[111.58073,-8.00593],[111.58073,-8.00349],[111.58155,-8.00348],[111.58155,-8.0043],[111.58237,-8.0043]]]}},{"type":"Feature","properties":{"bpdashl":"SOLO","klas_erosi":"> 180 - 480 Ton/Ha/Tahun","_cls":"> 180 - 480 Ton/Ha/Tahun"},"geometry":{"type":"Polygon","coordinates":[[[111.58562,-7.99697],[111.58562,-7.99615],[111.58644,-7.99615],[111.58643,-7.99371],[111.58807,-7.99371],[111.58807,-7.99533],[111.59052,-7.99533],[111.59052,-7.99614],[111.5893,-7.99675],[111.58836,-7.9963],[111.58807,-7.99859],[111.58562,-7.99697]]]}},{"type":"Feature","properties":{"bpdashl":"SOLO","klas_erosi":"> 180 - 480 Ton/Ha/Tahun","_cls":"> 180 - 480 Ton/Ha/Tahun"},"geometry":{"type":"Polygon","coordinates":[[[111.58562,-7.99371],[111.58398,-7.99371],[111.58398,-7.99453],[111.58235,-7.99453],[111.58236,-7.99697],[111.58154,-7.99697],[111.58154,-7.99941],[111.58259,-7.99982],[111.58154,-8.00023],[111.58073,-8.00023],[111.58073,-8.00104],[111.57991,-8.00104],[111.57991,-8.00267],[111.58073,-8.00267],[111.58073,-8.00349],[111.5791,-8.00349],[111.5791,-8.0043],[111.57828,-8.0043],[111.57828,-8.00512],[111.57665,-8.00512],[111.57665,-8.00431],[111.57715,-8.00227],[111.57679,-8.0007],[111.57746,-8.00023],[111.57828,-8.00023],[111.57827,-7.99763],[111.57851,-7.99749],[111.5793,-7.99295],[111.58044,-7.99318],[111.58153,-7.99372],[111.58153,-7.9929],[111.58235,-7.9929],[111.58235,-7.99209],[111.58071,-7.99209],[111.58071,-7.99115],[111.58313,-7.99046],[111.58398,-7.99046],[111.58398,-7.98901],[111.58406,-7.98883],[111.58479,-7.98883],[111.5848,-7.99127],[111.58561,-7.99127],[111.58562,-7.99371]]]}},{"type":"Feature","properties":{"bpdashl":"SOLO","klas_erosi":"> 180 - 480 Ton/Ha/Tahun","_cls":"> 180 - 480 Ton/Ha/Tahun"},"geometry":{"type":"Polygon","coordinates":[[[111.61196,-7.98625],[111.61174,-7.98592],[111.61174,-7.9839],[111.61252,-7.9839],[111.61247,-7.98402],[111.61244,-7.98431],[111.61253,-7.9851],[111.61241,-7.98568],[111.61196,-7.98625]]]}},{"type":"Feature","properties":{"bpdashl":"SOLO","klas_erosi":"> 180 - 480 Ton/Ha/Tahun","_cls":"> 180 - 480 Ton/Ha/Tahun"},"geometry":{"type":"Polygon","coordinates":[[[111.53973,-8.00985],[111.53986,-8.00946],[111.54013,-8.00903],[111.54017,-8.00881],[111.54001,-8.0072],[111.53996,-8.00702],[111.53983,-8.00681],[111.53973,-8.00653],[111.53933,-8.00614],[111.53917,-8.00589],[111.53912,-8.00566],[111.53897,-8.00556],[111.53876,-8.00549],[111.53861,-8.00556],[111.5382,-8.00554],[111.53555,-8.00518],[111.53537,-8.00506],[111.53477,-8.00409],[111.53429,-8.00116],[111.5341,-8.00025],[111.53381,-7.99967],[111.5341,-7.99892],[111.53405,-7.99882],[111.53386,-7.99866],[111.53355,-7.99851],[111.53342,-7.99841],[111.53337,-7.99815],[111.53372,-7.99785],[111.53581,-7.99785],[111.53581,-7.99866],[111.53645,-7.99866],[111.53675,-7.99972],[111.53719,-8.00192],[111.53663,-8.00192],[111.53745,-8.00354],[111.5399,-8.00354],[111.53989,-8.00028],[111.54071,-8.00028],[111.54071,-7.99947],[111.54153,-7.99947],[111.54152,-7.99852],[111.54299,-7.99852],[111.54398,-7.99915],[111.54398,-8.00028],[111.54521,-8.00028],[111.54551,-8.00102],[111.54561,-8.00108],[111.54561,-8.00191],[111.54609,-8.00267],[111.54797,-8.00209],[111.54766,-8.00112],[111.54816,-8.00055],[111.54767,-7.99935],[111.54706,-7.99919],[111.547,-7.999],[111.54592,-7.99834],[111.54527,-7.99732],[111.54515,-7.99708],[111.54479,-7.9969],[111.54479,-7.99458],[111.54724,-7.99458],[111.54723,-7.99376],[111.54805,-7.99376],[111.54805,-7.99349],[111.54884,-7.99394],[111.54893,-7.9932],[111.5492,-7.99308],[111.54989,-7.99508],[111.54888,-7.99806],[111.54871,-7.99816],[111.54889,-7.9999],[111.5492,-8.00192],[111.54926,-8.00295],[111.55072,-8.00347],[111.55182,-8.00578],[111.55143,-8.00668],[111.55079,-8.00717],[111.55035,-8.0068],[111.54976,-8.00657],[111.54953,-8.00671],[111.54912,-8.00706],[111.5489,-8.00838],[111.53973,-8.00985]]]}},{"type":"Feature","properties":{"bpdashl":"SOLO","klas_erosi":"> 180 - 480 Ton/Ha/Tahun","_cls":"> 180 - 480 Ton/Ha/Tahun"},"geometry":{"type":"Polygon","coordinates":[[[111.58315,-7.97906],[111.58315,-7.97825],[111.58271,-7.97825],[111.58326,-7.9758],[111.58396,-7.9758],[111.58396,-7.97662],[111.58641,-7.97661],[111.58641,-7.97499],[111.58967,-7.97498],[111.58968,-7.97661],[111.59049,-7.97661],[111.5905,-7.98149],[111.58724,-7.9815],[111.58734,-7.97975],[111.58713,-7.97987],[111.58641,-7.97987],[111.58641,-7.97906],[111.58315,-7.97906]]]}},{"type":"Feature","properties":{"bpdashl":"SOLO","klas_erosi":"> 180 - 480 Ton/Ha/Tahun","_cls":"> 180 - 480 Ton/Ha/Tahun"},"geometry":{"type":"Polygon","coordinates":[[[111.63984,-7.97333],[111.63968,-7.97355],[111.63958,-7.97386],[111.63949,-7.97393],[111.63922,-7.97403],[111.63888,-7.97407],[111.63832,-7.97406],[111.63873,-7.97513],[111.63905,-7.97617],[111.63907,-7.97681],[111.63975,-7.97747],[111.63997,-7.97795],[111.63995,-7.97822],[111.63984,-7.97872],[111.63963,-7.97844],[111.63938,-7.97779],[111.63864,-7.98083],[111.63894,-7.98104],[111.63909,-7.98124],[111.63906,-7.9814],[111.63922,-7.98175],[111.63954,-7.98206],[111.63953,-7.98244],[111.63925,-7.98257],[111.63906,-7.98258],[111.63882,-7.98264],[111.63848,-7.98288],[111.63842,-7.98299],[111.63862,-7.98223],[111.63786,-7.98224],[111.63787,-7.98457],[111.63818,-7.98515],[111.63818,-7.98578],[111.63815,-7.98616],[111.63802,-7.98644],[111.63771,-7.98682],[111.63761,-7.98732],[111.6377,-7.98763],[111.63776,-7.9882],[111.63722,-7.98881],[111.63654,-7.98937],[111.6362,-7.9895],[111.63589,-7.98954],[111.63551,-7.98945],[111.63502,-7.99007],[111.63468,-7.99033],[111.63442,-7.99064],[111.63405,-7.991],[111.63367,-7.99095],[111.63155,-7.99133],[111.62984,-7.99184],[111.62937,-7.99194],[111.62912,-7.99205],[111.62884,-7.99228],[111.62826,-7.99235],[111.62781,-7.99226],[111.62691,-7.99257],[111.62659,-7.99295],[111.62641,-7.99311],[111.62571,-7.9933],[111.62531,-7.99322],[111.62513,-7.99309],[111.62513,-7.99232],[111.62524,-7.99177],[111.62586,-7.99181],[111.62655,-7.99167],[111.62568,-7.99123],[111.62524,-7.99119],[111.62519,-7.99027],[111.62522,-7.98996],[111.62481,-7.98927],[111.62427,-7.98848],[111.62411,-7.98826],[111.62392,-7.9881],[111.62383,-7.98772],[111.62367,-7.98744],[111.62345,-7.98722],[111.6231,-7.98706],[111.62242,-7.98684],[111.62228,-7.98662],[111.62187,-7.98624],[111.62108,-7.98543],[111.62066,-7.98514],[111.62027,-7.98476],[111.61987,-7.98467],[111.61899,-7.98477],[111.6181,-7.98467],[111.61741,-7.9843],[111.61714,-7.98424],[111.61673,-7.98468],[111.616,-7.98526],[111.61576,-7.9852],[111.6154,-7.98461],[111.61516,-7.98348],[111.615,-7.98304],[111.61484,-7.98222],[111.61478,-7.98172],[111.61461,-7.98106],[111.61418,-7.98131],[111.61317,-7.98216],[111.61255,-7.98382],[111.61255,-7.98309],[111.61227,-7.98173],[111.61173,-7.98065],[111.61173,-7.97983],[111.61091,-7.97983],[111.61091,-7.97739],[111.61336,-7.97739],[111.61336,-7.98064],[111.61581,-7.98064],[111.61582,-7.98227],[111.61663,-7.98227],[111.61663,-7.98145],[111.61745,-7.98145],[111.61744,-7.97901],[111.61908,-7.97901],[111.61907,-7.97412],[111.61989,-7.97412],[111.61988,-7.97168],[111.62315,-7.97168],[111.62315,-7.97086],[111.62478,-7.97086],[111.62479,-7.9733],[111.6256,-7.97493],[111.62561,-7.97574],[111.62642,-7.97574],[111.62752,-7.97835],[111.62515,-7.97681],[111.62479,-7.97819],[111.62316,-7.97819],[111.62316,-7.979],[111.6248,-7.97981],[111.6248,-7.98144],[111.62622,-7.98165],[111.62781,-7.9832],[111.62806,-7.98144],[111.6297,-7.98143],[111.63019,-7.98038],[111.63186,-7.98133],[111.63214,-7.9798],[111.63214,-7.97899],[111.62969,-7.97899],[111.62969,-7.97818],[111.62932,-7.97638],[111.62725,-7.97533],[111.6286,-7.97465],[111.62887,-7.97411],[111.62642,-7.97411],[111.62642,-7.97167],[111.62723,-7.97167],[111.62723,-7.97086],[111.62968,-7.97085],[111.62968,-7.97248],[111.63078,-7.97302],[111.63295,-7.97329],[111.63377,-7.97329],[111.63377,-7.97247],[111.63622,-7.97247],[111.63622,-7.97328],[111.63966,-7.97328],[111.63973,-7.97324],[111.63984,-7.97333]]]}},{"type":"Feature","properties":{"bpdashl":"SOLO","klas_erosi":"> 180 - 480 Ton/Ha/Tahun","_cls":"> 180 - 480 Ton/Ha/Tahun"},"geometry":{"type":"Polygon","coordinates":[[[111.58724,-7.97049],[111.58685,-7.97192],[111.58638,-7.97224],[111.58602,-7.97152],[111.58597,-7.97136],[111.58594,-7.9709],[111.58612,-7.97023],[111.58724,-7.97049]]]}},{"type":"Feature","properties":{"bpdashl":"SOLO","klas_erosi":"> 180 - 480 Ton/Ha/Tahun","_cls":"> 180 - 480 Ton/Ha/Tahun"},"geometry":{"type":"Polygon","coordinates":[[[111.557,-7.97137],[111.55701,-7.97258],[111.55782,-7.97258],[111.55782,-7.97421],[111.55864,-7.97421],[111.55864,-7.97665],[111.5594,-7.97665],[111.55941,-7.97887],[111.55973,-7.98013],[111.56121,-7.98258],[111.56206,-7.98258],[111.56313,-7.98163],[111.56326,-7.9799],[111.56355,-7.9799],[111.56355,-7.98153],[111.566,-7.98153],[111.566,-7.97908],[111.56466,-7.97975],[111.56436,-7.97827],[111.56436,-7.97746],[111.566,-7.97746],[111.56599,-7.97664],[111.56681,-7.97664],[111.56763,-7.9755],[111.56844,-7.97664],[111.56892,-7.97854],[111.56822,-7.98063],[111.56756,-7.98146],[111.5669,-7.98426],[111.56905,-7.98756],[111.57124,-7.98909],[111.57167,-7.9897],[111.57243,-7.99112],[111.57333,-7.99102],[111.575,-7.99017],[111.57599,-7.99079],[111.57595,-7.99243],[111.5749,-7.99342],[111.57447,-7.99455],[111.5759,-7.99545],[111.5769,-7.99653],[111.57704,-7.99813],[111.57701,-7.99837],[111.57591,-7.99902],[111.57213,-7.99855],[111.57068,-8.00037],[111.56704,-7.99823],[111.56443,-7.99976],[111.55998,-7.9992],[111.55666,-7.9992],[111.55666,-7.99673],[111.55998,-7.99672],[111.55998,-7.99588],[111.55816,-7.9922],[111.55941,-7.9894],[111.55718,-7.98653],[111.55545,-7.98737],[111.55334,-7.98883],[111.55131,-7.99032],[111.55131,-7.98969],[111.5505,-7.98969],[111.54995,-7.98861],[111.54886,-7.98806],[111.54819,-7.98806],[111.54804,-7.98793],[111.54804,-7.98725],[111.54723,-7.98725],[111.54722,-7.98644],[111.54641,-7.98644],[111.54641,-7.98562],[111.54559,-7.98562],[111.54559,-7.98481],[111.54641,-7.98481],[111.5464,-7.98399],[111.54722,-7.98399],[111.54722,-7.98318],[111.54671,-7.98283],[111.54722,-7.98074],[111.54803,-7.98074],[111.54803,-7.97667],[111.54885,-7.97666],[111.54884,-7.97585],[111.54966,-7.97585],[111.54966,-7.97527],[111.54994,-7.97504],[111.55129,-7.97503],[111.55129,-7.97341],[111.5521,-7.97178],[111.5521,-7.96947],[111.5534,-7.96933],[111.5537,-7.96933],[111.55556,-7.97002],[111.557,-7.97137]]]}},{"type":"Feature","properties":{"bpdashl":"SOLO","klas_erosi":"> 180 - 480 Ton/Ha/Tahun","_cls":"> 180 - 480 Ton/Ha/Tahun"},"geometry":{"type":"Polygon","coordinates":[[[111.58612,-7.97023],[111.58558,-7.9701],[111.58558,-7.96929],[111.58592,-7.96916],[111.5859,-7.96931],[111.58616,-7.97006],[111.58612,-7.97023]]]}},{"type":"Feature","properties":{"bpdashl":"SOLO","klas_erosi":"> 180 - 480 Ton/Ha/Tahun","_cls":"> 180 - 480 Ton/Ha/Tahun"},"geometry":{"type":"Polygon","coordinates":[[[111.58887,-7.96946],[111.58944,-7.96969],[111.5892,-7.97132],[111.58943,-7.97284],[111.5864,-7.97336],[111.58475,-7.97297],[111.58793,-7.97188],[111.58751,-7.97055],[111.58724,-7.97049],[111.58737,-7.97015],[111.58748,-7.9691],[111.58869,-7.96946],[111.58887,-7.96946]]]}},{"type":"Feature","properties":{"bpdashl":"SOLO","klas_erosi":"> 180 - 480 Ton/Ha/Tahun","_cls":"> 180 - 480 Ton/Ha/Tahun"},"geometry":{"type":"Polygon","coordinates":[[[111.64148,-7.97072],[111.64105,-7.97076],[111.64046,-7.96953],[111.64161,-7.96897],[111.64172,-7.9692],[111.64172,-7.96972],[111.64164,-7.97023],[111.64148,-7.97072]]]}},{"type":"Feature","properties":{"bpdashl":"SOLO","klas_erosi":"> 180 - 480 Ton/Ha/Tahun","_cls":"> 180 - 480 Ton/Ha/Tahun"},"geometry":{"type":"Polygon","coordinates":[[[111.61173,-7.98653],[111.61151,-7.98737],[111.61133,-7.98791],[111.61083,-7.98792],[111.61063,-7.98807],[111.61036,-7.98812],[111.60995,-7.98803],[111.60936,-7.98742],[111.60891,-7.98743],[111.60843,-7.98777],[111.60799,-7.988],[111.60666,-7.98855],[111.60629,-7.98865],[111.6057,-7.98869],[111.605,-7.98881],[111.60461,-7.98882],[111.60395,-7.98892],[111.60357,-7.98901],[111.60357,-7.98879],[111.60194,-7.9888],[111.60194,-7.98799],[111.60113,-7.98799],[111.60112,-7.98718],[111.59788,-7.98718],[111.59785,-7.98388],[111.59802,-7.98311],[111.59867,-7.98311],[111.59867,-7.98148],[111.59948,-7.98148],[111.59948,-7.97904],[111.60172,-7.97883],[111.60223,-7.97732],[111.60377,-7.97882],[111.6052,-7.97903],[111.60519,-7.97821],[111.60496,-7.97682],[111.60333,-7.97618],[111.60496,-7.97554],[111.60542,-7.97437],[111.606,-7.97414],[111.60845,-7.97414],[111.60845,-7.97333],[111.60927,-7.97332],[111.60927,-7.97088],[111.61008,-7.97088],[111.61008,-7.97169],[111.6109,-7.97169],[111.6109,-7.97007],[111.61253,-7.97006],[111.61253,-7.96844],[111.61373,-7.96894],[111.6158,-7.96843],[111.61661,-7.96843],[111.61661,-7.96761],[111.61824,-7.96761],[111.61824,-7.9668],[111.61988,-7.9668],[111.61988,-7.96842],[111.61906,-7.96843],[111.61906,-7.96924],[111.61743,-7.96924],[111.61743,-7.97168],[111.61662,-7.97169],[111.61662,-7.9725],[111.6158,-7.9725],[111.6158,-7.97413],[111.61499,-7.97413],[111.61499,-7.97332],[111.61417,-7.97332],[111.61417,-7.9725],[111.61335,-7.9725],[111.61335,-7.97169],[111.61253,-7.97169],[111.61253,-7.97251],[111.61172,-7.97251],[111.61172,-7.97413],[111.61118,-7.97441],[111.60944,-7.97788],[111.60683,-7.97821],[111.60683,-7.97903],[111.60601,-7.97903],[111.60601,-7.98066],[111.60683,-7.98065],[111.60683,-7.98228],[111.60847,-7.98228],[111.60874,-7.98445],[111.60929,-7.98553],[111.61038,-7.98607],[111.61113,-7.98622],[111.61173,-7.98653]]]}},{"type":"Feature","properties":{"bpdashl":"SOLO","klas_erosi":"> 180 - 480 Ton/Ha/Tahun","_cls":"> 180 - 480 Ton/Ha/Tahun"},"geometry":{"type":"Polygon","coordinates":[[[111.64358,-7.9678],[111.64315,-7.96766],[111.64294,-7.96744],[111.64194,-7.96775],[111.6415,-7.96801],[111.64151,-7.96838],[111.64111,-7.96758],[111.64111,-7.96676],[111.64356,-7.96676],[111.64358,-7.9678]]]}},{"type":"Feature","properties":{"bpdashl":"SOLO","klas_erosi":"> 180 - 480 Ton/Ha/Tahun","_cls":"> 180 - 480 Ton/Ha/Tahun"},"geometry":{"type":"Polygon","coordinates":[[[111.58522,-7.96929],[111.58405,-7.97232],[111.58326,-7.9758],[111.58314,-7.9758],[111.58314,-7.97418],[111.58151,-7.97418],[111.58151,-7.97499],[111.58205,-7.97608],[111.58233,-7.97743],[111.58233,-7.97825],[111.58271,-7.97825],[111.58203,-7.98121],[111.58315,-7.98135],[111.58315,-7.9815],[111.58478,-7.9815],[111.58479,-7.98476],[111.5856,-7.98476],[111.58561,-7.98557],[111.58588,-7.98662],[111.58462,-7.98764],[111.58436,-7.98746],[111.58398,-7.98801],[111.58398,-7.98901],[111.5834,-7.99038],[111.58313,-7.99046],[111.58071,-7.99046],[111.58071,-7.99115],[111.57955,-7.99148],[111.5793,-7.99295],[111.57908,-7.9929],[111.57827,-7.99291],[111.57826,-7.99209],[111.57989,-7.98965],[111.57989,-7.98883],[111.58071,-7.98883],[111.58071,-7.98802],[111.57989,-7.98802],[111.57788,-7.98742],[111.57907,-7.98639],[111.58071,-7.98639],[111.5807,-7.98476],[111.57825,-7.98477],[111.57826,-7.98558],[111.57608,-7.98586],[111.57548,-7.98704],[111.57417,-7.9864],[111.57417,-7.98721],[111.57336,-7.98721],[111.57336,-7.98803],[111.57254,-7.98803],[111.57091,-7.98722],[111.57226,-7.98439],[111.57147,-7.98187],[111.57039,-7.98121],[111.56976,-7.97532],[111.56926,-7.97501],[111.56844,-7.97501],[111.56844,-7.9742],[111.56926,-7.9742],[111.56926,-7.97338],[111.57007,-7.97338],[111.57063,-7.97364],[111.57139,-7.97526],[111.5717,-7.97256],[111.5717,-7.97175],[111.57252,-7.97175],[111.57252,-7.97093],[111.57334,-7.97093],[111.57333,-7.97012],[111.57415,-7.97012],[111.57415,-7.97093],[111.57497,-7.97093],[111.57497,-7.97175],[111.57579,-7.97174],[111.57579,-7.97337],[111.57742,-7.97337],[111.57906,-7.97418],[111.58041,-7.97391],[111.58102,-7.97272],[111.58191,-7.97316],[111.58314,-7.97255],[111.58395,-7.97255],[111.583,-7.97117],[111.58071,-7.97169],[111.57872,-7.96882],[111.57823,-7.96848],[111.57761,-7.96723],[111.57885,-7.96566],[111.57823,-7.96441],[111.58068,-7.96441],[111.58007,-7.96563],[111.58068,-7.96685],[111.58352,-7.96896],[111.58476,-7.96848],[111.58477,-7.96929],[111.58522,-7.96929]],[[111.58151,-7.97906],[111.58029,-7.97845],[111.5796,-7.97608],[111.57781,-7.97554],[111.57743,-7.97744],[111.57825,-7.97907],[111.57906,-7.97907],[111.58069,-7.97988],[111.58005,-7.98118],[111.58117,-7.98178],[111.58151,-7.97906]]]}},{"type":"Feature","properties":{"bpdashl":"SOLO","klas_erosi":"> 180 - 480 Ton/Ha/Tahun","_cls":"> 180 - 480 Ton/Ha/Tahun"},"geometry":{"type":"Polygon","coordinates":[[[111.64893,-7.96716],[111.64898,-7.96779],[111.64832,-7.96757],[111.64778,-7.9679],[111.64747,-7.96804],[111.64722,-7.96807],[111.64698,-7.96804],[111.64692,-7.96847],[111.64521,-7.96833],[111.64519,-7.96757],[111.64764,-7.96757],[111.64764,-7.96594],[111.64601,-7.96594],[111.646,-7.96431],[111.64818,-7.96404],[111.64883,-7.96371],[111.64893,-7.96716]]]}},{"type":"Feature","properties":{"bpdashl":"SOLO","klas_erosi":"> 180 - 480 Ton/Ha/Tahun","_cls":"> 180 - 480 Ton/Ha/Tahun"},"geometry":{"type":"Polygon","coordinates":[[[111.63702,-7.96351],[111.63702,-7.96514],[111.63865,-7.96514],[111.63866,-7.96595],[111.63539,-7.96596],[111.63539,-7.96759],[111.63458,-7.96759],[111.63458,-7.9684],[111.63332,-7.9707],[111.63245,-7.96637],[111.63261,-7.96555],[111.63212,-7.96352],[111.63375,-7.96352],[111.63375,-7.96433],[111.63457,-7.96433],[111.63539,-7.96433],[111.63539,-7.96352],[111.63702,-7.96351]]]}},{"type":"Feature","properties":{"bpdashl":"SOLO","klas_erosi":"> 180 - 480 Ton/Ha/Tahun","_cls":"> 180 - 480 Ton/Ha/Tahun"},"geometry":{"type":"Polygon","coordinates":[[[111.64878,-7.96187],[111.64763,-7.96187],[111.64763,-7.96106],[111.64909,-7.96105],[111.64877,-7.96159],[111.64878,-7.96187]]]}},{"type":"Feature","properties":{"bpdashl":"SOLO","klas_erosi":"> 180 - 480 Ton/Ha/Tahun","_cls":"> 180 - 480 Ton/Ha/Tahun"},"geometry":{"type":"Polygon","coordinates":[[[111.55998,-7.96127],[111.55871,-7.96234],[111.55711,-7.96287],[111.55626,-7.96325],[111.55616,-7.96322],[111.55483,-7.96161],[111.55488,-7.96153],[111.55849,-7.9608],[111.55895,-7.96097],[111.55998,-7.96127]]]}},{"type":"Feature","properties":{"bpdashl":"SOLO","klas_erosi":"> 180 - 480 Ton/Ha/Tahun","_cls":"> 180 - 480 Ton/Ha/Tahun"},"geometry":{"type":"Polygon","coordinates":[[[111.58067,-7.96063],[111.58067,-7.96115],[111.57904,-7.96116],[111.57795,-7.96171],[111.57741,-7.96279],[111.57659,-7.96279],[111.57659,-7.9636],[111.57578,-7.9636],[111.57577,-7.96198],[111.57659,-7.96197],[111.57659,-7.96116],[111.5774,-7.96116],[111.5774,-7.96016],[111.57884,-7.96027],[111.58054,-7.96056],[111.58067,-7.96063]]]}},{"type":"Feature","properties":{"bpdashl":"SOLO","klas_erosi":"> 180 - 480 Ton/Ha/Tahun","_cls":"> 180 - 480 Ton/Ha/Tahun"},"geometry":{"type":"Polygon","coordinates":[[[111.62395,-7.96435],[111.62395,-7.96191],[111.62265,-7.95995],[111.62231,-7.95865],[111.62313,-7.95865],[111.62313,-7.95784],[111.62395,-7.95784],[111.62394,-7.95621],[111.62476,-7.95621],[111.62476,-7.95946],[111.62558,-7.95946],[111.62558,-7.9619],[111.62722,-7.9619],[111.62722,-7.96434],[111.62395,-7.96435]]]}},{"type":"Feature","properties":{"bpdashl":"SOLO","klas_erosi":"> 180 - 480 Ton/Ha/Tahun","_cls":"> 180 - 480 Ton/Ha/Tahun"},"geometry":{"type":"Polygon","coordinates":[[[111.63888,-7.957],[111.63864,-7.957],[111.63864,-7.95691],[111.6389,-7.95696],[111.63888,-7.957]]]}},{"type":"Feature","properties":{"bpdashl":"SOLO","klas_erosi":"> 180 - 480 Ton/Ha/Tahun","_cls":"> 180 - 480 Ton/Ha/Tahun"},"geometry":{"type":"Polygon","coordinates":[[[111.56172,-7.95533],[111.56107,-7.95608],[111.56094,-7.95629],[111.5597,-7.95535],[111.56004,-7.95528],[111.56127,-7.95406],[111.5627,-7.95385],[111.56172,-7.95533]]]}},{"type":"Feature","properties":{"bpdashl":"SOLO","klas_erosi":"> 180 - 480 Ton/Ha/Tahun","_cls":"> 180 - 480 Ton/Ha/Tahun"},"geometry":{"type":"Polygon","coordinates":[[[111.55535,-7.9523],[111.55526,-7.95228],[111.55301,-7.95264],[111.55277,-7.95361],[111.55324,-7.95506],[111.55348,-7.95651],[111.55455,-7.95796],[111.55586,-7.95856],[111.5561,-7.95899],[111.5541,-7.9592],[111.55273,-7.95757],[111.55266,-7.95801],[111.55101,-7.95501],[111.55127,-7.95468],[111.55086,-7.95473],[111.55022,-7.95357],[111.55126,-7.95305],[111.55126,-7.95224],[111.55535,-7.95223],[111.55535,-7.9523]]]}},{"type":"Feature","properties":{"bpdashl":"SOLO","klas_erosi":"> 180 - 480 Ton/Ha/Tahun","_cls":"> 180 - 480 Ton/Ha/Tahun"},"geometry":{"type":"Polygon","coordinates":[[[111.55022,-7.95357],[111.55017,-7.9536],[111.54772,-7.95361],[111.54936,-7.95278],[111.54947,-7.9522],[111.55022,-7.95357]]]}},{"type":"Feature","properties":{"bpdashl":"SOLO","klas_erosi":"> 180 - 480 Ton/Ha/Tahun","_cls":"> 180 - 480 Ton/Ha/Tahun"},"geometry":{"type":"Polygon","coordinates":[[[111.61577,-7.95215],[111.61577,-7.95296],[111.61605,-7.95432],[111.61659,-7.9554],[111.61659,-7.95703],[111.61529,-7.95639],[111.61496,-7.95703],[111.61415,-7.95704],[111.6106,-7.95891],[111.61166,-7.96227],[111.61089,-7.96274],[111.61007,-7.96274],[111.61007,-7.96355],[111.60926,-7.96356],[111.60926,-7.96437],[111.61007,-7.96437],[111.61008,-7.966],[111.60898,-7.96546],[111.60681,-7.96519],[111.60681,-7.96356],[111.60599,-7.96356],[111.60599,-7.96275],[111.60844,-7.96274],[111.60844,-7.96193],[111.60925,-7.96193],[111.60925,-7.96111],[111.61036,-7.9587],[111.60742,-7.95971],[111.6068,-7.95867],[111.60631,-7.95834],[111.60562,-7.95735],[111.60353,-7.95787],[111.6019,-7.95787],[111.6019,-7.95705],[111.60353,-7.95705],[111.60352,-7.95298],[111.60516,-7.95298],[111.60516,-7.95379],[111.60924,-7.95379],[111.60924,-7.95297],[111.61006,-7.95297],[111.61005,-7.95216],[111.61087,-7.95216],[111.61087,-7.95378],[111.61251,-7.95378],[111.6125,-7.95215],[111.61332,-7.95215],[111.61332,-7.95134],[111.61495,-7.95215],[111.61577,-7.95215]]]}},{"type":"Feature","properties":{"bpdashl":"SOLO","klas_erosi":"> 180 - 480 Ton/Ha/Tahun","_cls":"> 180 - 480 Ton/Ha/Tahun"},"geometry":{"type":"Polygon","coordinates":[[[111.56623,-7.94709],[111.56444,-7.94877],[111.56359,-7.95073],[111.56332,-7.95225],[111.56089,-7.95264],[111.55834,-7.9543],[111.55748,-7.95305],[111.55861,-7.95304],[111.55861,-7.9506],[111.55943,-7.9506],[111.55942,-7.94816],[111.56187,-7.94816],[111.56187,-7.94734],[111.56269,-7.94734],[111.56269,-7.94571],[111.56432,-7.94571],[111.56432,-7.94652],[111.56613,-7.94689],[111.56623,-7.94709]]]}},{"type":"Feature","properties":{"bpdashl":"SOLO","klas_erosi":"> 180 - 480 Ton/Ha/Tahun","_cls":"> 180 - 480 Ton/Ha/Tahun"},"geometry":{"type":"MultiPolygon","coordinates":[[[[111.62066,-7.94482],[111.62066,-7.94563],[111.62474,-7.94562],[111.62474,-7.94549],[111.62482,-7.94552],[111.62485,-7.94569],[111.62478,-7.94589],[111.62486,-7.94603],[111.625,-7.94617],[111.62502,-7.94635],[111.625,-7.94653],[111.62483,-7.94674],[111.62486,-7.94684],[111.62506,-7.947],[111.62512,-7.94719],[111.62487,-7.94775],[111.62485,-7.94789],[111.62496,-7.94824],[111.62493,-7.94831],[111.62498,-7.94842],[111.62511,-7.94841],[111.62519,-7.94852],[111.62525,-7.94853],[111.62532,-7.94861],[111.62529,-7.9487],[111.62517,-7.94893],[111.62518,-7.94908],[111.62527,-7.94914],[111.62574,-7.94926],[111.62586,-7.94954],[111.62612,-7.94965],[111.62615,-7.94976],[111.62572,-7.95001],[111.62563,-7.94998],[111.62554,-7.95],[111.62555,-7.95011],[111.62507,-7.95038],[111.62475,-7.94969],[111.6223,-7.9497],[111.6223,-7.94888],[111.61985,-7.94889],[111.61985,-7.94807],[111.61903,-7.94807],[111.61903,-7.94726],[111.61833,-7.94726],[111.61892,-7.94608],[111.61986,-7.94482],[111.62066,-7.94482]]],[[[111.62492,-7.94418],[111.62474,-7.94418],[111.62474,-7.944],[111.62495,-7.94399],[111.62501,-7.94405],[111.62503,-7.94409],[111.62492,-7.94418]]]]}},{"type":"Feature","properties":{"bpdashl":"SOLO","klas_erosi":"> 180 - 480 Ton/Ha/Tahun","_cls":"> 180 - 480 Ton/Ha/Tahun"},"geometry":{"type":"Polygon","coordinates":[[[111.61658,-7.94808],[111.61658,-7.94889],[111.61495,-7.94889],[111.61495,-7.94808],[111.61332,-7.94808],[111.61331,-7.94727],[111.61413,-7.94727],[111.61412,-7.9432],[111.61456,-7.9432],[111.61476,-7.94359],[111.6156,-7.94359],[111.6156,-7.94442],[111.61518,-7.94624],[111.6169,-7.94753],[111.61821,-7.948],[111.61821,-7.94808],[111.61658,-7.94808]]]}},{"type":"Feature","properties":{"bpdashl":"SOLO","klas_erosi":"> 180 - 480 Ton/Ha/Tahun","_cls":"> 180 - 480 Ton/Ha/Tahun"},"geometry":{"type":"Polygon","coordinates":[[[111.57737,-7.93893],[111.57684,-7.93947],[111.57402,-7.94004],[111.57074,-7.94298],[111.57085,-7.94244],[111.57084,-7.94082],[111.57166,-7.94082],[111.57166,-7.94],[111.57084,-7.94],[111.57084,-7.93919],[111.57166,-7.93919],[111.57166,-7.93837],[111.57247,-7.93837],[111.57247,-7.93919],[111.57492,-7.93918],[111.57492,-7.93837],[111.57737,-7.93837],[111.57737,-7.93893]]]}},{"type":"Feature","properties":{"bpdashl":"SOLO","klas_erosi":"> 180 - 480 Ton/Ha/Tahun","_cls":"> 180 - 480 Ton/Ha/Tahun"},"geometry":{"type":"Polygon","coordinates":[[[111.56796,-7.93624],[111.56675,-7.93594],[111.56675,-7.93512],[111.56594,-7.93512],[111.56539,-7.93404],[111.5643,-7.9335],[111.5643,-7.93431],[111.56185,-7.93432],[111.56186,-7.93594],[111.56349,-7.93594],[111.56349,-7.93676],[111.56186,-7.93676],[111.56186,-7.93757],[111.56104,-7.93757],[111.55941,-7.93839],[111.55696,-7.93839],[111.55669,-7.93894],[111.55427,-7.93962],[111.55514,-7.94124],[111.55465,-7.94217],[111.55615,-7.94246],[111.55587,-7.94301],[111.55234,-7.94356],[111.55125,-7.9441],[111.55159,-7.94544],[111.55485,-7.94462],[111.55534,-7.94654],[111.55534,-7.94708],[111.55516,-7.94715],[111.5526,-7.94673],[111.55048,-7.94673],[111.54919,-7.94737],[111.54728,-7.9478],[111.547,-7.948],[111.54609,-7.94646],[111.5438,-7.94217],[111.5439,-7.94167],[111.54553,-7.94248],[111.54635,-7.94248],[111.54873,-7.93929],[111.54553,-7.94004],[111.54348,-7.94004],[111.54343,-7.93973],[111.54171,-7.93952],[111.54226,-7.93841],[111.54178,-7.93828],[111.54438,-7.93658],[111.54438,-7.93625],[111.54922,-7.93364],[111.54879,-7.93433],[111.55169,-7.93385],[111.55206,-7.93514],[111.55451,-7.93514],[111.55517,-7.93381],[111.55369,-7.93351],[111.55477,-7.93134],[111.55625,-7.93115],[111.55595,-7.93134],[111.55653,-7.93443],[111.56245,-7.93386],[111.5647,-7.93273],[111.56507,-7.9325],[111.56803,-7.93259],[111.56752,-7.93386],[111.56796,-7.93624]]]}},{"type":"Feature","properties":{"bpdashl":"SOLO","klas_erosi":"> 180 - 480 Ton/Ha/Tahun","_cls":"> 180 - 480 Ton/Ha/Tahun"},"geometry":{"type":"Polygon","coordinates":[[[111.5888,-7.93265],[111.59246,-7.93265],[111.59246,-7.93689],[111.59308,-7.93685],[111.59323,-7.93674],[111.59332,-7.93654],[111.59335,-7.93637],[111.59331,-7.93535],[111.59339,-7.93504],[111.59367,-7.93438],[111.594,-7.93409],[111.59483,-7.93395],[111.59496,-7.93389],[111.5951,-7.93364],[111.59511,-7.93346],[111.59508,-7.93339],[111.59512,-7.93331],[111.59533,-7.93323],[111.59553,-7.93318],[111.5961,-7.9332],[111.59631,-7.93318],[111.59703,-7.93294],[111.59747,-7.93291],[111.59822,-7.93293],[111.59961,-7.93303],[111.59988,-7.93307],[111.60008,-7.93313],[111.60024,-7.93336],[111.60026,-7.93352],[111.60019,-7.93362],[111.60007,-7.93416],[111.60009,-7.93424],[111.60021,-7.93431],[111.60027,-7.93449],[111.60032,-7.93452],[111.60052,-7.93442],[111.60071,-7.93442],[111.60112,-7.93434],[111.60134,-7.93422],[111.60157,-7.93404],[111.6017,-7.93399],[111.60208,-7.93409],[111.60226,-7.9341],[111.60235,-7.93408],[111.60239,-7.934],[111.6025,-7.93397],[111.60255,-7.9339],[111.60262,-7.93388],[111.60279,-7.93371],[111.60313,-7.93369],[111.60337,-7.93374],[111.60384,-7.93399],[111.60414,-7.93436],[111.6044,-7.93458],[111.60443,-7.93472],[111.60441,-7.93491],[111.60445,-7.93505],[111.60458,-7.93517],[111.60469,-7.93567],[111.60476,-7.93571],[111.60494,-7.93577],[111.60583,-7.93593],[111.6059,-7.93599],[111.60618,-7.93582],[111.6063,-7.93561],[111.60636,-7.93538],[111.60637,-7.93515],[111.60627,-7.93473],[111.60633,-7.93465],[111.6065,-7.93463],[111.60733,-7.93527],[111.60795,-7.93594],[111.60822,-7.93609],[111.60836,-7.93608],[111.60853,-7.93614],[111.60909,-7.93588],[111.611,-7.93588],[111.61107,-7.93594],[111.61115,-7.93644],[111.61125,-7.93681],[111.61118,-7.93712],[111.61119,-7.93722],[111.61132,-7.93728],[111.61153,-7.93719],[111.6117,-7.93705],[111.6119,-7.93669],[111.61248,-7.93669],[111.61248,-7.93587],[111.6133,-7.93587],[111.6133,-7.93669],[111.61373,-7.93669],[111.61186,-7.93739],[111.61187,-7.93954],[111.61367,-7.94169],[111.6134,-7.9425],[111.61228,-7.94193],[111.61144,-7.94028],[111.60978,-7.93944],[111.60895,-7.93944],[111.60896,-7.94027],[111.61002,-7.94299],[111.60434,-7.94396],[111.60398,-7.94442],[111.60066,-7.9469],[111.59765,-7.94467],[111.5953,-7.94502],[111.59485,-7.94442],[111.59329,-7.94567],[111.59233,-7.94518],[111.59225,-7.94519],[111.59207,-7.94538],[111.59181,-7.94527],[111.59148,-7.9458],[111.5914,-7.94607],[111.59138,-7.94631],[111.59063,-7.94677],[111.58991,-7.94741],[111.58966,-7.94811],[111.5888,-7.94829],[111.58878,-7.94857],[111.5888,-7.94942],[111.58897,-7.94963],[111.58878,-7.95017],[111.5888,-7.95079],[111.589,-7.95143],[111.5897,-7.95142],[111.59,-7.95159],[111.59058,-7.95206],[111.59096,-7.95208],[111.59141,-7.95231],[111.59137,-7.95251],[111.59113,-7.95292],[111.59098,-7.95337],[111.59083,-7.95335],[111.59078,-7.95344],[111.59074,-7.95363],[111.59075,-7.95377],[111.5906,-7.95374],[111.59027,-7.95375],[111.5901,-7.95371],[111.5899,-7.95375],[111.58958,-7.95377],[111.5893,-7.95369],[111.58929,-7.95385],[111.58914,-7.95403],[111.58903,-7.95424],[111.58892,-7.95451],[111.58892,-7.95461],[111.58865,-7.95504],[111.58849,-7.95516],[111.58836,-7.95536],[111.58825,-7.95545],[111.58796,-7.95556],[111.58778,-7.95555],[111.5871,-7.95571],[111.58704,-7.95579],[111.58698,-7.9558],[111.58676,-7.95595],[111.5867,-7.95595],[111.58658,-7.95584],[111.58574,-7.95592],[111.58581,-7.95668],[111.58635,-7.95936],[111.58969,-7.96052],[111.58985,-7.96156],[111.59079,-7.96189],[111.59094,-7.9629],[111.59051,-7.963],[111.59019,-7.96312],[111.5906,-7.96324],[111.59095,-7.96319],[111.5911,-7.96357],[111.59136,-7.96379],[111.59168,-7.96397],[111.59201,-7.96437],[111.59205,-7.96454],[111.59145,-7.96502],[111.59137,-7.96517],[111.59145,-7.96541],[111.59135,-7.96603],[111.59087,-7.96632],[111.5905,-7.96725],[111.58961,-7.96652],[111.58973,-7.96623],[111.59017,-7.96589],[111.59025,-7.96519],[111.5901,-7.96462],[111.58998,-7.96396],[111.58985,-7.96385],[111.58964,-7.96381],[111.58944,-7.96385],[111.58929,-7.96396],[111.5892,-7.96418],[111.58915,-7.96422],[111.58907,-7.96424],[111.58885,-7.96417],[111.58879,-7.96419],[111.58868,-7.9646],[111.58861,-7.96545],[111.58838,-7.96614],[111.58811,-7.9667],[111.5877,-7.96811],[111.58754,-7.96841],[111.58748,-7.9691],[111.58633,-7.96876],[111.58626,-7.96869],[111.58651,-7.96847],[111.58684,-7.9679],[111.58713,-7.96758],[111.58724,-7.96737],[111.58743,-7.96691],[111.58722,-7.96654],[111.58732,-7.96623],[111.58679,-7.96604],[111.58648,-7.96604],[111.58613,-7.96593],[111.58561,-7.96796],[111.58442,-7.96664],[111.5832,-7.96424],[111.58305,-7.96192],[111.58184,-7.96127],[111.5823,-7.96034],[111.5823,-7.95952],[111.58067,-7.95953],[111.58066,-7.95627],[111.58148,-7.95627],[111.58148,-7.95464],[111.5823,-7.95464],[111.5812,-7.95247],[111.57984,-7.9522],[111.57903,-7.9522],[111.57902,-7.95139],[111.57821,-7.95139],[111.57821,-7.94976],[111.57739,-7.94976],[111.57739,-7.94813],[111.5782,-7.94813],[111.5782,-7.9465],[111.57902,-7.9465],[111.57929,-7.94352],[111.57983,-7.94243],[111.57955,-7.94108],[111.57901,-7.93999],[111.57901,-7.93918],[111.57737,-7.93918],[111.57737,-7.93893],[111.57796,-7.93834],[111.57654,-7.93637],[111.57542,-7.93637],[111.57288,-7.9375],[111.56979,-7.93779],[111.56809,-7.93695],[111.56796,-7.93624],[111.57002,-7.93675],[111.57002,-7.93593],[111.57084,-7.93593],[111.57084,-7.93512],[111.57247,-7.93512],[111.57247,-7.93593],[111.5741,-7.93593],[111.5741,-7.93511],[111.57492,-7.93511],[111.57492,-7.9343],[111.57573,-7.9343],[111.57573,-7.93348],[111.57655,-7.93348],[111.57655,-7.93267],[111.57818,-7.93267],[111.57818,-7.93185],[111.579,-7.93185],[111.579,-7.93104],[111.57981,-7.93104],[111.57981,-7.93022],[111.58308,-7.93022],[111.58308,-7.93103],[111.58553,-7.93103],[111.58553,-7.93184],[111.58635,-7.93184],[111.58635,-7.93265],[111.58716,-7.93265],[111.58716,-7.93347],[111.5888,-7.93346],[111.5888,-7.93265]],[[111.58783,-7.93792],[111.58797,-7.93684],[111.58818,-7.93631],[111.58757,-7.9357],[111.587,-7.93503],[111.58658,-7.93464],[111.58501,-7.93386],[111.5839,-7.93358],[111.58269,-7.93358],[111.58208,-7.93443],[111.58332,-7.93523],[111.58479,-7.9366],[111.58517,-7.93764],[111.58521,-7.93802],[111.58611,-7.93814],[111.58675,-7.93796],[111.58784,-7.9381],[111.58783,-7.93792]],[[111.58766,-7.96415],[111.58773,-7.96413],[111.58799,-7.96352],[111.58809,-7.96283],[111.58686,-7.96267],[111.58692,-7.9636],[111.58675,-7.96406],[111.58739,-7.96423],[111.58761,-7.96437],[111.58766,-7.96415]]]}},{"type":"Feature","properties":{"bpdashl":"SOLO","klas_erosi":"> 180 - 480 Ton/Ha/Tahun","_cls":"> 180 - 480 Ton/Ha/Tahun"},"geometry":{"type":"MultiPolygon","coordinates":[[[[111.56809,-7.92439],[111.56756,-7.92463],[111.56756,-7.92413],[111.56761,-7.92413],[111.56809,-7.92439]]],[[[111.56892,-7.924],[111.56811,-7.92438],[111.56796,-7.92409],[111.56771,-7.92389],[111.5677,-7.92378],[111.56772,-7.92373],[111.56837,-7.92372],[111.56837,-7.92311],[111.56846,-7.92291],[111.56941,-7.92291],[111.56892,-7.924]]]]}},{"type":"Feature","properties":{"bpdashl":"SOLO","klas_erosi":"> 180 - 480 Ton/Ha/Tahun","_cls":"> 180 - 480 Ton/Ha/Tahun"},"geometry":{"type":"Polygon","coordinates":[[[111.57216,-7.92128],[111.57163,-7.92128],[111.57163,-7.92209],[111.57,-7.92209],[111.57,-7.92291],[111.56941,-7.92291],[111.56986,-7.9219],[111.57031,-7.92177],[111.57053,-7.92152],[111.57058,-7.92139],[111.57095,-7.92101],[111.57099,-7.92078],[111.57096,-7.9207],[111.57056,-7.92008],[111.57049,-7.91991],[111.5706,-7.91952],[111.5707,-7.91931],[111.57068,-7.91923],[111.57082,-7.91877],[111.57091,-7.91871],[111.57128,-7.91858],[111.57154,-7.91843],[111.57185,-7.91841],[111.57194,-7.91854],[111.57208,-7.91897],[111.57179,-7.91909],[111.57154,-7.91925],[111.57156,-7.91971],[111.57173,-7.92009],[111.57203,-7.92103],[111.57216,-7.92128]]]}},{"type":"Feature","properties":{"bpdashl":"SOLO","klas_erosi":"> 480 Ton/Ha/Tahun","_cls":"> 480 Ton/Ha/Tahun"},"geometry":{"type":"Polygon","coordinates":[[[111.58874,-8.01814],[111.58892,-8.01828],[111.58892,-8.01958],[111.58908,-8.02079],[111.58764,-8.02264],[111.58719,-8.02309],[111.58648,-8.02344],[111.58647,-8.0222],[111.58539,-8.02275],[111.58484,-8.02383],[111.5859,-8.02385],[111.58549,-8.02433],[111.58527,-8.02444],[111.58337,-8.02514],[111.58303,-8.02545],[111.5829,-8.02543],[111.58274,-8.02524],[111.58237,-8.02411],[111.58206,-8.02363],[111.5819,-8.02321],[111.58152,-8.02297],[111.58125,-8.02266],[111.58111,-8.02233],[111.58174,-8.02108],[111.58076,-8.02058],[111.57994,-8.02058],[111.57994,-8.01977],[111.57912,-8.01977],[111.57912,-8.01895],[111.5773,-8.01896],[111.57719,-8.0187],[111.57717,-8.0185],[111.57799,-8.01789],[111.57903,-8.01737],[111.58007,-8.01789],[111.5813,-8.01806],[111.58199,-8.01737],[111.58337,-8.01702],[111.58421,-8.01785],[111.58425,-8.01962],[111.58512,-8.02049],[111.58687,-8.02101],[111.58791,-8.02014],[111.58874,-8.01814]]]}},{"type":"Feature","properties":{"bpdashl":"SOLO","klas_erosi":"> 480 Ton/Ha/Tahun","_cls":"> 480 Ton/Ha/Tahun"},"geometry":{"type":"Polygon","coordinates":[[[111.62524,-7.99177],[111.62526,-7.99166],[111.62524,-7.99119],[111.62568,-7.99123],[111.62655,-7.99167],[111.62586,-7.99181],[111.62524,-7.99177]]]}},{"type":"Feature","properties":{"bpdashl":"SOLO","klas_erosi":"> 480 Ton/Ha/Tahun","_cls":"> 480 Ton/Ha/Tahun"},"geometry":{"type":"Polygon","coordinates":[[[111.58071,-7.99115],[111.58071,-7.99046],[111.58313,-7.99046],[111.58071,-7.99115]]]}},{"type":"Feature","properties":{"bpdashl":"SOLO","klas_erosi":"> 480 Ton/Ha/Tahun","_cls":"> 480 Ton/Ha/Tahun"},"geometry":{"type":"Polygon","coordinates":[[[111.60357,-7.98901],[111.60328,-7.98908],[111.6029,-7.98934],[111.60242,-7.98913],[111.60127,-7.98887],[111.59971,-7.98888],[111.59866,-7.98818],[111.59788,-7.98718],[111.60112,-7.98718],[111.60113,-7.98799],[111.60194,-7.98799],[111.60194,-7.9888],[111.60357,-7.98879],[111.60357,-7.98901]]]}},{"type":"Feature","properties":{"bpdashl":"SOLO","klas_erosi":"> 480 Ton/Ha/Tahun","_cls":"> 480 Ton/Ha/Tahun"},"geometry":{"type":"Polygon","coordinates":[[[111.59786,-7.98715],[111.59758,-7.9868],[111.59746,-7.98569],[111.59785,-7.98388],[111.59786,-7.98715]]]}},{"type":"Feature","properties":{"bpdashl":"SOLO","klas_erosi":"> 480 Ton/Ha/Tahun","_cls":"> 480 Ton/Ha/Tahun"},"geometry":{"type":"Polygon","coordinates":[[[111.58067,-7.96063],[111.58305,-7.96192],[111.5832,-7.96424],[111.58442,-7.96664],[111.58633,-7.96876],[111.58748,-7.9691],[111.58737,-7.97015],[111.58724,-7.97049],[111.58612,-7.97023],[111.58616,-7.97006],[111.5859,-7.96931],[111.58592,-7.96916],[111.58558,-7.96929],[111.58477,-7.96929],[111.58476,-7.96848],[111.58352,-7.96896],[111.58068,-7.96685],[111.58007,-7.96563],[111.58068,-7.96441],[111.57823,-7.96441],[111.57741,-7.96279],[111.57795,-7.96171],[111.57904,-7.96116],[111.58067,-7.96115],[111.58067,-7.96063]]]}},{"type":"Feature","properties":{"bpdashl":"SOLO","klas_erosi":"> 480 Ton/Ha/Tahun","_cls":"> 480 Ton/Ha/Tahun"},"geometry":{"type":"Polygon","coordinates":[[[111.58783,-7.93792],[111.58784,-7.9381],[111.58675,-7.93796],[111.58611,-7.93814],[111.58521,-7.93802],[111.58517,-7.93764],[111.58479,-7.9366],[111.58332,-7.93523],[111.58208,-7.93443],[111.58269,-7.93358],[111.5839,-7.93358],[111.58501,-7.93386],[111.58658,-7.93464],[111.587,-7.93503],[111.58757,-7.9357],[111.58818,-7.93631],[111.58797,-7.93684],[111.58783,-7.93792]]]}},{"type":"Feature","properties":{"bpdashl":"SOLO","klas_erosi":"> 480 Ton/Ha/Tahun","_cls":"> 480 Ton/Ha/Tahun"},"geometry":{"type":"Polygon","coordinates":[[[111.59994,-8.00492],[111.59998,-8.00589],[111.59972,-8.00632],[111.59945,-8.0065],[111.59935,-8.00677],[111.59789,-8.00672],[111.59755,-8.00737],[111.59716,-8.00872],[111.59586,-8.00924],[111.59575,-8.00901],[111.59544,-8.00916],[111.59462,-8.00916],[111.59462,-8.01002],[111.59489,-8.01068],[111.5947,-8.01083],[111.59378,-8.01079],[111.59227,-8.0108],[111.59242,-8.01041],[111.59295,-8.00989],[111.59521,-8.00832],[111.59573,-8.00676],[111.59573,-8.00589],[111.59486,-8.00451],[111.59433,-8.00399],[111.59398,-8.00242],[111.5952,-8.00208],[111.59782,-8.00296],[111.59892,-8.00418],[111.59994,-8.00492]]]}},{"type":"Feature","properties":{"bpdashl":"SOLO","klas_erosi":"> 480 Ton/Ha/Tahun","_cls":"> 480 Ton/Ha/Tahun"},"geometry":{"type":"Polygon","coordinates":[[[111.5793,-7.99295],[111.57851,-7.99749],[111.57827,-7.99763],[111.57828,-8.00023],[111.57746,-8.00023],[111.57679,-8.0007],[111.57715,-8.00227],[111.57665,-8.00431],[111.57665,-8.00512],[111.57828,-8.00512],[111.57828,-8.0043],[111.5791,-8.0043],[111.5791,-8.00349],[111.58073,-8.00349],[111.58073,-8.00593],[111.5791,-8.00593],[111.5791,-8.00674],[111.57829,-8.00675],[111.57829,-8.00837],[111.57992,-8.00837],[111.57992,-8.00918],[111.58074,-8.00918],[111.58074,-8.01],[111.58156,-8.01],[111.584,-8.0115],[111.58407,-8.01181],[111.58372,-8.01266],[111.58233,-8.01251],[111.58128,-8.01268],[111.58024,-8.01321],[111.57902,-8.01356],[111.57815,-8.01408],[111.57749,-8.01507],[111.57641,-8.01599],[111.57536,-8.01703],[111.57503,-8.01769],[111.57503,-8.01733],[111.57395,-8.01787],[111.57361,-8.01812],[111.57297,-8.01781],[111.57281,-8.01778],[111.57258,-8.01734],[111.56972,-8.01734],[111.56879,-8.01642],[111.56689,-8.01506],[111.56377,-8.01334],[111.56066,-8.00961],[111.55967,-8.00599],[111.56115,-8.00468],[111.56347,-8.00566],[111.56463,-8.00813],[111.56814,-8.00823],[111.56777,-8.00689],[111.56649,-8.00514],[111.5662,-8.00392],[111.56649,-8.00359],[111.56806,-8.00383],[111.56958,-8.0042],[111.57236,-8.00429],[111.57452,-8.00331],[111.57533,-8.00241],[111.57638,-8.00138],[111.5768,-7.99987],[111.57704,-7.99813],[111.5769,-7.99653],[111.5759,-7.99545],[111.57447,-7.99455],[111.5749,-7.99342],[111.57595,-7.99243],[111.57599,-7.99079],[111.575,-7.99017],[111.57333,-7.99102],[111.57243,-7.99112],[111.57167,-7.9897],[111.57124,-7.98909],[111.56905,-7.98756],[111.5669,-7.98426],[111.56756,-7.98146],[111.56822,-7.98063],[111.56937,-7.97717],[111.56922,-7.97501],[111.56926,-7.97501],[111.56976,-7.97532],[111.57039,-7.98121],[111.57147,-7.98187],[111.57226,-7.98439],[111.57091,-7.98722],[111.57254,-7.98803],[111.57336,-7.98803],[111.57336,-7.98721],[111.57417,-7.98721],[111.57417,-7.9864],[111.57548,-7.98704],[111.57608,-7.98586],[111.57826,-7.98558],[111.57825,-7.98477],[111.5807,-7.98476],[111.58071,-7.98639],[111.57907,-7.98639],[111.57788,-7.98742],[111.57989,-7.98802],[111.58071,-7.98802],[111.58071,-7.98883],[111.57989,-7.98883],[111.57989,-7.98965],[111.57826,-7.99209],[111.57827,-7.99291],[111.57908,-7.9929],[111.5793,-7.99295]],[[111.57502,-8.00594],[111.57257,-8.00594],[111.57257,-8.00675],[111.57012,-8.00676],[111.57012,-8.00757],[111.5693,-8.00757],[111.56931,-8.01001],[111.56963,-8.0107],[111.57053,-8.01019],[111.57208,-8.01107],[111.57307,-8.00895],[111.57474,-8.00991],[111.57502,-8.00756],[111.57584,-8.00756],[111.57584,-8.00675],[111.57502,-8.00675],[111.57502,-8.00594]]]}},{"type":"Feature","properties":{"bpdashl":"SOLO","klas_erosi":"> 480 Ton/Ha/Tahun","_cls":"> 480 Ton/Ha/Tahun"},"geometry":{"type":"Polygon","coordinates":[[[111.58326,-7.9758],[111.58271,-7.97825],[111.58233,-7.97825],[111.58233,-7.97743],[111.58205,-7.97608],[111.58151,-7.97499],[111.58151,-7.97418],[111.58314,-7.97418],[111.58314,-7.9758],[111.58326,-7.9758]]]}},{"type":"Feature","properties":{"bpdashl":"SOLO","klas_erosi":"> 480 Ton/Ha/Tahun","_cls":"> 480 Ton/Ha/Tahun"},"geometry":{"type":"Polygon","coordinates":[[[111.60178,-7.99728],[111.60124,-7.99816],[111.60083,-7.99841],[111.60077,-7.99872],[111.60097,-7.99908],[111.60125,-7.99942],[111.6009,-7.99985],[111.59937,-7.99964],[111.59815,-7.99843],[111.59693,-7.99617],[111.59322,-7.99503],[111.59318,-7.99525],[111.59417,-7.99953],[111.59184,-8.00303],[111.59153,-8.00435],[111.59032,-8.00521],[111.58876,-8.00625],[111.5872,-8.00712],[111.5865,-8.00973],[111.58406,-8.00973],[111.5839,-8.01089],[111.58192,-8.00726],[111.58237,-8.0043],[111.58236,-8.00348],[111.58318,-8.00348],[111.58318,-8.00267],[111.584,-8.00267],[111.58399,-8.00104],[111.58454,-7.99995],[111.58481,-7.99778],[111.58481,-7.99697],[111.58562,-7.99697],[111.58807,-7.99859],[111.58836,-7.9963],[111.5893,-7.99675],[111.59052,-7.99614],[111.59052,-7.99533],[111.58807,-7.99533],[111.58807,-7.99371],[111.58562,-7.99371],[111.58561,-7.99127],[111.5848,-7.99127],[111.58479,-7.98883],[111.58406,-7.98883],[111.58398,-7.98901],[111.58398,-7.98801],[111.58436,-7.98746],[111.58643,-7.98882],[111.58724,-7.98882],[111.58594,-7.98686],[111.58561,-7.98557],[111.5856,-7.98476],[111.58479,-7.98476],[111.58478,-7.9815],[111.58315,-7.9815],[111.58315,-7.97906],[111.58641,-7.97906],[111.58641,-7.97987],[111.58713,-7.97987],[111.58734,-7.97975],[111.58724,-7.9815],[111.5905,-7.98149],[111.59049,-7.97661],[111.58968,-7.97661],[111.58967,-7.97498],[111.58641,-7.97499],[111.5864,-7.97336],[111.58943,-7.97284],[111.5892,-7.97132],[111.58944,-7.96969],[111.58887,-7.96946],[111.58988,-7.96946],[111.59298,-7.96993],[111.59227,-7.97135],[111.5937,-7.97349],[111.59585,-7.97444],[111.5965,-7.97607],[111.59447,-7.97638],[111.59447,-7.97829],[111.59499,-7.97933],[111.59482,-7.98038],[111.59447,-7.98142],[111.5943,-7.98263],[111.59361,-7.9835],[111.59229,-7.98432],[111.591,-7.98507],[111.59135,-7.98628],[111.59291,-7.98784],[111.59393,-7.98936],[111.59535,-7.9901],[111.59744,-7.99027],[111.59954,-7.992],[111.59989,-7.99339],[111.60129,-7.99669],[111.60124,-7.99726],[111.60178,-7.99728]]]}},{"type":"Feature","properties":{"bpdashl":"SOLO","klas_erosi":"> 480 Ton/Ha/Tahun","_cls":"> 480 Ton/Ha/Tahun"},"geometry":{"type":"Polygon","coordinates":[[[111.56796,-7.93624],[111.56809,-7.93695],[111.56979,-7.93779],[111.57288,-7.9375],[111.57542,-7.93637],[111.57654,-7.93637],[111.57796,-7.93834],[111.57737,-7.93893],[111.57737,-7.93837],[111.57492,-7.93837],[111.57492,-7.93918],[111.57247,-7.93919],[111.57247,-7.93837],[111.57166,-7.93837],[111.57166,-7.93919],[111.57084,-7.93919],[111.57084,-7.94],[111.57166,-7.94],[111.57166,-7.94082],[111.57084,-7.94082],[111.57085,-7.94163],[111.56921,-7.94163],[111.56921,-7.94245],[111.5684,-7.94245],[111.5684,-7.94408],[111.56758,-7.94408],[111.56758,-7.94489],[111.56677,-7.94489],[111.56677,-7.94571],[111.56269,-7.94571],[111.56269,-7.94734],[111.56187,-7.94734],[111.56187,-7.94816],[111.55942,-7.94816],[111.55943,-7.9506],[111.55861,-7.9506],[111.55861,-7.95304],[111.55748,-7.95305],[111.55728,-7.95276],[111.55535,-7.9523],[111.55535,-7.95223],[111.55126,-7.95224],[111.55126,-7.95305],[111.55022,-7.95357],[111.54936,-7.95199],[111.55006,-7.95141],[111.55154,-7.95077],[111.55304,-7.95034],[111.55474,-7.9514],[111.55624,-7.95119],[111.55682,-7.9506],[111.55698,-7.9506],[111.55698,-7.95045],[111.5573,-7.95012],[111.55836,-7.94927],[111.55921,-7.94778],[111.56007,-7.94587],[111.56006,-7.94417],[111.56155,-7.94395],[111.56411,-7.94374],[111.56581,-7.94267],[111.56581,-7.94119],[111.56411,-7.94098],[111.56049,-7.94141],[111.55856,-7.94205],[111.5575,-7.94354],[111.55772,-7.94523],[111.5573,-7.94627],[111.55534,-7.94708],[111.55534,-7.94654],[111.55485,-7.94462],[111.55159,-7.94544],[111.55125,-7.9441],[111.55234,-7.94356],[111.55587,-7.94301],[111.55615,-7.94246],[111.55615,-7.94165],[111.55778,-7.94165],[111.55778,-7.94083],[111.5586,-7.94083],[111.55859,-7.93839],[111.55941,-7.93839],[111.56104,-7.93757],[111.56186,-7.93757],[111.56186,-7.93676],[111.56349,-7.93676],[111.56349,-7.93594],[111.56186,-7.93594],[111.56185,-7.93432],[111.5643,-7.93431],[111.5643,-7.9335],[111.56539,-7.93404],[111.56594,-7.93512],[111.56675,-7.93512],[111.56675,-7.93594],[111.56796,-7.93624]]]}},{"type":"Feature","properties":{"bpdashl":"SOLO","klas_erosi":"> 480 Ton/Ha/Tahun","_cls":"> 480 Ton/Ha/Tahun"},"geometry":{"type":"MultiPolygon","coordinates":[[[[111.6261,-7.95016],[111.62594,-7.9502],[111.62572,-7.95001],[111.62615,-7.94976],[111.6261,-7.95016]]],[[[111.61493,-7.93706],[111.61493,-7.93831],[111.61575,-7.93831],[111.61575,-7.9375],[111.61902,-7.93749],[111.61902,-7.93739],[111.61915,-7.9374],[111.6193,-7.93746],[111.61943,-7.93755],[111.61979,-7.9379],[111.6199,-7.93806],[111.62006,-7.93815],[111.6205,-7.93803],[111.62068,-7.93803],[111.62077,-7.93812],[111.62086,-7.93838],[111.62102,-7.93854],[111.62126,-7.93858],[111.62155,-7.93857],[111.62201,-7.93842],[111.62215,-7.93843],[111.62258,-7.93864],[111.62263,-7.93867],[111.62266,-7.93878],[111.62259,-7.93898],[111.62258,-7.9393],[111.62266,-7.9395],[111.62273,-7.93957],[111.62295,-7.93969],[111.62326,-7.93983],[111.62385,-7.93998],[111.62392,-7.94007],[111.62392,-7.94019],[111.62402,-7.94048],[111.62433,-7.94056],[111.62451,-7.94057],[111.62464,-7.94051],[111.62476,-7.94041],[111.62486,-7.94042],[111.62493,-7.94044],[111.62499,-7.94051],[111.62514,-7.94053],[111.62531,-7.94068],[111.62536,-7.94083],[111.62536,-7.94097],[111.62554,-7.94106],[111.62563,-7.94125],[111.62565,-7.94144],[111.62554,-7.94155],[111.62555,-7.94174],[111.62562,-7.94181],[111.62565,-7.9421],[111.62575,-7.94237],[111.62584,-7.94241],[111.62586,-7.94248],[111.62592,-7.9425],[111.62596,-7.94257],[111.626,-7.94271],[111.62599,-7.94287],[111.62589,-7.94297],[111.62587,-7.94304],[111.62566,-7.94337],[111.62562,-7.94339],[111.62543,-7.94334],[111.62532,-7.94338],[111.62533,-7.94366],[111.62523,-7.94382],[111.62493,-7.94389],[111.62495,-7.94399],[111.62474,-7.944],[111.62474,-7.94418],[111.62457,-7.9442],[111.6245,-7.94424],[111.62447,-7.94434],[111.62447,-7.9447],[111.62429,-7.94486],[111.62419,-7.94502],[111.62423,-7.94513],[111.62441,-7.94542],[111.62459,-7.94551],[111.62474,-7.94549],[111.62474,-7.94562],[111.62066,-7.94563],[111.62066,-7.94482],[111.61986,-7.94482],[111.61892,-7.94608],[111.61833,-7.94726],[111.61903,-7.94726],[111.61903,-7.94807],[111.61985,-7.94807],[111.61985,-7.94889],[111.6223,-7.94888],[111.6223,-7.9497],[111.62475,-7.94969],[111.62507,-7.95038],[111.62555,-7.95011],[111.62554,-7.95027],[111.62549,-7.95041],[111.62574,-7.95062],[111.62576,-7.9507],[111.62574,-7.95079],[111.62563,-7.95086],[111.62553,-7.95087],[111.6254,-7.95106],[111.62542,-7.9511],[111.62561,-7.95123],[111.62581,-7.95131],[111.62597,-7.95135],[111.62617,-7.95132],[111.62625,-7.95134],[111.62632,-7.9514],[111.62642,-7.95167],[111.62628,-7.9519],[111.62633,-7.95195],[111.62632,-7.95233],[111.62606,-7.95253],[111.62607,-7.95279],[111.62612,-7.95298],[111.62607,-7.95325],[111.62581,-7.9535],[111.62572,-7.95381],[111.62574,-7.95394],[111.62586,-7.95411],[111.6258,-7.95437],[111.62585,-7.95448],[111.62588,-7.95494],[111.62583,-7.955],[111.62589,-7.95521],[111.62605,-7.95521],[111.62614,-7.95525],[111.62618,-7.95528],[111.62619,-7.95535],[111.62636,-7.95544],[111.62642,-7.95556],[111.62643,-7.95581],[111.62656,-7.956],[111.62659,-7.95612],[111.6269,-7.95618],[111.62736,-7.95657],[111.62753,-7.95685],[111.62754,-7.95768],[111.6278,-7.95767],[111.62797,-7.95793],[111.62816,-7.95854],[111.62823,-7.95861],[111.62838,-7.95856],[111.62851,-7.95857],[111.62877,-7.95841],[111.62896,-7.95842],[111.62929,-7.9586],[111.62938,-7.95872],[111.62963,-7.95803],[111.62977,-7.95815],[111.63005,-7.95817],[111.63006,-7.95794],[111.62999,-7.95783],[111.63003,-7.95772],[111.63051,-7.95775],[111.63081,-7.9577],[111.63119,-7.95774],[111.63129,-7.9578],[111.63145,-7.95775],[111.63161,-7.95781],[111.63165,-7.95819],[111.63183,-7.95815],[111.63202,-7.95822],[111.6326,-7.95814],[111.63273,-7.95807],[111.63281,-7.95795],[111.63279,-7.95784],[111.63297,-7.95769],[111.63346,-7.95707],[111.63364,-7.95697],[111.63396,-7.95689],[111.63413,-7.95676],[111.63468,-7.95624],[111.63481,-7.95605],[111.63495,-7.95592],[111.63511,-7.95588],[111.63581,-7.95587],[111.63604,-7.95596],[111.63673,-7.95634],[111.63753,-7.95685],[111.63824,-7.95697],[111.63841,-7.95696],[111.63856,-7.9569],[111.63864,-7.95691],[111.63864,-7.957],[111.63888,-7.957],[111.63873,-7.95743],[111.63872,-7.95757],[111.63871,-7.95778],[111.63883,-7.95831],[111.63881,-7.95861],[111.63901,-7.95874],[111.6392,-7.95905],[111.63932,-7.95916],[111.63935,-7.9593],[111.63951,-7.95944],[111.63951,-7.95967],[111.63956,-7.95975],[111.63966,-7.9598],[111.64007,-7.95987],[111.64035,-7.96009],[111.64072,-7.96018],[111.64094,-7.96026],[111.64123,-7.96073],[111.64131,-7.96081],[111.64142,-7.96081],[111.64148,-7.96077],[111.64162,-7.96054],[111.64169,-7.96052],[111.64182,-7.96057],[111.64202,-7.96077],[111.64248,-7.96101],[111.6426,-7.961],[111.64275,-7.96086],[111.64282,-7.96085],[111.64295,-7.96093],[111.64308,-7.96091],[111.64314,-7.96087],[111.64321,-7.96071],[111.64321,-7.96017],[111.64328,-7.96011],[111.64348,-7.96014],[111.64405,-7.96043],[111.64422,-7.96046],[111.64434,-7.96042],[111.64441,-7.96026],[111.64448,-7.96023],[111.64459,-7.96026],[111.64831,-7.96014],[111.64837,-7.96037],[111.64878,-7.96081],[111.64926,-7.96105],[111.64763,-7.96106],[111.64763,-7.96187],[111.64878,-7.96187],[111.64883,-7.96371],[111.64818,-7.96404],[111.646,-7.96431],[111.64601,-7.96594],[111.64764,-7.96594],[111.64764,-7.96757],[111.64519,-7.96757],[111.64521,-7.96833],[111.64443,-7.96815],[111.64388,-7.96773],[111.64358,-7.9678],[111.64356,-7.96676],[111.64111,-7.96676],[111.64111,-7.96758],[111.64151,-7.96838],[111.64156,-7.96887],[111.64161,-7.96897],[111.64046,-7.96953],[111.64105,-7.97076],[111.64148,-7.97072],[111.64144,-7.97087],[111.64131,-7.97109],[111.64093,-7.97156],[111.64015,-7.97292],[111.63984,-7.97333],[111.63973,-7.97324],[111.63966,-7.97328],[111.63622,-7.97328],[111.63622,-7.97247],[111.63377,-7.97247],[111.63377,-7.97329],[111.63295,-7.97329],[111.63078,-7.97302],[111.62968,-7.97248],[111.62968,-7.97085],[111.62805,-7.97085],[111.62805,-7.97004],[111.62723,-7.97004],[111.62723,-7.96923],[111.62641,-7.96923],[111.62605,-7.97103],[111.62478,-7.97167],[111.62478,-7.97086],[111.62315,-7.97086],[111.62315,-7.97168],[111.61988,-7.97168],[111.61989,-7.97412],[111.61907,-7.97412],[111.61908,-7.97901],[111.61744,-7.97901],[111.61745,-7.98145],[111.61663,-7.98145],[111.61663,-7.98227],[111.61582,-7.98227],[111.61581,-7.98064],[111.61336,-7.98064],[111.61336,-7.97739],[111.61091,-7.97739],[111.61091,-7.97983],[111.61173,-7.97983],[111.61173,-7.98065],[111.61227,-7.98173],[111.61255,-7.98309],[111.61255,-7.98382],[111.61252,-7.9839],[111.61174,-7.9839],[111.61174,-7.98592],[111.61196,-7.98625],[111.61173,-7.98653],[111.61113,-7.98622],[111.61038,-7.98607],[111.60929,-7.98553],[111.60874,-7.98445],[111.60847,-7.98228],[111.60683,-7.98228],[111.60683,-7.98065],[111.60601,-7.98066],[111.60601,-7.97903],[111.60683,-7.97903],[111.60683,-7.97821],[111.60944,-7.97788],[111.61118,-7.97441],[111.61172,-7.97413],[111.61172,-7.97251],[111.61253,-7.97251],[111.61253,-7.97169],[111.61335,-7.97169],[111.61335,-7.9725],[111.61417,-7.9725],[111.61417,-7.97332],[111.61499,-7.97332],[111.61499,-7.97413],[111.6158,-7.97413],[111.6158,-7.9725],[111.61662,-7.9725],[111.61662,-7.97169],[111.61743,-7.97168],[111.61743,-7.96924],[111.61906,-7.96924],[111.61906,-7.96843],[111.61988,-7.96842],[111.61988,-7.9668],[111.62069,-7.96679],[111.62069,-7.96517],[111.61987,-7.96517],[111.61987,-7.96354],[111.62395,-7.96353],[111.62395,-7.96435],[111.62722,-7.96434],[111.62722,-7.9619],[111.62558,-7.9619],[111.62558,-7.95946],[111.62476,-7.95946],[111.62476,-7.95621],[111.62394,-7.95621],[111.62394,-7.95539],[111.62068,-7.9554],[111.62067,-7.95458],[111.61904,-7.95459],[111.61904,-7.95133],[111.6174,-7.95133],[111.6174,-7.95215],[111.61577,-7.95215],[111.61495,-7.95215],[111.61332,-7.95134],[111.61332,-7.95215],[111.6125,-7.95215],[111.61251,-7.95378],[111.61087,-7.95378],[111.61087,-7.95216],[111.61005,-7.95216],[111.61006,-7.95297],[111.60924,-7.95297],[111.60924,-7.95379],[111.60516,-7.95379],[111.60516,-7.95298],[111.60352,-7.95298],[111.60353,-7.95705],[111.6019,-7.95705],[111.6019,-7.95787],[111.60353,-7.95787],[111.60562,-7.95735],[111.60631,-7.95834],[111.6068,-7.95867],[111.60742,-7.95971],[111.61036,-7.9587],[111.60925,-7.96111],[111.60925,-7.96193],[111.60844,-7.96193],[111.60844,-7.96274],[111.60599,-7.96275],[111.60599,-7.96356],[111.60681,-7.96356],[111.60681,-7.96519],[111.60517,-7.96519],[111.60518,-7.96763],[111.60844,-7.96763],[111.60844,-7.96681],[111.61171,-7.96681],[111.61171,-7.96762],[111.61253,-7.96762],[111.61253,-7.97006],[111.6109,-7.97007],[111.6109,-7.97169],[111.61008,-7.97169],[111.61008,-7.97088],[111.60927,-7.97088],[111.60927,-7.97332],[111.60845,-7.97333],[111.60845,-7.97414],[111.606,-7.97414],[111.60542,-7.97437],[111.60496,-7.97554],[111.60333,-7.97618],[111.60496,-7.97682],[111.60519,-7.97821],[111.6052,-7.97903],[111.60377,-7.97882],[111.60223,-7.97732],[111.60172,-7.97883],[111.59948,-7.97904],[111.59948,-7.98148],[111.59867,-7.98148],[111.59867,-7.98311],[111.59802,-7.98311],[111.59943,-7.97664],[111.60075,-7.97515],[111.60172,-7.97522],[111.60085,-7.97253],[111.60109,-7.97134],[111.60228,-7.96991],[111.60299,-7.96849],[111.60299,-7.96682],[111.60132,-7.96564],[111.60091,-7.9641],[111.59821,-7.96291],[111.59785,-7.96112],[111.60001,-7.95896],[111.60216,-7.95392],[111.60252,-7.95213],[111.6054,-7.95212],[111.60941,-7.95206],[111.6108,-7.95032],[111.6126,-7.94708],[111.61259,-7.94493],[111.61367,-7.94169],[111.61187,-7.93954],[111.61186,-7.93739],[111.61373,-7.93669],[111.61417,-7.93668],[111.61435,-7.93681],[111.61493,-7.93706]],[[111.61331,-7.94727],[111.61332,-7.94808],[111.61495,-7.94808],[111.61495,-7.94889],[111.61658,-7.94889],[111.61658,-7.94808],[111.61821,-7.94808],[111.61821,-7.948],[111.6169,-7.94753],[111.61518,-7.94624],[111.6156,-7.94442],[111.6156,-7.94359],[111.61476,-7.94359],[111.61456,-7.9432],[111.61412,-7.9432],[111.61413,-7.94727],[111.61331,-7.94727]],[[111.63539,-7.96352],[111.63539,-7.96433],[111.63375,-7.96433],[111.63375,-7.96352],[111.63212,-7.96352],[111.63261,-7.96555],[111.63245,-7.96637],[111.63332,-7.9707],[111.63458,-7.9684],[111.63458,-7.96759],[111.63539,-7.96759],[111.63539,-7.96596],[111.63866,-7.96595],[111.63865,-7.96514],[111.63702,-7.96514],[111.63702,-7.96351],[111.63539,-7.96352]]]]}},{"type":"Feature","properties":{"bpdashl":"SOLO","klas_erosi":"> 480 Ton/Ha/Tahun","_cls":"> 480 Ton/Ha/Tahun"},"geometry":{"type":"MultiPolygon","coordinates":[[[[111.55123,-7.92863],[111.55077,-7.92863],[111.55077,-7.92859],[111.55079,-7.92854],[111.5509,-7.92852],[111.55123,-7.92863]]],[[[111.56658,-7.92359],[111.56663,-7.92367],[111.56671,-7.92396],[111.56687,-7.92409],[111.56731,-7.92422],[111.56756,-7.92413],[111.56756,-7.92463],[111.56525,-7.9257],[111.55989,-7.92655],[111.55933,-7.92796],[111.55962,-7.92907],[111.55625,-7.93115],[111.55477,-7.93134],[111.55369,-7.93351],[111.55517,-7.93381],[111.55451,-7.93514],[111.55206,-7.93514],[111.55169,-7.93385],[111.54879,-7.93433],[111.54922,-7.93364],[111.54948,-7.93349],[111.54945,-7.93345],[111.55256,-7.93239],[111.55368,-7.93026],[111.55368,-7.92944],[111.55286,-7.92944],[111.55286,-7.92863],[111.55176,-7.92863],[111.55178,-7.92845],[111.55173,-7.92839],[111.55159,-7.92831],[111.55147,-7.92818],[111.55143,-7.928],[111.55154,-7.92785],[111.55164,-7.92781],[111.55179,-7.9279],[111.55196,-7.92791],[111.55214,-7.92742],[111.55214,-7.92726],[111.55208,-7.92712],[111.55182,-7.92692],[111.55177,-7.92678],[111.55179,-7.9266],[111.55192,-7.9264],[111.55218,-7.92617],[111.55248,-7.92619],[111.55306,-7.92634],[111.55345,-7.92635],[111.55375,-7.9263],[111.55427,-7.92613],[111.55449,-7.92612],[111.55449,-7.92619],[111.5548,-7.92618],[111.55492,-7.92628],[111.55505,-7.92648],[111.55514,-7.92686],[111.55524,-7.92707],[111.55539,-7.92714],[111.55578,-7.92713],[111.55613,-7.92696],[111.55613,-7.927],[111.55776,-7.927],[111.55776,-7.92618],[111.55858,-7.92618],[111.55858,-7.92533],[111.55867,-7.92518],[111.55896,-7.92496],[111.55921,-7.92494],[111.55941,-7.92497],[111.55983,-7.92515],[111.56026,-7.92547],[111.56062,-7.92568],[111.56105,-7.92572],[111.56123,-7.92567],[111.56135,-7.92557],[111.56164,-7.92519],[111.56195,-7.92519],[111.56225,-7.92528],[111.56236,-7.92529],[111.56282,-7.92514],[111.56299,-7.92498],[111.56311,-7.92474],[111.56325,-7.92464],[111.56344,-7.92458],[111.56378,-7.92452],[111.56386,-7.92447],[111.56413,-7.92407],[111.56426,-7.92397],[111.56443,-7.92398],[111.56478,-7.92413],[111.56498,-7.92417],[111.56504,-7.92413],[111.5651,-7.924],[111.56501,-7.92378],[111.56516,-7.9237],[111.56558,-7.92379],[111.56579,-7.92365],[111.56616,-7.92365],[111.56634,-7.92352],[111.56648,-7.92352],[111.56658,-7.92359]]],[[[111.56837,-7.92372],[111.56772,-7.92373],[111.56782,-7.92361],[111.56821,-7.92336],[111.56837,-7.92311],[111.56837,-7.92372]]],[[[111.56941,-7.92291],[111.56846,-7.92291],[111.56851,-7.92281],[111.56866,-7.92265],[111.5689,-7.92246],[111.56986,-7.9219],[111.56941,-7.92291]]],[[[111.5706,-7.91952],[111.57049,-7.91991],[111.57049,-7.91977],[111.5706,-7.91952]]],[[[111.57082,-7.91877],[111.57068,-7.91923],[111.57066,-7.91906],[111.57082,-7.91877]]]]}},{"type":"Feature","properties":{"bpdashl":"SOLO","klas_erosi":"> 60 - 180 Ton/Ha/Tahun","_cls":"> 60 - 180 Ton/Ha/Tahun"},"geometry":{"type":"Polygon","coordinates":[[[111.6134,-7.9425],[111.61259,-7.94493],[111.6126,-7.94708],[111.6108,-7.95032],[111.60941,-7.95206],[111.6054,-7.95212],[111.60252,-7.95213],[111.60216,-7.95392],[111.60001,-7.95896],[111.59785,-7.96112],[111.59821,-7.96291],[111.60091,-7.9641],[111.60132,-7.96564],[111.60299,-7.96682],[111.60299,-7.96849],[111.60228,-7.96991],[111.60109,-7.97134],[111.60085,-7.97253],[111.60172,-7.97522],[111.60075,-7.97515],[111.59943,-7.97664],[111.59746,-7.98569],[111.59758,-7.9868],[111.59866,-7.98818],[111.59971,-7.98888],[111.60127,-7.98887],[111.60242,-7.98913],[111.6029,-7.98934],[111.60272,-7.99034],[111.60269,-7.99075],[111.60256,-7.99113],[111.60264,-7.9915],[111.60295,-7.99181],[111.60304,-7.99225],[111.60297,-7.99298],[111.60278,-7.99327],[111.60263,-7.99362],[111.60263,-7.99372],[111.60195,-7.99369],[111.60195,-7.99489],[111.60205,-7.99544],[111.60178,-7.99593],[111.60179,-7.99638],[111.60197,-7.99698],[111.60178,-7.99728],[111.60124,-7.99726],[111.60129,-7.99669],[111.59989,-7.99339],[111.59954,-7.992],[111.59744,-7.99027],[111.59535,-7.9901],[111.59393,-7.98936],[111.59291,-7.98784],[111.59135,-7.98628],[111.591,-7.98507],[111.59229,-7.98432],[111.59361,-7.9835],[111.5943,-7.98263],[111.59447,-7.98142],[111.59482,-7.98038],[111.59499,-7.97933],[111.59447,-7.97829],[111.59447,-7.97638],[111.5965,-7.97607],[111.59585,-7.97444],[111.5937,-7.97349],[111.59227,-7.97135],[111.59298,-7.96993],[111.58988,-7.96946],[111.58869,-7.96946],[111.58748,-7.9691],[111.58754,-7.96841],[111.5877,-7.96811],[111.58811,-7.9667],[111.58838,-7.96614],[111.58861,-7.96545],[111.58868,-7.9646],[111.58879,-7.96419],[111.58885,-7.96417],[111.58907,-7.96424],[111.58915,-7.96422],[111.5892,-7.96418],[111.58929,-7.96396],[111.58944,-7.96385],[111.58964,-7.96381],[111.58985,-7.96385],[111.58998,-7.96396],[111.5901,-7.96462],[111.59025,-7.96519],[111.59017,-7.96589],[111.58973,-7.96623],[111.58961,-7.96652],[111.5905,-7.96725],[111.59087,-7.96632],[111.59135,-7.96603],[111.59145,-7.96541],[111.59137,-7.96517],[111.59145,-7.96502],[111.59205,-7.96454],[111.59201,-7.96437],[111.59168,-7.96397],[111.59136,-7.96379],[111.5911,-7.96357],[111.59095,-7.96319],[111.5906,-7.96324],[111.59019,-7.96312],[111.59051,-7.963],[111.59094,-7.9629],[111.59079,-7.96189],[111.58985,-7.96156],[111.58969,-7.96052],[111.58635,-7.95936],[111.58581,-7.95668],[111.58574,-7.95592],[111.58658,-7.95584],[111.5867,-7.95595],[111.58676,-7.95595],[111.58698,-7.9558],[111.58704,-7.95579],[111.5871,-7.95571],[111.58778,-7.95555],[111.58796,-7.95556],[111.58813,-7.95551],[111.58829,-7.95542],[111.58849,-7.95516],[111.58865,-7.95504],[111.58892,-7.95461],[111.58892,-7.95451],[111.58914,-7.95403],[111.58929,-7.95385],[111.5893,-7.95369],[111.58958,-7.95377],[111.5899,-7.95375],[111.5901,-7.95371],[111.59027,-7.95375],[111.5906,-7.95374],[111.59075,-7.95377],[111.59075,-7.95358],[111.59082,-7.95338],[111.59083,-7.95335],[111.59098,-7.95337],[111.59113,-7.95292],[111.59137,-7.95251],[111.59141,-7.95231],[111.59096,-7.95208],[111.59058,-7.95206],[111.59,-7.95159],[111.5897,-7.95142],[111.589,-7.95143],[111.5888,-7.95079],[111.58878,-7.95017],[111.58897,-7.94963],[111.5888,-7.94942],[111.58878,-7.94857],[111.5888,-7.94829],[111.58966,-7.94811],[111.58991,-7.94741],[111.59063,-7.94677],[111.59138,-7.94631],[111.5914,-7.94607],[111.59148,-7.9458],[111.59181,-7.94527],[111.59207,-7.94538],[111.59225,-7.94519],[111.59233,-7.94518],[111.59329,-7.94567],[111.59485,-7.94442],[111.5953,-7.94502],[111.59765,-7.94467],[111.60066,-7.9469],[111.60398,-7.94442],[111.60434,-7.94396],[111.61002,-7.94299],[111.60896,-7.94027],[111.60895,-7.93944],[111.60978,-7.93944],[111.61144,-7.94028],[111.61228,-7.94193],[111.6134,-7.9425]]]}},{"type":"Feature","properties":{"bpdashl":"SOLO","klas_erosi":"> 60 - 180 Ton/Ha/Tahun","_cls":"> 60 - 180 Ton/Ha/Tahun"},"geometry":{"type":"Polygon","coordinates":[[[111.566,-7.92536],[111.56756,-7.92463],[111.56756,-7.92535],[111.566,-7.92536]]]}},{"type":"Feature","properties":{"bpdashl":"SOLO","klas_erosi":"> 60 - 180 Ton/Ha/Tahun","_cls":"> 60 - 180 Ton/Ha/Tahun"},"geometry":{"type":"MultiPolygon","coordinates":[[[[111.60954,-7.93567],[111.61007,-7.93573],[111.61051,-7.93567],[111.61069,-7.93571],[111.611,-7.93588],[111.60909,-7.93588],[111.60938,-7.93577],[111.60954,-7.93567]]],[[[111.61248,-7.93669],[111.6119,-7.93669],[111.612,-7.93649],[111.61199,-7.93636],[111.61207,-7.93603],[111.61236,-7.93538],[111.61248,-7.93522],[111.61248,-7.93669]]]]}},{"type":"Feature","properties":{"bpdashl":"SOLO","klas_erosi":"> 60 - 180 Ton/Ha/Tahun","_cls":"> 60 - 180 Ton/Ha/Tahun"},"geometry":{"type":"Polygon","coordinates":[[[111.58961,-7.93156],[111.58961,-7.93184],[111.59043,-7.93183],[111.59043,-7.93265],[111.5888,-7.93265],[111.5888,-7.93346],[111.58716,-7.93347],[111.58716,-7.93265],[111.58635,-7.93265],[111.58635,-7.93184],[111.58553,-7.93184],[111.58553,-7.93103],[111.58308,-7.93103],[111.58308,-7.93022],[111.57981,-7.93022],[111.57981,-7.93104],[111.579,-7.93104],[111.579,-7.93185],[111.57818,-7.93185],[111.57818,-7.93022],[111.57709,-7.93077],[111.57491,-7.93104],[111.57165,-7.93025],[111.56838,-7.93105],[111.56756,-7.93105],[111.56756,-7.93024],[111.56838,-7.93024],[111.56838,-7.92942],[111.56675,-7.92943],[111.56675,-7.93024],[111.5643,-7.93024],[111.5643,-7.93106],[111.55695,-7.93107],[111.55625,-7.93115],[111.55962,-7.92907],[111.55933,-7.92796],[111.55989,-7.92655],[111.56525,-7.9257],[111.56592,-7.92539],[111.56592,-7.92617],[111.56674,-7.92617],[111.56973,-7.92589],[111.57082,-7.92535],[111.57246,-7.92535],[111.57245,-7.92209],[111.57264,-7.92209],[111.57285,-7.92236],[111.57472,-7.9242],[111.57535,-7.92488],[111.57664,-7.92581],[111.57818,-7.92709],[111.57898,-7.92795],[111.58067,-7.93001],[111.58188,-7.9299],[111.58244,-7.93003],[111.58296,-7.93006],[111.58459,-7.93005],[111.58544,-7.93023],[111.58635,-7.93073],[111.58699,-7.9313],[111.58803,-7.93159],[111.58961,-7.93156]]]}},{"type":"Feature","properties":{"bpdashl":"SOLO","klas_erosi":"> 60 - 180 Ton/Ha/Tahun","_cls":"> 60 - 180 Ton/Ha/Tahun"},"geometry":{"type":"Polygon","coordinates":[[[111.57701,-7.99837],[111.5768,-7.99987],[111.57638,-8.00138],[111.57533,-8.00241],[111.57452,-8.00331],[111.57236,-8.00429],[111.56958,-8.0042],[111.56806,-8.00383],[111.56649,-8.00359],[111.5662,-8.00392],[111.56649,-8.00514],[111.56777,-8.00689],[111.56814,-8.00823],[111.56463,-8.00813],[111.56347,-8.00566],[111.56115,-8.00468],[111.55967,-8.00599],[111.56066,-8.00961],[111.56377,-8.01334],[111.56689,-8.01506],[111.56879,-8.01642],[111.56972,-8.01734],[111.56932,-8.01734],[111.56932,-8.01777],[111.56878,-8.01897],[111.5685,-8.01897],[111.56769,-8.0206],[111.56769,-8.02117],[111.56762,-8.02151],[111.56738,-8.02184],[111.56722,-8.02192],[111.56627,-8.0221],[111.56591,-8.02206],[111.56549,-8.02186],[111.56489,-8.02176],[111.56367,-8.0217],[111.56313,-8.02142],[111.56279,-8.02108],[111.56255,-8.02078],[111.56194,-8.02064],[111.56147,-8.02043],[111.56041,-8.01981],[111.55981,-8.01953],[111.5584,-8.01856],[111.55774,-8.01828],[111.55749,-8.01793],[111.55745,-8.01698],[111.55741,-8.0166],[111.55699,-8.01637],[111.55632,-8.01593],[111.55609,-8.01587],[111.55556,-8.01579],[111.55516,-8.01583],[111.55491,-8.01591],[111.5545,-8.0159],[111.55446,-8.01617],[111.55431,-8.01643],[111.55401,-8.01682],[111.55326,-8.01655],[111.55298,-8.01655],[111.55091,-8.01791],[111.55053,-8.01737],[111.55053,-8.01574],[111.55135,-8.01574],[111.55135,-8.01492],[111.55216,-8.01329],[111.55134,-8.01167],[111.55134,-8.01085],[111.54889,-8.01086],[111.54889,-8.01248],[111.54808,-8.01248],[111.54808,-8.01411],[111.54726,-8.01411],[111.54726,-8.01656],[111.54645,-8.01656],[111.54645,-8.01737],[111.544,-8.01737],[111.544,-8.01785],[111.54388,-8.01781],[111.54359,-8.01816],[111.54335,-8.01857],[111.54296,-8.01882],[111.54279,-8.01907],[111.54259,-8.01928],[111.54238,-8.01945],[111.54219,-8.0195],[111.5414,-8.0196],[111.54122,-8.02014],[111.5412,-8.0206],[111.54105,-8.02088],[111.54076,-8.02111],[111.54029,-8.02162],[111.54017,-8.02196],[111.53982,-8.0226],[111.5394,-8.02323],[111.53884,-8.02342],[111.53844,-8.02349],[111.5382,-8.02397],[111.53815,-8.02421],[111.53791,-8.02458],[111.53766,-8.0255],[111.53791,-8.0267],[111.53749,-8.02681],[111.53725,-8.02682],[111.53719,-8.02646],[111.53712,-8.02528],[111.53719,-8.02303],[111.53712,-8.02265],[111.53717,-8.0222],[111.53745,-8.02129],[111.53748,-8.02085],[111.5376,-8.02024],[111.53772,-8.01991],[111.53812,-8.01922],[111.53817,-8.01906],[111.53814,-8.01875],[111.53791,-8.01814],[111.53779,-8.01759],[111.53764,-8.01667],[111.53766,-8.01618],[111.53794,-8.01487],[111.53809,-8.01443],[111.53833,-8.01403],[111.53892,-8.01271],[111.53954,-8.01105],[111.53964,-8.01047],[111.53968,-8.01],[111.53973,-8.00985],[111.5489,-8.00838],[111.54912,-8.00706],[111.54953,-8.00671],[111.54976,-8.00657],[111.55035,-8.0068],[111.55079,-8.00717],[111.55143,-8.00668],[111.55182,-8.00578],[111.55072,-8.00347],[111.54926,-8.00295],[111.5492,-8.00192],[111.54889,-7.9999],[111.54871,-7.99816],[111.54888,-7.99806],[111.54989,-7.99508],[111.5492,-7.99308],[111.54893,-7.9932],[111.54896,-7.9929],[111.54996,-7.9924],[111.55132,-7.99213],[111.55131,-7.99032],[111.55334,-7.98883],[111.55545,-7.98737],[111.55718,-7.98653],[111.55941,-7.9894],[111.55816,-7.9922],[111.55998,-7.99588],[111.55998,-7.99672],[111.55666,-7.99673],[111.55666,-7.9992],[111.55998,-7.9992],[111.56443,-7.99976],[111.56704,-7.99823],[111.57068,-8.00037],[111.57213,-7.99855],[111.57591,-7.99902],[111.57701,-7.99837]]]}},{"type":"Feature","properties":{"bpdashl":"SOLO","klas_erosi":"> 60 - 180 Ton/Ha/Tahun","_cls":"> 60 - 180 Ton/Ha/Tahun"},"geometry":{"type":"Polygon","coordinates":[[[111.63842,-7.98299],[111.63833,-7.98313],[111.63822,-7.9837],[111.63814,-7.98427],[111.63818,-7.98515],[111.63787,-7.98457],[111.63786,-7.98224],[111.63862,-7.98223],[111.63842,-7.98299]]]}},{"type":"Feature","properties":{"bpdashl":"SOLO","klas_erosi":"> 60 - 180 Ton/Ha/Tahun","_cls":"> 60 - 180 Ton/Ha/Tahun"},"geometry":{"type":"Polygon","coordinates":[[[111.58315,-7.97825],[111.58315,-7.98135],[111.58203,-7.98121],[111.58271,-7.97825],[111.58315,-7.97825]]]}},{"type":"Feature","properties":{"bpdashl":"SOLO","klas_erosi":"> 60 - 180 Ton/Ha/Tahun","_cls":"> 60 - 180 Ton/Ha/Tahun"},"geometry":{"type":"Polygon","coordinates":[[[111.63984,-7.97872],[111.63983,-7.97914],[111.6397,-7.97957],[111.63943,-7.97995],[111.63925,-7.98042],[111.63909,-7.98124],[111.63894,-7.98104],[111.63864,-7.98083],[111.63938,-7.97779],[111.63963,-7.97844],[111.63984,-7.97872]]]}},{"type":"Feature","properties":{"bpdashl":"SOLO","klas_erosi":"> 60 - 180 Ton/Ha/Tahun","_cls":"> 60 - 180 Ton/Ha/Tahun"},"geometry":{"type":"Polygon","coordinates":[[[111.56922,-7.97501],[111.56937,-7.97717],[111.56892,-7.97854],[111.56844,-7.97664],[111.56763,-7.9755],[111.56681,-7.97664],[111.56599,-7.97664],[111.566,-7.97746],[111.56518,-7.97746],[111.56518,-7.97606],[111.56528,-7.97588],[111.56615,-7.97494],[111.56762,-7.9742],[111.56844,-7.9742],[111.56844,-7.97501],[111.56922,-7.97501]]]}},{"type":"Feature","properties":{"bpdashl":"SOLO","klas_erosi":"> 60 - 180 Ton/Ha/Tahun","_cls":"> 60 - 180 Ton/Ha/Tahun"},"geometry":{"type":"Polygon","coordinates":[[[111.58612,-7.97023],[111.58594,-7.9709],[111.58597,-7.97136],[111.58602,-7.97152],[111.58638,-7.97224],[111.58685,-7.97192],[111.58724,-7.97049],[111.58751,-7.97055],[111.58793,-7.97188],[111.58475,-7.97297],[111.5864,-7.97336],[111.58641,-7.97661],[111.58396,-7.97662],[111.58396,-7.9758],[111.58326,-7.9758],[111.58405,-7.97232],[111.58522,-7.96929],[111.58558,-7.96929],[111.58558,-7.9701],[111.58612,-7.97023]]]}},{"type":"Feature","properties":{"bpdashl":"SOLO","klas_erosi":"> 60 - 180 Ton/Ha/Tahun","_cls":"> 60 - 180 Ton/Ha/Tahun"},"geometry":{"type":"Polygon","coordinates":[[[111.62805,-7.97085],[111.62723,-7.97086],[111.62723,-7.97167],[111.62642,-7.97167],[111.62642,-7.97411],[111.62887,-7.97411],[111.6286,-7.97465],[111.62725,-7.97533],[111.62932,-7.97638],[111.62969,-7.97818],[111.62969,-7.97899],[111.63214,-7.97899],[111.63214,-7.9798],[111.63186,-7.98133],[111.63019,-7.98038],[111.6297,-7.98143],[111.62806,-7.98144],[111.62781,-7.9832],[111.62622,-7.98165],[111.6248,-7.98144],[111.6248,-7.97981],[111.62316,-7.979],[111.62316,-7.97819],[111.62479,-7.97819],[111.62515,-7.97681],[111.62752,-7.97835],[111.62642,-7.97574],[111.62561,-7.97574],[111.6256,-7.97493],[111.62479,-7.9733],[111.62478,-7.97167],[111.62605,-7.97103],[111.62641,-7.96923],[111.62723,-7.96923],[111.62723,-7.97004],[111.62805,-7.97004],[111.62805,-7.97085]]]}},{"type":"Feature","properties":{"bpdashl":"SOLO","klas_erosi":"> 60 - 180 Ton/Ha/Tahun","_cls":"> 60 - 180 Ton/Ha/Tahun"},"geometry":{"type":"Polygon","coordinates":[[[111.58626,-7.96869],[111.58561,-7.96796],[111.58613,-7.96593],[111.58648,-7.96604],[111.58679,-7.96604],[111.58732,-7.96623],[111.58722,-7.96654],[111.58743,-7.96691],[111.58713,-7.96758],[111.58684,-7.9679],[111.58651,-7.96847],[111.58626,-7.96869]]]}},{"type":"Feature","properties":{"bpdashl":"SOLO","klas_erosi":"> 60 - 180 Ton/Ha/Tahun","_cls":"> 60 - 180 Ton/Ha/Tahun"},"geometry":{"type":"Polygon","coordinates":[[[111.58766,-7.96415],[111.58761,-7.96437],[111.58739,-7.96423],[111.58675,-7.96406],[111.58692,-7.9636],[111.58686,-7.96267],[111.58809,-7.96283],[111.58799,-7.96352],[111.58773,-7.96413],[111.58766,-7.96415]]]}},{"type":"Feature","properties":{"bpdashl":"SOLO","klas_erosi":"> 60 - 180 Ton/Ha/Tahun","_cls":"> 60 - 180 Ton/Ha/Tahun"},"geometry":{"type":"Polygon","coordinates":[[[111.55616,-7.96322],[111.55577,-7.96307],[111.55417,-7.96367],[111.55402,-7.96394],[111.55219,-7.96393],[111.54979,-7.96221],[111.55209,-7.96201],[111.55291,-7.96201],[111.55417,-7.96252],[111.55483,-7.96161],[111.55616,-7.96322]]]}},{"type":"Feature","properties":{"bpdashl":"SOLO","klas_erosi":"> 60 - 180 Ton/Ha/Tahun","_cls":"> 60 - 180 Ton/Ha/Tahun"},"geometry":{"type":"MultiPolygon","coordinates":[[[[111.65499,-7.96531],[111.65499,-7.96546],[111.65491,-7.96543],[111.65491,-7.96528],[111.65499,-7.96531]]],[[[111.65175,-7.96315],[111.65216,-7.9637],[111.65237,-7.96389],[111.65285,-7.96397],[111.65302,-7.96405],[111.65319,-7.96427],[111.65317,-7.96437],[111.65367,-7.96454],[111.65436,-7.96505],[111.65473,-7.9652],[111.65457,-7.96524],[111.65378,-7.96569],[111.65251,-7.96593],[111.65206,-7.96585],[111.65227,-7.96512],[111.65172,-7.96512],[111.64927,-7.96349],[111.64883,-7.96371],[111.64878,-7.96187],[111.65008,-7.96187],[111.65008,-7.9617],[111.65026,-7.96185],[111.65076,-7.96194],[111.65099,-7.96202],[111.6514,-7.96229],[111.65149,-7.9624],[111.65175,-7.96315]]]]}},{"type":"Feature","properties":{"bpdashl":"SOLO","klas_erosi":"> 60 - 180 Ton/Ha/Tahun","_cls":"> 60 - 180 Ton/Ha/Tahun"},"geometry":{"type":"Polygon","coordinates":[[[111.58184,-7.96127],[111.58067,-7.96063],[111.58067,-7.95953],[111.5823,-7.95952],[111.5823,-7.96034],[111.58184,-7.96127]]]}},{"type":"Feature","properties":{"bpdashl":"SOLO","klas_erosi":"> 60 - 180 Ton/Ha/Tahun","_cls":"> 60 - 180 Ton/Ha/Tahun"},"geometry":{"type":"Polygon","coordinates":[[[111.55266,-7.95801],[111.55209,-7.96119],[111.55079,-7.96086],[111.55012,-7.96009],[111.55209,-7.95712],[111.54933,-7.95636],[111.55091,-7.95514],[111.55101,-7.95501],[111.55266,-7.95801]]]}},{"type":"Feature","properties":{"bpdashl":"SOLO","klas_erosi":"> 60 - 180 Ton/Ha/Tahun","_cls":"> 60 - 180 Ton/Ha/Tahun"},"geometry":{"type":"Polygon","coordinates":[[[111.55748,-7.95305],[111.55535,-7.95305],[111.55535,-7.9523],[111.55728,-7.95276],[111.55748,-7.95305]]]}},{"type":"Feature","properties":{"bpdashl":"SOLO","klas_erosi":"> 60 - 180 Ton/Ha/Tahun","_cls":"> 60 - 180 Ton/Ha/Tahun"},"geometry":{"type":"Polygon","coordinates":[[[111.54947,-7.9522],[111.54936,-7.95278],[111.54772,-7.95361],[111.55017,-7.9536],[111.55022,-7.95357],[111.55086,-7.95473],[111.54909,-7.95496],[111.54827,-7.95658],[111.54719,-7.95713],[111.54671,-7.95645],[111.54486,-7.9569],[111.54514,-7.95674],[111.54602,-7.95458],[111.54685,-7.95355],[111.54877,-7.95247],[111.54936,-7.95199],[111.54947,-7.9522]]]}},{"type":"Feature","properties":{"bpdashl":"SOLO","klas_erosi":"> 60 - 180 Ton/Ha/Tahun","_cls":"> 60 - 180 Ton/Ha/Tahun"},"geometry":{"type":"Polygon","coordinates":[[[111.62394,-7.95539],[111.62395,-7.95784],[111.62313,-7.95784],[111.62313,-7.95865],[111.62231,-7.95865],[111.62265,-7.95995],[111.62395,-7.96191],[111.62395,-7.96353],[111.61987,-7.96354],[111.61987,-7.96517],[111.62069,-7.96517],[111.62069,-7.96679],[111.61824,-7.9668],[111.61824,-7.96761],[111.61661,-7.96761],[111.61661,-7.96843],[111.6158,-7.96843],[111.61373,-7.96894],[111.61253,-7.96844],[111.61253,-7.96762],[111.61171,-7.96762],[111.61171,-7.96681],[111.60844,-7.96681],[111.60844,-7.96763],[111.60518,-7.96763],[111.60517,-7.96519],[111.60681,-7.96519],[111.60898,-7.96546],[111.61008,-7.966],[111.61007,-7.96437],[111.60926,-7.96437],[111.60926,-7.96356],[111.61007,-7.96355],[111.61007,-7.96274],[111.61089,-7.96274],[111.61166,-7.96227],[111.6106,-7.95891],[111.61415,-7.95704],[111.61496,-7.95703],[111.61529,-7.95639],[111.61659,-7.95703],[111.61659,-7.9554],[111.61605,-7.95432],[111.61577,-7.95296],[111.61577,-7.95215],[111.6174,-7.95215],[111.6174,-7.95133],[111.61904,-7.95133],[111.61904,-7.95459],[111.62067,-7.95458],[111.62068,-7.9554],[111.62394,-7.95539]]]}},{"type":"Feature","properties":{"bpdashl":"SOLO","klas_erosi":"> 60 - 180 Ton/Ha/Tahun","_cls":"> 60 - 180 Ton/Ha/Tahun"},"geometry":{"type":"Polygon","coordinates":[[[111.547,-7.948],[111.54578,-7.94886],[111.54504,-7.94886],[111.54441,-7.94671],[111.54309,-7.94737],[111.54336,-7.94601],[111.5439,-7.94492],[111.54145,-7.94493],[111.54145,-7.94411],[111.54227,-7.94411],[111.54354,-7.94347],[111.5438,-7.94217],[111.54609,-7.94646],[111.547,-7.948]]]}},{"type":"Feature","properties":{"bpdashl":"SOLO","klas_erosi":"> 60 - 180 Ton/Ha/Tahun","_cls":"> 60 - 180 Ton/Ha/Tahun"},"geometry":{"type":"Polygon","coordinates":[[[111.5782,-7.9465],[111.57698,-7.94711],[111.57575,-7.94651],[111.57575,-7.94488],[111.57738,-7.94569],[111.57738,-7.93999],[111.57901,-7.93999],[111.57955,-7.94108],[111.57983,-7.94243],[111.57929,-7.94352],[111.57902,-7.9465],[111.5782,-7.9465]]]}},{"type":"Feature","properties":{"bpdashl":"SOLO","klas_erosi":"> 60 - 180 Ton/Ha/Tahun","_cls":"> 60 - 180 Ton/Ha/Tahun"},"geometry":{"type":"Polygon","coordinates":[[[111.58562,-7.99697],[111.58481,-7.99697],[111.58481,-7.99778],[111.58454,-7.99995],[111.58399,-8.00104],[111.584,-8.00267],[111.58318,-8.00267],[111.58318,-8.00348],[111.58236,-8.00348],[111.58237,-8.0043],[111.58155,-8.0043],[111.58155,-8.00348],[111.58073,-8.00349],[111.58073,-8.00267],[111.57991,-8.00267],[111.57991,-8.00104],[111.58073,-8.00104],[111.58073,-8.00023],[111.58154,-8.00023],[111.58259,-7.99982],[111.58154,-7.99941],[111.58154,-7.99697],[111.58236,-7.99697],[111.58235,-7.99453],[111.58398,-7.99453],[111.58398,-7.99371],[111.58643,-7.99371],[111.58644,-7.99615],[111.58562,-7.99615],[111.58562,-7.99697]]]}},{"type":"Feature","properties":{"bpdashl":"SOLO","klas_erosi":"> 60 - 180 Ton/Ha/Tahun","_cls":"> 60 - 180 Ton/Ha/Tahun"},"geometry":{"type":"Polygon","coordinates":[[[111.5793,-7.99295],[111.57955,-7.99148],[111.58071,-7.99115],[111.58071,-7.99209],[111.58235,-7.99209],[111.58235,-7.9929],[111.58153,-7.9929],[111.58153,-7.99372],[111.58044,-7.99318],[111.5793,-7.99295]]]}},{"type":"Feature","properties":{"bpdashl":"SOLO","klas_erosi":"> 60 - 180 Ton/Ha/Tahun","_cls":"> 60 - 180 Ton/Ha/Tahun"},"geometry":{"type":"Polygon","coordinates":[[[111.58313,-7.99046],[111.5834,-7.99038],[111.58398,-7.98901],[111.58398,-7.99046],[111.58313,-7.99046]]]}},{"type":"Feature","properties":{"bpdashl":"SOLO","klas_erosi":"> 60 - 180 Ton/Ha/Tahun","_cls":"> 60 - 180 Ton/Ha/Tahun"},"geometry":{"type":"Polygon","coordinates":[[[111.58462,-7.98764],[111.58588,-7.98662],[111.58594,-7.98686],[111.58724,-7.98882],[111.58643,-7.98882],[111.58462,-7.98764]]]}},{"type":"Feature","properties":{"bpdashl":"SOLO","klas_erosi":"> 60 - 180 Ton/Ha/Tahun","_cls":"> 60 - 180 Ton/Ha/Tahun"},"geometry":{"type":"Polygon","coordinates":[[[111.58648,-8.02344],[111.5861,-8.02362],[111.5859,-8.02385],[111.58484,-8.02383],[111.58539,-8.02275],[111.58647,-8.0222],[111.58648,-8.02344]]]}},{"type":"Feature","properties":{"bpdashl":"SOLO","klas_erosi":"> 60 - 180 Ton/Ha/Tahun","_cls":"> 60 - 180 Ton/Ha/Tahun"},"geometry":{"type":"Polygon","coordinates":[[[111.54766,-8.00112],[111.54797,-8.00209],[111.54609,-8.00267],[111.54561,-8.00191],[111.54561,-8.00108],[111.54704,-8.00185],[111.54766,-8.00112]]]}},{"type":"Feature","properties":{"bpdashl":"SOLO","klas_erosi":"> 60 - 180 Ton/Ha/Tahun","_cls":"> 60 - 180 Ton/Ha/Tahun"},"geometry":{"type":"Polygon","coordinates":[[[111.54521,-8.00028],[111.54398,-8.00028],[111.54398,-7.99915],[111.54503,-7.99983],[111.54521,-8.00028]]]}},{"type":"Feature","properties":{"bpdashl":"SOLO","klas_erosi":"> 60 - 180 Ton/Ha/Tahun","_cls":"> 60 - 180 Ton/Ha/Tahun"},"geometry":{"type":"Polygon","coordinates":[[[111.54479,-7.9969],[111.54443,-7.99672],[111.54413,-7.99539],[111.54479,-7.99539],[111.54479,-7.9969]]]}},{"type":"Feature","properties":{"bpdashl":"SOLO","klas_erosi":"> 60 - 180 Ton/Ha/Tahun","_cls":"> 60 - 180 Ton/Ha/Tahun"},"geometry":{"type":"Polygon","coordinates":[[[111.6009,-7.99985],[111.60045,-8.00021],[111.6002,-8.0008],[111.60018,-8.00094],[111.60007,-8.00117],[111.59987,-8.00139],[111.59979,-8.00175],[111.59973,-8.00222],[111.5997,-8.00279],[111.59971,-8.00326],[111.59967,-8.00376],[111.5997,-8.0042],[111.59992,-8.00438],[111.59994,-8.00492],[111.59892,-8.00418],[111.59782,-8.00296],[111.5952,-8.00208],[111.59398,-8.00242],[111.59433,-8.00399],[111.59486,-8.00451],[111.59573,-8.00589],[111.59573,-8.00676],[111.59521,-8.00832],[111.59295,-8.00989],[111.59242,-8.01041],[111.59218,-8.01103],[111.59218,-8.01207],[111.59196,-8.01211],[111.59185,-8.01242],[111.59136,-8.01242],[111.59136,-8.01336],[111.59141,-8.01406],[111.59113,-8.01433],[111.59046,-8.01476],[111.5899,-8.01494],[111.58999,-8.01517],[111.58989,-8.0157],[111.5896,-8.01614],[111.58931,-8.0163],[111.58878,-8.01647],[111.58851,-8.01686],[111.58838,-8.01724],[111.58838,-8.01766],[111.58874,-8.01814],[111.58791,-8.02014],[111.58687,-8.02101],[111.58512,-8.02049],[111.58425,-8.01962],[111.58421,-8.01785],[111.58337,-8.01702],[111.58199,-8.01737],[111.5813,-8.01806],[111.58007,-8.01789],[111.57903,-8.01737],[111.57799,-8.01789],[111.57717,-8.0185],[111.57714,-8.018],[111.57704,-8.01783],[111.57676,-8.01758],[111.57657,-8.01757],[111.57622,-8.01767],[111.5759,-8.01768],[111.57562,-8.01773],[111.57537,-8.0178],[111.57506,-8.01794],[111.57503,-8.01769],[111.57536,-8.01703],[111.57641,-8.01599],[111.57749,-8.01507],[111.57815,-8.01408],[111.57902,-8.01356],[111.58024,-8.01321],[111.58128,-8.01268],[111.58233,-8.01251],[111.58372,-8.01266],[111.58407,-8.01181],[111.58389,-8.01095],[111.58406,-8.00973],[111.5865,-8.00973],[111.5872,-8.00712],[111.58876,-8.00625],[111.59032,-8.00521],[111.59153,-8.00435],[111.59184,-8.00303],[111.59417,-7.99953],[111.59318,-7.99525],[111.59322,-7.99503],[111.59693,-7.99617],[111.59815,-7.99843],[111.59937,-7.99964],[111.6009,-7.99985]]]}},{"type":"Feature","properties":{"bpdashl":"BRANTAS SAMPEAN","klas_erosi":"<= 15 Ton/Ha/Tahun","_cls":"<= 15 Ton/Ha/Tahun"},"geometry":{"type":"Polygon","coordinates":[[[111.57704,-8.03804],[111.57679,-8.03858],[111.57651,-8.03857],[111.57598,-8.03871],[111.57489,-8.03938],[111.57489,-8.03896],[111.57473,-8.03861],[111.57455,-8.03849],[111.57446,-8.03829],[111.57441,-8.03791],[111.57437,-8.03677],[111.5743,-8.03633],[111.57385,-8.03535],[111.57358,-8.03506],[111.57304,-8.03468],[111.57224,-8.0345],[111.57192,-8.03439],[111.57172,-8.03421],[111.57167,-8.03405],[111.57185,-8.03394],[111.57219,-8.03385],[111.57253,-8.03381],[111.57288,-8.03385],[111.57347,-8.03421],[111.57367,-8.03463],[111.57387,-8.03494],[111.57443,-8.03526],[111.57461,-8.03581],[111.57486,-8.03606],[111.57508,-8.03648],[111.5752,-8.03682],[111.57565,-8.03746],[111.57578,-8.03773],[111.57605,-8.038],[111.57625,-8.03809],[111.5765,-8.03813],[111.57704,-8.03804]]]}},{"type":"Feature","properties":{"bpdashl":"BRANTAS SAMPEAN","klas_erosi":"> 15 - 60 Ton/Ha/Tahun","_cls":"> 15 - 60 Ton/Ha/Tahun"},"geometry":{"type":"Polygon","coordinates":[[[111.54972,-8.02957],[111.5499,-8.03108],[111.54969,-8.03137],[111.54972,-8.03187],[111.54969,-8.03226],[111.54922,-8.03238],[111.54907,-8.03268],[111.54976,-8.03339],[111.54967,-8.03389],[111.54931,-8.03416],[111.5494,-8.03467],[111.54958,-8.03511],[111.54997,-8.03541],[111.55065,-8.03544],[111.55083,-8.03564],[111.55017,-8.03734],[111.55011,-8.03733],[111.55009,-8.03704],[111.54961,-8.0368],[111.54922,-8.03675],[111.54898,-8.0366],[111.54895,-8.03621],[111.54884,-8.036],[111.54818,-8.03603],[111.54791,-8.03583],[111.54782,-8.03589],[111.5477,-8.03627],[111.54732,-8.03609],[111.54729,-8.03544],[111.54731,-8.03511],[111.54743,-8.03464],[111.54764,-8.03434],[111.54776,-8.03405],[111.54755,-8.03399],[111.54743,-8.034],[111.54767,-8.03351],[111.54788,-8.03298],[111.54773,-8.03229],[111.54731,-8.03197],[111.54749,-8.03143],[111.54766,-8.03104],[111.54791,-8.03137],[111.54841,-8.03155],[111.54817,-8.03099],[111.54802,-8.03054],[111.54802,-8.02996],[111.54805,-8.02986],[111.54841,-8.02956],[111.54883,-8.02944],[111.5493,-8.0295],[111.5496,-8.0295],[111.54972,-8.02957]]]}},{"type":"Feature","properties":{"bpdashl":"BRANTAS SAMPEAN","klas_erosi":"> 15 - 60 Ton/Ha/Tahun","_cls":"> 15 - 60 Ton/Ha/Tahun"},"geometry":{"type":"Polygon","coordinates":[[[111.5388,-8.0301],[111.53804,-8.02886],[111.53762,-8.02798],[111.53782,-8.0278],[111.53802,-8.02769],[111.5383,-8.02783],[111.53842,-8.02814],[111.53832,-8.02828],[111.53849,-8.02884],[111.5388,-8.0292],[111.53894,-8.02956],[111.5388,-8.0301]]]}},{"type":"Feature","properties":{"bpdashl":"BRANTAS SAMPEAN","klas_erosi":"> 15 - 60 Ton/Ha/Tahun","_cls":"> 15 - 60 Ton/Ha/Tahun"},"geometry":{"type":"Polygon","coordinates":[[[111.56721,-8.02456],[111.56721,-8.02444],[111.56715,-8.02425],[111.5668,-8.02397],[111.56669,-8.02337],[111.56658,-8.02311],[111.56661,-8.02287],[111.56697,-8.02244],[111.56747,-8.02227],[111.56766,-8.02225],[111.56788,-8.0221],[111.56794,-8.02184],[111.56792,-8.02111],[111.56796,-8.02072],[111.5683,-8.02039],[111.56889,-8.02022],[111.56902,-8.01973],[111.56976,-8.01938],[111.56989,-8.01919],[111.56989,-8.01967],[111.5688,-8.02157],[111.56799,-8.0232],[111.56721,-8.02456]]]}},{"type":"Feature","properties":{"bpdashl":"BRANTAS SAMPEAN","klas_erosi":"> 15 - 60 Ton/Ha/Tahun","_cls":"> 15 - 60 Ton/Ha/Tahun"},"geometry":{"type":"Polygon","coordinates":[[[111.54432,-8.01797],[111.54544,-8.01862],[111.54608,-8.01887],[111.54653,-8.01895],[111.54713,-8.019],[111.54754,-8.01896],[111.54829,-8.019],[111.54964,-8.01974],[111.55054,-8.02004],[111.55023,-8.02034],[111.54974,-8.02049],[111.54941,-8.02053],[111.54902,-8.02053],[111.5487,-8.02043],[111.54829,-8.02041],[111.54783,-8.02043],[111.54751,-8.02036],[111.54716,-8.02036],[111.54699,-8.02056],[111.5466,-8.02067],[111.54619,-8.02065],[111.54537,-8.02],[111.54513,-8.01972],[111.54483,-8.01957],[111.54442,-8.01961],[111.5442,-8.01968],[111.54373,-8.01961],[111.54342,-8.01953],[111.54348,-8.01937],[111.54337,-8.01898],[111.5435,-8.01864],[111.54355,-8.01832],[111.54388,-8.01788],[111.54432,-8.01797]]]}},{"type":"Feature","properties":{"bpdashl":"BRANTAS SAMPEAN","klas_erosi":"> 15 - 60 Ton/Ha/Tahun","_cls":"> 15 - 60 Ton/Ha/Tahun"},"geometry":{"type":"Polygon","coordinates":[[[111.64975,-8.01759],[111.64916,-8.01787],[111.64911,-8.01834],[111.64978,-8.01876],[111.65035,-8.01961],[111.65081,-8.02063],[111.65064,-8.02063],[111.65021,-8.02078],[111.6498,-8.02097],[111.64939,-8.02097],[111.64902,-8.02104],[111.64882,-8.02126],[111.64856,-8.02145],[111.64816,-8.0209],[111.64828,-8.02006],[111.64827,-8.01931],[111.64806,-8.01876],[111.64792,-8.01845],[111.64762,-8.01794],[111.64733,-8.01765],[111.64718,-8.01729],[111.64709,-8.01666],[111.64727,-8.01667],[111.64764,-8.0169],[111.64796,-8.0169],[111.64818,-8.0168],[111.64839,-8.0169],[111.64859,-8.01729],[111.64893,-8.0174],[111.6493,-8.01738],[111.64975,-8.01759]]]}},{"type":"Feature","properties":{"bpdashl":"BRANTAS SAMPEAN","klas_erosi":"> 15 - 60 Ton/Ha/Tahun","_cls":"> 15 - 60 Ton/Ha/Tahun"},"geometry":{"type":"Polygon","coordinates":[[[111.56982,-8.04488],[111.57019,-8.04503],[111.57081,-8.04505],[111.57092,-8.04522],[111.57096,-8.0455],[111.57079,-8.0457],[111.57066,-8.04576],[111.57045,-8.0458],[111.57025,-8.0458],[111.56997,-8.04587],[111.5695,-8.04611],[111.5693,-8.04624],[111.56909,-8.04652],[111.56887,-8.04665],[111.56865,-8.04662],[111.56844,-8.04652],[111.56786,-8.04599],[111.56775,-8.04583],[111.56762,-8.04535],[111.56762,-8.04515],[111.56767,-8.04494],[111.56782,-8.04474],[111.56816,-8.04454],[111.56858,-8.04452],[111.56878,-8.04471],[111.56913,-8.04479],[111.56982,-8.04488]]]}},{"type":"Feature","properties":{"bpdashl":"BRANTAS SAMPEAN","klas_erosi":"> 15 - 60 Ton/Ha/Tahun","_cls":"> 15 - 60 Ton/Ha/Tahun"},"geometry":{"type":"Polygon","coordinates":[[[111.55653,-8.04278],[111.55643,-8.04288],[111.55634,-8.04311],[111.55632,-8.04355],[111.55637,-8.0438],[111.55628,-8.04398],[111.55598,-8.04398],[111.55551,-8.04389],[111.55531,-8.04398],[111.55493,-8.04402],[111.55464,-8.04389],[111.5543,-8.04367],[111.55406,-8.04342],[111.55366,-8.04325],[111.55355,-8.04289],[111.55351,-8.04224],[111.55334,-8.04179],[111.55314,-8.04142],[111.55299,-8.04125],[111.55258,-8.0411],[111.55225,-8.04091],[111.55202,-8.04054],[111.55191,-8.04002],[111.55211,-8.03953],[111.55294,-8.04041],[111.55625,-8.04287],[111.55653,-8.04278]]]}},{"type":"Feature","properties":{"bpdashl":"BRANTAS SAMPEAN","klas_erosi":"> 180 - 480 Ton/Ha/Tahun","_cls":"> 180 - 480 Ton/Ha/Tahun"},"geometry":{"type":"Polygon","coordinates":[[[111.55653,-8.04278],[111.55625,-8.04287],[111.55294,-8.04041],[111.55211,-8.03953],[111.55214,-8.03944],[111.55204,-8.03923],[111.55188,-8.03903],[111.55199,-8.0389],[111.55221,-8.0388],[111.55288,-8.03873],[111.5537,-8.03882],[111.55396,-8.03888],[111.5543,-8.03888],[111.55461,-8.03871],[111.55474,-8.03849],[111.55493,-8.03828],[111.55534,-8.03817],[111.55558,-8.03821],[111.55599,-8.0384],[111.55618,-8.03858],[111.55644,-8.0386],[111.55681,-8.03857],[111.55739,-8.03862],[111.55798,-8.03849],[111.55822,-8.03838],[111.55858,-8.03829],[111.5591,-8.03831],[111.5596,-8.03846],[111.56035,-8.03855],[111.5609,-8.03881],[111.56107,-8.03885],[111.56217,-8.03876],[111.56232,-8.03887],[111.56291,-8.03906],[111.56332,-8.03928],[111.56366,-8.03951],[111.56365,-8.03977],[111.56369,-8.04015],[111.56376,-8.0403],[111.56396,-8.04053],[111.56421,-8.04064],[111.56423,-8.0409],[111.56372,-8.04117],[111.56351,-8.04122],[111.56273,-8.0412],[111.56217,-8.04104],[111.56185,-8.04091],[111.56165,-8.04075],[111.56132,-8.0408],[111.56107,-8.04098],[111.56087,-8.04104],[111.56069,-8.04102],[111.56022,-8.0406],[111.55986,-8.04066],[111.55921,-8.04122],[111.55912,-8.04143],[111.55896,-8.0416],[111.55867,-8.04169],[111.55807,-8.04149],[111.55773,-8.04134],[111.55744,-8.04078],[111.55721,-8.04062],[111.5567,-8.04058],[111.55647,-8.04076],[111.55645,-8.04116],[111.55688,-8.04199],[111.55717,-8.0423],[111.55715,-8.04241],[111.55699,-8.04257],[111.55653,-8.04278]]]}},{"type":"Feature","properties":{"bpdashl":"BRANTAS SAMPEAN","klas_erosi":"> 180 - 480 Ton/Ha/Tahun","_cls":"> 180 - 480 Ton/Ha/Tahun"},"geometry":{"type":"Polygon","coordinates":[[[111.56646,-8.03478],[111.56638,-8.03479],[111.5662,-8.03494],[111.56558,-8.03527],[111.56513,-8.03536],[111.56489,-8.03524],[111.56483,-8.03512],[111.5637,-8.03518],[111.56358,-8.03536],[111.56358,-8.03566],[111.56346,-8.03584],[111.56311,-8.03607],[111.56314,-8.03634],[111.56328,-8.03658],[111.56311,-8.03685],[111.56278,-8.03702],[111.56253,-8.03724],[111.56237,-8.0355],[111.56245,-8.03524],[111.56483,-8.03414],[111.56646,-8.03478]]]}},{"type":"Feature","properties":{"bpdashl":"BRANTAS SAMPEAN","klas_erosi":"> 180 - 480 Ton/Ha/Tahun","_cls":"> 180 - 480 Ton/Ha/Tahun"},"geometry":{"type":"Polygon","coordinates":[[[111.57474,-8.03184],[111.57426,-8.0316],[111.57383,-8.03211],[111.57277,-8.03214],[111.57232,-8.03235],[111.57226,-8.03232],[111.5713,-8.03316],[111.57085,-8.03302],[111.57079,-8.03265],[111.57066,-8.03225],[111.57057,-8.03184],[111.57055,-8.03138],[111.57068,-8.03093],[111.57087,-8.03048],[111.57091,-8.03009],[111.57108,-8.02942],[111.57095,-8.02858],[111.57074,-8.02824],[111.57046,-8.02802],[111.57022,-8.02802],[111.56957,-8.02794],[111.56883,-8.02779],[111.56847,-8.02764],[111.56819,-8.02736],[111.56857,-8.02721],[111.56955,-8.02721],[111.56968,-8.02714],[111.56933,-8.02693],[111.56914,-8.02673],[111.57013,-8.02645],[111.57041,-8.02615],[111.57067,-8.02736],[111.57141,-8.0282],[111.57151,-8.02837],[111.57158,-8.02863],[111.57162,-8.02901],[111.5716,-8.02938],[111.57167,-8.02979],[111.57206,-8.02992],[111.57271,-8.03002],[111.57294,-8.03024],[111.57322,-8.03024],[111.57381,-8.02998],[111.57484,-8.02905],[111.57502,-8.02894],[111.57499,-8.02912],[111.5745,-8.02991],[111.57426,-8.03017],[111.57398,-8.03039],[111.57381,-8.03076],[111.57394,-8.0308],[111.57426,-8.03065],[111.57454,-8.03043],[111.57457,-8.03095],[111.5747,-8.03144],[111.57474,-8.03184]]]}},{"type":"Feature","properties":{"bpdashl":"BRANTAS SAMPEAN","klas_erosi":"> 180 - 480 Ton/Ha/Tahun","_cls":"> 180 - 480 Ton/Ha/Tahun"},"geometry":{"type":"Polygon","coordinates":[[[111.58037,-8.02637],[111.58037,-8.02648],[111.58061,-8.0264],[111.58106,-8.02684],[111.58072,-8.02775],[111.58034,-8.02894],[111.58004,-8.02992],[111.57974,-8.03107],[111.57966,-8.03107],[111.57951,-8.03124],[111.57925,-8.03131],[111.579,-8.03118],[111.57904,-8.03098],[111.57921,-8.03079],[111.57934,-8.03055],[111.57934,-8.03012],[111.57908,-8.03002],[111.57889,-8.03008],[111.57867,-8.03025],[111.57835,-8.0304],[111.57791,-8.03051],[111.57774,-8.03041],[111.57729,-8.03026],[111.57618,-8.03034],[111.57629,-8.03004],[111.57629,-8.02961],[111.57664,-8.02952],[111.57705,-8.02935],[111.57731,-8.02903],[111.57737,-8.02862],[111.57735,-8.02832],[111.57722,-8.02784],[111.57722,-8.02763],[111.57756,-8.0275],[111.57774,-8.02754],[111.57791,-8.02769],[111.57791,-8.02788],[111.57847,-8.02763],[111.57838,-8.02732],[111.57851,-8.02704],[111.57875,-8.02685],[111.57886,-8.02704],[111.57899,-8.02743],[111.57914,-8.02752],[111.57931,-8.02737],[111.57983,-8.02762],[111.57953,-8.02709],[111.57955,-8.02683],[111.57964,-8.02646],[111.57961,-8.02607],[111.58007,-8.02599],[111.58037,-8.02637]]]}},{"type":"Feature","properties":{"bpdashl":"BRANTAS SAMPEAN","klas_erosi":"> 180 - 480 Ton/Ha/Tahun","_cls":"> 180 - 480 Ton/Ha/Tahun"},"geometry":{"type":"Polygon","coordinates":[[[111.60732,-8.01868],[111.60704,-8.0189],[111.60672,-8.01905],[111.60703,-8.0189],[111.60732,-8.01868]]]}},{"type":"Feature","properties":{"bpdashl":"BRANTAS SAMPEAN","klas_erosi":"> 180 - 480 Ton/Ha/Tahun","_cls":"> 180 - 480 Ton/Ha/Tahun"},"geometry":{"type":"MultiPolygon","coordinates":[[[[111.60596,-8.01944],[111.60575,-8.01944],[111.60575,-8.01944],[111.60596,-8.01944]]],[[[111.60531,-8.01929],[111.60574,-8.01944],[111.60549,-8.01935],[111.60531,-8.01929],[111.60499,-8.01923],[111.60531,-8.01929]]],[[[111.60418,-8.01885],[111.60424,-8.01889],[111.60414,-8.01883],[111.60418,-8.01885]]],[[[111.60323,-8.01859],[111.60339,-8.01859],[111.60322,-8.01859],[111.60323,-8.01859]]],[[[111.60286,-8.01859],[111.60304,-8.0186],[111.60286,-8.01859],[111.60257,-8.0185],[111.60286,-8.01859]]]]}},{"type":"Feature","properties":{"bpdashl":"BRANTAS SAMPEAN","klas_erosi":"> 180 - 480 Ton/Ha/Tahun","_cls":"> 180 - 480 Ton/Ha/Tahun"},"geometry":{"type":"Polygon","coordinates":[[[111.57212,-8.01766],[111.57297,-8.01781],[111.57394,-8.01827],[111.57423,-8.01829],[111.57537,-8.0178],[111.5759,-8.01768],[111.57622,-8.01767],[111.57657,-8.01757],[111.57676,-8.01758],[111.57704,-8.01783],[111.57714,-8.018],[111.57719,-8.0187],[111.57763,-8.01966],[111.57786,-8.01991],[111.57916,-8.02051],[111.57992,-8.02095],[111.58075,-8.02156],[111.58125,-8.02266],[111.58152,-8.02297],[111.5819,-8.02321],[111.58206,-8.02363],[111.58237,-8.02411],[111.58248,-8.02447],[111.58237,-8.0242],[111.58197,-8.02447],[111.5818,-8.02449],[111.58169,-8.02434],[111.58158,-8.0241],[111.5815,-8.02402],[111.58115,-8.02391],[111.58076,-8.02404],[111.58007,-8.02451],[111.57981,-8.02553],[111.57964,-8.02574],[111.57921,-8.02594],[111.57897,-8.02635],[111.57875,-8.02658],[111.57858,-8.02663],[111.5783,-8.02645],[111.57806,-8.02617],[111.5775,-8.02583],[111.57715,-8.02527],[111.57672,-8.02491],[111.57655,-8.02469],[111.57616,-8.024],[111.57594,-8.02383],[111.57551,-8.02385],[111.57497,-8.02426],[111.57462,-8.02439],[111.57452,-8.02461],[111.57447,-8.0248],[111.57426,-8.02506],[111.57404,-8.02521],[111.57376,-8.02521],[111.57346,-8.0251],[111.57316,-8.02519],[111.57318,-8.02536],[111.57342,-8.02564],[111.57344,-8.02586],[111.57333,-8.02594],[111.57303,-8.02605],[111.57288,-8.02618],[111.57283,-8.02642],[111.57283,-8.02674],[111.57275,-8.027],[111.57264,-8.02706],[111.5724,-8.02704],[111.57221,-8.02698],[111.57199,-8.02683],[111.57186,-8.02657],[111.57169,-8.02605],[111.57167,-8.02573],[111.57147,-8.02498],[111.57132,-8.02472],[111.57106,-8.02453],[111.5708,-8.0244],[111.57017,-8.02416],[111.56996,-8.02401],[111.56978,-8.02397],[111.56968,-8.02401],[111.56935,-8.02401],[111.5692,-8.02427],[111.56907,-8.02492],[111.56901,-8.02509],[111.56886,-8.02509],[111.56853,-8.025],[111.56806,-8.025],[111.56749,-8.02483],[111.5673,-8.02472],[111.56721,-8.02462],[111.56721,-8.02456],[111.56799,-8.0232],[111.5688,-8.02157],[111.56989,-8.01967],[111.56991,-8.01916],[111.56989,-8.01754],[111.57052,-8.01745],[111.57122,-8.01759],[111.57212,-8.01766]]]}},{"type":"Feature","properties":{"bpdashl":"BRANTAS SAMPEAN","klas_erosi":"> 180 - 480 Ton/Ha/Tahun","_cls":"> 180 - 480 Ton/Ha/Tahun"},"geometry":{"type":"Polygon","coordinates":[[[111.60324,-8.00795],[111.60333,-8.00823],[111.60344,-8.00821],[111.60357,-8.00866],[111.60339,-8.01005],[111.60218,-8.01075],[111.60006,-8.01226],[111.59982,-8.01252],[111.59973,-8.01256],[111.5994,-8.01439],[111.5994,-8.01572],[111.59924,-8.01563],[111.59917,-8.01543],[111.59902,-8.01457],[111.59885,-8.01425],[111.59854,-8.01408],[111.59824,-8.0141],[111.59809,-8.01393],[111.59815,-8.01362],[111.59882,-8.01311],[111.59908,-8.01229],[111.59936,-8.01229],[111.59962,-8.01224],[111.59984,-8.01211],[111.59977,-8.01179],[111.59979,-8.01151],[111.59996,-8.0111],[111.60007,-8.01065],[111.60074,-8.00964],[111.60113,-8.00948],[111.60147,-8.00948],[111.60171,-8.00942],[111.60178,-8.00907],[111.60173,-8.00875],[111.60178,-8.00851],[111.60188,-8.00836],[111.60223,-8.00832],[111.60229,-8.00853],[111.60251,-8.00847],[111.6027,-8.0083],[111.60283,-8.00812],[111.60296,-8.00787],[111.60309,-8.0078],[111.60324,-8.00795]]]}},{"type":"Feature","properties":{"bpdashl":"BRANTAS SAMPEAN","klas_erosi":"> 180 - 480 Ton/Ha/Tahun","_cls":"> 180 - 480 Ton/Ha/Tahun"},"geometry":{"type":"Polygon","coordinates":[[[111.6157,-8.00055],[111.61553,-8.00062],[111.6154,-8.00073],[111.61532,-8.00089],[111.61531,-8.00108],[111.61518,-8.00123],[111.61427,-8.00166],[111.61341,-8.0022],[111.61315,-8.00239],[111.61261,-8.00289],[111.61255,-8.00324],[111.61274,-8.00326],[111.61309,-8.00323],[111.61341,-8.00317],[111.61378,-8.003],[111.61408,-8.0028],[111.6144,-8.00228],[111.6146,-8.00233],[111.6149,-8.00304],[111.61503,-8.00317],[111.6154,-8.00336],[111.6157,-8.00366],[111.61661,-8.00414],[111.61664,-8.00427],[111.61961,-8.00706],[111.61995,-8.00801],[111.6194,-8.00823],[111.61858,-8.00849],[111.61818,-8.00896],[111.61744,-8.0094],[111.61705,-8.0095],[111.61552,-8.00961],[111.61515,-8.00979],[111.61494,-8.01006],[111.61437,-8.01069],[111.61355,-8.01114],[111.61296,-8.0116],[111.61252,-8.01169],[111.61177,-8.01167],[111.61138,-8.01196],[111.61082,-8.01259],[111.61006,-8.01324],[111.6097,-8.01408],[111.60861,-8.01508],[111.60801,-8.0155],[111.60768,-8.01553],[111.60734,-8.01536],[111.60738,-8.01516],[111.60773,-8.01497],[111.60805,-8.01507],[111.60814,-8.01484],[111.60807,-8.01462],[111.60747,-8.01467],[111.60742,-8.01445],[111.6077,-8.0143],[111.60794,-8.0141],[111.60788,-8.01391],[111.60749,-8.01395],[111.60723,-8.01406],[111.60708,-8.01404],[111.60699,-8.01342],[111.60738,-8.01329],[111.60731,-8.01292],[111.60744,-8.01271],[111.60731,-8.01243],[111.60701,-8.01228],[111.60726,-8.01219],[111.60741,-8.01195],[111.6091,-8.01128],[111.61037,-8.01195],[111.61106,-8.01212],[111.61176,-8.0116],[111.61227,-8.01021],[111.6121,-8.00917],[111.61123,-8.00709],[111.6105,-8.0065],[111.61091,-8.00641],[111.61113,-8.00647],[111.61138,-8.00663],[111.61155,-8.00669],[111.61186,-8.00666],[111.61213,-8.0071],[111.61238,-8.00734],[111.61243,-8.00736],[111.61245,-8.00733],[111.61219,-8.00699],[111.61213,-8.00662],[111.61233,-8.00621],[111.61216,-8.00586],[111.6121,-8.0058],[111.61197,-8.0055],[111.61175,-8.00515],[111.61162,-8.00481],[111.61164,-8.00416],[111.6116,-8.0039],[111.61158,-8.00315],[111.61142,-8.00309],[111.61119,-8.00291],[111.61075,-8.00242],[111.61099,-8.00233],[111.61121,-8.00231],[111.61151,-8.00222],[111.61181,-8.00186],[111.6124,-8.00158],[111.61249,-8.00141],[111.61244,-8.00121],[111.61238,-8.0011],[111.61211,-8.00083],[111.61189,-8.00074],[111.6116,-8.00067],[111.61114,-8.00038],[111.61082,-8.0],[111.61064,-7.99954],[111.61139,-7.99961],[111.61135,-7.99913],[111.61162,-7.99859],[111.61142,-7.99798],[111.612,-7.99764],[111.61217,-7.99747],[111.61169,-7.99682],[111.61165,-7.99604],[111.61227,-7.99655],[111.61298,-7.99686],[111.61329,-7.99733],[111.61356,-7.99747],[111.61419,-7.9971],[111.61458,-7.99718],[111.61537,-7.99723],[111.61583,-7.99753],[111.61595,-7.9977],[111.61641,-7.99733],[111.61713,-7.99606],[111.61675,-7.99563],[111.61655,-7.99557],[111.61696,-7.99538],[111.61811,-7.99571],[111.61696,-7.99883],[111.61564,-8.00032],[111.6157,-8.00055]],[[111.61693,-8.00745],[111.61658,-8.00614],[111.61657,-8.00597],[111.61603,-8.00573],[111.61581,-8.00566],[111.61562,-8.00547],[111.61504,-8.005],[111.61445,-8.0047],[111.61426,-8.00474],[111.61421,-8.00498],[111.61421,-8.00521],[111.6143,-8.0056],[111.61424,-8.00582],[111.614,-8.00625],[111.61363,-8.00653],[111.61329,-8.00674],[111.61369,-8.00716],[111.61373,-8.00737],[111.61358,-8.00752],[111.61358,-8.00772],[111.61362,-8.0078],[111.61404,-8.00791],[111.61434,-8.0079],[111.61532,-8.00768],[111.61566,-8.00743],[111.61606,-8.00758],[111.61614,-8.00766],[111.61652,-8.00777],[111.61677,-8.00789],[111.61688,-8.00778],[111.61693,-8.00745]]]}},{"type":"Feature","properties":{"bpdashl":"BRANTAS SAMPEAN","klas_erosi":"> 180 - 480 Ton/Ha/Tahun","_cls":"> 180 - 480 Ton/Ha/Tahun"},"geometry":{"type":"Polygon","coordinates":[[[111.60881,-7.99958],[111.60843,-7.99945],[111.60738,-7.99963],[111.60477,-8.00224],[111.60443,-8.0031],[111.60374,-8.0038],[111.60273,-8.00447],[111.60269,-8.00536],[111.60287,-8.00658],[111.60324,-8.00755],[111.60303,-8.00746],[111.60283,-8.00744],[111.60262,-8.00763],[111.60227,-8.00772],[111.60169,-8.00772],[111.60108,-8.00795],[111.6008,-8.00785],[111.60095,-8.00763],[111.60138,-8.00718],[111.60186,-8.00679],[111.60203,-8.00638],[111.60244,-8.00597],[111.60244,-8.00576],[111.60225,-8.00543],[111.60181,-8.00507],[111.60188,-8.00533],[111.60156,-8.00595],[111.60117,-8.00627],[111.60082,-8.00664],[111.60058,-8.00681],[111.6,-8.00684],[111.59961,-8.00682],[111.59943,-8.00675],[111.59945,-8.0065],[111.59972,-8.00632],[111.59998,-8.00589],[111.59992,-8.00438],[111.5997,-8.0042],[111.59967,-8.00376],[111.59971,-8.00326],[111.5997,-8.00279],[111.59973,-8.00222],[111.59987,-8.00139],[111.60007,-8.00117],[111.60018,-8.00094],[111.6002,-8.0008],[111.60045,-8.00021],[111.6009,-7.99985],[111.60125,-7.99942],[111.60097,-7.99908],[111.60077,-7.99872],[111.60083,-7.99841],[111.60124,-7.99816],[111.60197,-7.99698],[111.60179,-7.99636],[111.60237,-7.99522],[111.60409,-7.99654],[111.60433,-7.99711],[111.60424,-7.9977],[111.60475,-7.99786],[111.6056,-7.9979],[111.60616,-7.99773],[111.60633,-7.99645],[111.60696,-7.99616],[111.60798,-7.99624],[111.6082,-7.99641],[111.60803,-7.99734],[111.60845,-7.99777],[111.60888,-7.99853],[111.60897,-7.99907],[111.60894,-7.99933],[111.60888,-7.99951],[111.60881,-7.99958]]]}},{"type":"Feature","properties":{"bpdashl":"BRANTAS SAMPEAN","klas_erosi":"> 180 - 480 Ton/Ha/Tahun","_cls":"> 180 - 480 Ton/Ha/Tahun"},"geometry":{"type":"Polygon","coordinates":[[[111.62525,-7.99153],[111.62526,-7.99166],[111.62513,-7.99232],[111.62513,-7.99309],[111.62531,-7.99322],[111.62571,-7.9933],[111.62626,-7.99315],[111.6274,-7.99543],[111.62758,-7.9963],[111.62793,-7.99887],[111.62828,-7.99977],[111.62829,-8.00116],[111.62864,-8.00237],[111.63008,-8.00305],[111.63062,-8.00287],[111.63065,-8.00291],[111.63085,-8.003],[111.63106,-8.00302],[111.63121,-8.00299],[111.6316,-8.00377],[111.63068,-8.00362],[111.62997,-8.00363],[111.62924,-8.00417],[111.62923,-8.00414],[111.62916,-8.00413],[111.62896,-8.00423],[111.62851,-8.00458],[111.62787,-8.00472],[111.62738,-8.00498],[111.62709,-8.00552],[111.62687,-8.00573],[111.6267,-8.00602],[111.62603,-8.00666],[111.62603,-8.0062],[111.62516,-8.00516],[111.62463,-8.00429],[111.62415,-8.00389],[111.62408,-8.00378],[111.62404,-8.00362],[111.62406,-8.0035],[111.62444,-8.00291],[111.62399,-8.00304],[111.62387,-8.00315],[111.62352,-8.0032],[111.62337,-8.003],[111.62329,-8.00208],[111.62331,-8.00175],[111.62326,-8.0016],[111.62315,-8.00147],[111.62296,-8.00139],[111.62277,-8.00122],[111.62251,-8.0],[111.6228,-7.99885],[111.62294,-7.99856],[111.62322,-7.99811],[111.62335,-7.99801],[111.62355,-7.99802],[111.62414,-7.99853],[111.6243,-7.99859],[111.62448,-7.99774],[111.62616,-7.99685],[111.62536,-7.996],[111.62444,-7.99509],[111.62357,-7.99474],[111.62217,-7.99457],[111.62131,-7.99388],[111.62153,-7.99296],[111.62218,-7.99231],[111.62322,-7.99144],[111.62461,-7.99127],[111.62523,-7.99168],[111.62525,-7.99153]]]}},{"type":"Feature","properties":{"bpdashl":"BRANTAS SAMPEAN","klas_erosi":"> 180 - 480 Ton/Ha/Tahun","_cls":"> 180 - 480 Ton/Ha/Tahun"},"geometry":{"type":"MultiPolygon","coordinates":[[[[111.65606,-7.99212],[111.65609,-7.99234],[111.656,-7.99226],[111.65579,-7.99197],[111.65583,-7.9914],[111.65606,-7.99212]]],[[[111.65686,-7.98998],[111.65593,-7.99056],[111.65596,-7.99035],[111.65596,-7.98902],[111.65637,-7.98956],[111.65686,-7.98998]]]]}},{"type":"Feature","properties":{"bpdashl":"BRANTAS SAMPEAN","klas_erosi":"> 180 - 480 Ton/Ha/Tahun","_cls":"> 180 - 480 Ton/Ha/Tahun"},"geometry":{"type":"MultiPolygon","coordinates":[[[[111.64792,-8.01845],[111.648,-8.01866],[111.64775,-8.01826],[111.64742,-8.01787],[111.64733,-8.01765],[111.64762,-8.01794],[111.64792,-8.01845]]],[[[111.63057,-8.00765],[111.62988,-8.00789],[111.62979,-8.008],[111.62979,-8.00763],[111.63016,-8.00769],[111.63044,-8.00756],[111.63057,-8.00765]]],[[[111.62882,-8.00647],[111.62895,-8.00655],[111.62932,-8.00634],[111.62947,-8.00621],[111.62977,-8.00612],[111.63009,-8.0058],[111.63012,-8.00603],[111.63025,-8.00618],[111.63064,-8.00646],[111.63072,-8.00642],[111.63081,-8.00648],[111.63057,-8.00659],[111.62984,-8.00657],[111.62951,-8.0067],[111.62951,-8.00683],[111.62945,-8.007],[111.62912,-8.00718],[111.62897,-8.00741],[111.62893,-8.00765],[111.62897,-8.00772],[111.62856,-8.00789],[111.62837,-8.00789],[111.62813,-8.00853],[111.62802,-8.00901],[111.62802,-8.00925],[111.62818,-8.00933],[111.6285,-8.00899],[111.62887,-8.00871],[111.6291,-8.0086],[111.62932,-8.0086],[111.62859,-8.00917],[111.62763,-8.00965],[111.62685,-8.01014],[111.62592,-8.01092],[111.62588,-8.01089],[111.62508,-8.00919],[111.62484,-8.00859],[111.62471,-8.00853],[111.62502,-8.00807],[111.62603,-8.00706],[111.62603,-8.00682],[111.62616,-8.00706],[111.62612,-8.00734],[111.62619,-8.00753],[111.62631,-8.00757],[111.62657,-8.00747],[111.6267,-8.00731],[111.62681,-8.00693],[111.6269,-8.00708],[111.62709,-8.00712],[111.62724,-8.00706],[111.62772,-8.00699],[111.62787,-8.00692],[111.62804,-8.00649],[111.62839,-8.00602],[111.62856,-8.00568],[111.62856,-8.0058],[111.62867,-8.00601],[111.62871,-8.00625],[111.62882,-8.00647]]],[[[111.63978,-8.00079],[111.64065,-8.00131],[111.64291,-8.00131],[111.64326,-8.00252],[111.64326,-8.00374],[111.64344,-8.00443],[111.64396,-8.00495],[111.6444,-8.00477],[111.64429,-8.00485],[111.64372,-8.00504],[111.643,-8.00521],[111.6426,-8.00526],[111.64242,-8.00536],[111.64147,-8.00526],[111.64145,-8.00535],[111.64135,-8.00524],[111.64121,-8.00523],[111.63929,-8.00326],[111.63799,-8.00249],[111.63723,-8.00208],[111.63636,-8.00214],[111.63734,-8.00132],[111.63856,-8.0008],[111.63978,-8.00079]]],[[[111.65058,-8.00234],[111.65163,-8.00321],[111.6525,-8.00355],[111.65295,-8.00355],[111.65306,-8.00346],[111.65321,-8.00324],[111.6533,-8.003],[111.65367,-8.00252],[111.65388,-8.0006],[111.65423,-7.99903],[111.65504,-7.99823],[111.65581,-7.99823],[111.65553,-7.99912],[111.65504,-7.99982],[111.65456,-8.00042],[111.65447,-8.00061],[111.65435,-8.00108],[111.65436,-8.0016],[111.65446,-8.00192],[111.6546,-8.00219],[111.65508,-8.00284],[111.65534,-8.00327],[111.6556,-8.00388],[111.65574,-8.00436],[111.65575,-8.00455],[111.65566,-8.00502],[111.65559,-8.00585],[111.65571,-8.00644],[111.65554,-8.00683],[111.65556,-8.00691],[111.65552,-8.00689],[111.65547,-8.00721],[111.65547,-8.00751],[111.65535,-8.00784],[111.65519,-8.00794],[111.65481,-8.00769],[111.65463,-8.00775],[111.65496,-8.00837],[111.65504,-8.00865],[111.65491,-8.00876],[111.65448,-8.00857],[111.65394,-8.0085],[111.65407,-8.00881],[111.65394,-8.00902],[111.6534,-8.00926],[111.65323,-8.00956],[111.65347,-8.01001],[111.65362,-8.01021],[111.65366,-8.01042],[111.65341,-8.0107],[111.65321,-8.01083],[111.6528,-8.01085],[111.65248,-8.01098],[111.65235,-8.0112],[111.65254,-8.01139],[111.65297,-8.01159],[111.65308,-8.01169],[111.65278,-8.01197],[111.65237,-8.01213],[111.65218,-8.01226],[111.6519,-8.01236],[111.65161,-8.01239],[111.65142,-8.01252],[111.65131,-8.01284],[111.65155,-8.01355],[111.65231,-8.01381],[111.65243,-8.01408],[111.65243,-8.01438],[111.65202,-8.01468],[111.65191,-8.01489],[111.65204,-8.01526],[111.65239,-8.0156],[111.65252,-8.01591],[111.65241,-8.01623],[111.65219,-8.01642],[111.65161,-8.01681],[111.65137,-8.01737],[111.65122,-8.01754],[111.65092,-8.0177],[111.65062,-8.01778],[111.65012,-8.01772],[111.64965,-8.01755],[111.6493,-8.01738],[111.64893,-8.0174],[111.64859,-8.01729],[111.64839,-8.0169],[111.64818,-8.0168],[111.64796,-8.0169],[111.64764,-8.0169],[111.64727,-8.01667],[111.64709,-8.01666],[111.64695,-8.01605],[111.64686,-8.01546],[111.64686,-8.01488],[111.64722,-8.01295],[111.64725,-8.01255],[111.64754,-8.01217],[111.6477,-8.01174],[111.6477,-8.01104],[111.64781,-8.01059],[111.64784,-8.01007],[111.64799,-8.00953],[111.64799,-8.00914],[111.64834,-8.00867],[111.64827,-8.00817],[111.64847,-8.00743],[111.64835,-8.00695],[111.64836,-8.00633],[111.64824,-8.00577],[111.64789,-8.00517],[111.64771,-8.00378],[111.64684,-8.00343],[111.64619,-8.00329],[111.64544,-8.00319],[111.64521,-8.00375],[111.64506,-8.00401],[111.64536,-8.00321],[111.64536,-8.00235],[111.64622,-8.00165],[111.64709,-8.00113],[111.64709,-8.00043],[111.64657,-7.99957],[111.64652,-7.99944],[111.64672,-7.99925],[111.64663,-7.99804],[111.647,-7.99748],[111.64703,-7.9973],[111.64731,-7.99662],[111.64727,-7.99653],[111.6485,-7.995],[111.64982,-7.99582],[111.65105,-7.99978],[111.65041,-8.00147],[111.65058,-8.00234]]]]}},{"type":"Feature","properties":{"bpdashl":"BRANTAS SAMPEAN","klas_erosi":"> 180 - 480 Ton/Ha/Tahun","_cls":"> 180 - 480 Ton/Ha/Tahun"},"geometry":{"type":"Polygon","coordinates":[[[111.66168,-7.97169],[111.66154,-7.97224],[111.66151,-7.97323],[111.66158,-7.97344],[111.66192,-7.97383],[111.66225,-7.97404],[111.66209,-7.9743],[111.66164,-7.97459],[111.6615,-7.97491],[111.66119,-7.97504],[111.66109,-7.97532],[111.66084,-7.97553],[111.66007,-7.97543],[111.65961,-7.97555],[111.65925,-7.97551],[111.65906,-7.97535],[111.65841,-7.97532],[111.65783,-7.97537],[111.65734,-7.97555],[111.65704,-7.97558],[111.65641,-7.97579],[111.65626,-7.97593],[111.65613,-7.97621],[111.65598,-7.9767],[111.65574,-7.97731],[111.65565,-7.9778],[111.65545,-7.97824],[111.6553,-7.97871],[111.65535,-7.97968],[111.65527,-7.98003],[111.6551,-7.98043],[111.65499,-7.98059],[111.65388,-7.9814],[111.65372,-7.98154],[111.65369,-7.98166],[111.65376,-7.98223],[111.65338,-7.98336],[111.65335,-7.98357],[111.65342,-7.98378],[111.65351,-7.98448],[111.65367,-7.98499],[111.65371,-7.98551],[111.65369,-7.98584],[111.65358,-7.98614],[111.65367,-7.98644],[111.65382,-7.98659],[111.65407,-7.98675],[111.6544,-7.98723],[111.65405,-7.98752],[111.65354,-7.98757],[111.65301,-7.98804],[111.65252,-7.98838],[111.65246,-7.98862],[111.65168,-7.98862],[111.65109,-7.98835],[111.65094,-7.98779],[111.6506,-7.98745],[111.65038,-7.98733],[111.6497,-7.98773],[111.64923,-7.98844],[111.64932,-7.98862],[111.64812,-7.98846],[111.64742,-7.98811],[111.64742,-7.98725],[111.6467,-7.98584],[111.6455,-7.98499],[111.64484,-7.98415],[111.64602,-7.98134],[111.64654,-7.97995],[111.64706,-7.97839],[111.6481,-7.97769],[111.64934,-7.97715],[111.65002,-7.9763],[111.65125,-7.97454],[111.64919,-7.97313],[111.64944,-7.97047],[111.64977,-7.96817],[111.64894,-7.96729],[111.64893,-7.96716],[111.64977,-7.96714],[111.65014,-7.96708],[111.65052,-7.96711],[111.65101,-7.96704],[111.65144,-7.96695],[111.65161,-7.96677],[111.65201,-7.9665],[111.65298,-7.96639],[111.65439,-7.96677],[111.65536,-7.96708],[111.65701,-7.96772],[111.65871,-7.9682],[111.65994,-7.96862],[111.66014,-7.96892],[111.6605,-7.969],[111.66081,-7.96923],[111.66095,-7.96948],[111.66117,-7.9703],[111.6613,-7.97109],[111.66157,-7.97128],[111.66168,-7.97169]]]}},{"type":"Feature","properties":{"bpdashl":"BRANTAS SAMPEAN","klas_erosi":"> 480 Ton/Ha/Tahun","_cls":"> 480 Ton/Ha/Tahun"},"geometry":{"type":"MultiPolygon","coordinates":[[[[111.56979,-8.04867],[111.56959,-8.0487],[111.56989,-8.04861],[111.56979,-8.04867]]],[[[111.57023,-8.04841],[111.57013,-8.04847],[111.57023,-8.04842],[111.57023,-8.04841]]],[[[111.57061,-8.04837],[111.57032,-8.0484],[111.57048,-8.04836],[111.57061,-8.04837]]],[[[111.57268,-8.04823],[111.57249,-8.04826],[111.57266,-8.04822],[111.57311,-8.04801],[111.57336,-8.04783],[111.57346,-8.04747],[111.57351,-8.04639],[111.57352,-8.0468],[111.57347,-8.04736],[111.57345,-8.04763],[111.57339,-8.04782],[111.57327,-8.04795],[111.57268,-8.04823]]],[[[111.57384,-8.04466],[111.57369,-8.04537],[111.57381,-8.04467],[111.57366,-8.04392],[111.57384,-8.04466]]],[[[111.57409,-8.04211],[111.57402,-8.04225],[111.57407,-8.04211],[111.57409,-8.04183],[111.57409,-8.04211]]],[[[111.57449,-8.03982],[111.57442,-8.0399],[111.57445,-8.03985],[111.57449,-8.03982]]],[[[111.57634,-8.03876],[111.57504,-8.03947],[111.57536,-8.03926],[111.57536,-8.03909],[111.57598,-8.03871],[111.57651,-8.03857],[111.57679,-8.03858],[111.57671,-8.03871],[111.57634,-8.03876]]],[[[111.58598,-8.02406],[111.58549,-8.02433],[111.5861,-8.02362],[111.58719,-8.02309],[111.58668,-8.02361],[111.58598,-8.02406]]],[[[111.562,-8.02511],[111.56337,-8.027],[111.56527,-8.027],[111.56636,-8.02619],[111.56687,-8.02516],[111.56721,-8.02456],[111.56721,-8.02462],[111.5673,-8.02472],[111.56749,-8.02483],[111.56806,-8.025],[111.56853,-8.025],[111.56886,-8.02509],[111.56901,-8.02509],[111.56907,-8.02492],[111.5692,-8.02427],[111.56935,-8.02401],[111.56968,-8.02401],[111.56978,-8.02397],[111.56996,-8.02401],[111.57017,-8.02416],[111.5708,-8.0244],[111.57106,-8.02453],[111.57132,-8.02472],[111.57147,-8.02498],[111.57167,-8.02573],[111.57169,-8.02605],[111.57186,-8.02657],[111.57199,-8.02683],[111.57221,-8.02698],[111.5724,-8.02704],[111.57264,-8.02706],[111.57275,-8.027],[111.57283,-8.02674],[111.57283,-8.02642],[111.57288,-8.02618],[111.57303,-8.02605],[111.57333,-8.02594],[111.57344,-8.02586],[111.57342,-8.02564],[111.57318,-8.02536],[111.57316,-8.02519],[111.57346,-8.0251],[111.57376,-8.02521],[111.57404,-8.02521],[111.57426,-8.02506],[111.57447,-8.0248],[111.57452,-8.02461],[111.57462,-8.02439],[111.57497,-8.02426],[111.57551,-8.02385],[111.57594,-8.02383],[111.57616,-8.024],[111.57655,-8.02469],[111.57672,-8.02491],[111.57715,-8.02527],[111.5775,-8.02583],[111.57806,-8.02617],[111.5783,-8.02645],[111.57858,-8.02663],[111.57875,-8.02658],[111.57897,-8.02635],[111.57921,-8.02594],[111.57964,-8.02574],[111.57981,-8.02553],[111.58007,-8.02451],[111.58076,-8.02404],[111.58115,-8.02391],[111.5815,-8.02402],[111.58158,-8.0241],[111.58169,-8.02434],[111.5818,-8.02449],[111.58197,-8.02447],[111.58237,-8.0242],[111.58274,-8.02524],[111.5829,-8.02543],[111.58303,-8.02545],[111.58273,-8.02572],[111.58261,-8.0266],[111.58234,-8.02701],[111.58189,-8.02791],[111.58111,-8.02913],[111.58068,-8.03003],[111.58035,-8.03081],[111.57994,-8.03133],[111.57972,-8.03179],[111.57948,-8.03243],[111.57911,-8.0331],[111.57902,-8.03354],[111.57828,-8.03463],[111.57817,-8.03496],[111.57795,-8.03519],[111.57771,-8.03557],[111.57644,-8.03431],[111.5759,-8.03241],[111.57525,-8.03209],[111.57481,-8.03211],[111.57474,-8.03208],[111.57474,-8.03174],[111.5747,-8.03144],[111.57457,-8.03095],[111.57454,-8.03043],[111.57426,-8.03065],[111.57394,-8.0308],[111.57381,-8.03076],[111.57398,-8.03039],[111.57426,-8.03017],[111.5745,-8.02991],[111.57499,-8.02912],[111.57502,-8.02894],[111.57484,-8.02905],[111.57381,-8.02998],[111.57322,-8.03024],[111.57294,-8.03024],[111.57271,-8.03002],[111.57206,-8.02992],[111.57167,-8.02979],[111.5716,-8.02938],[111.57162,-8.02901],[111.57158,-8.02863],[111.57151,-8.02837],[111.57141,-8.0282],[111.57067,-8.02736],[111.57041,-8.02615],[111.57013,-8.02645],[111.56914,-8.02673],[111.56933,-8.02693],[111.56968,-8.02714],[111.56955,-8.02721],[111.56857,-8.02721],[111.56819,-8.02736],[111.56847,-8.02764],[111.56883,-8.02779],[111.56957,-8.02794],[111.57022,-8.02802],[111.57046,-8.02802],[111.57074,-8.02824],[111.57095,-8.02858],[111.57108,-8.02942],[111.57091,-8.03009],[111.57087,-8.03048],[111.57068,-8.03093],[111.57055,-8.03138],[111.57057,-8.03184],[111.57066,-8.03225],[111.57079,-8.03265],[111.57085,-8.03302],[111.5713,-8.03316],[111.57094,-8.03347],[111.56773,-8.03406],[111.56757,-8.03446],[111.56745,-8.0344],[111.56727,-8.03438],[111.56698,-8.03464],[111.56662,-8.03476],[111.56646,-8.03478],[111.56483,-8.03414],[111.56245,-8.03524],[111.56237,-8.0355],[111.56253,-8.03726],[111.56351,-8.03842],[111.56499,-8.03858],[111.5678,-8.03923],[111.57067,-8.03838],[111.57068,-8.0389],[111.57077,-8.03912],[111.57103,-8.03935],[111.57127,-8.03944],[111.57151,-8.03959],[111.5717,-8.03978],[111.57185,-8.04002],[111.57198,-8.04013],[111.57213,-8.04032],[111.57182,-8.0411],[111.56938,-8.04354],[111.56557,-8.04355],[111.56312,-8.04436],[111.56175,-8.04436],[111.56039,-8.04355],[111.55958,-8.04181],[111.55653,-8.04278],[111.55699,-8.04257],[111.55715,-8.04241],[111.55717,-8.0423],[111.55688,-8.04199],[111.55645,-8.04116],[111.55647,-8.04076],[111.5567,-8.04058],[111.55721,-8.04062],[111.55744,-8.04078],[111.55773,-8.04134],[111.55807,-8.04149],[111.55867,-8.04169],[111.55896,-8.0416],[111.55912,-8.04143],[111.55921,-8.04122],[111.55986,-8.04066],[111.56022,-8.0406],[111.56069,-8.04102],[111.56087,-8.04104],[111.56107,-8.04098],[111.56132,-8.0408],[111.56165,-8.04075],[111.56185,-8.04091],[111.56217,-8.04104],[111.56273,-8.0412],[111.56351,-8.04122],[111.56372,-8.04117],[111.56423,-8.0409],[111.56421,-8.04064],[111.56396,-8.04053],[111.56376,-8.0403],[111.56369,-8.04015],[111.56365,-8.03977],[111.56366,-8.03951],[111.56321,-8.03921],[111.56291,-8.03906],[111.56232,-8.03887],[111.56217,-8.03876],[111.56107,-8.03885],[111.5609,-8.03881],[111.56035,-8.03855],[111.5596,-8.03846],[111.5591,-8.03831],[111.55858,-8.03829],[111.55822,-8.03838],[111.55798,-8.03849],[111.55739,-8.03862],[111.55681,-8.03857],[111.55644,-8.0386],[111.55618,-8.03858],[111.55599,-8.0384],[111.55558,-8.03821],[111.55534,-8.03817],[111.55493,-8.03828],[111.55474,-8.03849],[111.55461,-8.03871],[111.5543,-8.03888],[111.55396,-8.03888],[111.5537,-8.03882],[111.55288,-8.03873],[111.55221,-8.0388],[111.55199,-8.0389],[111.55188,-8.03903],[111.55204,-8.03923],[111.55214,-8.03944],[111.55211,-8.03953],[111.55013,-8.03745],[111.55128,-8.03448],[111.54996,-8.03152],[111.54968,-8.02923],[111.54936,-8.02894],[111.54909,-8.02861],[111.54939,-8.02855],[111.5496,-8.02855],[111.54946,-8.02741],[111.55078,-8.02592],[111.55424,-8.02707],[111.55556,-8.02625],[111.55556,-8.02197],[111.55622,-8.01884],[111.55853,-8.01884],[111.56089,-8.02026],[111.56119,-8.02267],[111.562,-8.02511]],[[111.57838,-8.02732],[111.57847,-8.02763],[111.57791,-8.02788],[111.57791,-8.02769],[111.57774,-8.02754],[111.57756,-8.0275],[111.57722,-8.02763],[111.57722,-8.02784],[111.57735,-8.02832],[111.57737,-8.02862],[111.57731,-8.02903],[111.57705,-8.02935],[111.57664,-8.02952],[111.57629,-8.02961],[111.57629,-8.03004],[111.57618,-8.03034],[111.57729,-8.03026],[111.57774,-8.03041],[111.57791,-8.03051],[111.57835,-8.0304],[111.57867,-8.03025],[111.57889,-8.03008],[111.57908,-8.03002],[111.57934,-8.03012],[111.57934,-8.03055],[111.57921,-8.03079],[111.57904,-8.03098],[111.579,-8.03118],[111.57925,-8.03131],[111.57951,-8.03124],[111.57966,-8.03107],[111.57974,-8.03107],[111.58004,-8.02992],[111.58034,-8.02894],[111.58072,-8.02775],[111.58106,-8.02684],[111.58061,-8.0264],[111.58037,-8.02648],[111.58037,-8.02637],[111.58007,-8.02599],[111.57961,-8.02607],[111.57964,-8.02646],[111.57955,-8.02683],[111.57953,-8.02709],[111.57983,-8.02762],[111.57931,-8.02737],[111.57914,-8.02752],[111.57899,-8.02743],[111.57886,-8.02704],[111.57875,-8.02685],[111.57851,-8.02704],[111.57838,-8.02732]]],[[[111.61123,-8.00709],[111.6121,-8.00917],[111.61227,-8.01021],[111.61176,-8.0116],[111.61106,-8.01212],[111.61037,-8.01195],[111.6091,-8.01128],[111.60741,-8.01195],[111.60726,-8.01219],[111.60701,-8.01228],[111.60731,-8.01243],[111.60744,-8.01271],[111.60731,-8.01292],[111.60738,-8.01329],[111.60699,-8.01342],[111.60708,-8.01404],[111.60723,-8.01406],[111.60749,-8.01395],[111.60788,-8.01391],[111.60794,-8.0141],[111.6077,-8.0143],[111.60742,-8.01445],[111.60747,-8.01467],[111.60807,-8.01462],[111.60814,-8.01484],[111.60805,-8.01507],[111.60773,-8.01497],[111.60738,-8.01516],[111.60734,-8.01536],[111.60768,-8.01553],[111.60736,-8.01556],[111.60662,-8.01588],[111.60637,-8.01607],[111.60642,-8.01638],[111.60652,-8.01648],[111.6067,-8.01655],[111.60689,-8.01666],[111.60704,-8.01687],[111.60713,-8.01742],[111.60726,-8.0178],[111.60753,-8.01805],[111.60778,-8.01816],[111.60746,-8.01857],[111.60703,-8.0189],[111.60665,-8.01909],[111.60627,-8.01935],[111.60596,-8.01944],[111.60575,-8.01944],[111.60531,-8.01929],[111.60489,-8.01921],[111.60449,-8.01906],[111.60387,-8.01868],[111.60346,-8.01859],[111.60286,-8.01859],[111.60201,-8.01829],[111.60185,-8.01826],[111.60156,-8.01827],[111.60096,-8.01834],[111.6005,-8.01829],[111.6003,-8.01824],[111.59969,-8.01827],[111.59918,-8.01847],[111.59838,-8.0184],[111.59786,-8.0185],[111.59732,-8.01869],[111.59713,-8.01871],[111.59702,-8.01867],[111.59646,-8.01795],[111.59625,-8.01754],[111.59562,-8.01789],[111.59524,-8.01833],[111.59514,-8.01842],[111.59498,-8.01847],[111.59423,-8.01851],[111.5924,-8.01895],[111.59046,-8.01938],[111.58927,-8.02055],[111.58936,-8.02036],[111.58916,-8.01848],[111.58868,-8.01809],[111.58838,-8.01766],[111.58838,-8.01724],[111.58851,-8.01686],[111.58878,-8.01647],[111.58931,-8.0163],[111.5896,-8.01614],[111.58989,-8.0157],[111.58999,-8.01517],[111.5899,-8.01494],[111.59046,-8.01476],[111.59113,-8.01433],[111.5916,-8.01388],[111.59167,-8.0136],[111.59166,-8.01331],[111.59182,-8.01254],[111.59196,-8.01211],[111.59252,-8.01202],[111.59314,-8.0116],[111.59449,-8.011],[111.59489,-8.01068],[111.59515,-8.01013],[111.59531,-8.00956],[111.59584,-8.00924],[111.59677,-8.00887],[111.59795,-8.00845],[111.59839,-8.00746],[111.59861,-8.00713],[111.59935,-8.00677],[111.59945,-8.00651],[111.59943,-8.00675],[111.59961,-8.00682],[111.6,-8.00684],[111.60058,-8.00681],[111.60082,-8.00664],[111.60117,-8.00627],[111.60156,-8.00595],[111.60188,-8.00533],[111.60181,-8.00507],[111.60225,-8.00543],[111.60244,-8.00576],[111.60244,-8.00597],[111.60203,-8.00638],[111.60186,-8.00679],[111.60138,-8.00718],[111.60095,-8.00763],[111.6008,-8.00785],[111.60108,-8.00795],[111.60169,-8.00772],[111.60227,-8.00772],[111.60262,-8.00763],[111.60283,-8.00744],[111.60303,-8.00746],[111.60324,-8.00755],[111.60287,-8.00658],[111.60269,-8.00536],[111.60273,-8.00447],[111.60374,-8.0038],[111.60443,-8.0031],[111.60477,-8.00224],[111.60738,-7.99963],[111.60843,-7.99945],[111.60947,-7.9998],[111.60983,-8.00084],[111.60931,-8.00223],[111.60931,-8.00362],[111.60983,-8.00535],[111.61036,-8.00639],[111.61123,-8.00709]],[[111.60296,-8.00787],[111.60283,-8.00812],[111.6027,-8.0083],[111.60251,-8.00847],[111.60229,-8.00853],[111.60223,-8.00832],[111.60188,-8.00836],[111.60178,-8.00851],[111.60173,-8.00875],[111.60178,-8.00907],[111.60171,-8.00942],[111.60147,-8.00948],[111.60113,-8.00948],[111.60074,-8.00964],[111.60007,-8.01065],[111.59996,-8.0111],[111.59979,-8.01151],[111.59977,-8.01179],[111.59984,-8.01211],[111.59962,-8.01224],[111.59936,-8.01229],[111.59908,-8.01229],[111.59882,-8.01311],[111.59815,-8.01362],[111.59809,-8.01393],[111.59824,-8.0141],[111.59854,-8.01408],[111.59885,-8.01425],[111.59902,-8.01457],[111.59917,-8.01543],[111.59924,-8.01563],[111.5994,-8.01572],[111.5994,-8.01439],[111.59973,-8.01256],[111.59982,-8.01252],[111.60006,-8.01226],[111.60218,-8.01075],[111.60339,-8.01005],[111.60357,-8.00866],[111.60344,-8.00821],[111.60333,-8.00823],[111.60324,-8.00795],[111.60309,-8.0078],[111.60296,-8.00787]]],[[[111.64977,-7.96817],[111.64944,-7.97047],[111.64919,-7.97313],[111.65125,-7.97454],[111.65002,-7.9763],[111.64934,-7.97715],[111.6481,-7.97769],[111.64706,-7.97839],[111.64654,-7.97995],[111.64602,-7.98134],[111.64484,-7.98415],[111.6455,-7.98499],[111.6467,-7.98584],[111.64742,-7.98725],[111.64742,-7.98811],[111.64812,-7.98846],[111.64934,-7.98863],[111.65073,-7.98932],[111.65263,-7.98966],[111.65334,-7.98966],[111.65317,-7.98827],[111.6544,-7.98723],[111.65418,-7.9869],[111.65443,-7.98727],[111.65503,-7.988],[111.65496,-7.98807],[111.65516,-7.98829],[111.65579,-7.9888],[111.65596,-7.98902],[111.65596,-7.99035],[111.65593,-7.99056],[111.65558,-7.99081],[111.65583,-7.9914],[111.65578,-7.99174],[111.65579,-7.99278],[111.65625,-7.99362],[111.65621,-7.99485],[111.65631,-7.99635],[111.65598,-7.99768],[111.65581,-7.99823],[111.65504,-7.99823],[111.65423,-7.99903],[111.65388,-8.0006],[111.65367,-8.00252],[111.6533,-8.003],[111.65321,-8.00324],[111.65306,-8.00346],[111.65295,-8.00355],[111.6525,-8.00355],[111.65163,-8.00321],[111.65058,-8.00234],[111.65041,-8.00147],[111.65105,-7.99978],[111.64982,-7.99582],[111.6485,-7.995],[111.64727,-7.99653],[111.64731,-7.99662],[111.64703,-7.9973],[111.647,-7.99748],[111.64663,-7.99804],[111.64672,-7.99925],[111.64652,-7.99944],[111.64657,-7.99957],[111.64709,-8.00043],[111.64709,-8.00113],[111.64622,-8.00165],[111.64536,-8.00235],[111.64536,-8.00321],[111.64506,-8.00401],[111.64487,-8.00433],[111.64455,-8.00468],[111.6444,-8.00477],[111.64396,-8.00495],[111.64344,-8.00443],[111.64326,-8.00374],[111.64326,-8.00252],[111.64291,-8.00131],[111.64065,-8.00131],[111.63978,-8.00079],[111.63856,-8.0008],[111.63734,-8.00132],[111.63636,-8.00214],[111.63611,-8.00215],[111.63528,-8.00258],[111.6343,-8.00326],[111.63376,-8.00353],[111.63334,-8.00395],[111.63304,-8.00462],[111.63254,-8.00479],[111.63177,-8.00668],[111.63108,-8.00754],[111.63057,-8.00765],[111.63044,-8.00756],[111.63016,-8.00769],[111.62979,-8.00763],[111.62979,-8.008],[111.62932,-8.00859],[111.6291,-8.0086],[111.62887,-8.00871],[111.6285,-8.00899],[111.62818,-8.00933],[111.62802,-8.00925],[111.62802,-8.00901],[111.62813,-8.00853],[111.62837,-8.00789],[111.62856,-8.00789],[111.62897,-8.00772],[111.62893,-8.00765],[111.62897,-8.00741],[111.62912,-8.00718],[111.62945,-8.007],[111.62951,-8.00683],[111.62951,-8.0067],[111.62984,-8.00657],[111.63057,-8.00659],[111.63081,-8.00648],[111.63072,-8.00642],[111.63064,-8.00646],[111.63025,-8.00618],[111.63012,-8.00603],[111.63009,-8.0058],[111.62977,-8.00612],[111.62947,-8.00621],[111.62932,-8.00634],[111.62895,-8.00655],[111.62882,-8.00647],[111.62871,-8.00625],[111.62867,-8.00601],[111.62856,-8.0058],[111.62856,-8.00568],[111.62839,-8.00602],[111.62804,-8.00649],[111.62787,-8.00692],[111.62772,-8.00699],[111.62724,-8.00706],[111.62709,-8.00712],[111.6269,-8.00708],[111.62681,-8.00693],[111.6267,-8.00731],[111.62657,-8.00747],[111.62631,-8.00757],[111.62619,-8.00753],[111.62612,-8.00734],[111.62616,-8.00706],[111.62603,-8.00682],[111.62603,-8.00706],[111.62502,-8.00807],[111.62471,-8.00853],[111.62457,-8.00846],[111.62436,-8.00828],[111.62422,-8.00738],[111.62404,-8.00704],[111.62376,-8.00693],[111.62318,-8.0065],[111.62286,-8.00674],[111.62252,-8.00688],[111.62178,-8.00699],[111.62132,-8.00748],[111.61995,-8.00801],[111.61961,-8.00706],[111.61664,-8.00427],[111.61564,-8.00032],[111.61696,-7.99883],[111.61811,-7.99571],[111.61696,-7.99538],[111.61481,-7.99637],[111.61068,-7.99555],[111.61052,-7.99525],[111.60895,-7.99598],[111.60721,-7.99563],[111.60407,-7.99564],[111.6032,-7.9939],[111.6032,-7.99095],[111.60299,-7.98992],[111.60271,-7.99052],[111.60282,-7.9897],[111.6029,-7.98934],[111.60328,-7.98908],[111.60395,-7.98892],[111.60461,-7.98882],[111.605,-7.98881],[111.6057,-7.98869],[111.60629,-7.98865],[111.60666,-7.98855],[111.60799,-7.988],[111.60843,-7.98777],[111.60891,-7.98743],[111.60936,-7.98742],[111.60995,-7.98803],[111.61036,-7.98812],[111.61063,-7.98807],[111.61083,-7.98792],[111.61133,-7.98791],[111.61151,-7.98737],[111.61173,-7.98653],[111.61241,-7.98568],[111.61253,-7.9851],[111.61244,-7.98431],[111.61247,-7.98402],[111.61317,-7.98216],[111.61418,-7.98131],[111.61461,-7.98106],[111.61478,-7.98172],[111.61484,-7.98222],[111.615,-7.98304],[111.61516,-7.98348],[111.6154,-7.98461],[111.61576,-7.9852],[111.616,-7.98526],[111.61673,-7.98468],[111.61714,-7.98424],[111.61741,-7.9843],[111.6181,-7.98467],[111.61899,-7.98477],[111.61987,-7.98467],[111.62027,-7.98476],[111.62066,-7.98514],[111.62108,-7.98543],[111.62187,-7.98624],[111.62228,-7.98662],[111.62242,-7.98684],[111.6231,-7.98706],[111.62345,-7.98722],[111.62367,-7.98744],[111.62383,-7.98772],[111.62392,-7.9881],[111.62411,-7.98826],[111.62427,-7.98848],[111.62481,-7.98927],[111.62522,-7.98996],[111.62519,-7.99027],[111.62525,-7.99153],[111.62523,-7.99168],[111.62461,-7.99127],[111.62322,-7.99144],[111.62218,-7.99231],[111.62153,-7.99296],[111.62131,-7.99388],[111.62217,-7.99457],[111.62357,-7.99474],[111.62444,-7.99509],[111.62536,-7.996],[111.62616,-7.99685],[111.62448,-7.99774],[111.6243,-7.99859],[111.62414,-7.99853],[111.62355,-7.99802],[111.62335,-7.99801],[111.62322,-7.99811],[111.62294,-7.99856],[111.6228,-7.99885],[111.62251,-8.0],[111.62277,-8.00122],[111.62296,-8.00139],[111.62315,-8.00147],[111.62326,-8.0016],[111.62331,-8.00175],[111.62329,-8.00208],[111.62337,-8.003],[111.62352,-8.0032],[111.62387,-8.00315],[111.62399,-8.00304],[111.62444,-8.00291],[111.62406,-8.0035],[111.62404,-8.00362],[111.62408,-8.00378],[111.62415,-8.00389],[111.62463,-8.00429],[111.62516,-8.00516],[111.62603,-8.0062],[111.62603,-8.00666],[111.6267,-8.00602],[111.62687,-8.00573],[111.62709,-8.00552],[111.62738,-8.00498],[111.62787,-8.00472],[111.62851,-8.00458],[111.62896,-8.00423],[111.62916,-8.00413],[111.62923,-8.00414],[111.62924,-8.00417],[111.62997,-8.00363],[111.63068,-8.00362],[111.6316,-8.00377],[111.63121,-8.00299],[111.63106,-8.00302],[111.63085,-8.003],[111.63065,-8.00291],[111.63062,-8.00287],[111.63008,-8.00305],[111.62864,-8.00237],[111.62829,-8.00116],[111.62828,-7.99977],[111.62793,-7.99887],[111.62758,-7.9963],[111.6274,-7.99543],[111.62626,-7.99315],[111.62641,-7.99311],[111.62659,-7.99295],[111.62691,-7.99257],[111.62781,-7.99226],[111.62826,-7.99235],[111.62884,-7.99228],[111.62912,-7.99205],[111.62937,-7.99194],[111.62984,-7.99184],[111.63155,-7.99133],[111.63367,-7.99095],[111.63405,-7.991],[111.63442,-7.99064],[111.63468,-7.99033],[111.63502,-7.99007],[111.63551,-7.98945],[111.63589,-7.98954],[111.6362,-7.9895],[111.63654,-7.98937],[111.63722,-7.98881],[111.63776,-7.9882],[111.6377,-7.98763],[111.63761,-7.98732],[111.63771,-7.98682],[111.63802,-7.98644],[111.63815,-7.98616],[111.63818,-7.98578],[111.63814,-7.98427],[111.63822,-7.9837],[111.63833,-7.98313],[111.63848,-7.98288],[111.63882,-7.98264],[111.63906,-7.98258],[111.63925,-7.98257],[111.63953,-7.98244],[111.63954,-7.98206],[111.63922,-7.98175],[111.63906,-7.9814],[111.63925,-7.98042],[111.63943,-7.97995],[111.6397,-7.97957],[111.63983,-7.97914],[111.63984,-7.97872],[111.63995,-7.97822],[111.63997,-7.97795],[111.63975,-7.97747],[111.63907,-7.97681],[111.63905,-7.97617],[111.63873,-7.97513],[111.63832,-7.97406],[111.63888,-7.97407],[111.63922,-7.97403],[111.63958,-7.97386],[111.63968,-7.97355],[111.64015,-7.97292],[111.64093,-7.97156],[111.64131,-7.97109],[111.64144,-7.97087],[111.64164,-7.97023],[111.64172,-7.96972],[111.64172,-7.9692],[111.64156,-7.96887],[111.64151,-7.96852],[111.6415,-7.96801],[111.64194,-7.96775],[111.64294,-7.96744],[111.64315,-7.96766],[111.64358,-7.9678],[111.64388,-7.96773],[111.64443,-7.96815],[111.6449,-7.96828],[111.64539,-7.96836],[111.64692,-7.96847],[111.64738,-7.96857],[111.64836,-7.96849],[111.64883,-7.96873],[111.64898,-7.96779],[111.64894,-7.96729],[111.64977,-7.96817]]]]}},{"type":"Feature","properties":{"bpdashl":"BRANTAS SAMPEAN","klas_erosi":"> 480 Ton/Ha/Tahun","_cls":"> 480 Ton/Ha/Tahun"},"geometry":{"type":"MultiPolygon","coordinates":[[[[111.55434,-8.04868],[111.55433,-8.04894],[111.55424,-8.04893],[111.5543,-8.04856],[111.55434,-8.04868]]],[[[111.5536,-8.04785],[111.5538,-8.0481],[111.55362,-8.04794],[111.5536,-8.04785]]],[[[111.54298,-8.04113],[111.5425,-8.04189],[111.54235,-8.04195],[111.5422,-8.04184],[111.54192,-8.04183],[111.54175,-8.04158],[111.54167,-8.04156],[111.54131,-8.04199],[111.54103,-8.04203],[111.54048,-8.04221],[111.54024,-8.04212],[111.5398,-8.04225],[111.5396,-8.04207],[111.53947,-8.04208],[111.53878,-8.0425],[111.53887,-8.04218],[111.53933,-8.04136],[111.53962,-8.04108],[111.54287,-8.04108],[111.54298,-8.04113]]]]}},{"type":"Feature","properties":{"bpdashl":"BRANTAS SAMPEAN","klas_erosi":"> 60 - 180 Ton/Ha/Tahun","_cls":"> 60 - 180 Ton/Ha/Tahun"},"geometry":{"type":"Polygon","coordinates":[[[111.65609,-7.99234],[111.65626,-7.99358],[111.65625,-7.99362],[111.65579,-7.99278],[111.65579,-7.99197],[111.656,-7.99226],[111.65609,-7.99234]]]}},{"type":"Feature","properties":{"bpdashl":"BRANTAS SAMPEAN","klas_erosi":"> 60 - 180 Ton/Ha/Tahun","_cls":"> 60 - 180 Ton/Ha/Tahun"},"geometry":{"type":"Polygon","coordinates":[[[111.61655,-7.99557],[111.61675,-7.99563],[111.61713,-7.99606],[111.61641,-7.99733],[111.61595,-7.9977],[111.61583,-7.99753],[111.61537,-7.99723],[111.61458,-7.99718],[111.61419,-7.9971],[111.61356,-7.99747],[111.61329,-7.99733],[111.61298,-7.99686],[111.61227,-7.99655],[111.61165,-7.99604],[111.61169,-7.99682],[111.61217,-7.99747],[111.612,-7.99764],[111.61142,-7.99798],[111.61162,-7.99859],[111.61135,-7.99913],[111.61139,-7.99961],[111.61064,-7.99954],[111.61082,-8.0],[111.61114,-8.00038],[111.6116,-8.00067],[111.61189,-8.00074],[111.61211,-8.00083],[111.61238,-8.0011],[111.61244,-8.00121],[111.61249,-8.00141],[111.6124,-8.00158],[111.61181,-8.00186],[111.61151,-8.00222],[111.61121,-8.00231],[111.61099,-8.00233],[111.61075,-8.00242],[111.61119,-8.00291],[111.61142,-8.00309],[111.61158,-8.00315],[111.6116,-8.0039],[111.61164,-8.00416],[111.61162,-8.00481],[111.61175,-8.00515],[111.61197,-8.0055],[111.6121,-8.0058],[111.61216,-8.00586],[111.61233,-8.00621],[111.61213,-8.00662],[111.61219,-8.00699],[111.61245,-8.00733],[111.61243,-8.00736],[111.61213,-8.0071],[111.61186,-8.00666],[111.61155,-8.00669],[111.61138,-8.00663],[111.61113,-8.00647],[111.61091,-8.00641],[111.6105,-8.0065],[111.61036,-8.00639],[111.60983,-8.00535],[111.60931,-8.00362],[111.60931,-8.00223],[111.60983,-8.00084],[111.60947,-7.9998],[111.60881,-7.99958],[111.60888,-7.99951],[111.60894,-7.99933],[111.60897,-7.99907],[111.60888,-7.99853],[111.60845,-7.99777],[111.60803,-7.99734],[111.6082,-7.99641],[111.60798,-7.99624],[111.60696,-7.99616],[111.60633,-7.99645],[111.60616,-7.99773],[111.6056,-7.9979],[111.60475,-7.99786],[111.60424,-7.9977],[111.60433,-7.99711],[111.60409,-7.99654],[111.60237,-7.99522],[111.60179,-7.99636],[111.60178,-7.99593],[111.602,-7.99551],[111.60234,-7.99503],[111.60256,-7.99453],[111.60266,-7.99409],[111.60263,-7.99362],[111.60278,-7.99327],[111.60297,-7.99298],[111.60304,-7.99225],[111.60295,-7.99181],[111.60264,-7.9915],[111.60256,-7.99113],[111.60269,-7.99075],[111.60271,-7.99052],[111.60299,-7.98992],[111.6032,-7.99095],[111.6032,-7.9939],[111.60407,-7.99564],[111.60721,-7.99563],[111.60895,-7.99598],[111.61052,-7.99525],[111.61068,-7.99555],[111.61481,-7.99637],[111.61655,-7.99557]]]}},{"type":"Feature","properties":{"bpdashl":"BRANTAS SAMPEAN","klas_erosi":"> 60 - 180 Ton/Ha/Tahun","_cls":"> 60 - 180 Ton/Ha/Tahun"},"geometry":{"type":"Polygon","coordinates":[[[111.65405,-7.98752],[111.65317,-7.98827],[111.65334,-7.98966],[111.65263,-7.98966],[111.65073,-7.98932],[111.64932,-7.98862],[111.64923,-7.98844],[111.6497,-7.98773],[111.65038,-7.98733],[111.6506,-7.98745],[111.65094,-7.98779],[111.65109,-7.98835],[111.65168,-7.98862],[111.65246,-7.98862],[111.65252,-7.98838],[111.65301,-7.98804],[111.65354,-7.98757],[111.65405,-7.98752]]]}},{"type":"Feature","properties":{"bpdashl":"BRANTAS SAMPEAN","klas_erosi":"> 60 - 180 Ton/Ha/Tahun","_cls":"> 60 - 180 Ton/Ha/Tahun"},"geometry":{"type":"Polygon","coordinates":[[[111.55083,-8.03564],[111.55065,-8.03544],[111.54997,-8.03541],[111.54958,-8.03511],[111.5494,-8.03467],[111.54931,-8.03416],[111.54967,-8.03389],[111.54976,-8.03339],[111.54907,-8.03268],[111.54922,-8.03238],[111.54969,-8.03226],[111.54972,-8.03187],[111.54969,-8.03137],[111.5499,-8.03108],[111.54996,-8.03152],[111.55128,-8.03448],[111.55083,-8.03564]]]}},{"type":"Feature","properties":{"bpdashl":"BRANTAS SAMPEAN","klas_erosi":"> 60 - 180 Ton/Ha/Tahun","_cls":"> 60 - 180 Ton/Ha/Tahun"},"geometry":{"type":"MultiPolygon","coordinates":[[[[111.6544,-7.98723],[111.6544,-7.98723],[111.65436,-7.98717],[111.6544,-7.98723]]],[[[111.65358,-7.98474],[111.65364,-7.98489],[111.65353,-7.98453],[111.65358,-7.98474]]],[[[111.65345,-7.984],[111.65351,-7.98448],[111.65345,-7.98402],[111.65345,-7.984]]],[[[111.65357,-7.98278],[111.65352,-7.98292],[111.6536,-7.98266],[111.65357,-7.98278]]],[[[111.65371,-7.98179],[111.65374,-7.98202],[111.65373,-7.98196],[111.65371,-7.98179]]],[[[111.65369,-7.98166],[111.65369,-7.98166],[111.65369,-7.98166],[111.65369,-7.98166]]],[[[111.65429,-7.98109],[111.65427,-7.98111],[111.65433,-7.98107],[111.65429,-7.98109]]],[[[111.65499,-7.98059],[111.65483,-7.9807],[111.65499,-7.98059],[111.6551,-7.98043],[111.65527,-7.98003],[111.65535,-7.97969],[111.65527,-7.98003],[111.65523,-7.98013],[111.6551,-7.98043],[111.65499,-7.98059]]],[[[111.65535,-7.97939],[111.65535,-7.97958],[111.65534,-7.97932],[111.65535,-7.97939]]],[[[111.6558,-7.97712],[111.65579,-7.97714],[111.65582,-7.97707],[111.6558,-7.97712]]],[[[111.65626,-7.97593],[111.65614,-7.97619],[111.65626,-7.97593],[111.65626,-7.97593]]],[[[111.65732,-7.97556],[111.65731,-7.97556],[111.65732,-7.97556],[111.65732,-7.97556]]],[[[111.65748,-7.9755],[111.65734,-7.97555],[111.65755,-7.97547],[111.65748,-7.9755]]],[[[111.66083,-7.97553],[111.66032,-7.97546],[111.66007,-7.97543],[111.66032,-7.97546],[111.66083,-7.97553]]],[[[111.65788,-7.97537],[111.65784,-7.97537],[111.65784,-7.97537],[111.65788,-7.97537]]],[[[111.65841,-7.97532],[111.65906,-7.97535],[111.65916,-7.97542],[111.65925,-7.97551],[111.65961,-7.97555],[111.65984,-7.97549],[111.66007,-7.97543],[111.66007,-7.97543],[111.65961,-7.97555],[111.65934,-7.97559],[111.65906,-7.97536],[111.65841,-7.97532],[111.65816,-7.97534],[111.65841,-7.97532]]],[[[111.661,-7.97545],[111.66084,-7.97553],[111.66109,-7.97532],[111.66119,-7.97504],[111.66143,-7.97494],[111.66119,-7.97504],[111.66109,-7.97533],[111.661,-7.97545]]],[[[111.6615,-7.97491],[111.66161,-7.97471],[111.66161,-7.97471],[111.66161,-7.97479],[111.6615,-7.97491]]],[[[111.66174,-7.97452],[111.66174,-7.97452],[111.66189,-7.97442],[111.66174,-7.97452]]],[[[111.66223,-7.97414],[111.6621,-7.9743],[111.66225,-7.97404],[111.66223,-7.97414]]],[[[111.66225,-7.97403],[111.66192,-7.97383],[111.66179,-7.97368],[111.66192,-7.97383],[111.66225,-7.97403]]],[[[111.66172,-7.97189],[111.66154,-7.97224],[111.66168,-7.9717],[111.66172,-7.97189]]],[[[111.65507,-7.96573],[111.65531,-7.96601],[111.65563,-7.9662],[111.65637,-7.96706],[111.65693,-7.96718],[111.65778,-7.96766],[111.65799,-7.96688],[111.65849,-7.96735],[111.65902,-7.96777],[111.66052,-7.96757],[111.66187,-7.96716],[111.66262,-7.96713],[111.66343,-7.96758],[111.66349,-7.96774],[111.6635,-7.96813],[111.66333,-7.96884],[111.66299,-7.96982],[111.6626,-7.97052],[111.66251,-7.97061],[111.6624,-7.97089],[111.66223,-7.97107],[111.66171,-7.97122],[111.66163,-7.97129],[111.66168,-7.97169],[111.66157,-7.97128],[111.6613,-7.97109],[111.66117,-7.9703],[111.66095,-7.96948],[111.66081,-7.96923],[111.6605,-7.969],[111.66014,-7.96892],[111.65994,-7.96862],[111.65871,-7.9682],[111.65701,-7.96772],[111.65536,-7.96708],[111.65439,-7.96677],[111.65298,-7.96639],[111.65201,-7.9665],[111.65161,-7.96677],[111.65189,-7.96648],[111.65206,-7.96585],[111.65251,-7.96593],[111.65378,-7.96569],[111.65457,-7.96524],[111.65473,-7.9652],[111.65491,-7.96528],[111.65491,-7.96544],[111.65507,-7.96573]]]]}},{"type":"Feature","properties":{"bpdashl":"BRANTAS SAMPEAN","klas_erosi":"> 60 - 180 Ton/Ha/Tahun","_cls":"> 60 - 180 Ton/Ha/Tahun"},"geometry":{"type":"Polygon","coordinates":[[[111.56991,-8.01916],[111.56976,-8.01938],[111.56902,-8.01973],[111.56889,-8.02022],[111.5683,-8.02039],[111.56787,-8.02081],[111.56769,-8.02173],[111.56742,-8.02178],[111.56762,-8.02151],[111.56769,-8.02117],[111.56799,-8.02045],[111.56824,-8.02031],[111.56838,-8.02017],[111.56865,-8.01972],[111.56948,-8.01793],[111.56947,-8.01766],[111.56976,-8.01752],[111.57028,-8.01747],[111.56989,-8.01754],[111.56991,-8.01916]]]}},{"type":"Feature","properties":{"bpdashl":"BRANTAS SAMPEAN","klas_erosi":"> 60 - 180 Ton/Ha/Tahun","_cls":"> 60 - 180 Ton/Ha/Tahun"},"geometry":{"type":"Polygon","coordinates":[[[111.56742,-8.02178],[111.56769,-8.02173],[111.56787,-8.02081],[111.56796,-8.02072],[111.56792,-8.02111],[111.56794,-8.02184],[111.56788,-8.0221],[111.56766,-8.02225],[111.56747,-8.02227],[111.56697,-8.02244],[111.56661,-8.02287],[111.56658,-8.02311],[111.56669,-8.02337],[111.5668,-8.02397],[111.56715,-8.02425],[111.56721,-8.02444],[111.56721,-8.02456],[111.56687,-8.02516],[111.56636,-8.02619],[111.56527,-8.027],[111.56337,-8.027],[111.562,-8.02511],[111.56119,-8.02267],[111.56089,-8.02026],[111.55853,-8.01884],[111.55622,-8.01884],[111.55556,-8.02197],[111.55556,-8.02625],[111.55424,-8.02707],[111.55078,-8.02592],[111.54946,-8.02741],[111.5496,-8.02855],[111.54939,-8.02855],[111.54909,-8.02861],[111.54936,-8.02894],[111.54968,-8.02923],[111.54972,-8.02957],[111.5496,-8.0295],[111.5493,-8.0295],[111.54883,-8.02944],[111.54841,-8.02956],[111.54805,-8.02986],[111.54802,-8.02996],[111.54802,-8.03054],[111.54817,-8.03099],[111.54841,-8.03155],[111.54791,-8.03137],[111.54766,-8.03104],[111.54749,-8.03143],[111.54731,-8.03197],[111.54773,-8.03229],[111.54788,-8.03298],[111.54767,-8.03351],[111.54743,-8.034],[111.54755,-8.03399],[111.54776,-8.03405],[111.54764,-8.03434],[111.54743,-8.03464],[111.54731,-8.03511],[111.54729,-8.03544],[111.54732,-8.03609],[111.5477,-8.03627],[111.54782,-8.03589],[111.54791,-8.03583],[111.54818,-8.03603],[111.54884,-8.036],[111.54895,-8.03621],[111.54898,-8.0366],[111.54922,-8.03675],[111.54961,-8.0368],[111.55009,-8.03704],[111.55011,-8.03733],[111.55017,-8.03734],[111.55013,-8.03745],[111.55211,-8.03953],[111.55191,-8.04002],[111.55202,-8.04054],[111.55225,-8.04091],[111.55258,-8.0411],[111.55299,-8.04125],[111.55314,-8.04142],[111.55334,-8.04179],[111.55351,-8.04224],[111.55355,-8.04289],[111.55366,-8.04325],[111.55406,-8.04342],[111.5543,-8.04367],[111.55464,-8.04389],[111.55493,-8.04402],[111.55531,-8.04398],[111.55551,-8.04389],[111.55598,-8.04398],[111.55628,-8.04398],[111.55637,-8.0438],[111.55632,-8.04355],[111.55634,-8.04311],[111.55643,-8.04288],[111.55653,-8.04278],[111.55958,-8.04181],[111.56039,-8.04355],[111.56175,-8.04436],[111.56312,-8.04436],[111.56557,-8.04355],[111.56938,-8.04354],[111.57182,-8.0411],[111.57213,-8.04032],[111.57198,-8.04013],[111.57185,-8.04002],[111.5717,-8.03978],[111.57151,-8.03959],[111.57127,-8.03944],[111.57103,-8.03935],[111.57077,-8.03912],[111.57068,-8.0389],[111.57067,-8.03838],[111.5678,-8.03923],[111.56499,-8.03858],[111.56351,-8.03842],[111.56253,-8.03724],[111.56278,-8.03702],[111.56311,-8.03685],[111.56328,-8.03658],[111.56314,-8.03634],[111.56311,-8.03607],[111.56346,-8.03584],[111.56358,-8.03566],[111.56358,-8.03536],[111.5637,-8.03518],[111.56483,-8.03512],[111.56489,-8.03524],[111.56513,-8.03536],[111.56558,-8.03527],[111.5662,-8.03494],[111.56638,-8.03479],[111.56662,-8.03476],[111.56698,-8.03464],[111.56727,-8.03438],[111.56745,-8.0344],[111.56757,-8.03446],[111.56773,-8.03406],[111.57094,-8.03347],[111.57226,-8.03232],[111.57232,-8.03235],[111.57277,-8.03214],[111.57383,-8.03211],[111.57426,-8.0316],[111.57474,-8.03184],[111.57474,-8.03208],[111.57481,-8.03211],[111.57525,-8.03209],[111.5759,-8.03241],[111.57644,-8.03431],[111.57771,-8.03557],[111.57762,-8.03576],[111.57759,-8.03593],[111.57759,-8.0365],[111.57747,-8.0371],[111.57704,-8.03804],[111.5765,-8.03813],[111.57625,-8.03809],[111.57605,-8.038],[111.57578,-8.03773],[111.57565,-8.03746],[111.5752,-8.03682],[111.57508,-8.03648],[111.57486,-8.03606],[111.57461,-8.03581],[111.57443,-8.03526],[111.57387,-8.03494],[111.57367,-8.03463],[111.57347,-8.03421],[111.57288,-8.03385],[111.57253,-8.03381],[111.57219,-8.03385],[111.57185,-8.03394],[111.57167,-8.03405],[111.57172,-8.03421],[111.57192,-8.03439],[111.57224,-8.0345],[111.57304,-8.03468],[111.57358,-8.03506],[111.57385,-8.03535],[111.5743,-8.03633],[111.57437,-8.03677],[111.57441,-8.03791],[111.57446,-8.03829],[111.57455,-8.03849],[111.57473,-8.03861],[111.57489,-8.03896],[111.57489,-8.03938],[111.57536,-8.03909],[111.57536,-8.03926],[111.57462,-8.03971],[111.57432,-8.04],[111.57412,-8.0405],[111.57407,-8.04211],[111.57375,-8.04283],[111.57366,-8.0431],[111.57359,-8.04369],[111.57379,-8.04448],[111.57381,-8.04467],[111.5735,-8.0463],[111.57346,-8.04747],[111.57336,-8.04783],[111.57312,-8.04801],[111.57266,-8.04822],[111.57189,-8.04837],[111.57092,-8.04834],[111.57048,-8.04836],[111.57026,-8.0484],[111.56989,-8.04861],[111.56959,-8.0487],[111.56911,-8.04872],[111.56851,-8.04892],[111.56828,-8.04891],[111.56761,-8.0488],[111.56716,-8.04869],[111.56577,-8.04796],[111.56542,-8.04795],[111.56486,-8.04799],[111.56468,-8.04806],[111.56463,-8.04815],[111.56457,-8.04852],[111.56426,-8.0492],[111.56408,-8.04944],[111.5637,-8.04957],[111.56308,-8.04968],[111.56286,-8.04967],[111.56263,-8.04957],[111.56239,-8.04932],[111.56164,-8.04916],[111.56147,-8.04904],[111.56098,-8.04889],[111.56052,-8.04931],[111.55964,-8.04938],[111.5594,-8.04944],[111.55869,-8.0497],[111.55746,-8.04988],[111.55738,-8.04978],[111.55685,-8.04979],[111.55671,-8.04998],[111.55664,-8.05],[111.5565,-8.04997],[111.55638,-8.04989],[111.55616,-8.0494],[111.55603,-8.04924],[111.55568,-8.04917],[111.55511,-8.04919],[111.55474,-8.04902],[111.55433,-8.04894],[111.55434,-8.04868],[111.5543,-8.04856],[111.55433,-8.04838],[111.55429,-8.04834],[111.55394,-8.04823],[111.5536,-8.04785],[111.55343,-8.04729],[111.5531,-8.04681],[111.55271,-8.04634],[111.5525,-8.04622],[111.55184,-8.04614],[111.55126,-8.04566],[111.55126,-8.0452],[111.55104,-8.04461],[111.55061,-8.04391],[111.55023,-8.0437],[111.54917,-8.04278],[111.54702,-8.04184],[111.54655,-8.04206],[111.54592,-8.04179],[111.54553,-8.0413],[111.5451,-8.04123],[111.54473,-8.04127],[111.5442,-8.04141],[111.54374,-8.04127],[111.54318,-8.04081],[111.54298,-8.04113],[111.54287,-8.04108],[111.53962,-8.04108],[111.54022,-8.04074],[111.54058,-8.04026],[111.54085,-8.03893],[111.5404,-8.03757],[111.53998,-8.03677],[111.53986,-8.0366],[111.53969,-8.03646],[111.53854,-8.03685],[111.53913,-8.03557],[111.53873,-8.03527],[111.53861,-8.03507],[111.53864,-8.03472],[111.53919,-8.03392],[111.53953,-8.03316],[111.53963,-8.03281],[111.53964,-8.03241],[111.53956,-8.03192],[111.5393,-8.03113],[111.53907,-8.0306],[111.5388,-8.0301],[111.53894,-8.02956],[111.5388,-8.0292],[111.53849,-8.02884],[111.53832,-8.02828],[111.53842,-8.02814],[111.5383,-8.02783],[111.53802,-8.02769],[111.53782,-8.0278],[111.53762,-8.02798],[111.5375,-8.02769],[111.53725,-8.02682],[111.53749,-8.02681],[111.53791,-8.0267],[111.53766,-8.0255],[111.53791,-8.02458],[111.53815,-8.02421],[111.5382,-8.02397],[111.53844,-8.02349],[111.53884,-8.02342],[111.5394,-8.02323],[111.53982,-8.0226],[111.54017,-8.02196],[111.54029,-8.02162],[111.54076,-8.02111],[111.54105,-8.02088],[111.5412,-8.0206],[111.54122,-8.02014],[111.5414,-8.0196],[111.54219,-8.0195],[111.54238,-8.01945],[111.54279,-8.01907],[111.54296,-8.01882],[111.54335,-8.01857],[111.54359,-8.01816],[111.54388,-8.01781],[111.54432,-8.01797],[111.54388,-8.01788],[111.54355,-8.01832],[111.5435,-8.01864],[111.54337,-8.01898],[111.54348,-8.01937],[111.54342,-8.01953],[111.54351,-8.01957],[111.5442,-8.01968],[111.54442,-8.01961],[111.54483,-8.01957],[111.54513,-8.01972],[111.54537,-8.02],[111.54619,-8.02065],[111.5466,-8.02067],[111.54699,-8.02056],[111.54716,-8.02036],[111.54751,-8.02036],[111.54783,-8.02043],[111.54829,-8.02041],[111.5487,-8.02043],[111.54902,-8.02053],[111.54941,-8.02053],[111.54974,-8.02049],[111.55023,-8.02034],[111.55054,-8.02004],[111.551,-8.02014],[111.55248,-8.01967],[111.55299,-8.01935],[111.55334,-8.01879],[111.55339,-8.01834],[111.55379,-8.01717],[111.55431,-8.01643],[111.55446,-8.01617],[111.5545,-8.0159],[111.55491,-8.01591],[111.55516,-8.01583],[111.55556,-8.01579],[111.55609,-8.01587],[111.55632,-8.01593],[111.55699,-8.01637],[111.55741,-8.0166],[111.55745,-8.01698],[111.55749,-8.01793],[111.55774,-8.01828],[111.5584,-8.01856],[111.55981,-8.01953],[111.56041,-8.01981],[111.56147,-8.02043],[111.56194,-8.02064],[111.56255,-8.02078],[111.56279,-8.02108],[111.56313,-8.02142],[111.56367,-8.0217],[111.56489,-8.02176],[111.56549,-8.02186],[111.56591,-8.02206],[111.56627,-8.0221],[111.56722,-8.02192],[111.56738,-8.02184],[111.56742,-8.02178]],[[111.56982,-8.04488],[111.56913,-8.04479],[111.56878,-8.04471],[111.56858,-8.04452],[111.56816,-8.04454],[111.56782,-8.04474],[111.56767,-8.04494],[111.56762,-8.04515],[111.56762,-8.04535],[111.56775,-8.04583],[111.56786,-8.04599],[111.56844,-8.04652],[111.56865,-8.04662],[111.56887,-8.04665],[111.56909,-8.04652],[111.5693,-8.04624],[111.5695,-8.04611],[111.56997,-8.04587],[111.57025,-8.0458],[111.57045,-8.0458],[111.57066,-8.04576],[111.57079,-8.0457],[111.57096,-8.0455],[111.57092,-8.04522],[111.57081,-8.04505],[111.57019,-8.04503],[111.56982,-8.04488]]]}},{"type":"Feature","properties":{"bpdashl":"BRANTAS SAMPEAN","klas_erosi":"> 60 - 180 Ton/Ha/Tahun","_cls":"> 60 - 180 Ton/Ha/Tahun"},"geometry":{"type":"MultiPolygon","coordinates":[[[[111.65505,-8.01508],[111.65501,-8.01462],[111.65499,-8.01446],[111.65501,-8.01462],[111.65505,-8.01508]]],[[[111.65562,-8.00761],[111.65592,-8.0084],[111.65589,-8.00881],[111.65566,-8.00936],[111.65561,-8.00931],[111.65565,-8.01131],[111.65532,-8.01204],[111.6551,-8.01298],[111.65434,-8.01274],[111.65387,-8.01269],[111.65368,-8.01297],[111.65325,-8.01405],[111.65272,-8.01514],[111.65272,-8.01565],[111.65249,-8.01631],[111.6515,-8.01704],[111.65161,-8.01681],[111.65219,-8.01642],[111.65241,-8.01623],[111.65252,-8.01591],[111.65239,-8.0156],[111.65204,-8.01526],[111.65191,-8.01489],[111.65202,-8.01468],[111.65243,-8.01438],[111.65243,-8.01408],[111.65231,-8.01381],[111.65155,-8.01355],[111.65131,-8.01284],[111.65142,-8.01252],[111.65161,-8.01239],[111.6519,-8.01236],[111.65218,-8.01226],[111.65237,-8.01213],[111.65278,-8.01197],[111.65308,-8.01169],[111.65297,-8.01159],[111.65254,-8.01139],[111.65235,-8.0112],[111.65248,-8.01098],[111.6528,-8.01085],[111.65321,-8.01083],[111.65341,-8.0107],[111.65366,-8.01042],[111.65362,-8.01021],[111.65347,-8.01001],[111.65323,-8.00956],[111.6534,-8.00926],[111.65394,-8.00902],[111.65407,-8.00881],[111.65394,-8.0085],[111.65448,-8.00857],[111.65491,-8.00876],[111.65504,-8.00865],[111.65496,-8.00837],[111.65463,-8.00775],[111.65481,-8.00769],[111.65519,-8.00794],[111.65535,-8.00784],[111.65547,-8.00751],[111.65547,-8.00721],[111.65552,-8.00689],[111.65556,-8.00691],[111.65562,-8.00722],[111.65562,-8.00761]]]]}},{"type":"Feature","properties":{"bpdashl":"BRANTAS SAMPEAN","klas_erosi":"> 60 - 180 Ton/Ha/Tahun","_cls":"> 60 - 180 Ton/Ha/Tahun"},"geometry":{"type":"Polygon","coordinates":[[[111.61658,-8.00614],[111.61693,-8.00745],[111.61688,-8.00778],[111.61677,-8.00789],[111.61652,-8.00777],[111.61614,-8.00766],[111.61606,-8.00758],[111.61566,-8.00743],[111.61532,-8.00768],[111.61434,-8.0079],[111.61404,-8.00791],[111.61362,-8.0078],[111.61358,-8.00772],[111.61358,-8.00752],[111.61373,-8.00737],[111.61369,-8.00716],[111.61329,-8.00674],[111.61363,-8.00653],[111.614,-8.00625],[111.61424,-8.00582],[111.6143,-8.0056],[111.61421,-8.00521],[111.61421,-8.00498],[111.61426,-8.00474],[111.61445,-8.0047],[111.61504,-8.005],[111.61562,-8.00547],[111.61581,-8.00566],[111.61603,-8.00573],[111.61657,-8.00597],[111.61658,-8.00614]]]}},{"type":"Feature","properties":{"bpdashl":"BRANTAS SAMPEAN","klas_erosi":"> 60 - 180 Ton/Ha/Tahun","_cls":"> 60 - 180 Ton/Ha/Tahun"},"geometry":{"type":"Polygon","coordinates":[[[111.61661,-8.00414],[111.6157,-8.00366],[111.6154,-8.00336],[111.61503,-8.00317],[111.6149,-8.00304],[111.6146,-8.00233],[111.6144,-8.00228],[111.61408,-8.0028],[111.61378,-8.003],[111.61341,-8.00317],[111.61309,-8.00323],[111.61274,-8.00326],[111.61255,-8.00324],[111.61261,-8.00289],[111.61315,-8.00239],[111.61341,-8.0022],[111.61427,-8.00166],[111.61518,-8.00123],[111.61531,-8.00108],[111.61532,-8.00089],[111.6154,-8.00073],[111.61553,-8.00062],[111.6157,-8.00055],[111.61661,-8.00414]]]}},{"type":"Feature","properties":{"bpdashl":"BRANTAS SAMPEAN","klas_erosi":"<= 15 Ton/Ha/Tahun","_cls":"<= 15 Ton/Ha/Tahun"},"geometry":{"type":"Polygon","coordinates":[[[111.6551,-8.01298],[111.65497,-8.01353],[111.65496,-8.01426],[111.65505,-8.01507],[111.655,-8.01551],[111.65452,-8.01637],[111.65384,-8.01705],[111.65373,-8.01726],[111.65379,-8.01819],[111.65356,-8.01856],[111.65332,-8.01885],[111.65332,-8.01898],[111.65358,-8.01946],[111.65337,-8.02015],[111.6533,-8.02048],[111.65319,-8.02058],[111.65294,-8.02067],[111.65165,-8.0214],[111.65142,-8.02146],[111.65096,-8.0214],[111.65086,-8.02148],[111.65079,-8.02162],[111.65074,-8.02203],[111.65064,-8.02214],[111.64983,-8.02207],[111.64933,-8.02173],[111.64923,-8.02174],[111.64901,-8.02184],[111.6489,-8.02194],[111.64856,-8.02145],[111.64882,-8.02126],[111.64902,-8.02104],[111.64939,-8.02097],[111.6498,-8.02097],[111.65021,-8.02078],[111.65064,-8.02063],[111.65081,-8.02063],[111.65035,-8.01961],[111.64978,-8.01876],[111.64911,-8.01834],[111.64916,-8.01787],[111.64975,-8.01759],[111.65012,-8.01772],[111.65062,-8.01778],[111.65092,-8.0177],[111.65122,-8.01754],[111.65137,-8.01737],[111.6515,-8.01704],[111.65249,-8.01631],[111.65272,-8.01565],[111.65272,-8.01514],[111.65325,-8.01405],[111.65368,-8.01297],[111.65387,-8.01269],[111.65434,-8.01274],[111.6551,-8.01298]]]}}]}