{"type":"FeatureCollection","features":[{"type":"Feature","properties":{"REMARK":"Sawah","JNSSWH":999,"_cls":"Sawah"},"geometry":{"type":"Polygon","coordinates":[[[111.57611,-7.93191],[111.57498,-7.93202],[111.5746,-7.93198],[111.57351,-7.93167],[111.57351,-7.93161],[111.57371,-7.93147],[111.57463,-7.93112],[111.57517,-7.93069],[111.57601,-7.93026],[111.57662,-7.93008],[111.57703,-7.92921],[111.5771,-7.92914],[111.57747,-7.92915],[111.57784,-7.92931],[111.57822,-7.92953],[111.57849,-7.92959],[111.57936,-7.92965],[111.57913,-7.92996],[111.5788,-7.9303],[111.57751,-7.93123],[111.57702,-7.93164],[111.57678,-7.93175],[111.57611,-7.93191]]]}},{"type":"Feature","properties":{"REMARK":"Sawah Tadah Hujan","JNSSWH":2,"_cls":"Sawah Tadah Hujan"},"geometry":{"type":"MultiPolygon","coordinates":[[[[111.53108,-7.95016],[111.53104,-7.95019],[111.53101,-7.95013],[111.53102,-7.95013],[111.53108,-7.95016]]],[[[111.56755,-7.93421],[111.56744,-7.93435],[111.56738,-7.93465],[111.56741,-7.93487],[111.56764,-7.9352],[111.56774,-7.93542],[111.56774,-7.93584],[111.56788,-7.9367],[111.56798,-7.93711],[111.56812,-7.93748],[111.56826,-7.93768],[111.56831,-7.93786],[111.56805,-7.93828],[111.56805,-7.93848],[111.56808,-7.93857],[111.56737,-7.93853],[111.56723,-7.93816],[111.56622,-7.93851],[111.56551,-7.93892],[111.56558,-7.93951],[111.56483,-7.93992],[111.56423,-7.94075],[111.56392,-7.94094],[111.56391,-7.9416],[111.56379,-7.94162],[111.56364,-7.94158],[111.56367,-7.94204],[111.56498,-7.94206],[111.56552,-7.9419],[111.5659,-7.94174],[111.5662,-7.94154],[111.56633,-7.942],[111.56629,-7.94226],[111.56616,-7.94254],[111.56604,-7.94271],[111.56584,-7.9429],[111.5654,-7.94319],[111.56508,-7.94335],[111.56479,-7.94339],[111.56328,-7.94311],[111.5629,-7.94297],[111.56243,-7.94273],[111.56185,-7.94218],[111.56233,-7.94187],[111.56295,-7.94172],[111.56302,-7.94145],[111.56233,-7.9413],[111.5622,-7.9408],[111.56165,-7.94087],[111.56144,-7.94051],[111.56099,-7.94069],[111.56053,-7.94108],[111.56071,-7.94165],[111.55967,-7.94198],[111.5592,-7.94219],[111.55932,-7.94257],[111.56028,-7.94242],[111.56134,-7.94221],[111.56143,-7.94216],[111.56107,-7.94262],[111.55923,-7.94394],[111.55879,-7.94434],[111.55863,-7.94452],[111.55858,-7.94468],[111.5586,-7.94494],[111.55872,-7.94538],[111.55902,-7.94623],[111.56,-7.94711],[111.5596,-7.94768],[111.5592,-7.94789],[111.5587,-7.94812],[111.55841,-7.94817],[111.55773,-7.94803],[111.557,-7.94779],[111.55683,-7.94782],[111.5567,-7.94789],[111.5565,-7.94817],[111.55615,-7.94748],[111.55617,-7.94616],[111.55558,-7.94624],[111.55538,-7.94529],[111.55437,-7.9452],[111.55432,-7.94459],[111.55328,-7.94443],[111.55234,-7.94456],[111.55229,-7.94496],[111.55178,-7.94503],[111.55177,-7.94463],[111.55187,-7.94419],[111.55169,-7.94353],[111.55008,-7.94385],[111.55002,-7.94341],[111.54987,-7.94297],[111.54907,-7.94313],[111.54916,-7.94425],[111.5495,-7.94426],[111.55011,-7.94419],[111.55015,-7.94462],[111.551,-7.94465],[111.55107,-7.94526],[111.55064,-7.94555],[111.55065,-7.94596],[111.55093,-7.94602],[111.55158,-7.94594],[111.55174,-7.94668],[111.55038,-7.94691],[111.55058,-7.94762],[111.55092,-7.94747],[111.55111,-7.94745],[111.55227,-7.94742],[111.55329,-7.94733],[111.55359,-7.94735],[111.55407,-7.94746],[111.554,-7.94812],[111.55427,-7.94825],[111.55432,-7.94855],[111.55529,-7.94868],[111.55624,-7.94854],[111.55581,-7.94915],[111.55556,-7.9494],[111.5552,-7.94986],[111.55505,-7.94986],[111.55487,-7.9498],[111.5545,-7.94935],[111.55371,-7.9488],[111.55341,-7.9487],[111.55329,-7.94871],[111.55305,-7.94912],[111.55292,-7.9492],[111.55224,-7.94928],[111.5513,-7.94926],[111.55056,-7.94929],[111.55032,-7.94935],[111.55018,-7.94946],[111.54992,-7.94983],[111.5499,-7.94995],[111.54968,-7.95038],[111.5496,-7.95099],[111.54943,-7.95131],[111.54916,-7.95162],[111.54889,-7.95184],[111.54868,-7.95193],[111.54791,-7.95211],[111.54664,-7.95254],[111.54621,-7.95265],[111.54578,-7.9527],[111.5455,-7.95267],[111.54525,-7.95258],[111.54484,-7.9523],[111.54431,-7.95182],[111.54412,-7.95182],[111.54381,-7.95187],[111.54353,-7.95199],[111.54328,-7.95221],[111.54316,-7.9524],[111.54302,-7.95305],[111.54289,-7.95308],[111.54206,-7.95286],[111.54168,-7.95289],[111.54162,-7.95283],[111.54155,-7.9526],[111.54148,-7.95218],[111.54135,-7.9508],[111.54126,-7.9507],[111.54096,-7.95054],[111.53972,-7.95011],[111.53873,-7.94956],[111.53824,-7.94932],[111.53695,-7.9489],[111.53661,-7.94891],[111.53631,-7.94907],[111.53622,-7.9492],[111.53618,-7.94935],[111.53622,-7.94982],[111.53612,-7.95011],[111.53595,-7.95026],[111.53568,-7.95039],[111.53466,-7.95079],[111.53402,-7.95146],[111.53336,-7.95225],[111.53321,-7.95234],[111.53297,-7.95237],[111.53281,-7.95235],[111.53219,-7.95197],[111.53173,-7.95184],[111.53148,-7.95186],[111.53126,-7.95196],[111.53132,-7.95187],[111.53156,-7.95174],[111.53144,-7.9511],[111.5318,-7.95102],[111.5321,-7.95078],[111.53222,-7.95073],[111.53209,-7.95043],[111.53252,-7.95019],[111.53314,-7.95004],[111.5332,-7.95032],[111.53383,-7.95029],[111.53411,-7.95097],[111.53521,-7.95015],[111.53506,-7.94969],[111.53559,-7.94965],[111.53593,-7.94959],[111.53607,-7.94951],[111.53611,-7.94879],[111.53609,-7.94864],[111.53627,-7.94848],[111.53666,-7.94833],[111.53674,-7.94834],[111.53747,-7.94856],[111.53834,-7.94908],[111.53837,-7.94906],[111.53767,-7.94857],[111.53691,-7.94825],[111.53662,-7.94822],[111.53575,-7.94859],[111.53567,-7.94814],[111.53457,-7.94828],[111.53329,-7.94835],[111.53323,-7.94853],[111.5323,-7.94874],[111.53239,-7.94938],[111.53209,-7.94951],[111.5316,-7.94978],[111.5311,-7.9493],[111.53059,-7.94953],[111.53042,-7.94931],[111.53049,-7.94932],[111.53099,-7.94912],[111.53101,-7.94909],[111.53012,-7.94628],[111.52933,-7.94403],[111.52958,-7.94384],[111.53009,-7.9437],[111.53104,-7.94316],[111.53122,-7.94311],[111.53204,-7.94327],[111.53272,-7.94353],[111.53305,-7.94357],[111.53377,-7.94345],[111.53373,-7.94329],[111.53379,-7.94327],[111.53353,-7.94233],[111.53384,-7.94212],[111.53427,-7.94205],[111.53435,-7.94239],[111.53442,-7.94254],[111.53455,-7.94257],[111.53621,-7.94233],[111.5362,-7.94172],[111.53736,-7.94152],[111.53808,-7.94124],[111.54007,-7.94015],[111.54208,-7.93913],[111.54334,-7.93841],[111.54409,-7.93802],[111.54554,-7.93736],[111.54584,-7.93777],[111.54789,-7.93701],[111.54779,-7.93649],[111.54893,-7.93616],[111.55048,-7.93595],[111.55076,-7.93594],[111.55078,-7.93638],[111.55241,-7.93636],[111.55249,-7.93599],[111.55304,-7.93601],[111.55381,-7.93598],[111.55388,-7.93645],[111.55517,-7.93624],[111.5559,-7.93605],[111.55594,-7.93573],[111.55869,-7.93554],[111.55898,-7.93546],[111.55943,-7.93523],[111.55954,-7.93587],[111.56069,-7.93561],[111.56075,-7.93527],[111.56154,-7.93488],[111.56166,-7.93507],[111.56285,-7.93489],[111.56292,-7.93442],[111.5649,-7.93411],[111.56512,-7.93433],[111.56571,-7.93412],[111.56573,-7.93363],[111.56663,-7.93349],[111.5682,-7.93316],[111.56821,-7.93348],[111.56815,-7.93375],[111.56807,-7.93384],[111.56755,-7.93421]],[[111.56001,-7.93722],[111.56009,-7.93772],[111.56041,-7.93756],[111.56143,-7.93731],[111.56122,-7.93668],[111.56055,-7.93689],[111.56001,-7.93722]],[[111.55949,-7.93801],[111.55868,-7.93837],[111.55834,-7.9382],[111.55806,-7.93828],[111.55704,-7.93844],[111.55671,-7.93889],[111.55632,-7.939],[111.55625,-7.9394],[111.55699,-7.93938],[111.55748,-7.93932],[111.55845,-7.93935],[111.55857,-7.93976],[111.55897,-7.93975],[111.55905,-7.93944],[111.55954,-7.93937],[111.55963,-7.93923],[111.55949,-7.93907],[111.55955,-7.93883],[111.55949,-7.93801]],[[111.55051,-7.9424],[111.55055,-7.94286],[111.55234,-7.94241],[111.55205,-7.94188],[111.55051,-7.9424]],[[111.54447,-7.94546],[111.54402,-7.94623],[111.544,-7.94588],[111.54379,-7.94557],[111.54286,-7.94585],[111.54283,-7.94594],[111.54263,-7.94596],[111.54197,-7.94624],[111.5403,-7.9466],[111.54028,-7.94645],[111.53928,-7.94646],[111.53729,-7.94622],[111.53726,-7.94664],[111.53741,-7.9466],[111.5381,-7.94679],[111.53839,-7.94684],[111.53867,-7.94686],[111.53892,-7.94765],[111.53961,-7.94787],[111.53969,-7.94839],[111.53988,-7.94925],[111.5412,-7.94956],[111.54158,-7.94956],[111.5418,-7.94953],[111.54207,-7.94936],[111.54227,-7.94916],[111.54244,-7.9491],[111.54243,-7.94816],[111.54374,-7.94797],[111.54509,-7.94791],[111.5459,-7.94859],[111.54653,-7.94935],[111.54671,-7.94932],[111.54741,-7.94906],[111.54944,-7.9481],[111.55021,-7.94777],[111.55011,-7.94744],[111.54994,-7.94655],[111.55007,-7.946],[111.54984,-7.94577],[111.54891,-7.94555],[111.54877,-7.94685],[111.54802,-7.94722],[111.54782,-7.94746],[111.54739,-7.94771],[111.54714,-7.948],[111.54678,-7.94887],[111.5466,-7.94884],[111.54675,-7.94804],[111.54571,-7.94751],[111.54568,-7.94727],[111.54581,-7.94623],[111.5467,-7.94608],[111.54652,-7.94529],[111.54565,-7.94517],[111.54555,-7.94545],[111.54447,-7.94546]],[[111.54258,-7.95142],[111.54245,-7.94917],[111.54238,-7.94918],[111.54199,-7.94947],[111.54174,-7.94961],[111.54135,-7.94962],[111.54045,-7.94947],[111.5404,-7.94979],[111.54184,-7.95014],[111.54187,-7.95188],[111.54181,-7.95263],[111.5428,-7.95259],[111.54283,-7.95199],[111.54253,-7.95185],[111.54258,-7.95142]],[[111.53967,-7.9497],[111.53987,-7.94932],[111.53955,-7.94925],[111.53908,-7.94927],[111.5391,-7.94954],[111.53967,-7.9497]],[[111.5572,-7.94369],[111.55732,-7.94457],[111.55801,-7.94478],[111.55805,-7.94427],[111.55821,-7.94395],[111.55785,-7.94378],[111.55758,-7.94369],[111.5572,-7.94369]],[[111.55775,-7.94564],[111.55738,-7.94635],[111.55807,-7.94674],[111.55865,-7.94644],[111.55836,-7.94576],[111.558,-7.94561],[111.55775,-7.94564]]]]}},{"type":"Feature","properties":{"REMARK":"Sawah Tadah Hujan","JNSSWH":2,"_cls":"Sawah Tadah Hujan"},"geometry":{"type":"Polygon","coordinates":[[[111.6164,-7.93709],[111.61631,-7.93712],[111.61599,-7.93705],[111.61622,-7.93684],[111.61663,-7.9367],[111.6164,-7.93709]]]}},{"type":"Feature","properties":{"REMARK":"Sawah Tadah Hujan","JNSSWH":2,"_cls":"Sawah Tadah Hujan"},"geometry":{"type":"Polygon","coordinates":[[[111.56977,-7.94043],[111.56944,-7.94059],[111.56914,-7.9406],[111.56856,-7.94055],[111.56821,-7.9406],[111.56794,-7.94079],[111.56781,-7.94093],[111.56769,-7.94116],[111.56758,-7.94162],[111.56747,-7.94192],[111.56725,-7.94227],[111.56654,-7.94286],[111.56637,-7.94306],[111.56592,-7.94381],[111.56559,-7.94398],[111.56519,-7.94366],[111.56414,-7.94401],[111.56365,-7.94399],[111.56364,-7.94387],[111.56286,-7.94361],[111.56263,-7.94407],[111.56266,-7.94439],[111.56194,-7.94455],[111.56194,-7.94413],[111.56177,-7.94387],[111.55985,-7.94529],[111.56009,-7.9462],[111.56083,-7.94601],[111.56081,-7.94657],[111.56075,-7.94683],[111.56035,-7.9474],[111.56111,-7.94792],[111.56143,-7.94623],[111.56134,-7.94622],[111.56121,-7.94564],[111.5608,-7.94564],[111.56074,-7.94507],[111.56078,-7.94488],[111.56085,-7.94481],[111.56088,-7.94512],[111.56101,-7.94534],[111.56144,-7.94563],[111.5616,-7.94587],[111.56178,-7.9462],[111.56187,-7.94654],[111.56201,-7.94799],[111.56204,-7.94897],[111.56165,-7.94901],[111.56159,-7.94877],[111.56088,-7.94884],[111.56075,-7.94945],[111.55984,-7.94977],[111.55983,-7.94932],[111.55997,-7.94872],[111.55985,-7.9486],[111.5596,-7.94847],[111.55897,-7.94904],[111.55728,-7.95068],[111.55663,-7.95213],[111.55639,-7.95245],[111.55583,-7.95233],[111.55562,-7.95205],[111.55552,-7.95197],[111.55575,-7.9516],[111.55425,-7.95069],[111.554,-7.95089],[111.5536,-7.95051],[111.55344,-7.95053],[111.55291,-7.95071],[111.55277,-7.95015],[111.55132,-7.95011],[111.55117,-7.9507],[111.55048,-7.951],[111.54931,-7.95213],[111.54956,-7.95234],[111.54928,-7.95247],[111.54721,-7.95303],[111.545,-7.95334],[111.5449,-7.95303],[111.54455,-7.95258],[111.54387,-7.9526],[111.54383,-7.95307],[111.54393,-7.95435],[111.54419,-7.9544],[111.54486,-7.95425],[111.54635,-7.95408],[111.54645,-7.9541],[111.54637,-7.9542],[111.54634,-7.95479],[111.5459,-7.95492],[111.54588,-7.95587],[111.54634,-7.95594],[111.54634,-7.95705],[111.54586,-7.95708],[111.54552,-7.95798],[111.54479,-7.95801],[111.54466,-7.95848],[111.54496,-7.95869],[111.54469,-7.95919],[111.54425,-7.959],[111.54396,-7.95983],[111.54454,-7.96011],[111.54451,-7.96011],[111.54429,-7.96044],[111.54413,-7.96055],[111.54377,-7.96069],[111.54246,-7.96066],[111.54246,-7.9606],[111.54192,-7.96059],[111.54185,-7.96054],[111.54165,-7.96053],[111.5412,-7.96044],[111.5409,-7.96045],[111.54087,-7.95988],[111.54083,-7.95986],[111.54007,-7.95998],[111.53999,-7.95983],[111.53999,-7.95971],[111.53958,-7.95985],[111.53952,-7.95978],[111.53935,-7.95974],[111.53916,-7.95959],[111.53899,-7.95959],[111.53887,-7.95948],[111.53881,-7.95937],[111.53868,-7.95887],[111.53887,-7.95876],[111.53871,-7.95839],[111.5385,-7.95803],[111.53811,-7.95746],[111.53818,-7.95742],[111.53833,-7.95727],[111.53848,-7.95698],[111.5387,-7.9563],[111.53889,-7.95614],[111.53899,-7.95598],[111.53886,-7.95501],[111.53908,-7.95486],[111.53963,-7.95474],[111.53977,-7.95465],[111.54034,-7.95405],[111.54057,-7.9539],[111.54137,-7.95322],[111.54213,-7.95317],[111.54266,-7.95337],[111.54273,-7.95345],[111.54286,-7.95348],[111.543,-7.95346],[111.54301,-7.95353],[111.54321,-7.95322],[111.54334,-7.95248],[111.54352,-7.95219],[111.54362,-7.95208],[111.54391,-7.95204],[111.54493,-7.95256],[111.54537,-7.95294],[111.54563,-7.95298],[111.54596,-7.95296],[111.54688,-7.95269],[111.5493,-7.95188],[111.54948,-7.95174],[111.54973,-7.95108],[111.55039,-7.94984],[111.5505,-7.94954],[111.55061,-7.94945],[111.55078,-7.94943],[111.55092,-7.94946],[111.55195,-7.94955],[111.55244,-7.94956],[111.55288,-7.94946],[111.55317,-7.94931],[111.55343,-7.94893],[111.55349,-7.94891],[111.55371,-7.94903],[111.55505,-7.95029],[111.55525,-7.95033],[111.55533,-7.9503],[111.55571,-7.94977],[111.55631,-7.94906],[111.55658,-7.94861],[111.55673,-7.94822],[111.55686,-7.94813],[111.55708,-7.94807],[111.5581,-7.94838],[111.55845,-7.94842],[111.5587,-7.94841],[111.55906,-7.94827],[111.55969,-7.94791],[111.56026,-7.94698],[111.56014,-7.94682],[111.55953,-7.94643],[111.55909,-7.94566],[111.5589,-7.94518],[111.55883,-7.94487],[111.55883,-7.94469],[111.55889,-7.94455],[111.56,-7.94358],[111.56107,-7.94289],[111.5613,-7.94266],[111.56144,-7.9426],[111.56274,-7.94315],[111.56379,-7.94347],[111.56422,-7.94356],[111.56455,-7.94358],[111.56517,-7.94354],[111.56568,-7.94331],[111.56631,-7.94278],[111.56666,-7.94257],[111.56681,-7.94242],[111.56689,-7.94223],[111.56684,-7.94203],[111.56648,-7.9414],[111.56641,-7.94107],[111.56642,-7.94093],[111.56657,-7.94077],[111.56681,-7.94063],[111.56721,-7.94047],[111.56854,-7.94047],[111.56913,-7.94058],[111.56925,-7.94053],[111.56931,-7.94035],[111.56977,-7.94043]]]}},{"type":"Feature","properties":{"REMARK":"Sawah Tadah Hujan","JNSSWH":2,"_cls":"Sawah Tadah Hujan"},"geometry":{"type":"MultiPolygon","coordinates":[[[[111.53882,-7.95588],[111.5386,-7.95618],[111.53872,-7.95594],[111.53882,-7.95588]]],[[[111.53793,-7.94943],[111.53975,-7.95035],[111.54022,-7.95072],[111.5405,-7.95082],[111.54088,-7.95089],[111.54106,-7.95098],[111.5412,-7.95115],[111.54108,-7.9529],[111.541,-7.95281],[111.54021,-7.95273],[111.5395,-7.95272],[111.53951,-7.95348],[111.54017,-7.95403],[111.53978,-7.9545],[111.53921,-7.95462],[111.53875,-7.95478],[111.53871,-7.95489],[111.53816,-7.95476],[111.53758,-7.95472],[111.53759,-7.95514],[111.53728,-7.95514],[111.53715,-7.95436],[111.53668,-7.95437],[111.53653,-7.95518],[111.53629,-7.95526],[111.53613,-7.9544],[111.53612,-7.95349],[111.5364,-7.95344],[111.53731,-7.95342],[111.53738,-7.95245],[111.5368,-7.95238],[111.53684,-7.95159],[111.53833,-7.95163],[111.53817,-7.95254],[111.5387,-7.9526],[111.53912,-7.9526],[111.53917,-7.95194],[111.54001,-7.95203],[111.54086,-7.95208],[111.54094,-7.95141],[111.5395,-7.95131],[111.5395,-7.95076],[111.53866,-7.95057],[111.53869,-7.95036],[111.53725,-7.95012],[111.53717,-7.9504],[111.53632,-7.95042],[111.53658,-7.95023],[111.53665,-7.95012],[111.53666,-7.94998],[111.53642,-7.94929],[111.53642,-7.94922],[111.53653,-7.94914],[111.53673,-7.94909],[111.53719,-7.94912],[111.53793,-7.94943]]]]}},{"type":"Feature","properties":{"REMARK":"Sawah Tadah Hujan","JNSSWH":2,"_cls":"Sawah Tadah Hujan"},"geometry":{"type":"Polygon","coordinates":[[[111.53456,-7.95264],[111.53457,-7.95334],[111.53541,-7.953],[111.53549,-7.9536],[111.5356,-7.95364],[111.53569,-7.95462],[111.53571,-7.95535],[111.53485,-7.95552],[111.53418,-7.95554],[111.53415,-7.9549],[111.53425,-7.95473],[111.53428,-7.95451],[111.5342,-7.95405],[111.53362,-7.95415],[111.53367,-7.95525],[111.53305,-7.95537],[111.53305,-7.95556],[111.53168,-7.95566],[111.53162,-7.95428],[111.53192,-7.95415],[111.53191,-7.95396],[111.53381,-7.95345],[111.53371,-7.95339],[111.53355,-7.95307],[111.53345,-7.95302],[111.53298,-7.95305],[111.5327,-7.95271],[111.53193,-7.95266],[111.532,-7.95319],[111.53154,-7.95369],[111.53151,-7.95349],[111.53162,-7.95321],[111.53156,-7.95276],[111.53127,-7.95225],[111.53138,-7.95211],[111.53147,-7.95205],[111.53176,-7.95205],[111.53233,-7.95229],[111.53285,-7.95268],[111.5331,-7.95274],[111.53326,-7.9527],[111.53358,-7.95245],[111.53478,-7.95114],[111.53505,-7.95094],[111.53536,-7.9508],[111.5355,-7.95106],[111.5354,-7.95199],[111.5348,-7.952],[111.53474,-7.95263],[111.53456,-7.95264]]]}},{"type":"Feature","properties":{"REMARK":"Sawah Tadah Hujan","JNSSWH":2,"_cls":"Sawah Tadah Hujan"},"geometry":{"type":"Polygon","coordinates":[[[111.54943,-7.95404],[111.54875,-7.95407],[111.54858,-7.95373],[111.54888,-7.95363],[111.5494,-7.95332],[111.54985,-7.95314],[111.5499,-7.95303],[111.54996,-7.95328],[111.55001,-7.95389],[111.54943,-7.95404]]]}},{"type":"Feature","properties":{"REMARK":"Sawah Tadah Hujan","JNSSWH":2,"_cls":"Sawah Tadah Hujan"},"geometry":{"type":"Polygon","coordinates":[[[111.55682,-7.95727],[111.55692,-7.9577],[111.55676,-7.9577],[111.5559,-7.95758],[111.55498,-7.95756],[111.55488,-7.95748],[111.55485,-7.95739],[111.55495,-7.95676],[111.55489,-7.9566],[111.55439,-7.95655],[111.55415,-7.95596],[111.55382,-7.95535],[111.55302,-7.95457],[111.55292,-7.95425],[111.55286,-7.95377],[111.55288,-7.95368],[111.55386,-7.95342],[111.55568,-7.95329],[111.55584,-7.95325],[111.55587,-7.9539],[111.55627,-7.95466],[111.55634,-7.95586],[111.55644,-7.95622],[111.55682,-7.95727]]]}},{"type":"Feature","properties":{"REMARK":"Sawah Tadah Hujan","JNSSWH":2,"_cls":"Sawah Tadah Hujan"},"geometry":{"type":"Polygon","coordinates":[[[111.55197,-7.95376],[111.55179,-7.95505],[111.55132,-7.955],[111.55143,-7.95377],[111.55197,-7.95376]]]}},{"type":"Feature","properties":{"REMARK":"Sawah Tadah Hujan","JNSSWH":2,"_cls":"Sawah Tadah Hujan"},"geometry":{"type":"Polygon","coordinates":[[[111.54879,-7.95498],[111.54878,-7.95571],[111.54763,-7.95562],[111.54694,-7.95539],[111.54704,-7.9545],[111.54889,-7.95459],[111.54879,-7.95498]]]}},{"type":"Feature","properties":{"REMARK":"Sawah Tadah Hujan","JNSSWH":2,"_cls":"Sawah Tadah Hujan"},"geometry":{"type":"Polygon","coordinates":[[[111.5362,-7.95595],[111.53567,-7.95633],[111.53496,-7.95636],[111.53386,-7.95625],[111.53327,-7.95625],[111.53302,-7.95703],[111.53297,-7.95707],[111.53248,-7.95711],[111.53214,-7.95708],[111.53185,-7.9571],[111.53171,-7.95639],[111.5317,-7.95617],[111.53639,-7.95584],[111.53639,-7.95586],[111.5362,-7.95595]]]}},{"type":"Feature","properties":{"REMARK":"Sawah Tadah Hujan","JNSSWH":2,"_cls":"Sawah Tadah Hujan"},"geometry":{"type":"Polygon","coordinates":[[[111.5488,-7.95637],[111.54881,-7.95709],[111.54806,-7.95704],[111.54679,-7.95707],[111.54684,-7.9565],[111.54736,-7.95644],[111.5488,-7.95637]]]}},{"type":"Feature","properties":{"REMARK":"Sawah Tadah Hujan","JNSSWH":2,"_cls":"Sawah Tadah Hujan"},"geometry":{"type":"Polygon","coordinates":[[[111.5579,-7.96199],[111.55638,-7.96102],[111.55554,-7.96061],[111.55478,-7.96027],[111.5539,-7.95994],[111.55324,-7.95973],[111.55379,-7.95958],[111.55583,-7.95947],[111.55656,-7.95932],[111.55709,-7.95911],[111.557,-7.95985],[111.55702,-7.9601],[111.55709,-7.96033],[111.55758,-7.96117],[111.5579,-7.96199]]]}},{"type":"Feature","properties":{"REMARK":"Sawah","JNSSWH":999,"_cls":"Sawah"},"geometry":{"type":"MultiPolygon","coordinates":[[[[111.542,-7.96346],[111.5419,-7.96355],[111.54193,-7.96349],[111.542,-7.96346]]],[[[111.55039,-7.97047],[111.55034,-7.96999],[111.55005,-7.96912],[111.54991,-7.96854],[111.54983,-7.96729],[111.54914,-7.96735],[111.54889,-7.96795],[111.54866,-7.96798],[111.54849,-7.96975],[111.54737,-7.96962],[111.54494,-7.96961],[111.54489,-7.96943],[111.543,-7.96954],[111.54298,-7.97027],[111.54538,-7.97028],[111.5454,-7.97068],[111.54752,-7.97091],[111.54933,-7.97101],[111.54949,-7.97042],[111.55039,-7.97047],[111.55035,-7.97066],[111.55005,-7.97126],[111.5494,-7.97113],[111.54932,-7.97153],[111.5487,-7.9714],[111.54853,-7.97231],[111.54863,-7.97237],[111.54786,-7.97452],[111.54744,-7.97446],[111.54673,-7.97592],[111.54655,-7.97646],[111.54522,-7.9761],[111.54518,-7.97585],[111.54404,-7.97562],[111.54399,-7.97474],[111.54261,-7.97442],[111.5417,-7.97441],[111.54155,-7.97499],[111.5408,-7.97498],[111.54068,-7.97454],[111.54047,-7.9731],[111.54052,-7.97273],[111.54059,-7.97264],[111.54089,-7.9725],[111.54093,-7.9722],[111.53929,-7.97192],[111.53922,-7.97167],[111.53813,-7.97152],[111.53753,-7.97073],[111.53728,-7.9706],[111.53671,-7.96977],[111.5361,-7.96964],[111.53594,-7.9675],[111.53599,-7.96751],[111.53608,-7.96894],[111.53625,-7.96879],[111.53635,-7.96866],[111.53656,-7.96869],[111.5367,-7.96874],[111.53684,-7.96896],[111.53716,-7.96922],[111.5372,-7.96958],[111.53732,-7.9698],[111.53769,-7.97013],[111.5379,-7.97055],[111.53826,-7.97102],[111.53835,-7.97107],[111.53846,-7.97107],[111.5389,-7.97095],[111.53889,-7.97061],[111.53892,-7.97015],[111.5411,-7.97045],[111.5412,-7.96891],[111.54093,-7.9688],[111.54089,-7.96867],[111.54088,-7.96856],[111.54091,-7.96842],[111.54089,-7.96825],[111.54083,-7.96817],[111.54066,-7.96681],[111.54078,-7.96606],[111.5407,-7.96594],[111.5407,-7.9658],[111.54079,-7.96572],[111.54083,-7.96549],[111.54073,-7.96545],[111.54107,-7.96508],[111.54151,-7.96511],[111.54153,-7.96499],[111.5416,-7.9649],[111.54149,-7.96459],[111.54145,-7.96457],[111.54149,-7.96446],[111.54145,-7.96437],[111.54151,-7.96426],[111.54197,-7.96428],[111.54292,-7.96422],[111.54296,-7.9637],[111.54292,-7.96315],[111.54262,-7.96316],[111.54247,-7.96321],[111.54261,-7.96313],[111.543,-7.96314],[111.54299,-7.96322],[111.54414,-7.96287],[111.54427,-7.96287],[111.54444,-7.96294],[111.545,-7.96375],[111.54513,-7.96385],[111.54531,-7.9639],[111.54556,-7.96388],[111.54563,-7.96381],[111.54567,-7.96367],[111.54585,-7.96352],[111.54594,-7.96339],[111.54572,-7.96297],[111.54592,-7.96286],[111.54594,-7.96275],[111.54577,-7.96259],[111.54556,-7.96227],[111.54534,-7.96223],[111.54533,-7.9622],[111.54528,-7.96194],[111.54529,-7.96179],[111.54538,-7.96165],[111.5455,-7.96157],[111.54667,-7.96172],[111.5469,-7.9618],[111.54723,-7.96211],[111.5474,-7.96236],[111.54726,-7.96259],[111.54722,-7.96276],[111.54666,-7.9628],[111.54664,-7.96345],[111.54711,-7.96351],[111.54709,-7.96384],[111.5472,-7.96494],[111.54806,-7.96507],[111.54808,-7.96466],[111.5492,-7.96487],[111.54905,-7.96568],[111.54804,-7.96548],[111.54802,-7.96598],[111.54953,-7.96618],[111.54956,-7.96553],[111.5503,-7.96549],[111.55042,-7.96393],[111.54989,-7.96368],[111.54837,-7.96333],[111.54853,-7.96328],[111.54886,-7.96293],[111.54921,-7.96249],[111.54928,-7.96247],[111.55021,-7.96322],[111.55048,-7.96349],[111.55069,-7.96461],[111.55089,-7.96486],[111.55105,-7.96499],[111.55128,-7.96504],[111.55209,-7.9648],[111.55275,-7.96466],[111.55312,-7.96461],[111.55328,-7.96461],[111.55361,-7.96489],[111.55405,-7.96515],[111.5546,-7.96543],[111.55479,-7.96541],[111.55559,-7.96469],[111.55587,-7.9645],[111.55598,-7.9646],[111.5562,-7.96505],[111.5563,-7.96544],[111.5555,-7.96532],[111.55549,-7.96608],[111.55644,-7.96619],[111.55636,-7.9659],[111.55652,-7.96586],[111.55663,-7.96597],[111.55695,-7.9661],[111.55723,-7.96617],[111.55782,-7.96609],[111.55803,-7.96609],[111.5583,-7.96619],[111.55846,-7.96637],[111.55855,-7.96658],[111.55864,-7.96715],[111.55875,-7.96731],[111.55893,-7.96744],[111.55933,-7.96763],[111.55967,-7.96773],[111.55989,-7.96773],[111.56008,-7.96769],[111.56024,-7.96755],[111.56081,-7.96641],[111.56104,-7.96603],[111.56117,-7.96595],[111.56313,-7.96584],[111.56351,-7.9661],[111.56413,-7.9669],[111.56425,-7.96697],[111.5644,-7.96697],[111.56526,-7.96639],[111.56611,-7.96703],[111.56637,-7.96713],[111.56744,-7.96728],[111.56784,-7.96738],[111.56806,-7.96748],[111.56845,-7.96803],[111.56777,-7.96792],[111.56667,-7.96767],[111.56651,-7.96832],[111.56626,-7.96827],[111.56548,-7.96794],[111.56549,-7.96766],[111.56378,-7.96697],[111.56354,-7.96706],[111.56283,-7.96676],[111.56278,-7.96659],[111.56171,-7.96643],[111.56144,-7.96677],[111.56166,-7.96717],[111.56296,-7.96766],[111.56241,-7.96844],[111.56243,-7.96858],[111.56274,-7.9689],[111.56309,-7.9691],[111.56287,-7.96995],[111.56258,-7.96992],[111.56218,-7.9698],[111.56204,-7.96971],[111.56194,-7.96957],[111.56187,-7.96929],[111.56119,-7.96883],[111.56109,-7.96855],[111.56061,-7.96837],[111.56041,-7.9685],[111.56003,-7.96837],[111.55865,-7.96807],[111.5586,-7.96753],[111.55838,-7.96705],[111.55748,-7.96689],[111.5572,-7.9677],[111.55667,-7.96758],[111.55658,-7.96812],[111.55791,-7.96858],[111.55606,-7.96922],[111.55548,-7.96927],[111.55321,-7.96928],[111.55255,-7.96938],[111.55218,-7.9695],[111.55196,-7.96963],[111.55142,-7.97017],[111.5511,-7.97043],[111.55087,-7.97049],[111.55039,-7.97047]],[[111.5516,-7.96896],[111.55069,-7.9679],[111.55041,-7.96808],[111.55116,-7.96915],[111.5516,-7.96896]],[[111.54609,-7.969],[111.5473,-7.96915],[111.5472,-7.96831],[111.54632,-7.96827],[111.54609,-7.969]]]]}},{"type":"Feature","properties":{"REMARK":"Sawah","JNSSWH":999,"_cls":"Sawah"},"geometry":{"type":"Polygon","coordinates":[[[111.58146,-7.96125],[111.58129,-7.96183],[111.58193,-7.96196],[111.58212,-7.9615],[111.58146,-7.96125],[111.58152,-7.96103],[111.58218,-7.96118],[111.58253,-7.96136],[111.58245,-7.96209],[111.58254,-7.96235],[111.58274,-7.96278],[111.58291,-7.96374],[111.5829,-7.96399],[111.58271,-7.96449],[111.58333,-7.96522],[111.58349,-7.96564],[111.58389,-7.96638],[111.58407,-7.9666],[111.58446,-7.96696],[111.58472,-7.96715],[111.58538,-7.96703],[111.58554,-7.96709],[111.58576,-7.96728],[111.58619,-7.96788],[111.58655,-7.96826],[111.58706,-7.96868],[111.58726,-7.96879],[111.58751,-7.9688],[111.58799,-7.96865],[111.58816,-7.96867],[111.58863,-7.96913],[111.589,-7.96941],[111.58924,-7.9695],[111.58949,-7.96951],[111.58984,-7.96942],[111.59092,-7.96888],[111.59121,-7.96881],[111.59131,-7.96883],[111.59148,-7.96896],[111.59161,-7.96898],[111.59183,-7.96891],[111.59215,-7.96862],[111.5925,-7.96823],[111.59236,-7.96863],[111.59228,-7.96876],[111.59076,-7.97026],[111.5901,-7.97069],[111.58888,-7.97125],[111.58755,-7.97163],[111.58693,-7.97185],[111.58659,-7.97188],[111.58518,-7.97188],[111.58456,-7.97204],[111.58349,-7.97243],[111.58269,-7.97254],[111.58217,-7.97276],[111.58154,-7.97341],[111.58111,-7.97378],[111.58085,-7.97394],[111.58059,-7.97402],[111.58052,-7.97409],[111.58046,-7.97456],[111.57969,-7.97446],[111.57901,-7.97449],[111.57847,-7.97493],[111.57815,-7.97505],[111.57787,-7.9751],[111.57769,-7.97507],[111.57739,-7.97493],[111.57756,-7.97432],[111.57754,-7.97408],[111.57746,-7.97394],[111.57735,-7.97383],[111.5775,-7.9738],[111.57816,-7.97378],[111.57769,-7.97276],[111.57573,-7.97265],[111.57503,-7.97183],[111.57375,-7.97086],[111.57201,-7.96991],[111.5717,-7.9698],[111.57026,-7.96947],[111.57003,-7.96935],[111.56977,-7.96914],[111.56866,-7.96796],[111.56864,-7.96759],[111.56853,-7.96729],[111.56836,-7.96706],[111.56822,-7.967],[111.56734,-7.96708],[111.56679,-7.96701],[111.56641,-7.9669],[111.56605,-7.96669],[111.56563,-7.9663],[111.56548,-7.96621],[111.5653,-7.9662],[111.56508,-7.96625],[111.5649,-7.96636],[111.56431,-7.96682],[111.56418,-7.96672],[111.56391,-7.96624],[111.56432,-7.96577],[111.56448,-7.96554],[111.56519,-7.96521],[111.56538,-7.96516],[111.56555,-7.96517],[111.56604,-7.96547],[111.56619,-7.96552],[111.56711,-7.96514],[111.56763,-7.96488],[111.56793,-7.96458],[111.5681,-7.96437],[111.56815,-7.96419],[111.56811,-7.96392],[111.56843,-7.96309],[111.56868,-7.96251],[111.56892,-7.96229],[111.5699,-7.96207],[111.57036,-7.96219],[111.57054,-7.96221],[111.57069,-7.96217],[111.57131,-7.96156],[111.57149,-7.96174],[111.57154,-7.96186],[111.57146,-7.96215],[111.57147,-7.96221],[111.5716,-7.96228],[111.57227,-7.96217],[111.57252,-7.96238],[111.57267,-7.96238],[111.57286,-7.96225],[111.57295,-7.96202],[111.57307,-7.96139],[111.57321,-7.96105],[111.57345,-7.96068],[111.57363,-7.96046],[111.57377,-7.96036],[111.57396,-7.96032],[111.5741,-7.96036],[111.57371,-7.96145],[111.57361,-7.96182],[111.57432,-7.96235],[111.57416,-7.96255],[111.57392,-7.96274],[111.57336,-7.96303],[111.57337,-7.96281],[111.57344,-7.9625],[111.57202,-7.96258],[111.57073,-7.96259],[111.56993,-7.96287],[111.56915,-7.96325],[111.56861,-7.96398],[111.56829,-7.96458],[111.56806,-7.96538],[111.56795,-7.96559],[111.56731,-7.96547],[111.56716,-7.96647],[111.56873,-7.96667],[111.57008,-7.96785],[111.57008,-7.96811],[111.57093,-7.96883],[111.57174,-7.96915],[111.57192,-7.96867],[111.57124,-7.968],[111.57072,-7.96731],[111.56934,-7.96654],[111.56891,-7.96638],[111.56889,-7.96575],[111.56884,-7.96548],[111.56889,-7.96542],[111.56897,-7.96538],[111.56899,-7.96491],[111.56917,-7.96417],[111.5693,-7.96395],[111.56944,-7.96381],[111.56973,-7.96363],[111.57012,-7.9637],[111.57046,-7.9638],[111.5712,-7.96382],[111.57132,-7.96364],[111.57214,-7.96351],[111.57223,-7.96315],[111.57275,-7.96311],[111.57295,-7.96317],[111.57294,-7.96345],[111.57302,-7.96361],[111.57294,-7.96374],[111.57373,-7.96365],[111.57446,-7.96342],[111.57475,-7.96296],[111.5757,-7.96203],[111.57545,-7.96139],[111.57641,-7.96085],[111.57703,-7.96124],[111.57754,-7.9608],[111.57737,-7.96039],[111.57787,-7.96026],[111.5784,-7.96054],[111.57871,-7.96061],[111.57949,-7.96056],[111.57982,-7.96057],[111.57986,-7.96117],[111.58046,-7.96131],[111.581,-7.96124],[111.58146,-7.96125]],[[111.57946,-7.96184],[111.57911,-7.96254],[111.57881,-7.9625],[111.57866,-7.96327],[111.57804,-7.96327],[111.5779,-7.96379],[111.578,-7.96382],[111.57801,-7.96451],[111.57874,-7.96464],[111.57957,-7.96473],[111.5796,-7.9646],[111.58046,-7.96437],[111.58119,-7.96427],[111.58126,-7.96351],[111.58092,-7.96308],[111.58123,-7.96203],[111.57946,-7.96184]]]}},{"type":"Feature","properties":{"REMARK":"Sawah","JNSSWH":999,"_cls":"Sawah"},"geometry":{"type":"MultiPolygon","coordinates":[[[[111.54475,-7.96287],[111.54481,-7.96312],[111.54467,-7.96282],[111.54455,-7.9627],[111.54461,-7.96268],[111.54475,-7.96287]]],[[[111.54502,-7.96193],[111.54512,-7.96227],[111.54504,-7.96226],[111.54501,-7.96219],[111.54499,-7.96209],[111.54502,-7.96193]]],[[[111.54786,-7.96169],[111.54847,-7.9618],[111.54952,-7.96184],[111.55036,-7.96197],[111.5518,-7.96235],[111.55167,-7.96262],[111.55131,-7.96406],[111.55209,-7.96418],[111.55224,-7.96396],[111.55343,-7.9639],[111.55363,-7.96416],[111.55415,-7.96417],[111.55542,-7.96401],[111.55659,-7.96365],[111.55659,-7.96388],[111.55753,-7.96406],[111.55764,-7.96541],[111.55792,-7.96573],[111.55754,-7.96599],[111.55731,-7.96601],[111.55703,-7.96594],[111.5568,-7.96584],[111.55662,-7.96569],[111.55655,-7.96556],[111.55648,-7.96525],[111.55633,-7.96412],[111.55623,-7.96403],[111.5561,-7.96402],[111.55588,-7.96409],[111.55542,-7.96429],[111.55488,-7.9649],[111.55439,-7.96505],[111.5542,-7.96505],[111.55393,-7.96491],[111.55335,-7.96435],[111.55316,-7.96427],[111.55251,-7.96442],[111.55139,-7.9649],[111.55119,-7.9649],[111.55109,-7.96482],[111.55093,-7.96461],[111.55056,-7.96326],[111.54931,-7.96221],[111.54913,-7.96227],[111.54898,-7.96238],[111.54829,-7.96308],[111.54816,-7.96304],[111.54805,-7.96292],[111.54755,-7.96216],[111.54714,-7.9617],[111.54703,-7.96164],[111.54723,-7.96175],[111.5476,-7.96174],[111.54761,-7.9616],[111.54786,-7.96169]]],[[[111.54565,-7.96128],[111.54593,-7.96135],[111.54654,-7.9615],[111.54571,-7.96133],[111.54539,-7.96135],[111.54529,-7.96141],[111.54538,-7.9613],[111.54565,-7.96128]]]]}},{"type":"Feature","properties":{"REMARK":"Sawah Tadah Hujan","JNSSWH":2,"_cls":"Sawah Tadah Hujan"},"geometry":{"type":"Polygon","coordinates":[[[111.53599,-7.96817],[111.53607,-7.96921],[111.53602,-7.96922],[111.53573,-7.96921],[111.53537,-7.9691],[111.53281,-7.96824],[111.5328,-7.96815],[111.53299,-7.96817],[111.53346,-7.96832],[111.5335,-7.96707],[111.53337,-7.96703],[111.53334,-7.96682],[111.53351,-7.96682],[111.53363,-7.96693],[111.53378,-7.96688],[111.53401,-7.96685],[111.53408,-7.96678],[111.53427,-7.96677],[111.53535,-7.96682],[111.53536,-7.96723],[111.53486,-7.96731],[111.53489,-7.96798],[111.53599,-7.96817]]]}},{"type":"Feature","properties":{"REMARK":"Sawah","JNSSWH":999,"_cls":"Sawah"},"geometry":{"type":"Polygon","coordinates":[[[111.55978,-7.96755],[111.55962,-7.96756],[111.55945,-7.9675],[111.55924,-7.96736],[111.55904,-7.96712],[111.55825,-7.96569],[111.5589,-7.96525],[111.55975,-7.96558],[111.56078,-7.96606],[111.56059,-7.9663],[111.56006,-7.96734],[111.55993,-7.96748],[111.55978,-7.96755]]]}},{"type":"Feature","properties":{"REMARK":"Sawah","JNSSWH":999,"_cls":"Sawah"},"geometry":{"type":"Polygon","coordinates":[[[111.56532,-7.96911],[111.56501,-7.96964],[111.56351,-7.96905],[111.56367,-7.96839],[111.56327,-7.96824],[111.56336,-7.9678],[111.56482,-7.96882],[111.56532,-7.96911]]]}},{"type":"Feature","properties":{"REMARK":"Sawah","JNSSWH":999,"_cls":"Sawah"},"geometry":{"type":"Polygon","coordinates":[[[111.56997,-7.96982],[111.57031,-7.96986],[111.57062,-7.96985],[111.57126,-7.96999],[111.57157,-7.97011],[111.57204,-7.97042],[111.5726,-7.97064],[111.5738,-7.97124],[111.57446,-7.97174],[111.57492,-7.97217],[111.57387,-7.97222],[111.57259,-7.97219],[111.57166,-7.97169],[111.57091,-7.97088],[111.57037,-7.97052],[111.57022,-7.97055],[111.56856,-7.96963],[111.56868,-7.96913],[111.56895,-7.96858],[111.56922,-7.9689],[111.56947,-7.96946],[111.56971,-7.96968],[111.56997,-7.96982]]]}},{"type":"Feature","properties":{"REMARK":"Sawah","JNSSWH":999,"_cls":"Sawah"},"geometry":{"type":"Polygon","coordinates":[[[111.56135,-7.97095],[111.56132,-7.97157],[111.56088,-7.97148],[111.56103,-7.9707],[111.5613,-7.96977],[111.56161,-7.96988],[111.56145,-7.97037],[111.56135,-7.97095]]]}},{"type":"Feature","properties":{"REMARK":"Sawah","JNSSWH":999,"_cls":"Sawah"},"geometry":{"type":"Polygon","coordinates":[[[111.54703,-7.97708],[111.54695,-7.97723],[111.54675,-7.97804],[111.54603,-7.97804],[111.54603,-7.97772],[111.54455,-7.97742],[111.54458,-7.97648],[111.54644,-7.97701],[111.54703,-7.97708]]]}},{"type":"Feature","properties":{"REMARK":"Sawah Tadah Hujan","JNSSWH":2,"_cls":"Sawah Tadah Hujan"},"geometry":{"type":"Polygon","coordinates":[[[111.53244,-7.97791],[111.5326,-7.97793],[111.53295,-7.97788],[111.53324,-7.97794],[111.53352,-7.97808],[111.53408,-7.97848],[111.53419,-7.97869],[111.53417,-7.97912],[111.53428,-7.97931],[111.53448,-7.97951],[111.53541,-7.9799],[111.53562,-7.97982],[111.53587,-7.97988],[111.53617,-7.98002],[111.5363,-7.98012],[111.5364,-7.98034],[111.53644,-7.98071],[111.53317,-7.98031],[111.5329,-7.98072],[111.53249,-7.98082],[111.53223,-7.98142],[111.53198,-7.98142],[111.53198,-7.97973],[111.53107,-7.97973],[111.53005,-7.97966],[111.53016,-7.97823],[111.53025,-7.97764],[111.53226,-7.97776],[111.53244,-7.97791]]]}},{"type":"Feature","properties":{"REMARK":"Sawah Tadah Hujan","JNSSWH":2,"_cls":"Sawah Tadah Hujan"},"geometry":{"type":"Polygon","coordinates":[[[111.5774,-7.98209],[111.57695,-7.98271],[111.57679,-7.983],[111.57676,-7.98315],[111.5768,-7.98337],[111.57722,-7.98391],[111.57747,-7.9841],[111.577,-7.98419],[111.57657,-7.9844],[111.57676,-7.98512],[111.57575,-7.98552],[111.5747,-7.98565],[111.57468,-7.9853],[111.57482,-7.98492],[111.5752,-7.98429],[111.5756,-7.98434],[111.57604,-7.98361],[111.57621,-7.98218],[111.57701,-7.98228],[111.57715,-7.98153],[111.57707,-7.98013],[111.57746,-7.9791],[111.57744,-7.97946],[111.57758,-7.97984],[111.57777,-7.98015],[111.57804,-7.98084],[111.57808,-7.98106],[111.57795,-7.98157],[111.57786,-7.98177],[111.5774,-7.98209]]]}},{"type":"Feature","properties":{"REMARK":"Sawah Tadah Hujan","JNSSWH":2,"_cls":"Sawah Tadah Hujan"},"geometry":{"type":"Polygon","coordinates":[[[111.5385,-7.98281],[111.53765,-7.98283],[111.53764,-7.98209],[111.53752,-7.98185],[111.53737,-7.9817],[111.53795,-7.98152],[111.5387,-7.98154],[111.5385,-7.98281]]]}},{"type":"Feature","properties":{"REMARK":"Sawah Tadah Hujan","JNSSWH":2,"_cls":"Sawah Tadah Hujan"},"geometry":{"type":"Polygon","coordinates":[[[111.53202,-7.98259],[111.53208,-7.98372],[111.53207,-7.98367],[111.53202,-7.98259]]]}},{"type":"Feature","properties":{"REMARK":"Sawah Tadah Hujan","JNSSWH":2,"_cls":"Sawah Tadah Hujan"},"geometry":{"type":"Polygon","coordinates":[[[111.58075,-7.99173],[111.58056,-7.99184],[111.58022,-7.99232],[111.58009,-7.99245],[111.57948,-7.99282],[111.57947,-7.99151],[111.58049,-7.9913],[111.58075,-7.99173]]]}},{"type":"Feature","properties":{"REMARK":"Sawah Tadah Hujan","JNSSWH":2,"_cls":"Sawah Tadah Hujan"},"geometry":{"type":"Polygon","coordinates":[[[111.61749,-7.9987],[111.61731,-7.99912],[111.61724,-7.99836],[111.61726,-7.99817],[111.61739,-7.99781],[111.61776,-7.99717],[111.61818,-7.9967],[111.61858,-7.99643],[111.61897,-7.99657],[111.61892,-7.99724],[111.61825,-7.99787],[111.61809,-7.99822],[111.61749,-7.9987]]]}},{"type":"Feature","properties":{"REMARK":"Sawah Tadah Hujan","JNSSWH":2,"_cls":"Sawah Tadah Hujan"},"geometry":{"type":"Polygon","coordinates":[[[111.64417,-7.96046],[111.64434,-7.96042],[111.6444,-7.96028],[111.64525,-7.96049],[111.64578,-7.96037],[111.64602,-7.96041],[111.64667,-7.96079],[111.64683,-7.96083],[111.64744,-7.96068],[111.64877,-7.9608],[111.64977,-7.96131],[111.64986,-7.96141],[111.64986,-7.9615],[111.64966,-7.96159],[111.64948,-7.96173],[111.64935,-7.9619],[111.64916,-7.96257],[111.64892,-7.96306],[111.6481,-7.96286],[111.64821,-7.96225],[111.64822,-7.96177],[111.64818,-7.96163],[111.6478,-7.96184],[111.64773,-7.9618],[111.6476,-7.96118],[111.6475,-7.96114],[111.64703,-7.9613],[111.64638,-7.96113],[111.64532,-7.96129],[111.64513,-7.96127],[111.64505,-7.96084],[111.64492,-7.96072],[111.64481,-7.96069],[111.64421,-7.96085],[111.64333,-7.96093],[111.64267,-7.96133],[111.64259,-7.96137],[111.64255,-7.96132],[111.64285,-7.96098],[111.64289,-7.9609],[111.64281,-7.96087],[111.64283,-7.96086],[111.64295,-7.96093],[111.64314,-7.96087],[111.64322,-7.96062],[111.6432,-7.96022],[111.64324,-7.96013],[111.64338,-7.96011],[111.64348,-7.96014],[111.64397,-7.9604],[111.64417,-7.96046]]]}},{"type":"Feature","properties":{"REMARK":"Sawah Tadah Hujan","JNSSWH":2,"_cls":"Sawah Tadah Hujan"},"geometry":{"type":"MultiPolygon","coordinates":[[[[111.66343,-7.96758],[111.66349,-7.96782],[111.66323,-7.96749],[111.66307,-7.96738],[111.66343,-7.96758]]],[[[111.66262,-7.96713],[111.66265,-7.96715],[111.66262,-7.96713],[111.66262,-7.96713]]],[[[111.65898,-7.96773],[111.6588,-7.96775],[111.65851,-7.96769],[111.65843,-7.96762],[111.65817,-7.96726],[111.65793,-7.96706],[111.65799,-7.96688],[111.65849,-7.96735],[111.65898,-7.96773]]]]}},{"type":"Feature","properties":{"REMARK":"Sawah Tadah Hujan","JNSSWH":2,"_cls":"Sawah Tadah Hujan"},"geometry":{"type":"Polygon","coordinates":[[[111.64147,-7.96154],[111.64135,-7.96166],[111.64096,-7.9616],[111.64013,-7.96162],[111.64003,-7.96196],[111.64071,-7.96189],[111.64072,-7.96233],[111.6402,-7.96243],[111.64016,-7.96266],[111.64109,-7.96243],[111.64109,-7.9625],[111.641,-7.96271],[111.64068,-7.96305],[111.64052,-7.96338],[111.64008,-7.96325],[111.63991,-7.96315],[111.63974,-7.96294],[111.63966,-7.96275],[111.63926,-7.96228],[111.63907,-7.96212],[111.63895,-7.96207],[111.63884,-7.96209],[111.63874,-7.96219],[111.63868,-7.96235],[111.63876,-7.96297],[111.63874,-7.96319],[111.63879,-7.96373],[111.63886,-7.96393],[111.63895,-7.96412],[111.63919,-7.96442],[111.63956,-7.9647],[111.63941,-7.96516],[111.63939,-7.96535],[111.63892,-7.96563],[111.638,-7.96592],[111.6378,-7.96589],[111.63747,-7.96573],[111.63726,-7.96556],[111.63699,-7.96527],[111.63678,-7.96488],[111.63672,-7.96445],[111.63715,-7.96426],[111.63792,-7.96371],[111.63764,-7.96344],[111.63751,-7.96326],[111.63775,-7.96183],[111.63832,-7.96166],[111.63875,-7.96158],[111.63931,-7.96139],[111.64005,-7.96124],[111.64109,-7.96128],[111.64158,-7.96136],[111.64147,-7.96154]]]}},{"type":"Feature","properties":{"REMARK":"Sawah Tadah Hujan","JNSSWH":2,"_cls":"Sawah Tadah Hujan"},"geometry":{"type":"Polygon","coordinates":[[[111.66299,-7.96982],[111.6626,-7.97052],[111.66251,-7.97061],[111.6624,-7.97089],[111.66223,-7.97107],[111.66171,-7.97122],[111.66163,-7.97129],[111.66172,-7.97189],[111.66154,-7.97224],[111.66131,-7.97199],[111.66103,-7.97183],[111.66064,-7.97167],[111.66037,-7.97146],[111.65978,-7.97052],[111.65928,-7.97005],[111.6594,-7.97],[111.6595,-7.97001],[111.66049,-7.97059],[111.66066,-7.97059],[111.66073,-7.9705],[111.6609,-7.9698],[111.661,-7.96971],[111.66112,-7.96971],[111.66122,-7.96977],[111.6615,-7.97018],[111.66166,-7.97028],[111.66191,-7.97035],[111.66213,-7.97034],[111.66227,-7.97024],[111.66235,-7.97008],[111.66268,-7.9691],[111.66309,-7.96884],[111.66333,-7.96884],[111.66299,-7.96982]]]}},{"type":"Feature","properties":{"REMARK":"Sawah Tadah Hujan","JNSSWH":2,"_cls":"Sawah Tadah Hujan"},"geometry":{"type":"Polygon","coordinates":[[[111.625,-7.97083],[111.625,-7.97082],[111.625,-7.97082],[111.625,-7.97083]]]}},{"type":"Feature","properties":{"REMARK":"Sawah Tadah Hujan","JNSSWH":2,"_cls":"Sawah Tadah Hujan"},"geometry":{"type":"Polygon","coordinates":[[[111.66,-7.97497],[111.65925,-7.97551],[111.65906,-7.97536],[111.65841,-7.97532],[111.65783,-7.97537],[111.65755,-7.97547],[111.65783,-7.97537],[111.65841,-7.97532],[111.65907,-7.97535],[111.65905,-7.97479],[111.65888,-7.97422],[111.65848,-7.97385],[111.65838,-7.97366],[111.65833,-7.97338],[111.65835,-7.97296],[111.65831,-7.97236],[111.65835,-7.97205],[111.65859,-7.97174],[111.65869,-7.97171],[111.65904,-7.97164],[111.65951,-7.97184],[111.65982,-7.97212],[111.66036,-7.97249],[111.66057,-7.97254],[111.66068,-7.97266],[111.66082,-7.9729],[111.66099,-7.97341],[111.661,-7.97361],[111.66093,-7.97367],[111.66036,-7.97395],[111.66024,-7.97409],[111.66018,-7.97424],[111.66015,-7.97475],[111.66,-7.97497]]]}},{"type":"Feature","properties":{"REMARK":"Sawah","JNSSWH":999,"_cls":"Sawah"},"geometry":{"type":"Polygon","coordinates":[[[111.64543,-7.97549],[111.64544,-7.97558],[111.64584,-7.97604],[111.64579,-7.97623],[111.6457,-7.97632],[111.64524,-7.97655],[111.64458,-7.97674],[111.64452,-7.97684],[111.64447,-7.97705],[111.64446,-7.97742],[111.64454,-7.97794],[111.64448,-7.978],[111.64406,-7.97814],[111.64395,-7.97828],[111.64392,-7.97758],[111.64367,-7.97695],[111.64376,-7.97673],[111.64385,-7.97662],[111.64444,-7.97639],[111.64502,-7.97608],[111.64509,-7.97595],[111.64509,-7.9758],[111.64492,-7.97582],[111.64477,-7.97579],[111.64473,-7.9756],[111.64462,-7.97543],[111.64446,-7.97529],[111.64371,-7.975],[111.64359,-7.97489],[111.64349,-7.97472],[111.64335,-7.97428],[111.64322,-7.97411],[111.64283,-7.97386],[111.64281,-7.9738],[111.64318,-7.97389],[111.64344,-7.9739],[111.64382,-7.97386],[111.64392,-7.9739],[111.64404,-7.97411],[111.64417,-7.97453],[111.64429,-7.97462],[111.64451,-7.97468],[111.6449,-7.97467],[111.645,-7.97471],[111.64505,-7.97479],[111.64496,-7.97507],[111.64495,-7.97537],[111.645,-7.97545],[111.64543,-7.97549]]]}},{"type":"Feature","properties":{"REMARK":"Sawah Tadah Hujan","JNSSWH":2,"_cls":"Sawah Tadah Hujan"},"geometry":{"type":"Polygon","coordinates":[[[111.6402,-7.97583],[111.64105,-7.97752],[111.64122,-7.97775],[111.64179,-7.97798],[111.64188,-7.9781],[111.64186,-7.97937],[111.64191,-7.97962],[111.64198,-7.97981],[111.64233,-7.98046],[111.64221,-7.98054],[111.64211,-7.98068],[111.64206,-7.98113],[111.64199,-7.98117],[111.64169,-7.98103],[111.64163,-7.98111],[111.64159,-7.98126],[111.64166,-7.9818],[111.64176,-7.98214],[111.6416,-7.98214],[111.64145,-7.98208],[111.64104,-7.98141],[111.64063,-7.98086],[111.64037,-7.98044],[111.64033,-7.98021],[111.64037,-7.98007],[111.64046,-7.98],[111.64058,-7.97999],[111.64125,-7.98066],[111.64142,-7.98072],[111.64157,-7.98072],[111.64171,-7.98062],[111.64183,-7.9804],[111.64186,-7.98023],[111.64184,-7.9801],[111.64123,-7.97932],[111.64109,-7.97892],[111.64094,-7.97828],[111.64077,-7.97803],[111.64063,-7.97796],[111.64028,-7.9779],[111.63973,-7.97793],[111.63958,-7.97763],[111.6392,-7.9766],[111.63946,-7.97649],[111.63966,-7.97652],[111.63967,-7.97634],[111.63938,-7.9755],[111.63938,-7.97533],[111.63951,-7.97522],[111.63962,-7.97522],[111.63984,-7.97535],[111.6402,-7.97583]]]}},{"type":"Feature","properties":{"REMARK":"Sawah","JNSSWH":999,"_cls":"Sawah"},"geometry":{"type":"Polygon","coordinates":[[[111.65349,-8.01976],[111.6533,-8.02048],[111.65319,-8.02058],[111.65294,-8.02067],[111.65165,-8.0214],[111.65142,-8.02146],[111.65096,-8.0214],[111.65086,-8.02148],[111.65079,-8.02162],[111.65074,-8.02203],[111.65064,-8.02214],[111.64983,-8.02207],[111.64933,-8.02173],[111.64923,-8.02174],[111.64901,-8.02184],[111.6489,-8.02194],[111.64865,-8.02157],[111.64894,-8.02114],[111.6507,-8.02041],[111.65087,-8.02026],[111.65114,-8.01976],[111.65129,-8.01966],[111.65268,-8.01933],[111.65276,-8.01925],[111.65305,-8.01956],[111.65343,-8.01975],[111.65349,-8.01976]]]}},{"type":"Feature","properties":{"REMARK":"Sawah Tadah Hujan","JNSSWH":2,"_cls":"Sawah Tadah Hujan"},"geometry":{"type":"Polygon","coordinates":[[[111.53974,-8.04104],[111.5393,-8.04142],[111.53964,-8.04106],[111.53973,-8.04101],[111.53974,-8.04104]]]}},{"type":"Feature","properties":{"REMARK":"Sawah Tadah Hujan","JNSSWH":2,"_cls":"Sawah Tadah Hujan"},"geometry":{"type":"Polygon","coordinates":[[[111.55225,-8.0087],[111.55224,-8.00932],[111.55203,-8.00937],[111.55183,-8.0093],[111.55107,-8.00934],[111.55011,-8.00931],[111.54953,-8.00904],[111.54934,-8.00885],[111.54923,-8.00869],[111.54919,-8.00857],[111.54937,-8.00831],[111.54957,-8.00818],[111.5501,-8.00819],[111.5511,-8.00841],[111.55151,-8.00865],[111.55225,-8.0087]]]}},{"type":"Feature","properties":{"REMARK":"Sawah Tadah Hujan","JNSSWH":2,"_cls":"Sawah Tadah Hujan"},"geometry":{"type":"Polygon","coordinates":[[[111.65349,-8.01976],[111.65343,-8.01975],[111.65305,-8.01956],[111.65276,-8.01925],[111.6528,-8.01857],[111.65342,-8.01773],[111.65358,-8.01629],[111.65363,-8.0161],[111.65331,-8.01604],[111.65215,-8.01774],[111.64981,-8.01852],[111.65028,-8.02058],[111.64894,-8.02114],[111.64865,-8.02157],[111.64816,-8.0209],[111.64828,-8.02006],[111.64827,-8.01931],[111.64806,-8.01876],[111.64775,-8.01826],[111.64742,-8.01787],[111.64718,-8.01729],[111.64714,-8.01696],[111.64726,-8.0169],[111.64745,-8.0169],[111.64767,-8.01693],[111.64789,-8.01705],[111.64829,-8.01734],[111.6491,-8.01804],[111.64958,-8.01819],[111.65032,-8.01815],[111.65053,-8.01807],[111.65188,-8.01692],[111.65208,-8.0166],[111.65222,-8.01616],[111.65227,-8.01582],[111.65236,-8.0149],[111.65239,-8.01406],[111.65235,-8.01363],[111.65218,-8.013],[111.65218,-8.01283],[111.65224,-8.01275],[111.65237,-8.01268],[111.65349,-8.01273],[111.65352,-8.01276],[111.65348,-8.01289],[111.6536,-8.01366],[111.65291,-8.01357],[111.65282,-8.01412],[111.6542,-8.01501],[111.65441,-8.01362],[111.6544,-8.01295],[111.65466,-8.01264],[111.6548,-8.01243],[111.6549,-8.01208],[111.65489,-8.01168],[111.65478,-8.01134],[111.6542,-8.00998],[111.65404,-8.00974],[111.65384,-8.00918],[111.65409,-8.00894],[111.65414,-8.00884],[111.65394,-8.00843],[111.65341,-8.0077],[111.65322,-8.00748],[111.65265,-8.00699],[111.65249,-8.00691],[111.65183,-8.00683],[111.65184,-8.00669],[111.65214,-8.00665],[111.65232,-8.00655],[111.65283,-8.00593],[111.65355,-8.00662],[111.6539,-8.00725],[111.65403,-8.00743],[111.65425,-8.00758],[111.65485,-8.00782],[111.65504,-8.00835],[111.6552,-8.00856],[111.65538,-8.00874],[111.65545,-8.00903],[111.65561,-8.00931],[111.65565,-8.01131],[111.65532,-8.01204],[111.65497,-8.01353],[111.65496,-8.01426],[111.65505,-8.01507],[111.655,-8.01551],[111.65452,-8.01637],[111.65384,-8.01705],[111.65373,-8.01726],[111.65379,-8.01819],[111.65356,-8.01856],[111.65332,-8.01885],[111.65332,-8.01898],[111.65358,-8.01946],[111.65349,-8.01976]]]}},{"type":"Feature","properties":{"REMARK":"Sawah Tadah Hujan","JNSSWH":2,"_cls":"Sawah Tadah Hujan"},"geometry":{"type":"Polygon","coordinates":[[[111.65082,-8.00313],[111.65035,-8.00322],[111.65004,-8.00322],[111.64983,-8.00317],[111.6497,-8.00307],[111.64962,-8.00267],[111.64963,-8.0023],[111.64971,-8.00202],[111.64977,-8.00192],[111.64992,-8.00194],[111.65012,-8.00204],[111.65044,-8.00231],[111.6507,-8.00273],[111.65082,-8.00313]]]}},{"type":"Feature","properties":{"REMARK":"Sawah Tadah Hujan","JNSSWH":2,"_cls":"Sawah Tadah Hujan"},"geometry":{"type":"Polygon","coordinates":[[[111.63196,-8.00183],[111.63213,-8.00226],[111.63234,-8.00248],[111.63246,-8.00254],[111.63249,-8.00266],[111.6323,-8.00317],[111.63246,-8.00344],[111.63249,-8.00363],[111.6324,-8.00382],[111.63229,-8.0042],[111.63234,-8.0044],[111.63241,-8.00446],[111.63245,-8.00457],[111.63243,-8.00506],[111.63177,-8.00668],[111.63117,-8.00743],[111.63103,-8.0073],[111.63079,-8.007],[111.63028,-8.00654],[111.63027,-8.00644],[111.63005,-8.00639],[111.62987,-8.00619],[111.63005,-8.006],[111.63015,-8.00568],[111.6305,-8.00503],[111.63061,-8.00467],[111.6307,-8.0039],[111.63086,-8.00371],[111.6315,-8.00338],[111.6313,-8.00333],[111.6312,-8.00321],[111.63116,-8.00304],[111.63114,-8.0026],[111.63118,-8.00197],[111.63096,-8.00186],[111.63153,-8.00193],[111.63191,-8.00155],[111.63196,-8.00183]]]}},{"type":"Feature","properties":{"REMARK":"Sawah Tadah Hujan","JNSSWH":2,"_cls":"Sawah Tadah Hujan"},"geometry":{"type":"Polygon","coordinates":[[[111.60952,-8.00701],[111.60992,-8.00636],[111.60982,-8.00595],[111.60978,-8.00564],[111.60982,-8.00536],[111.61005,-8.00495],[111.61005,-8.0047],[111.60977,-8.0041],[111.60974,-8.00395],[111.61004,-8.00353],[111.60996,-8.0034],[111.60951,-8.00319],[111.60943,-8.00307],[111.60933,-8.00264],[111.60904,-8.00226],[111.60899,-8.00215],[111.60902,-8.00203],[111.60911,-8.00191],[111.60954,-8.00168],[111.60988,-8.00155],[111.60997,-8.00147],[111.61001,-8.00132],[111.61017,-8.0018],[111.61025,-8.00221],[111.61025,-8.00404],[111.61035,-8.00473],[111.61044,-8.00499],[111.61054,-8.00509],[111.6107,-8.00551],[111.61085,-8.00564],[111.61117,-8.00577],[111.61152,-8.0058],[111.61257,-8.00572],[111.61307,-8.00563],[111.6137,-8.00566],[111.61281,-8.006],[111.61238,-8.00624],[111.61186,-8.00666],[111.61229,-8.00678],[111.61265,-8.00684],[111.61301,-8.0068],[111.61389,-8.00659],[111.61408,-8.00658],[111.6146,-8.00673],[111.61484,-8.00683],[111.6145,-8.00764],[111.61395,-8.0085],[111.61382,-8.0088],[111.61356,-8.00874],[111.61259,-8.00882],[111.61189,-8.0087],[111.61117,-8.00864],[111.61078,-8.00864],[111.61052,-8.0087],[111.60981,-8.00874],[111.60895,-8.00909],[111.6089,-8.00892],[111.60891,-8.0088],[111.60924,-8.0079],[111.60959,-8.00707],[111.60952,-8.00701]]]}},{"type":"Feature","properties":{"REMARK":"Sawah Tadah Hujan","JNSSWH":2,"_cls":"Sawah Tadah Hujan"},"geometry":{"type":"MultiPolygon","coordinates":[[[[111.53816,-8.0143],[111.53813,-8.01437],[111.53813,-8.01436],[111.53816,-8.0143]]],[[[111.53509,-7.98417],[111.53486,-7.98563],[111.53468,-7.98601],[111.53422,-7.98615],[111.53396,-7.9868],[111.53287,-7.98685],[111.5328,-7.98715],[111.53304,-7.98851],[111.53332,-7.98862],[111.5333,-7.98918],[111.53253,-7.98922],[111.53232,-7.98772],[111.53211,-7.98417],[111.53314,-7.98425],[111.53322,-7.98457],[111.53409,-7.98451],[111.53422,-7.9839],[111.53453,-7.98409],[111.53484,-7.98416],[111.53509,-7.98417]]],[[[111.54389,-7.98773],[111.54411,-7.98845],[111.5444,-7.98919],[111.54468,-7.98929],[111.5447,-7.98959],[111.54616,-7.98989],[111.54657,-7.98935],[111.54566,-7.98894],[111.54594,-7.98844],[111.54487,-7.98795],[111.54389,-7.98773],[111.54357,-7.9867],[111.54312,-7.98592],[111.54289,-7.98586],[111.54289,-7.98592],[111.54213,-7.98598],[111.54203,-7.98644],[111.54114,-7.98623],[111.54137,-7.9845],[111.54291,-7.98455],[111.54292,-7.98442],[111.54323,-7.9845],[111.54387,-7.98474],[111.54456,-7.98505],[111.54455,-7.98509],[111.54526,-7.98539],[111.54542,-7.98361],[111.54562,-7.98208],[111.54499,-7.98194],[111.54511,-7.98093],[111.54398,-7.98075],[111.54407,-7.97976],[111.5443,-7.97793],[111.54473,-7.97797],[111.54467,-7.9788],[111.54557,-7.97895],[111.54563,-7.97866],[111.54611,-7.97867],[111.54603,-7.97804],[111.54675,-7.97804],[111.54695,-7.97723],[111.54765,-7.97591],[111.5479,-7.97535],[111.54857,-7.97417],[111.5498,-7.97181],[111.55035,-7.97066],[111.55039,-7.97047],[111.55087,-7.97049],[111.5511,-7.97043],[111.55137,-7.97021],[111.55217,-7.97091],[111.55265,-7.9713],[111.55281,-7.97148],[111.55327,-7.9726],[111.55328,-7.97282],[111.55324,-7.97293],[111.55314,-7.97303],[111.55243,-7.97302],[111.55229,-7.97314],[111.55218,-7.97331],[111.55215,-7.97352],[111.55222,-7.97376],[111.55294,-7.97477],[111.55283,-7.97494],[111.5523,-7.9754],[111.55169,-7.97606],[111.55128,-7.97655],[111.55116,-7.97677],[111.55056,-7.97742],[111.5504,-7.97764],[111.55034,-7.97786],[111.55033,-7.97806],[111.55065,-7.97899],[111.55029,-7.98047],[111.55006,-7.98174],[111.55009,-7.9825],[111.55001,-7.9827],[111.55003,-7.98292],[111.54987,-7.98318],[111.54934,-7.98389],[111.54908,-7.98409],[111.54884,-7.9842],[111.54805,-7.98436],[111.54738,-7.98457],[111.54727,-7.98464],[111.547,-7.98497],[111.5469,-7.98525],[111.54687,-7.9855],[111.54674,-7.98591],[111.54648,-7.98649],[111.54717,-7.98719],[111.54739,-7.98735],[111.54793,-7.98748],[111.54809,-7.98755],[111.54862,-7.98804],[111.54902,-7.98861],[111.54939,-7.98877],[111.54951,-7.9889],[111.54955,-7.98902],[111.54949,-7.98937],[111.54951,-7.98946],[111.54965,-7.98962],[111.54832,-7.98924],[111.5483,-7.98952],[111.5474,-7.98925],[111.54708,-7.98957],[111.54739,-7.98969],[111.54737,-7.99004],[111.54886,-7.99071],[111.54986,-7.99098],[111.55026,-7.99073],[111.55021,-7.99068],[111.54987,-7.98978],[111.55195,-7.99083],[111.55219,-7.99088],[111.55267,-7.9909],[111.55335,-7.99102],[111.55259,-7.99139],[111.55247,-7.99157],[111.55249,-7.99164],[111.55259,-7.99176],[111.55284,-7.99195],[111.55323,-7.99218],[111.55356,-7.99243],[111.55381,-7.99273],[111.55386,-7.99286],[111.55384,-7.99303],[111.55373,-7.99317],[111.5535,-7.99331],[111.55335,-7.99334],[111.55293,-7.99335],[111.55264,-7.99346],[111.55192,-7.99385],[111.55189,-7.99366],[111.55119,-7.99232],[111.55081,-7.99217],[111.55038,-7.99211],[111.55001,-7.99223],[111.5498,-7.99238],[111.54966,-7.99258],[111.54956,-7.99281],[111.54935,-7.9936],[111.54922,-7.99389],[111.54905,-7.994],[111.54901,-7.99435],[111.549,-7.99453],[111.54903,-7.99471],[111.54923,-7.99515],[111.54942,-7.99575],[111.55,-7.99567],[111.55047,-7.99569],[111.55093,-7.99585],[111.55115,-7.99608],[111.55121,-7.99623],[111.55117,-7.99668],[111.5506,-7.99817],[111.55029,-7.99858],[111.55016,-7.99864],[111.55005,-7.99861],[111.54988,-7.99845],[111.54974,-7.99816],[111.54924,-7.99663],[111.54836,-7.99545],[111.54799,-7.99489],[111.54769,-7.99436],[111.54715,-7.99281],[111.5467,-7.99163],[111.5465,-7.99145],[111.54635,-7.99139],[111.54616,-7.99139],[111.54532,-7.99149],[111.5453,-7.99158],[111.54496,-7.99208],[111.54481,-7.99238],[111.5447,-7.99329],[111.54469,-7.99398],[111.54475,-7.9944],[111.54487,-7.99468],[111.54578,-7.99635],[111.54584,-7.9966],[111.5459,-7.99768],[111.54611,-7.99901],[111.54626,-7.99917],[111.5464,-7.99925],[111.54711,-7.99941],[111.54721,-7.9995],[111.54744,-7.99997],[111.54765,-8.00067],[111.54799,-8.00087],[111.5485,-8.00108],[111.54884,-8.0008],[111.54894,-8.0008],[111.54904,-8.00089],[111.54995,-8.002],[111.55008,-8.00225],[111.5501,-8.00245],[111.55004,-8.00254],[111.5499,-8.00259],[111.54921,-8.00259],[111.54889,-8.00256],[111.54855,-8.00245],[111.54837,-8.00226],[111.54821,-8.00199],[111.54813,-8.00184],[111.54813,-8.00177],[111.54733,-8.0018],[111.54693,-8.00172],[111.54653,-8.00159],[111.54665,-8.00177],[111.54691,-8.00201],[111.54745,-8.0023],[111.54761,-8.00242],[111.54809,-8.00314],[111.54823,-8.00329],[111.54884,-8.00359],[111.549,-8.00373],[111.54909,-8.00389],[111.54907,-8.00408],[111.54898,-8.00425],[111.54861,-8.00448],[111.54843,-8.00453],[111.54772,-8.00429],[111.54678,-8.00418],[111.54659,-8.00407],[111.54605,-8.00364],[111.54581,-8.00318],[111.54565,-8.00303],[111.54536,-8.00291],[111.54465,-8.00284],[111.54438,-8.0027],[111.54436,-8.00086],[111.54428,-8.00053],[111.54417,-8.00022],[111.54405,-8.00007],[111.54354,-7.99975],[111.54325,-7.99964],[111.54231,-7.9996],[111.54204,-7.99962],[111.54164,-7.99976],[111.54138,-7.99988],[111.54046,-8.00066],[111.54024,-8.00093],[111.53995,-8.00154],[111.54056,-8.00242],[111.54051,-8.00274],[111.54008,-8.00369],[111.54,-8.00381],[111.53979,-8.00394],[111.53977,-8.00408],[111.53969,-8.00426],[111.5397,-8.0045],[111.53986,-8.00487],[111.54012,-8.00518],[111.54032,-8.0057],[111.54049,-8.00638],[111.54069,-8.0066],[111.54085,-8.0067],[111.54102,-8.0073],[111.54118,-8.00842],[111.54135,-8.00881],[111.54137,-8.00926],[111.54122,-8.00989],[111.5412,-8.01017],[111.54131,-8.0105],[111.54168,-8.01118],[111.54166,-8.01134],[111.54137,-8.01157],[111.541,-8.01152],[111.5404,-8.01136],[111.53981,-8.01163],[111.53926,-8.01183],[111.53872,-8.0132],[111.53836,-8.01395],[111.53892,-8.01271],[111.53954,-8.01105],[111.53964,-8.01047],[111.53968,-8.01],[111.53988,-8.00944],[111.54013,-8.00903],[111.54017,-8.00881],[111.54001,-8.0072],[111.53996,-8.00702],[111.53983,-8.00681],[111.53973,-8.00653],[111.53933,-8.00614],[111.53917,-8.00589],[111.53912,-8.00566],[111.53897,-8.00556],[111.53876,-8.00549],[111.53858,-8.00551],[111.53845,-8.0054],[111.53832,-8.00515],[111.5382,-8.0048],[111.53788,-8.00433],[111.53773,-8.00418],[111.53748,-8.00402],[111.53668,-8.00371],[111.5366,-8.00363],[111.53657,-8.00347],[111.53671,-8.00294],[111.53667,-8.00286],[111.53645,-8.00278],[111.53623,-8.00277],[111.5358,-8.00292],[111.53622,-8.00237],[111.53708,-8.00157],[111.53709,-8.00121],[111.53715,-8.00087],[111.53725,-8.00058],[111.53745,-8.00035],[111.53765,-8.0],[111.53859,-8.0],[111.53859,-8.0001],[111.53792,-8.00002],[111.53782,-8.00066],[111.53883,-8.00084],[111.53998,-8.00065],[111.54014,-7.99977],[111.53989,-7.9997],[111.53982,-7.99867],[111.53964,-7.99845],[111.54029,-7.99852],[111.54106,-7.99854],[111.54115,-7.99885],[111.5422,-7.99897],[111.54204,-7.99856],[111.5418,-7.99855],[111.54171,-7.99798],[111.54065,-7.99781],[111.54066,-7.99717],[111.54061,-7.9967],[111.53974,-7.99656],[111.53975,-7.99543],[111.53982,-7.99466],[111.53883,-7.99445],[111.5386,-7.9952],[111.53828,-7.99523],[111.53806,-7.9956],[111.538,-7.99582],[111.5379,-7.99581],[111.53776,-7.99609],[111.53844,-7.99635],[111.53871,-7.99655],[111.53875,-7.99709],[111.5392,-7.99713],[111.53905,-7.99748],[111.53848,-7.99733],[111.53812,-7.99734],[111.53762,-7.99824],[111.53759,-7.99837],[111.53747,-7.99855],[111.53765,-7.9993],[111.5375,-7.9996],[111.53764,-7.99999],[111.53721,-7.99994],[111.5371,-7.99984],[111.53708,-7.99975],[111.53707,-7.99913],[111.53694,-7.99865],[111.53684,-7.99844],[111.53673,-7.99836],[111.53632,-7.99834],[111.53612,-7.99828],[111.53591,-7.99845],[111.53545,-7.99868],[111.53482,-7.99888],[111.53458,-7.99902],[111.53428,-7.99933],[111.53413,-7.99957],[111.53535,-7.99974],[111.53566,-7.99986],[111.53589,-8.0],[111.53592,-8.00013],[111.53579,-8.00063],[111.53567,-8.00082],[111.53556,-8.00112],[111.5352,-8.00159],[111.53451,-8.00264],[111.53429,-8.00116],[111.5341,-8.00025],[111.53381,-7.99967],[111.5341,-7.99892],[111.53405,-7.99882],[111.53386,-7.99866],[111.53355,-7.99851],[111.53342,-7.99841],[111.53327,-7.9974],[111.53404,-7.99729],[111.53408,-7.99647],[111.53395,-7.99538],[111.53313,-7.99512],[111.53262,-7.99001],[111.53288,-7.99005],[111.5329,-7.98996],[111.53344,-7.98982],[111.5334,-7.9895],[111.53345,-7.98949],[111.5344,-7.98954],[111.53447,-7.98949],[111.53452,-7.98904],[111.53606,-7.98905],[111.53748,-7.98912],[111.53752,-7.98975],[111.53813,-7.98986],[111.53856,-7.99],[111.53924,-7.98993],[111.53928,-7.98981],[111.53928,-7.9892],[111.5398,-7.98924],[111.53977,-7.98989],[111.53981,-7.99042],[111.53988,-7.99049],[111.5399,-7.99062],[111.53984,-7.99074],[111.53995,-7.99087],[111.54026,-7.99147],[111.54079,-7.99151],[111.54113,-7.99268],[111.54037,-7.99302],[111.54044,-7.99359],[111.54063,-7.99381],[111.54057,-7.99408],[111.54034,-7.9945],[111.54011,-7.99474],[111.54007,-7.99487],[111.54014,-7.99503],[111.54039,-7.99523],[111.54045,-7.99533],[111.54047,-7.99568],[111.54064,-7.99575],[111.54097,-7.99541],[111.54117,-7.99436],[111.54223,-7.99424],[111.5421,-7.99347],[111.54205,-7.99333],[111.54196,-7.99322],[111.54197,-7.99297],[111.54218,-7.99228],[111.54216,-7.99215],[111.54217,-7.99189],[111.54226,-7.99128],[111.54224,-7.99071],[111.5422,-7.99058],[111.54132,-7.99057],[111.54123,-7.9899],[111.54064,-7.98978],[111.54063,-7.98933],[111.53991,-7.98925],[111.54001,-7.98847],[111.53999,-7.98796],[111.5388,-7.98793],[111.53888,-7.98706],[111.53827,-7.98704],[111.5381,-7.98813],[111.53767,-7.98805],[111.53771,-7.98716],[111.53705,-7.98701],[111.53652,-7.98645],[111.53666,-7.98427],[111.53774,-7.98408],[111.53782,-7.98431],[111.5381,-7.9843],[111.53829,-7.98434],[111.5381,-7.98504],[111.53851,-7.98517],[111.53848,-7.98544],[111.53904,-7.98556],[111.53902,-7.98599],[111.53916,-7.98632],[111.53932,-7.98654],[111.53965,-7.98669],[111.54214,-7.98688],[111.54208,-7.98738],[111.5428,-7.98757],[111.54389,-7.98773]],[[111.54303,-7.98936],[111.54307,-7.99039],[111.54406,-7.99038],[111.54416,-7.98945],[111.54303,-7.98936]],[[111.54231,-7.99457],[111.54237,-7.9954],[111.5422,-7.99539],[111.54144,-7.99555],[111.54141,-7.99647],[111.54243,-7.99631],[111.54308,-7.99609],[111.54302,-7.99438],[111.54227,-7.99442],[111.54231,-7.99457]],[[111.53467,-7.99434],[111.53461,-7.99385],[111.53341,-7.99395],[111.53342,-7.99427],[111.53351,-7.99472],[111.53462,-7.99469],[111.53467,-7.99434]],[[111.53851,-7.99126],[111.53722,-7.99083],[111.53664,-7.9918],[111.53622,-7.99179],[111.53615,-7.99275],[111.53687,-7.99293],[111.53758,-7.99286],[111.53791,-7.99272],[111.53811,-7.99253],[111.53837,-7.99195],[111.53851,-7.99126]],[[111.53527,-7.99214],[111.5354,-7.99117],[111.53586,-7.99116],[111.53591,-7.99062],[111.53579,-7.99057],[111.53584,-7.98961],[111.53522,-7.98959],[111.53515,-7.98979],[111.53477,-7.99199],[111.53527,-7.99214]],[[111.53608,-7.99728],[111.53728,-7.99751],[111.53739,-7.99668],[111.53691,-7.99656],[111.53684,-7.99589],[111.53607,-7.99588],[111.53608,-7.99728]],[[111.54517,-7.98573],[111.54452,-7.98537],[111.54449,-7.98557],[111.54402,-7.98549],[111.54363,-7.98635],[111.54396,-7.98651],[111.54545,-7.98701],[111.54566,-7.98717],[111.54583,-7.9874],[111.54691,-7.98788],[111.54707,-7.98741],[111.54595,-7.98685],[111.54522,-7.98624],[111.54517,-7.98573]]]]}},{"type":"Feature","properties":{"REMARK":"Sawah Tadah Hujan","JNSSWH":2,"_cls":"Sawah Tadah Hujan"},"geometry":{"type":"Polygon","coordinates":[[[111.56003,-7.99939],[111.56004,-8.00136],[111.56,-8.00168],[111.55958,-8.00285],[111.55912,-8.00352],[111.55868,-8.00395],[111.55835,-8.00418],[111.55787,-8.00428],[111.55795,-8.00447],[111.55836,-8.00516],[111.55854,-8.00579],[111.55888,-8.00643],[111.55898,-8.00674],[111.55897,-8.00682],[111.5586,-8.00678],[111.55749,-8.00704],[111.55735,-8.00712],[111.55703,-8.00719],[111.55685,-8.00729],[111.55652,-8.00755],[111.556,-8.00762],[111.55523,-8.00754],[111.55526,-8.00742],[111.55515,-8.00727],[111.55473,-8.0069],[111.55455,-8.0067],[111.55443,-8.00645],[111.55487,-8.0061],[111.55555,-8.0054],[111.55567,-8.00475],[111.55569,-8.00376],[111.55572,-8.00346],[111.55628,-8.00342],[111.55684,-8.00317],[111.55733,-8.00291],[111.55749,-8.00239],[111.55792,-8.00175],[111.5581,-8.00122],[111.55819,-8.00112],[111.55836,-8.0011],[111.55879,-8.0015],[111.55889,-8.00142],[111.5589,-8.00059],[111.55902,-8.00029],[111.55912,-7.99987],[111.55904,-7.99966],[111.55889,-7.99955],[111.5579,-7.99972],[111.55876,-7.99905],[111.55908,-7.99886],[111.55935,-7.99879],[111.55964,-7.99875],[111.55983,-7.99877],[111.55994,-7.99888],[111.56003,-7.99939]],[[111.556,-8.00409],[111.55597,-8.00458],[111.5566,-8.00455],[111.55664,-8.0042],[111.55663,-8.00387],[111.55611,-8.0038],[111.556,-8.00409]]]}},{"type":"Feature","properties":{"REMARK":"Sawah Tadah Hujan","JNSSWH":2,"_cls":"Sawah Tadah Hujan"},"geometry":{"type":"Polygon","coordinates":[[[111.55227,-7.99623],[111.55253,-7.99632],[111.55312,-7.99624],[111.55344,-7.99625],[111.55358,-7.99631],[111.55364,-7.9964],[111.55394,-7.99723],[111.55416,-7.99809],[111.55417,-7.99846],[111.55401,-7.99868],[111.55422,-7.99906],[111.55455,-8.00061],[111.55462,-8.00069],[111.55484,-8.00084],[111.55547,-8.0007],[111.55611,-8.00066],[111.55637,-8.0005],[111.55681,-8.00005],[111.55689,-8.0],[111.55713,-8.00003],[111.55707,-8.00011],[111.55682,-8.0009],[111.55661,-8.00125],[111.55644,-8.00184],[111.55633,-8.00198],[111.55645,-8.00254],[111.55582,-8.00288],[111.55577,-8.00309],[111.5556,-8.00293],[111.55529,-8.00273],[111.55504,-8.0026],[111.55465,-8.00246],[111.55276,-8.00123],[111.55171,-8.00085],[111.55108,-8.00054],[111.55079,-8.00028],[111.55073,-8.00017],[111.55055,-7.99966],[111.55057,-7.99931],[111.55061,-7.99923],[111.55105,-7.99883],[111.5513,-7.99852],[111.55177,-7.99781],[111.55187,-7.99758],[111.55205,-7.99731],[111.55217,-7.997],[111.55236,-7.99676],[111.55237,-7.99669],[111.55182,-7.99633],[111.55165,-7.99619],[111.55155,-7.99601],[111.55151,-7.9958],[111.55155,-7.99574],[111.55165,-7.99575],[111.55179,-7.99582],[111.55227,-7.99623]]]}},{"type":"Feature","properties":{"REMARK":"Sawah Tadah Hujan","JNSSWH":2,"_cls":"Sawah Tadah Hujan"},"geometry":{"type":"MultiPolygon","coordinates":[[[[111.60627,-8.01935],[111.60604,-8.01942],[111.60627,-8.01935],[111.60644,-8.01924],[111.60627,-8.01935]]],[[[111.60531,-8.01929],[111.60559,-8.01939],[111.60549,-8.01935],[111.60531,-8.01929],[111.60489,-8.01921],[111.60463,-8.01911],[111.60489,-8.01921],[111.60531,-8.01929]]],[[[111.60418,-8.01885],[111.60445,-8.01904],[111.60395,-8.01872],[111.60418,-8.01885]]],[[[111.60704,-8.0189],[111.60652,-8.01918],[111.60665,-8.01909],[111.60704,-8.0189],[111.60746,-8.01857],[111.60774,-8.01822],[111.60746,-8.01857],[111.60704,-8.0189]]],[[[111.57323,-8.00514],[111.57338,-8.00582],[111.57406,-8.00569],[111.57417,-8.00551],[111.57549,-8.00534],[111.57545,-8.00515],[111.57612,-8.00464],[111.57631,-8.0043],[111.57654,-8.00455],[111.57697,-8.00412],[111.57652,-8.00369],[111.57688,-8.00331],[111.57752,-8.0037],[111.57803,-8.00338],[111.57872,-8.00281],[111.57898,-8.00206],[111.5792,-8.00091],[111.5788,-8.00069],[111.57898,-8.0],[111.57816,-8.0],[111.5782,-8.00036],[111.57767,-8.00051],[111.57762,-8.0014],[111.57745,-8.00187],[111.57706,-8.00173],[111.5768,-8.00192],[111.57557,-8.00126],[111.57511,-8.0011],[111.57492,-8.00157],[111.57518,-8.00202],[111.57422,-8.00305],[111.57443,-8.00326],[111.57518,-8.00275],[111.57531,-8.00291],[111.57478,-8.00369],[111.57503,-8.00408],[111.57479,-8.00442],[111.5748,-8.0047],[111.57436,-8.00479],[111.57437,-8.00511],[111.57371,-8.00509],[111.57323,-8.00514],[111.57318,-8.00463],[111.57212,-8.00466],[111.57204,-8.0043],[111.57199,-8.00386],[111.5714,-8.00418],[111.5707,-8.00445],[111.57055,-8.0044],[111.5706,-8.00475],[111.57066,-8.00499],[111.56976,-8.00541],[111.57002,-8.00563],[111.5702,-8.00594],[111.57002,-8.00601],[111.56984,-8.00628],[111.56954,-8.00613],[111.56909,-8.0058],[111.56889,-8.00563],[111.56855,-8.00519],[111.56846,-8.00515],[111.56828,-8.00516],[111.5678,-8.00507],[111.56714,-8.00511],[111.56653,-8.0051],[111.56654,-8.00473],[111.56614,-8.00491],[111.56591,-8.00486],[111.56537,-8.00468],[111.56546,-8.00436],[111.56633,-8.00288],[111.56689,-8.00247],[111.56711,-8.00244],[111.56753,-8.00264],[111.56797,-8.00274],[111.56936,-8.00288],[111.56996,-8.00269],[111.57012,-8.00269],[111.57058,-8.00287],[111.57079,-8.00285],[111.57129,-8.00271],[111.57173,-8.00243],[111.57205,-8.00243],[111.57233,-8.0024],[111.57241,-8.00236],[111.57263,-8.00211],[111.57266,-8.00183],[111.5725,-8.00106],[111.57237,-8.00085],[111.57216,-8.00069],[111.57193,-8.00062],[111.57167,-8.00004],[111.57154,-8.0],[111.57122,-7.99999],[111.57098,-7.99994],[111.57087,-7.99984],[111.57081,-7.9997],[111.57084,-7.99953],[111.57096,-7.9993],[111.57111,-7.99918],[111.57177,-7.99905],[111.57227,-7.9989],[111.57262,-7.99876],[111.5733,-7.99867],[111.57356,-7.99859],[111.57368,-7.99846],[111.57383,-7.99817],[111.57382,-7.998],[111.57373,-7.99754],[111.57372,-7.99721],[111.57412,-7.99699],[111.57461,-7.99692],[111.57494,-7.99679],[111.5749,-7.99606],[111.57437,-7.9956],[111.57331,-7.99494],[111.57333,-7.99485],[111.57348,-7.99463],[111.57399,-7.99416],[111.57404,-7.99405],[111.57402,-7.99396],[111.57374,-7.9936],[111.57356,-7.99351],[111.57308,-7.99342],[111.57245,-7.99339],[111.57061,-7.99318],[111.56907,-7.99316],[111.56817,-7.99319],[111.56811,-7.99313],[111.56794,-7.99256],[111.56767,-7.99193],[111.56767,-7.9917],[111.56777,-7.99116],[111.56799,-7.99044],[111.56817,-7.99034],[111.56828,-7.99022],[111.56838,-7.99],[111.56848,-7.9894],[111.56865,-7.98917],[111.56901,-7.98879],[111.56911,-7.98856],[111.56916,-7.98829],[111.56912,-7.98815],[111.56811,-7.9867],[111.56815,-7.98633],[111.56808,-7.98605],[111.56786,-7.98561],[111.56784,-7.98547],[111.56794,-7.9848],[111.56792,-7.98464],[111.56774,-7.98435],[111.56725,-7.98342],[111.56715,-7.98294],[111.56722,-7.98282],[111.56733,-7.98273],[111.56763,-7.98263],[111.56775,-7.98249],[111.56766,-7.98176],[111.56814,-7.9806],[111.56818,-7.98033],[111.56816,-7.98002],[111.56807,-7.97965],[111.56778,-7.97903],[111.56762,-7.97877],[111.56704,-7.97834],[111.56694,-7.97824],[111.5669,-7.97776],[111.56695,-7.97758],[111.5672,-7.97721],[111.56734,-7.97706],[111.56757,-7.97693],[111.56816,-7.97677],[111.56836,-7.97666],[111.56845,-7.97653],[111.56846,-7.97637],[111.56839,-7.97615],[111.568,-7.97553],[111.56783,-7.97534],[111.56773,-7.97528],[111.56716,-7.9752],[111.56704,-7.97523],[111.56662,-7.97553],[111.56618,-7.97602],[111.56554,-7.97773],[111.56538,-7.97805],[111.56487,-7.97877],[111.56442,-7.97924],[111.56353,-7.97978],[111.56314,-7.9802],[111.56284,-7.9802],[111.56271,-7.98033],[111.56265,-7.98052],[111.56272,-7.98136],[111.56284,-7.98188],[111.56283,-7.982],[111.56257,-7.98222],[111.56254,-7.98232],[111.56265,-7.98248],[111.56289,-7.98265],[111.56288,-7.98303],[111.56379,-7.98391],[111.56384,-7.98408],[111.56387,-7.98445],[111.56381,-7.98521],[111.56372,-7.9855],[111.5634,-7.98576],[111.56351,-7.98522],[111.56349,-7.98463],[111.56348,-7.98448],[111.56342,-7.98437],[111.56321,-7.98428],[111.56289,-7.98425],[111.56214,-7.98434],[111.56189,-7.98432],[111.56168,-7.98423],[111.56158,-7.98415],[111.56113,-7.98306],[111.56097,-7.9828],[111.56092,-7.98217],[111.56065,-7.9818],[111.56008,-7.98133],[111.56006,-7.98092],[111.55935,-7.97958],[111.55928,-7.97893],[111.55912,-7.9784],[111.55914,-7.97779],[111.5591,-7.97762],[111.55894,-7.97727],[111.55878,-7.97703],[111.55836,-7.97662],[111.55823,-7.97633],[111.55809,-7.97616],[111.5574,-7.97537],[111.55726,-7.97509],[111.5572,-7.97478],[111.55716,-7.97408],[111.55712,-7.97399],[111.5562,-7.97352],[111.5561,-7.97344],[111.55638,-7.97278],[111.55639,-7.97266],[111.55623,-7.97244],[111.55601,-7.97226],[111.55594,-7.97212],[111.55684,-7.97188],[111.5569,-7.97184],[111.55691,-7.97166],[111.55666,-7.97149],[111.55621,-7.97133],[111.55581,-7.97113],[111.55524,-7.9711],[111.55509,-7.97106],[111.55493,-7.97095],[111.55484,-7.9708],[111.55469,-7.97042],[111.55455,-7.97027],[111.55434,-7.97014],[111.55308,-7.97],[111.55183,-7.96976],[111.55196,-7.96963],[111.55218,-7.9695],[111.55255,-7.96938],[111.55321,-7.96928],[111.55548,-7.96926],[111.55545,-7.97],[111.55616,-7.97048],[111.55635,-7.96998],[111.55739,-7.97015],[111.55738,-7.97028],[111.55718,-7.9712],[111.55762,-7.97136],[111.55762,-7.9715],[111.55871,-7.97185],[111.55878,-7.97272],[111.55953,-7.97281],[111.55989,-7.97282],[111.55986,-7.97331],[111.56073,-7.97346],[111.5613,-7.9735],[111.56139,-7.97319],[111.56181,-7.97335],[111.56176,-7.97421],[111.56229,-7.97434],[111.56243,-7.97442],[111.56233,-7.97521],[111.56274,-7.97543],[111.56256,-7.97672],[111.5632,-7.9769],[111.56337,-7.97644],[111.56373,-7.9764],[111.56391,-7.97585],[111.56357,-7.97523],[111.56303,-7.97498],[111.56353,-7.97376],[111.5638,-7.97362],[111.56373,-7.97304],[111.56381,-7.97303],[111.56404,-7.97264],[111.56429,-7.97207],[111.56466,-7.97236],[111.56383,-7.97344],[111.5638,-7.97362],[111.56379,-7.97434],[111.56476,-7.97487],[111.56466,-7.97529],[111.56475,-7.97536],[111.56528,-7.97553],[111.56588,-7.97386],[111.56654,-7.97412],[111.5676,-7.97426],[111.56947,-7.97482],[111.56983,-7.97489],[111.56951,-7.97589],[111.56927,-7.97682],[111.57039,-7.97698],[111.57056,-7.97669],[111.5722,-7.97692],[111.5724,-7.97651],[111.57313,-7.9766],[111.573,-7.97759],[111.57243,-7.97762],[111.57208,-7.98029],[111.57194,-7.98231],[111.57189,-7.98362],[111.57151,-7.98372],[111.57151,-7.98441],[111.57198,-7.98519],[111.57291,-7.98459],[111.57361,-7.98421],[111.57399,-7.98371],[111.57411,-7.9836],[111.57405,-7.98336],[111.57468,-7.98347],[111.57424,-7.98473],[111.57413,-7.98533],[111.57365,-7.98622],[111.57316,-7.98699],[111.57247,-7.98774],[111.57285,-7.9884],[111.57304,-7.98855],[111.57319,-7.98893],[111.57369,-7.98907],[111.57372,-7.98891],[111.57443,-7.98894],[111.57463,-7.9884],[111.5743,-7.9882],[111.57409,-7.98793],[111.57398,-7.98725],[111.57408,-7.98709],[111.57419,-7.98698],[111.57451,-7.98678],[111.5746,-7.98682],[111.57478,-7.9868],[111.57497,-7.98667],[111.57541,-7.98751],[111.57548,-7.9875],[111.57554,-7.98742],[111.57566,-7.98708],[111.57581,-7.98699],[111.57633,-7.98679],[111.57662,-7.98675],[111.57685,-7.98662],[111.57743,-7.98619],[111.57798,-7.98594],[111.57847,-7.98655],[111.57755,-7.98683],[111.57751,-7.9873],[111.57787,-7.98725],[111.578,-7.98749],[111.57829,-7.98748],[111.57907,-7.98734],[111.57916,-7.98748],[111.57947,-7.98743],[111.57971,-7.98788],[111.58014,-7.98857],[111.58028,-7.98866],[111.58105,-7.98862],[111.58056,-7.98922],[111.58033,-7.98969],[111.58,-7.98981],[111.58008,-7.99014],[111.57965,-7.99062],[111.57935,-7.99105],[111.57912,-7.99122],[111.57898,-7.99243],[111.57828,-7.99259],[111.57814,-7.99187],[111.57862,-7.99149],[111.57866,-7.9905],[111.57889,-7.99],[111.57918,-7.98971],[111.57895,-7.98908],[111.57959,-7.98864],[111.57927,-7.98764],[111.57861,-7.98821],[111.5786,-7.98926],[111.5777,-7.98957],[111.57769,-7.98862],[111.57723,-7.98874],[111.57727,-7.98879],[111.57732,-7.98899],[111.57725,-7.98938],[111.57697,-7.99047],[111.57717,-7.99069],[111.57647,-7.9911],[111.57659,-7.99206],[111.57657,-7.99281],[111.57608,-7.99301],[111.57602,-7.99391],[111.57637,-7.99391],[111.57682,-7.99379],[111.57737,-7.99377],[111.57779,-7.9938],[111.57784,-7.994],[111.57783,-7.99404],[111.57872,-7.994],[111.57958,-7.99373],[111.57962,-7.99357],[111.58117,-7.99312],[111.58141,-7.9932],[111.58174,-7.99321],[111.5823,-7.99307],[111.58254,-7.99307],[111.58234,-7.99157],[111.58115,-7.99131],[111.58152,-7.99073],[111.58165,-7.99025],[111.58175,-7.99042],[111.58234,-7.99075],[111.58254,-7.99095],[111.58271,-7.99123],[111.58283,-7.99154],[111.58298,-7.99244],[111.58308,-7.99175],[111.583,-7.99101],[111.58291,-7.99085],[111.58212,-7.99034],[111.58179,-7.98992],[111.58187,-7.98871],[111.58182,-7.98861],[111.58141,-7.98845],[111.58046,-7.98843],[111.58022,-7.98835],[111.58005,-7.98822],[111.57994,-7.98799],[111.57985,-7.9876],[111.57984,-7.98729],[111.5796,-7.98662],[111.57949,-7.98615],[111.57915,-7.98433],[111.57901,-7.98401],[111.57889,-7.9839],[111.57804,-7.98353],[111.57756,-7.9832],[111.57719,-7.98286],[111.57721,-7.98279],[111.57734,-7.98267],[111.57797,-7.98214],[111.5782,-7.98163],[111.57836,-7.98138],[111.57832,-7.98075],[111.57792,-7.9794],[111.57809,-7.97951],[111.57885,-7.9798],[111.57903,-7.97935],[111.57967,-7.97966],[111.5801,-7.97976],[111.58014,-7.97855],[111.58073,-7.9783],[111.58104,-7.9781],[111.58113,-7.97778],[111.58122,-7.97706],[111.58145,-7.97612],[111.58191,-7.97625],[111.58237,-7.97654],[111.58232,-7.97672],[111.58265,-7.97718],[111.58383,-7.97818],[111.58376,-7.97899],[111.58486,-7.97955],[111.58511,-7.97916],[111.58616,-7.97934],[111.58706,-7.9791],[111.58721,-7.9789],[111.58769,-7.97906],[111.58859,-7.9794],[111.58858,-7.97989],[111.58914,-7.98007],[111.58961,-7.98018],[111.58946,-7.97947],[111.5895,-7.9793],[111.58965,-7.97898],[111.5896,-7.97882],[111.58966,-7.97853],[111.58976,-7.97843],[111.58933,-7.97808],[111.58912,-7.9778],[111.58823,-7.97738],[111.58769,-7.97745],[111.58751,-7.97819],[111.58664,-7.97788],[111.58611,-7.97777],[111.58516,-7.97741],[111.58509,-7.97669],[111.58425,-7.97657],[111.58422,-7.97578],[111.58424,-7.97534],[111.58498,-7.97527],[111.58603,-7.97527],[111.58759,-7.97557],[111.58761,-7.97486],[111.58822,-7.97445],[111.58849,-7.97451],[111.58849,-7.97396],[111.58818,-7.97342],[111.58719,-7.97324],[111.58669,-7.97327],[111.58566,-7.9732],[111.58498,-7.97342],[111.58453,-7.97319],[111.58399,-7.97403],[111.58362,-7.97371],[111.58334,-7.97298],[111.58299,-7.97289],[111.58193,-7.97332],[111.58117,-7.97384],[111.58125,-7.97463],[111.58046,-7.97456],[111.58052,-7.97409],[111.58059,-7.97402],[111.58085,-7.97394],[111.58111,-7.97378],[111.58154,-7.97341],[111.58217,-7.97276],[111.58269,-7.97254],[111.58349,-7.97243],[111.58456,-7.97204],[111.58518,-7.97188],[111.58659,-7.97188],[111.58693,-7.97185],[111.58755,-7.97163],[111.58888,-7.97125],[111.5901,-7.97069],[111.59076,-7.97026],[111.59145,-7.96957],[111.59181,-7.9693],[111.59213,-7.96911],[111.59244,-7.96894],[111.5927,-7.96884],[111.59307,-7.96877],[111.59324,-7.96878],[111.5935,-7.96889],[111.59335,-7.96896],[111.59296,-7.96924],[111.59209,-7.97001],[111.59198,-7.9702],[111.5919,-7.9706],[111.59188,-7.97088],[111.592,-7.97163],[111.59215,-7.97204],[111.59232,-7.9723],[111.59251,-7.97244],[111.59373,-7.97269],[111.59456,-7.97294],[111.59481,-7.97307],[111.59497,-7.9732],[111.59503,-7.97333],[111.59525,-7.97437],[111.59545,-7.97475],[111.59567,-7.97496],[111.5967,-7.97562],[111.59646,-7.9759],[111.59636,-7.97592],[111.59608,-7.97584],[111.59557,-7.97558],[111.59512,-7.97513],[111.59502,-7.9751],[111.59486,-7.97513],[111.59481,-7.97454],[111.59495,-7.97414],[111.59491,-7.97353],[111.59418,-7.97339],[111.59338,-7.97361],[111.59251,-7.9737],[111.59251,-7.97443],[111.59159,-7.97442],[111.59049,-7.97431],[111.5901,-7.97486],[111.59033,-7.97487],[111.59022,-7.97528],[111.59122,-7.97576],[111.59174,-7.97616],[111.59204,-7.97652],[111.59107,-7.97719],[111.59115,-7.97753],[111.59171,-7.97789],[111.59217,-7.97769],[111.59275,-7.97736],[111.59366,-7.9771],[111.59432,-7.97781],[111.59449,-7.97805],[111.59488,-7.97844],[111.59519,-7.97863],[111.59583,-7.97894],[111.59602,-7.97897],[111.5963,-7.9789],[111.59677,-7.97847],[111.59692,-7.97823],[111.597,-7.97779],[111.59707,-7.97691],[111.59722,-7.97617],[111.59716,-7.97599],[111.59723,-7.97566],[111.59745,-7.97575],[111.59768,-7.97579],[111.59836,-7.97565],[111.59864,-7.97563],[111.59871,-7.97554],[111.59885,-7.97517],[111.599,-7.97502],[111.5993,-7.97451],[111.59951,-7.97401],[111.59972,-7.97318],[111.59974,-7.97284],[111.59971,-7.97246],[111.59968,-7.97233],[111.59952,-7.97219],[111.59986,-7.97181],[111.60054,-7.97129],[111.601,-7.97041],[111.60186,-7.96898],[111.60197,-7.96873],[111.60199,-7.96859],[111.60195,-7.96838],[111.60184,-7.96815],[111.60163,-7.96799],[111.60118,-7.96781],[111.60105,-7.96764],[111.60096,-7.96701],[111.60085,-7.96662],[111.60085,-7.96637],[111.60075,-7.9665],[111.60058,-7.96661],[111.60045,-7.96661],[111.60025,-7.96654],[111.60009,-7.96643],[111.59998,-7.966],[111.59985,-7.96589],[111.59965,-7.96582],[111.59934,-7.96577],[111.59931,-7.96546],[111.59971,-7.96504],[111.59991,-7.9647],[111.60019,-7.96383],[111.59954,-7.96376],[111.59919,-7.96364],[111.59901,-7.96353],[111.59876,-7.96332],[111.59871,-7.96322],[111.59845,-7.96304],[111.59778,-7.96299],[111.59766,-7.9629],[111.59759,-7.96278],[111.59752,-7.96256],[111.59745,-7.96189],[111.59754,-7.96155],[111.59753,-7.96042],[111.59766,-7.96015],[111.5982,-7.9599],[111.59835,-7.95976],[111.59853,-7.95943],[111.59867,-7.95927],[111.59921,-7.95881],[111.59949,-7.95848],[111.60002,-7.95816],[111.60009,-7.95806],[111.60027,-7.95746],[111.60051,-7.95706],[111.60104,-7.9566],[111.60106,-7.95621],[111.60075,-7.956],[111.60073,-7.95566],[111.60079,-7.95539],[111.60105,-7.95489],[111.60108,-7.95476],[111.60089,-7.95397],[111.60093,-7.95347],[111.60119,-7.95231],[111.60129,-7.952],[111.60148,-7.95165],[111.6025,-7.95123],[111.60297,-7.95115],[111.60391,-7.95132],[111.60442,-7.95166],[111.60454,-7.9517],[111.60465,-7.95162],[111.60496,-7.95152],[111.60552,-7.95156],[111.60542,-7.95244],[111.60581,-7.95302],[111.60669,-7.95377],[111.60692,-7.95383],[111.60738,-7.95369],[111.60753,-7.95339],[111.60696,-7.95301],[111.60673,-7.95258],[111.60791,-7.95218],[111.60801,-7.95188],[111.608,-7.95128],[111.60852,-7.9511],[111.60895,-7.9508],[111.60919,-7.95058],[111.60917,-7.95063],[111.60918,-7.9508],[111.60924,-7.95092],[111.60948,-7.951],[111.6098,-7.95103],[111.61052,-7.95103],[111.61101,-7.95097],[111.61137,-7.95087],[111.61162,-7.95089],[111.61178,-7.95099],[111.61188,-7.95117],[111.6119,-7.95147],[111.61197,-7.95168],[111.61225,-7.95163],[111.61237,-7.95139],[111.61269,-7.9513],[111.61294,-7.9513],[111.6129,-7.95212],[111.61298,-7.95313],[111.61241,-7.95401],[111.61138,-7.95528],[111.61129,-7.95531],[111.61133,-7.95631],[111.61139,-7.95635],[111.61212,-7.95648],[111.61277,-7.95674],[111.61347,-7.95694],[111.61357,-7.95703],[111.61392,-7.95717],[111.61452,-7.95733],[111.61459,-7.95711],[111.61459,-7.95676],[111.61465,-7.95637],[111.61508,-7.95644],[111.61503,-7.95663],[111.61589,-7.95683],[111.61595,-7.95728],[111.61617,-7.95732],[111.61711,-7.95736],[111.617,-7.95689],[111.61825,-7.95708],[111.61911,-7.9574],[111.61986,-7.95775],[111.62001,-7.95756],[111.62057,-7.95645],[111.62102,-7.95571],[111.6213,-7.95602],[111.62097,-7.95686],[111.62089,-7.9574],[111.62061,-7.95745],[111.62064,-7.958],[111.62076,-7.95808],[111.62081,-7.95839],[111.62167,-7.95864],[111.62156,-7.95913],[111.62135,-7.95912],[111.62121,-7.95984],[111.62015,-7.95978],[111.61977,-7.95971],[111.61862,-7.95977],[111.61781,-7.9597],[111.61651,-7.95985],[111.61648,-7.95932],[111.61651,-7.95839],[111.6159,-7.95844],[111.6158,-7.95815],[111.6148,-7.95825],[111.61479,-7.95783],[111.61377,-7.9579],[111.61293,-7.95781],[111.61234,-7.95787],[111.61216,-7.95711],[111.61161,-7.95721],[111.61165,-7.95774],[111.61131,-7.95777],[111.61135,-7.95809],[111.61241,-7.95845],[111.61238,-7.95889],[111.61198,-7.95899],[111.61221,-7.96065],[111.61134,-7.96058],[111.6096,-7.96057],[111.60978,-7.95934],[111.60993,-7.95926],[111.60994,-7.95874],[111.61045,-7.95874],[111.61111,-7.95891],[111.61117,-7.95832],[111.61092,-7.95815],[111.61026,-7.95797],[111.60967,-7.95786],[111.60938,-7.95791],[111.60927,-7.95824],[111.60921,-7.95861],[111.60918,-7.95911],[111.6091,-7.95969],[111.60877,-7.96103],[111.60892,-7.96104],[111.60878,-7.96182],[111.6098,-7.96179],[111.61032,-7.96124],[111.6109,-7.9616],[111.61208,-7.96165],[111.6122,-7.96191],[111.61234,-7.96241],[111.61238,-7.96269],[111.61183,-7.96263],[111.61077,-7.96266],[111.60945,-7.96313],[111.6096,-7.96363],[111.61008,-7.96375],[111.61015,-7.964],[111.61144,-7.96384],[111.61253,-7.96354],[111.61269,-7.96391],[111.61281,-7.96398],[111.61257,-7.96456],[111.61247,-7.96472],[111.61227,-7.96494],[111.61222,-7.96516],[111.61221,-7.96544],[111.61182,-7.9653],[111.61195,-7.9648],[111.61115,-7.96471],[111.61067,-7.96514],[111.61061,-7.966],[111.61075,-7.96694],[111.61116,-7.96728],[111.61185,-7.96796],[111.61263,-7.96857],[111.61336,-7.96862],[111.61342,-7.9682],[111.61381,-7.96813],[111.614,-7.96815],[111.6139,-7.96842],[111.61352,-7.96921],[111.61311,-7.96992],[111.61349,-7.97047],[111.61287,-7.97077],[111.61239,-7.9717],[111.61208,-7.97253],[111.61188,-7.97242],[111.61181,-7.97229],[111.61178,-7.97153],[111.61228,-7.97112],[111.61227,-7.97073],[111.61214,-7.9702],[111.61182,-7.96981],[111.61115,-7.96974],[111.61062,-7.96897],[111.61093,-7.96892],[111.61086,-7.96844],[111.6103,-7.96778],[111.61009,-7.96766],[111.60927,-7.9679],[111.60879,-7.96784],[111.60846,-7.96785],[111.60777,-7.96812],[111.60755,-7.96813],[111.60754,-7.96794],[111.60632,-7.96802],[111.60629,-7.96861],[111.60743,-7.96892],[111.6073,-7.96968],[111.60808,-7.96958],[111.60858,-7.96933],[111.60882,-7.96927],[111.60894,-7.96972],[111.60917,-7.97],[111.60899,-7.97018],[111.60896,-7.97039],[111.609,-7.97076],[111.60911,-7.97127],[111.60873,-7.97137],[111.60872,-7.97198],[111.60741,-7.97224],[111.60742,-7.97291],[111.60819,-7.97319],[111.60774,-7.97397],[111.60702,-7.9738],[111.6064,-7.9737],[111.60639,-7.97288],[111.6054,-7.97291],[111.60405,-7.97307],[111.60404,-7.97336],[111.60438,-7.97345],[111.6044,-7.97389],[111.6056,-7.97419],[111.60599,-7.97432],[111.60592,-7.97506],[111.60502,-7.97504],[111.60439,-7.97524],[111.6044,-7.97573],[111.60517,-7.97584],[111.60636,-7.97596],[111.60639,-7.97624],[111.60665,-7.97634],[111.60721,-7.97493],[111.60745,-7.97494],[111.60803,-7.9745],[111.60842,-7.97406],[111.60916,-7.9731],[111.60914,-7.97298],[111.61044,-7.97307],[111.61014,-7.97332],[111.61007,-7.97342],[111.61005,-7.97357],[111.61014,-7.97387],[111.61022,-7.974],[111.61043,-7.97414],[111.6106,-7.97418],[111.61075,-7.97413],[111.61094,-7.97382],[111.61233,-7.97325],[111.61253,-7.97311],[111.61291,-7.97265],[111.61302,-7.97258],[111.61373,-7.97255],[111.61397,-7.9725],[111.61424,-7.97252],[111.61417,-7.97248],[111.61406,-7.97235],[111.61401,-7.97218],[111.61403,-7.97202],[111.61411,-7.9719],[111.61424,-7.97183],[111.61437,-7.97182],[111.61464,-7.97189],[111.6149,-7.97203],[111.61543,-7.97239],[111.61563,-7.97246],[111.61553,-7.97266],[111.61538,-7.97313],[111.61525,-7.97319],[111.61533,-7.97385],[111.61559,-7.97505],[111.61571,-7.97537],[111.61584,-7.97556],[111.61632,-7.976],[111.61668,-7.97641],[111.61681,-7.97665],[111.61692,-7.97696],[111.61698,-7.97749],[111.61632,-7.97689],[111.61607,-7.97677],[111.61594,-7.97675],[111.61572,-7.97679],[111.61515,-7.97711],[111.6144,-7.97764],[111.61418,-7.97775],[111.61397,-7.97777],[111.61392,-7.97744],[111.61382,-7.97722],[111.61332,-7.97644],[111.61322,-7.97609],[111.61317,-7.9763],[111.61302,-7.97653],[111.61246,-7.97714],[111.61223,-7.97753],[111.61209,-7.97803],[111.61197,-7.97873],[111.61177,-7.97874],[111.61112,-7.97901],[111.61086,-7.9792],[111.61078,-7.97935],[111.6107,-7.98047],[111.61095,-7.98078],[111.61152,-7.9813],[111.61181,-7.98169],[111.61183,-7.98181],[111.61156,-7.9822],[111.61123,-7.98248],[111.61093,-7.98259],[111.61063,-7.98266],[111.60987,-7.98266],[111.6098,-7.98278],[111.60962,-7.98284],[111.60947,-7.98293],[111.60919,-7.98278],[111.60888,-7.98269],[111.60872,-7.98338],[111.60883,-7.98414],[111.60785,-7.98428],[111.60655,-7.98438],[111.60649,-7.98463],[111.60651,-7.98484],[111.60737,-7.98489],[111.60883,-7.98479],[111.60904,-7.98453],[111.60936,-7.98437],[111.60948,-7.98422],[111.60967,-7.9841],[111.6095,-7.98385],[111.60939,-7.98361],[111.60957,-7.9836],[111.60991,-7.98369],[111.61029,-7.98386],[111.60996,-7.98451],[111.61028,-7.98492],[111.61106,-7.98544],[111.61119,-7.98631],[111.60937,-7.98693],[111.60783,-7.98768],[111.60686,-7.98793],[111.6067,-7.98804],[111.60596,-7.98832],[111.60533,-7.98839],[111.60531,-7.98799],[111.60497,-7.98745],[111.60543,-7.98689],[111.60572,-7.9861],[111.60584,-7.98522],[111.60507,-7.98497],[111.60503,-7.98427],[111.60428,-7.98423],[111.60429,-7.98391],[111.60375,-7.9837],[111.60354,-7.98342],[111.60391,-7.98311],[111.6038,-7.98218],[111.60352,-7.98222],[111.60333,-7.98148],[111.60303,-7.98135],[111.60244,-7.98133],[111.60262,-7.98057],[111.60174,-7.98015],[111.60174,-7.97939],[111.6006,-7.97907],[111.60045,-7.97942],[111.59979,-7.97949],[111.59957,-7.9798],[111.59936,-7.98055],[111.59929,-7.98166],[111.59918,-7.98264],[111.59938,-7.98277],[111.59929,-7.98298],[111.59931,-7.98332],[111.59868,-7.98333],[111.59854,-7.98409],[111.59859,-7.98422],[111.59866,-7.98516],[111.59808,-7.98528],[111.59782,-7.98634],[111.59822,-7.98643],[111.59859,-7.98642],[111.5989,-7.98634],[111.59867,-7.98587],[111.59867,-7.98545],[111.59922,-7.9854],[111.59977,-7.98525],[111.60028,-7.98506],[111.60059,-7.98477],[111.60116,-7.98471],[111.60108,-7.98544],[111.60094,-7.98619],[111.60087,-7.98672],[111.60017,-7.98676],[111.60007,-7.9872],[111.59984,-7.98713],[111.59987,-7.98778],[111.60091,-7.98806],[111.60122,-7.98827],[111.60174,-7.98793],[111.60218,-7.98839],[111.60241,-7.98871],[111.60264,-7.98914],[111.60281,-7.98913],[111.60321,-7.98922],[111.60386,-7.98924],[111.60419,-7.98921],[111.60548,-7.98892],[111.6057,-7.98895],[111.60599,-7.98928],[111.60627,-7.98955],[111.60663,-7.98977],[111.60719,-7.98994],[111.60848,-7.99004],[111.60918,-7.98991],[111.60954,-7.98976],[111.60959,-7.98923],[111.60935,-7.98917],[111.6091,-7.98943],[111.60869,-7.98957],[111.60773,-7.98964],[111.60729,-7.98954],[111.607,-7.9894],[111.60673,-7.98902],[111.60668,-7.98888],[111.60706,-7.98878],[111.60759,-7.98878],[111.60841,-7.98863],[111.60876,-7.98832],[111.60869,-7.98799],[111.6093,-7.98783],[111.60993,-7.98817],[111.61036,-7.98882],[111.61059,-7.9891],[111.61109,-7.98941],[111.61182,-7.99006],[111.61138,-7.99066],[111.61127,-7.9909],[111.61109,-7.99166],[111.61052,-7.99171],[111.61028,-7.99191],[111.61004,-7.99203],[111.60997,-7.99234],[111.61022,-7.99286],[111.61014,-7.99323],[111.60982,-7.99328],[111.60953,-7.99354],[111.60971,-7.99398],[111.61033,-7.99401],[111.61076,-7.99441],[111.61043,-7.99454],[111.60961,-7.99501],[111.60954,-7.9951],[111.60972,-7.99532],[111.60959,-7.99559],[111.60972,-7.99586],[111.60991,-7.99606],[111.61016,-7.99617],[111.61057,-7.99627],[111.61114,-7.99628],[111.61161,-7.99623],[111.61202,-7.99604],[111.61219,-7.99584],[111.61189,-7.99549],[111.61152,-7.99575],[111.61087,-7.9959],[111.61049,-7.99591],[111.61007,-7.99574],[111.61071,-7.99544],[111.61135,-7.99483],[111.61149,-7.99452],[111.61204,-7.9947],[111.61232,-7.99469],[111.61254,-7.99462],[111.61275,-7.99443],[111.61329,-7.99354],[111.61345,-7.99346],[111.61431,-7.99337],[111.6144,-7.9933],[111.6145,-7.99308],[111.61452,-7.99267],[111.61442,-7.9916],[111.61469,-7.99088],[111.61477,-7.99073],[111.61496,-7.9905],[111.61557,-7.99005],[111.61597,-7.98947],[111.61629,-7.98912],[111.61684,-7.98859],[111.61755,-7.98806],[111.61806,-7.98775],[111.61851,-7.98762],[111.6187,-7.98732],[111.61904,-7.98699],[111.61962,-7.9866],[111.61976,-7.9864],[111.62027,-7.98675],[111.62045,-7.98697],[111.62054,-7.98723],[111.62057,-7.98745],[111.62051,-7.98768],[111.61992,-7.98821],[111.61986,-7.98838],[111.61951,-7.99029],[111.61976,-7.99055],[111.61987,-7.9908],[111.61985,-7.99111],[111.61978,-7.99133],[111.61943,-7.99196],[111.61874,-7.99305],[111.61861,-7.99347],[111.61858,-7.99399],[111.618,-7.99492],[111.61787,-7.99521],[111.61769,-7.99569],[111.61734,-7.99562],[111.61622,-7.99578],[111.61636,-7.99608],[111.61651,-7.99675],[111.61612,-7.99702],[111.61519,-7.9972],[111.61452,-7.99716],[111.61215,-7.99668],[111.61152,-7.99666],[111.61104,-7.99659],[111.6107,-7.99677],[111.61037,-7.99683],[111.61013,-7.99683],[111.60984,-7.99678],[111.60969,-7.99675],[111.6095,-7.99664],[111.6092,-7.99639],[111.60906,-7.99607],[111.60901,-7.99602],[111.60786,-7.99549],[111.60759,-7.99548],[111.60757,-7.99549],[111.60822,-7.99709],[111.6088,-7.99813],[111.60933,-7.99891],[111.60939,-7.99907],[111.60963,-8.00006],[111.60936,-8.00053],[111.60941,-8.00062],[111.60979,-8.00092],[111.60994,-8.00112],[111.60977,-8.00113],[111.60965,-8.00121],[111.60949,-8.00121],[111.60873,-8.00091],[111.60818,-8.0008],[111.60767,-8.00059],[111.60657,-8.00047],[111.6063,-8.0004],[111.60595,-8.00019],[111.60591,-8.00023],[111.60606,-8.0007],[111.60602,-8.00096],[111.60609,-8.00148],[111.60511,-8.00146],[111.60517,-8.0026],[111.6061,-8.00258],[111.60627,-8.003],[111.60629,-8.00325],[111.60623,-8.00365],[111.60526,-8.00361],[111.60502,-8.00365],[111.60491,-8.00369],[111.60458,-8.00437],[111.60439,-8.00459],[111.60367,-8.00501],[111.60299,-8.00521],[111.60258,-8.00549],[111.60234,-8.0056],[111.60216,-8.00562],[111.60195,-8.00531],[111.60163,-8.00454],[111.60123,-8.00373],[111.60162,-8.00332],[111.6021,-8.00293],[111.60306,-8.00235],[111.60339,-8.00201],[111.60351,-8.00184],[111.60356,-8.00128],[111.60362,-8.00104],[111.60382,-8.00067],[111.60394,-8.00079],[111.60409,-8.00084],[111.60432,-8.0008],[111.60473,-8.0006],[111.6051,-8.00009],[111.60529,-7.99995],[111.60549,-7.99989],[111.60562,-7.99992],[111.60571,-8.0],[111.60618,-8.0],[111.60632,-7.99978],[111.6064,-7.99912],[111.60642,-7.99859],[111.60649,-7.99839],[111.60675,-7.99793],[111.60683,-7.9977],[111.60684,-7.99749],[111.6068,-7.99719],[111.6069,-7.99678],[111.60737,-7.99547],[111.60754,-7.99474],[111.6081,-7.99422],[111.6082,-7.99463],[111.60848,-7.99465],[111.60883,-7.99462],[111.60921,-7.99452],[111.60922,-7.99415],[111.60877,-7.99409],[111.60872,-7.99384],[111.60919,-7.99166],[111.60853,-7.99159],[111.60868,-7.99072],[111.60898,-7.99053],[111.60897,-7.99037],[111.60849,-7.99045],[111.60837,-7.99054],[111.60831,-7.99079],[111.60811,-7.99082],[111.60808,-7.99188],[111.60796,-7.99282],[111.60739,-7.99257],[111.60725,-7.99287],[111.60734,-7.99329],[111.60704,-7.99322],[111.60701,-7.99279],[111.60666,-7.99223],[111.60651,-7.99209],[111.60635,-7.99209],[111.60619,-7.99241],[111.60565,-7.99269],[111.60536,-7.9927],[111.60512,-7.99264],[111.6051,-7.99263],[111.60507,-7.99212],[111.60487,-7.99176],[111.60466,-7.9915],[111.60432,-7.9913],[111.60382,-7.99127],[111.60329,-7.99136],[111.603,-7.99146],[111.60288,-7.99091],[111.60268,-7.99069],[111.60264,-7.99086],[111.60261,-7.99127],[111.60266,-7.99158],[111.60298,-7.99237],[111.60298,-7.99288],[111.60267,-7.99352],[111.60261,-7.99435],[111.60254,-7.9947],[111.60242,-7.99498],[111.60186,-7.99565],[111.60164,-7.99704],[111.60141,-7.99785],[111.60071,-7.99972],[111.60013,-8.00084],[111.59996,-8.00127],[111.59969,-8.00243],[111.59956,-8.00278],[111.59966,-8.00331],[111.59965,-8.00372],[111.60015,-8.00381],[111.6,-8.00407],[111.59993,-8.00429],[111.60001,-8.00521],[111.59976,-8.00505],[111.59954,-8.00485],[111.59954,-8.00478],[111.59979,-8.00468],[111.59964,-8.00454],[111.59952,-8.00457],[111.59894,-8.00438],[111.59882,-8.00451],[111.59929,-8.00483],[111.59939,-8.00499],[111.59975,-8.00538],[111.59976,-8.00558],[111.60003,-8.00576],[111.59995,-8.00606],[111.59924,-8.00696],[111.59896,-8.00758],[111.5988,-8.00772],[111.59882,-8.00808],[111.59871,-8.00895],[111.59889,-8.01049],[111.59882,-8.01084],[111.59862,-8.01111],[111.5984,-8.01125],[111.59826,-8.01204],[111.59813,-8.01236],[111.59806,-8.01268],[111.59804,-8.01353],[111.5981,-8.01393],[111.59854,-8.01447],[111.59881,-8.01473],[111.59919,-8.01557],[111.5988,-8.01619],[111.59894,-8.01647],[111.59913,-8.01654],[111.5994,-8.0165],[111.59957,-8.01629],[111.59972,-8.01591],[111.60002,-8.0158],[111.60055,-8.01592],[111.60055,-8.01523],[111.6013,-8.01506],[111.60138,-8.01452],[111.60048,-8.01425],[111.59994,-8.01455],[111.5996,-8.01453],[111.59939,-8.01482],[111.59895,-8.01429],[111.59884,-8.01401],[111.59879,-8.0138],[111.59882,-8.01393],[111.59908,-8.01398],[111.59933,-8.01407],[111.59975,-8.01391],[111.6,-8.01368],[111.60011,-8.01336],[111.60007,-8.01301],[111.5997,-8.01285],[111.59946,-8.0129],[111.59913,-8.01313],[111.59872,-8.01323],[111.59876,-8.01282],[111.59885,-8.01254],[111.59913,-8.01198],[111.59958,-8.01138],[111.60005,-8.0109],[111.60044,-8.01065],[111.60078,-8.01056],[111.60107,-8.01041],[111.60121,-8.01025],[111.60138,-8.00986],[111.60151,-8.00967],[111.60185,-8.00934],[111.60188,-8.00923],[111.60173,-8.00854],[111.60179,-8.00838],[111.60189,-8.0083],[111.60299,-8.00847],[111.60329,-8.00839],[111.60353,-8.0087],[111.604,-8.00884],[111.60423,-8.00871],[111.60457,-8.00838],[111.60513,-8.00856],[111.60538,-8.00854],[111.60547,-8.00876],[111.60572,-8.009],[111.60652,-8.00963],[111.60742,-8.01015],[111.60804,-8.01029],[111.60822,-8.00975],[111.60746,-8.00933],[111.60672,-8.00866],[111.60645,-8.0082],[111.60679,-8.00797],[111.60709,-8.00754],[111.60749,-8.00675],[111.60731,-8.00662],[111.6081,-8.00602],[111.60826,-8.00605],[111.60845,-8.00602],[111.60868,-8.00608],[111.60893,-8.0062],[111.60906,-8.00638],[111.60922,-8.00676],[111.60952,-8.00701],[111.60919,-8.00758],[111.60887,-8.00794],[111.6088,-8.00831],[111.60866,-8.0084],[111.60812,-8.0086],[111.60799,-8.00875],[111.6079,-8.00894],[111.60788,-8.00914],[111.60798,-8.00931],[111.60819,-8.00944],[111.60855,-8.00952],[111.6086,-8.01041],[111.60856,-8.01054],[111.60846,-8.01069],[111.60815,-8.01095],[111.6074,-8.01132],[111.60675,-8.01201],[111.60661,-8.01229],[111.60663,-8.01251],[111.6069,-8.01299],[111.60689,-8.01453],[111.60687,-8.01494],[111.60677,-8.01527],[111.60641,-8.01573],[111.60636,-8.01588],[111.60639,-8.01626],[111.60642,-8.01638],[111.60652,-8.01648],[111.6067,-8.01655],[111.60689,-8.01666],[111.60704,-8.01687],[111.60713,-8.01742],[111.60698,-8.01748],[111.60694,-8.01755],[111.60688,-8.01807],[111.60673,-8.01834],[111.60642,-8.01853],[111.60618,-8.01853],[111.6059,-8.01845],[111.60556,-8.0181],[111.60537,-8.01751],[111.60531,-8.01742],[111.60518,-8.01736],[111.6046,-8.01734],[111.60418,-8.01743],[111.60345,-8.01803],[111.60335,-8.01816],[111.60333,-8.0183],[111.60346,-8.01859],[111.60366,-8.01863],[111.60346,-8.01859],[111.60286,-8.01859],[111.60201,-8.01829],[111.60185,-8.01826],[111.60156,-8.01827],[111.60096,-8.01834],[111.6005,-8.01829],[111.6003,-8.01824],[111.59969,-8.01827],[111.59918,-8.01847],[111.59859,-8.01841],[111.5982,-8.01843],[111.59759,-8.01858],[111.59732,-8.01869],[111.59713,-8.01871],[111.59702,-8.01867],[111.59646,-8.01795],[111.59625,-8.01754],[111.59562,-8.01789],[111.59524,-8.01833],[111.59514,-8.01842],[111.59498,-8.01847],[111.59423,-8.01851],[111.5924,-8.01895],[111.59046,-8.01938],[111.58928,-8.02054],[111.58764,-8.02264],[111.58731,-8.02297],[111.58742,-8.02277],[111.58781,-8.02172],[111.58736,-8.02158],[111.58707,-8.02144],[111.58684,-8.02142],[111.58669,-8.0221],[111.58666,-8.02269],[111.58681,-8.0231],[111.58728,-8.023],[111.58668,-8.02361],[111.58598,-8.02406],[111.58527,-8.02444],[111.58337,-8.02514],[111.58273,-8.02572],[111.58261,-8.0266],[111.58234,-8.02701],[111.58189,-8.02791],[111.58111,-8.02913],[111.58068,-8.03003],[111.58035,-8.03081],[111.57994,-8.03133],[111.57972,-8.03179],[111.57948,-8.03243],[111.57911,-8.0331],[111.57902,-8.03354],[111.57828,-8.03463],[111.57817,-8.03496],[111.57795,-8.03519],[111.57777,-8.03543],[111.57762,-8.03576],[111.57759,-8.03593],[111.57734,-8.03595],[111.57706,-8.03613],[111.57699,-8.03613],[111.57682,-8.03593],[111.57666,-8.03549],[111.57586,-8.03462],[111.57548,-8.03366],[111.57513,-8.03332],[111.57506,-8.03307],[111.57507,-8.03293],[111.57517,-8.03282],[111.57545,-8.03268],[111.57564,-8.03249],[111.57577,-8.03228],[111.57575,-8.03217],[111.57569,-8.03208],[111.57526,-8.03201],[111.57488,-8.03209],[111.57479,-8.03187],[111.57467,-8.03173],[111.57456,-8.03165],[111.57447,-8.03178],[111.57424,-8.03179],[111.57398,-8.03185],[111.57369,-8.03159],[111.5736,-8.03157],[111.57348,-8.03164],[111.57345,-8.03199],[111.57342,-8.0321],[111.57332,-8.03214],[111.57306,-8.03211],[111.57267,-8.03225],[111.57266,-8.03191],[111.57258,-8.03184],[111.5719,-8.03163],[111.57149,-8.03132],[111.5713,-8.03121],[111.57117,-8.03103],[111.5711,-8.03071],[111.57095,-8.03064],[111.57046,-8.03062],[111.57032,-8.03047],[111.57057,-8.02992],[111.57063,-8.0295],[111.57038,-8.02926],[111.57009,-8.02905],[111.56996,-8.02912],[111.57022,-8.02977],[111.57022,-8.02999],[111.56987,-8.03037],[111.56993,-8.03056],[111.57014,-8.03067],[111.57025,-8.03082],[111.5701,-8.03124],[111.56972,-8.03123],[111.56861,-8.0319],[111.56805,-8.03216],[111.5675,-8.03246],[111.56736,-8.03246],[111.56654,-8.03212],[111.56611,-8.03227],[111.56599,-8.03246],[111.56596,-8.03308],[111.56526,-8.03295],[111.56481,-8.0328],[111.56421,-8.03266],[111.5636,-8.03263],[111.56276,-8.03276],[111.56202,-8.03273],[111.56185,-8.03286],[111.56161,-8.03313],[111.56149,-8.03322],[111.5614,-8.03323],[111.56127,-8.03313],[111.56117,-8.033],[111.56112,-8.03277],[111.56117,-8.03237],[111.56127,-8.03209],[111.56124,-8.03189],[111.56134,-8.03168],[111.56162,-8.03137],[111.56183,-8.03106],[111.56216,-8.03082],[111.56243,-8.03055],[111.56265,-8.02974],[111.56189,-8.02961],[111.56175,-8.0293],[111.56136,-8.02918],[111.56103,-8.02926],[111.56092,-8.02932],[111.56046,-8.02976],[111.56041,-8.02986],[111.56024,-8.02984],[111.56007,-8.02994],[111.56006,-8.02945],[111.55989,-8.02925],[111.5596,-8.02901],[111.55923,-8.0285],[111.55916,-8.02783],[111.55873,-8.02798],[111.55858,-8.0284],[111.55866,-8.02924],[111.55949,-8.03011],[111.55895,-8.03006],[111.55866,-8.02986],[111.55817,-8.0292],[111.55787,-8.02918],[111.55752,-8.02909],[111.55742,-8.02898],[111.55694,-8.0286],[111.55683,-8.02842],[111.55676,-8.02843],[111.55676,-8.02823],[111.55713,-8.02704],[111.55726,-8.0265],[111.55808,-8.02684],[111.55829,-8.02733],[111.55865,-8.02738],[111.55928,-8.02724],[111.56013,-8.02686],[111.56056,-8.02634],[111.56088,-8.0259],[111.5615,-8.02554],[111.56139,-8.02512],[111.56172,-8.02512],[111.56197,-8.02556],[111.56189,-8.02604],[111.56235,-8.02681],[111.56305,-8.02697],[111.56325,-8.02668],[111.56329,-8.02597],[111.56305,-8.02547],[111.5625,-8.02488],[111.56305,-8.02454],[111.56321,-8.02483],[111.56338,-8.02535],[111.56363,-8.02548],[111.56374,-8.02534],[111.56444,-8.02497],[111.56475,-8.02484],[111.56461,-8.02514],[111.56466,-8.02527],[111.5648,-8.02537],[111.56496,-8.02529],[111.56508,-8.02512],[111.56506,-8.02489],[111.56494,-8.02478],[111.56546,-8.02461],[111.56572,-8.02479],[111.56611,-8.02499],[111.56611,-8.02526],[111.5663,-8.02558],[111.5665,-8.02577],[111.56661,-8.02571],[111.56673,-8.02525],[111.56633,-8.02492],[111.56684,-8.0246],[111.56688,-8.02454],[111.56703,-8.02471],[111.56719,-8.02467],[111.56732,-8.02456],[111.56738,-8.02442],[111.56731,-8.0242],[111.56721,-8.02408],[111.5678,-8.02335],[111.56818,-8.02274],[111.56849,-8.02244],[111.56931,-8.02196],[111.56977,-8.02157],[111.57011,-8.02194],[111.57038,-8.02192],[111.57044,-8.02202],[111.57052,-8.02234],[111.57072,-8.02243],[111.57104,-8.02226],[111.5711,-8.02196],[111.57192,-8.02197],[111.57188,-8.02164],[111.57174,-8.02152],[111.5709,-8.0213],[111.57042,-8.02132],[111.57018,-8.02122],[111.57101,-8.0208],[111.57155,-8.02057],[111.57205,-8.02022],[111.57225,-8.02015],[111.57259,-8.02059],[111.57347,-8.01985],[111.57408,-8.02013],[111.5746,-8.01959],[111.57411,-8.01877],[111.57463,-8.01842],[111.57482,-8.01854],[111.57509,-8.01883],[111.57524,-8.01887],[111.57499,-8.02004],[111.57597,-8.02056],[111.57624,-8.02061],[111.57627,-8.02117],[111.57651,-8.02157],[111.57691,-8.02146],[111.57696,-8.02116],[111.57689,-8.02073],[111.57778,-8.02106],[111.5783,-8.02148],[111.57843,-8.02184],[111.57843,-8.02215],[111.5774,-8.02244],[111.57722,-8.02264],[111.57714,-8.02278],[111.57709,-8.02297],[111.57708,-8.02337],[111.57715,-8.02385],[111.57739,-8.02384],[111.57845,-8.0236],[111.57939,-8.02376],[111.58018,-8.02383],[111.58057,-8.02352],[111.58018,-8.02299],[111.58041,-8.02264],[111.58101,-8.02317],[111.58136,-8.02366],[111.58189,-8.02386],[111.58248,-8.024],[111.58333,-8.02408],[111.58376,-8.02402],[111.58398,-8.02351],[111.5837,-8.02318],[111.58351,-8.02303],[111.58345,-8.02278],[111.58384,-8.02268],[111.5838,-8.02206],[111.58361,-8.02179],[111.58262,-8.02179],[111.58238,-8.0219],[111.58262,-8.02238],[111.58285,-8.02263],[111.58282,-8.02302],[111.58244,-8.0231],[111.582,-8.02264],[111.58072,-8.02163],[111.58082,-8.02113],[111.57943,-8.02005],[111.57899,-8.02004],[111.57799,-8.01953],[111.57786,-8.01922],[111.57783,-8.01897],[111.57788,-8.01878],[111.57809,-8.01838],[111.57866,-8.01855],[111.5792,-8.01857],[111.57929,-8.01776],[111.57826,-8.01761],[111.57838,-8.01701],[111.5791,-8.01706],[111.57997,-8.01732],[111.57998,-8.01692],[111.5785,-8.01644],[111.57801,-8.01655],[111.57787,-8.01642],[111.57787,-8.01625],[111.57808,-8.01571],[111.57777,-8.01556],[111.57769,-8.0156],[111.57727,-8.01601],[111.57699,-8.01617],[111.57678,-8.01618],[111.57575,-8.0161],[111.57452,-8.01614],[111.57439,-8.01604],[111.57419,-8.01576],[111.57393,-8.01517],[111.57389,-8.01496],[111.57392,-8.01442],[111.57389,-8.01429],[111.57357,-8.01414],[111.57358,-8.01382],[111.57339,-8.0137],[111.5734,-8.01277],[111.57295,-8.01268],[111.57206,-8.01291],[111.57222,-8.01336],[111.57199,-8.01369],[111.57173,-8.01364],[111.57171,-8.01303],[111.57192,-8.01265],[111.57231,-8.01175],[111.57257,-8.01078],[111.57266,-8.01031],[111.57302,-8.00969],[111.57359,-8.00898],[111.57402,-8.00818],[111.57433,-8.00811],[111.57437,-8.00793],[111.57459,-8.00787],[111.57473,-8.00772],[111.57488,-8.00765],[111.57454,-8.00752],[111.57388,-8.00772],[111.57328,-8.00772],[111.57293,-8.00822],[111.5719,-8.0084],[111.57108,-8.00871],[111.57032,-8.00935],[111.56988,-8.00966],[111.56971,-8.00974],[111.56939,-8.00978],[111.56896,-8.00974],[111.56903,-8.00952],[111.56912,-8.00863],[111.56919,-8.0083],[111.56911,-8.00796],[111.56931,-8.00763],[111.56942,-8.00734],[111.56934,-8.00725],[111.56959,-8.00698],[111.57004,-8.00717],[111.57021,-8.0069],[111.57064,-8.00687],[111.57094,-8.00632],[111.57186,-8.00659],[111.57243,-8.00647],[111.57101,-8.00566],[111.5709,-8.00553],[111.57108,-8.00538],[111.57143,-8.00529],[111.57204,-8.00528],[111.57323,-8.00514]],[[111.58278,-8.0064],[111.58353,-8.00668],[111.58381,-8.00656],[111.584,-8.00631],[111.58391,-8.00617],[111.58369,-8.00599],[111.58359,-8.00578],[111.58406,-8.00556],[111.58431,-8.0054],[111.58444,-8.00506],[111.58395,-8.00476],[111.58321,-8.00523],[111.58269,-8.0058],[111.58244,-8.00569],[111.58227,-8.00603],[111.58278,-8.0064]],[[111.58351,-8.00478],[111.58379,-8.00459],[111.58384,-8.00434],[111.58332,-8.00421],[111.58312,-8.00428],[111.58285,-8.00483],[111.58257,-8.00507],[111.58219,-8.00521],[111.58202,-8.00549],[111.58212,-8.00564],[111.58234,-8.00548],[111.58283,-8.00526],[111.58311,-8.00497],[111.58351,-8.00478]],[[111.5984,-8.00455],[111.59834,-8.00469],[111.59812,-8.00462],[111.59777,-8.00459],[111.59766,-8.00473],[111.59795,-8.00497],[111.59803,-8.00513],[111.59831,-8.00531],[111.59844,-8.0052],[111.5988,-8.00533],[111.59891,-8.00556],[111.59894,-8.00616],[111.59864,-8.00615],[111.59834,-8.00604],[111.5982,-8.00585],[111.59798,-8.0053],[111.59776,-8.0052],[111.59765,-8.00495],[111.59741,-8.00494],[111.59721,-8.00507],[111.59715,-8.00535],[111.59751,-8.00573],[111.5976,-8.00597],[111.59741,-8.00612],[111.59714,-8.00625],[111.59689,-8.00623],[111.59649,-8.006],[111.59628,-8.00594],[111.59621,-8.00608],[111.59625,-8.00641],[111.59618,-8.00654],[111.59632,-8.00676],[111.59664,-8.00658],[111.59738,-8.00644],[111.59751,-8.00647],[111.5977,-8.0066],[111.59791,-8.00683],[111.59816,-8.00689],[111.59862,-8.00679],[111.59875,-8.00686],[111.59897,-8.00691],[111.59912,-8.00681],[111.59918,-8.00647],[111.59926,-8.00628],[111.5993,-8.00576],[111.59926,-8.00553],[111.59899,-8.00521],[111.59906,-8.00505],[111.599,-8.0049],[111.59863,-8.00464],[111.5984,-8.00455]],[[111.5853,-8.00697],[111.58556,-8.00668],[111.58505,-8.00635],[111.58463,-8.00612],[111.58447,-8.00607],[111.5843,-8.00624],[111.58439,-8.00659],[111.58406,-8.0069],[111.58304,-8.00705],[111.58295,-8.00714],[111.58332,-8.00747],[111.58364,-8.00746],[111.58413,-8.0074],[111.58468,-8.00747],[111.585,-8.00756],[111.5852,-8.00728],[111.5853,-8.00697]],[[111.59853,-8.00741],[111.59842,-8.00762],[111.59841,-8.00794],[111.59863,-8.00804],[111.59872,-8.008],[111.59867,-8.00749],[111.59853,-8.00741]],[[111.59734,-8.00765],[111.59691,-8.00755],[111.59671,-8.00764],[111.59668,-8.00804],[111.59622,-8.00924],[111.59584,-8.00969],[111.59563,-8.00978],[111.59557,-8.01028],[111.59565,-8.01045],[111.59608,-8.0106],[111.59639,-8.01037],[111.59671,-8.01062],[111.59723,-8.01078],[111.59732,-8.01037],[111.59707,-8.01021],[111.59632,-8.00993],[111.59657,-8.00968],[111.59691,-8.00923],[111.59682,-8.00895],[111.59741,-8.00899],[111.59781,-8.00929],[111.598,-8.00979],[111.59826,-8.00994],[111.59838,-8.00956],[111.59823,-8.00905],[111.59795,-8.00861],[111.59764,-8.00861],[111.59744,-8.00842],[111.59734,-8.00826],[111.59752,-8.00807],[111.59787,-8.00789],[111.59734,-8.00765]],[[111.57722,-8.01097],[111.57742,-8.01019],[111.57755,-8.00999],[111.5772,-8.00924],[111.57707,-8.00868],[111.57684,-8.00838],[111.57642,-8.00807],[111.57626,-8.00768],[111.57653,-8.00728],[111.57662,-8.00697],[111.5766,-8.00681],[111.57645,-8.00669],[111.57624,-8.00673],[111.57592,-8.00722],[111.57552,-8.00806],[111.57535,-8.00872],[111.57546,-8.0091],[111.57622,-8.00889],[111.57649,-8.00917],[111.57666,-8.0096],[111.57697,-8.00995],[111.57699,-8.01026],[111.57679,-8.01078],[111.57669,-8.01122],[111.57682,-8.01141],[111.57722,-8.01097]],[[111.57779,-8.01122],[111.57754,-8.01152],[111.57732,-8.01199],[111.57676,-8.0124],[111.57673,-8.01273],[111.57701,-8.01272],[111.5774,-8.01298],[111.57792,-8.0149],[111.57822,-8.01467],[111.57826,-8.01457],[111.57806,-8.01393],[111.57802,-8.01336],[111.57806,-8.01289],[111.57783,-8.01269],[111.57779,-8.0123],[111.57785,-8.01189],[111.57816,-8.0113],[111.57785,-8.01102],[111.57779,-8.01122]],[[111.59582,-8.01182],[111.59591,-8.0122],[111.59633,-8.01216],[111.59636,-8.01151],[111.596,-8.01121],[111.59565,-8.01113],[111.59523,-8.01094],[111.595,-8.01098],[111.59494,-8.01141],[111.59542,-8.01169],[111.59582,-8.01182]],[[111.59518,-8.00912],[111.59537,-8.00914],[111.59553,-8.00889],[111.59553,-8.00868],[111.59544,-8.00847],[111.5953,-8.00829],[111.59511,-8.00824],[111.59497,-8.00837],[111.5948,-8.00873],[111.59493,-8.00896],[111.59518,-8.00912]],[[111.60135,-8.01686],[111.60169,-8.01702],[111.60263,-8.01659],[111.60302,-8.01586],[111.60352,-8.01505],[111.60365,-8.01452],[111.60386,-8.01412],[111.60462,-8.01389],[111.60476,-8.01365],[111.60447,-8.01336],[111.60408,-8.01334],[111.60328,-8.01356],[111.60296,-8.01378],[111.60288,-8.01425],[111.60319,-8.01458],[111.60313,-8.01499],[111.60283,-8.01563],[111.60225,-8.01628],[111.60175,-8.01642],[111.60182,-8.01588],[111.60153,-8.01563],[111.6013,-8.01635],[111.60135,-8.01686]],[[111.60168,-8.01379],[111.6017,-8.01332],[111.60275,-8.0131],[111.60318,-8.01292],[111.60324,-8.01261],[111.6037,-8.01248],[111.60402,-8.0122],[111.60402,-8.01199],[111.6037,-8.01199],[111.60346,-8.01231],[111.60308,-8.01237],[111.60297,-8.01216],[111.60265,-8.01215],[111.60258,-8.0124],[111.60233,-8.01271],[111.60194,-8.01283],[111.60171,-8.01285],[111.60152,-8.01296],[111.60143,-8.0131],[111.60123,-8.01321],[111.60074,-8.01341],[111.60064,-8.01356],[111.60086,-8.01399],[111.6011,-8.01405],[111.60147,-8.01398],[111.60168,-8.01379]],[[111.59133,-8.01775],[111.59048,-8.01784],[111.58943,-8.01783],[111.58931,-8.0182],[111.58959,-8.01833],[111.59014,-8.01845],[111.59086,-8.0185],[111.59146,-8.0186],[111.59133,-8.01775]],[[111.58784,-8.02026],[111.58807,-8.0205],[111.58839,-8.02034],[111.58851,-8.01925],[111.58834,-8.01899],[111.58807,-8.01886],[111.58797,-8.01891],[111.58776,-8.01972],[111.58784,-8.02026]],[[111.57987,-8.0246],[111.57995,-8.02407],[111.57932,-8.02408],[111.57904,-8.02416],[111.57888,-8.02451],[111.57875,-8.02469],[111.57876,-8.02497],[111.57887,-8.02544],[111.57887,-8.02572],[111.57878,-8.0258],[111.57862,-8.02584],[111.57858,-8.02601],[111.57868,-8.02615],[111.57898,-8.02603],[111.57901,-8.02594],[111.5791,-8.02582],[111.57947,-8.02577],[111.57968,-8.02565],[111.57947,-8.02514],[111.57956,-8.02489],[111.57979,-8.02465],[111.57987,-8.0246]],[[111.57435,-8.02603],[111.5741,-8.02602],[111.57396,-8.02606],[111.57388,-8.02621],[111.57396,-8.0264],[111.57435,-8.02665],[111.57487,-8.02659],[111.57504,-8.02646],[111.57499,-8.02639],[111.57478,-8.02622],[111.57457,-8.02609],[111.57435,-8.02603]],[[111.58016,-8.02622],[111.57989,-8.02626],[111.57968,-8.02623],[111.57951,-8.02629],[111.5795,-8.02642],[111.57921,-8.02668],[111.57917,-8.02684],[111.57917,-8.0271],[111.57935,-8.02737],[111.57955,-8.02748],[111.57978,-8.0274],[111.58,-8.02726],[111.58035,-8.02717],[111.5809,-8.02707],[111.58075,-8.02652],[111.58055,-8.02636],[111.58016,-8.02622]],[[111.57665,-8.02723],[111.57652,-8.02723],[111.57655,-8.02745],[111.57663,-8.02757],[111.57682,-8.02734],[111.57665,-8.02723]],[[111.56439,-8.02764],[111.56363,-8.02693],[111.56329,-8.02727],[111.56285,-8.02734],[111.56222,-8.02737],[111.56159,-8.02748],[111.56106,-8.02765],[111.56075,-8.02787],[111.5604,-8.02818],[111.56008,-8.0288],[111.56019,-8.02905],[111.56088,-8.02885],[111.56119,-8.02835],[111.56155,-8.02811],[111.56176,-8.02827],[111.56193,-8.0286],[111.56216,-8.02885],[111.56227,-8.0292],[111.56259,-8.02927],[111.56262,-8.02887],[111.56223,-8.02814],[111.56227,-8.02795],[111.5629,-8.02803],[111.56373,-8.02831],[111.56494,-8.02864],[111.5658,-8.02904],[111.56617,-8.02915],[111.56627,-8.02864],[111.5658,-8.02833],[111.56519,-8.02808],[111.56439,-8.02764]],[[111.57812,-8.02769],[111.5781,-8.02806],[111.5785,-8.02808],[111.57847,-8.02787],[111.57842,-8.0278],[111.57812,-8.02769]],[[111.56728,-8.02802],[111.56707,-8.02801],[111.56683,-8.02807],[111.56668,-8.02817],[111.56677,-8.02834],[111.56742,-8.02824],[111.56746,-8.02807],[111.56728,-8.02802]],[[111.57981,-8.02825],[111.57975,-8.02848],[111.5796,-8.02858],[111.57947,-8.02875],[111.57963,-8.02885],[111.5798,-8.02881],[111.58021,-8.02861],[111.58024,-8.02842],[111.58015,-8.02827],[111.57998,-8.02818],[111.57981,-8.02825]],[[111.57771,-8.02871],[111.57759,-8.02857],[111.57742,-8.02859],[111.57724,-8.0287],[111.57671,-8.02852],[111.57637,-8.02869],[111.57636,-8.02897],[111.57643,-8.02908],[111.57637,-8.02929],[111.57608,-8.02982],[111.57583,-8.0299],[111.57589,-8.03025],[111.5758,-8.0306],[111.57572,-8.03074],[111.57556,-8.03076],[111.57557,-8.03089],[111.57572,-8.03104],[111.57606,-8.03106],[111.57623,-8.0308],[111.57619,-8.03055],[111.57621,-8.03],[111.57643,-8.0299],[111.57694,-8.02979],[111.57727,-8.02976],[111.57742,-8.02989],[111.57773,-8.03026],[111.57793,-8.03029],[111.57847,-8.03022],[111.57838,-8.02981],[111.57824,-8.02968],[111.57806,-8.0296],[111.57797,-8.02922],[111.57757,-8.02906],[111.57762,-8.02888],[111.57771,-8.02871]],[[111.58029,-8.02922],[111.58032,-8.02948],[111.58018,-8.02957],[111.58024,-8.02967],[111.5804,-8.0297],[111.58069,-8.02965],[111.58074,-8.02948],[111.58062,-8.02935],[111.58065,-8.02929],[111.58105,-8.02918],[111.58111,-8.0291],[111.581,-8.02896],[111.58085,-8.02896],[111.58038,-8.0291],[111.58029,-8.02922]],[[111.57935,-8.02949],[111.57928,-8.02935],[111.5791,-8.02939],[111.57886,-8.02956],[111.57885,-8.02967],[111.57896,-8.02978],[111.57908,-8.02979],[111.57915,-8.02958],[111.57929,-8.02956],[111.57935,-8.02949]],[[111.57737,-8.03094],[111.57701,-8.0313],[111.57693,-8.03167],[111.57694,-8.03191],[111.57689,-8.03212],[111.57665,-8.03222],[111.57614,-8.03258],[111.57626,-8.03272],[111.57722,-8.03305],[111.57749,-8.03263],[111.5777,-8.03245],[111.5784,-8.03218],[111.57869,-8.03161],[111.57962,-8.03137],[111.57957,-8.03105],[111.57925,-8.03072],[111.57872,-8.03066],[111.57737,-8.03094]],[[111.57539,-8.03115],[111.57514,-8.031],[111.57495,-8.03111],[111.57492,-8.03126],[111.57499,-8.03147],[111.57517,-8.03158],[111.57543,-8.03141],[111.57539,-8.03115]],[[111.57574,-8.02936],[111.57565,-8.02928],[111.57553,-8.02933],[111.57531,-8.02965],[111.57533,-8.02971],[111.57542,-8.02971],[111.57574,-8.02936]],[[111.57224,-8.02711],[111.57231,-8.02732],[111.57274,-8.02719],[111.5729,-8.02675],[111.57288,-8.02635],[111.57269,-8.02612],[111.57272,-8.02579],[111.57291,-8.02579],[111.57313,-8.02591],[111.57328,-8.02606],[111.57343,-8.02599],[111.57339,-8.02583],[111.57334,-8.02579],[111.57324,-8.02552],[111.57306,-8.02538],[111.57297,-8.02525],[111.57305,-8.02489],[111.57306,-8.0245],[111.573,-8.02435],[111.57276,-8.02416],[111.57251,-8.02406],[111.57196,-8.02403],[111.57187,-8.02416],[111.57184,-8.02435],[111.57193,-8.02463],[111.57187,-8.02476],[111.57155,-8.02476],[111.57142,-8.02514],[111.57153,-8.02564],[111.57169,-8.02577],[111.57187,-8.02565],[111.57242,-8.02584],[111.57217,-8.02599],[111.57223,-8.02617],[111.57209,-8.02615],[111.57184,-8.02596],[111.57168,-8.02591],[111.57164,-8.02604],[111.57185,-8.02632],[111.5721,-8.02652],[111.57228,-8.02661],[111.57251,-8.0265],[111.57255,-8.02651],[111.57258,-8.02669],[111.57253,-8.02692],[111.57224,-8.02711]],[[111.57361,-8.02466],[111.57383,-8.02467],[111.57418,-8.02439],[111.57433,-8.02438],[111.57441,-8.02416],[111.57472,-8.02387],[111.57452,-8.02378],[111.57443,-8.02382],[111.57443,-8.02392],[111.57411,-8.02418],[111.57372,-8.0243],[111.57359,-8.02452],[111.57361,-8.02466]],[[111.5765,-8.02459],[111.57657,-8.02462],[111.57664,-8.02454],[111.57661,-8.0244],[111.57662,-8.02419],[111.57669,-8.0241],[111.57659,-8.02405],[111.57649,-8.02406],[111.57641,-8.02424],[111.5765,-8.02459]],[[111.57676,-8.02461],[111.57652,-8.02485],[111.57653,-8.02493],[111.57671,-8.02524],[111.57697,-8.02546],[111.57716,-8.02537],[111.57736,-8.0244],[111.57707,-8.0242],[111.57676,-8.02461]],[[111.57525,-8.02513],[111.57509,-8.02487],[111.57499,-8.02487],[111.57489,-8.02482],[111.57478,-8.02485],[111.57472,-8.02495],[111.57477,-8.02506],[111.5749,-8.02515],[111.57508,-8.02526],[111.57525,-8.02529],[111.57525,-8.02513]],[[111.57476,-8.0198],[111.57471,-8.01963],[111.57448,-8.01992],[111.57418,-8.02043],[111.57397,-8.02042],[111.5738,-8.0205],[111.57394,-8.02095],[111.57437,-8.02129],[111.57483,-8.02124],[111.57483,-8.02093],[111.57453,-8.02063],[111.57469,-8.02014],[111.57476,-8.0198]],[[111.56229,-8.03161],[111.56254,-8.0317],[111.56291,-8.03164],[111.56301,-8.0318],[111.56287,-8.03235],[111.56291,-8.03249],[111.56312,-8.0325],[111.56326,-8.03212],[111.56349,-8.03114],[111.56327,-8.03101],[111.56325,-8.03067],[111.56335,-8.03025],[111.56365,-8.02997],[111.56334,-8.02993],[111.56319,-8.03008],[111.56304,-8.03041],[111.56267,-8.03069],[111.56242,-8.03074],[111.56226,-8.03099],[111.56224,-8.03131],[111.56229,-8.03161]],[[111.56381,-8.03101],[111.56434,-8.03117],[111.56474,-8.03092],[111.56504,-8.03105],[111.56526,-8.03121],[111.56546,-8.03182],[111.5655,-8.03214],[111.56519,-8.03229],[111.56473,-8.03218],[111.56431,-8.03192],[111.56398,-8.03159],[111.56381,-8.03169],[111.56383,-8.03177],[111.56425,-8.03215],[111.56436,-8.03238],[111.5649,-8.03266],[111.56518,-8.03273],[111.56567,-8.03278],[111.56577,-8.03269],[111.56585,-8.03237],[111.56597,-8.03215],[111.566,-8.03184],[111.56567,-8.03163],[111.56554,-8.03144],[111.56549,-8.03121],[111.56587,-8.03114],[111.56546,-8.03069],[111.56516,-8.03051],[111.56458,-8.03037],[111.56397,-8.0305],[111.56375,-8.03065],[111.56367,-8.03082],[111.56381,-8.03101]],[[111.605,-8.01029],[111.60431,-8.01008],[111.60391,-8.00987],[111.60361,-8.0093],[111.60331,-8.00923],[111.60323,-8.00928],[111.60338,-8.00954],[111.60345,-8.00977],[111.60341,-8.01002],[111.60318,-8.01015],[111.60326,-8.01037],[111.60363,-8.01071],[111.60407,-8.01077],[111.60442,-8.0107],[111.60502,-8.01092],[111.60525,-8.01073],[111.605,-8.01029]],[[111.58496,-7.9999],[111.58474,-7.99973],[111.58455,-7.99987],[111.58451,-8.0002],[111.58463,-8.00062],[111.58498,-8.00099],[111.58547,-8.00132],[111.58569,-8.00123],[111.58562,-8.00067],[111.58523,-8.00025],[111.58496,-7.9999]],[[111.57794,-7.9954],[111.57768,-7.99519],[111.57748,-7.99516],[111.57748,-7.99529],[111.57761,-7.99558],[111.57785,-7.99563],[111.57802,-7.99554],[111.57794,-7.9954]],[[111.57876,-7.99536],[111.57899,-7.99539],[111.57911,-7.99532],[111.57906,-7.99521],[111.57896,-7.99521],[111.57875,-7.9953],[111.57876,-7.99536]],[[111.57907,-7.99457],[111.57896,-7.99456],[111.57846,-7.99468],[111.57826,-7.99488],[111.57829,-7.99497],[111.57861,-7.99496],[111.57907,-7.99483],[111.57907,-7.99457]],[[111.59598,-7.99446],[111.59608,-7.99431],[111.59637,-7.99444],[111.59667,-7.99439],[111.59667,-7.99421],[111.59655,-7.99392],[111.5968,-7.99375],[111.5977,-7.99379],[111.59785,-7.99368],[111.59768,-7.99352],[111.59688,-7.99353],[111.59672,-7.99347],[111.59676,-7.99328],[111.59645,-7.99317],[111.59636,-7.99321],[111.59624,-7.99345],[111.59619,-7.99373],[111.59627,-7.99406],[111.59614,-7.99415],[111.59596,-7.99416],[111.59588,-7.99399],[111.59583,-7.99376],[111.59587,-7.99338],[111.5958,-7.99324],[111.59585,-7.99311],[111.59568,-7.99306],[111.59558,-7.99335],[111.59546,-7.99401],[111.59531,-7.99437],[111.59557,-7.99446],[111.59598,-7.99446]],[[111.58476,-7.99233],[111.58434,-7.99229],[111.58386,-7.9923],[111.58373,-7.99222],[111.5836,-7.99199],[111.58346,-7.99202],[111.58349,-7.99231],[111.58374,-7.9926],[111.5839,-7.99271],[111.58425,-7.99274],[111.58455,-7.99271],[111.58525,-7.99281],[111.58537,-7.99263],[111.58497,-7.99246],[111.58476,-7.99233]],[[111.59066,-7.99076],[111.59067,-7.99059],[111.5906,-7.99043],[111.59042,-7.99043],[111.59019,-7.99052],[111.5901,-7.99044],[111.59008,-7.99023],[111.59,-7.99009],[111.58967,-7.99021],[111.58952,-7.99006],[111.58932,-7.98993],[111.58915,-7.98995],[111.58866,-7.9896],[111.58823,-7.98989],[111.58918,-7.99048],[111.58906,-7.99054],[111.58908,-7.99069],[111.58925,-7.99076],[111.58957,-7.99072],[111.58981,-7.99073],[111.59016,-7.99089],[111.59037,-7.99109],[111.5906,-7.99122],[111.59074,-7.99107],[111.59088,-7.99082],[111.59066,-7.99076]],[[111.61382,-7.99641],[111.61395,-7.99653],[111.61432,-7.9965],[111.61446,-7.99643],[111.61446,-7.99618],[111.61416,-7.99604],[111.61379,-7.99624],[111.61382,-7.99641]],[[111.61537,-7.99642],[111.6157,-7.99644],[111.61611,-7.99626],[111.61636,-7.99608],[111.61628,-7.99592],[111.61553,-7.99608],[111.61537,-7.99621],[111.61537,-7.99642]],[[111.61693,-7.99146],[111.6165,-7.99147],[111.61642,-7.99086],[111.61523,-7.99113],[111.61531,-7.99258],[111.6163,-7.99216],[111.61647,-7.99204],[111.6169,-7.99193],[111.61694,-7.99178],[111.61693,-7.99146]],[[111.58154,-7.98832],[111.58168,-7.98745],[111.58173,-7.98676],[111.58034,-7.98646],[111.58009,-7.98758],[111.5802,-7.98757],[111.58045,-7.98822],[111.58154,-7.98832]],[[111.58814,-7.98688],[111.58805,-7.9878],[111.58843,-7.98779],[111.58863,-7.9877],[111.5888,-7.98692],[111.58895,-7.98656],[111.58909,-7.98638],[111.58849,-7.98627],[111.58813,-7.98624],[111.58814,-7.98688]],[[111.58743,-7.98487],[111.58743,-7.9841],[111.58667,-7.98414],[111.58652,-7.98434],[111.58649,-7.98481],[111.58743,-7.98487]],[[111.60229,-7.96483],[111.6028,-7.96449],[111.60366,-7.96374],[111.60369,-7.96343],[111.60377,-7.96337],[111.60318,-7.96312],[111.60286,-7.96335],[111.60206,-7.96371],[111.60179,-7.96394],[111.60173,-7.96401],[111.60188,-7.96426],[111.60137,-7.96469],[111.60158,-7.96492],[111.60229,-7.96483]],[[111.60846,-7.95816],[111.60891,-7.95764],[111.60916,-7.95747],[111.60939,-7.95723],[111.60951,-7.95655],[111.6094,-7.95619],[111.60944,-7.95613],[111.6097,-7.95584],[111.61047,-7.95558],[111.60988,-7.9549],[111.60948,-7.95436],[111.60906,-7.95395],[111.60853,-7.95397],[111.60788,-7.95425],[111.60735,-7.9544],[111.60738,-7.95452],[111.60687,-7.95445],[111.60521,-7.95369],[111.60469,-7.95353],[111.60472,-7.95386],[111.60425,-7.95395],[111.60374,-7.95413],[111.60356,-7.95496],[111.60335,-7.95562],[111.60298,-7.95655],[111.60359,-7.9567],[111.60381,-7.95692],[111.60418,-7.95664],[111.60489,-7.95679],[111.60583,-7.95656],[111.6061,-7.95644],[111.60636,-7.95602],[111.60677,-7.95615],[111.60719,-7.95654],[111.60744,-7.95655],[111.60773,-7.95527],[111.60856,-7.95526],[111.60909,-7.95591],[111.60842,-7.95629],[111.60756,-7.95773],[111.60771,-7.95791],[111.60756,-7.95804],[111.60768,-7.95848],[111.6079,-7.95869],[111.60846,-7.95816]],[[111.60326,-7.95734],[111.60314,-7.95717],[111.60242,-7.95754],[111.60271,-7.95794],[111.60351,-7.95788],[111.6037,-7.9582],[111.604,-7.9583],[111.60424,-7.95863],[111.60466,-7.95866],[111.60459,-7.95814],[111.60428,-7.95776],[111.60396,-7.95768],[111.60339,-7.95745],[111.60326,-7.95734]]]]}},{"type":"Feature","properties":{"REMARK":"Sawah Tadah Hujan","JNSSWH":2,"_cls":"Sawah Tadah Hujan"},"geometry":{"type":"Polygon","coordinates":[[[111.6429,-7.98425],[111.64216,-7.9855],[111.64169,-7.98578],[111.64177,-7.98593],[111.64184,-7.98595],[111.64256,-7.9857],[111.64284,-7.98568],[111.64288,-7.98598],[111.643,-7.98631],[111.64328,-7.98675],[111.64324,-7.98717],[111.64327,-7.98759],[111.64337,-7.98772],[111.64371,-7.98783],[111.64402,-7.98781],[111.64439,-7.98753],[111.64456,-7.98729],[111.64472,-7.98695],[111.64483,-7.98687],[111.64496,-7.98687],[111.64546,-7.98706],[111.64572,-7.9871],[111.64594,-7.98706],[111.64617,-7.9869],[111.64658,-7.98653],[111.64666,-7.98655],[111.64675,-7.98664],[111.64677,-7.98676],[111.64671,-7.98691],[111.64654,-7.98715],[111.64645,-7.98714],[111.64648,-7.98732],[111.64667,-7.98759],[111.64767,-7.98853],[111.64795,-7.9889],[111.64823,-7.98948],[111.64834,-7.98989],[111.64844,-7.99007],[111.64869,-7.9903],[111.64893,-7.99042],[111.64953,-7.99056],[111.64974,-7.99066],[111.65048,-7.99114],[111.65071,-7.99078],[111.65078,-7.99051],[111.65079,-7.99036],[111.65059,-7.98992],[111.65065,-7.98963],[111.6518,-7.98963],[111.65228,-7.98973],[111.6523,-7.9899],[111.65282,-7.98998],[111.65279,-7.99066],[111.65288,-7.99126],[111.65296,-7.99155],[111.65295,-7.99167],[111.65288,-7.99183],[111.65297,-7.99215],[111.65365,-7.99224],[111.65401,-7.99256],[111.65292,-7.99303],[111.65293,-7.99328],[111.65303,-7.99332],[111.65332,-7.99459],[111.65354,-7.99515],[111.65359,-7.99565],[111.65353,-7.99592],[111.65313,-7.9959],[111.65307,-7.99608],[111.65237,-7.99589],[111.65226,-7.99614],[111.65292,-7.99642],[111.65279,-7.99666],[111.65215,-7.99668],[111.65162,-7.99656],[111.65142,-7.99643],[111.65122,-7.99621],[111.65113,-7.99592],[111.65107,-7.99587],[111.65008,-7.99525],[111.64939,-7.99525],[111.64867,-7.99538],[111.64807,-7.99564],[111.64772,-7.99588],[111.64704,-7.99639],[111.64687,-7.99648],[111.64644,-7.99636],[111.64615,-7.99664],[111.64605,-7.99655],[111.64583,-7.99617],[111.64571,-7.99612],[111.64524,-7.99616],[111.64512,-7.99607],[111.64511,-7.99597],[111.64529,-7.99573],[111.64524,-7.99564],[111.64512,-7.99554],[111.64459,-7.99523],[111.64449,-7.99513],[111.64453,-7.99494],[111.64449,-7.99477],[111.64426,-7.99451],[111.64422,-7.99441],[111.64454,-7.99427],[111.64468,-7.99429],[111.64508,-7.99415],[111.64545,-7.99425],[111.64601,-7.99417],[111.64643,-7.99433],[111.64684,-7.99436],[111.64747,-7.99408],[111.64757,-7.9932],[111.64754,-7.99314],[111.6475,-7.99312],[111.64713,-7.99321],[111.64686,-7.99305],[111.64665,-7.99301],[111.64628,-7.99285],[111.6462,-7.99294],[111.64612,-7.99339],[111.64609,-7.99343],[111.64584,-7.99354],[111.64577,-7.99332],[111.64577,-7.99306],[111.64524,-7.9928],[111.64551,-7.99244],[111.6453,-7.99224],[111.64469,-7.9926],[111.64447,-7.99241],[111.64376,-7.99196],[111.64333,-7.99159],[111.64314,-7.99155],[111.64246,-7.99161],[111.64236,-7.99247],[111.64239,-7.99269],[111.64281,-7.99351],[111.64294,-7.99402],[111.64292,-7.99419],[111.64279,-7.9944],[111.64263,-7.99455],[111.64249,-7.99446],[111.64229,-7.99445],[111.64211,-7.99452],[111.64169,-7.9948],[111.64111,-7.99548],[111.64072,-7.99588],[111.64057,-7.99591],[111.63987,-7.99575],[111.63995,-7.99597],[111.64011,-7.99699],[111.64027,-7.99777],[111.64043,-7.9982],[111.64056,-7.99839],[111.64125,-7.99876],[111.64119,-7.99912],[111.64214,-7.99917],[111.64313,-7.99906],[111.64312,-8.00014],[111.6427,-8.00037],[111.64243,-8.00057],[111.64147,-8.00142],[111.64162,-8.00157],[111.64173,-8.00175],[111.64135,-8.00186],[111.64069,-8.0018],[111.64005,-8.0018],[111.63907,-8.00234],[111.63893,-8.0024],[111.63873,-8.00233],[111.63857,-8.00221],[111.63824,-8.00175],[111.63785,-8.00104],[111.63823,-8.00067],[111.63834,-8.00044],[111.63877,-7.9998],[111.63882,-7.99959],[111.63879,-7.99916],[111.63859,-7.99839],[111.6386,-7.99829],[111.63888,-7.99763],[111.63939,-7.99591],[111.63973,-7.99554],[111.63955,-7.99523],[111.63999,-7.99496],[111.64014,-7.99482],[111.64007,-7.99405],[111.64009,-7.99335],[111.64025,-7.99301],[111.64045,-7.99278],[111.64134,-7.99214],[111.64137,-7.99206],[111.64137,-7.99194],[111.64063,-7.99173],[111.64031,-7.99181],[111.63986,-7.99203],[111.63903,-7.99197],[111.63853,-7.99222],[111.63844,-7.99216],[111.63835,-7.99202],[111.63832,-7.99187],[111.63837,-7.99141],[111.63836,-7.99084],[111.63816,-7.99043],[111.63782,-7.99002],[111.63749,-7.98972],[111.63763,-7.98945],[111.63801,-7.98904],[111.63826,-7.98929],[111.63844,-7.98937],[111.63863,-7.98938],[111.63886,-7.98932],[111.63937,-7.98904],[111.63961,-7.98923],[111.63979,-7.98927],[111.64008,-7.98927],[111.64041,-7.98918],[111.64098,-7.98894],[111.64118,-7.98879],[111.64186,-7.98875],[111.642,-7.98864],[111.6417,-7.98823],[111.64167,-7.98807],[111.64185,-7.98784],[111.64206,-7.98776],[111.64221,-7.98766],[111.64223,-7.98757],[111.6422,-7.98742],[111.64168,-7.98704],[111.64124,-7.98655],[111.64109,-7.98648],[111.64096,-7.98649],[111.64069,-7.98661],[111.64038,-7.98679],[111.64028,-7.9868],[111.64015,-7.98671],[111.64005,-7.98642],[111.63981,-7.98619],[111.63995,-7.986],[111.64047,-7.98617],[111.64088,-7.98551],[111.64082,-7.98536],[111.63875,-7.98417],[111.63894,-7.98402],[111.63911,-7.98399],[111.64036,-7.98474],[111.64055,-7.98477],[111.6407,-7.98475],[111.64093,-7.98463],[111.64119,-7.98427],[111.64132,-7.98415],[111.64154,-7.98368],[111.64163,-7.98355],[111.64223,-7.98318],[111.64248,-7.98338],[111.64254,-7.98372],[111.6429,-7.98411],[111.6429,-7.98425]]]}},{"type":"Feature","properties":{"REMARK":"Sawah Tadah Hujan","JNSSWH":2,"_cls":"Sawah Tadah Hujan"},"geometry":{"type":"Polygon","coordinates":[[[111.62102,-7.9557],[111.62095,-7.95563],[111.62111,-7.95526],[111.62106,-7.95504],[111.62109,-7.95473],[111.62082,-7.95318],[111.62083,-7.95296],[111.6209,-7.95278],[111.62111,-7.95252],[111.62129,-7.95238],[111.62148,-7.95255],[111.62198,-7.95246],[111.62221,-7.95228],[111.62231,-7.95189],[111.62227,-7.95178],[111.62241,-7.95188],[111.6222,-7.95284],[111.62204,-7.95338],[111.62197,-7.95429],[111.62159,-7.95524],[111.62107,-7.95563],[111.62102,-7.9557]]]}},{"type":"Feature","properties":{"REMARK":"Sawah Tadah Hujan","JNSSWH":2,"_cls":"Sawah Tadah Hujan"},"geometry":{"type":"MultiPolygon","coordinates":[[[[111.62583,-8.01077],[111.62588,-8.01089],[111.6258,-8.0107],[111.62583,-8.01077]]],[[[111.625,-8.009],[111.62579,-8.01067],[111.62508,-8.00919],[111.625,-8.009]]],[[[111.62484,-8.00859],[111.625,-8.009],[111.62488,-8.00871],[111.62484,-8.00859]]],[[[111.62437,-8.00829],[111.62439,-8.00831],[111.62437,-8.00828],[111.62437,-8.00829]]],[[[111.62422,-8.00738],[111.6243,-8.00784],[111.62421,-8.00734],[111.62422,-8.00738]]],[[[111.62621,-7.95683],[111.62641,-7.9569],[111.62641,-7.95659],[111.62633,-7.95589],[111.62683,-7.95641],[111.62703,-7.95669],[111.62716,-7.95696],[111.62724,-7.95723],[111.62746,-7.95748],[111.62754,-7.95746],[111.62754,-7.95768],[111.6278,-7.95767],[111.62797,-7.95793],[111.62816,-7.95854],[111.62823,-7.95861],[111.62838,-7.95856],[111.62851,-7.95857],[111.62877,-7.95841],[111.62896,-7.95842],[111.62929,-7.9586],[111.62938,-7.95872],[111.62963,-7.95803],[111.62977,-7.95815],[111.63005,-7.95817],[111.63006,-7.95794],[111.62999,-7.95783],[111.63003,-7.95772],[111.63051,-7.95775],[111.63081,-7.9577],[111.63119,-7.95774],[111.63129,-7.9578],[111.63145,-7.95775],[111.63161,-7.95781],[111.63165,-7.95819],[111.63183,-7.95815],[111.63199,-7.95821],[111.63154,-7.95835],[111.63131,-7.9587],[111.63113,-7.95888],[111.6308,-7.95939],[111.63086,-7.95945],[111.63111,-7.9595],[111.63123,-7.95958],[111.63137,-7.9598],[111.63148,-7.96014],[111.63149,-7.96031],[111.63144,-7.96049],[111.63113,-7.96069],[111.63014,-7.96158],[111.63161,-7.9617],[111.63183,-7.96168],[111.63218,-7.96177],[111.63198,-7.962],[111.63177,-7.96234],[111.63166,-7.96239],[111.63147,-7.96236],[111.63141,-7.96227],[111.63122,-7.96214],[111.63071,-7.96247],[111.63061,-7.96257],[111.63048,-7.96283],[111.63009,-7.96266],[111.62988,-7.96262],[111.62936,-7.96293],[111.62903,-7.96323],[111.62891,-7.96372],[111.6292,-7.96411],[111.62917,-7.96443],[111.62922,-7.96449],[111.62903,-7.96455],[111.62896,-7.96467],[111.62872,-7.96544],[111.6286,-7.96551],[111.62806,-7.96539],[111.62791,-7.96552],[111.62749,-7.96613],[111.62708,-7.96638],[111.62725,-7.9667],[111.62732,-7.96692],[111.62724,-7.96739],[111.62737,-7.96745],[111.62818,-7.96727],[111.6284,-7.96727],[111.62896,-7.96746],[111.62949,-7.96741],[111.63065,-7.96803],[111.63084,-7.9676],[111.63078,-7.96716],[111.63095,-7.96679],[111.63122,-7.96648],[111.63131,-7.96676],[111.63137,-7.96739],[111.63145,-7.96772],[111.63158,-7.96792],[111.63172,-7.96795],[111.63252,-7.9677],[111.63265,-7.96769],[111.63274,-7.96777],[111.63281,-7.96796],[111.63258,-7.96885],[111.63276,-7.96901],[111.63334,-7.96872],[111.63404,-7.96792],[111.63435,-7.96734],[111.63441,-7.96705],[111.63456,-7.96672],[111.63476,-7.96646],[111.63526,-7.96693],[111.63542,-7.96716],[111.6354,-7.96829],[111.63512,-7.96864],[111.63501,-7.96893],[111.63494,-7.96971],[111.6344,-7.96977],[111.63453,-7.96996],[111.63465,-7.97],[111.63496,-7.96995],[111.63508,-7.96999],[111.63553,-7.9705],[111.6357,-7.97062],[111.6359,-7.97082],[111.63635,-7.97112],[111.63641,-7.97122],[111.6364,-7.97127],[111.63611,-7.97118],[111.63587,-7.97103],[111.63555,-7.97093],[111.63529,-7.97117],[111.63487,-7.9714],[111.63457,-7.97142],[111.6336,-7.97121],[111.63302,-7.97118],[111.63327,-7.97031],[111.6326,-7.97039],[111.63227,-7.97056],[111.63251,-7.97104],[111.63255,-7.97127],[111.63215,-7.97186],[111.63193,-7.97199],[111.63218,-7.97108],[111.63203,-7.97087],[111.63187,-7.97076],[111.63176,-7.97082],[111.63168,-7.97135],[111.63167,-7.97195],[111.63169,-7.972],[111.6318,-7.97206],[111.63172,-7.97207],[111.63158,-7.97221],[111.63161,-7.97224],[111.63181,-7.97214],[111.63228,-7.97198],[111.63313,-7.97246],[111.63305,-7.9726],[111.63241,-7.97291],[111.63222,-7.97311],[111.63198,-7.97302],[111.6316,-7.97294],[111.63126,-7.97298],[111.63044,-7.97297],[111.63034,-7.97292],[111.63042,-7.97285],[111.63085,-7.97274],[111.63128,-7.97256],[111.63099,-7.97246],[111.63036,-7.97233],[111.62986,-7.97207],[111.62974,-7.97206],[111.62942,-7.97216],[111.62949,-7.9719],[111.62927,-7.97133],[111.62889,-7.97136],[111.62883,-7.9712],[111.62875,-7.97111],[111.62824,-7.97074],[111.6286,-7.96994],[111.62866,-7.96965],[111.62837,-7.96949],[111.6279,-7.97053],[111.62744,-7.97009],[111.62752,-7.96939],[111.62739,-7.96868],[111.62671,-7.96837],[111.6264,-7.96881],[111.62578,-7.96882],[111.62576,-7.96939],[111.62529,-7.96935],[111.62504,-7.96915],[111.62506,-7.96923],[111.62518,-7.96934],[111.62551,-7.96959],[111.62556,-7.96965],[111.62561,-7.96981],[111.62545,-7.96983],[111.62471,-7.97004],[111.62437,-7.97037],[111.62411,-7.97042],[111.62416,-7.97076],[111.625,-7.97082],[111.62497,-7.97164],[111.62507,-7.97185],[111.6249,-7.97236],[111.62492,-7.97266],[111.625,-7.97286],[111.62457,-7.97343],[111.62474,-7.97415],[111.62479,-7.97453],[111.62475,-7.97463],[111.62521,-7.97509],[111.62539,-7.9752],[111.62561,-7.97525],[111.62587,-7.97521],[111.62678,-7.97521],[111.62798,-7.9757],[111.6283,-7.97579],[111.62876,-7.97588],[111.62897,-7.97583],[111.62922,-7.97566],[111.62962,-7.97518],[111.63,-7.97485],[111.6302,-7.97477],[111.63117,-7.97457],[111.63052,-7.97445],[111.63036,-7.97433],[111.63028,-7.9742],[111.63027,-7.97406],[111.63034,-7.97385],[111.63087,-7.97342],[111.63146,-7.97328],[111.63193,-7.97331],[111.63246,-7.97359],[111.6331,-7.97374],[111.63351,-7.97368],[111.63454,-7.97341],[111.63489,-7.97314],[111.63506,-7.97307],[111.6358,-7.97289],[111.63615,-7.97289],[111.6365,-7.97295],[111.63743,-7.97357],[111.6378,-7.97362],[111.63796,-7.97266],[111.63823,-7.97218],[111.63852,-7.97186],[111.63745,-7.9713],[111.63751,-7.97106],[111.63751,-7.97062],[111.63758,-7.97016],[111.63775,-7.96971],[111.63839,-7.96958],[111.63878,-7.9693],[111.63951,-7.96885],[111.63999,-7.9683],[111.64029,-7.9681],[111.64101,-7.96785],[111.641,-7.96799],[111.64132,-7.96851],[111.64144,-7.96868],[111.64172,-7.96887],[111.64175,-7.96922],[111.64165,-7.97019],[111.64156,-7.97059],[111.64136,-7.971],[111.64219,-7.97118],[111.64283,-7.97116],[111.64333,-7.97122],[111.64356,-7.97133],[111.64393,-7.97139],[111.64415,-7.9715],[111.64431,-7.97169],[111.6444,-7.97188],[111.64458,-7.97251],[111.64471,-7.97283],[111.64487,-7.97387],[111.64494,-7.97394],[111.64507,-7.97395],[111.64546,-7.97392],[111.64557,-7.97404],[111.64571,-7.97433],[111.64585,-7.97473],[111.64603,-7.97487],[111.64619,-7.97494],[111.6466,-7.9749],[111.64686,-7.97478],[111.64753,-7.97422],[111.64757,-7.97404],[111.64757,-7.97365],[111.64713,-7.97242],[111.64777,-7.97226],[111.64869,-7.97354],[111.64891,-7.97353],[111.64929,-7.97334],[111.64965,-7.97336],[111.64971,-7.97296],[111.64982,-7.97259],[111.65027,-7.97219],[111.65061,-7.97176],[111.65109,-7.97131],[111.65118,-7.97112],[111.65121,-7.97098],[111.65114,-7.97074],[111.65134,-7.9702],[111.652,-7.97021],[111.65218,-7.97025],[111.65244,-7.97038],[111.65263,-7.9704],[111.65308,-7.97022],[111.65325,-7.9702],[111.65339,-7.97026],[111.65391,-7.97063],[111.65273,-7.97106],[111.65251,-7.97123],[111.65152,-7.97299],[111.65122,-7.97329],[111.64934,-7.97434],[111.64898,-7.97462],[111.64814,-7.97515],[111.64742,-7.9755],[111.64722,-7.9755],[111.64671,-7.97541],[111.6465,-7.97544],[111.64639,-7.97555],[111.64631,-7.9756],[111.64621,-7.97556],[111.64607,-7.97529],[111.64596,-7.97525],[111.64558,-7.97527],[111.6455,-7.97534],[111.64543,-7.97549],[111.645,-7.97545],[111.64495,-7.97537],[111.64496,-7.97507],[111.64505,-7.97479],[111.645,-7.97471],[111.6449,-7.97467],[111.64451,-7.97468],[111.64429,-7.97462],[111.64417,-7.97453],[111.64404,-7.97411],[111.64392,-7.9739],[111.64382,-7.97386],[111.64344,-7.9739],[111.64318,-7.97389],[111.64252,-7.97373],[111.6422,-7.97357],[111.64174,-7.97323],[111.64186,-7.97303],[111.64185,-7.9729],[111.64179,-7.9728],[111.64154,-7.97257],[111.64116,-7.9723],[111.64068,-7.97203],[111.64024,-7.97272],[111.63999,-7.97321],[111.63948,-7.97392],[111.63906,-7.974],[111.63851,-7.97374],[111.63846,-7.97387],[111.63877,-7.97407],[111.63835,-7.9745],[111.63842,-7.97476],[111.63819,-7.97486],[111.63788,-7.97493],[111.6375,-7.97492],[111.63738,-7.97489],[111.63718,-7.97469],[111.63703,-7.97463],[111.63646,-7.97476],[111.63629,-7.97476],[111.63616,-7.97471],[111.6361,-7.97463],[111.63609,-7.97423],[111.63612,-7.97398],[111.63603,-7.97394],[111.63593,-7.97397],[111.6357,-7.97419],[111.63553,-7.97443],[111.63544,-7.97472],[111.63542,-7.97528],[111.63499,-7.97591],[111.63498,-7.9761],[111.63518,-7.97641],[111.63528,-7.97649],[111.63571,-7.97658],[111.63602,-7.97661],[111.63627,-7.97657],[111.63641,-7.97643],[111.63656,-7.97587],[111.63668,-7.97571],[111.63689,-7.97555],[111.63707,-7.97547],[111.63744,-7.97539],[111.63765,-7.97539],[111.63787,-7.97545],[111.63796,-7.97553],[111.63802,-7.97565],[111.63801,-7.97589],[111.63777,-7.97648],[111.63761,-7.9767],[111.63687,-7.97728],[111.63677,-7.9774],[111.63676,-7.97752],[111.63693,-7.97768],[111.63624,-7.97799],[111.63584,-7.97811],[111.63545,-7.97754],[111.63525,-7.97744],[111.63503,-7.97741],[111.63475,-7.97744],[111.63439,-7.97753],[111.63419,-7.97767],[111.6336,-7.97819],[111.63316,-7.97879],[111.63273,-7.97917],[111.63254,-7.97927],[111.6323,-7.97932],[111.63224,-7.97986],[111.63209,-7.9806],[111.63153,-7.98193],[111.63112,-7.98268],[111.63094,-7.98288],[111.63069,-7.98304],[111.6304,-7.98307],[111.63037,-7.98351],[111.62989,-7.98422],[111.63064,-7.98444],[111.63073,-7.98453],[111.63054,-7.98512],[111.63066,-7.98518],[111.63102,-7.9853],[111.63182,-7.98509],[111.63226,-7.98488],[111.6327,-7.98458],[111.63399,-7.98323],[111.6343,-7.98314],[111.63485,-7.98291],[111.63524,-7.98269],[111.63579,-7.98226],[111.63586,-7.98214],[111.63588,-7.98199],[111.63585,-7.98183],[111.6357,-7.98173],[111.63552,-7.98097],[111.63588,-7.97978],[111.63619,-7.97909],[111.63633,-7.97889],[111.63655,-7.97871],[111.63678,-7.97858],[111.63696,-7.97856],[111.63711,-7.97859],[111.63721,-7.97867],[111.63725,-7.97881],[111.63717,-7.97907],[111.63689,-7.97965],[111.63675,-7.98025],[111.63676,-7.98031],[111.63697,-7.98037],[111.63739,-7.98038],[111.63758,-7.98035],[111.6378,-7.98017],[111.63847,-7.97931],[111.63915,-7.97906],[111.63937,-7.97902],[111.63958,-7.97906],[111.6398,-7.97925],[111.63939,-7.97999],[111.63934,-7.98014],[111.6393,-7.9805],[111.63918,-7.98099],[111.63911,-7.98191],[111.6393,-7.98201],[111.63895,-7.98217],[111.6389,-7.9823],[111.6387,-7.98244],[111.63856,-7.9825],[111.63757,-7.98235],[111.63704,-7.98251],[111.63675,-7.98243],[111.63662,-7.98246],[111.63646,-7.98258],[111.63633,-7.98278],[111.63631,-7.98289],[111.63639,-7.98309],[111.63702,-7.98359],[111.63707,-7.9837],[111.63696,-7.9838],[111.63657,-7.98386],[111.63593,-7.98381],[111.63515,-7.98385],[111.63495,-7.98393],[111.63479,-7.98421],[111.63473,-7.98474],[111.63447,-7.98473],[111.63437,-7.98517],[111.63443,-7.98518],[111.63442,-7.98534],[111.63447,-7.98555],[111.63458,-7.98577],[111.63471,-7.98588],[111.63596,-7.98594],[111.63586,-7.98604],[111.63618,-7.98611],[111.63645,-7.98596],[111.63743,-7.98601],[111.63739,-7.98639],[111.63713,-7.98631],[111.63712,-7.98655],[111.63745,-7.9866],[111.63741,-7.9873],[111.63728,-7.98729],[111.63658,-7.98781],[111.63635,-7.9879],[111.63594,-7.98787],[111.6356,-7.98776],[111.6353,-7.98762],[111.63518,-7.9876],[111.63495,-7.98769],[111.63486,-7.98778],[111.63479,-7.98791],[111.63432,-7.98806],[111.63392,-7.98787],[111.63376,-7.98785],[111.63354,-7.98791],[111.63345,-7.98799],[111.63343,-7.9881],[111.63345,-7.98852],[111.63383,-7.98925],[111.63375,-7.9894],[111.63362,-7.98946],[111.63292,-7.98958],[111.6323,-7.98972],[111.63213,-7.98983],[111.63197,-7.98987],[111.63141,-7.98993],[111.63127,-7.98987],[111.6312,-7.98976],[111.63123,-7.98966],[111.63161,-7.9892],[111.63171,-7.98891],[111.63168,-7.98874],[111.63128,-7.98782],[111.6308,-7.98642],[111.63096,-7.98636],[111.63044,-7.98608],[111.62989,-7.98588],[111.62873,-7.98624],[111.62873,-7.98691],[111.62886,-7.98747],[111.62943,-7.98748],[111.62944,-7.98794],[111.63014,-7.988],[111.63023,-7.98843],[111.63053,-7.98929],[111.631,-7.99086],[111.63081,-7.99088],[111.62951,-7.99145],[111.62949,-7.99189],[111.63202,-7.9913],[111.63218,-7.99169],[111.63234,-7.99182],[111.63236,-7.99286],[111.63271,-7.99308],[111.63304,-7.99339],[111.63367,-7.99328],[111.63358,-7.99309],[111.63396,-7.9928],[111.63422,-7.99268],[111.63424,-7.99223],[111.63428,-7.99221],[111.63457,-7.99215],[111.63507,-7.99213],[111.63539,-7.99215],[111.63553,-7.99223],[111.63565,-7.99236],[111.63575,-7.99255],[111.63573,-7.99273],[111.63564,-7.99287],[111.63503,-7.99365],[111.63475,-7.99399],[111.63418,-7.99454],[111.63392,-7.99486],[111.63365,-7.99555],[111.6334,-7.99606],[111.63328,-7.99624],[111.63295,-7.99653],[111.63318,-7.99707],[111.63316,-7.99731],[111.63304,-7.99784],[111.63313,-7.99806],[111.63332,-7.99834],[111.63343,-7.99925],[111.63347,-7.99998],[111.63335,-8.00076],[111.63342,-8.00109],[111.63323,-8.00108],[111.63297,-8.00098],[111.6326,-8.0005],[111.63247,-8.00037],[111.63221,-8.00022],[111.63194,-8.00013],[111.63175,-8.0001],[111.63154,-8.0002],[111.63114,-8.0003],[111.63109,-8.0],[111.63083,-8.0],[111.63098,-7.99943],[111.63144,-7.99892],[111.63158,-7.99818],[111.63101,-7.99775],[111.63124,-7.99751],[111.63136,-7.99728],[111.632,-7.99739],[111.63225,-7.99654],[111.63162,-7.9963],[111.63177,-7.99578],[111.63214,-7.99561],[111.63219,-7.99502],[111.63198,-7.99494],[111.63141,-7.99486],[111.63118,-7.99492],[111.63111,-7.99559],[111.63138,-7.99578],[111.63104,-7.99653],[111.63081,-7.99715],[111.63032,-7.99751],[111.62965,-7.99738],[111.62928,-7.9971],[111.62917,-7.99735],[111.62852,-7.99808],[111.62846,-7.99842],[111.62845,-7.99888],[111.62805,-7.99945],[111.62794,-7.99964],[111.6279,-8.0],[111.62754,-8.0],[111.62752,-8.00115],[111.62755,-8.00131],[111.62782,-8.00182],[111.62807,-8.0021],[111.62815,-8.00225],[111.62818,-8.00253],[111.62789,-8.00301],[111.6275,-8.00406],[111.62668,-8.0044],[111.62629,-8.00448],[111.62612,-8.00471],[111.6257,-8.00512],[111.62543,-8.00461],[111.62464,-8.00387],[111.62418,-8.00458],[111.62385,-8.0054],[111.62389,-8.00624],[111.62445,-8.00665],[111.62404,-8.00704],[111.62376,-8.00693],[111.62318,-8.0065],[111.62286,-8.00674],[111.62252,-8.00688],[111.62178,-8.00699],[111.62132,-8.00748],[111.6202,-8.00791],[111.62018,-8.00773],[111.62011,-8.00761],[111.61967,-8.00728],[111.61903,-8.00659],[111.61863,-8.00596],[111.61773,-8.00476],[111.61804,-8.00476],[111.61819,-8.00473],[111.61885,-8.00439],[111.61923,-8.00447],[111.61972,-8.00481],[111.62008,-8.005],[111.62084,-8.00523],[111.62109,-8.00522],[111.62146,-8.00497],[111.62152,-8.00483],[111.6216,-8.00425],[111.62073,-8.00389],[111.62043,-8.00369],[111.62024,-8.00347],[111.62001,-8.0033],[111.61983,-8.00302],[111.61888,-8.00264],[111.61938,-8.00245],[111.62008,-8.00233],[111.62021,-8.00224],[111.62028,-8.00201],[111.62019,-8.0017],[111.62015,-8.00093],[111.62029,-8.0002],[111.62036,-8.0],[111.62146,-8.0],[111.62177,-7.99971],[111.62204,-7.99891],[111.62222,-7.99862],[111.62238,-7.99846],[111.62282,-7.99814],[111.62276,-7.99807],[111.62248,-7.99798],[111.6224,-7.99727],[111.62246,-7.997],[111.62258,-7.99685],[111.62308,-7.99681],[111.62345,-7.99686],[111.62411,-7.99699],[111.62462,-7.99717],[111.6248,-7.99732],[111.62505,-7.99766],[111.62523,-7.99824],[111.62533,-7.99833],[111.62545,-7.99836],[111.62562,-7.99833],[111.62638,-7.99802],[111.62634,-7.99789],[111.62634,-7.99775],[111.62646,-7.99735],[111.62643,-7.99739],[111.62625,-7.99726],[111.62602,-7.99632],[111.626,-7.9959],[111.6264,-7.99537],[111.62653,-7.99507],[111.62658,-7.99488],[111.62661,-7.99437],[111.62654,-7.9941],[111.62641,-7.99381],[111.62566,-7.99277],[111.62541,-7.99235],[111.6252,-7.99184],[111.62513,-7.99149],[111.62517,-7.99134],[111.62529,-7.99113],[111.62544,-7.99099],[111.62571,-7.99086],[111.62592,-7.9908],[111.62641,-7.99116],[111.62642,-7.99075],[111.62662,-7.99093],[111.62714,-7.99032],[111.62776,-7.98998],[111.62751,-7.98879],[111.62722,-7.98865],[111.62688,-7.98861],[111.6264,-7.9885],[111.62595,-7.98897],[111.62558,-7.98855],[111.62628,-7.98762],[111.6262,-7.98754],[111.62614,-7.98659],[111.62605,-7.98645],[111.6259,-7.98641],[111.62548,-7.98638],[111.62434,-7.98609],[111.62432,-7.98702],[111.62416,-7.98744],[111.62374,-7.98763],[111.62368,-7.9875],[111.62351,-7.9873],[111.62302,-7.98704],[111.62227,-7.98672],[111.62177,-7.98622],[111.62135,-7.98572],[111.62067,-7.98515],[111.62016,-7.98482],[111.61991,-7.98471],[111.61971,-7.98468],[111.61885,-7.98485],[111.61853,-7.98481],[111.61804,-7.98467],[111.61768,-7.98448],[111.61676,-7.98413],[111.61587,-7.98409],[111.61576,-7.98399],[111.61545,-7.98399],[111.61537,-7.98396],[111.61531,-7.98376],[111.61484,-7.98287],[111.61484,-7.9828],[111.61516,-7.98273],[111.61529,-7.98249],[111.61545,-7.98237],[111.61568,-7.98233],[111.61631,-7.98229],[111.6167,-7.98205],[111.61703,-7.98174],[111.61737,-7.98134],[111.61754,-7.98122],[111.61801,-7.98116],[111.6184,-7.98105],[111.61899,-7.98126],[111.61989,-7.98103],[111.62029,-7.98033],[111.62072,-7.97999],[111.6211,-7.97933],[111.6216,-7.97865],[111.62235,-7.97797],[111.62326,-7.97778],[111.62335,-7.97796],[111.62425,-7.97813],[111.62457,-7.97825],[111.62439,-7.97894],[111.62503,-7.97919],[111.62486,-7.97986],[111.62541,-7.98025],[111.6256,-7.98042],[111.62534,-7.98044],[111.625,-7.98057],[111.6255,-7.98088],[111.62616,-7.98121],[111.6263,-7.98134],[111.62637,-7.98155],[111.62635,-7.98189],[111.62612,-7.9827],[111.62612,-7.98296],[111.62633,-7.98391],[111.62636,-7.98443],[111.62664,-7.98469],[111.62704,-7.98479],[111.62763,-7.98487],[111.62797,-7.98488],[111.62848,-7.98478],[111.62897,-7.98461],[111.62926,-7.98446],[111.62949,-7.98429],[111.62974,-7.98388],[111.62984,-7.9835],[111.62984,-7.98329],[111.62946,-7.98242],[111.6294,-7.98213],[111.62948,-7.98124],[111.62923,-7.98086],[111.62896,-7.98021],[111.62894,-7.98003],[111.62932,-7.97894],[111.62942,-7.97855],[111.62945,-7.97796],[111.63019,-7.97836],[111.63059,-7.97845],[111.631,-7.97847],[111.6312,-7.9784],[111.63156,-7.97791],[111.63172,-7.97783],[111.63227,-7.97787],[111.63249,-7.9778],[111.6327,-7.97762],[111.63277,-7.9776],[111.63291,-7.97745],[111.6338,-7.97686],[111.63383,-7.97626],[111.63361,-7.97581],[111.63366,-7.97563],[111.63406,-7.97488],[111.63404,-7.9747],[111.63385,-7.97447],[111.63376,-7.97443],[111.63332,-7.97456],[111.63308,-7.97456],[111.63283,-7.97437],[111.63248,-7.97478],[111.63221,-7.97549],[111.632,-7.97563],[111.63172,-7.97576],[111.6311,-7.9759],[111.63049,-7.97623],[111.62972,-7.97633],[111.62939,-7.97641],[111.62879,-7.97665],[111.62821,-7.97697],[111.62805,-7.97732],[111.62758,-7.97784],[111.6274,-7.97791],[111.62717,-7.97794],[111.62693,-7.97791],[111.62695,-7.97775],[111.62672,-7.97722],[111.62619,-7.97627],[111.62523,-7.97575],[111.62435,-7.97511],[111.62424,-7.97521],[111.62377,-7.97482],[111.62304,-7.97446],[111.62291,-7.97255],[111.62274,-7.97253],[111.62266,-7.97239],[111.62164,-7.97258],[111.62164,-7.97279],[111.62159,-7.97275],[111.62134,-7.97268],[111.62052,-7.97265],[111.62031,-7.97252],[111.62014,-7.97231],[111.62005,-7.97209],[111.61993,-7.97137],[111.61982,-7.97109],[111.61957,-7.97099],[111.61916,-7.97093],[111.61884,-7.97098],[111.61832,-7.97116],[111.61774,-7.97145],[111.61758,-7.97149],[111.6175,-7.97144],[111.61749,-7.97137],[111.61735,-7.97168],[111.61719,-7.97189],[111.61696,-7.97205],[111.61675,-7.97212],[111.61581,-7.97232],[111.61571,-7.97204],[111.61556,-7.97178],[111.61538,-7.9712],[111.61586,-7.97132],[111.61619,-7.97157],[111.61633,-7.9716],[111.61658,-7.97157],[111.6174,-7.97104],[111.61756,-7.97096],[111.6177,-7.97039],[111.61781,-7.97012],[111.61807,-7.96963],[111.61774,-7.96971],[111.61707,-7.96934],[111.61692,-7.96928],[111.61591,-7.96932],[111.61564,-7.9693],[111.61478,-7.96874],[111.615,-7.96832],[111.61526,-7.96839],[111.61567,-7.96831],[111.6159,-7.96821],[111.6164,-7.96787],[111.6165,-7.96775],[111.61736,-7.96799],[111.61768,-7.96741],[111.61762,-7.96699],[111.61769,-7.96603],[111.6171,-7.96577],[111.61732,-7.96539],[111.61761,-7.96504],[111.61796,-7.96527],[111.61864,-7.96457],[111.62012,-7.9659],[111.6206,-7.96659],[111.62088,-7.96663],[111.62131,-7.96659],[111.6216,-7.96645],[111.62176,-7.96633],[111.62199,-7.96607],[111.62246,-7.9651],[111.6229,-7.96453],[111.62311,-7.96446],[111.62333,-7.96443],[111.62356,-7.96446],[111.62382,-7.96503],[111.62497,-7.96523],[111.62519,-7.96517],[111.62545,-7.96499],[111.62558,-7.96484],[111.62565,-7.96467],[111.62569,-7.96397],[111.62564,-7.96344],[111.6255,-7.96306],[111.62536,-7.96287],[111.62511,-7.96271],[111.62495,-7.96281],[111.62472,-7.96289],[111.62436,-7.96269],[111.62415,-7.96225],[111.62423,-7.96204],[111.62451,-7.96169],[111.62494,-7.96159],[111.62512,-7.96128],[111.62506,-7.96081],[111.62511,-7.96032],[111.62516,-7.96018],[111.62572,-7.96029],[111.62564,-7.96009],[111.6249,-7.95994],[111.6248,-7.96011],[111.62473,-7.96049],[111.62475,-7.96143],[111.62451,-7.96155],[111.62411,-7.96144],[111.62406,-7.96147],[111.62406,-7.96184],[111.62382,-7.96201],[111.62275,-7.96105],[111.62161,-7.96071],[111.62201,-7.95927],[111.62217,-7.95929],[111.62266,-7.95835],[111.62274,-7.95799],[111.62291,-7.95775],[111.62414,-7.9582],[111.6244,-7.95731],[111.62353,-7.95667],[111.62375,-7.95604],[111.62408,-7.95534],[111.62429,-7.95504],[111.62441,-7.95494],[111.62467,-7.95504],[111.62535,-7.95552],[111.62554,-7.95602],[111.62601,-7.95642],[111.62621,-7.95683]],[[111.62567,-7.98321],[111.62527,-7.98316],[111.62506,-7.9834],[111.62509,-7.98405],[111.62496,-7.98466],[111.62547,-7.98513],[111.62571,-7.98496],[111.62579,-7.98486],[111.62584,-7.98465],[111.62583,-7.98451],[111.62597,-7.98445],[111.62589,-7.98367],[111.62567,-7.98321]],[[111.62589,-7.98207],[111.6257,-7.98186],[111.62494,-7.98207],[111.62504,-7.9824],[111.62525,-7.98257],[111.62575,-7.98223],[111.62589,-7.98207]],[[111.62271,-7.98193],[111.62322,-7.9816],[111.62332,-7.98123],[111.62324,-7.98101],[111.62297,-7.98083],[111.62248,-7.98079],[111.62201,-7.98057],[111.62174,-7.98092],[111.62097,-7.98111],[111.62083,-7.98143],[111.62129,-7.98164],[111.62121,-7.98217],[111.62185,-7.98236],[111.62271,-7.98193]]],[[[111.62554,-7.95],[111.62554,-7.95027],[111.62549,-7.95041],[111.62574,-7.95062],[111.62576,-7.9507],[111.62574,-7.95079],[111.62563,-7.95086],[111.62553,-7.95087],[111.6254,-7.95106],[111.62542,-7.9511],[111.62561,-7.95123],[111.62581,-7.95131],[111.62597,-7.95135],[111.62617,-7.95132],[111.62625,-7.95134],[111.62632,-7.9514],[111.62642,-7.95167],[111.62628,-7.9519],[111.62633,-7.95195],[111.62632,-7.95233],[111.62606,-7.95253],[111.62607,-7.95279],[111.62612,-7.95298],[111.62607,-7.95325],[111.62581,-7.9535],[111.62572,-7.95381],[111.62574,-7.95394],[111.62586,-7.95411],[111.62583,-7.95424],[111.62576,-7.95424],[111.62573,-7.95403],[111.62555,-7.95347],[111.62521,-7.95298],[111.625,-7.95291],[111.625,-7.95282],[111.62498,-7.95278],[111.6247,-7.95268],[111.62452,-7.95265],[111.62449,-7.95273],[111.62364,-7.95285],[111.62312,-7.95267],[111.6229,-7.95256],[111.62294,-7.95229],[111.62275,-7.95208],[111.62293,-7.95183],[111.62323,-7.95151],[111.62323,-7.95135],[111.62336,-7.95107],[111.62344,-7.95096],[111.62362,-7.95101],[111.62358,-7.9512],[111.6237,-7.95127],[111.62424,-7.95143],[111.62431,-7.95117],[111.62461,-7.95114],[111.62487,-7.95097],[111.62496,-7.95067],[111.62513,-7.95038],[111.62487,-7.95027],[111.62473,-7.95034],[111.62458,-7.9506],[111.62444,-7.95068],[111.62425,-7.95074],[111.62386,-7.9508],[111.62364,-7.9508],[111.6241,-7.95057],[111.62442,-7.95033],[111.62445,-7.95014],[111.62435,-7.95006],[111.62446,-7.94994],[111.62461,-7.95008],[111.62487,-7.95013],[111.62506,-7.95001],[111.62563,-7.94982],[111.62559,-7.94998],[111.62554,-7.95]]]]}},{"type":"Feature","properties":{"REMARK":"Sawah Tadah Hujan","JNSSWH":2,"_cls":"Sawah Tadah Hujan"},"geometry":{"type":"Polygon","coordinates":[[[111.63777,-7.98676],[111.63761,-7.98729],[111.63759,-7.9871],[111.63765,-7.98659],[111.63762,-7.98603],[111.63785,-7.98611],[111.63807,-7.98632],[111.63777,-7.98676]]]}},{"type":"Feature","properties":{"REMARK":"Sawah Tadah Hujan","JNSSWH":2,"_cls":"Sawah Tadah Hujan"},"geometry":{"type":"MultiPolygon","coordinates":[[[[111.62102,-7.9557],[111.62102,-7.95571],[111.62102,-7.95571],[111.62102,-7.9557]]],[[[111.62493,-7.94831],[111.62498,-7.94842],[111.625,-7.94842],[111.625,-7.94857],[111.62515,-7.94864],[111.6252,-7.94887],[111.62517,-7.94893],[111.62518,-7.94908],[111.62527,-7.94914],[111.6254,-7.94917],[111.62556,-7.94935],[111.62563,-7.94951],[111.62542,-7.94944],[111.62515,-7.94942],[111.62463,-7.94953],[111.62463,-7.949],[111.62454,-7.94883],[111.62448,-7.9489],[111.62428,-7.949],[111.62408,-7.94951],[111.62393,-7.94973],[111.62357,-7.95002],[111.62296,-7.95065],[111.62283,-7.95086],[111.62255,-7.95155],[111.62226,-7.95149],[111.62198,-7.95149],[111.62194,-7.95156],[111.62171,-7.95164],[111.62142,-7.95183],[111.62113,-7.95163],[111.62113,-7.95122],[111.62123,-7.95057],[111.6216,-7.95063],[111.62239,-7.95048],[111.6228,-7.95036],[111.62277,-7.94998],[111.6223,-7.94995],[111.62123,-7.95001],[111.62119,-7.94956],[111.62133,-7.94917],[111.6221,-7.94915],[111.62231,-7.94894],[111.62286,-7.949],[111.62343,-7.94914],[111.62364,-7.94862],[111.62378,-7.94861],[111.62479,-7.94828],[111.62486,-7.94791],[111.62496,-7.94824],[111.62493,-7.94831]]],[[[111.61467,-7.93714],[111.61529,-7.93735],[111.61581,-7.93744],[111.61603,-7.93744],[111.61642,-7.93731],[111.61664,-7.93717],[111.61687,-7.93696],[111.61711,-7.93662],[111.61753,-7.93659],[111.61782,-7.93685],[111.61797,-7.93704],[111.61827,-7.93729],[111.61841,-7.93737],[111.61905,-7.93739],[111.6193,-7.93746],[111.61979,-7.9379],[111.6199,-7.93806],[111.62006,-7.93815],[111.62062,-7.93802],[111.62074,-7.93807],[111.62086,-7.93838],[111.62102,-7.93854],[111.62126,-7.93858],[111.62155,-7.93857],[111.62201,-7.93842],[111.62215,-7.93843],[111.62258,-7.93864],[111.62263,-7.93867],[111.62266,-7.93878],[111.62259,-7.93898],[111.62258,-7.9393],[111.62266,-7.9395],[111.62273,-7.93957],[111.62295,-7.93969],[111.62326,-7.93983],[111.62385,-7.93998],[111.62392,-7.94007],[111.62392,-7.94019],[111.62402,-7.94048],[111.62433,-7.94056],[111.62451,-7.94057],[111.62464,-7.94051],[111.62476,-7.94041],[111.62486,-7.94042],[111.62493,-7.94044],[111.62499,-7.94051],[111.62514,-7.94053],[111.62531,-7.94068],[111.62536,-7.94083],[111.62536,-7.94097],[111.62554,-7.94106],[111.62563,-7.94125],[111.62565,-7.94144],[111.62554,-7.94155],[111.62555,-7.94174],[111.62562,-7.94181],[111.62565,-7.9421],[111.62575,-7.94237],[111.62584,-7.94241],[111.62586,-7.94248],[111.62592,-7.9425],[111.62596,-7.94257],[111.626,-7.94271],[111.62599,-7.94287],[111.62589,-7.94297],[111.62587,-7.94304],[111.62566,-7.94337],[111.62562,-7.94339],[111.62543,-7.94334],[111.62532,-7.94338],[111.62533,-7.94366],[111.6253,-7.94373],[111.62523,-7.94382],[111.62493,-7.94389],[111.62494,-7.94399],[111.62503,-7.94409],[111.62492,-7.94418],[111.62471,-7.94418],[111.62457,-7.9442],[111.6245,-7.94424],[111.62447,-7.94434],[111.62447,-7.9447],[111.62429,-7.94486],[111.62419,-7.94502],[111.62423,-7.94513],[111.62441,-7.94542],[111.62459,-7.94551],[111.62476,-7.94549],[111.62482,-7.94552],[111.62485,-7.9456],[111.62483,-7.94577],[111.62478,-7.94589],[111.62486,-7.94603],[111.625,-7.94617],[111.62502,-7.94635],[111.625,-7.94653],[111.62483,-7.94674],[111.62486,-7.94684],[111.62506,-7.947],[111.62512,-7.94719],[111.62492,-7.94765],[111.625,-7.94726],[111.62487,-7.94696],[111.62447,-7.94685],[111.62412,-7.94687],[111.62394,-7.94692],[111.62387,-7.94726],[111.62359,-7.94802],[111.62339,-7.94806],[111.62342,-7.9477],[111.62371,-7.94691],[111.62327,-7.94673],[111.62307,-7.94717],[111.62294,-7.94799],[111.6232,-7.94815],[111.62308,-7.94861],[111.62257,-7.94853],[111.62252,-7.94808],[111.62209,-7.94806],[111.62208,-7.94772],[111.62184,-7.94758],[111.62152,-7.94776],[111.62156,-7.94801],[111.62202,-7.94851],[111.62144,-7.94851],[111.62086,-7.94799],[111.62057,-7.94762],[111.62087,-7.9473],[111.62067,-7.94707],[111.62039,-7.94739],[111.61943,-7.94693],[111.61911,-7.9469],[111.61888,-7.94696],[111.61723,-7.94772],[111.61703,-7.94744],[111.61687,-7.94738],[111.61645,-7.94739],[111.61607,-7.94767],[111.61554,-7.9474],[111.61587,-7.94686],[111.61586,-7.94632],[111.61574,-7.94607],[111.61539,-7.94604],[111.61472,-7.94635],[111.61414,-7.94688],[111.61386,-7.94718],[111.61396,-7.94743],[111.61389,-7.94746],[111.61308,-7.9482],[111.61284,-7.94846],[111.61277,-7.9486],[111.61271,-7.94891],[111.61277,-7.94909],[111.61325,-7.95011],[111.61324,-7.95029],[111.61293,-7.95022],[111.61263,-7.94996],[111.61257,-7.94962],[111.61251,-7.9495],[111.61232,-7.94931],[111.61228,-7.94915],[111.6119,-7.94914],[111.6117,-7.94922],[111.61135,-7.94956],[111.61115,-7.94966],[111.6108,-7.94956],[111.61063,-7.94945],[111.61015,-7.94935],[111.61063,-7.94887],[111.61103,-7.94856],[111.61119,-7.94826],[111.61152,-7.94782],[111.61227,-7.94648],[111.61228,-7.94625],[111.61215,-7.94586],[111.61229,-7.94531],[111.61226,-7.94471],[111.6121,-7.94431],[111.612,-7.94393],[111.61202,-7.94375],[111.61211,-7.94363],[111.61229,-7.94349],[111.61273,-7.94325],[111.61292,-7.94308],[111.61303,-7.94287],[111.61304,-7.94271],[111.6129,-7.94233],[111.61282,-7.94182],[111.61274,-7.94039],[111.6127,-7.94017],[111.6123,-7.93959],[111.61216,-7.93949],[111.61186,-7.93905],[111.61171,-7.93895],[111.61122,-7.93885],[111.61113,-7.93876],[111.61107,-7.93862],[111.61097,-7.93756],[111.61119,-7.9373],[111.61128,-7.93735],[111.6117,-7.93705],[111.6125,-7.93553],[111.61259,-7.93545],[111.6127,-7.93543],[111.61355,-7.93635],[111.61433,-7.93692],[111.61467,-7.93714]],[[111.61524,-7.94253],[111.6152,-7.94268],[111.61487,-7.94264],[111.61433,-7.94268],[111.61422,-7.94286],[111.61411,-7.94362],[111.6141,-7.94412],[111.61442,-7.94416],[111.61425,-7.94494],[111.61413,-7.94575],[111.61426,-7.94581],[111.61447,-7.94553],[111.61453,-7.94507],[111.61469,-7.9443],[111.61488,-7.94417],[111.61588,-7.94375],[111.61633,-7.94352],[111.61656,-7.94336],[111.61662,-7.94305],[111.61678,-7.94293],[111.61684,-7.94249],[111.61662,-7.94238],[111.61628,-7.94228],[111.61581,-7.94224],[111.61566,-7.94218],[111.61558,-7.94126],[111.61515,-7.94133],[111.61508,-7.94152],[111.61491,-7.9424],[111.61524,-7.94253]],[[111.62249,-7.94163],[111.62224,-7.94174],[111.62196,-7.94315],[111.62227,-7.94332],[111.62265,-7.94335],[111.62293,-7.94307],[111.62332,-7.94257],[111.62349,-7.94232],[111.62362,-7.94219],[111.62364,-7.94209],[111.62268,-7.94168],[111.62249,-7.94163]],[[111.62168,-7.94197],[111.62174,-7.94166],[111.62133,-7.94175],[111.62127,-7.94246],[111.62132,-7.94308],[111.62139,-7.94332],[111.62163,-7.94343],[111.6218,-7.9431],[111.62171,-7.94308],[111.62168,-7.94197]],[[111.6172,-7.94355],[111.61725,-7.944],[111.61751,-7.94409],[111.61748,-7.94416],[111.61753,-7.94446],[111.61683,-7.94446],[111.61678,-7.944],[111.6163,-7.94406],[111.61615,-7.94464],[111.61613,-7.94487],[111.61623,-7.94487],[111.61624,-7.94496],[111.61611,-7.94567],[111.61612,-7.94587],[111.61624,-7.94628],[111.61647,-7.94646],[111.61674,-7.94661],[111.61698,-7.94642],[111.61754,-7.94607],[111.61774,-7.94519],[111.6187,-7.94517],[111.61875,-7.94489],[111.61949,-7.94487],[111.61971,-7.94462],[111.6198,-7.94437],[111.61937,-7.94418],[111.61897,-7.94412],[111.61847,-7.94418],[111.61805,-7.94419],[111.61792,-7.94359],[111.6172,-7.94355]],[[111.6219,-7.94646],[111.62214,-7.94674],[111.62205,-7.94713],[111.62238,-7.94712],[111.62295,-7.94635],[111.62303,-7.94612],[111.62266,-7.94614],[111.62242,-7.94625],[111.62197,-7.94627],[111.6219,-7.94646]]]]}},{"type":"Feature","properties":{"REMARK":"Sawah Tadah Hujan","JNSSWH":2,"_cls":"Sawah Tadah Hujan"},"geometry":{"type":"MultiPolygon","coordinates":[[[[111.53935,-7.9359],[111.53975,-7.9364],[111.53987,-7.93638],[111.53999,-7.93618],[111.53993,-7.93598],[111.53996,-7.93589],[111.54013,-7.93586],[111.54024,-7.93567],[111.54035,-7.9358],[111.54065,-7.93582],[111.54062,-7.93589],[111.5404,-7.93598],[111.54067,-7.93616],[111.54088,-7.93678],[111.53885,-7.93706],[111.53816,-7.9373],[111.53819,-7.93757],[111.53715,-7.93763],[111.53711,-7.93794],[111.53527,-7.93829],[111.53384,-7.93868],[111.53387,-7.93908],[111.53321,-7.93913],[111.53323,-7.93899],[111.53313,-7.93859],[111.53313,-7.93844],[111.53321,-7.93838],[111.53336,-7.93836],[111.53356,-7.93839],[111.53371,-7.93834],[111.53388,-7.93812],[111.53399,-7.93773],[111.53413,-7.93748],[111.5342,-7.93722],[111.53429,-7.9371],[111.53451,-7.93694],[111.53464,-7.93693],[111.53471,-7.93696],[111.53485,-7.93724],[111.53507,-7.93746],[111.5352,-7.93743],[111.53537,-7.93727],[111.53541,-7.93718],[111.53548,-7.93716],[111.53556,-7.93716],[111.53574,-7.93739],[111.53594,-7.93754],[111.53611,-7.93759],[111.53625,-7.93758],[111.53643,-7.9375],[111.5365,-7.93743],[111.53663,-7.9371],[111.53666,-7.93692],[111.53672,-7.93683],[111.5368,-7.9368],[111.53704,-7.93692],[111.53715,-7.93692],[111.53733,-7.93673],[111.53744,-7.93649],[111.53763,-7.93633],[111.53766,-7.93622],[111.5377,-7.9362],[111.53803,-7.93625],[111.53823,-7.93607],[111.53841,-7.93601],[111.53864,-7.93575],[111.53891,-7.93553],[111.53917,-7.93563],[111.53928,-7.93574],[111.53935,-7.9359]]],[[[111.54124,-7.93503],[111.54149,-7.93502],[111.54153,-7.93513],[111.54163,-7.93528],[111.5417,-7.93528],[111.54176,-7.93523],[111.54173,-7.93531],[111.54162,-7.93535],[111.5415,-7.93533],[111.54118,-7.93511],[111.54108,-7.93514],[111.54092,-7.93529],[111.5409,-7.93515],[111.54096,-7.93502],[111.54102,-7.93498],[111.54111,-7.93495],[111.54124,-7.93503]]],[[[111.54476,-7.93404],[111.5447,-7.93407],[111.54479,-7.934],[111.54476,-7.93404]]],[[[111.54351,-7.93397],[111.544,-7.93428],[111.54318,-7.93398],[111.54292,-7.934],[111.54267,-7.93407],[111.54242,-7.9342],[111.54218,-7.9344],[111.54199,-7.93469],[111.54194,-7.93482],[111.54192,-7.93478],[111.54192,-7.93456],[111.54195,-7.93442],[111.54202,-7.93432],[111.54272,-7.93386],[111.54288,-7.93379],[111.54316,-7.93378],[111.54332,-7.93386],[111.5434,-7.93393],[111.54351,-7.93397]]],[[[111.54514,-7.93362],[111.54496,-7.93381],[111.54502,-7.93367],[111.54514,-7.93362]]],[[[111.55805,-7.92569],[111.55827,-7.92568],[111.55811,-7.92574],[111.55744,-7.92577],[111.55715,-7.92597],[111.55663,-7.92644],[111.55638,-7.92686],[111.55617,-7.9271],[111.55706,-7.92743],[111.5572,-7.92744],[111.55766,-7.92717],[111.55807,-7.92703],[111.55826,-7.92703],[111.55844,-7.92709],[111.55861,-7.92722],[111.559,-7.92782],[111.55937,-7.92807],[111.55933,-7.92821],[111.55941,-7.92853],[111.55958,-7.92881],[111.56011,-7.92947],[111.5603,-7.92998],[111.56,-7.93048],[111.55977,-7.93063],[111.55959,-7.93068],[111.55861,-7.93056],[111.55757,-7.93019],[111.55698,-7.9301],[111.55674,-7.93011],[111.55673,-7.9305],[111.55676,-7.93093],[111.5569,-7.93198],[111.55725,-7.9333],[111.5575,-7.93408],[111.556,-7.93441],[111.55526,-7.9344],[111.55453,-7.93467],[111.55436,-7.93464],[111.55381,-7.93442],[111.55328,-7.93459],[111.55312,-7.93455],[111.5528,-7.93438],[111.55249,-7.93413],[111.55168,-7.93328],[111.5514,-7.93315],[111.55119,-7.93314],[111.55042,-7.9333],[111.55013,-7.93331],[111.54999,-7.93326],[111.5498,-7.93305],[111.5493,-7.93236],[111.54908,-7.93232],[111.54832,-7.93205],[111.54813,-7.93206],[111.54793,-7.93214],[111.54752,-7.93291],[111.54732,-7.93303],[111.54643,-7.93305],[111.54602,-7.93292],[111.54585,-7.93295],[111.54567,-7.93306],[111.54545,-7.93327],[111.54551,-7.93315],[111.54563,-7.93309],[111.54576,-7.93282],[111.54586,-7.93275],[111.5461,-7.93271],[111.54657,-7.93294],[111.5467,-7.93292],[111.54694,-7.93276],[111.54699,-7.93276],[111.54709,-7.93287],[111.54717,-7.9329],[111.5474,-7.93288],[111.54764,-7.9326],[111.54764,-7.93249],[111.54788,-7.9321],[111.54795,-7.93188],[111.548,-7.93186],[111.5481,-7.93185],[111.54851,-7.932],[111.54881,-7.932],[111.5493,-7.93226],[111.54944,-7.93228],[111.54959,-7.93214],[111.54974,-7.93186],[111.54989,-7.93178],[111.55015,-7.93177],[111.55024,-7.93181],[111.55053,-7.9318],[111.55071,-7.93175],[111.55082,-7.93165],[111.55091,-7.9315],[111.55091,-7.93141],[111.55103,-7.93112],[111.55105,-7.93101],[111.55103,-7.93091],[111.55098,-7.93083],[111.55081,-7.93075],[111.55044,-7.93047],[111.55033,-7.93024],[111.55037,-7.92992],[111.55061,-7.92953],[111.55072,-7.92929],[111.55077,-7.9291],[111.55079,-7.92854],[111.55099,-7.92854],[111.55153,-7.92877],[111.55161,-7.92877],[111.55177,-7.92862],[111.55178,-7.92845],[111.55173,-7.92839],[111.55159,-7.92831],[111.55147,-7.92818],[111.55143,-7.928],[111.55154,-7.92785],[111.55164,-7.92781],[111.55179,-7.9279],[111.55196,-7.92791],[111.55214,-7.92742],[111.55214,-7.92726],[111.55202,-7.92706],[111.55191,-7.92701],[111.55182,-7.92692],[111.55177,-7.92678],[111.55179,-7.9266],[111.55192,-7.9264],[111.55218,-7.92617],[111.55248,-7.92619],[111.55306,-7.92634],[111.55345,-7.92635],[111.55375,-7.9263],[111.55427,-7.92613],[111.55469,-7.92611],[111.55492,-7.92628],[111.55505,-7.92648],[111.55514,-7.92686],[111.55524,-7.92707],[111.55534,-7.92713],[111.55563,-7.92715],[111.55578,-7.92713],[111.55601,-7.92704],[111.55631,-7.92682],[111.55643,-7.9267],[111.55665,-7.92628],[111.55681,-7.92605],[111.5569,-7.92596],[111.5573,-7.9258],[111.5575,-7.92562],[111.55762,-7.92556],[111.55775,-7.92557],[111.55805,-7.92569]],[[111.55253,-7.92734],[111.55248,-7.9281],[111.553,-7.9281],[111.55302,-7.92846],[111.55338,-7.92849],[111.55431,-7.92842],[111.55428,-7.92812],[111.55612,-7.92824],[111.55616,-7.92769],[111.5549,-7.92756],[111.55489,-7.92738],[111.55394,-7.92732],[111.55253,-7.92734]],[[111.55111,-7.92944],[111.55121,-7.93043],[111.55186,-7.9304],[111.55243,-7.92965],[111.55252,-7.92894],[111.55242,-7.92894],[111.55242,-7.92882],[111.55136,-7.92897],[111.55111,-7.92944]],[[111.55294,-7.92931],[111.55301,-7.92979],[111.55406,-7.92978],[111.55412,-7.93027],[111.55268,-7.93063],[111.55253,-7.93073],[111.55228,-7.93164],[111.55118,-7.93183],[111.55135,-7.93221],[111.55167,-7.9322],[111.55172,-7.93247],[111.55304,-7.93243],[111.55304,-7.9328],[111.55298,-7.93295],[111.55342,-7.93298],[111.55352,-7.93246],[111.55331,-7.93241],[111.55335,-7.93188],[111.55415,-7.93137],[111.55467,-7.93115],[111.55527,-7.93095],[111.55524,-7.93073],[111.55466,-7.93044],[111.55447,-7.92957],[111.55439,-7.92902],[111.55294,-7.92931]],[[111.55391,-7.93254],[111.55394,-7.93322],[111.55523,-7.93307],[111.55564,-7.93371],[111.55633,-7.93364],[111.55614,-7.93246],[111.5566,-7.93217],[111.55658,-7.93194],[111.55584,-7.93214],[111.55554,-7.93157],[111.55497,-7.93168],[111.55403,-7.93197],[111.55387,-7.93217],[111.55391,-7.93254]]],[[[111.56443,-7.92398],[111.56498,-7.92417],[111.56505,-7.92412],[111.56498,-7.92421],[111.56485,-7.92425],[111.56426,-7.92412],[111.56416,-7.92418],[111.56373,-7.92467],[111.56248,-7.92538],[111.56227,-7.92537],[111.56181,-7.92526],[111.56163,-7.92531],[111.56143,-7.92554],[111.56118,-7.92574],[111.56102,-7.92578],[111.56072,-7.92578],[111.55928,-7.92511],[111.55892,-7.92508],[111.55879,-7.92514],[111.55852,-7.92542],[111.55867,-7.92518],[111.55896,-7.92496],[111.55921,-7.92494],[111.55941,-7.92497],[111.55983,-7.92515],[111.56026,-7.92547],[111.56062,-7.92568],[111.56105,-7.92572],[111.56123,-7.92567],[111.56135,-7.92557],[111.56164,-7.92519],[111.56195,-7.92519],[111.56225,-7.92528],[111.56236,-7.92529],[111.56282,-7.92514],[111.56299,-7.92498],[111.56311,-7.92474],[111.56325,-7.92464],[111.56344,-7.92458],[111.56378,-7.92452],[111.56386,-7.92447],[111.56413,-7.92407],[111.56426,-7.92397],[111.56443,-7.92398]]],[[[111.56621,-7.92361],[111.56617,-7.92369],[111.56608,-7.92373],[111.56582,-7.92375],[111.56544,-7.92384],[111.56524,-7.92379],[111.56506,-7.9238],[111.56503,-7.92386],[111.56501,-7.92381],[111.56506,-7.92374],[111.56516,-7.9237],[111.56558,-7.92379],[111.56579,-7.92365],[111.56609,-7.92366],[111.56621,-7.92361]]],[[[111.57185,-7.91841],[111.57188,-7.91851],[111.57178,-7.91848],[111.57166,-7.91851],[111.57089,-7.91883],[111.57078,-7.91897],[111.57066,-7.91955],[111.57048,-7.91988],[111.57049,-7.91977],[111.5707,-7.91931],[111.57066,-7.91906],[111.57082,-7.91877],[111.57091,-7.91871],[111.57128,-7.91858],[111.57154,-7.91843],[111.57175,-7.9184],[111.57185,-7.91841]]]]}},{"type":"Feature","properties":{"REMARK":"Sawah","JNSSWH":999,"_cls":"Sawah"},"geometry":{"type":"Polygon","coordinates":[[[111.52245,-7.9633],[111.52346,-7.96335],[111.52501,-7.96351],[111.52578,-7.96365],[111.527,-7.96378],[111.52722,-7.96388],[111.52728,-7.96428],[111.52739,-7.96434],[111.52763,-7.96457],[111.52782,-7.96463],[111.52829,-7.96459],[111.52842,-7.96464],[111.52861,-7.96482],[111.52881,-7.96481],[111.52903,-7.96485],[111.52913,-7.96481],[111.52926,-7.96454],[111.52939,-7.96451],[111.5296,-7.9647],[111.52967,-7.96491],[111.52978,-7.96493],[111.53009,-7.9649],[111.53027,-7.96518],[111.53042,-7.96531],[111.53059,-7.96529],[111.53058,-7.96503],[111.5307,-7.96497],[111.53077,-7.96489],[111.53082,-7.9664],[111.53089,-7.96641],[111.5309,-7.96636],[111.53125,-7.96641],[111.53185,-7.96644],[111.53192,-7.96659],[111.53192,-7.96678],[111.53233,-7.96683],[111.53216,-7.9681],[111.5322,-7.96874],[111.53246,-7.96882],[111.53265,-7.96998],[111.53297,-7.97003],[111.53291,-7.96952],[111.53378,-7.9696],[111.5349,-7.96992],[111.53506,-7.96958],[111.53549,-7.96967],[111.53544,-7.97074],[111.53358,-7.97104],[111.53361,-7.97177],[111.53436,-7.97167],[111.53438,-7.97239],[111.53209,-7.97241],[111.53075,-7.97239],[111.53062,-7.97164],[111.53024,-7.97161],[111.53017,-7.97114],[111.52953,-7.97101],[111.52953,-7.97087],[111.52948,-7.97086],[111.52945,-7.96873],[111.52834,-7.96881],[111.52841,-7.96958],[111.52846,-7.97084],[111.52803,-7.97087],[111.52307,-7.97103],[111.523,-7.97043],[111.52301,-7.97019],[111.52296,-7.96966],[111.52291,-7.96807],[111.52182,-7.96818],[111.52158,-7.96831],[111.52148,-7.96669],[111.52144,-7.96664],[111.52134,-7.96662],[111.52131,-7.96658],[111.52127,-7.96611],[111.51877,-7.96601],[111.5188,-7.96352],[111.52011,-7.96337],[111.5204,-7.96326],[111.52166,-7.96334],[111.52172,-7.9632],[111.52245,-7.9633]],[[111.52967,-7.96754],[111.52969,-7.96905],[111.52975,-7.96933],[111.53017,-7.96936],[111.53093,-7.96932],[111.53091,-7.96807],[111.53078,-7.96806],[111.53018,-7.96764],[111.5299,-7.96756],[111.52967,-7.96754]],[[111.53226,-7.97094],[111.53242,-7.97188],[111.53321,-7.97181],[111.5332,-7.97137],[111.53315,-7.97086],[111.53226,-7.97094]]]}}]}