{"type":"FeatureCollection","features":[{"type":"Feature","properties":{"KODE":4,"KELAS":4,"NAMA":"15-30 menit","LUAS_HA":0.006,"_cls":"15-30 menit"},"geometry":{"type":"Polygon","coordinates":[[[111.57751,-7.92915],[111.5774,-7.92912],[111.57748,-7.92905],[111.57751,-7.92915]]]}},{"type":"Feature","properties":{"KODE":4,"KELAS":4,"NAMA":"15-30 menit","LUAS_HA":2.886,"_cls":"15-30 menit"},"geometry":{"type":"Polygon","coordinates":[[[111.57751,-7.92915],[111.57764,-7.9291],[111.57805,-7.92914],[111.57945,-7.92902],[111.58,-7.92949],[111.58005,-7.93016],[111.57935,-7.93055],[111.57854,-7.9301],[111.57791,-7.92965],[111.57751,-7.92915]]]}},{"type":"Feature","properties":{"KODE":4,"KELAS":4,"NAMA":"15-30 menit","LUAS_HA":0.006,"_cls":"15-30 menit"},"geometry":{"type":"Polygon","coordinates":[[[111.57633,-7.93187],[111.57637,-7.93176],[111.57644,-7.93184],[111.57633,-7.93187]]]}},{"type":"Feature","properties":{"KODE":4,"KELAS":4,"NAMA":"15-30 menit","LUAS_HA":0.006,"_cls":"15-30 menit"},"geometry":{"type":"Polygon","coordinates":[[[111.61554,-7.94222],[111.61557,-7.9421],[111.61565,-7.94218],[111.61554,-7.94222]]]}},{"type":"Feature","properties":{"KODE":5,"KELAS":5,"NAMA":"> 30 menit","LUAS_HA":0.568,"_cls":"> 30 menit"},"geometry":{"type":"Polygon","coordinates":[[[111.61564,-7.94583],[111.61502,-7.94564],[111.61514,-7.94498],[111.61512,-7.9448],[111.61534,-7.94488],[111.61578,-7.94515],[111.61561,-7.94545],[111.61559,-7.94561],[111.61564,-7.94583]]]}},{"type":"Feature","properties":{"KODE":3,"KELAS":3,"NAMA":"10-15 menit","LUAS_HA":1.255,"_cls":"10-15 menit"},"geometry":{"type":"Polygon","coordinates":[[[111.57372,-7.94725],[111.57349,-7.94712],[111.57333,-7.94692],[111.5727,-7.94665],[111.57264,-7.94623],[111.57279,-7.94587],[111.57326,-7.94582],[111.57355,-7.94604],[111.57378,-7.94659],[111.57372,-7.94725]]]}},{"type":"Feature","properties":{"KODE":3,"KELAS":3,"NAMA":"10-15 menit","LUAS_HA":0.006,"_cls":"10-15 menit"},"geometry":{"type":"Polygon","coordinates":[[[111.55413,-7.94746],[111.55402,-7.94742],[111.5541,-7.94735],[111.55413,-7.94746]]]}},{"type":"Feature","properties":{"KODE":3,"KELAS":3,"NAMA":"10-15 menit","LUAS_HA":0.955,"_cls":"10-15 menit"},"geometry":{"type":"Polygon","coordinates":[[[111.55413,-7.94746],[111.55426,-7.94741],[111.55472,-7.94733],[111.55533,-7.94715],[111.55561,-7.94737],[111.55566,-7.94771],[111.55548,-7.94794],[111.55514,-7.94799],[111.55423,-7.94759],[111.55413,-7.94746]]]}},{"type":"Feature","properties":{"KODE":4,"KELAS":4,"NAMA":"15-30 menit","LUAS_HA":0.044,"_cls":"15-30 menit"},"geometry":{"type":"Polygon","coordinates":[[[111.60013,-7.95038],[111.59982,-7.95017],[111.60006,-7.9501],[111.60013,-7.95038]]]}},{"type":"Feature","properties":{"KODE":3,"KELAS":3,"NAMA":"10-15 menit","LUAS_HA":0.01,"_cls":"10-15 menit"},"geometry":{"type":"Polygon","coordinates":[[[111.55713,-7.95098],[111.55713,-7.95089],[111.55722,-7.95089],[111.55722,-7.95098],[111.55713,-7.95098]]]}},{"type":"Feature","properties":{"KODE":3,"KELAS":3,"NAMA":"10-15 menit","LUAS_HA":4.154,"_cls":"10-15 menit"},"geometry":{"type":"Polygon","coordinates":[[[111.55722,-7.95089],[111.55715,-7.95071],[111.55744,-7.95012],[111.55753,-7.95003],[111.55839,-7.9487],[111.5588,-7.94831],[111.55891,-7.94796],[111.55948,-7.94793],[111.55997,-7.94816],[111.55999,-7.94864],[111.55978,-7.94907],[111.55889,-7.94994],[111.55842,-7.95013],[111.55765,-7.95065],[111.55722,-7.95089]]]}},{"type":"Feature","properties":{"KODE":3,"KELAS":3,"NAMA":"10-15 menit","LUAS_HA":0.006,"_cls":"10-15 menit"},"geometry":{"type":"Polygon","coordinates":[[[111.55713,-7.95098],[111.55709,-7.95109],[111.55702,-7.95101],[111.55713,-7.95098]]]}},{"type":"Feature","properties":{"KODE":2,"KELAS":2,"NAMA":"5-10 menit","LUAS_HA":0.006,"_cls":"5-10 menit"},"geometry":{"type":"Polygon","coordinates":[[[111.53698,-7.9511],[111.53709,-7.95113],[111.53701,-7.9512],[111.53698,-7.9511]]]}},{"type":"Feature","properties":{"KODE":3,"KELAS":3,"NAMA":"10-15 menit","LUAS_HA":0.013,"_cls":"10-15 menit"},"geometry":{"type":"Polygon","coordinates":[[[111.53762,-7.95263],[111.53783,-7.95267],[111.53767,-7.95275],[111.53762,-7.95263]]]}},{"type":"Feature","properties":{"KODE":4,"KELAS":4,"NAMA":"15-30 menit","LUAS_HA":0.006,"_cls":"15-30 menit"},"geometry":{"type":"Polygon","coordinates":[[[111.55667,-7.95342],[111.55664,-7.95353],[111.55657,-7.95345],[111.55667,-7.95342]]]}},{"type":"Feature","properties":{"KODE":3,"KELAS":3,"NAMA":"10-15 menit","LUAS_HA":0.374,"_cls":"10-15 menit"},"geometry":{"type":"Polygon","coordinates":[[[111.54461,-7.95588],[111.54424,-7.95582],[111.544,-7.95476],[111.54434,-7.955],[111.54461,-7.95588]]]}},{"type":"Feature","properties":{"KODE":4,"KELAS":4,"NAMA":"15-30 menit","LUAS_HA":0.334,"_cls":"15-30 menit"},"geometry":{"type":"Polygon","coordinates":[[[111.55514,-7.95587],[111.55418,-7.95542],[111.5545,-7.95505],[111.55509,-7.95573],[111.55514,-7.95587]]]}},{"type":"Feature","properties":{"KODE":4,"KELAS":4,"NAMA":"15-30 menit","LUAS_HA":4.657,"_cls":"15-30 menit"},"geometry":{"type":"Polygon","coordinates":[[[111.56231,-7.95911],[111.56135,-7.95896],[111.56065,-7.959],[111.56036,-7.95848],[111.56044,-7.95835],[111.56088,-7.95824],[111.56241,-7.95755],[111.56299,-7.95744],[111.56367,-7.9572],[111.56396,-7.95773],[111.56362,-7.95845],[111.56241,-7.959],[111.56231,-7.95911]]]}},{"type":"Feature","properties":{"KODE":4,"KELAS":4,"NAMA":"15-30 menit","LUAS_HA":2.358,"_cls":"15-30 menit"},"geometry":{"type":"Polygon","coordinates":[[[111.6319,-7.95947],[111.63158,-7.95943],[111.63096,-7.95919],[111.63031,-7.95934],[111.62998,-7.95936],[111.62923,-7.95922],[111.62877,-7.95926],[111.62889,-7.9591],[111.6295,-7.95889],[111.62973,-7.95875],[111.63032,-7.95888],[111.63069,-7.95902],[111.63086,-7.95889],[111.63097,-7.95861],[111.63124,-7.95826],[111.6316,-7.95821],[111.63221,-7.95838],[111.63211,-7.95856],[111.63191,-7.95872],[111.63206,-7.95911],[111.6319,-7.95947]]]}},{"type":"Feature","properties":{"KODE":4,"KELAS":4,"NAMA":"15-30 menit","LUAS_HA":0.006,"_cls":"15-30 menit"},"geometry":{"type":"Polygon","coordinates":[[[111.59942,-7.9597],[111.59939,-7.95981],[111.59931,-7.95973],[111.59942,-7.9597]]]}},{"type":"Feature","properties":{"KODE":3,"KELAS":3,"NAMA":"10-15 menit","LUAS_HA":0.006,"_cls":"10-15 menit"},"geometry":{"type":"Polygon","coordinates":[[[111.58027,-7.96063],[111.58024,-7.96074],[111.58017,-7.96066],[111.58027,-7.96063]]]}},{"type":"Feature","properties":{"KODE":2,"KELAS":2,"NAMA":"5-10 menit","LUAS_HA":0.006,"_cls":"5-10 menit"},"geometry":{"type":"Polygon","coordinates":[[[111.54798,-7.96257],[111.54794,-7.96268],[111.54787,-7.9626],[111.54798,-7.96257]]]}},{"type":"Feature","properties":{"KODE":5,"KELAS":5,"NAMA":"> 30 menit","LUAS_HA":0.006,"_cls":"> 30 menit"},"geometry":{"type":"Polygon","coordinates":[[[111.60759,-7.96393],[111.60748,-7.9639],[111.60756,-7.96383],[111.60759,-7.96393]]]}},{"type":"Feature","properties":{"KODE":5,"KELAS":5,"NAMA":"> 30 menit","LUAS_HA":0.151,"_cls":"> 30 menit"},"geometry":{"type":"Polygon","coordinates":[[[111.60759,-7.96393],[111.60775,-7.96396],[111.60789,-7.96409],[111.60811,-7.96414],[111.60813,-7.96421],[111.60798,-7.96424],[111.60782,-7.96437],[111.60762,-7.96427],[111.60759,-7.96393]]]}},{"type":"Feature","properties":{"KODE":3,"KELAS":3,"NAMA":"10-15 menit","LUAS_HA":7.772,"_cls":"10-15 menit"},"geometry":{"type":"Polygon","coordinates":[[[111.57774,-7.96533],[111.57625,-7.96486],[111.57578,-7.96365],[111.57611,-7.9629],[111.57628,-7.96271],[111.57662,-7.96241],[111.57697,-7.96186],[111.57707,-7.96163],[111.57778,-7.9608],[111.5782,-7.96104],[111.57878,-7.96114],[111.57842,-7.96149],[111.57808,-7.96165],[111.57784,-7.96198],[111.57762,-7.96258],[111.57786,-7.96286],[111.57816,-7.96311],[111.57806,-7.96375],[111.57788,-7.96408],[111.57767,-7.9649],[111.57774,-7.96533]]]}},{"type":"Feature","properties":{"KODE":3,"KELAS":3,"NAMA":"10-15 menit","LUAS_HA":0.006,"_cls":"10-15 menit"},"geometry":{"type":"Polygon","coordinates":[[[111.60079,-7.9653],[111.60075,-7.96541],[111.60068,-7.96533],[111.60079,-7.9653]]]}},{"type":"Feature","properties":{"KODE":3,"KELAS":3,"NAMA":"10-15 menit","LUAS_HA":15.608,"_cls":"10-15 menit"},"geometry":{"type":"Polygon","coordinates":[[[111.60079,-7.9653],[111.60093,-7.96491],[111.60091,-7.96465],[111.6012,-7.96425],[111.6019,-7.96393],[111.60221,-7.96358],[111.60263,-7.96335],[111.60317,-7.96338],[111.60344,-7.96308],[111.60371,-7.96309],[111.60383,-7.96299],[111.60419,-7.96143],[111.6045,-7.96115],[111.60469,-7.96014],[111.60493,-7.95987],[111.60563,-7.95928],[111.60583,-7.95918],[111.60615,-7.95883],[111.60641,-7.95881],[111.60727,-7.95922],[111.60759,-7.95981],[111.60782,-7.96029],[111.60817,-7.96061],[111.60775,-7.96108],[111.60736,-7.96126],[111.60695,-7.96155],[111.60609,-7.9619],[111.60582,-7.96199],[111.60546,-7.96227],[111.6051,-7.96243],[111.60476,-7.96276],[111.60455,-7.96308],[111.60435,-7.96326],[111.60438,-7.96363],[111.60406,-7.96425],[111.603,-7.96452],[111.60256,-7.96454],[111.60205,-7.96451],[111.60147,-7.96499],[111.60118,-7.96508],[111.60093,-7.96535],[111.60079,-7.9653]]]}},{"type":"Feature","properties":{"KODE":1,"KELAS":1,"NAMA":"0-5 menit","LUAS_HA":0.006,"_cls":"0-5 menit"},"geometry":{"type":"Polygon","coordinates":[[[111.54672,-7.96908],[111.5466,-7.96905],[111.54668,-7.96898],[111.54672,-7.96908]]]}},{"type":"Feature","properties":{"KODE":5,"KELAS":5,"NAMA":"> 30 menit","LUAS_HA":1.056,"_cls":"> 30 menit"},"geometry":{"type":"Polygon","coordinates":[[[111.61277,-7.96999],[111.61216,-7.96995],[111.61189,-7.96936],[111.61163,-7.96913],[111.61155,-7.96886],[111.61119,-7.96835],[111.61115,-7.96789],[111.61163,-7.96875],[111.61208,-7.969],[111.61252,-7.9692],[111.61269,-7.96949],[111.61273,-7.96994],[111.61277,-7.96999]]]}},{"type":"Feature","properties":{"KODE":2,"KELAS":2,"NAMA":"5-10 menit","LUAS_HA":0.977,"_cls":"5-10 menit"},"geometry":{"type":"Polygon","coordinates":[[[111.55098,-7.97026],[111.5507,-7.9702],[111.55057,-7.96985],[111.55056,-7.96906],[111.55066,-7.96884],[111.55156,-7.9694],[111.55093,-7.97012],[111.55098,-7.97026]]]}},{"type":"Feature","properties":{"KODE":1,"KELAS":1,"NAMA":"0-5 menit","LUAS_HA":3.59,"_cls":"0-5 menit"},"geometry":{"type":"Polygon","coordinates":[[[111.54599,-7.97108],[111.54541,-7.97102],[111.54515,-7.97079],[111.54495,-7.97026],[111.54525,-7.9697],[111.54582,-7.96954],[111.54821,-7.97025],[111.54802,-7.97041],[111.54658,-7.97085],[111.54603,-7.97103],[111.54599,-7.97108]]]}},{"type":"Feature","properties":{"KODE":4,"KELAS":4,"NAMA":"15-30 menit","LUAS_HA":0.014,"_cls":"15-30 menit"},"geometry":{"type":"Polygon","coordinates":[[[111.55498,-7.97197],[111.55503,-7.97185],[111.55518,-7.97193],[111.55498,-7.97197]]]}},{"type":"Feature","properties":{"KODE":4,"KELAS":4,"NAMA":"15-30 menit","LUAS_HA":2.12,"_cls":"15-30 menit"},"geometry":{"type":"Polygon","coordinates":[[[111.63873,-7.97447],[111.6385,-7.97434],[111.63814,-7.9739],[111.63708,-7.97377],[111.63686,-7.97342],[111.63651,-7.97316],[111.63596,-7.97285],[111.63619,-7.97278],[111.63682,-7.97291],[111.63698,-7.97312],[111.63759,-7.97335],[111.63809,-7.97331],[111.63872,-7.97349],[111.63931,-7.97396],[111.63913,-7.97427],[111.63877,-7.97442],[111.63873,-7.97447]]]}},{"type":"Feature","properties":{"KODE":3,"KELAS":3,"NAMA":"10-15 menit","LUAS_HA":2.563,"_cls":"10-15 menit"},"geometry":{"type":"Polygon","coordinates":[[[111.54482,-7.97533],[111.54459,-7.97528],[111.54441,-7.9753],[111.54391,-7.97523],[111.54333,-7.97532],[111.54329,-7.97501],[111.54342,-7.97456],[111.54333,-7.97395],[111.5435,-7.97392],[111.54422,-7.9742],[111.54549,-7.97464],[111.5454,-7.97518],[111.54486,-7.97528],[111.54482,-7.97533]]]}},{"type":"Feature","properties":{"KODE":4,"KELAS":4,"NAMA":"15-30 menit","LUAS_HA":0.006,"_cls":"15-30 menit"},"geometry":{"type":"Polygon","coordinates":[[[111.59309,-7.97571],[111.59306,-7.97583],[111.59298,-7.97575],[111.59309,-7.97571]]]}},{"type":"Feature","properties":{"KODE":2,"KELAS":2,"NAMA":"5-10 menit","LUAS_HA":0.006,"_cls":"5-10 menit"},"geometry":{"type":"Polygon","coordinates":[[[111.53048,-7.97688],[111.53037,-7.97685],[111.53045,-7.97678],[111.53048,-7.97688]]]}},{"type":"Feature","properties":{"KODE":2,"KELAS":2,"NAMA":"5-10 menit","LUAS_HA":0.449,"_cls":"5-10 menit"},"geometry":{"type":"Polygon","coordinates":[[[111.53048,-7.97688],[111.53068,-7.97702],[111.53082,-7.9776],[111.53068,-7.97781],[111.53049,-7.97785],[111.53028,-7.97771],[111.53025,-7.97756],[111.53034,-7.97719],[111.53048,-7.97688]]]}},{"type":"Feature","properties":{"KODE":2,"KELAS":2,"NAMA":"5-10 menit","LUAS_HA":0.322,"_cls":"5-10 menit"},"geometry":{"type":"Polygon","coordinates":[[[111.53883,-7.97787],[111.53843,-7.9778],[111.53859,-7.97711],[111.53877,-7.97708],[111.53893,-7.97762],[111.53883,-7.97787]]]}},{"type":"Feature","properties":{"KODE":4,"KELAS":4,"NAMA":"15-30 menit","LUAS_HA":0.006,"_cls":"15-30 menit"},"geometry":{"type":"Polygon","coordinates":[[[111.59164,-7.97816],[111.59153,-7.97813],[111.59161,-7.97805],[111.59164,-7.97816]]]}},{"type":"Feature","properties":{"KODE":2,"KELAS":2,"NAMA":"5-10 menit","LUAS_HA":1.473,"_cls":"5-10 menit"},"geometry":{"type":"Polygon","coordinates":[[[111.53974,-7.97832],[111.53908,-7.97823],[111.53904,-7.97769],[111.53918,-7.97738],[111.53972,-7.97735],[111.54105,-7.97782],[111.53978,-7.97827],[111.53974,-7.97832]]]}},{"type":"Feature","properties":{"KODE":2,"KELAS":2,"NAMA":"5-10 menit","LUAS_HA":0.006,"_cls":"5-10 menit"},"geometry":{"type":"Polygon","coordinates":[[[111.53666,-7.97896],[111.53677,-7.97899],[111.53669,-7.97906],[111.53666,-7.97896]]]}},{"type":"Feature","properties":{"KODE":5,"KELAS":5,"NAMA":"> 30 menit","LUAS_HA":0.006,"_cls":"> 30 menit"},"geometry":{"type":"Polygon","coordinates":[[[111.6126,-7.9793],[111.61257,-7.97942],[111.6125,-7.97934],[111.6126,-7.9793]]]}},{"type":"Feature","properties":{"KODE":5,"KELAS":5,"NAMA":"> 30 menit","LUAS_HA":99.697,"_cls":"> 30 menit"},"geometry":{"type":"Polygon","coordinates":[[[111.6126,-7.9793],[111.61253,-7.97908],[111.61201,-7.97935],[111.61183,-7.97962],[111.61122,-7.97942],[111.61153,-7.97912],[111.61165,-7.97863],[111.612,-7.97827],[111.61223,-7.97816],[111.61255,-7.97772],[111.61283,-7.97754],[111.6131,-7.97718],[111.61352,-7.97704],[111.61376,-7.97616],[111.61411,-7.976],[111.61463,-7.97548],[111.61466,-7.97484],[111.61435,-7.97426],[111.61435,-7.97349],[111.61505,-7.97373],[111.61535,-7.97374],[111.61571,-7.97341],[111.61594,-7.97274],[111.61582,-7.97247],[111.61554,-7.97211],[111.61531,-7.9714],[111.61483,-7.97117],[111.61526,-7.97054],[111.61518,-7.9703],[111.61499,-7.96995],[111.61517,-7.96939],[111.61554,-7.96952],[111.61584,-7.96938],[111.61646,-7.96896],[111.61699,-7.96883],[111.61717,-7.96831],[111.61717,-7.96822],[111.61759,-7.96769],[111.6178,-7.96695],[111.61789,-7.96677],[111.61802,-7.96622],[111.61834,-7.96568],[111.61862,-7.96559],[111.61889,-7.96541],[111.61925,-7.96542],[111.61942,-7.96523],[111.62046,-7.96535],[111.62061,-7.9655],[111.6207,-7.96604],[111.62089,-7.96613],[111.62106,-7.96649],[111.62132,-7.9665],[111.62225,-7.96623],[111.62252,-7.96648],[111.62251,-7.96711],[111.62261,-7.96722],[111.6229,-7.9674],[111.62314,-7.96766],[111.62449,-7.96785],[111.62461,-7.96893],[111.62481,-7.96933],[111.62516,-7.96965],[111.62514,-7.97008],[111.62525,-7.97038],[111.62489,-7.97072],[111.62489,-7.97126],[111.62426,-7.9719],[111.62404,-7.97312],[111.62369,-7.97294],[111.62326,-7.97337],[111.62257,-7.973],[111.62205,-7.97315],[111.62171,-7.97379],[111.62162,-7.97459],[111.62122,-7.97385],[111.62105,-7.97294],[111.62013,-7.97262],[111.6189,-7.9731],[111.61881,-7.97328],[111.6181,-7.97435],[111.61781,-7.97455],[111.61755,-7.97454],[111.61737,-7.97471],[111.6172,-7.97534],[111.61754,-7.97586],[111.61814,-7.97615],[111.61846,-7.97644],[111.61836,-7.97663],[111.61836,-7.97681],[111.61819,-7.97714],[111.61809,-7.97744],[111.6179,-7.97772],[111.61792,-7.97816],[111.61755,-7.97862],[111.61733,-7.97907],[111.61727,-7.97898],[111.61715,-7.97799],[111.61675,-7.97822],[111.61664,-7.97853],[111.61655,-7.97898],[111.61633,-7.97964],[111.61611,-7.97988],[111.61596,-7.9785],[111.61574,-7.97826],[111.61549,-7.97837],[111.61481,-7.97911],[111.61401,-7.97969],[111.61359,-7.97897],[111.61293,-7.97924],[111.6126,-7.9793]]]}},{"type":"Feature","properties":{"KODE":3,"KELAS":3,"NAMA":"10-15 menit","LUAS_HA":0.006,"_cls":"10-15 menit"},"geometry":{"type":"Polygon","coordinates":[[[111.58393,-7.98043],[111.58382,-7.9804],[111.5839,-7.98033],[111.58393,-7.98043]]]}},{"type":"Feature","properties":{"KODE":5,"KELAS":5,"NAMA":"> 30 menit","LUAS_HA":3.151,"_cls":"> 30 menit"},"geometry":{"type":"Polygon","coordinates":[[[111.62422,-7.98046],[111.624,-7.98032],[111.62327,-7.98001],[111.62316,-7.97963],[111.62288,-7.97951],[111.62261,-7.97914],[111.62281,-7.97879],[111.62279,-7.97853],[111.6231,-7.97842],[111.62335,-7.97844],[111.62373,-7.9784],[111.62419,-7.97905],[111.62446,-7.97905],[111.62462,-7.97943],[111.6248,-7.97974],[111.62472,-7.97988],[111.62427,-7.9802],[111.62422,-7.98046]]]}},{"type":"Feature","properties":{"KODE":5,"KELAS":5,"NAMA":"> 30 menit","LUAS_HA":0.006,"_cls":"> 30 menit"},"geometry":{"type":"Polygon","coordinates":[[[111.62422,-7.98046],[111.62433,-7.9805],[111.62425,-7.98057],[111.62422,-7.98046]]]}},{"type":"Feature","properties":{"KODE":5,"KELAS":5,"NAMA":"> 30 menit","LUAS_HA":114.429,"_cls":"> 30 menit"},"geometry":{"type":"Polygon","coordinates":[[[111.60813,-7.96421],[111.60845,-7.96416],[111.60864,-7.96406],[111.60863,-7.96443],[111.60945,-7.96442],[111.60945,-7.96479],[111.60954,-7.96497],[111.60927,-7.96537],[111.60926,-7.96567],[111.60972,-7.96638],[111.61018,-7.96659],[111.61006,-7.96722],[111.60948,-7.9666],[111.60913,-7.96675],[111.60891,-7.96695],[111.60879,-7.96722],[111.60774,-7.96736],[111.60761,-7.96802],[111.60695,-7.96825],[111.60657,-7.96805],[111.60602,-7.96803],[111.60588,-7.9683],[111.60626,-7.9685],[111.60687,-7.9686],[111.60728,-7.96932],[111.60787,-7.96971],[111.60851,-7.96937],[111.60836,-7.9698],[111.60838,-7.97036],[111.60827,-7.97081],[111.60809,-7.97134],[111.60811,-7.97199],[111.60711,-7.97236],[111.60686,-7.9729],[111.60662,-7.97316],[111.60616,-7.97285],[111.60567,-7.97322],[111.60565,-7.97371],[111.60568,-7.97448],[111.60557,-7.97484],[111.60539,-7.97518],[111.60573,-7.97624],[111.60594,-7.97675],[111.60525,-7.97674],[111.60511,-7.97645],[111.60458,-7.97592],[111.60416,-7.97607],[111.60375,-7.97592],[111.60338,-7.97611],[111.60339,-7.97584],[111.60298,-7.9754],[111.60211,-7.97557],[111.60186,-7.97583],[111.60094,-7.97611],[111.60077,-7.97611],[111.60067,-7.9762],[111.60035,-7.97669],[111.59977,-7.97696],[111.59967,-7.97749],[111.59938,-7.97776],[111.59907,-7.9785],[111.59927,-7.97907],[111.59905,-7.97954],[111.5987,-7.97973],[111.59804,-7.97972],[111.59714,-7.98082],[111.59654,-7.98043],[111.59702,-7.9798],[111.59726,-7.97898],[111.59696,-7.97842],[111.59694,-7.97792],[111.5972,-7.97793],[111.5979,-7.97764],[111.59842,-7.97659],[111.59885,-7.97639],[111.59899,-7.97596],[111.59948,-7.9756],[111.5994,-7.97548],[111.59784,-7.97539],[111.59734,-7.97486],[111.59695,-7.97468],[111.59677,-7.97431],[111.59623,-7.97406],[111.59621,-7.97359],[111.59721,-7.9731],[111.59659,-7.97272],[111.59606,-7.97299],[111.59514,-7.97269],[111.59475,-7.97243],[111.59417,-7.97229],[111.59386,-7.97184],[111.59395,-7.97177],[111.5953,-7.97145],[111.59531,-7.97114],[111.59473,-7.97105],[111.59515,-7.97076],[111.59584,-7.97079],[111.59621,-7.97053],[111.59691,-7.97078],[111.59739,-7.97049],[111.59717,-7.96974],[111.59696,-7.96954],[111.59739,-7.96934],[111.5971,-7.96901],[111.59648,-7.96886],[111.59676,-7.96869],[111.59766,-7.96873],[111.59764,-7.968],[111.5982,-7.96746],[111.59835,-7.96698],[111.59857,-7.96707],[111.59875,-7.96743],[111.59927,-7.9677],[111.59948,-7.9677],[111.60028,-7.96812],[111.60072,-7.96789],[111.60132,-7.96769],[111.60193,-7.9677],[111.60218,-7.96797],[111.6025,-7.96769],[111.60276,-7.96701],[111.60273,-7.96779],[111.60274,-7.96868],[111.6036,-7.96957],[111.60398,-7.96939],[111.60365,-7.96844],[111.60379,-7.9677],[111.60395,-7.96769],[111.60429,-7.96821],[111.60543,-7.96778],[111.60572,-7.96779],[111.60617,-7.96755],[111.6071,-7.96769],[111.60763,-7.96715],[111.60845,-7.96689],[111.60837,-7.9666],[111.60812,-7.96625],[111.60861,-7.96593],[111.6089,-7.96509],[111.60892,-7.96479],[111.60854,-7.96462],[111.60813,-7.96421]]]}},{"type":"Feature","properties":{"KODE":3,"KELAS":3,"NAMA":"10-15 menit","LUAS_HA":0.013,"_cls":"10-15 menit"},"geometry":{"type":"Polygon","coordinates":[[[111.60136,-7.98303],[111.60139,-7.98282],[111.60147,-7.98298],[111.60136,-7.98303]]]}},{"type":"Feature","properties":{"KODE":1,"KELAS":1,"NAMA":"0-5 menit","LUAS_HA":0.01,"_cls":"0-5 menit"},"geometry":{"type":"Polygon","coordinates":[[[111.5843,-7.98468],[111.58421,-7.98468],[111.58421,-7.98459],[111.5843,-7.98459],[111.5843,-7.98468]]]}},{"type":"Feature","properties":{"KODE":1,"KELAS":1,"NAMA":"0-5 menit","LUAS_HA":0.006,"_cls":"0-5 menit"},"geometry":{"type":"Polygon","coordinates":[[[111.5843,-7.98468],[111.58441,-7.98471],[111.58433,-7.98479],[111.5843,-7.98468]]]}},{"type":"Feature","properties":{"KODE":3,"KELAS":3,"NAMA":"10-15 menit","LUAS_HA":0.01,"_cls":"10-15 menit"},"geometry":{"type":"Polygon","coordinates":[[[111.60381,-7.98483],[111.60372,-7.98483],[111.60372,-7.98474],[111.60381,-7.98474],[111.60381,-7.98483]]]}},{"type":"Feature","properties":{"KODE":3,"KELAS":3,"NAMA":"10-15 menit","LUAS_HA":1.072,"_cls":"10-15 menit"},"geometry":{"type":"Polygon","coordinates":[[[111.60372,-7.98474],[111.60339,-7.98487],[111.60289,-7.98415],[111.60242,-7.98422],[111.60232,-7.98356],[111.60265,-7.98351],[111.60334,-7.98373],[111.60355,-7.98448],[111.60372,-7.98474]]]}},{"type":"Feature","properties":{"KODE":3,"KELAS":3,"NAMA":"10-15 menit","LUAS_HA":0.006,"_cls":"10-15 menit"},"geometry":{"type":"Polygon","coordinates":[[[111.60381,-7.98483],[111.60392,-7.98487],[111.60384,-7.98494],[111.60381,-7.98483]]]}},{"type":"Feature","properties":{"KODE":3,"KELAS":3,"NAMA":"10-15 menit","LUAS_HA":0.006,"_cls":"10-15 menit"},"geometry":{"type":"Polygon","coordinates":[[[111.60109,-7.98538],[111.60106,-7.98549],[111.60098,-7.98541],[111.60109,-7.98538]]]}},{"type":"Feature","properties":{"KODE":3,"KELAS":3,"NAMA":"10-15 menit","LUAS_HA":1.634,"_cls":"10-15 menit"},"geometry":{"type":"Polygon","coordinates":[[[111.60136,-7.98303],[111.60149,-7.98335],[111.60185,-7.98384],[111.60176,-7.98422],[111.60149,-7.98443],[111.60128,-7.98524],[111.60109,-7.98538],[111.60094,-7.98507],[111.60085,-7.98471],[111.60096,-7.98443],[111.60082,-7.98375],[111.60088,-7.98345],[111.60114,-7.98335],[111.60123,-7.98312],[111.60136,-7.98303]]]}},{"type":"Feature","properties":{"KODE":3,"KELAS":3,"NAMA":"10-15 menit","LUAS_HA":0.006,"_cls":"10-15 menit"},"geometry":{"type":"Polygon","coordinates":[[[111.59882,-7.9862],[111.59871,-7.98617],[111.59879,-7.98609],[111.59882,-7.9862]]]}},{"type":"Feature","properties":{"KODE":3,"KELAS":3,"NAMA":"10-15 menit","LUAS_HA":3.45,"_cls":"10-15 menit"},"geometry":{"type":"Polygon","coordinates":[[[111.53249,-7.98792],[111.53235,-7.98789],[111.53232,-7.98772],[111.5322,-7.98571],[111.53327,-7.98619],[111.53385,-7.98637],[111.53476,-7.98678],[111.53402,-7.98712],[111.53361,-7.9874],[111.53256,-7.98785],[111.53249,-7.98792]]]}},{"type":"Feature","properties":{"KODE":3,"KELAS":3,"NAMA":"10-15 menit","LUAS_HA":0.006,"_cls":"10-15 menit"},"geometry":{"type":"Polygon","coordinates":[[[111.54547,-7.98881],[111.54558,-7.98884],[111.5455,-7.98891],[111.54547,-7.98881]]]}},{"type":"Feature","properties":{"KODE":3,"KELAS":3,"NAMA":"10-15 menit","LUAS_HA":0.801,"_cls":"10-15 menit"},"geometry":{"type":"Polygon","coordinates":[[[111.53858,-7.98963],[111.53825,-7.9895],[111.53796,-7.98932],[111.53736,-7.98916],[111.53773,-7.98899],[111.53859,-7.98884],[111.53888,-7.98907],[111.53891,-7.98928],[111.53877,-7.98946],[111.53858,-7.98963]]]}},{"type":"Feature","properties":{"KODE":3,"KELAS":3,"NAMA":"10-15 menit","LUAS_HA":0.663,"_cls":"10-15 menit"},"geometry":{"type":"Polygon","coordinates":[[[111.53304,-7.99],[111.53261,-7.98996],[111.53255,-7.98941],[111.53331,-7.98931],[111.5339,-7.98948],[111.53337,-7.98971],[111.53304,-7.99]]]}},{"type":"Feature","properties":{"KODE":2,"KELAS":2,"NAMA":"5-10 menit","LUAS_HA":0.978,"_cls":"5-10 menit"},"geometry":{"type":"Polygon","coordinates":[[[111.60209,-7.99008],[111.60195,-7.99004],[111.60205,-7.98986],[111.60207,-7.9895],[111.60202,-7.98897],[111.60253,-7.98878],[111.60274,-7.98876],[111.60304,-7.98889],[111.60307,-7.98928],[111.60292,-7.98946],[111.60236,-7.98962],[111.60209,-7.99008]]]}},{"type":"Feature","properties":{"KODE":1,"KELAS":1,"NAMA":"0-5 menit","LUAS_HA":0.006,"_cls":"0-5 menit"},"geometry":{"type":"Polygon","coordinates":[[[111.58014,-7.99039],[111.58025,-7.99042],[111.58017,-7.99049],[111.58014,-7.99039]]]}},{"type":"Feature","properties":{"KODE":2,"KELAS":2,"NAMA":"5-10 menit","LUAS_HA":0.006,"_cls":"5-10 menit"},"geometry":{"type":"Polygon","coordinates":[[[111.5756,-7.99057],[111.57563,-7.99046],[111.5757,-7.99054],[111.5756,-7.99057]]]}},{"type":"Feature","properties":{"KODE":4,"KELAS":4,"NAMA":"15-30 menit","LUAS_HA":0.006,"_cls":"15-30 menit"},"geometry":{"type":"Polygon","coordinates":[[[111.58631,-7.99101],[111.5862,-7.99098],[111.58628,-7.99091],[111.58631,-7.99101]]]}},{"type":"Feature","properties":{"KODE":3,"KELAS":3,"NAMA":"10-15 menit","LUAS_HA":11.217,"_cls":"10-15 menit"},"geometry":{"type":"Polygon","coordinates":[[[111.54856,-7.99106],[111.54737,-7.99096],[111.54703,-7.99049],[111.54687,-7.9899],[111.54697,-7.98957],[111.54724,-7.98892],[111.54708,-7.98861],[111.54586,-7.98785],[111.54525,-7.98693],[111.54546,-7.98695],[111.54601,-7.98715],[111.54633,-7.98713],[111.54721,-7.98746],[111.54857,-7.9876],[111.54937,-7.98829],[111.54959,-7.98887],[111.54942,-7.98966],[111.54932,-7.99065],[111.5491,-7.9909],[111.5486,-7.99101],[111.54856,-7.99106]]]}},{"type":"Feature","properties":{"KODE":2,"KELAS":2,"NAMA":"5-10 menit","LUAS_HA":0.013,"_cls":"5-10 menit"},"geometry":{"type":"Polygon","coordinates":[[[111.5942,-7.99127],[111.59424,-7.99106],[111.59432,-7.99122],[111.5942,-7.99127]]]}},{"type":"Feature","properties":{"KODE":3,"KELAS":3,"NAMA":"10-15 menit","LUAS_HA":0.006,"_cls":"10-15 menit"},"geometry":{"type":"Polygon","coordinates":[[[111.60645,-7.99134],[111.60634,-7.99131],[111.60642,-7.99124],[111.60645,-7.99134]]]}},{"type":"Feature","properties":{"KODE":3,"KELAS":3,"NAMA":"10-15 menit","LUAS_HA":0.783,"_cls":"10-15 menit"},"geometry":{"type":"Polygon","coordinates":[[[111.53631,-7.99144],[111.53591,-7.99121],[111.5359,-7.99103],[111.53625,-7.98986],[111.53636,-7.99013],[111.53665,-7.99109],[111.53631,-7.99144]]]}},{"type":"Feature","properties":{"KODE":4,"KELAS":4,"NAMA":"15-30 menit","LUAS_HA":8.925,"_cls":"15-30 menit"},"geometry":{"type":"Polygon","coordinates":[[[111.59656,-7.99163],[111.59633,-7.99158],[111.59599,-7.99159],[111.59573,-7.99147],[111.59561,-7.99122],[111.59579,-7.99087],[111.59568,-7.99012],[111.59544,-7.98989],[111.59598,-7.98975],[111.59646,-7.98991],[111.59687,-7.98952],[111.59686,-7.98879],[111.59705,-7.98869],[111.59793,-7.98856],[111.59859,-7.98824],[111.59859,-7.98743],[111.599,-7.98715],[111.59941,-7.98724],[111.59941,-7.9875],[111.59958,-7.98785],[111.60041,-7.98834],[111.60032,-7.98841],[111.59979,-7.98823],[111.59964,-7.98903],[111.59835,-7.98966],[111.59822,-7.99023],[111.59779,-7.99022],[111.59731,-7.9906],[111.5968,-7.99112],[111.59656,-7.99163]]]}},{"type":"Feature","properties":{"KODE":4,"KELAS":4,"NAMA":"15-30 menit","LUAS_HA":0.006,"_cls":"15-30 menit"},"geometry":{"type":"Polygon","coordinates":[[[111.63013,-7.99176],[111.63017,-7.99165],[111.63024,-7.99173],[111.63013,-7.99176]]]}},{"type":"Feature","properties":{"KODE":4,"KELAS":4,"NAMA":"15-30 menit","LUAS_HA":1.633,"_cls":"15-30 menit"},"geometry":{"type":"Polygon","coordinates":[[[111.63104,-7.99185],[111.63058,-7.99181],[111.63044,-7.99133],[111.63074,-7.99082],[111.63056,-7.99053],[111.63074,-7.98991],[111.63109,-7.99035],[111.63122,-7.9908],[111.63181,-7.99125],[111.63169,-7.99153],[111.6311,-7.99177],[111.63104,-7.99185]]]}},{"type":"Feature","properties":{"KODE":1,"KELAS":1,"NAMA":"0-5 menit","LUAS_HA":0.006,"_cls":"0-5 menit"},"geometry":{"type":"Polygon","coordinates":[[[111.57478,-7.99211],[111.57475,-7.99222],[111.57468,-7.99214],[111.57478,-7.99211]]]}},{"type":"Feature","properties":{"KODE":2,"KELAS":2,"NAMA":"5-10 menit","LUAS_HA":0.006,"_cls":"5-10 menit"},"geometry":{"type":"Polygon","coordinates":[[[111.59366,-7.99218],[111.59363,-7.99229],[111.59355,-7.99221],[111.59366,-7.99218]]]}},{"type":"Feature","properties":{"KODE":3,"KELAS":3,"NAMA":"10-15 menit","LUAS_HA":0.483,"_cls":"10-15 menit"},"geometry":{"type":"Polygon","coordinates":[[[111.60645,-7.99134],[111.60675,-7.9915],[111.60703,-7.99203],[111.60721,-7.99214],[111.60712,-7.99246],[111.60678,-7.99238],[111.60665,-7.992],[111.60648,-7.99175],[111.60639,-7.99148],[111.60645,-7.99134]]]}},{"type":"Feature","properties":{"KODE":4,"KELAS":4,"NAMA":"15-30 menit","LUAS_HA":0.006,"_cls":"15-30 menit"},"geometry":{"type":"Polygon","coordinates":[[[111.62859,-7.99285],[111.62856,-7.99296],[111.62849,-7.99288],[111.62859,-7.99285]]]}},{"type":"Feature","properties":{"KODE":5,"KELAS":5,"NAMA":"> 30 menit","LUAS_HA":0.006,"_cls":"> 30 menit"},"geometry":{"type":"Polygon","coordinates":[[[111.5688,-7.99465],[111.56883,-7.99454],[111.5689,-7.99462],[111.5688,-7.99465]]]}},{"type":"Feature","properties":{"KODE":5,"KELAS":5,"NAMA":"> 30 menit","LUAS_HA":0.01,"_cls":"> 30 menit"},"geometry":{"type":"Polygon","coordinates":[[[111.56871,-7.99474],[111.56871,-7.99465],[111.5688,-7.99465],[111.5688,-7.99474],[111.56871,-7.99474]]]}},{"type":"Feature","properties":{"KODE":5,"KELAS":5,"NAMA":"> 30 menit","LUAS_HA":0.006,"_cls":"> 30 menit"},"geometry":{"type":"Polygon","coordinates":[[[111.59974,-7.99588],[111.59978,-7.99576],[111.59985,-7.99584],[111.59974,-7.99588]]]}},{"type":"Feature","properties":{"KODE":5,"KELAS":5,"NAMA":"> 30 menit","LUAS_HA":0.03,"_cls":"> 30 menit"},"geometry":{"type":"Polygon","coordinates":[[[111.59947,-7.99597],[111.59947,-7.99588],[111.59974,-7.99588],[111.59974,-7.99597],[111.59947,-7.99597]]]}},{"type":"Feature","properties":{"KODE":1,"KELAS":1,"NAMA":"0-5 menit","LUAS_HA":0.006,"_cls":"0-5 menit"},"geometry":{"type":"Polygon","coordinates":[[[111.57815,-7.99762],[111.57804,-7.99759],[111.57812,-7.99752],[111.57815,-7.99762]]]}},{"type":"Feature","properties":{"KODE":1,"KELAS":1,"NAMA":"0-5 menit","LUAS_HA":0.006,"_cls":"0-5 menit"},"geometry":{"type":"Polygon","coordinates":[[[111.5816,-7.9978],[111.58171,-7.99783],[111.58163,-7.99791],[111.5816,-7.9978]]]}},{"type":"Feature","properties":{"KODE":5,"KELAS":5,"NAMA":"> 30 menit","LUAS_HA":0.603,"_cls":"> 30 menit"},"geometry":{"type":"Polygon","coordinates":[[[111.62125,-7.99856],[111.62081,-7.99852],[111.62148,-7.99769],[111.62209,-7.99809],[111.62166,-7.99834],[111.62131,-7.99849],[111.62125,-7.99856]]]}},{"type":"Feature","properties":{"KODE":4,"KELAS":4,"NAMA":"15-30 menit","LUAS_HA":0.013,"_cls":"15-30 menit"},"geometry":{"type":"Polygon","coordinates":[[[111.58623,-7.99978],[111.58626,-7.99958],[111.58634,-7.99973],[111.58623,-7.99978]]]}},{"type":"Feature","properties":{"KODE":1,"KELAS":1,"NAMA":"0-5 menit","LUAS_HA":0.006,"_cls":"0-5 menit"},"geometry":{"type":"Polygon","coordinates":[[[111.57843,-8.00269],[111.57854,-8.00272],[111.57846,-8.00279],[111.57843,-8.00269]]]}},{"type":"Feature","properties":{"KODE":5,"KELAS":5,"NAMA":"> 30 menit","LUAS_HA":2.419,"_cls":"> 30 menit"},"geometry":{"type":"Polygon","coordinates":[[[111.61826,-8.00263],[111.61803,-8.00259],[111.6183,-8.00212],[111.6182,-8.00124],[111.61847,-8.00077],[111.61851,-8.00045],[111.61834,-8.00002],[111.61872,-7.99913],[111.61856,-7.99895],[111.61804,-7.99872],[111.61814,-7.99846],[111.61873,-7.9984],[111.61902,-7.99861],[111.61941,-7.99877],[111.61918,-7.99909],[111.61922,-7.9995],[111.61902,-7.99985],[111.61905,-8.00014],[111.61895,-8.00051],[111.61854,-8.00076],[111.61869,-8.00157],[111.61835,-8.00217],[111.6183,-8.00258],[111.61826,-8.00263]]]}},{"type":"Feature","properties":{"KODE":5,"KELAS":5,"NAMA":"> 30 menit","LUAS_HA":0.006,"_cls":"> 30 menit"},"geometry":{"type":"Polygon","coordinates":[[[111.59549,-8.00294],[111.59546,-8.00305],[111.59538,-8.00297],[111.59549,-8.00294]]]}},{"type":"Feature","properties":{"KODE":5,"KELAS":5,"NAMA":"> 30 menit","LUAS_HA":24.565,"_cls":"> 30 menit"},"geometry":{"type":"Polygon","coordinates":[[[111.59549,-8.00294],[111.59563,-8.00244],[111.5958,-8.00133],[111.59499,-8.00081],[111.59444,-8.00073],[111.5939,-8.00023],[111.59523,-8.00034],[111.59544,-7.99996],[111.59523,-7.99959],[111.59525,-7.99902],[111.59535,-7.99864],[111.59543,-7.99815],[111.5951,-7.99787],[111.59526,-7.99774],[111.59534,-7.99727],[111.59553,-7.99729],[111.59582,-7.99718],[111.59598,-7.99683],[111.59614,-7.99656],[111.59655,-7.99685],[111.59715,-7.99669],[111.5968,-7.99606],[111.59726,-7.99563],[111.59723,-7.99527],[111.59756,-7.9953],[111.59813,-7.99592],[111.59845,-7.99601],[111.59864,-7.99579],[111.59915,-7.99592],[111.59947,-7.99597],[111.59943,-7.99601],[111.59888,-7.99618],[111.59906,-7.9964],[111.59945,-7.99673],[111.5997,-7.99764],[111.59982,-7.99797],[111.59965,-7.99816],[111.59898,-7.99831],[111.59895,-7.99873],[111.59931,-7.99904],[111.59898,-7.99927],[111.59879,-7.99917],[111.59857,-7.99919],[111.5981,-7.99915],[111.59771,-7.99985],[111.59752,-8.00055],[111.59777,-8.00139],[111.59823,-8.00159],[111.59827,-8.00207],[111.59798,-8.0019],[111.59759,-8.00144],[111.59702,-8.00156],[111.59678,-8.00213],[111.5969,-8.00228],[111.59734,-8.00247],[111.59698,-8.00298],[111.59687,-8.00322],[111.59641,-8.00286],[111.59549,-8.00294]]]}},{"type":"Feature","properties":{"KODE":5,"KELAS":5,"NAMA":"> 30 menit","LUAS_HA":0.014,"_cls":"> 30 menit"},"geometry":{"type":"Polygon","coordinates":[[[111.61863,-8.00317],[111.61851,-8.00312],[111.61859,-8.00297],[111.61863,-8.00317]]]}},{"type":"Feature","properties":{"KODE":2,"KELAS":2,"NAMA":"5-10 menit","LUAS_HA":0.01,"_cls":"5-10 menit"},"geometry":{"type":"Polygon","coordinates":[[[111.57634,-8.00396],[111.57625,-8.00396],[111.57625,-8.00387],[111.57634,-8.00387],[111.57634,-8.00396]]]}},{"type":"Feature","properties":{"KODE":1,"KELAS":1,"NAMA":"0-5 menit","LUAS_HA":517.791,"_cls":"0-5 menit"},"geometry":{"type":"MultiPolygon","coordinates":[[[[111.57625,-8.00387],[111.5765,-8.00351],[111.57685,-8.00319],[111.57729,-8.00237],[111.57757,-8.00193],[111.57769,-8.00164],[111.57784,-8.00138],[111.57786,-8.0011],[111.57774,-8.00038],[111.57784,-7.99994],[111.57792,-7.99911],[111.57805,-7.99866],[111.57875,-7.99823],[111.57862,-7.99789],[111.57819,-7.99777],[111.57815,-7.99762],[111.5789,-7.99746],[111.57893,-7.99699],[111.5789,-7.99663],[111.57894,-7.99615],[111.57806,-7.99576],[111.57726,-7.99582],[111.57693,-7.99554],[111.57689,-7.99509],[111.57694,-7.99443],[111.57648,-7.99413],[111.57643,-7.99356],[111.57655,-7.99342],[111.57684,-7.99329],[111.57673,-7.99279],[111.57664,-7.99207],[111.57668,-7.99143],[111.57655,-7.99114],[111.57607,-7.99167],[111.57573,-7.99188],[111.57537,-7.99217],[111.57492,-7.99216],[111.57478,-7.99211],[111.57492,-7.99191],[111.57541,-7.99173],[111.57554,-7.99131],[111.57545,-7.99098],[111.5756,-7.99057],[111.5757,-7.99054],[111.57563,-7.99046],[111.5756,-7.99057],[111.57526,-7.99064],[111.57442,-7.99035],[111.57419,-7.99034],[111.57383,-7.99109],[111.57365,-7.99125],[111.5738,-7.99155],[111.57356,-7.9918],[111.57311,-7.99202],[111.57311,-7.99269],[111.57299,-7.99282],[111.57256,-7.99191],[111.57273,-7.99136],[111.57291,-7.99118],[111.57293,-7.9908],[111.57262,-7.99052],[111.57277,-7.99009],[111.57263,-7.98965],[111.57238,-7.98989],[111.57229,-7.99008],[111.57219,-7.99017],[111.57176,-7.99077],[111.57098,-7.99104],[111.57066,-7.99073],[111.57063,-7.99002],[111.57086,-7.98903],[111.5713,-7.98862],[111.57169,-7.98739],[111.57225,-7.98713],[111.57255,-7.98622],[111.57276,-7.98529],[111.57243,-7.98519],[111.5714,-7.98467],[111.57128,-7.98411],[111.57119,-7.98339],[111.57074,-7.98275],[111.57015,-7.98241],[111.5698,-7.98161],[111.56999,-7.98078],[111.57039,-7.98036],[111.57081,-7.98008],[111.57083,-7.97963],[111.57072,-7.97909],[111.57082,-7.97877],[111.57119,-7.97794],[111.57097,-7.97724],[111.5701,-7.97678],[111.56892,-7.97623],[111.56837,-7.97534],[111.56763,-7.97524],[111.56727,-7.97507],[111.56688,-7.9748],[111.56631,-7.97495],[111.56557,-7.97596],[111.56476,-7.97652],[111.56404,-7.97622],[111.56387,-7.97589],[111.56364,-7.97535],[111.56366,-7.97505],[111.56255,-7.9749],[111.56247,-7.97472],[111.56189,-7.97438],[111.56119,-7.97291],[111.56053,-7.97345],[111.56022,-7.97346],[111.55937,-7.97313],[111.55911,-7.97273],[111.55814,-7.97232],[111.55768,-7.97183],[111.55718,-7.97174],[111.55688,-7.97142],[111.55565,-7.97111],[111.55477,-7.97044],[111.5538,-7.97019],[111.55284,-7.97002],[111.55241,-7.97002],[111.552,-7.97015],[111.55167,-7.97048],[111.55116,-7.97068],[111.55075,-7.97132],[111.55025,-7.97179],[111.54945,-7.97265],[111.54939,-7.97256],[111.5494,-7.97202],[111.54921,-7.97184],[111.54956,-7.97152],[111.5496,-7.97041],[111.54925,-7.97022],[111.54842,-7.96992],[111.54794,-7.96967],[111.54684,-7.96922],[111.54672,-7.96908],[111.54737,-7.96886],[111.54765,-7.96887],[111.5483,-7.96867],[111.54857,-7.96868],[111.54832,-7.96816],[111.54812,-7.96794],[111.5467,-7.96758],[111.54455,-7.9673],[111.54395,-7.96714],[111.54367,-7.96715],[111.5434,-7.96705],[111.54276,-7.96697],[111.5424,-7.96687],[111.54225,-7.96688],[111.5415,-7.96669],[111.54122,-7.9667],[111.54071,-7.96654],[111.54078,-7.96606],[111.5407,-7.96594],[111.5407,-7.9658],[111.54079,-7.96572],[111.54083,-7.96549],[111.54073,-7.96545],[111.54107,-7.96508],[111.54151,-7.96511],[111.54153,-7.96499],[111.5416,-7.9649],[111.54149,-7.96459],[111.54145,-7.96457],[111.54149,-7.96446],[111.54145,-7.96432],[111.54162,-7.96391],[111.54168,-7.96384],[111.54177,-7.96382],[111.54193,-7.96349],[111.54261,-7.96313],[111.543,-7.96314],[111.54299,-7.96322],[111.54381,-7.96297],[111.54405,-7.96365],[111.54496,-7.9638],[111.54514,-7.9638],[111.54533,-7.96388],[111.54547,-7.9639],[111.54556,-7.96388],[111.54561,-7.96384],[111.54575,-7.96389],[111.546,-7.96388],[111.54642,-7.96272],[111.5468,-7.96209],[111.54725,-7.96188],[111.54767,-7.96202],[111.54798,-7.96257],[111.54787,-7.9626],[111.54794,-7.96268],[111.54798,-7.96257],[111.54866,-7.96273],[111.54966,-7.96244],[111.55048,-7.9628],[111.55066,-7.96299],[111.55123,-7.96414],[111.55212,-7.96433],[111.55229,-7.96433],[111.55287,-7.96443],[111.55474,-7.96496],[111.55502,-7.96453],[111.55638,-7.96396],[111.55771,-7.9645],[111.55823,-7.9652],[111.55876,-7.96629],[111.55946,-7.96658],[111.56127,-7.96749],[111.56146,-7.96738],[111.56127,-7.96703],[111.561,-7.96631],[111.5609,-7.96612],[111.56091,-7.96576],[111.56117,-7.96551],[111.56183,-7.96577],[111.562,-7.96595],[111.56343,-7.96539],[111.56436,-7.96571],[111.565,-7.96603],[111.56518,-7.96659],[111.56518,-7.96745],[111.56556,-7.96757],[111.56591,-7.96675],[111.5663,-7.96656],[111.56683,-7.96669],[111.56708,-7.9672],[111.56772,-7.96699],[111.56864,-7.9673],[111.56919,-7.96767],[111.5698,-7.96828],[111.57048,-7.96861],[111.57153,-7.96819],[111.57179,-7.96766],[111.57205,-7.96741],[111.57162,-7.96666],[111.57133,-7.96607],[111.57155,-7.96542],[111.5722,-7.9651],[111.57286,-7.96532],[111.57299,-7.9656],[111.57318,-7.96616],[111.57298,-7.96674],[111.57298,-7.96719],[111.57394,-7.96755],[111.57472,-7.96768],[111.5765,-7.96841],[111.57687,-7.96916],[111.57716,-7.97018],[111.57738,-7.97039],[111.57788,-7.97026],[111.57897,-7.97073],[111.57944,-7.97154],[111.57963,-7.97233],[111.57943,-7.97252],[111.57916,-7.9727],[111.57894,-7.97303],[111.57825,-7.9732],[111.57825,-7.97335],[111.5787,-7.97422],[111.5788,-7.97471],[111.57832,-7.97563],[111.57797,-7.97596],[111.57829,-7.97596],[111.57854,-7.97634],[111.57939,-7.97632],[111.57957,-7.97558],[111.5799,-7.97494],[111.58025,-7.97461],[111.58034,-7.97433],[111.58049,-7.97424],[111.58061,-7.97461],[111.58112,-7.97511],[111.58125,-7.97578],[111.58107,-7.97596],[111.58078,-7.97663],[111.58098,-7.97731],[111.58107,-7.97786],[111.58126,-7.97842],[111.58098,-7.97941],[111.58098,-7.97967],[111.58116,-7.97985],[111.58172,-7.98076],[111.58197,-7.98154],[111.58298,-7.98229],[111.58318,-7.98259],[111.58379,-7.98381],[111.58426,-7.98446],[111.58421,-7.98459],[111.58389,-7.98446],[111.58347,-7.98402],[111.58253,-7.98355],[111.58244,-7.98346],[111.58226,-7.98337],[111.58216,-7.98328],[111.58126,-7.98274],[111.58116,-7.98254],[111.58008,-7.98193],[111.57938,-7.98122],[111.57917,-7.98111],[111.57872,-7.98112],[111.57853,-7.98093],[111.57843,-7.98157],[111.57809,-7.98157],[111.57718,-7.98117],[111.57716,-7.98261],[111.57736,-7.98318],[111.57736,-7.98329],[111.57726,-7.98357],[111.57728,-7.98414],[111.57695,-7.98462],[111.57861,-7.98464],[111.57917,-7.98491],[111.57945,-7.98538],[111.5797,-7.98562],[111.57983,-7.98646],[111.57981,-7.98727],[111.58059,-7.9877],[111.5809,-7.98848],[111.58054,-7.98907],[111.58045,-7.98953],[111.58018,-7.98979],[111.58018,-7.99025],[111.58014,-7.99039],[111.57986,-7.98989],[111.57899,-7.98989],[111.57841,-7.99018],[111.57792,-7.98993],[111.5782,-7.99129],[111.57819,-7.99259],[111.57852,-7.99278],[111.57867,-7.992],[111.57927,-7.99171],[111.57936,-7.99143],[111.57967,-7.99113],[111.58041,-7.99078],[111.58078,-7.9909],[111.58091,-7.99115],[111.58127,-7.99163],[111.58127,-7.99198],[111.58049,-7.99235],[111.58037,-7.99287],[111.58024,-7.99324],[111.57951,-7.99379],[111.57892,-7.99378],[111.57878,-7.99391],[111.57844,-7.99485],[111.57875,-7.99514],[111.57974,-7.99514],[111.5801,-7.99568],[111.58037,-7.99586],[111.58063,-7.99612],[111.58086,-7.99623],[111.5811,-7.9965],[111.58065,-7.99649],[111.58037,-7.99658],[111.57992,-7.99667],[111.57983,-7.99687],[111.58083,-7.99703],[111.58107,-7.99716],[111.5816,-7.9978],[111.58144,-7.99786],[111.58101,-7.99766],[111.58037,-7.99758],[111.58007,-7.99747],[111.57975,-7.9976],[111.57975,-7.99786],[111.57944,-7.9986],[111.57911,-7.99885],[111.5786,-7.99914],[111.57848,-7.99957],[111.57837,-7.99975],[111.57848,-7.99983],[111.57866,-8.00038],[111.57866,-8.00058],[111.57852,-8.00127],[111.57794,-8.00204],[111.57792,-8.00223],[111.5783,-8.00246],[111.57843,-8.00269],[111.5781,-8.00265],[111.57769,-8.00248],[111.57718,-8.00325],[111.57701,-8.00336],[111.57689,-8.00355],[111.57665,-8.00363],[111.5765,-8.00385],[111.57634,-8.00396],[111.57634,-8.00387],[111.57625,-8.00387]],[[111.55098,-7.97026],[111.55093,-7.97012],[111.55156,-7.9694],[111.55066,-7.96884],[111.55056,-7.96906],[111.55057,-7.96985],[111.5507,-7.9702],[111.55098,-7.97026]]],[[[111.53596,-7.9678],[111.53578,-7.96742],[111.5355,-7.96724],[111.53532,-7.96687],[111.53526,-7.96682],[111.53596,-7.96686],[111.536,-7.96773],[111.53596,-7.9678]]],[[[111.52712,-7.964],[111.52616,-7.96382],[111.52516,-7.96355],[111.52489,-7.96355],[111.52461,-7.96348],[111.52501,-7.96351],[111.52578,-7.96365],[111.527,-7.96378],[111.52722,-7.96388],[111.52724,-7.964],[111.52712,-7.964]]],[[[111.54345,-7.96068],[111.54299,-7.96067],[111.5432,-7.9606],[111.54345,-7.96068]]]]}},{"type":"Feature","properties":{"KODE":1,"KELAS":1,"NAMA":"0-5 menit","LUAS_HA":0.144,"_cls":"0-5 menit"},"geometry":{"type":"Polygon","coordinates":[[[111.57625,-8.00387],[111.57625,-8.00396],[111.57634,-8.00396],[111.576,-8.00445],[111.57576,-8.00433],[111.57625,-8.00387]]]}},{"type":"Feature","properties":{"KODE":5,"KELAS":5,"NAMA":"> 30 menit","LUAS_HA":1.074,"_cls":"> 30 menit"},"geometry":{"type":"Polygon","coordinates":[[[111.59413,-8.00475],[111.59397,-8.00457],[111.59373,-8.00443],[111.59332,-8.00426],[111.59325,-8.00368],[111.59409,-8.00344],[111.59449,-8.00353],[111.59395,-8.00376],[111.59449,-8.00442],[111.59419,-8.00455],[111.59413,-8.00475]]]}},{"type":"Feature","properties":{"KODE":4,"KELAS":4,"NAMA":"15-30 menit","LUAS_HA":4.726,"_cls":"15-30 menit"},"geometry":{"type":"Polygon","coordinates":[[[111.65338,-8.00502],[111.65277,-8.00491],[111.65251,-8.0048],[111.65288,-8.00456],[111.65278,-8.0044],[111.65213,-8.00385],[111.6518,-8.00294],[111.65189,-8.00193],[111.6527,-8.00181],[111.65288,-8.0019],[111.65341,-8.00202],[111.65359,-8.00298],[111.65331,-8.00347],[111.65335,-8.00396],[111.65324,-8.00416],[111.65343,-8.0045],[111.65344,-8.00485],[111.65338,-8.00502]]]}},{"type":"Feature","properties":{"KODE":3,"KELAS":3,"NAMA":"10-15 menit","LUAS_HA":0.006,"_cls":"10-15 menit"},"geometry":{"type":"Polygon","coordinates":[[[111.57789,-8.00631],[111.57792,-8.0062],[111.57799,-8.00628],[111.57789,-8.00631]]]}},{"type":"Feature","properties":{"KODE":5,"KELAS":5,"NAMA":"> 30 menit","LUAS_HA":0.598,"_cls":"> 30 menit"},"geometry":{"type":"Polygon","coordinates":[[[111.59477,-8.00637],[111.59445,-8.00615],[111.59425,-8.00605],[111.59414,-8.00481],[111.59445,-8.00524],[111.59454,-8.00545],[111.59472,-8.0056],[111.59477,-8.00637]]]}},{"type":"Feature","properties":{"KODE":5,"KELAS":5,"NAMA":"> 30 menit","LUAS_HA":0.006,"_cls":"> 30 menit"},"geometry":{"type":"Polygon","coordinates":[[[111.56337,-8.00669],[111.56348,-8.00672],[111.5634,-8.0068],[111.56337,-8.00669]]]}},{"type":"Feature","properties":{"KODE":3,"KELAS":3,"NAMA":"10-15 menit","LUAS_HA":0.006,"_cls":"10-15 menit"},"geometry":{"type":"Polygon","coordinates":[[[111.57816,-8.00676],[111.57819,-8.00665],[111.57827,-8.00673],[111.57816,-8.00676]]]}},{"type":"Feature","properties":{"KODE":5,"KELAS":5,"NAMA":"> 30 menit","LUAS_HA":0.28,"_cls":"> 30 menit"},"geometry":{"type":"Polygon","coordinates":[[[111.59304,-8.00728],[111.59319,-8.00688],[111.59307,-8.00598],[111.59335,-8.00617],[111.59341,-8.00666],[111.5932,-8.00716],[111.59304,-8.00728]]]}},{"type":"Feature","properties":{"KODE":4,"KELAS":4,"NAMA":"15-30 menit","LUAS_HA":0.047,"_cls":"15-30 menit"},"geometry":{"type":"Polygon","coordinates":[[[111.63145,-8.00707],[111.63151,-8.00674],[111.63175,-8.00671],[111.63147,-8.00705],[111.63145,-8.00707]]]}},{"type":"Feature","properties":{"KODE":5,"KELAS":5,"NAMA":"> 30 menit","LUAS_HA":0.03,"_cls":"> 30 menit"},"geometry":{"type":"Polygon","coordinates":[[[111.59304,-8.00728],[111.59304,-8.00755],[111.59295,-8.00755],[111.59295,-8.00728],[111.59304,-8.00728]]]}},{"type":"Feature","properties":{"KODE":5,"KELAS":5,"NAMA":"> 30 menit","LUAS_HA":0.468,"_cls":"> 30 menit"},"geometry":{"type":"Polygon","coordinates":[[[111.59295,-8.00755],[111.59291,-8.00795],[111.59261,-8.00814],[111.59174,-8.00798],[111.592,-8.00777],[111.59255,-8.0077],[111.59295,-8.00755]]]}},{"type":"Feature","properties":{"KODE":4,"KELAS":4,"NAMA":"15-30 menit","LUAS_HA":0.006,"_cls":"15-30 menit"},"geometry":{"type":"Polygon","coordinates":[[[111.60911,-8.00816],[111.60914,-8.00805],[111.60921,-8.00813],[111.60911,-8.00816]]]}},{"type":"Feature","properties":{"KODE":2,"KELAS":2,"NAMA":"5-10 menit","LUAS_HA":0.006,"_cls":"5-10 menit"},"geometry":{"type":"Polygon","coordinates":[[[111.58334,-8.00938],[111.58323,-8.00934],[111.58331,-8.00927],[111.58334,-8.00938]]]}},{"type":"Feature","properties":{"KODE":3,"KELAS":3,"NAMA":"10-15 menit","LUAS_HA":0.006,"_cls":"10-15 menit"},"geometry":{"type":"Polygon","coordinates":[[[111.57036,-8.01057],[111.57025,-8.01054],[111.57033,-8.01046],[111.57036,-8.01057]]]}},{"type":"Feature","properties":{"KODE":4,"KELAS":4,"NAMA":"15-30 menit","LUAS_HA":0.845,"_cls":"15-30 menit"},"geometry":{"type":"Polygon","coordinates":[[[111.57626,-8.01083],[111.57616,-8.01075],[111.57599,-8.01033],[111.57607,-8.00977],[111.57583,-8.00921],[111.57622,-8.00865],[111.5764,-8.00911],[111.57659,-8.00925],[111.57648,-8.00943],[111.5764,-8.0098],[111.57618,-8.01036],[111.57626,-8.01083]]]}},{"type":"Feature","properties":{"KODE":2,"KELAS":2,"NAMA":"5-10 menit","LUAS_HA":0.171,"_cls":"5-10 menit"},"geometry":{"type":"Polygon","coordinates":[[[111.57418,-8.01111],[111.57421,-8.01048],[111.57446,-8.01085],[111.57452,-8.01114],[111.57434,-8.01118],[111.57418,-8.01111]]]}},{"type":"Feature","properties":{"KODE":2,"KELAS":2,"NAMA":"5-10 menit","LUAS_HA":0.006,"_cls":"5-10 menit"},"geometry":{"type":"Polygon","coordinates":[[[111.57273,-8.01238],[111.57276,-8.01226],[111.57283,-8.01234],[111.57273,-8.01238]]]}},{"type":"Feature","properties":{"KODE":2,"KELAS":2,"NAMA":"5-10 menit","LUAS_HA":2.877,"_cls":"5-10 menit"},"geometry":{"type":"Polygon","coordinates":[[[111.58334,-8.00938],[111.58349,-8.00932],[111.58389,-8.00964],[111.58401,-8.01006],[111.58449,-8.01084],[111.58465,-8.01123],[111.5848,-8.01148],[111.58486,-8.01202],[111.58435,-8.01239],[111.58368,-8.01199],[111.58351,-8.01156],[111.58376,-8.01113],[111.5835,-8.01068],[111.58347,-8.01041],[111.58359,-8.01009],[111.58343,-8.0098],[111.58338,-8.00943],[111.58334,-8.00938]]]}},{"type":"Feature","properties":{"KODE":3,"KELAS":3,"NAMA":"10-15 menit","LUAS_HA":0.006,"_cls":"10-15 menit"},"geometry":{"type":"Polygon","coordinates":[[[111.56855,-8.01292],[111.56852,-8.01304],[111.56845,-8.01296],[111.56855,-8.01292]]]}},{"type":"Feature","properties":{"KODE":3,"KELAS":3,"NAMA":"10-15 menit","LUAS_HA":5.542,"_cls":"10-15 menit"},"geometry":{"type":"Polygon","coordinates":[[[111.56601,-8.01347],[111.56594,-8.01341],[111.56611,-8.0128],[111.56516,-8.01131],[111.56513,-8.011],[111.5658,-8.01072],[111.5666,-8.01089],[111.56681,-8.01113],[111.56717,-8.01136],[111.56732,-8.01153],[111.56779,-8.01186],[111.56777,-8.01203],[111.5681,-8.01249],[111.56793,-8.01288],[111.56724,-8.01307],[111.56691,-8.01304],[111.56605,-8.01342],[111.56601,-8.01347]]]}},{"type":"Feature","properties":{"KODE":5,"KELAS":5,"NAMA":"> 30 menit","LUAS_HA":0.115,"_cls":"> 30 menit"},"geometry":{"type":"Polygon","coordinates":[[[111.58761,-8.01398],[111.58712,-8.01394],[111.58706,-8.01368],[111.58749,-8.0138],[111.58761,-8.01398]]]}},{"type":"Feature","properties":{"KODE":5,"KELAS":5,"NAMA":"> 30 menit","LUAS_HA":3.547,"_cls":"> 30 menit"},"geometry":{"type":"Polygon","coordinates":[[[111.58761,-8.01398],[111.58779,-8.01386],[111.58804,-8.01343],[111.58835,-8.01321],[111.58841,-8.01294],[111.58833,-8.0126],[111.58855,-8.01244],[111.58864,-8.01221],[111.5891,-8.01209],[111.5889,-8.01169],[111.58864,-8.01159],[111.58848,-8.01131],[111.58812,-8.0111],[111.58839,-8.01063],[111.58857,-8.01051],[111.58865,-8.00978],[111.58883,-8.00992],[111.58902,-8.01045],[111.58929,-8.01064],[111.58938,-8.0112],[111.58973,-8.01133],[111.58966,-8.01159],[111.58941,-8.01176],[111.58931,-8.01221],[111.58969,-8.01248],[111.58932,-8.01269],[111.5892,-8.01286],[111.58889,-8.01304],[111.5887,-8.01353],[111.58837,-8.01366],[111.58785,-8.01411],[111.58765,-8.01404],[111.58761,-8.01398]]]}},{"type":"Feature","properties":{"KODE":4,"KELAS":4,"NAMA":"15-30 menit","LUAS_HA":4.638,"_cls":"15-30 menit"},"geometry":{"type":"Polygon","coordinates":[[[111.57626,-8.01083],[111.57648,-8.01106],[111.57703,-8.01132],[111.57684,-8.01192],[111.57644,-8.01267],[111.57681,-8.01351],[111.57667,-8.01377],[111.57659,-8.01423],[111.57607,-8.01405],[111.57519,-8.01441],[111.57513,-8.01422],[111.57513,-8.01404],[111.57501,-8.0137],[111.57505,-8.01288],[111.57488,-8.0127],[111.57441,-8.01236],[111.57487,-8.01242],[111.57538,-8.01269],[111.57588,-8.01238],[111.57617,-8.01168],[111.57626,-8.01083]]]}},{"type":"Feature","properties":{"KODE":3,"KELAS":3,"NAMA":"10-15 menit","LUAS_HA":0.021,"_cls":"10-15 menit"},"geometry":{"type":"Polygon","coordinates":[[[111.57336,-8.01455],[111.57343,-8.01442],[111.57366,-8.01451],[111.57336,-8.01455]]]}},{"type":"Feature","properties":{"KODE":4,"KELAS":4,"NAMA":"15-30 menit","LUAS_HA":0.006,"_cls":"15-30 menit"},"geometry":{"type":"Polygon","coordinates":[[[111.5485,-8.01557],[111.54839,-8.01554],[111.54847,-8.01547],[111.5485,-8.01557]]]}},{"type":"Feature","properties":{"KODE":5,"KELAS":5,"NAMA":"> 30 menit","LUAS_HA":0.441,"_cls":"> 30 menit"},"geometry":{"type":"Polygon","coordinates":[[[111.57546,-8.01753],[111.57523,-8.01746],[111.57566,-8.0172],[111.57686,-8.0171],[111.57664,-8.01739],[111.5755,-8.01748],[111.57546,-8.01753]]]}},{"type":"Feature","properties":{"KODE":5,"KELAS":5,"NAMA":"> 30 menit","LUAS_HA":0.151,"_cls":"> 30 menit"},"geometry":{"type":"Polygon","coordinates":[[[111.56801,-8.01817],[111.56785,-8.01806],[111.56761,-8.01751],[111.5677,-8.01728],[111.56778,-8.0175],[111.56789,-8.01767],[111.56801,-8.01817]]]}},{"type":"Feature","properties":{"KODE":4,"KELAS":4,"NAMA":"15-30 menit","LUAS_HA":3.785,"_cls":"15-30 menit"},"geometry":{"type":"Polygon","coordinates":[[[111.57727,-8.01843],[111.57714,-8.01838],[111.57535,-8.01826],[111.57497,-8.01784],[111.57462,-8.01786],[111.57543,-8.01695],[111.57586,-8.01692],[111.57647,-8.01696],[111.57707,-8.0167],[111.57724,-8.01707],[111.57777,-8.01782],[111.57761,-8.01819],[111.57727,-8.01843]],[[111.57546,-8.01753],[111.5755,-8.01748],[111.57664,-8.01739],[111.57686,-8.0171],[111.57566,-8.0172],[111.57523,-8.01746],[111.57546,-8.01753]]]}},{"type":"Feature","properties":{"KODE":4,"KELAS":4,"NAMA":"15-30 menit","LUAS_HA":2.709,"_cls":"15-30 menit"},"geometry":{"type":"Polygon","coordinates":[[[111.5485,-8.01557],[111.54863,-8.01569],[111.54892,-8.01624],[111.54871,-8.01682],[111.54885,-8.01733],[111.54882,-8.0177],[111.54909,-8.01809],[111.54879,-8.01869],[111.54849,-8.01871],[111.54808,-8.01845],[111.54789,-8.01812],[111.548,-8.01684],[111.54842,-8.01609],[111.54846,-8.01562],[111.5485,-8.01557]]]}},{"type":"Feature","properties":{"KODE":5,"KELAS":5,"NAMA":"> 30 menit","LUAS_HA":0.902,"_cls":"> 30 menit"},"geometry":{"type":"Polygon","coordinates":[[[111.56801,-8.01817],[111.56859,-8.01834],[111.56867,-8.01918],[111.56833,-8.01939],[111.56823,-8.01993],[111.56806,-8.01985],[111.56778,-8.01936],[111.5676,-8.01921],[111.56779,-8.01902],[111.56822,-8.01906],[111.56842,-8.01871],[111.56801,-8.01817]]]}},{"type":"Feature","properties":{"KODE":3,"KELAS":3,"NAMA":"10-15 menit","LUAS_HA":2.732,"_cls":"10-15 menit"},"geometry":{"type":"Polygon","coordinates":[[[111.58789,-8.0205],[111.58775,-8.02038],[111.58778,-8.02009],[111.58775,-8.01979],[111.58786,-8.01927],[111.58829,-8.01873],[111.58821,-8.01836],[111.58776,-8.01783],[111.58807,-8.01733],[111.58843,-8.01706],[111.58902,-8.01742],[111.58922,-8.01794],[111.58903,-8.01846],[111.58883,-8.01862],[111.58848,-8.01919],[111.58834,-8.0193],[111.5882,-8.01954],[111.58821,-8.01964],[111.58811,-8.01981],[111.58803,-8.02018],[111.58789,-8.0205]]]}},{"type":"Feature","properties":{"KODE":2,"KELAS":2,"NAMA":"5-10 menit","LUAS_HA":0.683,"_cls":"5-10 menit"},"geometry":{"type":"Polygon","coordinates":[[[111.57301,-8.0207],[111.57253,-8.02065],[111.5717,-8.02042],[111.57181,-8.01984],[111.57222,-8.01994],[111.57252,-8.02019],[111.57269,-8.02039],[111.57289,-8.02055],[111.57301,-8.0207]]]}},{"type":"Feature","properties":{"KODE":2,"KELAS":2,"NAMA":"5-10 menit","LUAS_HA":0.01,"_cls":"5-10 menit"},"geometry":{"type":"Polygon","coordinates":[[[111.5731,-8.02079],[111.57301,-8.02079],[111.57301,-8.0207],[111.5731,-8.0207],[111.5731,-8.02079]]]}},{"type":"Feature","properties":{"KODE":2,"KELAS":2,"NAMA":"5-10 menit","LUAS_HA":0.006,"_cls":"5-10 menit"},"geometry":{"type":"Polygon","coordinates":[[[111.5731,-8.02079],[111.57321,-8.02082],[111.57313,-8.02089],[111.5731,-8.02079]]]}},{"type":"Feature","properties":{"KODE":3,"KELAS":3,"NAMA":"10-15 menit","LUAS_HA":0.006,"_cls":"10-15 menit"},"geometry":{"type":"Polygon","coordinates":[[[111.56947,-8.02143],[111.56936,-8.02139],[111.56944,-8.02132],[111.56947,-8.02143]]]}},{"type":"Feature","properties":{"KODE":3,"KELAS":3,"NAMA":"10-15 menit","LUAS_HA":0.006,"_cls":"10-15 menit"},"geometry":{"type":"Polygon","coordinates":[[[111.56956,-8.02179],[111.56953,-8.0219],[111.56946,-8.02182],[111.56956,-8.02179]]]}},{"type":"Feature","properties":{"KODE":2,"KELAS":2,"NAMA":"5-10 menit","LUAS_HA":1241.485,"_cls":"5-10 menit"},"geometry":{"type":"MultiPolygon","coordinates":[[[[111.57336,-8.01455],[111.57366,-8.01451],[111.57343,-8.01442],[111.57336,-8.01455],[111.57323,-8.01459],[111.57271,-8.01494],[111.57185,-8.01531],[111.57108,-8.01533],[111.57067,-8.01513],[111.57038,-8.01483],[111.56912,-8.0137],[111.56878,-8.01387],[111.56814,-8.01396],[111.56774,-8.01407],[111.56689,-8.01405],[111.5666,-8.01415],[111.56651,-8.01442],[111.56633,-8.0147],[111.56634,-8.01514],[111.56615,-8.01541],[111.56603,-8.01589],[111.56542,-8.01569],[111.56472,-8.0151],[111.56408,-8.01533],[111.56371,-8.01516],[111.56356,-8.01487],[111.56379,-8.01451],[111.56433,-8.01384],[111.56434,-8.01335],[111.56407,-8.01308],[111.56383,-8.01273],[111.56361,-8.01262],[111.56315,-8.01225],[111.56244,-8.01243],[111.56242,-8.01233],[111.56244,-8.01163],[111.56162,-8.01136],[111.56115,-8.0109],[111.56081,-8.01108],[111.55981,-8.0111],[111.5597,-8.01098],[111.55892,-8.011],[111.55863,-8.01015],[111.55906,-8.00973],[111.56051,-8.009],[111.56151,-8.00936],[111.56187,-8.00918],[111.56206,-8.00918],[111.56233,-8.00936],[111.56279,-8.00936],[111.56321,-8.00925],[111.56428,-8.00927],[111.56513,-8.00915],[111.56576,-8.00874],[111.5664,-8.0082],[111.56749,-8.00756],[111.56795,-8.00718],[111.56823,-8.007],[111.56858,-8.0063],[111.56786,-8.00619],[111.56756,-8.00604],[111.56715,-8.00646],[111.56697,-8.00646],[111.56634,-8.00631],[111.56596,-8.00575],[111.56567,-8.00515],[111.56496,-8.00473],[111.56505,-8.00455],[111.56523,-8.00438],[111.56576,-8.00367],[111.56716,-8.00352],[111.5675,-8.00374],[111.56759,-8.00384],[111.56785,-8.00383],[111.56804,-8.00393],[111.56877,-8.00401],[111.56929,-8.00419],[111.56966,-8.0042],[111.57049,-8.00392],[111.57079,-8.00412],[111.57113,-8.00401],[111.57139,-8.00401],[111.57158,-8.00392],[111.57202,-8.00359],[111.5723,-8.00374],[111.57318,-8.00391],[111.57349,-8.00401],[111.57371,-8.00412],[111.57439,-8.00383],[111.57448,-8.00383],[111.57475,-8.00337],[111.57511,-8.00303],[111.57512,-8.00238],[111.57493,-8.00211],[111.57484,-8.00165],[111.57475,-8.00147],[111.57466,-8.00066],[111.57449,-8.00033],[111.57486,-8.0002],[111.57555,-8.0002],[111.57611,-8.00038],[111.57626,-8.00054],[111.57646,-8.00013],[111.57668,-7.9998],[111.57647,-7.9994],[111.57648,-7.99885],[111.57602,-7.99858],[111.57584,-7.99831],[111.5752,-7.9982],[111.5752,-7.99789],[111.57556,-7.9974],[111.57541,-7.99711],[111.57556,-7.99668],[111.57515,-7.99658],[111.57547,-7.99596],[111.57538,-7.99577],[111.57524,-7.99564],[111.57492,-7.99487],[111.57493,-7.99478],[111.5747,-7.99445],[111.57537,-7.9938],[111.57538,-7.99342],[111.57519,-7.99351],[111.57466,-7.99387],[111.57402,-7.99387],[111.57327,-7.99433],[111.57292,-7.99424],[111.57293,-7.99385],[111.57256,-7.99361],[111.57222,-7.99309],[111.57176,-7.99264],[111.57156,-7.99225],[111.57174,-7.9919],[111.57165,-7.9918],[111.57129,-7.99198],[111.57099,-7.99259],[111.57057,-7.99274],[111.5702,-7.99261],[111.56886,-7.99249],[111.56866,-7.99192],[111.56855,-7.99127],[111.56866,-7.99063],[111.56892,-7.98997],[111.56902,-7.98918],[111.56965,-7.98817],[111.56956,-7.98773],[111.56938,-7.9872],[111.56937,-7.98657],[111.56968,-7.98596],[111.56956,-7.98583],[111.56911,-7.9855],[111.5691,-7.98521],[111.56919,-7.98511],[111.56982,-7.98473],[111.56983,-7.98447],[111.56965,-7.9843],[111.56965,-7.9842],[111.56992,-7.9838],[111.5691,-7.98375],[111.56858,-7.98376],[111.5683,-7.98363],[111.56773,-7.98269],[111.56792,-7.98214],[111.56783,-7.98185],[111.5677,-7.9816],[111.56792,-7.98096],[111.56803,-7.98015],[111.56819,-7.97948],[111.56839,-7.97892],[111.56819,-7.97842],[111.56785,-7.97776],[111.56765,-7.97718],[111.56798,-7.97669],[111.56728,-7.97671],[111.56717,-7.97648],[111.5673,-7.97608],[111.56704,-7.97595],[111.56673,-7.97624],[111.56604,-7.97767],[111.56518,-7.97843],[111.56477,-7.97842],[111.56437,-7.97903],[111.56401,-7.97915],[111.56304,-7.97915],[111.56229,-7.97879],[111.56202,-7.97861],[111.56163,-7.97842],[111.56128,-7.97797],[111.56111,-7.97761],[111.56037,-7.9772],[111.55995,-7.97656],[111.55975,-7.97635],[111.55929,-7.97608],[111.55881,-7.9757],[111.55796,-7.97529],[111.5574,-7.97492],[111.55727,-7.97393],[111.55611,-7.97379],[111.55611,-7.97347],[111.55625,-7.97291],[111.55602,-7.97255],[111.55584,-7.97238],[111.55584,-7.97219],[111.55574,-7.97201],[111.55575,-7.97176],[111.55483,-7.97165],[111.55396,-7.97075],[111.5538,-7.97086],[111.55339,-7.97129],[111.55302,-7.97138],[111.55293,-7.97276],[111.55226,-7.9734],[111.55206,-7.97443],[111.55178,-7.97472],[111.55123,-7.97508],[111.5504,-7.97582],[111.54977,-7.97613],[111.54917,-7.97689],[111.54878,-7.97709],[111.54782,-7.97732],[111.5475,-7.97763],[111.54738,-7.97879],[111.54696,-7.97944],[111.54661,-7.97962],[111.54596,-7.97935],[111.54562,-7.97936],[111.54481,-7.9791],[111.54353,-7.97858],[111.54329,-7.97918],[111.54302,-7.9796],[111.54287,-7.97918],[111.54288,-7.97892],[111.54259,-7.97794],[111.54275,-7.97714],[111.54254,-7.9767],[111.54223,-7.97655],[111.54214,-7.97646],[111.54187,-7.97646],[111.54134,-7.97628],[111.54123,-7.97628],[111.54076,-7.97644],[111.54033,-7.97603],[111.54032,-7.97575],[111.54051,-7.97445],[111.5405,-7.97411],[111.54078,-7.97429],[111.54123,-7.9752],[111.54151,-7.97588],[111.5422,-7.97553],[111.54245,-7.97504],[111.54201,-7.97463],[111.54161,-7.97346],[111.54141,-7.97263],[111.54052,-7.97294],[111.54032,-7.97293],[111.54023,-7.97312],[111.53968,-7.97339],[111.53997,-7.97353],[111.54016,-7.97407],[111.53996,-7.97448],[111.53975,-7.97469],[111.54015,-7.97605],[111.53983,-7.97646],[111.53934,-7.97647],[111.53897,-7.97628],[111.5387,-7.97647],[111.53799,-7.97664],[111.53737,-7.97694],[111.53715,-7.97736],[111.53733,-7.97746],[111.53805,-7.97775],[111.53697,-7.9781],[111.53666,-7.97896],[111.53651,-7.97882],[111.53602,-7.97734],[111.5357,-7.97701],[111.53552,-7.97664],[111.53523,-7.97637],[111.53472,-7.97523],[111.53345,-7.97566],[111.53325,-7.97566],[111.5338,-7.97734],[111.53446,-7.97766],[111.5338,-7.97792],[111.53356,-7.97841],[111.53276,-7.97874],[111.53201,-7.9784],[111.5317,-7.97764],[111.53246,-7.97532],[111.53211,-7.97498],[111.53133,-7.97475],[111.53107,-7.97476],[111.53028,-7.9745],[111.53007,-7.9744],[111.52995,-7.97427],[111.52944,-7.97454],[111.52951,-7.97286],[111.52953,-7.97087],[111.52851,-7.97083],[111.52803,-7.97087],[111.52495,-7.97098],[111.5249,-7.97094],[111.52698,-7.96983],[111.52608,-7.96775],[111.52525,-7.96744],[111.52507,-7.96726],[111.52413,-7.96705],[111.52356,-7.96734],[111.52326,-7.96744],[111.52293,-7.96761],[111.52209,-7.96789],[111.52199,-7.96799],[111.52199,-7.96815],[111.52182,-7.96818],[111.52158,-7.96831],[111.52148,-7.96669],[111.52144,-7.96664],[111.52134,-7.96662],[111.52131,-7.96658],[111.52127,-7.96611],[111.51877,-7.96601],[111.5188,-7.96352],[111.52011,-7.96337],[111.52025,-7.96334],[111.52053,-7.9632],[111.52129,-7.96315],[111.52245,-7.9633],[111.52346,-7.96335],[111.52461,-7.96348],[111.52489,-7.96355],[111.52516,-7.96355],[111.52616,-7.96382],[111.52712,-7.964],[111.52724,-7.964],[111.52728,-7.96428],[111.52739,-7.96434],[111.52763,-7.96457],[111.52782,-7.96463],[111.52829,-7.96459],[111.52842,-7.96464],[111.52861,-7.96482],[111.52881,-7.96481],[111.52903,-7.96485],[111.5291,-7.96483],[111.52913,-7.96481],[111.52923,-7.96457],[111.5293,-7.96452],[111.52939,-7.96451],[111.5296,-7.9647],[111.52967,-7.96491],[111.52978,-7.96493],[111.53009,-7.9649],[111.53027,-7.96518],[111.53042,-7.96531],[111.53059,-7.96529],[111.53058,-7.96503],[111.5307,-7.96497],[111.53077,-7.96489],[111.53082,-7.9664],[111.53089,-7.96641],[111.5309,-7.96636],[111.53125,-7.96641],[111.53185,-7.96644],[111.53192,-7.96659],[111.53192,-7.96678],[111.53232,-7.96683],[111.5328,-7.96687],[111.53281,-7.96681],[111.53345,-7.96681],[111.53354,-7.96684],[111.53363,-7.96693],[111.53378,-7.96688],[111.53401,-7.96685],[111.53408,-7.96678],[111.53526,-7.96682],[111.53532,-7.96687],[111.5355,-7.96724],[111.53578,-7.96742],[111.53596,-7.9678],[111.536,-7.96773],[111.53608,-7.96894],[111.53625,-7.96879],[111.53635,-7.96866],[111.53656,-7.96869],[111.5367,-7.96874],[111.53684,-7.96896],[111.53716,-7.96922],[111.5372,-7.96958],[111.53732,-7.9698],[111.53769,-7.97013],[111.53801,-7.97071],[111.53817,-7.97093],[111.53835,-7.97107],[111.5386,-7.97104],[111.5389,-7.97095],[111.53889,-7.97061],[111.53892,-7.97015],[111.5411,-7.97045],[111.5412,-7.96891],[111.54093,-7.9688],[111.54089,-7.96867],[111.54088,-7.96856],[111.54091,-7.96842],[111.54089,-7.96825],[111.54083,-7.96817],[111.54066,-7.96681],[111.54071,-7.96654],[111.54122,-7.9667],[111.5415,-7.96669],[111.54225,-7.96688],[111.5424,-7.96687],[111.54276,-7.96697],[111.5434,-7.96705],[111.54367,-7.96715],[111.54395,-7.96714],[111.54455,-7.9673],[111.5467,-7.96758],[111.54812,-7.96794],[111.54832,-7.96816],[111.54857,-7.96868],[111.5483,-7.96867],[111.54765,-7.96887],[111.54737,-7.96886],[111.54672,-7.96908],[111.54668,-7.96898],[111.5466,-7.96905],[111.54672,-7.96908],[111.54684,-7.96922],[111.54794,-7.96967],[111.54842,-7.96992],[111.54925,-7.97022],[111.5496,-7.97041],[111.54956,-7.97152],[111.54921,-7.97184],[111.5494,-7.97202],[111.54939,-7.97256],[111.54945,-7.97265],[111.55025,-7.97179],[111.55075,-7.97132],[111.55116,-7.97068],[111.55167,-7.97048],[111.552,-7.97015],[111.55241,-7.97002],[111.55284,-7.97002],[111.5538,-7.97019],[111.55477,-7.97044],[111.55565,-7.97111],[111.55688,-7.97142],[111.55718,-7.97174],[111.55768,-7.97183],[111.55814,-7.97232],[111.55911,-7.97273],[111.55937,-7.97313],[111.56022,-7.97346],[111.56053,-7.97345],[111.56119,-7.97291],[111.56189,-7.97438],[111.56247,-7.97472],[111.56255,-7.9749],[111.56366,-7.97505],[111.56364,-7.97535],[111.56387,-7.97589],[111.56404,-7.97622],[111.56476,-7.97652],[111.56557,-7.97596],[111.56631,-7.97495],[111.56688,-7.9748],[111.56727,-7.97507],[111.56763,-7.97524],[111.56837,-7.97534],[111.56892,-7.97623],[111.5701,-7.97678],[111.57097,-7.97724],[111.57119,-7.97794],[111.57082,-7.97877],[111.57072,-7.97909],[111.57083,-7.97963],[111.57081,-7.98008],[111.57039,-7.98036],[111.56999,-7.98078],[111.5698,-7.98161],[111.57015,-7.98241],[111.57074,-7.98275],[111.57119,-7.98339],[111.57128,-7.98411],[111.5714,-7.98467],[111.57243,-7.98519],[111.57276,-7.98529],[111.57255,-7.98622],[111.57225,-7.98713],[111.57169,-7.98739],[111.5713,-7.98862],[111.57086,-7.98903],[111.57063,-7.99002],[111.57066,-7.99073],[111.57098,-7.99104],[111.57176,-7.99077],[111.57219,-7.99017],[111.57229,-7.99008],[111.57238,-7.98989],[111.57263,-7.98965],[111.57277,-7.99009],[111.57262,-7.99052],[111.57293,-7.9908],[111.57291,-7.99118],[111.57273,-7.99136],[111.57256,-7.99191],[111.57299,-7.99282],[111.57311,-7.99269],[111.57311,-7.99202],[111.57356,-7.9918],[111.5738,-7.99155],[111.57365,-7.99125],[111.57383,-7.99109],[111.57419,-7.99034],[111.57442,-7.99035],[111.57526,-7.99064],[111.5756,-7.99057],[111.57545,-7.99098],[111.57554,-7.99131],[111.57541,-7.99173],[111.57492,-7.99191],[111.57478,-7.99211],[111.57468,-7.99214],[111.57475,-7.99222],[111.57478,-7.99211],[111.57492,-7.99216],[111.57537,-7.99217],[111.57573,-7.99188],[111.57607,-7.99167],[111.57655,-7.99114],[111.57668,-7.99143],[111.57664,-7.99207],[111.57673,-7.99279],[111.57684,-7.99329],[111.57655,-7.99342],[111.57643,-7.99356],[111.57648,-7.99413],[111.57694,-7.99443],[111.57689,-7.99509],[111.57693,-7.99554],[111.57726,-7.99582],[111.57806,-7.99576],[111.57894,-7.99615],[111.5789,-7.99663],[111.57893,-7.99699],[111.5789,-7.99746],[111.57815,-7.99762],[111.57812,-7.99752],[111.57804,-7.99759],[111.57815,-7.99762],[111.57819,-7.99777],[111.57862,-7.99789],[111.57875,-7.99823],[111.57805,-7.99866],[111.57792,-7.99911],[111.57784,-7.99994],[111.57774,-8.00038],[111.57786,-8.0011],[111.57784,-8.00138],[111.57769,-8.00164],[111.57757,-8.00193],[111.57729,-8.00237],[111.57685,-8.00319],[111.5765,-8.00351],[111.57625,-8.00387],[111.57576,-8.00433],[111.576,-8.00445],[111.57634,-8.00396],[111.5765,-8.00385],[111.57665,-8.00363],[111.57689,-8.00355],[111.57701,-8.00336],[111.57718,-8.00325],[111.57769,-8.00248],[111.5781,-8.00265],[111.57843,-8.00269],[111.57846,-8.00279],[111.57854,-8.00272],[111.57843,-8.00269],[111.5783,-8.00246],[111.57792,-8.00223],[111.57794,-8.00204],[111.57852,-8.00127],[111.57866,-8.00058],[111.57866,-8.00038],[111.57848,-7.99983],[111.57837,-7.99975],[111.57848,-7.99957],[111.5786,-7.99914],[111.57911,-7.99885],[111.57944,-7.9986],[111.57975,-7.99786],[111.57975,-7.9976],[111.58007,-7.99747],[111.58037,-7.99758],[111.58101,-7.99766],[111.58144,-7.99786],[111.5816,-7.9978],[111.58163,-7.99791],[111.58171,-7.99783],[111.5816,-7.9978],[111.58107,-7.99716],[111.58083,-7.99703],[111.57983,-7.99687],[111.57992,-7.99667],[111.58037,-7.99658],[111.58065,-7.99649],[111.5811,-7.9965],[111.58086,-7.99623],[111.58063,-7.99612],[111.58037,-7.99586],[111.5801,-7.99568],[111.57974,-7.99514],[111.57875,-7.99514],[111.57844,-7.99485],[111.57878,-7.99391],[111.57892,-7.99378],[111.57951,-7.99379],[111.58024,-7.99324],[111.58037,-7.99287],[111.58049,-7.99235],[111.58127,-7.99198],[111.58127,-7.99163],[111.58091,-7.99115],[111.58078,-7.9909],[111.58041,-7.99078],[111.57967,-7.99113],[111.57936,-7.99143],[111.57927,-7.99171],[111.57867,-7.992],[111.57852,-7.99278],[111.57819,-7.99259],[111.5782,-7.99129],[111.57792,-7.98993],[111.57841,-7.99018],[111.57899,-7.98989],[111.57986,-7.98989],[111.58017,-7.99049],[111.58025,-7.99042],[111.58014,-7.99039],[111.58018,-7.99025],[111.58018,-7.98979],[111.58045,-7.98953],[111.58054,-7.98907],[111.5809,-7.98848],[111.58059,-7.9877],[111.57981,-7.98727],[111.57983,-7.98646],[111.5797,-7.98562],[111.57945,-7.98538],[111.57917,-7.98491],[111.57861,-7.98464],[111.57695,-7.98462],[111.57728,-7.98414],[111.57726,-7.98357],[111.57736,-7.98329],[111.57736,-7.98318],[111.57716,-7.98261],[111.57718,-7.98117],[111.57809,-7.98157],[111.57843,-7.98157],[111.57853,-7.98093],[111.57872,-7.98112],[111.57917,-7.98111],[111.57938,-7.98122],[111.58008,-7.98193],[111.58116,-7.98254],[111.58126,-7.98274],[111.58216,-7.98328],[111.58226,-7.98337],[111.58244,-7.98346],[111.58253,-7.98355],[111.58347,-7.98402],[111.58389,-7.98446],[111.58421,-7.98459],[111.58421,-7.98468],[111.5843,-7.98468],[111.58433,-7.98479],[111.58441,-7.98471],[111.5843,-7.98468],[111.5843,-7.98459],[111.58421,-7.98459],[111.58426,-7.98446],[111.58379,-7.98381],[111.58318,-7.98259],[111.58298,-7.98229],[111.58197,-7.98154],[111.58172,-7.98076],[111.58116,-7.97985],[111.58098,-7.97967],[111.58098,-7.97941],[111.58126,-7.97842],[111.58107,-7.97786],[111.58098,-7.97731],[111.58078,-7.97663],[111.58107,-7.97596],[111.58125,-7.97578],[111.58112,-7.97511],[111.58061,-7.97461],[111.58049,-7.97424],[111.58034,-7.97433],[111.58025,-7.97461],[111.5799,-7.97494],[111.57957,-7.97558],[111.57939,-7.97632],[111.57854,-7.97634],[111.57829,-7.97596],[111.57797,-7.97596],[111.57832,-7.97563],[111.5788,-7.97471],[111.5787,-7.97422],[111.57825,-7.97335],[111.57825,-7.9732],[111.57894,-7.97303],[111.57916,-7.9727],[111.57943,-7.97252],[111.57963,-7.97233],[111.57944,-7.97154],[111.57897,-7.97073],[111.57788,-7.97026],[111.57738,-7.97039],[111.57716,-7.97018],[111.57687,-7.96916],[111.5765,-7.96841],[111.57472,-7.96768],[111.57394,-7.96755],[111.57298,-7.96719],[111.57298,-7.96674],[111.57318,-7.96616],[111.57299,-7.9656],[111.57286,-7.96532],[111.5722,-7.9651],[111.57155,-7.96542],[111.57133,-7.96607],[111.57162,-7.96666],[111.57205,-7.96741],[111.57179,-7.96766],[111.57153,-7.96819],[111.57048,-7.96861],[111.5698,-7.96828],[111.56919,-7.96767],[111.56864,-7.9673],[111.56772,-7.96699],[111.56708,-7.9672],[111.56683,-7.96669],[111.5663,-7.96656],[111.56591,-7.96675],[111.56556,-7.96757],[111.56518,-7.96745],[111.56518,-7.96659],[111.565,-7.96603],[111.56436,-7.96571],[111.56343,-7.96539],[111.562,-7.96595],[111.56183,-7.96577],[111.56117,-7.96551],[111.56091,-7.96576],[111.5609,-7.96612],[111.561,-7.96631],[111.56127,-7.96703],[111.56146,-7.96738],[111.56127,-7.96749],[111.55946,-7.96658],[111.55876,-7.96629],[111.55823,-7.9652],[111.55771,-7.9645],[111.55638,-7.96396],[111.55502,-7.96453],[111.55474,-7.96496],[111.55287,-7.96443],[111.55229,-7.96433],[111.55212,-7.96433],[111.55123,-7.96414],[111.55066,-7.96299],[111.55048,-7.9628],[111.54966,-7.96244],[111.54866,-7.96273],[111.54798,-7.96257],[111.54767,-7.96202],[111.54725,-7.96188],[111.5468,-7.96209],[111.54642,-7.96272],[111.546,-7.96388],[111.54575,-7.96389],[111.54561,-7.96384],[111.54567,-7.96371],[111.54567,-7.96357],[111.54562,-7.96313],[111.54566,-7.96302],[111.54592,-7.96286],[111.54594,-7.96275],[111.54577,-7.96259],[111.54556,-7.96227],[111.54534,-7.96223],[111.54523,-7.96227],[111.54504,-7.96226],[111.54499,-7.96209],[111.54503,-7.96189],[111.5452,-7.96163],[111.54525,-7.96147],[111.54538,-7.9613],[111.54565,-7.96128],[111.54687,-7.9616],[111.54723,-7.96175],[111.5476,-7.96174],[111.54772,-7.96043],[111.54715,-7.96041],[111.54627,-7.96027],[111.54451,-7.96011],[111.54429,-7.96044],[111.54413,-7.96055],[111.54377,-7.96069],[111.54345,-7.96068],[111.5432,-7.9606],[111.54299,-7.96067],[111.54246,-7.96066],[111.54246,-7.9606],[111.54192,-7.96059],[111.54185,-7.96054],[111.54165,-7.96053],[111.5412,-7.96044],[111.5409,-7.96045],[111.54087,-7.95988],[111.54083,-7.95986],[111.54007,-7.95998],[111.53999,-7.95983],[111.53999,-7.95971],[111.53958,-7.95985],[111.53952,-7.95978],[111.53935,-7.95974],[111.53916,-7.95959],[111.53899,-7.95959],[111.53893,-7.95956],[111.53881,-7.95937],[111.53868,-7.9589],[111.53868,-7.95887],[111.53887,-7.95876],[111.53871,-7.95839],[111.5385,-7.95803],[111.53811,-7.95746],[111.53818,-7.95742],[111.53827,-7.9573],[111.53847,-7.95688],[111.53852,-7.95671],[111.53858,-7.95623],[111.53866,-7.95602],[111.53872,-7.95594],[111.53893,-7.95583],[111.53896,-7.95577],[111.53895,-7.95564],[111.53888,-7.95553],[111.53888,-7.95523],[111.5388,-7.95502],[111.5388,-7.95491],[111.53816,-7.95476],[111.53758,-7.95472],[111.53759,-7.95514],[111.53685,-7.95514],[111.53692,-7.9557],[111.5368,-7.95577],[111.53642,-7.95579],[111.53642,-7.95586],[111.5362,-7.95595],[111.53567,-7.95633],[111.53496,-7.95636],[111.53386,-7.95625],[111.53327,-7.95625],[111.53302,-7.95703],[111.53297,-7.95707],[111.53248,-7.95711],[111.53214,-7.95708],[111.53185,-7.9571],[111.53171,-7.95639],[111.53167,-7.95535],[111.53237,-7.95547],[111.53296,-7.95515],[111.53279,-7.95466],[111.53307,-7.95398],[111.53341,-7.9535],[111.53367,-7.95292],[111.53407,-7.95267],[111.53467,-7.95269],[111.53512,-7.95253],[111.5353,-7.95195],[111.53551,-7.95155],[111.53548,-7.95105],[111.5356,-7.95073],[111.53596,-7.9505],[111.5362,-7.95052],[111.53666,-7.95087],[111.53687,-7.95097],[111.53698,-7.9511],[111.53685,-7.9512],[111.53671,-7.95154],[111.53696,-7.95194],[111.53713,-7.95255],[111.53762,-7.95263],[111.53767,-7.95275],[111.53783,-7.95267],[111.53762,-7.95263],[111.53757,-7.9525],[111.53776,-7.95231],[111.5383,-7.95214],[111.53902,-7.95183],[111.53951,-7.952],[111.53977,-7.95253],[111.53966,-7.95296],[111.5393,-7.95331],[111.53921,-7.95367],[111.53893,-7.95394],[111.53895,-7.95468],[111.53912,-7.95485],[111.53955,-7.95582],[111.53939,-7.9563],[111.5394,-7.95657],[111.53917,-7.95748],[111.53937,-7.95787],[111.53998,-7.95816],[111.54098,-7.95776],[111.54112,-7.95718],[111.54111,-7.95667],[111.54134,-7.9559],[111.54184,-7.95472],[111.54194,-7.95306],[111.54242,-7.95274],[111.54291,-7.95291],[111.54351,-7.95391],[111.54404,-7.95403],[111.54454,-7.95319],[111.54511,-7.95239],[111.54638,-7.95185],[111.54659,-7.95186],[111.54767,-7.95241],[111.54808,-7.95283],[111.54819,-7.95339],[111.54847,-7.95329],[111.54881,-7.95295],[111.54952,-7.95247],[111.55022,-7.95248],[111.55056,-7.953],[111.55045,-7.95333],[111.55027,-7.95367],[111.54936,-7.95411],[111.5498,-7.95453],[111.54928,-7.95465],[111.54929,-7.95493],[111.55002,-7.95528],[111.54949,-7.95559],[111.54992,-7.95664],[111.55014,-7.95697],[111.55066,-7.9582],[111.55201,-7.95818],[111.55255,-7.95827],[111.55355,-7.95836],[111.55411,-7.95845],[111.55466,-7.95958],[111.55421,-7.96077],[111.55328,-7.96116],[111.55319,-7.96139],[111.55423,-7.96164],[111.55633,-7.96087],[111.55804,-7.96144],[111.55945,-7.96172],[111.56023,-7.96191],[111.56058,-7.96228],[111.56126,-7.9621],[111.56223,-7.96253],[111.56291,-7.96218],[111.56364,-7.96187],[111.56526,-7.96259],[111.56641,-7.96307],[111.56705,-7.96339],[111.56751,-7.96358],[111.56801,-7.96282],[111.56874,-7.96239],[111.56953,-7.96214],[111.57181,-7.96106],[111.57259,-7.96024],[111.57338,-7.95959],[111.57324,-7.95906],[111.57324,-7.95887],[111.57338,-7.95819],[111.57358,-7.958],[111.5737,-7.95825],[111.57448,-7.95903],[111.57485,-7.95928],[111.57516,-7.95991],[111.57608,-7.95968],[111.57663,-7.95949],[111.57734,-7.9595],[111.5783,-7.95983],[111.5785,-7.96004],[111.57896,-7.96013],[111.57941,-7.96031],[111.58018,-7.96053],[111.58027,-7.96063],[111.58017,-7.96066],[111.58024,-7.96074],[111.58027,-7.96063],[111.58043,-7.96057],[111.5808,-7.96059],[111.58131,-7.96086],[111.5821,-7.9611],[111.58223,-7.96176],[111.58253,-7.9625],[111.58213,-7.96303],[111.58232,-7.9632],[111.58241,-7.96344],[111.58187,-7.96383],[111.58169,-7.9642],[111.58132,-7.96438],[111.58124,-7.96483],[111.58104,-7.96551],[111.58061,-7.96637],[111.58023,-7.9674],[111.58003,-7.96777],[111.58016,-7.96802],[111.58136,-7.96846],[111.58175,-7.96866],[111.58212,-7.96961],[111.58265,-7.96992],[111.58366,-7.97024],[111.5842,-7.97005],[111.5851,-7.97008],[111.58575,-7.97058],[111.58669,-7.9707],[111.58707,-7.9708],[111.58732,-7.97079],[111.5885,-7.97088],[111.58889,-7.97078],[111.59009,-7.97078],[111.59022,-7.97081],[111.59003,-7.97118],[111.58985,-7.97134],[111.58968,-7.97133],[111.58936,-7.97155],[111.58854,-7.97194],[111.58779,-7.97251],[111.58766,-7.9732],[111.58769,-7.97395],[111.58757,-7.9743],[111.58785,-7.97456],[111.5885,-7.97476],[111.5886,-7.97491],[111.58794,-7.97524],[111.5874,-7.97541],[111.58724,-7.9754],[111.5864,-7.97575],[111.58673,-7.97606],[111.58733,-7.97715],[111.58715,-7.97767],[111.58732,-7.978],[111.5881,-7.97826],[111.58844,-7.97878],[111.58925,-7.97909],[111.59016,-7.97939],[111.59033,-7.97956],[111.5906,-7.97965],[111.5909,-7.98005],[111.59106,-7.9804],[111.59103,-7.98074],[111.59053,-7.9801],[111.58898,-7.98011],[111.58816,-7.97997],[111.58706,-7.97957],[111.58633,-7.97943],[111.58588,-7.97949],[111.58667,-7.98006],[111.58715,-7.98029],[111.58742,-7.98047],[111.58814,-7.98081],[111.58834,-7.98112],[111.58833,-7.98149],[111.58946,-7.98231],[111.5897,-7.98292],[111.5894,-7.9829],[111.58848,-7.98235],[111.58797,-7.9821],[111.58768,-7.98181],[111.58732,-7.98164],[111.58692,-7.98122],[111.58643,-7.98111],[111.58593,-7.98071],[111.58536,-7.98086],[111.58467,-7.98049],[111.58393,-7.98043],[111.5839,-7.98033],[111.58382,-7.9804],[111.58393,-7.98043],[111.58398,-7.98057],[111.58516,-7.98138],[111.58532,-7.98172],[111.58554,-7.98203],[111.58572,-7.98242],[111.58688,-7.98316],[111.58754,-7.98337],[111.5878,-7.98365],[111.58797,-7.98436],[111.58808,-7.98467],[111.58797,-7.98508],[111.58821,-7.9853],[111.58855,-7.98544],[111.58924,-7.9852],[111.58978,-7.98549],[111.59011,-7.98618],[111.58978,-7.98679],[111.59011,-7.98777],[111.58998,-7.98843],[111.58989,-7.98906],[111.58942,-7.98915],[111.58921,-7.98939],[111.58952,-7.98967],[111.58964,-7.98992],[111.59002,-7.99017],[111.59025,-7.99042],[111.59055,-7.99051],[111.5911,-7.99031],[111.59161,-7.99033],[111.59278,-7.99029],[111.59328,-7.99046],[111.59343,-7.99078],[111.59369,-7.99102],[111.59384,-7.99133],[111.5942,-7.99127],[111.59416,-7.9917],[111.59383,-7.99213],[111.59366,-7.99218],[111.59344,-7.99169],[111.59332,-7.99088],[111.59281,-7.99086],[111.59244,-7.99099],[111.59171,-7.99093],[111.59157,-7.99138],[111.5912,-7.99158],[111.59084,-7.99161],[111.59044,-7.99158],[111.59007,-7.99161],[111.58989,-7.99141],[111.58972,-7.99142],[111.589,-7.99112],[111.58841,-7.99117],[111.58808,-7.99105],[111.58702,-7.99083],[111.58658,-7.99001],[111.5862,-7.98853],[111.58644,-7.9881],[111.58616,-7.98816],[111.58601,-7.98834],[111.58583,-7.98835],[111.58546,-7.98819],[111.58526,-7.98789],[111.58512,-7.98759],[111.58472,-7.98707],[111.58447,-7.98709],[111.58394,-7.98664],[111.58377,-7.98627],[111.58371,-7.98635],[111.58362,-7.98665],[111.58344,-7.98681],[111.58356,-7.98714],[111.58364,-7.98816],[111.58362,-7.98848],[111.58364,-7.98869],[111.58345,-7.98953],[111.58325,-7.99],[111.58336,-7.99037],[111.58363,-7.9906],[111.58381,-7.99081],[111.58426,-7.99106],[111.58486,-7.99129],[111.58508,-7.99215],[111.5855,-7.99241],[111.5859,-7.99363],[111.58544,-7.99377],[111.58556,-7.99447],[111.58638,-7.99483],[111.58679,-7.9953],[111.5872,-7.99512],[111.58742,-7.99486],[111.5876,-7.99484],[111.58807,-7.99505],[111.58811,-7.99547],[111.5879,-7.99567],[111.58757,-7.99582],[111.58754,-7.99621],[111.58765,-7.99641],[111.58763,-7.99666],[111.58773,-7.99693],[111.58763,-7.9972],[111.58774,-7.9977],[111.5875,-7.99818],[111.58775,-7.9984],[111.58793,-7.99889],[111.58781,-7.99902],[111.58754,-7.99854],[111.58706,-7.99833],[111.58699,-7.99748],[111.58701,-7.9973],[111.58675,-7.99728],[111.58663,-7.99738],[111.58666,-7.99799],[111.58627,-7.99811],[111.58592,-7.99866],[111.58572,-7.99883],[111.58528,-7.99954],[111.58462,-7.99974],[111.58408,-8.00037],[111.58383,-8.00039],[111.58361,-8.00026],[111.58327,-8.00039],[111.58303,-8.00037],[111.58281,-8.00055],[111.58291,-8.00177],[111.5826,-8.00226],[111.58177,-8.00282],[111.58112,-8.00386],[111.58109,-8.00444],[111.58159,-8.00409],[111.58191,-8.00431],[111.58203,-8.00458],[111.58237,-8.00487],[111.58265,-8.00533],[111.58311,-8.00535],[111.58358,-8.00545],[111.58401,-8.00546],[111.58442,-8.00543],[111.58492,-8.00578],[111.58565,-8.00589],[111.58625,-8.00628],[111.58646,-8.00653],[111.58681,-8.00668],[111.58703,-8.00708],[111.58683,-8.00763],[111.58664,-8.00779],[111.5865,-8.00812],[111.5861,-8.00824],[111.58561,-8.00851],[111.58509,-8.00824],[111.58469,-8.00753],[111.58452,-8.00716],[111.58355,-8.00694],[111.58321,-8.00665],[111.58299,-8.0063],[111.58242,-8.00666],[111.5818,-8.00639],[111.58148,-8.00607],[111.5813,-8.00609],[111.58117,-8.00574],[111.58121,-8.00503],[111.58111,-8.00471],[111.58102,-8.00509],[111.58051,-8.0052],[111.58034,-8.00552],[111.5804,-8.0063],[111.58037,-8.00662],[111.58041,-8.00709],[111.58029,-8.00736],[111.57993,-8.00733],[111.57981,-8.00788],[111.57954,-8.00831],[111.57918,-8.00854],[111.57895,-8.0088],[111.57875,-8.00897],[111.57848,-8.00952],[111.57849,-8.00986],[111.57827,-8.01012],[111.57795,-8.0104],[111.57774,-8.01087],[111.57755,-8.01037],[111.57827,-8.00975],[111.57795,-8.00947],[111.57785,-8.00924],[111.57749,-8.00874],[111.57746,-8.00832],[111.57776,-8.00789],[111.57775,-8.00775],[111.57784,-8.00744],[111.57803,-8.00717],[111.57802,-8.00707],[111.57816,-8.00676],[111.57827,-8.00673],[111.57819,-8.00665],[111.57816,-8.00676],[111.57777,-8.00672],[111.57783,-8.00643],[111.57789,-8.00631],[111.57799,-8.00628],[111.57792,-8.0062],[111.57789,-8.00631],[111.57769,-8.00637],[111.57731,-8.00682],[111.57645,-8.00719],[111.57607,-8.00715],[111.57485,-8.00754],[111.57463,-8.00752],[111.57403,-8.0078],[111.57356,-8.0082],[111.57316,-8.00837],[111.57303,-8.00871],[111.57325,-8.00909],[111.57294,-8.00952],[111.57265,-8.01015],[111.57234,-8.01052],[111.57231,-8.01025],[111.57233,-8.01008],[111.57195,-8.01004],[111.57129,-8.01042],[111.57036,-8.01057],[111.57033,-8.01046],[111.57025,-8.01054],[111.57036,-8.01057],[111.57028,-8.01101],[111.5696,-8.01161],[111.5692,-8.01173],[111.56905,-8.01207],[111.56859,-8.01288],[111.56855,-8.01292],[111.56845,-8.01296],[111.56852,-8.01304],[111.56855,-8.01292],[111.56914,-8.01306],[111.56951,-8.01293],[111.57059,-8.01342],[111.57121,-8.01356],[111.5715,-8.01405],[111.57174,-8.01416],[111.57267,-8.01364],[111.5724,-8.01315],[111.57242,-8.01281],[111.57231,-8.0125],[111.57232,-8.01229],[111.57273,-8.01238],[111.57256,-8.01265],[111.57284,-8.01296],[111.57297,-8.01245],[111.57284,-8.01209],[111.57314,-8.01224],[111.57354,-8.01203],[111.57368,-8.01158],[111.57368,-8.01118],[111.57418,-8.01111],[111.57394,-8.01164],[111.57395,-8.01188],[111.57358,-8.01249],[111.57376,-8.013],[111.5735,-8.01323],[111.57352,-8.01357],[111.57392,-8.01375],[111.57425,-8.01398],[111.57422,-8.01444],[111.57404,-8.01477],[111.57404,-8.01503],[111.5743,-8.01567],[111.57452,-8.01588],[111.57589,-8.01549],[111.57617,-8.0155],[111.57672,-8.01589],[111.57706,-8.01603],[111.57768,-8.01541],[111.57794,-8.01456],[111.57762,-8.01396],[111.57748,-8.01294],[111.57748,-8.01231],[111.57768,-8.01215],[111.57803,-8.01323],[111.57831,-8.01386],[111.57861,-8.01475],[111.57858,-8.01534],[111.57838,-8.0157],[111.57812,-8.01593],[111.57812,-8.0164],[111.5785,-8.01657],[111.57879,-8.01677],[111.57876,-8.01768],[111.57831,-8.01811],[111.57832,-8.01838],[111.57807,-8.01909],[111.5785,-8.01965],[111.57885,-8.0202],[111.57905,-8.02037],[111.57945,-8.02096],[111.58005,-8.0216],[111.58004,-8.02178],[111.57977,-8.02163],[111.5794,-8.02155],[111.57923,-8.02209],[111.57883,-8.02228],[111.57861,-8.02227],[111.57741,-8.02254],[111.57719,-8.02277],[111.57724,-8.02255],[111.57722,-8.02238],[111.57786,-8.02209],[111.578,-8.0221],[111.5785,-8.02199],[111.57886,-8.02168],[111.57887,-8.02123],[111.57859,-8.02091],[111.57796,-8.0204],[111.5778,-8.01987],[111.57761,-8.01965],[111.57737,-8.01966],[111.57696,-8.01931],[111.57739,-8.0193],[111.5776,-8.01912],[111.57777,-8.01874],[111.578,-8.01841],[111.57805,-8.01777],[111.57795,-8.01687],[111.57767,-8.01649],[111.57751,-8.01613],[111.57727,-8.01611],[111.57659,-8.01659],[111.57517,-8.01671],[111.57478,-8.01649],[111.57425,-8.01639],[111.57424,-8.01595],[111.57404,-8.01586],[111.57389,-8.01535],[111.57369,-8.01512],[111.57341,-8.01488],[111.57336,-8.01455]],[[111.54461,-7.95588],[111.54434,-7.955],[111.544,-7.95476],[111.54424,-7.95582],[111.54461,-7.95588]],[[111.57774,-7.96533],[111.57767,-7.9649],[111.57788,-7.96408],[111.57806,-7.96375],[111.57816,-7.96311],[111.57786,-7.96286],[111.57762,-7.96258],[111.57784,-7.96198],[111.57808,-7.96165],[111.57842,-7.96149],[111.57878,-7.96114],[111.5782,-7.96104],[111.57778,-7.9608],[111.57707,-7.96163],[111.57697,-7.96186],[111.57662,-7.96241],[111.57628,-7.96271],[111.57611,-7.9629],[111.57578,-7.96365],[111.57625,-7.96486],[111.57774,-7.96533]],[[111.54599,-7.97108],[111.54603,-7.97103],[111.54658,-7.97085],[111.54802,-7.97041],[111.54821,-7.97025],[111.54582,-7.96954],[111.54525,-7.9697],[111.54495,-7.97026],[111.54515,-7.97079],[111.54541,-7.97102],[111.54599,-7.97108]],[[111.54482,-7.97533],[111.54486,-7.97528],[111.5454,-7.97518],[111.54549,-7.97464],[111.54422,-7.9742],[111.5435,-7.97392],[111.54333,-7.97395],[111.54342,-7.97456],[111.54329,-7.97501],[111.54333,-7.97532],[111.54391,-7.97523],[111.54441,-7.9753],[111.54459,-7.97528],[111.54482,-7.97533]],[[111.56601,-8.01347],[111.56605,-8.01342],[111.56691,-8.01304],[111.56724,-8.01307],[111.56793,-8.01288],[111.5681,-8.01249],[111.56777,-8.01203],[111.56779,-8.01186],[111.56732,-8.01153],[111.56717,-8.01136],[111.56681,-8.01113],[111.5666,-8.01089],[111.5658,-8.01072],[111.56513,-8.011],[111.56516,-8.01131],[111.56611,-8.0128],[111.56594,-8.01341],[111.56601,-8.01347]]],[[[111.54496,-7.9638],[111.54405,-7.96365],[111.54381,-7.96297],[111.54427,-7.96283],[111.54461,-7.96268],[111.54475,-7.96287],[111.54491,-7.96351],[111.54498,-7.96364],[111.54514,-7.9638],[111.54496,-7.9638]]]]}},{"type":"Feature","properties":{"KODE":5,"KELAS":5,"NAMA":"> 30 menit","LUAS_HA":223.894,"_cls":"> 30 menit"},"geometry":{"type":"Polygon","coordinates":[[[111.60911,-8.00816],[111.60921,-8.00813],[111.60914,-8.00805],[111.60911,-8.00816],[111.60897,-8.00821],[111.60888,-8.00839],[111.60843,-8.00882],[111.60843,-8.00911],[111.60889,-8.00956],[111.60854,-8.00979],[111.60841,-8.011],[111.60771,-8.01146],[111.60734,-8.01217],[111.60753,-8.01237],[111.60725,-8.0125],[111.60739,-8.01271],[111.60762,-8.01282],[111.6075,-8.01305],[111.60789,-8.01364],[111.60807,-8.01427],[111.60797,-8.01447],[111.60798,-8.0155],[111.60736,-8.01556],[111.60662,-8.01588],[111.60637,-8.01607],[111.60642,-8.01638],[111.60652,-8.01648],[111.6067,-8.01655],[111.60689,-8.01666],[111.60704,-8.01687],[111.60713,-8.01742],[111.60726,-8.0178],[111.60753,-8.01805],[111.60778,-8.01816],[111.60746,-8.01857],[111.60704,-8.0189],[111.60665,-8.01909],[111.60627,-8.01935],[111.60596,-8.01944],[111.60575,-8.01944],[111.60531,-8.01929],[111.60489,-8.01921],[111.60449,-8.01906],[111.60387,-8.01868],[111.60346,-8.01859],[111.60286,-8.01859],[111.60201,-8.01829],[111.60185,-8.01826],[111.60156,-8.01827],[111.60096,-8.01834],[111.6005,-8.01829],[111.6003,-8.01824],[111.59969,-8.01827],[111.59918,-8.01847],[111.59838,-8.0184],[111.59779,-8.01852],[111.59755,-8.01845],[111.59737,-8.01817],[111.59683,-8.01791],[111.59692,-8.01781],[111.59729,-8.01769],[111.59792,-8.01654],[111.59821,-8.01624],[111.59888,-8.01657],[111.59908,-8.01698],[111.59953,-8.01745],[111.59983,-8.01731],[111.60055,-8.01689],[111.60054,-8.01657],[111.60102,-8.01641],[111.60185,-8.01579],[111.60272,-8.01591],[111.60307,-8.01602],[111.60325,-8.01567],[111.60288,-8.01509],[111.60238,-8.01508],[111.60182,-8.01536],[111.60163,-8.0152],[111.60145,-8.01364],[111.6012,-8.0134],[111.60181,-8.01329],[111.60199,-8.01319],[111.60315,-8.01303],[111.60362,-8.01258],[111.60363,-8.01184],[111.60304,-8.01154],[111.60217,-8.01202],[111.60168,-8.01235],[111.60058,-8.0125],[111.60026,-8.01297],[111.60027,-8.01318],[111.59954,-8.0132],[111.59936,-8.01311],[111.59887,-8.01301],[111.59909,-8.01238],[111.59918,-8.01202],[111.5996,-8.01161],[111.59991,-8.01115],[111.59981,-8.01084],[111.60034,-8.01067],[111.60045,-8.00982],[111.60044,-8.00922],[111.60098,-8.00886],[111.60108,-8.00867],[111.60117,-8.00813],[111.60128,-8.00781],[111.60117,-8.00759],[111.60062,-8.00745],[111.60062,-8.00718],[111.60142,-8.00698],[111.6017,-8.00642],[111.602,-8.00603],[111.60225,-8.0055],[111.60262,-8.00496],[111.60189,-8.00427],[111.60175,-8.0033],[111.60193,-8.00273],[111.6025,-8.00235],[111.60297,-8.00306],[111.60332,-8.00223],[111.60375,-8.00252],[111.60415,-8.00251],[111.60446,-8.00283],[111.60488,-8.00297],[111.60514,-8.00323],[111.60568,-8.00342],[111.60623,-8.00316],[111.60688,-8.00261],[111.60795,-8.00201],[111.60814,-8.00145],[111.60823,-8.00106],[111.60857,-8.00074],[111.60869,-8.00025],[111.60906,-7.99976],[111.60904,-7.99904],[111.60967,-7.99925],[111.60978,-7.99829],[111.60977,-7.99781],[111.60995,-7.99789],[111.61017,-7.99833],[111.6105,-7.99844],[111.61079,-7.99834],[111.61143,-7.99835],[111.61168,-7.99798],[111.6122,-7.99736],[111.61186,-7.99686],[111.61205,-7.99671],[111.61306,-7.99743],[111.61423,-7.99714],[111.61484,-7.99734],[111.61531,-7.99743],[111.61594,-7.99771],[111.61649,-7.99788],[111.61658,-7.99816],[111.61676,-7.99851],[111.61677,-7.99896],[111.61622,-7.99969],[111.61611,-8.00014],[111.61538,-8.00058],[111.61515,-8.00129],[111.61476,-8.00142],[111.61443,-8.00141],[111.61359,-8.00222],[111.61386,-8.00232],[111.61448,-8.00242],[111.61459,-8.00286],[111.61595,-8.00484],[111.61607,-8.00555],[111.61578,-8.00584],[111.61577,-8.00637],[111.61586,-8.00657],[111.61628,-8.00711],[111.61613,-8.0074],[111.61593,-8.00802],[111.61531,-8.00848],[111.61509,-8.0087],[111.6145,-8.00811],[111.61451,-8.00775],[111.61424,-8.00748],[111.61363,-8.00738],[111.61332,-8.00748],[111.61293,-8.00775],[111.61278,-8.00775],[111.61252,-8.00748],[111.61224,-8.00748],[111.61205,-8.00739],[111.61158,-8.00703],[111.6108,-8.00702],[111.61036,-8.00744],[111.60998,-8.00802],[111.60927,-8.00833],[111.60911,-8.00816]]]}},{"type":"Feature","properties":{"KODE":2,"KELAS":2,"NAMA":"5-10 menit","LUAS_HA":0.013,"_cls":"5-10 menit"},"geometry":{"type":"Polygon","coordinates":[[[111.57719,-8.02277],[111.57715,-8.02298],[111.57707,-8.02282],[111.57719,-8.02277]]]}},{"type":"Feature","properties":{"KODE":5,"KELAS":5,"NAMA":"> 30 menit","LUAS_HA":1.158,"_cls":"> 30 menit"},"geometry":{"type":"Polygon","coordinates":[[[111.55822,-8.02334],[111.558,-8.02328],[111.55817,-8.02302],[111.55854,-8.02258],[111.55862,-8.02201],[111.55887,-8.0214],[111.55904,-8.02151],[111.55917,-8.02167],[111.55942,-8.02186],[111.55917,-8.0222],[111.55919,-8.02238],[111.5588,-8.02284],[111.55864,-8.02312],[111.55828,-8.02327],[111.55822,-8.02334]]]}},{"type":"Feature","properties":{"KODE":4,"KELAS":4,"NAMA":"15-30 menit","LUAS_HA":0.006,"_cls":"15-30 menit"},"geometry":{"type":"Polygon","coordinates":[[[111.57828,-8.02648],[111.57817,-8.02645],[111.57825,-8.02637],[111.57828,-8.02648]]]}},{"type":"Feature","properties":{"KODE":5,"KELAS":5,"NAMA":"> 30 menit","LUAS_HA":0.013,"_cls":"> 30 menit"},"geometry":{"type":"Polygon","coordinates":[[[111.55015,-8.02824],[111.55036,-8.02827],[111.5502,-8.02835],[111.55015,-8.02824]]]}},{"type":"Feature","properties":{"KODE":3,"KELAS":3,"NAMA":"10-15 menit","LUAS_HA":1.355,"_cls":"10-15 menit"},"geometry":{"type":"Polygon","coordinates":[[[111.56576,-8.02894],[111.56526,-8.0289],[111.56486,-8.02875],[111.56445,-8.0287],[111.5642,-8.02873],[111.56382,-8.02843],[111.5638,-8.02822],[111.56392,-8.02791],[111.56415,-8.02789],[111.56479,-8.0281],[111.56559,-8.02858],[111.56572,-8.0288],[111.56576,-8.02894]]]}},{"type":"Feature","properties":{"KODE":5,"KELAS":5,"NAMA":"> 30 menit","LUAS_HA":0.248,"_cls":"> 30 menit"},"geometry":{"type":"Polygon","coordinates":[[[111.55079,-8.02941],[111.55074,-8.02937],[111.55048,-8.02838],[111.55075,-8.02846],[111.55093,-8.0291],[111.55083,-8.02918],[111.55079,-8.02941]]]}},{"type":"Feature","properties":{"KODE":4,"KELAS":4,"NAMA":"15-30 menit","LUAS_HA":6.998,"_cls":"15-30 menit"},"geometry":{"type":"Polygon","coordinates":[[[111.57828,-8.02648],[111.57888,-8.02661],[111.57915,-8.02724],[111.57924,-8.02822],[111.57959,-8.02917],[111.57961,-8.02941],[111.57934,-8.02965],[111.57933,-8.02989],[111.57897,-8.03014],[111.57851,-8.03023],[111.57825,-8.03037],[111.57742,-8.0305],[111.57716,-8.03069],[111.57693,-8.03067],[111.57662,-8.0307],[111.57697,-8.03006],[111.57706,-8.0296],[111.57734,-8.02924],[111.57743,-8.02903],[111.57822,-8.02829],[111.57833,-8.02788],[111.57829,-8.02738],[111.57834,-8.02675],[111.57828,-8.02648]]]}},{"type":"Feature","properties":{"KODE":5,"KELAS":5,"NAMA":"> 30 menit","LUAS_HA":3168.492,"_cls":"> 30 menit"},"geometry":{"type":"MultiPolygon","coordinates":[[[[111.57486,-7.92434],[111.57535,-7.92488],[111.57664,-7.92581],[111.57818,-7.92709],[111.57898,-7.92795],[111.58067,-7.93001],[111.58188,-7.9299],[111.58244,-7.93003],[111.58296,-7.93006],[111.58459,-7.93005],[111.58544,-7.93023],[111.58635,-7.93073],[111.58699,-7.9313],[111.58803,-7.93159],[111.59005,-7.93154],[111.59112,-7.9314],[111.59245,-7.93163],[111.59246,-7.93689],[111.59308,-7.93685],[111.59323,-7.93674],[111.59332,-7.93654],[111.59335,-7.9363],[111.5933,-7.93571],[111.59331,-7.93535],[111.59339,-7.93504],[111.59367,-7.93438],[111.594,-7.93409],[111.59483,-7.93395],[111.59496,-7.93389],[111.5951,-7.93364],[111.59511,-7.93346],[111.59508,-7.93339],[111.59512,-7.93331],[111.59553,-7.93318],[111.5961,-7.9332],[111.59631,-7.93318],[111.59703,-7.93294],[111.59747,-7.93291],[111.59822,-7.93293],[111.59961,-7.93303],[111.59988,-7.93307],[111.60008,-7.93313],[111.60024,-7.93336],[111.60026,-7.93352],[111.60019,-7.93362],[111.60007,-7.93416],[111.60009,-7.93424],[111.60021,-7.93431],[111.60027,-7.93449],[111.60032,-7.93452],[111.60052,-7.93442],[111.60071,-7.93442],[111.60112,-7.93434],[111.60134,-7.93422],[111.60157,-7.93404],[111.6017,-7.93399],[111.60208,-7.93409],[111.60226,-7.9341],[111.60235,-7.93408],[111.60239,-7.934],[111.6025,-7.93397],[111.60255,-7.9339],[111.60262,-7.93388],[111.60279,-7.93371],[111.60313,-7.93369],[111.60337,-7.93374],[111.60384,-7.93399],[111.60414,-7.93436],[111.6044,-7.93458],[111.60443,-7.93472],[111.60441,-7.93491],[111.60445,-7.93505],[111.60458,-7.93517],[111.60469,-7.93567],[111.60476,-7.93571],[111.60494,-7.93577],[111.60583,-7.93593],[111.6059,-7.93599],[111.60618,-7.93582],[111.6063,-7.93561],[111.60636,-7.93538],[111.60637,-7.93515],[111.60627,-7.93473],[111.60633,-7.93465],[111.6065,-7.93463],[111.60733,-7.93527],[111.60795,-7.93594],[111.60822,-7.93609],[111.60836,-7.93608],[111.60853,-7.93614],[111.6092,-7.93583],[111.60938,-7.93577],[111.60954,-7.93567],[111.61007,-7.93573],[111.61036,-7.93567],[111.61069,-7.93571],[111.61107,-7.93594],[111.61115,-7.93644],[111.61125,-7.93681],[111.61118,-7.93712],[111.61119,-7.93722],[111.61132,-7.93728],[111.61153,-7.93719],[111.6117,-7.93705],[111.612,-7.93649],[111.61199,-7.93636],[111.61207,-7.93603],[111.61236,-7.93538],[111.61255,-7.93515],[111.61267,-7.9351],[111.61289,-7.93531],[111.61355,-7.93614],[111.61377,-7.93631],[111.61402,-7.93657],[111.61435,-7.93681],[111.61521,-7.93719],[111.61564,-7.93727],[111.61573,-7.93726],[111.61622,-7.93684],[111.61658,-7.93671],[111.61734,-7.93659],[111.61753,-7.93659],[111.61782,-7.93685],[111.61797,-7.93704],[111.61827,-7.93729],[111.61841,-7.93737],[111.61905,-7.93739],[111.6193,-7.93746],[111.61979,-7.9379],[111.6199,-7.93806],[111.62006,-7.93815],[111.62062,-7.93802],[111.62074,-7.93807],[111.62086,-7.93838],[111.62102,-7.93854],[111.62126,-7.93858],[111.62155,-7.93857],[111.62201,-7.93842],[111.62215,-7.93843],[111.62258,-7.93864],[111.62263,-7.93867],[111.62266,-7.93878],[111.62259,-7.93898],[111.62258,-7.9393],[111.62266,-7.9395],[111.62273,-7.93957],[111.62295,-7.93969],[111.62326,-7.93983],[111.62385,-7.93998],[111.62392,-7.94007],[111.62392,-7.94019],[111.62398,-7.94033],[111.62397,-7.94038],[111.62402,-7.94048],[111.62411,-7.94052],[111.62451,-7.94057],[111.62464,-7.94051],[111.62476,-7.94041],[111.62493,-7.94044],[111.62499,-7.94051],[111.62514,-7.94053],[111.62531,-7.94068],[111.62536,-7.94083],[111.62536,-7.94097],[111.62554,-7.94106],[111.62563,-7.94125],[111.62565,-7.94144],[111.62554,-7.94155],[111.62555,-7.94174],[111.62562,-7.94181],[111.62565,-7.9421],[111.62575,-7.94237],[111.62584,-7.94241],[111.62586,-7.94248],[111.62592,-7.9425],[111.62596,-7.94257],[111.626,-7.94271],[111.62599,-7.94287],[111.62589,-7.94297],[111.62587,-7.94304],[111.62566,-7.94337],[111.62562,-7.94339],[111.62543,-7.94334],[111.62532,-7.94338],[111.62533,-7.94366],[111.6253,-7.94373],[111.62523,-7.94382],[111.62493,-7.94389],[111.62494,-7.94399],[111.62503,-7.94409],[111.62492,-7.94418],[111.62471,-7.94418],[111.62457,-7.9442],[111.6245,-7.94424],[111.62447,-7.94434],[111.62447,-7.9447],[111.62429,-7.94486],[111.62419,-7.94502],[111.62423,-7.94513],[111.62441,-7.94542],[111.62459,-7.94551],[111.62476,-7.94549],[111.62482,-7.94552],[111.62485,-7.94569],[111.62478,-7.94589],[111.62486,-7.94603],[111.625,-7.94617],[111.625,-7.94653],[111.62483,-7.94674],[111.62486,-7.94684],[111.62506,-7.947],[111.62512,-7.94719],[111.62487,-7.94775],[111.62485,-7.94789],[111.62496,-7.94824],[111.62493,-7.94831],[111.62498,-7.94842],[111.62511,-7.94841],[111.62519,-7.94852],[111.62525,-7.94853],[111.62532,-7.94861],[111.62529,-7.9487],[111.62517,-7.94893],[111.62518,-7.94908],[111.62527,-7.94914],[111.62574,-7.94926],[111.62586,-7.94954],[111.62612,-7.94965],[111.62615,-7.94971],[111.6261,-7.95016],[111.62594,-7.9502],[111.62574,-7.95002],[111.62563,-7.94998],[111.62554,-7.95],[111.62554,-7.95027],[111.62549,-7.95041],[111.62574,-7.95062],[111.62576,-7.9507],[111.62574,-7.95079],[111.62563,-7.95086],[111.62553,-7.95087],[111.6254,-7.95106],[111.62546,-7.95114],[111.62581,-7.95131],[111.62597,-7.95135],[111.62617,-7.95132],[111.62625,-7.95134],[111.62632,-7.9514],[111.62642,-7.95167],[111.62628,-7.9519],[111.62633,-7.95195],[111.62632,-7.95233],[111.62606,-7.95253],[111.62607,-7.95279],[111.62612,-7.95298],[111.62607,-7.95325],[111.62581,-7.9535],[111.62572,-7.95381],[111.62574,-7.95394],[111.62586,-7.95411],[111.6258,-7.95437],[111.62585,-7.95448],[111.62588,-7.95494],[111.62583,-7.955],[111.62589,-7.95521],[111.62605,-7.95521],[111.62614,-7.95525],[111.62618,-7.95528],[111.62619,-7.95535],[111.62636,-7.95544],[111.62642,-7.95556],[111.62643,-7.95581],[111.62656,-7.956],[111.62659,-7.95612],[111.6269,-7.95618],[111.62736,-7.95657],[111.62753,-7.95685],[111.62754,-7.95768],[111.6278,-7.95767],[111.62797,-7.95793],[111.62816,-7.95854],[111.62823,-7.95861],[111.62838,-7.95856],[111.62851,-7.95857],[111.62877,-7.95841],[111.62896,-7.95842],[111.62929,-7.9586],[111.62938,-7.95872],[111.62963,-7.95803],[111.62977,-7.95815],[111.63005,-7.95817],[111.63006,-7.95794],[111.62999,-7.95783],[111.63003,-7.95772],[111.63051,-7.95775],[111.63081,-7.9577],[111.63119,-7.95774],[111.63129,-7.9578],[111.63145,-7.95775],[111.63161,-7.95781],[111.63165,-7.95819],[111.63183,-7.95815],[111.63202,-7.95822],[111.6326,-7.95814],[111.63273,-7.95807],[111.63281,-7.95795],[111.63279,-7.95784],[111.63297,-7.95769],[111.63346,-7.95707],[111.63364,-7.95697],[111.63396,-7.95689],[111.63413,-7.95676],[111.63468,-7.95624],[111.63481,-7.95605],[111.63495,-7.95592],[111.63511,-7.95588],[111.63581,-7.95587],[111.63604,-7.95596],[111.63673,-7.95634],[111.63753,-7.95685],[111.63824,-7.95697],[111.63841,-7.95696],[111.63856,-7.9569],[111.6389,-7.95696],[111.63873,-7.95743],[111.63871,-7.95778],[111.63883,-7.95831],[111.63881,-7.95861],[111.63901,-7.95874],[111.6392,-7.95905],[111.63932,-7.95916],[111.63935,-7.9593],[111.63951,-7.95944],[111.63951,-7.95967],[111.63956,-7.95975],[111.63966,-7.9598],[111.64007,-7.95987],[111.64035,-7.96009],[111.64072,-7.96018],[111.64094,-7.96026],[111.64123,-7.96073],[111.64131,-7.96081],[111.64142,-7.96081],[111.64148,-7.96077],[111.64162,-7.96054],[111.64169,-7.96052],[111.64182,-7.96057],[111.64202,-7.96077],[111.64248,-7.96101],[111.6426,-7.961],[111.64275,-7.96086],[111.64282,-7.96085],[111.64295,-7.96093],[111.64308,-7.96091],[111.64314,-7.96087],[111.64321,-7.96071],[111.64321,-7.96017],[111.64328,-7.96011],[111.64348,-7.96014],[111.64405,-7.96043],[111.64422,-7.96046],[111.64434,-7.96042],[111.64441,-7.96026],[111.64448,-7.96023],[111.64459,-7.96026],[111.64831,-7.96014],[111.64837,-7.96037],[111.64878,-7.96081],[111.64977,-7.96131],[111.64986,-7.96141],[111.64986,-7.9615],[111.65026,-7.96185],[111.65076,-7.96194],[111.65099,-7.96202],[111.6514,-7.96229],[111.65149,-7.9624],[111.65175,-7.96315],[111.65216,-7.9637],[111.65237,-7.96389],[111.65285,-7.96397],[111.65302,-7.96405],[111.65319,-7.96427],[111.65317,-7.96437],[111.65367,-7.96454],[111.65436,-7.96505],[111.65487,-7.96526],[111.65582,-7.96572],[111.65692,-7.96611],[111.65777,-7.96667],[111.65849,-7.96735],[111.65902,-7.96777],[111.66052,-7.96757],[111.66187,-7.96716],[111.66262,-7.96713],[111.66343,-7.96758],[111.66349,-7.96774],[111.6635,-7.96813],[111.66333,-7.96884],[111.66299,-7.96982],[111.6626,-7.97052],[111.66251,-7.97061],[111.6624,-7.97089],[111.66223,-7.97107],[111.66171,-7.97122],[111.66163,-7.97129],[111.66172,-7.97189],[111.66154,-7.97224],[111.66151,-7.97323],[111.66158,-7.97344],[111.66192,-7.97383],[111.66225,-7.97403],[111.66223,-7.97414],[111.66209,-7.9743],[111.66164,-7.97459],[111.66161,-7.97479],[111.6615,-7.97491],[111.66119,-7.97504],[111.66109,-7.97533],[111.661,-7.97545],[111.66083,-7.97553],[111.66007,-7.97543],[111.65961,-7.97555],[111.65934,-7.97559],[111.65906,-7.97536],[111.65841,-7.97532],[111.65783,-7.97537],[111.65738,-7.97554],[111.65704,-7.97558],[111.65641,-7.97579],[111.65626,-7.97593],[111.65613,-7.97621],[111.65598,-7.9767],[111.65574,-7.97731],[111.65565,-7.9778],[111.65536,-7.97848],[111.6553,-7.97871],[111.65529,-7.97886],[111.65535,-7.97939],[111.65535,-7.97972],[111.65527,-7.98003],[111.6551,-7.98043],[111.65499,-7.98059],[111.65388,-7.9814],[111.65372,-7.98154],[111.65369,-7.98162],[111.65376,-7.98223],[111.65338,-7.98336],[111.65335,-7.98357],[111.65342,-7.98378],[111.65351,-7.98448],[111.65367,-7.98499],[111.65371,-7.98551],[111.65369,-7.98584],[111.65358,-7.98614],[111.65367,-7.98644],[111.65382,-7.98659],[111.65407,-7.98675],[111.65443,-7.98727],[111.65503,-7.988],[111.65496,-7.98807],[111.65516,-7.98829],[111.65579,-7.9888],[111.65637,-7.98956],[111.65686,-7.98998],[111.6564,-7.99023],[111.65558,-7.99081],[111.65586,-7.99147],[111.65606,-7.99212],[111.65626,-7.99358],[111.65621,-7.99485],[111.65631,-7.99635],[111.65598,-7.99768],[111.65553,-7.99912],[111.65504,-7.99982],[111.65456,-8.00042],[111.65447,-8.00061],[111.65435,-8.00108],[111.65436,-8.0016],[111.65446,-8.00192],[111.6546,-8.00219],[111.65508,-8.00284],[111.65534,-8.00327],[111.6556,-8.00388],[111.65574,-8.00436],[111.65575,-8.00455],[111.65566,-8.00502],[111.65559,-8.00585],[111.65571,-8.00644],[111.65554,-8.00683],[111.65562,-8.00722],[111.65562,-8.00761],[111.65592,-8.0084],[111.65589,-8.00881],[111.65566,-8.00936],[111.65561,-8.00931],[111.65565,-8.01131],[111.65532,-8.01204],[111.65497,-8.01353],[111.65496,-8.01426],[111.65505,-8.01507],[111.655,-8.01551],[111.65448,-8.01641],[111.65437,-8.01629],[111.6537,-8.01626],[111.65322,-8.01659],[111.65278,-8.01628],[111.65163,-8.0171],[111.65081,-8.01782],[111.65003,-8.01755],[111.64947,-8.01779],[111.64885,-8.01845],[111.64828,-8.01872],[111.64818,-8.01907],[111.64806,-8.01876],[111.64775,-8.01826],[111.64742,-8.01787],[111.64718,-8.01729],[111.64708,-8.0166],[111.64695,-8.01605],[111.64686,-8.01546],[111.64686,-8.01488],[111.64722,-8.01295],[111.64725,-8.01255],[111.64754,-8.01217],[111.6477,-8.01174],[111.6477,-8.01104],[111.64781,-8.01059],[111.64784,-8.01007],[111.64799,-8.00953],[111.64799,-8.00914],[111.64834,-8.00867],[111.64827,-8.00817],[111.64847,-8.00743],[111.64835,-8.00695],[111.64836,-8.00633],[111.64824,-8.00577],[111.64789,-8.00517],[111.64771,-8.00378],[111.64684,-8.00343],[111.64619,-8.00329],[111.64544,-8.00319],[111.64521,-8.00375],[111.64487,-8.00433],[111.64455,-8.00468],[111.64429,-8.00485],[111.64372,-8.00504],[111.643,-8.00521],[111.6426,-8.00526],[111.64242,-8.00536],[111.64147,-8.00526],[111.64145,-8.00535],[111.64135,-8.00524],[111.64121,-8.00523],[111.63929,-8.00326],[111.63799,-8.00249],[111.63723,-8.00208],[111.63611,-8.00215],[111.63528,-8.00258],[111.6343,-8.00326],[111.63376,-8.00353],[111.63334,-8.00395],[111.63304,-8.00462],[111.63254,-8.00479],[111.63177,-8.00668],[111.63175,-8.00671],[111.63151,-8.00674],[111.63145,-8.00707],[111.63124,-8.00733],[111.63111,-8.00736],[111.63065,-8.00755],[111.63003,-8.00754],[111.62984,-8.00781],[111.62974,-8.00807],[111.62932,-8.00859],[111.62859,-8.00917],[111.62763,-8.00965],[111.62685,-8.01014],[111.62638,-8.01053],[111.62572,-8.01053],[111.62508,-8.00919],[111.62484,-8.00859],[111.62446,-8.00837],[111.62431,-8.00794],[111.62422,-8.00738],[111.62404,-8.00704],[111.62376,-8.00693],[111.62318,-8.0065],[111.62286,-8.00674],[111.62252,-8.00688],[111.62178,-8.00699],[111.62132,-8.00748],[111.6194,-8.00823],[111.6186,-8.00848],[111.6187,-8.00794],[111.6191,-8.00782],[111.61923,-8.00724],[111.61952,-8.00671],[111.61949,-8.00621],[111.61967,-8.00587],[111.61949,-8.00519],[111.6195,-8.00503],[111.61939,-8.00484],[111.61941,-8.00459],[111.61931,-8.00431],[111.61918,-8.0035],[111.61869,-8.00339],[111.61863,-8.00317],[111.61894,-8.00331],[111.6193,-8.00342],[111.61944,-8.00415],[111.6198,-8.00439],[111.62034,-8.0042],[111.62078,-8.00422],[111.62103,-8.00476],[111.62125,-8.00506],[111.62185,-8.00529],[111.62196,-8.00562],[111.6227,-8.00628],[111.62303,-8.0061],[111.62349,-8.00593],[111.62369,-8.00582],[111.62411,-8.00516],[111.62422,-8.00481],[111.62423,-8.00407],[111.6242,-8.00357],[111.62355,-8.00282],[111.62339,-8.00231],[111.62327,-8.00208],[111.6233,-8.00149],[111.62319,-8.00129],[111.62283,-8.00132],[111.62258,-8.00103],[111.62221,-8.00086],[111.62205,-8.00036],[111.62242,-8.00004],[111.62272,-7.99925],[111.62255,-7.99894],[111.62306,-7.99848],[111.62329,-7.99784],[111.6229,-7.9975],[111.62233,-7.99753],[111.62198,-7.99741],[111.6218,-7.99683],[111.62229,-7.99625],[111.62274,-7.99564],[111.62334,-7.99526],[111.6235,-7.99492],[111.6231,-7.99419],[111.62323,-7.99382],[111.62309,-7.99331],[111.62265,-7.99318],[111.62252,-7.99278],[111.62287,-7.99211],[111.62324,-7.99253],[111.62435,-7.99175],[111.62478,-7.99132],[111.62547,-7.99136],[111.62573,-7.99193],[111.62606,-7.99222],[111.62706,-7.99237],[111.62797,-7.99282],[111.62854,-7.99279],[111.62859,-7.99285],[111.62849,-7.99288],[111.62856,-7.99296],[111.62859,-7.99285],[111.62872,-7.9927],[111.62887,-7.99273],[111.62903,-7.9927],[111.62897,-7.99226],[111.6295,-7.99212],[111.62972,-7.99198],[111.63004,-7.9919],[111.63013,-7.99176],[111.63024,-7.99173],[111.63017,-7.99165],[111.63013,-7.99176],[111.62975,-7.99163],[111.62918,-7.99171],[111.62865,-7.99208],[111.62823,-7.99188],[111.62799,-7.99152],[111.62746,-7.99154],[111.62729,-7.99121],[111.62746,-7.99073],[111.62743,-7.99016],[111.62757,-7.98966],[111.62754,-7.98909],[111.62766,-7.98851],[111.6274,-7.98801],[111.62832,-7.98855],[111.62864,-7.98846],[111.62881,-7.9881],[111.62918,-7.98765],[111.6294,-7.98731],[111.63013,-7.98728],[111.63069,-7.9873],[111.63094,-7.98707],[111.63113,-7.98648],[111.63234,-7.98603],[111.63257,-7.98545],[111.63224,-7.98493],[111.63164,-7.98491],[111.63135,-7.98518],[111.63125,-7.98584],[111.63096,-7.98614],[111.63038,-7.98584],[111.62944,-7.98593],[111.62901,-7.98608],[111.62869,-7.98591],[111.62672,-7.98594],[111.62681,-7.98584],[111.62725,-7.9857],[111.62736,-7.98527],[111.62689,-7.98484],[111.62692,-7.98408],[111.62664,-7.9834],[111.62662,-7.98295],[111.6268,-7.98278],[111.62699,-7.98225],[111.62677,-7.98167],[111.62639,-7.98096],[111.62672,-7.98114],[111.62697,-7.98141],[111.62725,-7.98142],[111.62752,-7.98116],[111.62771,-7.98077],[111.62805,-7.98078],[111.62841,-7.98061],[111.62862,-7.98042],[111.62893,-7.97977],[111.62924,-7.97979],[111.62943,-7.97961],[111.63016,-7.97796],[111.62997,-7.97768],[111.62971,-7.97744],[111.62979,-7.97733],[111.63062,-7.97715],[111.63111,-7.97717],[111.63166,-7.97635],[111.63223,-7.97634],[111.63296,-7.97577],[111.63306,-7.97489],[111.63305,-7.97466],[111.6336,-7.97407],[111.63396,-7.9739],[111.63398,-7.97327],[111.63314,-7.97317],[111.63283,-7.97301],[111.63224,-7.97299],[111.632,-7.97287],[111.63187,-7.97299],[111.63207,-7.97308],[111.6323,-7.97333],[111.63268,-7.97353],[111.63286,-7.97353],[111.63297,-7.97362],[111.63263,-7.97384],[111.6325,-7.97438],[111.63211,-7.97464],[111.63161,-7.97518],[111.63079,-7.97517],[111.63059,-7.97506],[111.63006,-7.97516],[111.6297,-7.97535],[111.62946,-7.97509],[111.62873,-7.97506],[111.62791,-7.97542],[111.62713,-7.9749],[111.62636,-7.9749],[111.62616,-7.97472],[111.62652,-7.97438],[111.62653,-7.97416],[111.62607,-7.97374],[111.62607,-7.97363],[111.62633,-7.97299],[111.62594,-7.97211],[111.62625,-7.97119],[111.62615,-7.97055],[111.62628,-7.97007],[111.62606,-7.96974],[111.62596,-7.96964],[111.62579,-7.96929],[111.62525,-7.96904],[111.62524,-7.96858],[111.62543,-7.96822],[111.62542,-7.96757],[111.62562,-7.96738],[111.6256,-7.96703],[111.62577,-7.96687],[111.62535,-7.96623],[111.62502,-7.966],[111.62435,-7.96636],[111.62408,-7.96582],[111.62388,-7.96525],[111.62402,-7.96464],[111.62421,-7.96443],[111.62436,-7.96522],[111.62487,-7.96495],[111.62523,-7.96483],[111.62551,-7.9644],[111.62576,-7.96428],[111.62588,-7.96385],[111.62586,-7.96353],[111.62605,-7.96314],[111.62624,-7.96305],[111.62689,-7.9625],[111.6275,-7.96251],[111.62734,-7.96233],[111.62688,-7.96233],[111.62662,-7.96207],[111.62613,-7.96224],[111.62588,-7.96223],[111.6256,-7.96241],[111.62547,-7.96255],[111.6251,-7.96146],[111.62451,-7.96114],[111.62423,-7.96115],[111.6236,-7.9607],[111.62342,-7.96061],[111.62317,-7.95998],[111.62278,-7.95998],[111.62287,-7.95889],[111.62323,-7.95862],[111.62343,-7.95832],[111.62405,-7.95817],[111.62396,-7.95808],[111.62367,-7.9576],[111.623,-7.95709],[111.62187,-7.95717],[111.62135,-7.95736],[111.62146,-7.95721],[111.62182,-7.95697],[111.62211,-7.95654],[111.62227,-7.95595],[111.62198,-7.95564],[111.62099,-7.95553],[111.6207,-7.9558],[111.62052,-7.95615],[111.62051,-7.95751],[111.6204,-7.95808],[111.62015,-7.95799],[111.61996,-7.95735],[111.61998,-7.95688],[111.61977,-7.95607],[111.61981,-7.9552],[111.61923,-7.95501],[111.61881,-7.95448],[111.6186,-7.95438],[111.61861,-7.95414],[111.61851,-7.95383],[111.61804,-7.95323],[111.61807,-7.95259],[111.61768,-7.95179],[111.61651,-7.95132],[111.61606,-7.95176],[111.61571,-7.95192],[111.61542,-7.95212],[111.61524,-7.95185],[111.61515,-7.95176],[111.61506,-7.95149],[111.61491,-7.9512],[111.61509,-7.95067],[111.61487,-7.9502],[111.61433,-7.9497],[111.61442,-7.94959],[111.61478,-7.9495],[111.61517,-7.9493],[111.61668,-7.94947],[111.61734,-7.94912],[111.61812,-7.94887],[111.61868,-7.94831],[111.61953,-7.94777],[111.62034,-7.94796],[111.62126,-7.94858],[111.62149,-7.94844],[111.62131,-7.94822],[111.62068,-7.94695],[111.6204,-7.94678],[111.61997,-7.94634],[111.61964,-7.94617],[111.61926,-7.94603],[111.61863,-7.94606],[111.61904,-7.94523],[111.61965,-7.94526],[111.61985,-7.94507],[111.61987,-7.94462],[111.61969,-7.94443],[111.61949,-7.94442],[111.61899,-7.94455],[111.61846,-7.94413],[111.61754,-7.94352],[111.61715,-7.94352],[111.6166,-7.94369],[111.61617,-7.9441],[111.61604,-7.94462],[111.61578,-7.94407],[111.61519,-7.94407],[111.61559,-7.94298],[111.61548,-7.94238],[111.61554,-7.94222],[111.61565,-7.94218],[111.61557,-7.9421],[111.61554,-7.94222],[111.61536,-7.94215],[111.61508,-7.94228],[111.61481,-7.94272],[111.61442,-7.9427],[111.61438,-7.9433],[111.61443,-7.94405],[111.61404,-7.94456],[111.61405,-7.9448],[111.61378,-7.94545],[111.61387,-7.94588],[111.61405,-7.94622],[111.6137,-7.9467],[111.61289,-7.94695],[111.61268,-7.94753],[111.6127,-7.94794],[111.61162,-7.94848],[111.61141,-7.94887],[111.61144,-7.9493],[111.61129,-7.94972],[111.61142,-7.94987],[111.61162,-7.94995],[111.61116,-7.9501],[111.61104,-7.95075],[111.61061,-7.95078],[111.61064,-7.95007],[111.61006,-7.94976],[111.60963,-7.94979],[111.60917,-7.94962],[111.60887,-7.94979],[111.60837,-7.94976],[111.60817,-7.94993],[111.60777,-7.95053],[111.60758,-7.95094],[111.60698,-7.95105],[111.60668,-7.95094],[111.6062,-7.95097],[111.60583,-7.95084],[111.60495,-7.951],[111.60426,-7.95087],[111.60408,-7.95078],[111.60309,-7.9504],[111.60268,-7.95042],[111.60204,-7.95003],[111.60181,-7.95015],[111.60126,-7.95024],[111.60087,-7.95034],[111.60026,-7.95033],[111.60013,-7.95038],[111.60006,-7.9501],[111.59982,-7.95017],[111.60013,-7.95038],[111.60018,-7.95052],[111.60054,-7.95051],[111.60137,-7.95114],[111.60216,-7.95114],[111.60235,-7.95132],[111.60253,-7.95169],[111.60344,-7.95194],[111.60264,-7.9521],[111.60251,-7.95286],[111.60295,-7.95286],[111.6026,-7.95355],[111.60308,-7.95418],[111.60309,-7.95449],[111.60286,-7.95517],[111.60309,-7.95583],[111.60309,-7.95611],[111.603,-7.95621],[111.60239,-7.95631],[111.60227,-7.95666],[111.6018,-7.95657],[111.60154,-7.95657],[111.60137,-7.9564],[111.60073,-7.95638],[111.60055,-7.95703],[111.6001,-7.95736],[111.6001,-7.95801],[111.59992,-7.9582],[111.59928,-7.95858],[111.59927,-7.95901],[111.59938,-7.95921],[111.59937,-7.95956],[111.59942,-7.9597],[111.59931,-7.95973],[111.59939,-7.95981],[111.59942,-7.9597],[111.59947,-7.95974],[111.59973,-7.96026],[111.59962,-7.96054],[111.59883,-7.96111],[111.59893,-7.96197],[111.5992,-7.96209],[111.59956,-7.96237],[111.59989,-7.96247],[111.59966,-7.96273],[111.59914,-7.9627],[111.59901,-7.96281],[111.59887,-7.96371],[111.598,-7.96381],[111.59766,-7.964],[111.59685,-7.96411],[111.59621,-7.96463],[111.59591,-7.96462],[111.59529,-7.9649],[111.59478,-7.96526],[111.5946,-7.96499],[111.59454,-7.96406],[111.59518,-7.96309],[111.59469,-7.96257],[111.59388,-7.96228],[111.59384,-7.96237],[111.59375,-7.9631],[111.59358,-7.96343],[111.59358,-7.96388],[111.59347,-7.96412],[111.59302,-7.96428],[111.59255,-7.96425],[111.59212,-7.96455],[111.59159,-7.96452],[111.59146,-7.96552],[111.59123,-7.96625],[111.59104,-7.96636],[111.59058,-7.96644],[111.59038,-7.96717],[111.58978,-7.96707],[111.58966,-7.96655],[111.58934,-7.96653],[111.58881,-7.96667],[111.58806,-7.96627],[111.58787,-7.96628],[111.58804,-7.96554],[111.58821,-7.96505],[111.58794,-7.96491],[111.58706,-7.96496],[111.58621,-7.96457],[111.58624,-7.96412],[111.58601,-7.96358],[111.58613,-7.96289],[111.58685,-7.96225],[111.58687,-7.96196],[111.58676,-7.96173],[111.58649,-7.96149],[111.58658,-7.96111],[111.58668,-7.96102],[111.58686,-7.96044],[111.58739,-7.95985],[111.58794,-7.95936],[111.5878,-7.95897],[111.58743,-7.95877],[111.58692,-7.95896],[111.58654,-7.95895],[111.58594,-7.95886],[111.58554,-7.95855],[111.58501,-7.95831],[111.58473,-7.9576],[111.5844,-7.95723],[111.58403,-7.95706],[111.58439,-7.95653],[111.58424,-7.95565],[111.58407,-7.95519],[111.58421,-7.95488],[111.5845,-7.95474],[111.58439,-7.95443],[111.58419,-7.95343],[111.58456,-7.95309],[111.58377,-7.95297],[111.58359,-7.95219],[111.58343,-7.95201],[111.5824,-7.95145],[111.58194,-7.95143],[111.58158,-7.95145],[111.5813,-7.95102],[111.58034,-7.95085],[111.58022,-7.95045],[111.57991,-7.94972],[111.57931,-7.94899],[111.57941,-7.94793],[111.5802,-7.94701],[111.58056,-7.94633],[111.58048,-7.94493],[111.58053,-7.94406],[111.58027,-7.94353],[111.58047,-7.94315],[111.58035,-7.94297],[111.57987,-7.94267],[111.57981,-7.94172],[111.57986,-7.94091],[111.57975,-7.94068],[111.57924,-7.94007],[111.57947,-7.93922],[111.57966,-7.93906],[111.57975,-7.93856],[111.58007,-7.93806],[111.58062,-7.93796],[111.58091,-7.93734],[111.58109,-7.93718],[111.58137,-7.93679],[111.58166,-7.93694],[111.58204,-7.93668],[111.58275,-7.93697],[111.58299,-7.93724],[111.58395,-7.93715],[111.58434,-7.93661],[111.58448,-7.93671],[111.58431,-7.93738],[111.58453,-7.93809],[111.5853,-7.93841],[111.58574,-7.93833],[111.58612,-7.93819],[111.58669,-7.93849],[111.58716,-7.93797],[111.58791,-7.93787],[111.588,-7.93777],[111.58849,-7.93795],[111.58867,-7.93728],[111.58854,-7.93677],[111.58855,-7.93645],[111.58823,-7.93589],[111.58727,-7.93506],[111.58683,-7.93478],[111.5858,-7.93381],[111.58547,-7.93344],[111.58488,-7.93347],[111.58455,-7.93335],[111.584,-7.93326],[111.58313,-7.9329],[111.58292,-7.93304],[111.58282,-7.93336],[111.58261,-7.93346],[111.58219,-7.93392],[111.58206,-7.93338],[111.5816,-7.93317],[111.58104,-7.93254],[111.58066,-7.93279],[111.58061,-7.93364],[111.58081,-7.9342],[111.58059,-7.93439],[111.58037,-7.93471],[111.58029,-7.93508],[111.5801,-7.93516],[111.58001,-7.93526],[111.5795,-7.93505],[111.57928,-7.93525],[111.57904,-7.93578],[111.57866,-7.93607],[111.57811,-7.93632],[111.57799,-7.93659],[111.57731,-7.93641],[111.57719,-7.93707],[111.57709,-7.93696],[111.57683,-7.93625],[111.57711,-7.9359],[111.5772,-7.93562],[111.57783,-7.9355],[111.57784,-7.93527],[111.57738,-7.93475],[111.57668,-7.93427],[111.57621,-7.93424],[111.57602,-7.93472],[111.57591,-7.93539],[111.57557,-7.93563],[111.57495,-7.93591],[111.57428,-7.93646],[111.57361,-7.93632],[111.57305,-7.93662],[111.57265,-7.9365],[111.57191,-7.9359],[111.57103,-7.93635],[111.57003,-7.93699],[111.57003,-7.93686],[111.5708,-7.93626],[111.57132,-7.93568],[111.57197,-7.93548],[111.57256,-7.93495],[111.57258,-7.93455],[111.57248,-7.93387],[111.57221,-7.93314],[111.57219,-7.93274],[111.57265,-7.93274],[111.57303,-7.93261],[111.57353,-7.93329],[111.57391,-7.93372],[111.57393,-7.93336],[111.57402,-7.9331],[111.57402,-7.93295],[111.57411,-7.93254],[111.57468,-7.93257],[111.57621,-7.932],[111.57633,-7.93187],[111.57644,-7.93184],[111.57637,-7.93176],[111.57633,-7.93187],[111.57601,-7.93176],[111.57502,-7.93162],[111.5742,-7.93111],[111.57411,-7.93101],[111.57358,-7.93074],[111.57256,-7.93056],[111.57152,-7.93022],[111.57081,-7.92993],[111.57035,-7.93005],[111.57004,-7.93038],[111.56924,-7.93051],[111.56901,-7.93097],[111.56857,-7.93074],[111.56803,-7.93076],[111.56786,-7.93039],[111.56735,-7.93026],[111.56604,-7.93057],[111.56549,-7.93055],[111.56536,-7.93096],[111.56514,-7.9312],[111.56504,-7.93121],[111.56453,-7.9311],[111.56431,-7.93121],[111.56372,-7.93166],[111.56342,-7.93167],[111.5631,-7.93156],[111.56229,-7.93159],[111.56137,-7.93119],[111.56102,-7.93131],[111.56041,-7.93129],[111.55996,-7.93131],[111.5596,-7.93106],[111.55915,-7.93092],[111.55966,-7.93045],[111.56002,-7.92957],[111.55928,-7.92827],[111.55904,-7.92805],[111.55887,-7.92733],[111.55853,-7.9271],[111.55814,-7.92696],[111.55759,-7.92688],[111.5576,-7.9267],[111.55729,-7.9263],[111.55749,-7.92589],[111.55768,-7.92571],[111.55742,-7.92569],[111.5575,-7.92562],[111.55762,-7.92556],[111.55775,-7.92557],[111.55805,-7.92569],[111.55832,-7.92567],[111.55848,-7.92553],[111.55867,-7.92518],[111.55896,-7.92496],[111.55921,-7.92494],[111.55941,-7.92497],[111.55983,-7.92515],[111.56026,-7.92547],[111.56062,-7.92568],[111.56105,-7.92572],[111.56123,-7.92567],[111.56135,-7.92557],[111.56164,-7.92519],[111.56195,-7.92519],[111.56225,-7.92528],[111.56236,-7.92529],[111.56282,-7.92514],[111.56299,-7.92498],[111.56311,-7.92474],[111.56325,-7.92464],[111.56344,-7.92458],[111.56378,-7.92452],[111.56386,-7.92447],[111.56413,-7.92407],[111.56426,-7.92397],[111.56443,-7.92398],[111.56478,-7.92413],[111.56498,-7.92417],[111.56504,-7.92413],[111.5651,-7.924],[111.56501,-7.92378],[111.56516,-7.9237],[111.56558,-7.92379],[111.56579,-7.92365],[111.56609,-7.92366],[111.56634,-7.92352],[111.56648,-7.92352],[111.56658,-7.92359],[111.56663,-7.92367],[111.56671,-7.92396],[111.56687,-7.92409],[111.56731,-7.92422],[111.56751,-7.92413],[111.56761,-7.92413],[111.56812,-7.9244],[111.56796,-7.92409],[111.56771,-7.92389],[111.5677,-7.92378],[111.56773,-7.92371],[111.56782,-7.92361],[111.56825,-7.92332],[111.56851,-7.92281],[111.56866,-7.92265],[111.5689,-7.92246],[111.56988,-7.92188],[111.57031,-7.92177],[111.57053,-7.92152],[111.57058,-7.92139],[111.57095,-7.92101],[111.57099,-7.92078],[111.57096,-7.9207],[111.57056,-7.92008],[111.57048,-7.91988],[111.57049,-7.91977],[111.5707,-7.91931],[111.57066,-7.91906],[111.57082,-7.91877],[111.57091,-7.91871],[111.57128,-7.91858],[111.57154,-7.91843],[111.57175,-7.9184],[111.57185,-7.91841],[111.57194,-7.91854],[111.57208,-7.91897],[111.57179,-7.91909],[111.57154,-7.91925],[111.57156,-7.91971],[111.57173,-7.92009],[111.57203,-7.92103],[111.57242,-7.9218],[111.57285,-7.92236],[111.57486,-7.92434]],[[111.57751,-7.92915],[111.57748,-7.92905],[111.5774,-7.92912],[111.57751,-7.92915],[111.57791,-7.92965],[111.57854,-7.9301],[111.57935,-7.93055],[111.58005,-7.93016],[111.58,-7.92949],[111.57945,-7.92902],[111.57805,-7.92914],[111.57764,-7.9291],[111.57751,-7.92915]],[[111.6319,-7.95947],[111.63206,-7.95911],[111.63191,-7.95872],[111.63211,-7.95856],[111.63221,-7.95838],[111.6316,-7.95821],[111.63124,-7.95826],[111.63097,-7.95861],[111.63086,-7.95889],[111.63069,-7.95902],[111.63032,-7.95888],[111.62973,-7.95875],[111.6295,-7.95889],[111.62889,-7.9591],[111.62877,-7.95926],[111.62923,-7.95922],[111.62998,-7.95936],[111.63031,-7.95934],[111.63096,-7.95919],[111.63158,-7.95943],[111.6319,-7.95947]],[[111.63873,-7.97447],[111.63877,-7.97442],[111.63913,-7.97427],[111.63931,-7.97396],[111.63872,-7.97349],[111.63809,-7.97331],[111.63759,-7.97335],[111.63698,-7.97312],[111.63682,-7.97291],[111.63619,-7.97278],[111.63596,-7.97285],[111.63651,-7.97316],[111.63686,-7.97342],[111.63708,-7.97377],[111.63814,-7.9739],[111.6385,-7.97434],[111.63873,-7.97447]],[[111.63104,-7.99185],[111.6311,-7.99177],[111.63169,-7.99153],[111.63181,-7.99125],[111.63122,-7.9908],[111.63109,-7.99035],[111.63074,-7.98991],[111.63056,-7.99053],[111.63074,-7.99082],[111.63044,-7.99133],[111.63058,-7.99181],[111.63104,-7.99185]],[[111.65338,-8.00502],[111.65344,-8.00485],[111.65343,-8.0045],[111.65324,-8.00416],[111.65335,-8.00396],[111.65331,-8.00347],[111.65359,-8.00298],[111.65341,-8.00202],[111.65288,-8.0019],[111.6527,-8.00181],[111.65189,-8.00193],[111.6518,-8.00294],[111.65213,-8.00385],[111.65278,-8.0044],[111.65288,-8.00456],[111.65251,-8.0048],[111.65277,-8.00491],[111.65338,-8.00502]]],[[[111.5508,-7.93047],[111.55052,-7.93032],[111.55034,-7.93026],[111.55037,-7.92992],[111.55061,-7.92953],[111.55072,-7.92929],[111.55077,-7.9291],[111.55079,-7.92854],[111.55099,-7.92854],[111.55153,-7.92877],[111.55161,-7.92877],[111.55177,-7.92862],[111.55178,-7.92845],[111.55173,-7.92839],[111.55159,-7.92831],[111.55147,-7.92818],[111.55143,-7.928],[111.55154,-7.92785],[111.55164,-7.92781],[111.55179,-7.9279],[111.55196,-7.92791],[111.55214,-7.92742],[111.55214,-7.92726],[111.55208,-7.92712],[111.55202,-7.92706],[111.55191,-7.92701],[111.55179,-7.92685],[111.55179,-7.9266],[111.55192,-7.9264],[111.55218,-7.92617],[111.55248,-7.92619],[111.55306,-7.92634],[111.55345,-7.92635],[111.55375,-7.9263],[111.55413,-7.92617],[111.55405,-7.92624],[111.55372,-7.92676],[111.55324,-7.92688],[111.55246,-7.92701],[111.55232,-7.92748],[111.55197,-7.92813],[111.55188,-7.92869],[111.55109,-7.929],[111.55077,-7.92962],[111.5508,-7.93047]]],[[[111.55478,-7.92616],[111.55422,-7.92614],[111.55469,-7.92611],[111.55478,-7.92616]]]]}},{"type":"Feature","properties":{"KODE":4,"KELAS":4,"NAMA":"15-30 menit","LUAS_HA":0.787,"_cls":"15-30 menit"},"geometry":{"type":"Polygon","coordinates":[[[111.54562,-8.03123],[111.54549,-8.03113],[111.54557,-8.03063],[111.54576,-8.02985],[111.54638,-8.02974],[111.5465,-8.03003],[111.5464,-8.03028],[111.54593,-8.03045],[111.54579,-8.03096],[111.54562,-8.03123]]]}},{"type":"Feature","properties":{"KODE":4,"KELAS":4,"NAMA":"15-30 menit","LUAS_HA":26.71,"_cls":"15-30 menit"},"geometry":{"type":"Polygon","coordinates":[[[111.65064,-8.02214],[111.64983,-8.02207],[111.64933,-8.02173],[111.64923,-8.02174],[111.64901,-8.02184],[111.6489,-8.02194],[111.64816,-8.0209],[111.64828,-8.02006],[111.64827,-8.01931],[111.64818,-8.01907],[111.64828,-8.01872],[111.64885,-8.01845],[111.64947,-8.01779],[111.65003,-8.01755],[111.65081,-8.01782],[111.65163,-8.0171],[111.65278,-8.01628],[111.65322,-8.01659],[111.6537,-8.01626],[111.65437,-8.01629],[111.65448,-8.01641],[111.65384,-8.01705],[111.65373,-8.01726],[111.65379,-8.01819],[111.65356,-8.01856],[111.65332,-8.01885],[111.65332,-8.01898],[111.65358,-8.01946],[111.65337,-8.02015],[111.6533,-8.02048],[111.65319,-8.02058],[111.65294,-8.02067],[111.65165,-8.0214],[111.65142,-8.02146],[111.65096,-8.0214],[111.65086,-8.02148],[111.65079,-8.02162],[111.65074,-8.02203],[111.65064,-8.02214]]]}},{"type":"Feature","properties":{"KODE":3,"KELAS":3,"NAMA":"10-15 menit","LUAS_HA":0.006,"_cls":"10-15 menit"},"geometry":{"type":"Polygon","coordinates":[[[111.56876,-8.03183],[111.56873,-8.03194],[111.56865,-8.03186],[111.56876,-8.03183]]]}},{"type":"Feature","properties":{"KODE":4,"KELAS":4,"NAMA":"15-30 menit","LUAS_HA":0.01,"_cls":"15-30 menit"},"geometry":{"type":"Polygon","coordinates":[[[111.5487,-8.03204],[111.5487,-8.03195],[111.5488,-8.03195],[111.5488,-8.03204],[111.5487,-8.03204]]]}},{"type":"Feature","properties":{"KODE":5,"KELAS":5,"NAMA":"> 30 menit","LUAS_HA":0.02,"_cls":"> 30 menit"},"geometry":{"type":"Polygon","coordinates":[[[111.55787,-8.03193],[111.55787,-8.03184],[111.55805,-8.03184],[111.55805,-8.03193],[111.55787,-8.03193]]]}},{"type":"Feature","properties":{"KODE":4,"KELAS":4,"NAMA":"15-30 menit","LUAS_HA":0.006,"_cls":"15-30 menit"},"geometry":{"type":"Polygon","coordinates":[[[111.5487,-8.03204],[111.54867,-8.03215],[111.5486,-8.03207],[111.5487,-8.03204]]]}},{"type":"Feature","properties":{"KODE":5,"KELAS":5,"NAMA":"> 30 menit","LUAS_HA":0.434,"_cls":"> 30 menit"},"geometry":{"type":"Polygon","coordinates":[[[111.55805,-8.03184],[111.5581,-8.03178],[111.55868,-8.03144],[111.55913,-8.03167],[111.55936,-8.03227],[111.55918,-8.03235],[111.55898,-8.03187],[111.55837,-8.03179],[111.55805,-8.03184]]]}},{"type":"Feature","properties":{"KODE":5,"KELAS":5,"NAMA":"> 30 menit","LUAS_HA":0.114,"_cls":"> 30 menit"},"geometry":{"type":"Polygon","coordinates":[[[111.55787,-8.03193],[111.55777,-8.03227],[111.55751,-8.0327],[111.55757,-8.03219],[111.55787,-8.03193]]]}},{"type":"Feature","properties":{"KODE":5,"KELAS":5,"NAMA":"> 30 menit","LUAS_HA":0.006,"_cls":"> 30 menit"},"geometry":{"type":"Polygon","coordinates":[[[111.57239,-8.03336],[111.57242,-8.03325],[111.5725,-8.03333],[111.57239,-8.03336]]]}},{"type":"Feature","properties":{"KODE":5,"KELAS":5,"NAMA":"> 30 menit","LUAS_HA":0.712,"_cls":"> 30 menit"},"geometry":{"type":"Polygon","coordinates":[[[111.57239,-8.03336],[111.57231,-8.03365],[111.57163,-8.03385],[111.571,-8.03368],[111.57055,-8.03334],[111.57049,-8.03289],[111.57078,-8.03327],[111.57136,-8.03349],[111.57239,-8.03336]]]}},{"type":"Feature","properties":{"KODE":5,"KELAS":5,"NAMA":"> 30 menit","LUAS_HA":0.006,"_cls":"> 30 menit"},"geometry":{"type":"Polygon","coordinates":[[[111.55197,-8.03393],[111.55209,-8.03396],[111.55201,-8.03404],[111.55197,-8.03393]]]}},{"type":"Feature","properties":{"KODE":4,"KELAS":4,"NAMA":"15-30 menit","LUAS_HA":0.2,"_cls":"15-30 menit"},"geometry":{"type":"Polygon","coordinates":[[[111.54744,-8.03412],[111.54738,-8.03383],[111.54774,-8.03344],[111.54784,-8.03388],[111.54744,-8.03412]]]}},{"type":"Feature","properties":{"KODE":5,"KELAS":5,"NAMA":"> 30 menit","LUAS_HA":0.648,"_cls":"> 30 menit"},"geometry":{"type":"Polygon","coordinates":[[[111.55742,-8.03727],[111.55713,-8.03711],[111.5573,-8.03666],[111.55723,-8.03618],[111.55759,-8.03597],[111.55781,-8.03621],[111.55766,-8.03696],[111.55742,-8.03727]]]}},{"type":"Feature","properties":{"KODE":4,"KELAS":4,"NAMA":"15-30 menit","LUAS_HA":3338.788,"_cls":"15-30 menit"},"geometry":{"type":"MultiPolygon","coordinates":[[[[111.58623,-7.99978],[111.58617,-8.00055],[111.5862,-8.00094],[111.58669,-8.00115],[111.58773,-8.00127],[111.58801,-8.00137],[111.58827,-8.00135],[111.58881,-8.00182],[111.58944,-8.00218],[111.58973,-8.00226],[111.59022,-8.00247],[111.59054,-8.00244],[111.59076,-8.00246],[111.59099,-8.00308],[111.59131,-8.00352],[111.59165,-8.00362],[111.59227,-8.00263],[111.59235,-8.00238],[111.59203,-8.00193],[111.5919,-8.00181],[111.59166,-8.00143],[111.59121,-8.00105],[111.59096,-8.00076],[111.59062,-8.00047],[111.58996,-8.00018],[111.58973,-8.0002],[111.58925,-7.99965],[111.58931,-7.99891],[111.58906,-7.99833],[111.58926,-7.99796],[111.58935,-7.99756],[111.58953,-7.99702],[111.58972,-7.99675],[111.5898,-7.99647],[111.59026,-7.99657],[111.59039,-7.99656],[111.59082,-7.99606],[111.59066,-7.99561],[111.59013,-7.99489],[111.58979,-7.99408],[111.58982,-7.99372],[111.5898,-7.99348],[111.58906,-7.99326],[111.58813,-7.99287],[111.5878,-7.99305],[111.58771,-7.99263],[111.58773,-7.99232],[111.58717,-7.99223],[111.587,-7.99204],[111.5867,-7.99157],[111.5864,-7.99131],[111.58631,-7.99101],[111.5872,-7.99188],[111.58771,-7.99184],[111.58837,-7.99199],[111.5888,-7.99232],[111.59044,-7.99268],[111.59098,-7.99267],[111.59151,-7.99287],[111.5918,-7.99276],[111.59226,-7.99268],[111.59248,-7.99255],[111.59207,-7.99381],[111.59199,-7.99447],[111.59363,-7.99467],[111.59397,-7.99465],[111.59439,-7.99398],[111.59491,-7.99375],[111.59519,-7.99343],[111.59591,-7.99281],[111.59659,-7.99286],[111.59709,-7.99272],[111.59727,-7.99232],[111.59784,-7.99206],[111.59838,-7.99168],[111.59857,-7.99126],[111.59894,-7.99161],[111.59965,-7.99176],[111.60002,-7.99132],[111.6007,-7.9909],[111.60096,-7.99104],[111.60133,-7.99112],[111.60205,-7.99138],[111.60234,-7.99179],[111.60267,-7.99207],[111.60293,-7.99258],[111.60311,-7.99256],[111.60367,-7.99225],[111.60386,-7.99175],[111.60414,-7.99151],[111.60424,-7.99084],[111.60472,-7.99088],[111.60487,-7.99055],[111.60505,-7.9904],[111.60554,-7.98961],[111.60627,-7.98944],[111.6065,-7.98882],[111.60698,-7.9884],[111.60631,-7.98832],[111.6059,-7.988],[111.60531,-7.98787],[111.60486,-7.98755],[111.60427,-7.9876],[111.60393,-7.98779],[111.60353,-7.98724],[111.60322,-7.98715],[111.60285,-7.98672],[111.60256,-7.98659],[111.60215,-7.98662],[111.60182,-7.98681],[111.60159,-7.98669],[111.60113,-7.98661],[111.60067,-7.98635],[111.59963,-7.98681],[111.59937,-7.98667],[111.59923,-7.98651],[111.59902,-7.98642],[111.59882,-7.9862],[111.59879,-7.98609],[111.59871,-7.98617],[111.59882,-7.9862],[111.59877,-7.98633],[111.59879,-7.9866],[111.59841,-7.98652],[111.59792,-7.98634],[111.59747,-7.98712],[111.59733,-7.98742],[111.59691,-7.9874],[111.59633,-7.98792],[111.59624,-7.98842],[111.59606,-7.9886],[111.59575,-7.98874],[111.59561,-7.98906],[111.59527,-7.98887],[111.59498,-7.98912],[111.5948,-7.9895],[111.59451,-7.98968],[111.59396,-7.99015],[111.59399,-7.9897],[111.59361,-7.9895],[111.59317,-7.98974],[111.59258,-7.98933],[111.59234,-7.98951],[111.59219,-7.98982],[111.59163,-7.99003],[111.59162,-7.9896],[111.5915,-7.98939],[111.59153,-7.98879],[111.59147,-7.98781],[111.59165,-7.98698],[111.59152,-7.9867],[111.59142,-7.98661],[111.59178,-7.98628],[111.5918,-7.98599],[111.59136,-7.98543],[111.59113,-7.98466],[111.59124,-7.98453],[111.59154,-7.98464],[111.5918,-7.98462],[111.5923,-7.98489],[111.59285,-7.98489],[111.59352,-7.98523],[111.5937,-7.98508],[111.59414,-7.98451],[111.59427,-7.98491],[111.59465,-7.98533],[111.5952,-7.98545],[111.59551,-7.98543],[111.59601,-7.9857],[111.59644,-7.98546],[111.59687,-7.9848],[111.59712,-7.98453],[111.5983,-7.98446],[111.59841,-7.9848],[111.5985,-7.98498],[111.59864,-7.9857],[111.59884,-7.98532],[111.59887,-7.98489],[111.59885,-7.98455],[111.59907,-7.9843],[111.59959,-7.98414],[111.59995,-7.98382],[111.59948,-7.98378],[111.59897,-7.98381],[111.59849,-7.98352],[111.59812,-7.98373],[111.5973,-7.9839],[111.59714,-7.98389],[111.59645,-7.98412],[111.59628,-7.98432],[111.59569,-7.98435],[111.59542,-7.98417],[111.59476,-7.98387],[111.59437,-7.98347],[111.59373,-7.98365],[111.59297,-7.9834],[111.59269,-7.98327],[111.59285,-7.98282],[111.59267,-7.98231],[111.59272,-7.98144],[111.59257,-7.98103],[111.59286,-7.98077],[111.59288,-7.98041],[111.59278,-7.98019],[111.59251,-7.97981],[111.59239,-7.979],[111.59211,-7.97869],[111.59169,-7.97832],[111.59164,-7.97816],[111.59202,-7.97839],[111.59241,-7.97837],[111.59259,-7.97857],[111.59278,-7.97865],[111.59333,-7.9791],[111.59332,-7.97874],[111.59314,-7.97857],[111.59303,-7.97822],[111.59259,-7.9774],[111.5926,-7.97723],[111.59314,-7.97766],[111.59406,-7.97766],[111.59423,-7.97746],[111.59422,-7.97608],[111.59376,-7.97578],[111.59309,-7.97571],[111.59323,-7.97549],[111.59287,-7.97514],[111.59257,-7.97463],[111.59213,-7.9745],[111.59149,-7.97422],[111.58982,-7.97426],[111.5895,-7.97377],[111.58932,-7.9736],[111.58948,-7.97311],[111.58968,-7.97269],[111.59003,-7.97252],[111.59032,-7.97233],[111.59081,-7.97208],[111.59123,-7.97181],[111.59122,-7.97133],[111.59159,-7.97124],[111.59168,-7.97114],[111.5923,-7.97115],[111.59241,-7.97017],[111.59296,-7.97004],[111.59282,-7.96937],[111.59312,-7.96907],[111.59372,-7.96897],[111.59349,-7.96852],[111.59349,-7.96818],[111.59327,-7.96771],[111.59215,-7.96769],[111.59185,-7.96797],[111.59186,-7.96835],[111.59082,-7.96872],[111.58997,-7.96916],[111.58865,-7.96897],[111.58833,-7.96863],[111.58813,-7.96853],[111.58742,-7.96854],[111.58714,-7.96844],[111.58696,-7.96844],[111.58668,-7.96799],[111.58659,-7.96772],[111.58632,-7.96736],[111.58614,-7.96682],[111.58542,-7.96645],[111.58498,-7.96646],[111.58405,-7.96557],[111.58395,-7.96516],[111.58371,-7.96447],[111.58423,-7.9637],[111.58411,-7.96317],[111.58386,-7.96293],[111.58368,-7.96185],[111.58359,-7.96175],[111.58327,-7.96154],[111.5834,-7.96112],[111.58377,-7.96028],[111.58367,-7.95946],[111.58303,-7.95903],[111.58216,-7.95861],[111.58163,-7.95825],[111.58092,-7.95812],[111.58016,-7.95734],[111.57958,-7.95699],[111.57894,-7.95678],[111.57832,-7.95679],[111.57723,-7.95624],[111.57637,-7.95596],[111.57603,-7.95511],[111.5757,-7.95448],[111.57531,-7.95331],[111.57469,-7.95291],[111.57469,-7.9521],[111.57434,-7.95122],[111.5739,-7.95107],[111.57341,-7.9514],[111.57305,-7.95209],[111.57291,-7.95298],[111.57229,-7.95357],[111.57164,-7.9553],[111.57098,-7.95596],[111.57018,-7.95736],[111.57006,-7.9577],[111.56995,-7.9586],[111.56961,-7.95861],[111.56961,-7.95797],[111.5697,-7.95742],[111.5697,-7.95718],[111.56979,-7.95653],[111.56992,-7.956],[111.56946,-7.95624],[111.56838,-7.9566],[111.56663,-7.95766],[111.56648,-7.95722],[111.56617,-7.95691],[111.56589,-7.95635],[111.56535,-7.95582],[111.56521,-7.95555],[111.56504,-7.95404],[111.56446,-7.95374],[111.56395,-7.95363],[111.5635,-7.95364],[111.56334,-7.95319],[111.56321,-7.95216],[111.56299,-7.95193],[111.56236,-7.95191],[111.56204,-7.95213],[111.56185,-7.95266],[111.56199,-7.95295],[111.5629,-7.95382],[111.56251,-7.95419],[111.562,-7.95525],[111.56162,-7.95572],[111.56086,-7.95647],[111.56053,-7.9569],[111.56027,-7.95735],[111.55995,-7.95767],[111.5596,-7.95653],[111.55745,-7.95578],[111.55773,-7.95459],[111.55736,-7.95366],[111.55709,-7.95338],[111.55682,-7.95337],[111.55667,-7.95342],[111.55663,-7.95318],[111.55636,-7.95267],[111.55659,-7.95198],[111.55632,-7.95129],[111.55567,-7.95082],[111.55543,-7.95046],[111.55503,-7.94966],[111.55444,-7.94931],[111.55424,-7.94909],[111.55345,-7.94877],[111.55265,-7.94878],[111.5521,-7.94852],[111.55208,-7.94823],[111.55306,-7.94795],[111.55381,-7.9476],[111.55382,-7.94716],[111.55345,-7.9464],[111.55319,-7.94681],[111.55274,-7.94667],[111.55263,-7.94624],[111.55263,-7.94607],[111.55245,-7.9457],[111.55215,-7.94618],[111.55197,-7.94656],[111.55099,-7.94642],[111.54974,-7.94604],[111.54918,-7.94607],[111.549,-7.94588],[111.54864,-7.94571],[111.54832,-7.94507],[111.54818,-7.94507],[111.54809,-7.94534],[111.54775,-7.94613],[111.54803,-7.94665],[111.54692,-7.94788],[111.54691,-7.94823],[111.54714,-7.94887],[111.54685,-7.94875],[111.54622,-7.94748],[111.54585,-7.94708],[111.54534,-7.94681],[111.54481,-7.94667],[111.54399,-7.94702],[111.54372,-7.94792],[111.54402,-7.94867],[111.54455,-7.94901],[111.54347,-7.94933],[111.54311,-7.94908],[111.54265,-7.94896],[111.54201,-7.94888],[111.54113,-7.94852],[111.54004,-7.94897],[111.53948,-7.94871],[111.53932,-7.94808],[111.53814,-7.94757],[111.53775,-7.94743],[111.53693,-7.94735],[111.5364,-7.94716],[111.5363,-7.94717],[111.53599,-7.94706],[111.53558,-7.94719],[111.534,-7.9478],[111.53323,-7.94826],[111.5326,-7.94998],[111.53202,-7.95025],[111.53178,-7.94975],[111.53105,-7.9502],[111.53078,-7.94975],[111.53042,-7.94932],[111.53099,-7.94912],[111.53101,-7.94909],[111.53012,-7.94628],[111.52929,-7.94394],[111.52946,-7.94382],[111.52977,-7.94367],[111.53009,-7.94357],[111.53032,-7.9434],[111.53074,-7.94321],[111.5308,-7.94317],[111.53077,-7.94303],[111.53139,-7.94287],[111.53195,-7.9431],[111.53327,-7.94344],[111.53344,-7.94343],[111.53379,-7.94327],[111.53353,-7.94232],[111.5328,-7.94018],[111.53277,-7.93999],[111.53267,-7.9398],[111.5325,-7.93963],[111.53246,-7.93954],[111.53248,-7.93945],[111.53258,-7.93935],[111.53306,-7.93928],[111.53317,-7.93919],[111.53323,-7.93907],[111.53323,-7.93899],[111.53313,-7.93859],[111.53313,-7.93844],[111.53318,-7.93839],[111.5333,-7.93836],[111.53363,-7.93838],[111.53376,-7.93828],[111.53388,-7.93812],[111.53399,-7.93773],[111.53413,-7.93748],[111.5342,-7.93722],[111.53434,-7.93705],[111.53451,-7.93694],[111.53464,-7.93693],[111.53471,-7.93696],[111.53493,-7.93735],[111.5351,-7.93747],[111.5352,-7.93743],[111.53528,-7.93736],[111.53541,-7.93718],[111.53556,-7.93716],[111.53574,-7.93739],[111.53594,-7.93754],[111.53611,-7.93759],[111.53625,-7.93758],[111.53643,-7.9375],[111.5365,-7.93743],[111.53663,-7.9371],[111.53666,-7.93692],[111.53672,-7.93683],[111.5368,-7.9368],[111.53704,-7.93692],[111.53715,-7.93692],[111.53733,-7.93673],[111.53744,-7.93649],[111.53763,-7.93633],[111.53766,-7.93622],[111.5377,-7.9362],[111.53803,-7.93625],[111.53823,-7.93607],[111.53841,-7.93601],[111.53864,-7.93575],[111.53891,-7.93553],[111.53917,-7.93563],[111.53928,-7.93574],[111.53938,-7.93594],[111.53969,-7.93635],[111.53975,-7.9364],[111.53983,-7.9364],[111.53999,-7.93618],[111.53993,-7.93598],[111.53996,-7.93589],[111.54013,-7.93586],[111.54024,-7.93567],[111.54035,-7.9358],[111.54054,-7.93582],[111.54073,-7.93581],[111.54086,-7.93574],[111.5409,-7.93567],[111.54092,-7.93532],[111.5409,-7.93515],[111.54096,-7.93502],[111.54102,-7.93498],[111.54111,-7.93495],[111.54129,-7.93504],[111.54149,-7.93502],[111.54153,-7.93513],[111.54163,-7.93528],[111.5417,-7.93528],[111.54195,-7.93507],[111.54198,-7.93498],[111.54196,-7.93485],[111.54192,-7.93478],[111.54192,-7.93456],[111.54195,-7.93442],[111.54202,-7.93432],[111.54272,-7.93386],[111.54288,-7.93379],[111.54316,-7.93378],[111.54332,-7.93386],[111.5434,-7.93393],[111.54366,-7.93404],[111.54405,-7.93431],[111.54446,-7.93427],[111.54458,-7.9342],[111.54494,-7.93386],[111.54502,-7.93367],[111.54531,-7.93355],[111.54542,-7.93343],[111.54546,-7.93322],[111.54551,-7.93315],[111.54563,-7.93309],[111.54576,-7.93282],[111.54586,-7.93275],[111.5461,-7.93271],[111.54657,-7.93294],[111.5467,-7.93292],[111.54694,-7.93276],[111.54699,-7.93276],[111.54709,-7.93287],[111.54717,-7.9329],[111.5473,-7.93291],[111.54744,-7.93285],[111.54764,-7.9326],[111.54764,-7.93249],[111.54788,-7.9321],[111.54795,-7.93188],[111.548,-7.93186],[111.5481,-7.93185],[111.54851,-7.932],[111.54881,-7.932],[111.54938,-7.93228],[111.54946,-7.93227],[111.54955,-7.93218],[111.54974,-7.93186],[111.54989,-7.93178],[111.55015,-7.93177],[111.55024,-7.93181],[111.55037,-7.93181],[111.55071,-7.93175],[111.55082,-7.93165],[111.55091,-7.9315],[111.55091,-7.93141],[111.55105,-7.93101],[111.55098,-7.93083],[111.55081,-7.93075],[111.55044,-7.93047],[111.55034,-7.93026],[111.55052,-7.93032],[111.5508,-7.93047],[111.55077,-7.92962],[111.55109,-7.929],[111.55188,-7.92869],[111.55197,-7.92813],[111.55232,-7.92748],[111.55246,-7.92701],[111.55324,-7.92688],[111.55372,-7.92676],[111.55405,-7.92624],[111.55413,-7.92617],[111.55422,-7.92614],[111.55478,-7.92616],[111.55492,-7.92628],[111.55505,-7.92648],[111.55514,-7.92686],[111.55524,-7.92707],[111.55539,-7.92714],[111.55578,-7.92713],[111.55601,-7.92704],[111.55617,-7.92693],[111.55643,-7.9267],[111.55665,-7.92628],[111.55681,-7.92605],[111.5569,-7.92596],[111.5573,-7.9258],[111.55742,-7.92569],[111.55768,-7.92571],[111.55749,-7.92589],[111.55729,-7.9263],[111.5576,-7.9267],[111.55759,-7.92688],[111.55814,-7.92696],[111.55853,-7.9271],[111.55887,-7.92733],[111.55904,-7.92805],[111.55928,-7.92827],[111.56002,-7.92957],[111.55966,-7.93045],[111.55915,-7.93092],[111.5596,-7.93106],[111.55996,-7.93131],[111.56041,-7.93129],[111.56102,-7.93131],[111.56137,-7.93119],[111.56229,-7.93159],[111.5631,-7.93156],[111.56342,-7.93167],[111.56372,-7.93166],[111.56431,-7.93121],[111.56453,-7.9311],[111.56504,-7.93121],[111.56514,-7.9312],[111.56536,-7.93096],[111.56549,-7.93055],[111.56604,-7.93057],[111.56735,-7.93026],[111.56786,-7.93039],[111.56803,-7.93076],[111.56857,-7.93074],[111.56901,-7.93097],[111.56924,-7.93051],[111.57004,-7.93038],[111.57035,-7.93005],[111.57081,-7.92993],[111.57152,-7.93022],[111.57256,-7.93056],[111.57358,-7.93074],[111.57411,-7.93101],[111.5742,-7.93111],[111.57502,-7.93162],[111.57601,-7.93176],[111.57633,-7.93187],[111.57621,-7.932],[111.57468,-7.93257],[111.57411,-7.93254],[111.57402,-7.93295],[111.57402,-7.9331],[111.57393,-7.93336],[111.57391,-7.93372],[111.57353,-7.93329],[111.57303,-7.93261],[111.57265,-7.93274],[111.57219,-7.93274],[111.57221,-7.93314],[111.57248,-7.93387],[111.57258,-7.93455],[111.57256,-7.93495],[111.57197,-7.93548],[111.57132,-7.93568],[111.5708,-7.93626],[111.57003,-7.93686],[111.57003,-7.93699],[111.57103,-7.93635],[111.57191,-7.9359],[111.57265,-7.9365],[111.57305,-7.93662],[111.57361,-7.93632],[111.57428,-7.93646],[111.57495,-7.93591],[111.57557,-7.93563],[111.57591,-7.93539],[111.57602,-7.93472],[111.57621,-7.93424],[111.57668,-7.93427],[111.57738,-7.93475],[111.57784,-7.93527],[111.57783,-7.9355],[111.5772,-7.93562],[111.57711,-7.9359],[111.57683,-7.93625],[111.57709,-7.93696],[111.57719,-7.93707],[111.57731,-7.93641],[111.57799,-7.93659],[111.57811,-7.93632],[111.57866,-7.93607],[111.57904,-7.93578],[111.57928,-7.93525],[111.5795,-7.93505],[111.58001,-7.93526],[111.5801,-7.93516],[111.58029,-7.93508],[111.58037,-7.93471],[111.58059,-7.93439],[111.58081,-7.9342],[111.58061,-7.93364],[111.58066,-7.93279],[111.58104,-7.93254],[111.5816,-7.93317],[111.58206,-7.93338],[111.58219,-7.93392],[111.58261,-7.93346],[111.58282,-7.93336],[111.58292,-7.93304],[111.58313,-7.9329],[111.584,-7.93326],[111.58455,-7.93335],[111.58488,-7.93347],[111.58547,-7.93344],[111.5858,-7.93381],[111.58683,-7.93478],[111.58727,-7.93506],[111.58823,-7.93589],[111.58855,-7.93645],[111.58854,-7.93677],[111.58867,-7.93728],[111.58849,-7.93795],[111.588,-7.93777],[111.58791,-7.93787],[111.58716,-7.93797],[111.58669,-7.93849],[111.58612,-7.93819],[111.58574,-7.93833],[111.5853,-7.93841],[111.58453,-7.93809],[111.58431,-7.93738],[111.58448,-7.93671],[111.58434,-7.93661],[111.58395,-7.93715],[111.58299,-7.93724],[111.58275,-7.93697],[111.58204,-7.93668],[111.58166,-7.93694],[111.58137,-7.93679],[111.58109,-7.93718],[111.58091,-7.93734],[111.58062,-7.93796],[111.58007,-7.93806],[111.57975,-7.93856],[111.57966,-7.93906],[111.57947,-7.93922],[111.57924,-7.94007],[111.57975,-7.94068],[111.57986,-7.94091],[111.57981,-7.94172],[111.57987,-7.94267],[111.58035,-7.94297],[111.58047,-7.94315],[111.58027,-7.94353],[111.58053,-7.94406],[111.58048,-7.94493],[111.58056,-7.94633],[111.5802,-7.94701],[111.57941,-7.94793],[111.57931,-7.94899],[111.57991,-7.94972],[111.58022,-7.95045],[111.58034,-7.95085],[111.5813,-7.95102],[111.58158,-7.95145],[111.58194,-7.95143],[111.5824,-7.95145],[111.58343,-7.95201],[111.58359,-7.95219],[111.58377,-7.95297],[111.58456,-7.95309],[111.58419,-7.95343],[111.58439,-7.95443],[111.5845,-7.95474],[111.58421,-7.95488],[111.58407,-7.95519],[111.58424,-7.95565],[111.58439,-7.95653],[111.58403,-7.95706],[111.5844,-7.95723],[111.58473,-7.9576],[111.58501,-7.95831],[111.58554,-7.95855],[111.58594,-7.95886],[111.58654,-7.95895],[111.58692,-7.95896],[111.58743,-7.95877],[111.5878,-7.95897],[111.58794,-7.95936],[111.58739,-7.95985],[111.58686,-7.96044],[111.58668,-7.96102],[111.58658,-7.96111],[111.58649,-7.96149],[111.58676,-7.96173],[111.58687,-7.96196],[111.58685,-7.96225],[111.58613,-7.96289],[111.58601,-7.96358],[111.58624,-7.96412],[111.58621,-7.96457],[111.58706,-7.96496],[111.58794,-7.96491],[111.58821,-7.96505],[111.58804,-7.96554],[111.58787,-7.96628],[111.58806,-7.96627],[111.58881,-7.96667],[111.58934,-7.96653],[111.58966,-7.96655],[111.58978,-7.96707],[111.59038,-7.96717],[111.59058,-7.96644],[111.59104,-7.96636],[111.59123,-7.96625],[111.59146,-7.96552],[111.59159,-7.96452],[111.59212,-7.96455],[111.59255,-7.96425],[111.59302,-7.96428],[111.59347,-7.96412],[111.59358,-7.96388],[111.59358,-7.96343],[111.59375,-7.9631],[111.59384,-7.96237],[111.59388,-7.96228],[111.59469,-7.96257],[111.59518,-7.96309],[111.59454,-7.96406],[111.5946,-7.96499],[111.59478,-7.96526],[111.59529,-7.9649],[111.59591,-7.96462],[111.59621,-7.96463],[111.59685,-7.96411],[111.59766,-7.964],[111.598,-7.96381],[111.59887,-7.96371],[111.59901,-7.96281],[111.59914,-7.9627],[111.59966,-7.96273],[111.59989,-7.96247],[111.59956,-7.96237],[111.5992,-7.96209],[111.59893,-7.96197],[111.59883,-7.96111],[111.59962,-7.96054],[111.59973,-7.96026],[111.59947,-7.95974],[111.59942,-7.9597],[111.59937,-7.95956],[111.59938,-7.95921],[111.59927,-7.95901],[111.59928,-7.95858],[111.59992,-7.9582],[111.6001,-7.95801],[111.6001,-7.95736],[111.60055,-7.95703],[111.60073,-7.95638],[111.60137,-7.9564],[111.60154,-7.95657],[111.6018,-7.95657],[111.60227,-7.95666],[111.60239,-7.95631],[111.603,-7.95621],[111.60309,-7.95611],[111.60309,-7.95583],[111.60286,-7.95517],[111.60309,-7.95449],[111.60308,-7.95418],[111.6026,-7.95355],[111.60295,-7.95286],[111.60251,-7.95286],[111.60264,-7.9521],[111.60344,-7.95194],[111.60253,-7.95169],[111.60235,-7.95132],[111.60216,-7.95114],[111.60137,-7.95114],[111.60054,-7.95051],[111.60018,-7.95052],[111.60013,-7.95038],[111.60026,-7.95033],[111.60087,-7.95034],[111.60126,-7.95024],[111.60181,-7.95015],[111.60204,-7.95003],[111.60268,-7.95042],[111.60309,-7.9504],[111.60408,-7.95078],[111.60426,-7.95087],[111.60495,-7.951],[111.60583,-7.95084],[111.6062,-7.95097],[111.60668,-7.95094],[111.60698,-7.95105],[111.60758,-7.95094],[111.60777,-7.95053],[111.60817,-7.94993],[111.60837,-7.94976],[111.60887,-7.94979],[111.60917,-7.94962],[111.60963,-7.94979],[111.61006,-7.94976],[111.61064,-7.95007],[111.61061,-7.95078],[111.61104,-7.95075],[111.61116,-7.9501],[111.61162,-7.94995],[111.61142,-7.94987],[111.61129,-7.94972],[111.61144,-7.9493],[111.61141,-7.94887],[111.61162,-7.94848],[111.6127,-7.94794],[111.61268,-7.94753],[111.61289,-7.94695],[111.6137,-7.9467],[111.61405,-7.94622],[111.61387,-7.94588],[111.61378,-7.94545],[111.61405,-7.9448],[111.61404,-7.94456],[111.61443,-7.94405],[111.61438,-7.9433],[111.61442,-7.9427],[111.61481,-7.94272],[111.61508,-7.94228],[111.61536,-7.94215],[111.61554,-7.94222],[111.61548,-7.94238],[111.61559,-7.94298],[111.61519,-7.94407],[111.61578,-7.94407],[111.61604,-7.94462],[111.61617,-7.9441],[111.6166,-7.94369],[111.61715,-7.94352],[111.61754,-7.94352],[111.61846,-7.94413],[111.61899,-7.94455],[111.61949,-7.94442],[111.61969,-7.94443],[111.61987,-7.94462],[111.61985,-7.94507],[111.61965,-7.94526],[111.61904,-7.94523],[111.61863,-7.94606],[111.61926,-7.94603],[111.61964,-7.94617],[111.61997,-7.94634],[111.6204,-7.94678],[111.62068,-7.94695],[111.62131,-7.94822],[111.62149,-7.94844],[111.62126,-7.94858],[111.62034,-7.94796],[111.61953,-7.94777],[111.61868,-7.94831],[111.61812,-7.94887],[111.61734,-7.94912],[111.61668,-7.94947],[111.61517,-7.9493],[111.61478,-7.9495],[111.61442,-7.94959],[111.61433,-7.9497],[111.61487,-7.9502],[111.61509,-7.95067],[111.61491,-7.9512],[111.61506,-7.95149],[111.61515,-7.95176],[111.61524,-7.95185],[111.61542,-7.95212],[111.61571,-7.95192],[111.61606,-7.95176],[111.61651,-7.95132],[111.61768,-7.95179],[111.61807,-7.95259],[111.61804,-7.95323],[111.61851,-7.95383],[111.61861,-7.95414],[111.6186,-7.95438],[111.61881,-7.95448],[111.61923,-7.95501],[111.61981,-7.9552],[111.61977,-7.95607],[111.61998,-7.95688],[111.61996,-7.95735],[111.62015,-7.95799],[111.6204,-7.95808],[111.62051,-7.95751],[111.62052,-7.95615],[111.6207,-7.9558],[111.62099,-7.95553],[111.62198,-7.95564],[111.62227,-7.95595],[111.62211,-7.95654],[111.62182,-7.95697],[111.62146,-7.95721],[111.62135,-7.95736],[111.62187,-7.95717],[111.623,-7.95709],[111.62367,-7.9576],[111.62396,-7.95808],[111.62405,-7.95817],[111.62343,-7.95832],[111.62323,-7.95862],[111.62287,-7.95889],[111.62278,-7.95998],[111.62317,-7.95998],[111.62342,-7.96061],[111.6236,-7.9607],[111.62423,-7.96115],[111.62451,-7.96114],[111.6251,-7.96146],[111.62547,-7.96255],[111.6256,-7.96241],[111.62588,-7.96223],[111.62613,-7.96224],[111.62662,-7.96207],[111.62688,-7.96233],[111.62734,-7.96233],[111.6275,-7.96251],[111.62689,-7.9625],[111.62624,-7.96305],[111.62605,-7.96314],[111.62586,-7.96353],[111.62588,-7.96385],[111.62576,-7.96428],[111.62551,-7.9644],[111.62523,-7.96483],[111.62487,-7.96495],[111.62436,-7.96522],[111.62421,-7.96443],[111.62402,-7.96464],[111.62388,-7.96525],[111.62408,-7.96582],[111.62435,-7.96636],[111.62502,-7.966],[111.62535,-7.96623],[111.62577,-7.96687],[111.6256,-7.96703],[111.62562,-7.96738],[111.62542,-7.96757],[111.62543,-7.96822],[111.62524,-7.96858],[111.62525,-7.96904],[111.62579,-7.96929],[111.62596,-7.96964],[111.62606,-7.96974],[111.62628,-7.97007],[111.62615,-7.97055],[111.62625,-7.97119],[111.62594,-7.97211],[111.62633,-7.97299],[111.62607,-7.97363],[111.62607,-7.97374],[111.62653,-7.97416],[111.62652,-7.97438],[111.62616,-7.97472],[111.62636,-7.9749],[111.62713,-7.9749],[111.62791,-7.97542],[111.62873,-7.97506],[111.62946,-7.97509],[111.6297,-7.97535],[111.63006,-7.97516],[111.63059,-7.97506],[111.63079,-7.97517],[111.63161,-7.97518],[111.63211,-7.97464],[111.6325,-7.97438],[111.63263,-7.97384],[111.63297,-7.97362],[111.63286,-7.97353],[111.63268,-7.97353],[111.6323,-7.97333],[111.63207,-7.97308],[111.63187,-7.97299],[111.632,-7.97287],[111.63224,-7.97299],[111.63283,-7.97301],[111.63314,-7.97317],[111.63398,-7.97327],[111.63396,-7.9739],[111.6336,-7.97407],[111.63305,-7.97466],[111.63306,-7.97489],[111.63296,-7.97577],[111.63223,-7.97634],[111.63166,-7.97635],[111.63111,-7.97717],[111.63062,-7.97715],[111.62979,-7.97733],[111.62971,-7.97744],[111.62997,-7.97768],[111.63016,-7.97796],[111.62943,-7.97961],[111.62924,-7.97979],[111.62893,-7.97977],[111.62862,-7.98042],[111.62841,-7.98061],[111.62805,-7.98078],[111.62771,-7.98077],[111.62752,-7.98116],[111.62725,-7.98142],[111.62697,-7.98141],[111.62672,-7.98114],[111.62639,-7.98096],[111.62677,-7.98167],[111.62699,-7.98225],[111.6268,-7.98278],[111.62662,-7.98295],[111.62664,-7.9834],[111.62692,-7.98408],[111.62689,-7.98484],[111.62736,-7.98527],[111.62725,-7.9857],[111.62681,-7.98584],[111.62672,-7.98594],[111.62869,-7.98591],[111.62901,-7.98608],[111.62944,-7.98593],[111.63038,-7.98584],[111.63096,-7.98614],[111.63125,-7.98584],[111.63135,-7.98518],[111.63164,-7.98491],[111.63224,-7.98493],[111.63257,-7.98545],[111.63234,-7.98603],[111.63113,-7.98648],[111.63094,-7.98707],[111.63069,-7.9873],[111.63013,-7.98728],[111.6294,-7.98731],[111.62918,-7.98765],[111.62881,-7.9881],[111.62864,-7.98846],[111.62832,-7.98855],[111.6274,-7.98801],[111.62766,-7.98851],[111.62754,-7.98909],[111.62757,-7.98966],[111.62743,-7.99016],[111.62746,-7.99073],[111.62729,-7.99121],[111.62746,-7.99154],[111.62799,-7.99152],[111.62823,-7.99188],[111.62865,-7.99208],[111.62918,-7.99171],[111.62975,-7.99163],[111.63013,-7.99176],[111.63004,-7.9919],[111.62972,-7.99198],[111.6295,-7.99212],[111.62897,-7.99226],[111.62903,-7.9927],[111.62887,-7.99273],[111.62872,-7.9927],[111.62859,-7.99285],[111.62854,-7.99279],[111.62797,-7.99282],[111.62706,-7.99237],[111.62606,-7.99222],[111.62573,-7.99193],[111.62547,-7.99136],[111.62478,-7.99132],[111.62435,-7.99175],[111.62324,-7.99253],[111.62287,-7.99211],[111.62252,-7.99278],[111.62265,-7.99318],[111.62309,-7.99331],[111.62323,-7.99382],[111.6231,-7.99419],[111.6235,-7.99492],[111.62334,-7.99526],[111.62274,-7.99564],[111.62229,-7.99625],[111.6218,-7.99683],[111.62198,-7.99741],[111.62233,-7.99753],[111.6229,-7.9975],[111.62329,-7.99784],[111.62306,-7.99848],[111.62255,-7.99894],[111.62272,-7.99925],[111.62242,-8.00004],[111.62205,-8.00036],[111.62221,-8.00086],[111.62258,-8.00103],[111.62283,-8.00132],[111.62319,-8.00129],[111.6233,-8.00149],[111.62327,-8.00208],[111.62339,-8.00231],[111.62355,-8.00282],[111.6242,-8.00357],[111.62423,-8.00407],[111.62422,-8.00481],[111.62411,-8.00516],[111.62369,-8.00582],[111.62349,-8.00593],[111.62303,-8.0061],[111.6227,-8.00628],[111.62196,-8.00562],[111.62185,-8.00529],[111.62125,-8.00506],[111.62103,-8.00476],[111.62078,-8.00422],[111.62034,-8.0042],[111.6198,-8.00439],[111.61944,-8.00415],[111.6193,-8.00342],[111.61894,-8.00331],[111.61863,-8.00317],[111.61859,-8.00297],[111.61851,-8.00312],[111.61863,-8.00317],[111.61869,-8.00339],[111.61918,-8.0035],[111.61931,-8.00431],[111.61941,-8.00459],[111.61939,-8.00484],[111.6195,-8.00503],[111.61949,-8.00519],[111.61967,-8.00587],[111.61949,-8.00621],[111.61952,-8.00671],[111.61923,-8.00724],[111.6191,-8.00782],[111.6187,-8.00794],[111.6186,-8.00848],[111.61818,-8.00896],[111.61744,-8.0094],[111.61705,-8.0095],[111.61552,-8.00961],[111.61515,-8.00979],[111.61494,-8.01006],[111.61437,-8.01069],[111.61355,-8.01114],[111.61296,-8.0116],[111.61252,-8.01169],[111.61177,-8.01167],[111.61138,-8.01196],[111.61082,-8.01259],[111.61006,-8.01324],[111.6097,-8.01408],[111.60861,-8.01508],[111.60798,-8.0155],[111.60797,-8.01447],[111.60807,-8.01427],[111.60789,-8.01364],[111.6075,-8.01305],[111.60762,-8.01282],[111.60739,-8.01271],[111.60725,-8.0125],[111.60753,-8.01237],[111.60734,-8.01217],[111.60771,-8.01146],[111.60841,-8.011],[111.60854,-8.00979],[111.60889,-8.00956],[111.60843,-8.00911],[111.60843,-8.00882],[111.60888,-8.00839],[111.60897,-8.00821],[111.60911,-8.00816],[111.60927,-8.00833],[111.60998,-8.00802],[111.61036,-8.00744],[111.6108,-8.00702],[111.61158,-8.00703],[111.61205,-8.00739],[111.61224,-8.00748],[111.61252,-8.00748],[111.61278,-8.00775],[111.61293,-8.00775],[111.61332,-8.00748],[111.61363,-8.00738],[111.61424,-8.00748],[111.61451,-8.00775],[111.6145,-8.00811],[111.61509,-8.0087],[111.61531,-8.00848],[111.61593,-8.00802],[111.61613,-8.0074],[111.61628,-8.00711],[111.61586,-8.00657],[111.61577,-8.00637],[111.61578,-8.00584],[111.61607,-8.00555],[111.61595,-8.00484],[111.61459,-8.00286],[111.61448,-8.00242],[111.61386,-8.00232],[111.61359,-8.00222],[111.61443,-8.00141],[111.61476,-8.00142],[111.61515,-8.00129],[111.61538,-8.00058],[111.61611,-8.00014],[111.61622,-7.99969],[111.61677,-7.99896],[111.61676,-7.99851],[111.61658,-7.99816],[111.61649,-7.99788],[111.61594,-7.99771],[111.61531,-7.99743],[111.61484,-7.99734],[111.61423,-7.99714],[111.61306,-7.99743],[111.61205,-7.99671],[111.61186,-7.99686],[111.6122,-7.99736],[111.61168,-7.99798],[111.61143,-7.99835],[111.61079,-7.99834],[111.6105,-7.99844],[111.61017,-7.99833],[111.60995,-7.99789],[111.60977,-7.99781],[111.60978,-7.99829],[111.60967,-7.99925],[111.60904,-7.99904],[111.60906,-7.99976],[111.60869,-8.00025],[111.60857,-8.00074],[111.60823,-8.00106],[111.60814,-8.00145],[111.60795,-8.00201],[111.60688,-8.00261],[111.60623,-8.00316],[111.60568,-8.00342],[111.60514,-8.00323],[111.60488,-8.00297],[111.60446,-8.00283],[111.60415,-8.00251],[111.60375,-8.00252],[111.60332,-8.00223],[111.60297,-8.00306],[111.6025,-8.00235],[111.60193,-8.00273],[111.60175,-8.0033],[111.60189,-8.00427],[111.60262,-8.00496],[111.60225,-8.0055],[111.602,-8.00603],[111.6017,-8.00642],[111.60142,-8.00698],[111.60062,-8.00718],[111.60062,-8.00745],[111.60117,-8.00759],[111.60128,-8.00781],[111.60117,-8.00813],[111.60108,-8.00867],[111.60098,-8.00886],[111.60044,-8.00922],[111.60045,-8.00982],[111.60034,-8.01067],[111.59981,-8.01084],[111.59991,-8.01115],[111.5996,-8.01161],[111.59918,-8.01202],[111.59909,-8.01238],[111.59887,-8.01301],[111.59936,-8.01311],[111.59954,-8.0132],[111.60027,-8.01318],[111.60026,-8.01297],[111.60058,-8.0125],[111.60168,-8.01235],[111.60217,-8.01202],[111.60304,-8.01154],[111.60363,-8.01184],[111.60362,-8.01258],[111.60315,-8.01303],[111.60199,-8.01319],[111.60181,-8.01329],[111.6012,-8.0134],[111.60145,-8.01364],[111.60163,-8.0152],[111.60182,-8.01536],[111.60238,-8.01508],[111.60288,-8.01509],[111.60325,-8.01567],[111.60307,-8.01602],[111.60272,-8.01591],[111.60185,-8.01579],[111.60102,-8.01641],[111.60054,-8.01657],[111.60055,-8.01689],[111.59983,-8.01731],[111.59953,-8.01745],[111.59908,-8.01698],[111.59888,-8.01657],[111.59821,-8.01624],[111.59792,-8.01654],[111.59729,-8.01769],[111.59692,-8.01781],[111.59683,-8.01791],[111.59737,-8.01817],[111.59755,-8.01845],[111.59779,-8.01852],[111.59732,-8.01869],[111.59713,-8.01871],[111.59702,-8.01867],[111.59646,-8.01795],[111.59625,-8.01754],[111.59562,-8.01789],[111.59524,-8.01833],[111.59514,-8.01842],[111.59498,-8.01847],[111.59423,-8.01851],[111.5924,-8.01895],[111.59046,-8.01938],[111.58928,-8.02054],[111.58753,-8.02275],[111.58723,-8.02244],[111.5864,-8.02271],[111.58622,-8.0229],[111.58568,-8.02317],[111.58558,-8.02317],[111.58522,-8.02305],[111.58458,-8.02326],[111.58431,-8.02308],[111.58343,-8.02287],[111.58331,-8.02263],[111.58332,-8.02227],[111.58295,-8.02191],[111.58285,-8.02162],[111.58234,-8.02112],[111.58164,-8.02095],[111.58113,-8.02046],[111.58124,-8.02025],[111.58065,-8.01943],[111.58047,-8.01765],[111.58004,-8.01693],[111.57979,-8.01642],[111.57949,-8.01602],[111.57904,-8.01581],[111.57903,-8.0154],[111.57913,-8.01513],[111.57914,-8.01351],[111.57893,-8.01331],[111.57903,-8.01277],[111.57939,-8.01224],[111.57903,-8.01187],[111.57903,-8.01172],[111.57842,-8.01091],[111.57892,-8.01066],[111.57914,-8.00997],[111.57966,-8.00996],[111.58001,-8.01032],[111.58056,-8.01051],[111.58087,-8.00972],[111.58119,-8.01005],[111.58149,-8.01024],[111.58178,-8.01054],[111.58203,-8.01117],[111.58241,-8.01189],[111.58228,-8.01228],[111.58257,-8.01286],[111.58275,-8.01303],[111.58293,-8.01331],[111.58366,-8.01349],[111.58379,-8.01374],[111.58414,-8.01386],[111.58501,-8.01386],[111.58544,-8.01354],[111.58593,-8.0126],[111.58584,-8.0124],[111.58557,-8.01214],[111.58565,-8.01195],[111.58593,-8.01182],[111.58582,-8.01155],[111.58556,-8.01103],[111.58538,-8.01049],[111.58511,-8.00997],[111.5852,-8.00951],[111.58574,-8.00952],[111.58583,-8.00942],[111.58637,-8.00943],[111.58656,-8.00924],[111.58717,-8.00912],[111.58728,-8.00887],[111.58781,-8.00862],[111.5881,-8.00834],[111.5882,-8.00813],[111.58887,-8.00715],[111.58865,-8.0067],[111.58819,-8.00652],[111.58806,-8.00585],[111.58779,-8.00558],[111.58726,-8.0054],[111.58678,-8.00564],[111.5871,-8.00486],[111.58701,-8.00435],[111.58673,-8.00426],[111.58656,-8.00372],[111.5862,-8.00354],[111.58446,-8.00354],[111.58501,-8.00291],[111.58524,-8.00256],[111.58591,-8.00224],[111.58546,-8.00138],[111.58545,-8.00093],[111.586,-8.00039],[111.58618,-7.99983],[111.58623,-7.99978]],[[111.61564,-7.94583],[111.61559,-7.94561],[111.61561,-7.94545],[111.61578,-7.94515],[111.61534,-7.94488],[111.61512,-7.9448],[111.61514,-7.94498],[111.61502,-7.94564],[111.61564,-7.94583]],[[111.57372,-7.94725],[111.57378,-7.94659],[111.57355,-7.94604],[111.57326,-7.94582],[111.57279,-7.94587],[111.57264,-7.94623],[111.5727,-7.94665],[111.57333,-7.94692],[111.57349,-7.94712],[111.57372,-7.94725]],[[111.55413,-7.94746],[111.5541,-7.94735],[111.55402,-7.94742],[111.55413,-7.94746],[111.55423,-7.94759],[111.55514,-7.94799],[111.55548,-7.94794],[111.55566,-7.94771],[111.55561,-7.94737],[111.55533,-7.94715],[111.55472,-7.94733],[111.55426,-7.94741],[111.55413,-7.94746]],[[111.55713,-7.95098],[111.55722,-7.95098],[111.55722,-7.95089],[111.55765,-7.95065],[111.55842,-7.95013],[111.55889,-7.94994],[111.55978,-7.94907],[111.55999,-7.94864],[111.55997,-7.94816],[111.55948,-7.94793],[111.55891,-7.94796],[111.5588,-7.94831],[111.55839,-7.9487],[111.55753,-7.95003],[111.55744,-7.95012],[111.55715,-7.95071],[111.55722,-7.95089],[111.55713,-7.95089],[111.55713,-7.95098],[111.55702,-7.95101],[111.55709,-7.95109],[111.55713,-7.95098]],[[111.60079,-7.9653],[111.60068,-7.96533],[111.60075,-7.96541],[111.60079,-7.9653],[111.60093,-7.96535],[111.60118,-7.96508],[111.60147,-7.96499],[111.60205,-7.96451],[111.60256,-7.96454],[111.603,-7.96452],[111.60406,-7.96425],[111.60438,-7.96363],[111.60435,-7.96326],[111.60455,-7.96308],[111.60476,-7.96276],[111.6051,-7.96243],[111.60546,-7.96227],[111.60582,-7.96199],[111.60609,-7.9619],[111.60695,-7.96155],[111.60736,-7.96126],[111.60775,-7.96108],[111.60817,-7.96061],[111.60782,-7.96029],[111.60759,-7.95981],[111.60727,-7.95922],[111.60641,-7.95881],[111.60615,-7.95883],[111.60583,-7.95918],[111.60563,-7.95928],[111.60493,-7.95987],[111.60469,-7.96014],[111.6045,-7.96115],[111.60419,-7.96143],[111.60383,-7.96299],[111.60371,-7.96309],[111.60344,-7.96308],[111.60317,-7.96338],[111.60263,-7.96335],[111.60221,-7.96358],[111.6019,-7.96393],[111.6012,-7.96425],[111.60091,-7.96465],[111.60093,-7.96491],[111.60079,-7.9653]],[[111.61277,-7.96999],[111.61273,-7.96994],[111.61269,-7.96949],[111.61252,-7.9692],[111.61208,-7.969],[111.61163,-7.96875],[111.61115,-7.96789],[111.61119,-7.96835],[111.61155,-7.96886],[111.61163,-7.96913],[111.61189,-7.96936],[111.61216,-7.96995],[111.61277,-7.96999]],[[111.6126,-7.9793],[111.6125,-7.97934],[111.61257,-7.97942],[111.6126,-7.9793],[111.61293,-7.97924],[111.61359,-7.97897],[111.61401,-7.97969],[111.61481,-7.97911],[111.61549,-7.97837],[111.61574,-7.97826],[111.61596,-7.9785],[111.61611,-7.97988],[111.61633,-7.97964],[111.61655,-7.97898],[111.61664,-7.97853],[111.61675,-7.97822],[111.61715,-7.97799],[111.61727,-7.97898],[111.61733,-7.97907],[111.61755,-7.97862],[111.61792,-7.97816],[111.6179,-7.97772],[111.61809,-7.97744],[111.61819,-7.97714],[111.61836,-7.97681],[111.61836,-7.97663],[111.61846,-7.97644],[111.61814,-7.97615],[111.61754,-7.97586],[111.6172,-7.97534],[111.61737,-7.97471],[111.61755,-7.97454],[111.61781,-7.97455],[111.6181,-7.97435],[111.61881,-7.97328],[111.6189,-7.9731],[111.62013,-7.97262],[111.62105,-7.97294],[111.62122,-7.97385],[111.62162,-7.97459],[111.62171,-7.97379],[111.62205,-7.97315],[111.62257,-7.973],[111.62326,-7.97337],[111.62369,-7.97294],[111.62404,-7.97312],[111.62426,-7.9719],[111.62489,-7.97126],[111.62489,-7.97072],[111.62525,-7.97038],[111.62514,-7.97008],[111.62516,-7.96965],[111.62481,-7.96933],[111.62461,-7.96893],[111.62449,-7.96785],[111.62314,-7.96766],[111.6229,-7.9674],[111.62261,-7.96722],[111.62251,-7.96711],[111.62252,-7.96648],[111.62225,-7.96623],[111.62132,-7.9665],[111.62106,-7.96649],[111.62089,-7.96613],[111.6207,-7.96604],[111.62061,-7.9655],[111.62046,-7.96535],[111.61942,-7.96523],[111.61925,-7.96542],[111.61889,-7.96541],[111.61862,-7.96559],[111.61834,-7.96568],[111.61802,-7.96622],[111.61789,-7.96677],[111.6178,-7.96695],[111.61759,-7.96769],[111.61717,-7.96822],[111.61717,-7.96831],[111.61699,-7.96883],[111.61646,-7.96896],[111.61584,-7.96938],[111.61554,-7.96952],[111.61517,-7.96939],[111.61499,-7.96995],[111.61518,-7.9703],[111.61526,-7.97054],[111.61483,-7.97117],[111.61531,-7.9714],[111.61554,-7.97211],[111.61582,-7.97247],[111.61594,-7.97274],[111.61571,-7.97341],[111.61535,-7.97374],[111.61505,-7.97373],[111.61435,-7.97349],[111.61435,-7.97426],[111.61466,-7.97484],[111.61463,-7.97548],[111.61411,-7.976],[111.61376,-7.97616],[111.61352,-7.97704],[111.6131,-7.97718],[111.61283,-7.97754],[111.61255,-7.97772],[111.61223,-7.97816],[111.612,-7.97827],[111.61165,-7.97863],[111.61153,-7.97912],[111.61122,-7.97942],[111.61183,-7.97962],[111.61201,-7.97935],[111.61253,-7.97908],[111.6126,-7.9793]],[[111.62422,-7.98046],[111.62427,-7.9802],[111.62472,-7.97988],[111.6248,-7.97974],[111.62462,-7.97943],[111.62446,-7.97905],[111.62419,-7.97905],[111.62373,-7.9784],[111.62335,-7.97844],[111.6231,-7.97842],[111.62279,-7.97853],[111.62281,-7.97879],[111.62261,-7.97914],[111.62288,-7.97951],[111.62316,-7.97963],[111.62327,-7.98001],[111.624,-7.98032],[111.62422,-7.98046],[111.62425,-7.98057],[111.62433,-7.9805],[111.62422,-7.98046]],[[111.60813,-7.96421],[111.60811,-7.96414],[111.60789,-7.96409],[111.60775,-7.96396],[111.60759,-7.96393],[111.60756,-7.96383],[111.60748,-7.9639],[111.60759,-7.96393],[111.60762,-7.96427],[111.60782,-7.96437],[111.60798,-7.96424],[111.60813,-7.96421],[111.60854,-7.96462],[111.60892,-7.96479],[111.6089,-7.96509],[111.60861,-7.96593],[111.60812,-7.96625],[111.60837,-7.9666],[111.60845,-7.96689],[111.60763,-7.96715],[111.6071,-7.96769],[111.60617,-7.96755],[111.60572,-7.96779],[111.60543,-7.96778],[111.60429,-7.96821],[111.60395,-7.96769],[111.60379,-7.9677],[111.60365,-7.96844],[111.60398,-7.96939],[111.6036,-7.96957],[111.60274,-7.96868],[111.60273,-7.96779],[111.60276,-7.96701],[111.6025,-7.96769],[111.60218,-7.96797],[111.60193,-7.9677],[111.60132,-7.96769],[111.60072,-7.96789],[111.60028,-7.96812],[111.59948,-7.9677],[111.59927,-7.9677],[111.59875,-7.96743],[111.59857,-7.96707],[111.59835,-7.96698],[111.5982,-7.96746],[111.59764,-7.968],[111.59766,-7.96873],[111.59676,-7.96869],[111.59648,-7.96886],[111.5971,-7.96901],[111.59739,-7.96934],[111.59696,-7.96954],[111.59717,-7.96974],[111.59739,-7.97049],[111.59691,-7.97078],[111.59621,-7.97053],[111.59584,-7.97079],[111.59515,-7.97076],[111.59473,-7.97105],[111.59531,-7.97114],[111.5953,-7.97145],[111.59395,-7.97177],[111.59386,-7.97184],[111.59417,-7.97229],[111.59475,-7.97243],[111.59514,-7.97269],[111.59606,-7.97299],[111.59659,-7.97272],[111.59721,-7.9731],[111.59621,-7.97359],[111.59623,-7.97406],[111.59677,-7.97431],[111.59695,-7.97468],[111.59734,-7.97486],[111.59784,-7.97539],[111.5994,-7.97548],[111.59948,-7.9756],[111.59899,-7.97596],[111.59885,-7.97639],[111.59842,-7.97659],[111.5979,-7.97764],[111.5972,-7.97793],[111.59694,-7.97792],[111.59696,-7.97842],[111.59726,-7.97898],[111.59702,-7.9798],[111.59654,-7.98043],[111.59714,-7.98082],[111.59804,-7.97972],[111.5987,-7.97973],[111.59905,-7.97954],[111.59927,-7.97907],[111.59907,-7.9785],[111.59938,-7.97776],[111.59967,-7.97749],[111.59977,-7.97696],[111.60035,-7.97669],[111.60067,-7.9762],[111.60077,-7.97611],[111.60094,-7.97611],[111.60186,-7.97583],[111.60211,-7.97557],[111.60298,-7.9754],[111.60339,-7.97584],[111.60338,-7.97611],[111.60375,-7.97592],[111.60416,-7.97607],[111.60458,-7.97592],[111.60511,-7.97645],[111.60525,-7.97674],[111.60594,-7.97675],[111.60573,-7.97624],[111.60539,-7.97518],[111.60557,-7.97484],[111.60568,-7.97448],[111.60565,-7.97371],[111.60567,-7.97322],[111.60616,-7.97285],[111.60662,-7.97316],[111.60686,-7.9729],[111.60711,-7.97236],[111.60811,-7.97199],[111.60809,-7.97134],[111.60827,-7.97081],[111.60838,-7.97036],[111.60836,-7.9698],[111.60851,-7.96937],[111.60787,-7.96971],[111.60728,-7.96932],[111.60687,-7.9686],[111.60626,-7.9685],[111.60588,-7.9683],[111.60602,-7.96803],[111.60657,-7.96805],[111.60695,-7.96825],[111.60761,-7.96802],[111.60774,-7.96736],[111.60879,-7.96722],[111.60891,-7.96695],[111.60913,-7.96675],[111.60948,-7.9666],[111.61006,-7.96722],[111.61018,-7.96659],[111.60972,-7.96638],[111.60926,-7.96567],[111.60927,-7.96537],[111.60954,-7.96497],[111.60945,-7.96479],[111.60945,-7.96442],[111.60863,-7.96443],[111.60864,-7.96406],[111.60845,-7.96416],[111.60813,-7.96421]],[[111.60381,-7.98483],[111.60381,-7.98474],[111.60372,-7.98474],[111.60355,-7.98448],[111.60334,-7.98373],[111.60265,-7.98351],[111.60232,-7.98356],[111.60242,-7.98422],[111.60289,-7.98415],[111.60339,-7.98487],[111.60372,-7.98474],[111.60372,-7.98483],[111.60381,-7.98483],[111.60384,-7.98494],[111.60392,-7.98487],[111.60381,-7.98483]],[[111.60109,-7.98538],[111.60128,-7.98524],[111.60149,-7.98443],[111.60176,-7.98422],[111.60185,-7.98384],[111.60149,-7.98335],[111.60136,-7.98303],[111.60147,-7.98298],[111.60139,-7.98282],[111.60136,-7.98303],[111.60123,-7.98312],[111.60114,-7.98335],[111.60088,-7.98345],[111.60082,-7.98375],[111.60096,-7.98443],[111.60085,-7.98471],[111.60094,-7.98507],[111.60109,-7.98538],[111.60098,-7.98541],[111.60106,-7.98549],[111.60109,-7.98538]],[[111.60645,-7.99134],[111.60642,-7.99124],[111.60634,-7.99131],[111.60645,-7.99134],[111.60639,-7.99148],[111.60648,-7.99175],[111.60665,-7.992],[111.60678,-7.99238],[111.60712,-7.99246],[111.60721,-7.99214],[111.60703,-7.99203],[111.60675,-7.9915],[111.60645,-7.99134]],[[111.62125,-7.99856],[111.62131,-7.99849],[111.62166,-7.99834],[111.62209,-7.99809],[111.62148,-7.99769],[111.62081,-7.99852],[111.62125,-7.99856]],[[111.61826,-8.00263],[111.6183,-8.00258],[111.61835,-8.00217],[111.61869,-8.00157],[111.61854,-8.00076],[111.61895,-8.00051],[111.61905,-8.00014],[111.61902,-7.99985],[111.61922,-7.9995],[111.61918,-7.99909],[111.61941,-7.99877],[111.61902,-7.99861],[111.61873,-7.9984],[111.61814,-7.99846],[111.61804,-7.99872],[111.61856,-7.99895],[111.61872,-7.99913],[111.61834,-8.00002],[111.61851,-8.00045],[111.61847,-8.00077],[111.6182,-8.00124],[111.6183,-8.00212],[111.61803,-8.00259],[111.61826,-8.00263]],[[111.59947,-7.99597],[111.59974,-7.99597],[111.59974,-7.99588],[111.59985,-7.99584],[111.59978,-7.99576],[111.59974,-7.99588],[111.59947,-7.99588],[111.59947,-7.99597],[111.59915,-7.99592],[111.59864,-7.99579],[111.59845,-7.99601],[111.59813,-7.99592],[111.59756,-7.9953],[111.59723,-7.99527],[111.59726,-7.99563],[111.5968,-7.99606],[111.59715,-7.99669],[111.59655,-7.99685],[111.59614,-7.99656],[111.59598,-7.99683],[111.59582,-7.99718],[111.59553,-7.99729],[111.59534,-7.99727],[111.59526,-7.99774],[111.5951,-7.99787],[111.59543,-7.99815],[111.59535,-7.99864],[111.59525,-7.99902],[111.59523,-7.99959],[111.59544,-7.99996],[111.59523,-8.00034],[111.5939,-8.00023],[111.59444,-8.00073],[111.59499,-8.00081],[111.5958,-8.00133],[111.59563,-8.00244],[111.59549,-8.00294],[111.59538,-8.00297],[111.59546,-8.00305],[111.59549,-8.00294],[111.59641,-8.00286],[111.59687,-8.00322],[111.59698,-8.00298],[111.59734,-8.00247],[111.5969,-8.00228],[111.59678,-8.00213],[111.59702,-8.00156],[111.59759,-8.00144],[111.59798,-8.0019],[111.59827,-8.00207],[111.59823,-8.00159],[111.59777,-8.00139],[111.59752,-8.00055],[111.59771,-7.99985],[111.5981,-7.99915],[111.59857,-7.99919],[111.59879,-7.99917],[111.59898,-7.99927],[111.59931,-7.99904],[111.59895,-7.99873],[111.59898,-7.99831],[111.59965,-7.99816],[111.59982,-7.99797],[111.5997,-7.99764],[111.59945,-7.99673],[111.59906,-7.9964],[111.59888,-7.99618],[111.59943,-7.99601],[111.59947,-7.99597]],[[111.59413,-8.00475],[111.59419,-8.00455],[111.59449,-8.00442],[111.59395,-8.00376],[111.59449,-8.00353],[111.59409,-8.00344],[111.59325,-8.00368],[111.59332,-8.00426],[111.59373,-8.00443],[111.59397,-8.00457],[111.59413,-8.00475]],[[111.59477,-8.00637],[111.59472,-8.0056],[111.59454,-8.00545],[111.59445,-8.00524],[111.59414,-8.00481],[111.59425,-8.00605],[111.59445,-8.00615],[111.59477,-8.00637]],[[111.59295,-8.00755],[111.59304,-8.00755],[111.59304,-8.00728],[111.5932,-8.00716],[111.59341,-8.00666],[111.59335,-8.00617],[111.59307,-8.00598],[111.59319,-8.00688],[111.59304,-8.00728],[111.59295,-8.00728],[111.59295,-8.00755],[111.59255,-8.0077],[111.592,-8.00777],[111.59174,-8.00798],[111.59261,-8.00814],[111.59291,-8.00795],[111.59295,-8.00755]],[[111.58761,-8.01398],[111.58749,-8.0138],[111.58706,-8.01368],[111.58712,-8.01394],[111.58761,-8.01398],[111.58765,-8.01404],[111.58785,-8.01411],[111.58837,-8.01366],[111.5887,-8.01353],[111.58889,-8.01304],[111.5892,-8.01286],[111.58932,-8.01269],[111.58969,-8.01248],[111.58931,-8.01221],[111.58941,-8.01176],[111.58966,-8.01159],[111.58973,-8.01133],[111.58938,-8.0112],[111.58929,-8.01064],[111.58902,-8.01045],[111.58883,-8.00992],[111.58865,-8.00978],[111.58857,-8.01051],[111.58839,-8.01063],[111.58812,-8.0111],[111.58848,-8.01131],[111.58864,-8.01159],[111.5889,-8.01169],[111.5891,-8.01209],[111.58864,-8.01221],[111.58855,-8.01244],[111.58833,-8.0126],[111.58841,-8.01294],[111.58835,-8.01321],[111.58804,-8.01343],[111.58779,-8.01386],[111.58761,-8.01398]],[[111.58789,-8.0205],[111.58803,-8.02018],[111.58811,-8.01981],[111.58821,-8.01964],[111.5882,-8.01954],[111.58834,-8.0193],[111.58848,-8.01919],[111.58883,-8.01862],[111.58903,-8.01846],[111.58922,-8.01794],[111.58902,-8.01742],[111.58843,-8.01706],[111.58807,-8.01733],[111.58776,-8.01783],[111.58821,-8.01836],[111.58829,-8.01873],[111.58786,-8.01927],[111.58775,-8.01979],[111.58778,-8.02009],[111.58775,-8.02038],[111.58789,-8.0205]]],[[[111.57743,-8.03539],[111.57624,-8.03423],[111.57639,-8.0338],[111.57598,-8.03341],[111.57597,-8.03324],[111.57643,-8.03313],[111.57662,-8.03303],[111.57737,-8.03305],[111.57779,-8.03231],[111.57821,-8.03203],[111.57833,-8.03168],[111.57833,-8.03152],[111.57901,-8.03138],[111.57969,-8.03105],[111.58005,-8.03069],[111.58028,-8.03],[111.58059,-8.0297],[111.58069,-8.0295],[111.58105,-8.02927],[111.58035,-8.03081],[111.57994,-8.03133],[111.57972,-8.03179],[111.57948,-8.03243],[111.57911,-8.0331],[111.57902,-8.03354],[111.57828,-8.03463],[111.57817,-8.03496],[111.57795,-8.03519],[111.57781,-8.03538],[111.57743,-8.03539]]],[[[111.58146,-8.02858],[111.58132,-8.02815],[111.58105,-8.02752],[111.58105,-8.02725],[111.58069,-8.02653],[111.58015,-8.02581],[111.58014,-8.02545],[111.58036,-8.02476],[111.58085,-8.02426],[111.5811,-8.02425],[111.58135,-8.02489],[111.58188,-8.0249],[111.58275,-8.02478],[111.58322,-8.02462],[111.58394,-8.02461],[111.58431,-8.0248],[111.58337,-8.02514],[111.58273,-8.02572],[111.58261,-8.0266],[111.58234,-8.02701],[111.58189,-8.02791],[111.58146,-8.02858]]],[[[111.62592,-8.01092],[111.62588,-8.01089],[111.62572,-8.01053],[111.62638,-8.01053],[111.62592,-8.01092]]],[[[111.62446,-8.00837],[111.62436,-8.00828],[111.62431,-8.00794],[111.62432,-8.00794],[111.62446,-8.00837]]],[[[111.62974,-8.00807],[111.62984,-8.00781],[111.63003,-8.00754],[111.63065,-8.00755],[111.63111,-8.00736],[111.63124,-8.00733],[111.63108,-8.00754],[111.6306,-8.00764],[111.62988,-8.00789],[111.62974,-8.00807]]]]}},{"type":"Feature","properties":{"KODE":3,"KELAS":3,"NAMA":"10-15 menit","LUAS_HA":1329.013,"_cls":"10-15 menit"},"geometry":{"type":"MultiPolygon","coordinates":[[[[111.56876,-8.03183],[111.5688,-8.03169],[111.56926,-8.03124],[111.56944,-8.03115],[111.56942,-8.03075],[111.56954,-8.03039],[111.5702,-8.03024],[111.57053,-8.02987],[111.57052,-8.0297],[111.57063,-8.02961],[111.57081,-8.0298],[111.57079,-8.03001],[111.57151,-8.02972],[111.57203,-8.03],[111.57246,-8.03055],[111.57242,-8.03114],[111.57266,-8.03141],[111.57317,-8.03114],[111.57315,-8.03081],[111.57326,-8.0304],[111.57383,-8.03014],[111.57407,-8.03015],[111.57425,-8.03005],[111.57461,-8.02997],[111.57482,-8.02964],[111.57516,-8.02943],[111.57524,-8.02933],[111.57544,-8.02924],[111.57542,-8.02816],[111.57545,-8.02758],[111.57577,-8.0268],[111.57624,-8.02593],[111.57623,-8.02579],[111.57596,-8.02581],[111.57579,-8.02561],[111.57551,-8.0249],[111.57526,-8.02467],[111.57515,-8.02372],[111.57494,-8.02322],[111.57497,-8.02264],[111.57427,-8.02322],[111.57375,-8.02336],[111.57342,-8.023],[111.57315,-8.0231],[111.57277,-8.02307],[111.57259,-8.0227],[111.57231,-8.02245],[111.57176,-8.02246],[111.57144,-8.02211],[111.57104,-8.02191],[111.57041,-8.02191],[111.57024,-8.02155],[111.57013,-8.02168],[111.56956,-8.02179],[111.56953,-8.02164],[111.5694,-8.02157],[111.56947,-8.02143],[111.56965,-8.02149],[111.56979,-8.0212],[111.57016,-8.02074],[111.56994,-8.02014],[111.57006,-8.01966],[111.57048,-8.01859],[111.57098,-8.01833],[111.57174,-8.0183],[111.57222,-8.01832],[111.57271,-8.01794],[111.57311,-8.01815],[111.57393,-8.0179],[111.5736,-8.01759],[111.57332,-8.01667],[111.57315,-8.01651],[111.57294,-8.01618],[111.57266,-8.01633],[111.57219,-8.01621],[111.57169,-8.01634],[111.57081,-8.01598],[111.57011,-8.01581],[111.5699,-8.01536],[111.56885,-8.01505],[111.56815,-8.01514],[111.56751,-8.01532],[111.56742,-8.01578],[111.56691,-8.0159],[111.56677,-8.01617],[111.56697,-8.01675],[111.56664,-8.01754],[111.56635,-8.01786],[111.56613,-8.01768],[111.56587,-8.017],[111.56534,-8.01651],[111.56509,-8.01589],[111.56444,-8.01545],[111.56346,-8.01593],[111.5629,-8.01652],[111.56259,-8.01631],[111.56217,-8.01611],[111.56243,-8.0156],[111.56252,-8.01533],[111.56272,-8.01493],[111.56389,-8.01379],[111.56388,-8.0134],[111.56302,-8.01294],[111.56259,-8.01326],[111.562,-8.01324],[111.56134,-8.01338],[111.56144,-8.01312],[111.56177,-8.0125],[111.5618,-8.01181],[111.56111,-8.01157],[111.56054,-8.01213],[111.56005,-8.01289],[111.55973,-8.0129],[111.55899,-8.01261],[111.55889,-8.0118],[111.55845,-8.01139],[111.55771,-8.01013],[111.55769,-8.00968],[111.55839,-8.00951],[111.55888,-8.00928],[111.55918,-8.00878],[111.5596,-8.00839],[111.55925,-8.00753],[111.55952,-8.00729],[111.56034,-8.00738],[111.56088,-8.00764],[111.56119,-8.00797],[111.56161,-8.00819],[111.56205,-8.00818],[111.56241,-8.00837],[111.56368,-8.00852],[111.56442,-8.00882],[111.56495,-8.00882],[111.56505,-8.00872],[111.56516,-8.00839],[111.56551,-8.00784],[111.56666,-8.00756],[111.56695,-8.00728],[111.56669,-8.00709],[111.56604,-8.00697],[111.56551,-8.00648],[111.56498,-8.00563],[111.56415,-8.00486],[111.56396,-8.00433],[111.56441,-8.00411],[111.56456,-8.00366],[111.56532,-8.00293],[111.56568,-8.00294],[111.56608,-8.00252],[111.56657,-8.00269],[111.56693,-8.0023],[111.56782,-8.00274],[111.56813,-8.00275],[111.56853,-8.00265],[111.56913,-8.00293],[111.56924,-8.00305],[111.56986,-8.00284],[111.57014,-8.00264],[111.57049,-8.00266],[111.57077,-8.00251],[111.57182,-8.00247],[111.57234,-8.00286],[111.57372,-8.00312],[111.57423,-8.00264],[111.5735,-8.00197],[111.57375,-8.00184],[111.5743,-8.00173],[111.5742,-8.00164],[111.57358,-8.00135],[111.57357,-8.0012],[111.57366,-8.00084],[111.57364,-8.00034],[111.57384,-7.99985],[111.57395,-7.9994],[111.57458,-7.9993],[111.57419,-7.99921],[111.57393,-7.99894],[111.57366,-7.99881],[111.57366,-7.99867],[111.57375,-7.99849],[111.57384,-7.9982],[111.57411,-7.99795],[111.57411,-7.99777],[111.57422,-7.99744],[111.574,-7.99702],[111.57424,-7.99629],[111.57368,-7.99548],[111.57345,-7.99492],[111.5736,-7.99451],[111.57333,-7.9947],[111.57314,-7.9951],[111.57265,-7.99577],[111.57222,-7.99578],[111.57202,-7.99569],[111.57166,-7.99545],[111.57121,-7.9953],[111.57129,-7.99487],[111.57148,-7.9947],[111.57158,-7.99414],[111.57198,-7.99395],[111.5715,-7.99372],[111.57129,-7.99353],[111.5712,-7.99324],[111.5707,-7.99351],[111.57046,-7.99352],[111.57021,-7.99325],[111.56911,-7.99323],[111.56834,-7.9937],[111.56776,-7.99372],[111.56766,-7.99344],[111.56757,-7.99289],[111.5674,-7.9924],[111.56738,-7.99101],[111.56766,-7.99063],[111.56821,-7.99],[111.56805,-7.98928],[111.56864,-7.98851],[111.56866,-7.98801],[111.56781,-7.98686],[111.56802,-7.98648],[111.56802,-7.98611],[111.56764,-7.98583],[111.56766,-7.98448],[111.56698,-7.98342],[111.56683,-7.98285],[111.5671,-7.98246],[111.56701,-7.98204],[111.56648,-7.9814],[111.56721,-7.98038],[111.56718,-7.97945],[111.56731,-7.97907],[111.56692,-7.97887],[111.56665,-7.97869],[111.56628,-7.9786],[111.56611,-7.97842],[111.56461,-7.98021],[111.56386,-7.98048],[111.56343,-7.98025],[111.56311,-7.98072],[111.56299,-7.98188],[111.56278,-7.98211],[111.56233,-7.98188],[111.56171,-7.98163],[111.56128,-7.98121],[111.56057,-7.98087],[111.56048,-7.98069],[111.55981,-7.98017],[111.55948,-7.97954],[111.55939,-7.97879],[111.55897,-7.97852],[111.55883,-7.97812],[111.55885,-7.97742],[111.55772,-7.97707],[111.55705,-7.97658],[111.55689,-7.97576],[111.55657,-7.97554],[111.55603,-7.97541],[111.55623,-7.97495],[111.55611,-7.97473],[111.55612,-7.97457],[111.55548,-7.97393],[111.55547,-7.97366],[111.55566,-7.97319],[111.55529,-7.97283],[111.55511,-7.97255],[111.55484,-7.97243],[111.55483,-7.9722],[111.55498,-7.97197],[111.55518,-7.97193],[111.55503,-7.97185],[111.55498,-7.97197],[111.55464,-7.97201],[111.5543,-7.9722],[111.55375,-7.97205],[111.55384,-7.97256],[111.55402,-7.97324],[111.55391,-7.97342],[111.55348,-7.97373],[111.55339,-7.97402],[111.55315,-7.97424],[111.55349,-7.97454],[111.55339,-7.97473],[111.55327,-7.97551],[111.55261,-7.97528],[111.55221,-7.97536],[111.55198,-7.97597],[111.55133,-7.9764],[111.55099,-7.97677],[111.55022,-7.97717],[111.54984,-7.97747],[111.54895,-7.9779],[111.54858,-7.97799],[111.54875,-7.97831],[111.54823,-7.97847],[111.54859,-7.97872],[111.54934,-7.97913],[111.54922,-7.97935],[111.54914,-7.98016],[111.54851,-7.98103],[111.54839,-7.9814],[111.5469,-7.98181],[111.54632,-7.98215],[111.54669,-7.98303],[111.54659,-7.98347],[111.54588,-7.98402],[111.54578,-7.98491],[111.54551,-7.98541],[111.54553,-7.98575],[111.54538,-7.98592],[111.54469,-7.98632],[111.54472,-7.98689],[111.54431,-7.98798],[111.54479,-7.98831],[111.54509,-7.98845],[111.54547,-7.98881],[111.54529,-7.98887],[111.54461,-7.98882],[111.54403,-7.98885],[111.5436,-7.98922],[111.54312,-7.99075],[111.54296,-7.99056],[111.54255,-7.98926],[111.54212,-7.98907],[111.54187,-7.98851],[111.54138,-7.9883],[111.54111,-7.98786],[111.54069,-7.98804],[111.54089,-7.98868],[111.54115,-7.98916],[111.54117,-7.98938],[111.54095,-7.98974],[111.54057,-7.98987],[111.54019,-7.98964],[111.54006,-7.9893],[111.54037,-7.98787],[111.53991,-7.98759],[111.53963,-7.98696],[111.53924,-7.98705],[111.53908,-7.98741],[111.53898,-7.9875],[111.53882,-7.98804],[111.53863,-7.98759],[111.53863,-7.98718],[111.53851,-7.98692],[111.53817,-7.98663],[111.53788,-7.98612],[111.53749,-7.98715],[111.53726,-7.98792],[111.53698,-7.98841],[111.53668,-7.9892],[111.5363,-7.98934],[111.53592,-7.98902],[111.53562,-7.98805],[111.53531,-7.98636],[111.53507,-7.98558],[111.5339,-7.98514],[111.53329,-7.98471],[111.53306,-7.98469],[111.53216,-7.98505],[111.53198,-7.98174],[111.53198,-7.97973],[111.53107,-7.97973],[111.52943,-7.97961],[111.52939,-7.97748],[111.52944,-7.97454],[111.52995,-7.97427],[111.53007,-7.9744],[111.53028,-7.9745],[111.53107,-7.97476],[111.53133,-7.97475],[111.53211,-7.97498],[111.53246,-7.97532],[111.5317,-7.97764],[111.53201,-7.9784],[111.53276,-7.97874],[111.53356,-7.97841],[111.5338,-7.97792],[111.53446,-7.97766],[111.5338,-7.97734],[111.53325,-7.97566],[111.53345,-7.97566],[111.53472,-7.97523],[111.53523,-7.97637],[111.53552,-7.97664],[111.5357,-7.97701],[111.53602,-7.97734],[111.53651,-7.97882],[111.53666,-7.97896],[111.53669,-7.97906],[111.53677,-7.97899],[111.53666,-7.97896],[111.53697,-7.9781],[111.53805,-7.97775],[111.53733,-7.97746],[111.53715,-7.97736],[111.53737,-7.97694],[111.53799,-7.97664],[111.5387,-7.97647],[111.53897,-7.97628],[111.53934,-7.97647],[111.53983,-7.97646],[111.54015,-7.97605],[111.53975,-7.97469],[111.53996,-7.97448],[111.54016,-7.97407],[111.53997,-7.97353],[111.53968,-7.97339],[111.54023,-7.97312],[111.54032,-7.97293],[111.54052,-7.97294],[111.54141,-7.97263],[111.54161,-7.97346],[111.54201,-7.97463],[111.54245,-7.97504],[111.5422,-7.97553],[111.54151,-7.97588],[111.54123,-7.9752],[111.54078,-7.97429],[111.5405,-7.97411],[111.54051,-7.97445],[111.54032,-7.97575],[111.54033,-7.97603],[111.54076,-7.97644],[111.54123,-7.97628],[111.54134,-7.97628],[111.54187,-7.97646],[111.54214,-7.97646],[111.54223,-7.97655],[111.54254,-7.9767],[111.54275,-7.97714],[111.54259,-7.97794],[111.54288,-7.97892],[111.54287,-7.97918],[111.54302,-7.9796],[111.54329,-7.97918],[111.54353,-7.97858],[111.54481,-7.9791],[111.54562,-7.97936],[111.54596,-7.97935],[111.54661,-7.97962],[111.54696,-7.97944],[111.54738,-7.97879],[111.5475,-7.97763],[111.54782,-7.97732],[111.54878,-7.97709],[111.54917,-7.97689],[111.54977,-7.97613],[111.5504,-7.97582],[111.55123,-7.97508],[111.55178,-7.97472],[111.55206,-7.97443],[111.55226,-7.9734],[111.55293,-7.97276],[111.55302,-7.97138],[111.55339,-7.97129],[111.5538,-7.97086],[111.55396,-7.97075],[111.55483,-7.97165],[111.55575,-7.97176],[111.55574,-7.97201],[111.55584,-7.97219],[111.55584,-7.97238],[111.55602,-7.97255],[111.55625,-7.97291],[111.55611,-7.97347],[111.55611,-7.97379],[111.55727,-7.97393],[111.5574,-7.97492],[111.55796,-7.97529],[111.55881,-7.9757],[111.55929,-7.97608],[111.55975,-7.97635],[111.55995,-7.97656],[111.56037,-7.9772],[111.56111,-7.97761],[111.56128,-7.97797],[111.56163,-7.97842],[111.56202,-7.97861],[111.56229,-7.97879],[111.56304,-7.97915],[111.56401,-7.97915],[111.56437,-7.97903],[111.56477,-7.97842],[111.56518,-7.97843],[111.56604,-7.97767],[111.56673,-7.97624],[111.56704,-7.97595],[111.5673,-7.97608],[111.56717,-7.97648],[111.56728,-7.97671],[111.56798,-7.97669],[111.56765,-7.97718],[111.56785,-7.97776],[111.56819,-7.97842],[111.56839,-7.97892],[111.56819,-7.97948],[111.56803,-7.98015],[111.56792,-7.98096],[111.5677,-7.9816],[111.56783,-7.98185],[111.56792,-7.98214],[111.56773,-7.98269],[111.5683,-7.98363],[111.56858,-7.98376],[111.5691,-7.98375],[111.56992,-7.9838],[111.56965,-7.9842],[111.56965,-7.9843],[111.56983,-7.98447],[111.56982,-7.98473],[111.56919,-7.98511],[111.5691,-7.98521],[111.56911,-7.9855],[111.56956,-7.98583],[111.56968,-7.98596],[111.56937,-7.98657],[111.56938,-7.9872],[111.56956,-7.98773],[111.56965,-7.98817],[111.56902,-7.98918],[111.56892,-7.98997],[111.56866,-7.99063],[111.56855,-7.99127],[111.56866,-7.99192],[111.56886,-7.99249],[111.5702,-7.99261],[111.57057,-7.99274],[111.57099,-7.99259],[111.57129,-7.99198],[111.57165,-7.9918],[111.57174,-7.9919],[111.57156,-7.99225],[111.57176,-7.99264],[111.57222,-7.99309],[111.57256,-7.99361],[111.57293,-7.99385],[111.57292,-7.99424],[111.57327,-7.99433],[111.57402,-7.99387],[111.57466,-7.99387],[111.57519,-7.99351],[111.57538,-7.99342],[111.57537,-7.9938],[111.5747,-7.99445],[111.57493,-7.99478],[111.57492,-7.99487],[111.57524,-7.99564],[111.57538,-7.99577],[111.57547,-7.99596],[111.57515,-7.99658],[111.57556,-7.99668],[111.57541,-7.99711],[111.57556,-7.9974],[111.5752,-7.99789],[111.5752,-7.9982],[111.57584,-7.99831],[111.57602,-7.99858],[111.57648,-7.99885],[111.57647,-7.9994],[111.57668,-7.9998],[111.57646,-8.00013],[111.57626,-8.00054],[111.57611,-8.00038],[111.57555,-8.0002],[111.57486,-8.0002],[111.57449,-8.00033],[111.57466,-8.00066],[111.57475,-8.00147],[111.57484,-8.00165],[111.57493,-8.00211],[111.57512,-8.00238],[111.57511,-8.00303],[111.57475,-8.00337],[111.57448,-8.00383],[111.57439,-8.00383],[111.57371,-8.00412],[111.57349,-8.00401],[111.57318,-8.00391],[111.5723,-8.00374],[111.57202,-8.00359],[111.57158,-8.00392],[111.57139,-8.00401],[111.57113,-8.00401],[111.57079,-8.00412],[111.57049,-8.00392],[111.56966,-8.0042],[111.56929,-8.00419],[111.56877,-8.00401],[111.56804,-8.00393],[111.56785,-8.00383],[111.56759,-8.00384],[111.5675,-8.00374],[111.56716,-8.00352],[111.56576,-8.00367],[111.56523,-8.00438],[111.56505,-8.00455],[111.56496,-8.00473],[111.56567,-8.00515],[111.56596,-8.00575],[111.56634,-8.00631],[111.56697,-8.00646],[111.56715,-8.00646],[111.56756,-8.00604],[111.56786,-8.00619],[111.56858,-8.0063],[111.56823,-8.007],[111.56795,-8.00718],[111.56749,-8.00756],[111.5664,-8.0082],[111.56576,-8.00874],[111.56513,-8.00915],[111.56428,-8.00927],[111.56321,-8.00925],[111.56279,-8.00936],[111.56233,-8.00936],[111.56206,-8.00918],[111.56187,-8.00918],[111.56151,-8.00936],[111.56051,-8.009],[111.55906,-8.00973],[111.55863,-8.01015],[111.55892,-8.011],[111.5597,-8.01098],[111.55981,-8.0111],[111.56081,-8.01108],[111.56115,-8.0109],[111.56162,-8.01136],[111.56244,-8.01163],[111.56242,-8.01233],[111.56244,-8.01243],[111.56315,-8.01225],[111.56361,-8.01262],[111.56383,-8.01273],[111.56407,-8.01308],[111.56434,-8.01335],[111.56433,-8.01384],[111.56379,-8.01451],[111.56356,-8.01487],[111.56371,-8.01516],[111.56408,-8.01533],[111.56472,-8.0151],[111.56542,-8.01569],[111.56603,-8.01589],[111.56615,-8.01541],[111.56634,-8.01514],[111.56633,-8.0147],[111.56651,-8.01442],[111.5666,-8.01415],[111.56689,-8.01405],[111.56774,-8.01407],[111.56814,-8.01396],[111.56878,-8.01387],[111.56912,-8.0137],[111.57038,-8.01483],[111.57067,-8.01513],[111.57108,-8.01533],[111.57185,-8.01531],[111.57271,-8.01494],[111.57323,-8.01459],[111.57336,-8.01455],[111.57341,-8.01488],[111.57369,-8.01512],[111.57389,-8.01535],[111.57404,-8.01586],[111.57424,-8.01595],[111.57425,-8.01639],[111.57478,-8.01649],[111.57517,-8.01671],[111.57659,-8.01659],[111.57727,-8.01611],[111.57751,-8.01613],[111.57767,-8.01649],[111.57795,-8.01687],[111.57805,-8.01777],[111.578,-8.01841],[111.57777,-8.01874],[111.5776,-8.01912],[111.57739,-8.0193],[111.57696,-8.01931],[111.57737,-8.01966],[111.57761,-8.01965],[111.5778,-8.01987],[111.57796,-8.0204],[111.57859,-8.02091],[111.57887,-8.02123],[111.57887,-8.0215],[111.57886,-8.02168],[111.5785,-8.02199],[111.578,-8.0221],[111.57786,-8.02209],[111.57722,-8.02238],[111.57724,-8.02255],[111.57719,-8.02277],[111.57707,-8.02282],[111.57715,-8.02298],[111.57719,-8.02277],[111.57741,-8.02254],[111.57861,-8.02227],[111.57883,-8.02228],[111.57923,-8.02209],[111.5794,-8.02155],[111.57977,-8.02163],[111.58004,-8.02178],[111.58005,-8.0216],[111.57945,-8.02096],[111.57905,-8.02037],[111.57885,-8.0202],[111.5785,-8.01965],[111.57807,-8.01909],[111.57832,-8.01838],[111.57831,-8.01811],[111.57876,-8.01768],[111.57879,-8.01677],[111.5785,-8.01657],[111.57812,-8.0164],[111.57812,-8.01593],[111.57838,-8.0157],[111.57858,-8.01534],[111.57861,-8.01475],[111.57831,-8.01386],[111.57803,-8.01323],[111.57768,-8.01215],[111.57748,-8.01231],[111.57748,-8.01294],[111.57762,-8.01396],[111.57794,-8.01456],[111.57768,-8.01541],[111.57706,-8.01603],[111.57672,-8.01589],[111.57617,-8.0155],[111.57589,-8.01549],[111.57452,-8.01588],[111.5743,-8.01567],[111.57404,-8.01503],[111.57404,-8.01477],[111.57422,-8.01444],[111.57425,-8.01398],[111.57392,-8.01375],[111.57352,-8.01357],[111.5735,-8.01323],[111.57376,-8.013],[111.57358,-8.01249],[111.57395,-8.01188],[111.57394,-8.01164],[111.57418,-8.01111],[111.57434,-8.01118],[111.57452,-8.01114],[111.57446,-8.01085],[111.57421,-8.01048],[111.57418,-8.01111],[111.57368,-8.01118],[111.57368,-8.01158],[111.57354,-8.01203],[111.57314,-8.01224],[111.57284,-8.01209],[111.57297,-8.01245],[111.57284,-8.01296],[111.57256,-8.01265],[111.57273,-8.01238],[111.57283,-8.01234],[111.57276,-8.01226],[111.57273,-8.01238],[111.57232,-8.01229],[111.57231,-8.0125],[111.57242,-8.01281],[111.5724,-8.01315],[111.57267,-8.01364],[111.57174,-8.01416],[111.5715,-8.01405],[111.57121,-8.01356],[111.57059,-8.01342],[111.56951,-8.01293],[111.56914,-8.01306],[111.56855,-8.01292],[111.56905,-8.01207],[111.5692,-8.01173],[111.5696,-8.01161],[111.57028,-8.01101],[111.57036,-8.01057],[111.57129,-8.01042],[111.57195,-8.01004],[111.57233,-8.01008],[111.57231,-8.01025],[111.57234,-8.01052],[111.57265,-8.01015],[111.57294,-8.00952],[111.57325,-8.00909],[111.57303,-8.00871],[111.57316,-8.00837],[111.57356,-8.0082],[111.57403,-8.0078],[111.57463,-8.00752],[111.57485,-8.00754],[111.57607,-8.00715],[111.57645,-8.00719],[111.57731,-8.00682],[111.57769,-8.00637],[111.57789,-8.00631],[111.57783,-8.00643],[111.57777,-8.00672],[111.57816,-8.00676],[111.57802,-8.00707],[111.57803,-8.00717],[111.57784,-8.00744],[111.57775,-8.00775],[111.57776,-8.00789],[111.57746,-8.00832],[111.57749,-8.00874],[111.57785,-8.00924],[111.57795,-8.00947],[111.57827,-8.00975],[111.57755,-8.01037],[111.57774,-8.01087],[111.57795,-8.0104],[111.57827,-8.01012],[111.57849,-8.00986],[111.57848,-8.00952],[111.57875,-8.00897],[111.57895,-8.0088],[111.57918,-8.00854],[111.57954,-8.00831],[111.57981,-8.00788],[111.57993,-8.00733],[111.58029,-8.00736],[111.58041,-8.00709],[111.58037,-8.00662],[111.5804,-8.0063],[111.58034,-8.00552],[111.58051,-8.0052],[111.58102,-8.00509],[111.58111,-8.00471],[111.58121,-8.00503],[111.58117,-8.00574],[111.5813,-8.00609],[111.58148,-8.00607],[111.5818,-8.00639],[111.58242,-8.00666],[111.58299,-8.0063],[111.58321,-8.00665],[111.58355,-8.00694],[111.58452,-8.00716],[111.58469,-8.00753],[111.58509,-8.00824],[111.58561,-8.00851],[111.5861,-8.00824],[111.5865,-8.00812],[111.58664,-8.00779],[111.58683,-8.00763],[111.58703,-8.00708],[111.58681,-8.00668],[111.58646,-8.00653],[111.58625,-8.00628],[111.58565,-8.00589],[111.58492,-8.00578],[111.58442,-8.00543],[111.58401,-8.00546],[111.58358,-8.00545],[111.58311,-8.00535],[111.58265,-8.00533],[111.58237,-8.00487],[111.58203,-8.00458],[111.58191,-8.00431],[111.58159,-8.00409],[111.58109,-8.00444],[111.58112,-8.00386],[111.58177,-8.00282],[111.5826,-8.00226],[111.58291,-8.00177],[111.58281,-8.00055],[111.58303,-8.00037],[111.58327,-8.00039],[111.58361,-8.00026],[111.58383,-8.00039],[111.58408,-8.00037],[111.58462,-7.99974],[111.58528,-7.99954],[111.58572,-7.99883],[111.58592,-7.99866],[111.58627,-7.99811],[111.58666,-7.99799],[111.58663,-7.99738],[111.58675,-7.99728],[111.58701,-7.9973],[111.58699,-7.99748],[111.58706,-7.99833],[111.58754,-7.99854],[111.58781,-7.99902],[111.58793,-7.99889],[111.58775,-7.9984],[111.5875,-7.99818],[111.58774,-7.9977],[111.58763,-7.9972],[111.58773,-7.99693],[111.58763,-7.99666],[111.58765,-7.99641],[111.58754,-7.99621],[111.58757,-7.99582],[111.5879,-7.99567],[111.58811,-7.99547],[111.58807,-7.99505],[111.5876,-7.99484],[111.58742,-7.99486],[111.5872,-7.99512],[111.58679,-7.9953],[111.58638,-7.99483],[111.58556,-7.99447],[111.58544,-7.99377],[111.5859,-7.99363],[111.5855,-7.99241],[111.58508,-7.99215],[111.58486,-7.99129],[111.58426,-7.99106],[111.58381,-7.99081],[111.58363,-7.9906],[111.58336,-7.99037],[111.58325,-7.99],[111.58345,-7.98953],[111.58364,-7.98869],[111.58362,-7.98848],[111.58364,-7.98816],[111.58356,-7.98714],[111.58344,-7.98681],[111.58362,-7.98665],[111.58371,-7.98635],[111.58377,-7.98627],[111.58394,-7.98664],[111.58447,-7.98709],[111.58472,-7.98707],[111.58512,-7.98759],[111.58526,-7.98789],[111.58546,-7.98819],[111.58583,-7.98835],[111.58601,-7.98834],[111.58616,-7.98816],[111.58644,-7.9881],[111.5862,-7.98853],[111.58658,-7.99001],[111.58702,-7.99083],[111.58808,-7.99105],[111.58841,-7.99117],[111.589,-7.99112],[111.58972,-7.99142],[111.58989,-7.99141],[111.59007,-7.99161],[111.59044,-7.99158],[111.59084,-7.99161],[111.5912,-7.99158],[111.59157,-7.99138],[111.59171,-7.99093],[111.59244,-7.99099],[111.59281,-7.99086],[111.59332,-7.99088],[111.59344,-7.99169],[111.59366,-7.99218],[111.59355,-7.99221],[111.59363,-7.99229],[111.59366,-7.99218],[111.59383,-7.99213],[111.59416,-7.9917],[111.5942,-7.99127],[111.59432,-7.99122],[111.59424,-7.99106],[111.5942,-7.99127],[111.59384,-7.99133],[111.59369,-7.99102],[111.59343,-7.99078],[111.59328,-7.99046],[111.59278,-7.99029],[111.59161,-7.99033],[111.5911,-7.99031],[111.59055,-7.99051],[111.59025,-7.99042],[111.59002,-7.99017],[111.58964,-7.98992],[111.58952,-7.98967],[111.58921,-7.98939],[111.58942,-7.98915],[111.58989,-7.98906],[111.58998,-7.98843],[111.59011,-7.98777],[111.58978,-7.98679],[111.59011,-7.98618],[111.58978,-7.98549],[111.58924,-7.9852],[111.58855,-7.98544],[111.58821,-7.9853],[111.58797,-7.98508],[111.58808,-7.98467],[111.58797,-7.98436],[111.5878,-7.98365],[111.58754,-7.98337],[111.58688,-7.98316],[111.58572,-7.98242],[111.58554,-7.98203],[111.58532,-7.98172],[111.58516,-7.98138],[111.58398,-7.98057],[111.58393,-7.98043],[111.58467,-7.98049],[111.58536,-7.98086],[111.58593,-7.98071],[111.58643,-7.98111],[111.58692,-7.98122],[111.58732,-7.98164],[111.58768,-7.98181],[111.58797,-7.9821],[111.58848,-7.98235],[111.5894,-7.9829],[111.5897,-7.98292],[111.58946,-7.98231],[111.58833,-7.98149],[111.58834,-7.98112],[111.58814,-7.98081],[111.58742,-7.98047],[111.58715,-7.98029],[111.58667,-7.98006],[111.58588,-7.97949],[111.58633,-7.97943],[111.58706,-7.97957],[111.58816,-7.97997],[111.58898,-7.98011],[111.59053,-7.9801],[111.59103,-7.98074],[111.59106,-7.9804],[111.5909,-7.98005],[111.5906,-7.97965],[111.59033,-7.97956],[111.59016,-7.97939],[111.58925,-7.97909],[111.58844,-7.97878],[111.5881,-7.97826],[111.58732,-7.978],[111.58715,-7.97767],[111.58733,-7.97715],[111.58673,-7.97606],[111.5864,-7.97575],[111.58724,-7.9754],[111.5874,-7.97541],[111.58794,-7.97524],[111.5886,-7.97491],[111.5885,-7.97476],[111.58785,-7.97456],[111.58757,-7.9743],[111.58769,-7.97395],[111.58766,-7.9732],[111.58779,-7.97251],[111.58854,-7.97194],[111.58936,-7.97155],[111.58968,-7.97133],[111.58985,-7.97134],[111.59003,-7.97118],[111.59022,-7.97081],[111.59009,-7.97078],[111.58889,-7.97078],[111.5885,-7.97088],[111.58732,-7.97079],[111.58707,-7.9708],[111.58669,-7.9707],[111.58575,-7.97058],[111.5851,-7.97008],[111.5842,-7.97005],[111.58366,-7.97024],[111.58265,-7.96992],[111.58212,-7.96961],[111.58175,-7.96866],[111.58136,-7.96846],[111.58016,-7.96802],[111.58003,-7.96777],[111.58023,-7.9674],[111.58061,-7.96637],[111.58104,-7.96551],[111.58124,-7.96483],[111.58132,-7.96438],[111.58169,-7.9642],[111.58187,-7.96383],[111.58241,-7.96344],[111.58232,-7.9632],[111.58213,-7.96303],[111.58253,-7.9625],[111.58223,-7.96176],[111.5821,-7.9611],[111.58131,-7.96086],[111.5808,-7.96059],[111.58043,-7.96057],[111.58027,-7.96063],[111.58018,-7.96053],[111.57941,-7.96031],[111.57896,-7.96013],[111.5785,-7.96004],[111.5783,-7.95983],[111.57734,-7.9595],[111.57663,-7.95949],[111.57608,-7.95968],[111.57516,-7.95991],[111.57485,-7.95928],[111.57448,-7.95903],[111.5737,-7.95825],[111.57358,-7.958],[111.57338,-7.95819],[111.57324,-7.95887],[111.57324,-7.95906],[111.57338,-7.95959],[111.57259,-7.96024],[111.57181,-7.96106],[111.56953,-7.96214],[111.56874,-7.96239],[111.56801,-7.96282],[111.56751,-7.96358],[111.56705,-7.96339],[111.56641,-7.96307],[111.56526,-7.96259],[111.56364,-7.96187],[111.56291,-7.96218],[111.56223,-7.96253],[111.56126,-7.9621],[111.56058,-7.96228],[111.56023,-7.96191],[111.55945,-7.96172],[111.55804,-7.96144],[111.55633,-7.96087],[111.55423,-7.96164],[111.55319,-7.96139],[111.55328,-7.96116],[111.55421,-7.96077],[111.55466,-7.95958],[111.55411,-7.95845],[111.55355,-7.95836],[111.55255,-7.95827],[111.55201,-7.95818],[111.55066,-7.9582],[111.55014,-7.95697],[111.54992,-7.95664],[111.54949,-7.95559],[111.55002,-7.95528],[111.54929,-7.95493],[111.54928,-7.95465],[111.5498,-7.95453],[111.54936,-7.95411],[111.55027,-7.95367],[111.55045,-7.95333],[111.55056,-7.953],[111.55022,-7.95248],[111.54952,-7.95247],[111.54881,-7.95295],[111.54847,-7.95329],[111.54819,-7.95339],[111.54808,-7.95283],[111.54767,-7.95241],[111.54659,-7.95186],[111.54638,-7.95185],[111.54511,-7.95239],[111.54454,-7.95319],[111.54404,-7.95403],[111.54351,-7.95391],[111.54291,-7.95291],[111.54242,-7.95274],[111.54194,-7.95306],[111.54184,-7.95472],[111.54134,-7.9559],[111.54111,-7.95667],[111.54112,-7.95718],[111.54098,-7.95776],[111.53998,-7.95816],[111.53937,-7.95787],[111.53917,-7.95748],[111.5394,-7.95657],[111.53939,-7.9563],[111.53955,-7.95582],[111.53912,-7.95485],[111.53895,-7.95468],[111.53893,-7.95394],[111.53921,-7.95367],[111.5393,-7.95331],[111.53966,-7.95296],[111.53977,-7.95253],[111.53951,-7.952],[111.53902,-7.95183],[111.5383,-7.95214],[111.53776,-7.95231],[111.53757,-7.9525],[111.53762,-7.95263],[111.53713,-7.95255],[111.53696,-7.95194],[111.53671,-7.95154],[111.53685,-7.9512],[111.53698,-7.9511],[111.53701,-7.9512],[111.53709,-7.95113],[111.53698,-7.9511],[111.53687,-7.95097],[111.53666,-7.95087],[111.5362,-7.95052],[111.53596,-7.9505],[111.5356,-7.95073],[111.53548,-7.95105],[111.53551,-7.95155],[111.5353,-7.95195],[111.53512,-7.95253],[111.53467,-7.95269],[111.53407,-7.95267],[111.53367,-7.95292],[111.53341,-7.9535],[111.53307,-7.95398],[111.53279,-7.95466],[111.53296,-7.95515],[111.53237,-7.95547],[111.53167,-7.95535],[111.53161,-7.95402],[111.53147,-7.95333],[111.53147,-7.95269],[111.53126,-7.95226],[111.53126,-7.95195],[111.53132,-7.95187],[111.53156,-7.95174],[111.53144,-7.9511],[111.5318,-7.95102],[111.5321,-7.95078],[111.53222,-7.95073],[111.53202,-7.95025],[111.5326,-7.94998],[111.53323,-7.94826],[111.534,-7.9478],[111.53558,-7.94719],[111.53599,-7.94706],[111.5363,-7.94717],[111.5364,-7.94716],[111.53693,-7.94735],[111.53775,-7.94743],[111.53814,-7.94757],[111.53932,-7.94808],[111.53948,-7.94871],[111.54004,-7.94897],[111.54113,-7.94852],[111.54201,-7.94888],[111.54265,-7.94896],[111.54311,-7.94908],[111.54347,-7.94933],[111.54455,-7.94901],[111.54402,-7.94867],[111.54372,-7.94792],[111.54399,-7.94702],[111.54481,-7.94667],[111.54534,-7.94681],[111.54585,-7.94708],[111.54622,-7.94748],[111.54685,-7.94875],[111.54714,-7.94887],[111.54691,-7.94823],[111.54692,-7.94788],[111.54803,-7.94665],[111.54775,-7.94613],[111.54809,-7.94534],[111.54818,-7.94507],[111.54832,-7.94507],[111.54864,-7.94571],[111.549,-7.94588],[111.54918,-7.94607],[111.54974,-7.94604],[111.55099,-7.94642],[111.55197,-7.94656],[111.55215,-7.94618],[111.55245,-7.9457],[111.55263,-7.94607],[111.55263,-7.94624],[111.55274,-7.94667],[111.55319,-7.94681],[111.55345,-7.9464],[111.55382,-7.94716],[111.55381,-7.9476],[111.55306,-7.94795],[111.55208,-7.94823],[111.5521,-7.94852],[111.55265,-7.94878],[111.55345,-7.94877],[111.55424,-7.94909],[111.55444,-7.94931],[111.55503,-7.94966],[111.55543,-7.95046],[111.55567,-7.95082],[111.55632,-7.95129],[111.55659,-7.95198],[111.55636,-7.95267],[111.55663,-7.95318],[111.55667,-7.95342],[111.55657,-7.95345],[111.55664,-7.95353],[111.55667,-7.95342],[111.55682,-7.95337],[111.55709,-7.95338],[111.55736,-7.95366],[111.55773,-7.95459],[111.55745,-7.95578],[111.5596,-7.95653],[111.55995,-7.95767],[111.56027,-7.95735],[111.56053,-7.9569],[111.56086,-7.95647],[111.56162,-7.95572],[111.562,-7.95525],[111.56251,-7.95419],[111.5629,-7.95382],[111.56199,-7.95295],[111.56185,-7.95266],[111.56204,-7.95213],[111.56236,-7.95191],[111.56299,-7.95193],[111.56321,-7.95216],[111.56334,-7.95319],[111.5635,-7.95364],[111.56395,-7.95363],[111.56446,-7.95374],[111.56504,-7.95404],[111.56521,-7.95555],[111.56535,-7.95582],[111.56589,-7.95635],[111.56617,-7.95691],[111.56648,-7.95722],[111.56663,-7.95766],[111.56838,-7.9566],[111.56946,-7.95624],[111.56992,-7.956],[111.56979,-7.95653],[111.5697,-7.95718],[111.5697,-7.95742],[111.56961,-7.95797],[111.56961,-7.95861],[111.56995,-7.9586],[111.57006,-7.9577],[111.57018,-7.95736],[111.57098,-7.95596],[111.57164,-7.9553],[111.57229,-7.95357],[111.57291,-7.95298],[111.57305,-7.95209],[111.57341,-7.9514],[111.5739,-7.95107],[111.57434,-7.95122],[111.57469,-7.9521],[111.57469,-7.95291],[111.57531,-7.95331],[111.5757,-7.95448],[111.57603,-7.95511],[111.57637,-7.95596],[111.57723,-7.95624],[111.57832,-7.95679],[111.57894,-7.95678],[111.57958,-7.95699],[111.58016,-7.95734],[111.58092,-7.95812],[111.58163,-7.95825],[111.58216,-7.95861],[111.58303,-7.95903],[111.58367,-7.95946],[111.58377,-7.96028],[111.5834,-7.96112],[111.58327,-7.96154],[111.58359,-7.96175],[111.58368,-7.96185],[111.58386,-7.96293],[111.58411,-7.96317],[111.58423,-7.9637],[111.58371,-7.96447],[111.58395,-7.96516],[111.58405,-7.96557],[111.58498,-7.96646],[111.58542,-7.96645],[111.58614,-7.96682],[111.58632,-7.96736],[111.58659,-7.96772],[111.58668,-7.96799],[111.58696,-7.96844],[111.58714,-7.96844],[111.58742,-7.96854],[111.58813,-7.96853],[111.58833,-7.96863],[111.58865,-7.96897],[111.58997,-7.96916],[111.59082,-7.96872],[111.59186,-7.96835],[111.59185,-7.96797],[111.59215,-7.96769],[111.59327,-7.96771],[111.59349,-7.96818],[111.59349,-7.96852],[111.59372,-7.96897],[111.59312,-7.96907],[111.59282,-7.96937],[111.59296,-7.97004],[111.59241,-7.97017],[111.5923,-7.97115],[111.59168,-7.97114],[111.59159,-7.97124],[111.59122,-7.97133],[111.59123,-7.97181],[111.59081,-7.97208],[111.59032,-7.97233],[111.59003,-7.97252],[111.58968,-7.97269],[111.58948,-7.97311],[111.58932,-7.9736],[111.5895,-7.97377],[111.58982,-7.97426],[111.59149,-7.97422],[111.59213,-7.9745],[111.59257,-7.97463],[111.59287,-7.97514],[111.59323,-7.97549],[111.59309,-7.97571],[111.59298,-7.97575],[111.59306,-7.97583],[111.59309,-7.97571],[111.59376,-7.97578],[111.59422,-7.97608],[111.59423,-7.97746],[111.59406,-7.97766],[111.59314,-7.97766],[111.5926,-7.97723],[111.59259,-7.9774],[111.59303,-7.97822],[111.59314,-7.97857],[111.59332,-7.97874],[111.59333,-7.9791],[111.59278,-7.97865],[111.59259,-7.97857],[111.59241,-7.97837],[111.59202,-7.97839],[111.59164,-7.97816],[111.59161,-7.97805],[111.59153,-7.97813],[111.59164,-7.97816],[111.59169,-7.97832],[111.59211,-7.97869],[111.59239,-7.979],[111.59251,-7.97981],[111.59278,-7.98019],[111.59288,-7.98041],[111.59286,-7.98077],[111.59257,-7.98103],[111.59272,-7.98144],[111.59267,-7.98231],[111.59285,-7.98282],[111.59269,-7.98327],[111.59297,-7.9834],[111.59373,-7.98365],[111.59437,-7.98347],[111.59476,-7.98387],[111.59542,-7.98417],[111.59569,-7.98435],[111.59628,-7.98432],[111.59645,-7.98412],[111.59714,-7.98389],[111.5973,-7.9839],[111.59812,-7.98373],[111.59849,-7.98352],[111.59897,-7.98381],[111.59948,-7.98378],[111.59995,-7.98382],[111.59959,-7.98414],[111.59907,-7.9843],[111.59885,-7.98455],[111.59887,-7.98489],[111.59884,-7.98532],[111.59864,-7.9857],[111.5985,-7.98498],[111.59841,-7.9848],[111.5983,-7.98446],[111.59712,-7.98453],[111.59687,-7.9848],[111.59644,-7.98546],[111.59601,-7.9857],[111.59551,-7.98543],[111.5952,-7.98545],[111.59465,-7.98533],[111.59427,-7.98491],[111.59414,-7.98451],[111.5937,-7.98508],[111.59352,-7.98523],[111.59285,-7.98489],[111.5923,-7.98489],[111.5918,-7.98462],[111.59154,-7.98464],[111.59124,-7.98453],[111.59113,-7.98466],[111.59136,-7.98543],[111.5918,-7.98599],[111.59178,-7.98628],[111.59142,-7.98661],[111.59152,-7.9867],[111.59165,-7.98698],[111.59147,-7.98781],[111.59153,-7.98879],[111.5915,-7.98939],[111.59162,-7.9896],[111.59163,-7.99003],[111.59219,-7.98982],[111.59234,-7.98951],[111.59258,-7.98933],[111.59317,-7.98974],[111.59361,-7.9895],[111.59399,-7.9897],[111.59396,-7.99015],[111.59451,-7.98968],[111.5948,-7.9895],[111.59498,-7.98912],[111.59527,-7.98887],[111.59561,-7.98906],[111.59575,-7.98874],[111.59606,-7.9886],[111.59624,-7.98842],[111.59633,-7.98792],[111.59691,-7.9874],[111.59733,-7.98742],[111.59747,-7.98712],[111.59792,-7.98634],[111.59841,-7.98652],[111.59879,-7.9866],[111.59877,-7.98633],[111.59882,-7.9862],[111.59902,-7.98642],[111.59923,-7.98651],[111.59937,-7.98667],[111.59963,-7.98681],[111.60067,-7.98635],[111.60113,-7.98661],[111.60159,-7.98669],[111.60182,-7.98681],[111.60215,-7.98662],[111.60256,-7.98659],[111.60285,-7.98672],[111.60322,-7.98715],[111.60353,-7.98724],[111.60393,-7.98779],[111.60427,-7.9876],[111.60486,-7.98755],[111.60531,-7.98787],[111.6059,-7.988],[111.60631,-7.98832],[111.60698,-7.9884],[111.6065,-7.98882],[111.60627,-7.98944],[111.60554,-7.98961],[111.60505,-7.9904],[111.60487,-7.99055],[111.60472,-7.99088],[111.60424,-7.99084],[111.60414,-7.99151],[111.60386,-7.99175],[111.60367,-7.99225],[111.60311,-7.99256],[111.60293,-7.99258],[111.60267,-7.99207],[111.60234,-7.99179],[111.60205,-7.99138],[111.60133,-7.99112],[111.60096,-7.99104],[111.6007,-7.9909],[111.60002,-7.99132],[111.59965,-7.99176],[111.59894,-7.99161],[111.59857,-7.99126],[111.59838,-7.99168],[111.59784,-7.99206],[111.59727,-7.99232],[111.59709,-7.99272],[111.59659,-7.99286],[111.59591,-7.99281],[111.59519,-7.99343],[111.59491,-7.99375],[111.59439,-7.99398],[111.59397,-7.99465],[111.59363,-7.99467],[111.59199,-7.99447],[111.59207,-7.99381],[111.59248,-7.99255],[111.59226,-7.99268],[111.5918,-7.99276],[111.59151,-7.99287],[111.59098,-7.99267],[111.59044,-7.99268],[111.5888,-7.99232],[111.58837,-7.99199],[111.58771,-7.99184],[111.5872,-7.99188],[111.58631,-7.99101],[111.58628,-7.99091],[111.5862,-7.99098],[111.58631,-7.99101],[111.5864,-7.99131],[111.5867,-7.99157],[111.587,-7.99204],[111.58717,-7.99223],[111.58773,-7.99232],[111.58771,-7.99263],[111.5878,-7.99305],[111.58813,-7.99287],[111.58906,-7.99326],[111.5898,-7.99348],[111.58982,-7.99372],[111.58979,-7.99408],[111.59013,-7.99489],[111.59066,-7.99561],[111.59082,-7.99606],[111.59039,-7.99656],[111.59026,-7.99657],[111.5898,-7.99647],[111.58972,-7.99675],[111.58953,-7.99702],[111.58935,-7.99756],[111.58926,-7.99796],[111.58906,-7.99833],[111.58931,-7.99891],[111.58925,-7.99965],[111.58973,-8.0002],[111.58996,-8.00018],[111.59062,-8.00047],[111.59096,-8.00076],[111.59121,-8.00105],[111.59166,-8.00143],[111.5919,-8.00181],[111.59203,-8.00193],[111.59235,-8.00238],[111.59227,-8.00263],[111.59165,-8.00362],[111.59131,-8.00352],[111.59099,-8.00308],[111.59076,-8.00246],[111.59054,-8.00244],[111.59022,-8.00247],[111.58973,-8.00226],[111.58944,-8.00218],[111.58881,-8.00182],[111.58827,-8.00135],[111.58801,-8.00137],[111.58773,-8.00127],[111.58669,-8.00115],[111.5862,-8.00094],[111.58617,-8.00055],[111.58623,-7.99978],[111.58634,-7.99973],[111.58626,-7.99958],[111.58623,-7.99978],[111.58618,-7.99983],[111.586,-8.00039],[111.58545,-8.00093],[111.58546,-8.00138],[111.58591,-8.00224],[111.58524,-8.00256],[111.58501,-8.00291],[111.58446,-8.00354],[111.5862,-8.00354],[111.58656,-8.00372],[111.58673,-8.00426],[111.58701,-8.00435],[111.5871,-8.00486],[111.58678,-8.00564],[111.58726,-8.0054],[111.58779,-8.00558],[111.58806,-8.00585],[111.58819,-8.00652],[111.58865,-8.0067],[111.58887,-8.00715],[111.5882,-8.00813],[111.5881,-8.00834],[111.58781,-8.00862],[111.58728,-8.00887],[111.58717,-8.00912],[111.58656,-8.00924],[111.58637,-8.00943],[111.58583,-8.00942],[111.58574,-8.00952],[111.5852,-8.00951],[111.58511,-8.00997],[111.58538,-8.01049],[111.58556,-8.01103],[111.58582,-8.01155],[111.58593,-8.01182],[111.58565,-8.01195],[111.58557,-8.01214],[111.58584,-8.0124],[111.58593,-8.0126],[111.58544,-8.01354],[111.58501,-8.01386],[111.58414,-8.01386],[111.58379,-8.01374],[111.58366,-8.01349],[111.58293,-8.01331],[111.58275,-8.01303],[111.58257,-8.01286],[111.58228,-8.01228],[111.58241,-8.01189],[111.58203,-8.01117],[111.58178,-8.01054],[111.58149,-8.01024],[111.58119,-8.01005],[111.58087,-8.00972],[111.58056,-8.01051],[111.58001,-8.01032],[111.57966,-8.00996],[111.57914,-8.00997],[111.57892,-8.01066],[111.57842,-8.01091],[111.57903,-8.01172],[111.57903,-8.01187],[111.57939,-8.01224],[111.57903,-8.01277],[111.57893,-8.01331],[111.57914,-8.01351],[111.57913,-8.01513],[111.57903,-8.0154],[111.57904,-8.01581],[111.57949,-8.01602],[111.57979,-8.01642],[111.58004,-8.01693],[111.58047,-8.01765],[111.58065,-8.01943],[111.58124,-8.02025],[111.58113,-8.02046],[111.58164,-8.02095],[111.58234,-8.02112],[111.58285,-8.02162],[111.58295,-8.02191],[111.58332,-8.02227],[111.58331,-8.02263],[111.58343,-8.02287],[111.58431,-8.02308],[111.58458,-8.02326],[111.58522,-8.02305],[111.58558,-8.02317],[111.58568,-8.02317],[111.58622,-8.0229],[111.5864,-8.02271],[111.58723,-8.02244],[111.58753,-8.02275],[111.58668,-8.02361],[111.58598,-8.02406],[111.58527,-8.02444],[111.58432,-8.0248],[111.58394,-8.02461],[111.58322,-8.02462],[111.58275,-8.02478],[111.58188,-8.0249],[111.58135,-8.02489],[111.5811,-8.02425],[111.58085,-8.02426],[111.58036,-8.02476],[111.58014,-8.02545],[111.58015,-8.02581],[111.58069,-8.02653],[111.58105,-8.02725],[111.58105,-8.02752],[111.58132,-8.02815],[111.58146,-8.02858],[111.58105,-8.02927],[111.58069,-8.0295],[111.58059,-8.0297],[111.58028,-8.03],[111.58005,-8.03069],[111.57969,-8.03105],[111.57901,-8.03138],[111.57833,-8.03152],[111.57833,-8.03168],[111.57821,-8.03203],[111.57779,-8.03231],[111.57737,-8.03305],[111.57662,-8.03303],[111.57643,-8.03313],[111.57597,-8.03324],[111.57598,-8.03341],[111.57639,-8.0338],[111.57624,-8.03423],[111.57743,-8.03539],[111.57781,-8.03538],[111.57762,-8.03576],[111.57757,-8.03615],[111.57759,-8.03648],[111.57744,-8.03647],[111.57718,-8.03661],[111.57641,-8.03635],[111.57611,-8.03572],[111.57585,-8.03542],[111.57531,-8.03508],[111.57516,-8.0343],[111.57477,-8.03329],[111.57499,-8.03268],[111.57488,-8.03259],[111.57489,-8.03238],[111.57367,-8.03231],[111.57286,-8.03242],[111.57262,-8.0324],[111.57226,-8.03269],[111.57207,-8.03277],[111.5716,-8.03313],[111.57085,-8.03303],[111.57067,-8.03245],[111.57009,-8.03194],[111.56997,-8.03156],[111.5697,-8.03141],[111.56949,-8.03165],[111.56876,-8.03183]],[[111.55514,-7.95587],[111.55509,-7.95573],[111.5545,-7.95505],[111.55418,-7.95542],[111.55514,-7.95587]],[[111.56231,-7.95911],[111.56241,-7.959],[111.56362,-7.95845],[111.56396,-7.95773],[111.56367,-7.9572],[111.56299,-7.95744],[111.56241,-7.95755],[111.56088,-7.95824],[111.56044,-7.95835],[111.56036,-7.95848],[111.56065,-7.959],[111.56135,-7.95896],[111.56231,-7.95911]],[[111.53048,-7.97688],[111.53045,-7.97678],[111.53037,-7.97685],[111.53048,-7.97688],[111.53034,-7.97719],[111.53025,-7.97756],[111.53028,-7.97771],[111.53049,-7.97785],[111.53068,-7.97781],[111.53082,-7.9776],[111.53068,-7.97702],[111.53048,-7.97688]],[[111.53883,-7.97787],[111.53893,-7.97762],[111.53877,-7.97708],[111.53859,-7.97711],[111.53843,-7.9778],[111.53883,-7.97787]],[[111.53974,-7.97832],[111.53978,-7.97827],[111.54105,-7.97782],[111.53972,-7.97735],[111.53918,-7.97738],[111.53904,-7.97769],[111.53908,-7.97823],[111.53974,-7.97832]],[[111.60209,-7.99008],[111.60236,-7.98962],[111.60292,-7.98946],[111.60307,-7.98928],[111.60304,-7.98889],[111.60274,-7.98876],[111.60253,-7.98878],[111.60202,-7.98897],[111.60207,-7.9895],[111.60205,-7.98986],[111.60195,-7.99004],[111.60209,-7.99008]],[[111.59656,-7.99163],[111.5968,-7.99112],[111.59731,-7.9906],[111.59779,-7.99022],[111.59822,-7.99023],[111.59835,-7.98966],[111.59964,-7.98903],[111.59979,-7.98823],[111.60032,-7.98841],[111.60041,-7.98834],[111.59958,-7.98785],[111.59941,-7.9875],[111.59941,-7.98724],[111.599,-7.98715],[111.59859,-7.98743],[111.59859,-7.98824],[111.59793,-7.98856],[111.59705,-7.98869],[111.59686,-7.98879],[111.59687,-7.98952],[111.59646,-7.98991],[111.59598,-7.98975],[111.59544,-7.98989],[111.59568,-7.99012],[111.59579,-7.99087],[111.59561,-7.99122],[111.59573,-7.99147],[111.59599,-7.99159],[111.59633,-7.99158],[111.59656,-7.99163]],[[111.58334,-8.00938],[111.58331,-8.00927],[111.58323,-8.00934],[111.58334,-8.00938],[111.58338,-8.00943],[111.58343,-8.0098],[111.58359,-8.01009],[111.58347,-8.01041],[111.5835,-8.01068],[111.58376,-8.01113],[111.58351,-8.01156],[111.58368,-8.01199],[111.58435,-8.01239],[111.58486,-8.01202],[111.5848,-8.01148],[111.58465,-8.01123],[111.58449,-8.01084],[111.58401,-8.01006],[111.58389,-8.00964],[111.58349,-8.00932],[111.58334,-8.00938]],[[111.57626,-8.01083],[111.57618,-8.01036],[111.5764,-8.0098],[111.57648,-8.00943],[111.57659,-8.00925],[111.5764,-8.00911],[111.57622,-8.00865],[111.57583,-8.00921],[111.57607,-8.00977],[111.57599,-8.01033],[111.57616,-8.01075],[111.57626,-8.01083],[111.57617,-8.01168],[111.57588,-8.01238],[111.57538,-8.01269],[111.57487,-8.01242],[111.57441,-8.01236],[111.57488,-8.0127],[111.57505,-8.01288],[111.57501,-8.0137],[111.57513,-8.01404],[111.57513,-8.01422],[111.57519,-8.01441],[111.57607,-8.01405],[111.57659,-8.01423],[111.57667,-8.01377],[111.57681,-8.01351],[111.57644,-8.01267],[111.57684,-8.01192],[111.57703,-8.01132],[111.57648,-8.01106],[111.57626,-8.01083]],[[111.57727,-8.01843],[111.57761,-8.01819],[111.57777,-8.01782],[111.57724,-8.01707],[111.57707,-8.0167],[111.57647,-8.01696],[111.57586,-8.01692],[111.57543,-8.01695],[111.57462,-8.01786],[111.57497,-8.01784],[111.57535,-8.01826],[111.57714,-8.01838],[111.57727,-8.01843]],[[111.5731,-8.02079],[111.5731,-8.0207],[111.57301,-8.0207],[111.57289,-8.02055],[111.57269,-8.02039],[111.57252,-8.02019],[111.57222,-8.01994],[111.57181,-8.01984],[111.5717,-8.02042],[111.57253,-8.02065],[111.57301,-8.0207],[111.57301,-8.02079],[111.5731,-8.02079],[111.57313,-8.02089],[111.57321,-8.02082],[111.5731,-8.02079]],[[111.57828,-8.02648],[111.57825,-8.02637],[111.57817,-8.02645],[111.57828,-8.02648],[111.57834,-8.02675],[111.57829,-8.02738],[111.57833,-8.02788],[111.57822,-8.02829],[111.57743,-8.02903],[111.57734,-8.02924],[111.57706,-8.0296],[111.57697,-8.03006],[111.57662,-8.0307],[111.57693,-8.03067],[111.57716,-8.03069],[111.57742,-8.0305],[111.57825,-8.03037],[111.57851,-8.03023],[111.57897,-8.03014],[111.57933,-8.02989],[111.57934,-8.02965],[111.57961,-8.02941],[111.57959,-8.02917],[111.57924,-8.02822],[111.57915,-8.02724],[111.57888,-8.02661],[111.57828,-8.02648]]],[[[111.52307,-7.97103],[111.523,-7.97043],[111.52301,-7.97019],[111.52296,-7.96966],[111.52291,-7.96807],[111.52199,-7.96815],[111.52199,-7.96799],[111.52209,-7.96789],[111.52293,-7.96761],[111.52326,-7.96744],[111.52356,-7.96734],[111.52413,-7.96705],[111.52507,-7.96726],[111.52525,-7.96744],[111.52608,-7.96775],[111.52698,-7.96983],[111.5249,-7.97094],[111.52495,-7.97098],[111.52307,-7.97103]]]]}},{"type":"Feature","properties":{"KODE":5,"KELAS":5,"NAMA":"> 30 menit","LUAS_HA":3.802,"_cls":"> 30 menit"},"geometry":{"type":"Polygon","coordinates":[[[111.56814,-8.04024],[111.56791,-8.04003],[111.5679,-8.03983],[111.56818,-8.03931],[111.56807,-8.03896],[111.56721,-8.03912],[111.56595,-8.03945],[111.56564,-8.03929],[111.56519,-8.03915],[111.5655,-8.03901],[111.56615,-8.03904],[111.56682,-8.03875],[111.56763,-8.03849],[111.56792,-8.03804],[111.56827,-8.03802],[111.56908,-8.03819],[111.56907,-8.03739],[111.56925,-8.03739],[111.56945,-8.03748],[111.56936,-8.03775],[111.56923,-8.03856],[111.56882,-8.03929],[111.5686,-8.0395],[111.56821,-8.04],[111.56814,-8.04024]]]}},{"type":"Feature","properties":{"KODE":4,"KELAS":4,"NAMA":"15-30 menit","LUAS_HA":0.006,"_cls":"15-30 menit"},"geometry":{"type":"Polygon","coordinates":[[[111.55589,-8.04252],[111.55586,-8.04263],[111.55578,-8.04255],[111.55589,-8.04252]]]}},{"type":"Feature","properties":{"KODE":4,"KELAS":4,"NAMA":"15-30 menit","LUAS_HA":1263.171,"_cls":"15-30 menit"},"geometry":{"type":"Polygon","coordinates":[[[111.55589,-8.04252],[111.55575,-8.0422],[111.55591,-8.04173],[111.55531,-8.04134],[111.55517,-8.04091],[111.55484,-8.04058],[111.55466,-8.04021],[111.55387,-8.03984],[111.55367,-8.03927],[111.55365,-8.03886],[111.55447,-8.03866],[111.55425,-8.03857],[111.5534,-8.0386],[111.55288,-8.03833],[111.55216,-8.0383],[111.55152,-8.03833],[111.54977,-8.03778],[111.54936,-8.03699],[111.54851,-8.03659],[111.54839,-8.03624],[111.54749,-8.03589],[111.54735,-8.03561],[111.54718,-8.03494],[111.54699,-8.03476],[111.54721,-8.03444],[111.54731,-8.03424],[111.54744,-8.03412],[111.54749,-8.03425],[111.54757,-8.03473],[111.54778,-8.03442],[111.54824,-8.03425],[111.54876,-8.03417],[111.54889,-8.03398],[111.54928,-8.0339],[111.54966,-8.03414],[111.54975,-8.03427],[111.54998,-8.03394],[111.55035,-8.03368],[111.55065,-8.03381],[111.55097,-8.03389],[111.55111,-8.03408],[111.55156,-8.03397],[111.55197,-8.03393],[111.55201,-8.03404],[111.55209,-8.03396],[111.55197,-8.03393],[111.55203,-8.0331],[111.55139,-8.03269],[111.55149,-8.03214],[111.55227,-8.03237],[111.55295,-8.03221],[111.55328,-8.03191],[111.5533,-8.03159],[111.55231,-8.03173],[111.55173,-8.03128],[111.55122,-8.03055],[111.55102,-8.02991],[111.55091,-8.02971],[111.55138,-8.02974],[111.55123,-8.02956],[111.55079,-8.02941],[111.55083,-8.02918],[111.55093,-8.0291],[111.55075,-8.02846],[111.55048,-8.02838],[111.55074,-8.02937],[111.55079,-8.02941],[111.55069,-8.02954],[111.55021,-8.02926],[111.5498,-8.02909],[111.54961,-8.02885],[111.5492,-8.02918],[111.54907,-8.02933],[111.5489,-8.02947],[111.54894,-8.02978],[111.54884,-8.03001],[111.54855,-8.03024],[111.54866,-8.03088],[111.54909,-8.03106],[111.54915,-8.03188],[111.5488,-8.03195],[111.54874,-8.0315],[111.54825,-8.03115],[111.54808,-8.03094],[111.54783,-8.03018],[111.54799,-8.02965],[111.54818,-8.02876],[111.54877,-8.0284],[111.54901,-8.02801],[111.54946,-8.02793],[111.54983,-8.0282],[111.55015,-8.02824],[111.5502,-8.02835],[111.55036,-8.02827],[111.55015,-8.02824],[111.54994,-8.0279],[111.54984,-8.02753],[111.55017,-8.02686],[111.55001,-8.02656],[111.55002,-8.02634],[111.55047,-8.0262],[111.55154,-8.02551],[111.5521,-8.02566],[111.55228,-8.02517],[111.55164,-8.02503],[111.5512,-8.02487],[111.55149,-8.02401],[111.55192,-8.02404],[111.55227,-8.02401],[111.5527,-8.02443],[111.55356,-8.02463],[111.55407,-8.02445],[111.55419,-8.0238],[111.5545,-8.02289],[111.55465,-8.02275],[111.55487,-8.02228],[111.55462,-8.02135],[111.55445,-8.02104],[111.55436,-8.02048],[111.55488,-8.02051],[111.55519,-8.0204],[111.55552,-8.02042],[111.5557,-8.02155],[111.55604,-8.02194],[111.5562,-8.02142],[111.55691,-8.02161],[111.55752,-8.02294],[111.55772,-8.0229],[111.55754,-8.02239],[111.55737,-8.02099],[111.55754,-8.02068],[111.55806,-8.01915],[111.5591,-8.01905],[111.55945,-8.01923],[111.55944,-8.01941],[111.55954,-8.0197],[111.56008,-8.01994],[111.56044,-8.02022],[111.5608,-8.02045],[111.56133,-8.02069],[111.5618,-8.02121],[111.56265,-8.02176],[111.56282,-8.02196],[111.5628,-8.02239],[111.56297,-8.02254],[111.56317,-8.02285],[111.56338,-8.02239],[111.56372,-8.02257],[111.56405,-8.0222],[111.56446,-8.02201],[111.56514,-8.02205],[111.56479,-8.02175],[111.56494,-8.02148],[111.56577,-8.02176],[111.56609,-8.02174],[111.56638,-8.02145],[111.56706,-8.02149],[111.56715,-8.02132],[111.56664,-8.02116],[111.56635,-8.02083],[111.56595,-8.02048],[111.5656,-8.01971],[111.56564,-8.01903],[111.56561,-8.01855],[111.56531,-8.01829],[111.56537,-8.01717],[111.56488,-8.0166],[111.5647,-8.01632],[111.56451,-8.01633],[111.56433,-8.01613],[111.56414,-8.01614],[111.56415,-8.0167],[111.56335,-8.01707],[111.56325,-8.01753],[111.56305,-8.01768],[111.56252,-8.01732],[111.56194,-8.01776],[111.56179,-8.01827],[111.56179,-8.01872],[111.56104,-8.01867],[111.56056,-8.01842],[111.56014,-8.01828],[111.55953,-8.01777],[111.55907,-8.0176],[111.55908,-8.01744],[111.55959,-8.01721],[111.56026,-8.01705],[111.56043,-8.01698],[111.56014,-8.01629],[111.56062,-8.01567],[111.56059,-8.0152],[111.55969,-8.01492],[111.5597,-8.01423],[111.55943,-8.01425],[111.55924,-8.01415],[111.55891,-8.01417],[111.55821,-8.01404],[111.55781,-8.01364],[111.55753,-8.01407],[111.55719,-8.01443],[111.55704,-8.01338],[111.5575,-8.01269],[111.55766,-8.0117],[111.55751,-8.01142],[111.55751,-8.01076],[111.55698,-8.01005],[111.55736,-8.00943],[111.55733,-8.00882],[111.55734,-8.00854],[111.5576,-8.00831],[111.55798,-8.00774],[111.55797,-8.00759],[111.55755,-8.0074],[111.55722,-8.00718],[111.55734,-8.00675],[111.55743,-8.00574],[111.55815,-8.00557],[111.55825,-8.00517],[111.55845,-8.00503],[111.55904,-8.00544],[111.55996,-8.00577],[111.56061,-8.00617],[111.56093,-8.00628],[111.56111,-8.00589],[111.56162,-8.00575],[111.56242,-8.0063],[111.56309,-8.00629],[111.56337,-8.00669],[111.5634,-8.0068],[111.56348,-8.00672],[111.56337,-8.00669],[111.56351,-8.00638],[111.56361,-8.00585],[111.56414,-8.00628],[111.56431,-8.00637],[111.56405,-8.00541],[111.56359,-8.0052],[111.56302,-8.00482],[111.56245,-8.00425],[111.56285,-8.00385],[111.56296,-8.00285],[111.56315,-8.0023],[111.56313,-8.00189],[111.56359,-8.00167],[111.56477,-8.00057],[111.56475,-8.00006],[111.56487,-7.99983],[111.56533,-7.99941],[111.56567,-7.99959],[111.56604,-7.99949],[111.56691,-7.99953],[111.56794,-8.00071],[111.56804,-8.00149],[111.56816,-8.00099],[111.56835,-8.00082],[111.56882,-8.00106],[111.56902,-8.00085],[111.56922,-8.00076],[111.5693,-8.00003],[111.56953,-7.9997],[111.56935,-7.99884],[111.56961,-7.99835],[111.5693,-7.99759],[111.56921,-7.99696],[111.56885,-7.99684],[111.56913,-7.99632],[111.5691,-7.99567],[111.56864,-7.9952],[111.56871,-7.99474],[111.5688,-7.99474],[111.5688,-7.99465],[111.5689,-7.99462],[111.56883,-7.99454],[111.5688,-7.99465],[111.56871,-7.99465],[111.56871,-7.99474],[111.56804,-7.99449],[111.5678,-7.99498],[111.5672,-7.99519],[111.56721,-7.99416],[111.56677,-7.99416],[111.56659,-7.994],[111.56648,-7.99333],[111.56594,-7.99281],[111.56594,-7.99263],[111.5663,-7.99226],[111.56612,-7.99199],[111.56598,-7.99172],[111.56567,-7.99172],[111.56566,-7.99162],[111.56585,-7.99072],[111.56596,-7.98987],[111.5663,-7.98955],[111.56593,-7.98884],[111.56592,-7.9882],[111.56611,-7.98783],[111.56575,-7.98701],[111.56502,-7.9869],[111.56501,-7.98639],[111.56538,-7.98603],[111.56496,-7.98616],[111.56483,-7.9864],[111.56485,-7.98699],[111.56475,-7.98747],[111.56466,-7.98765],[111.56467,-7.98828],[111.56412,-7.98846],[111.56387,-7.9891],[111.56368,-7.98895],[111.56313,-7.98838],[111.56294,-7.98828],[111.56239,-7.98811],[111.56248,-7.98792],[111.56273,-7.98756],[111.56248,-7.98756],[111.56248,-7.98736],[111.56148,-7.98693],[111.56094,-7.98682],[111.56106,-7.9866],[111.56172,-7.98621],[111.56105,-7.98611],[111.56094,-7.98575],[111.56076,-7.9854],[111.56084,-7.98476],[111.561,-7.98431],[111.56003,-7.98374],[111.55957,-7.98313],[111.55957,-7.98286],[111.55905,-7.98287],[111.55815,-7.98228],[111.5574,-7.98139],[111.55739,-7.97997],[111.55703,-7.97962],[111.55685,-7.97907],[111.55666,-7.97879],[111.55648,-7.97824],[111.55595,-7.97774],[111.55566,-7.97734],[111.55504,-7.97735],[111.55485,-7.97718],[111.55464,-7.97645],[111.55446,-7.97697],[111.55411,-7.97708],[111.55385,-7.97735],[111.5537,-7.97811],[111.55303,-7.97844],[111.55231,-7.97853],[111.55186,-7.97887],[111.5514,-7.97856],[111.5514,-7.97897],[111.55158,-7.97934],[111.55196,-7.97981],[111.55245,-7.98079],[111.55231,-7.98106],[111.55232,-7.9815],[111.5515,-7.98233],[111.55111,-7.98258],[111.55081,-7.98304],[111.55022,-7.98324],[111.54987,-7.98323],[111.54959,-7.98342],[111.54972,-7.98366],[111.5495,-7.98387],[111.54994,-7.98431],[111.55041,-7.98459],[111.5505,-7.98496],[111.55068,-7.98504],[111.55078,-7.98551],[111.55113,-7.98585],[111.55132,-7.98613],[111.55186,-7.98623],[111.55168,-7.98676],[111.55187,-7.98685],[111.55233,-7.98731],[111.55262,-7.9879],[111.55331,-7.98766],[111.55369,-7.98775],[111.55368,-7.98811],[111.55419,-7.98836],[111.55434,-7.98911],[111.55513,-7.98909],[111.55541,-7.98983],[111.55566,-7.9902],[111.55607,-7.99143],[111.55596,-7.99155],[111.55558,-7.99164],[111.55524,-7.992],[111.55452,-7.99164],[111.55433,-7.9918],[111.55423,-7.99219],[111.55396,-7.99259],[111.55457,-7.99336],[111.55478,-7.99398],[111.55451,-7.9939],[111.55397,-7.99354],[111.55342,-7.99372],[111.55325,-7.99389],[111.55252,-7.9945],[111.5524,-7.99535],[111.55183,-7.9952],[111.55132,-7.9948],[111.55115,-7.99463],[111.55102,-7.9949],[111.5507,-7.99436],[111.55051,-7.99397],[111.55052,-7.99464],[111.55015,-7.99535],[111.55088,-7.99606],[111.55089,-7.99649],[111.55015,-7.99685],[111.55016,-7.99706],[111.55005,-7.99762],[111.54971,-7.99738],[111.54954,-7.99655],[111.54916,-7.99635],[111.54876,-7.99649],[111.54796,-7.99626],[111.54761,-7.99608],[111.547,-7.99596],[111.54679,-7.99544],[111.5468,-7.99475],[111.54656,-7.99364],[111.54562,-7.99364],[111.54525,-7.99399],[111.54525,-7.99427],[111.54549,-7.99502],[111.54607,-7.99536],[111.5467,-7.99561],[111.54671,-7.99581],[111.54641,-7.9965],[111.54653,-7.99745],[111.54687,-7.99777],[111.54702,-7.99856],[111.54782,-7.99933],[111.5477,-8.00002],[111.54772,-8.00078],[111.54752,-8.00107],[111.54732,-8.00149],[111.5469,-8.00206],[111.54644,-8.00251],[111.54582,-8.0025],[111.5451,-8.00287],[111.54445,-8.00278],[111.54417,-8.00242],[111.54385,-8.00211],[111.54367,-8.00142],[111.54392,-8.00094],[111.54348,-8.00071],[111.54254,-8.00061],[111.54221,-8.0005],[111.54181,-8.00088],[111.5419,-8.00098],[111.54263,-8.00115],[111.54263,-8.00125],[111.54249,-8.00166],[111.54272,-8.00224],[111.54281,-8.0027],[111.54334,-8.0032],[111.54346,-8.00344],[111.54345,-8.0044],[111.54354,-8.00468],[111.54354,-8.00495],[111.54364,-8.00495],[111.54395,-8.00527],[111.54426,-8.00495],[111.54453,-8.00548],[111.54495,-8.0059],[111.54517,-8.00657],[111.54551,-8.00707],[111.54582,-8.00766],[111.54581,-8.00816],[111.54591,-8.00876],[111.54609,-8.00929],[111.54608,-8.00973],[111.54668,-8.01023],[111.54729,-8.01094],[111.54754,-8.01118],[111.54778,-8.01155],[111.54791,-8.01146],[111.54816,-8.01119],[111.5487,-8.01101],[111.54908,-8.011],[111.54918,-8.0111],[111.54906,-8.01143],[111.54927,-8.01174],[111.54927,-8.01326],[111.54952,-8.01378],[111.54989,-8.01416],[111.55072,-8.01417],[111.5509,-8.01434],[111.55091,-8.01479],[111.55065,-8.01506],[111.55,-8.01508],[111.54964,-8.01471],[111.549,-8.01444],[111.54844,-8.01434],[111.5481,-8.014],[111.54809,-8.01302],[111.548,-8.01254],[111.54782,-8.01238],[111.54754,-8.01195],[111.54681,-8.01181],[111.546,-8.0102],[111.54564,-8.01002],[111.54555,-8.00983],[111.54522,-8.00941],[111.54509,-8.00874],[111.54464,-8.00831],[111.54462,-8.00769],[111.54478,-8.00724],[111.54456,-8.00679],[111.54403,-8.00707],[111.54391,-8.00694],[111.54375,-8.00661],[111.54345,-8.00676],[111.54292,-8.00677],[111.54245,-8.0064],[111.54182,-8.00578],[111.54181,-8.0055],[111.54194,-8.00526],[111.54165,-8.00496],[111.54128,-8.00478],[111.54079,-8.00418],[111.54117,-8.00345],[111.54139,-8.00261],[111.54118,-8.00269],[111.54082,-8.00351],[111.54027,-8.00415],[111.54046,-8.00469],[111.54036,-8.00505],[111.54027,-8.00584],[111.53944,-8.00601],[111.53921,-8.00596],[111.53917,-8.00589],[111.53912,-8.00566],[111.53897,-8.00556],[111.53876,-8.00549],[111.53861,-8.00556],[111.53814,-8.00553],[111.53783,-8.0046],[111.53711,-8.00461],[111.53655,-8.00442],[111.5361,-8.00433],[111.53599,-8.00364],[111.53537,-8.00334],[111.53552,-8.0024],[111.53572,-8.00199],[111.53597,-8.00163],[111.53581,-8.00132],[111.53594,-8.00056],[111.53582,-8.00044],[111.53546,-8.00032],[111.53569,-7.99981],[111.53483,-7.99971],[111.53429,-8.00026],[111.53412,-8.00034],[111.5341,-8.00025],[111.53381,-7.99967],[111.5341,-7.99892],[111.53405,-7.99882],[111.53386,-7.99866],[111.53355,-7.99851],[111.53342,-7.99841],[111.53324,-7.99709],[111.53313,-7.99511],[111.53261,-7.98996],[111.53304,-7.99],[111.53337,-7.98971],[111.5339,-7.98948],[111.53331,-7.98931],[111.53255,-7.98941],[111.53235,-7.98789],[111.53249,-7.98792],[111.53256,-7.98785],[111.53361,-7.9874],[111.53402,-7.98712],[111.53476,-7.98678],[111.53385,-7.98637],[111.53327,-7.98619],[111.5322,-7.98571],[111.53216,-7.98505],[111.53306,-7.98469],[111.53329,-7.98471],[111.5339,-7.98514],[111.53507,-7.98558],[111.53531,-7.98636],[111.53562,-7.98805],[111.53592,-7.98902],[111.5363,-7.98934],[111.53668,-7.9892],[111.53698,-7.98841],[111.53726,-7.98792],[111.53749,-7.98715],[111.53788,-7.98612],[111.53817,-7.98663],[111.53851,-7.98692],[111.53863,-7.98718],[111.53863,-7.98759],[111.53882,-7.98804],[111.53898,-7.9875],[111.53908,-7.98741],[111.53924,-7.98705],[111.53963,-7.98696],[111.53991,-7.98759],[111.54037,-7.98787],[111.54006,-7.9893],[111.54019,-7.98964],[111.54057,-7.98987],[111.54095,-7.98974],[111.54117,-7.98938],[111.54115,-7.98916],[111.54089,-7.98868],[111.54069,-7.98804],[111.54111,-7.98786],[111.54138,-7.9883],[111.54187,-7.98851],[111.54212,-7.98907],[111.54255,-7.98926],[111.54296,-7.99056],[111.54312,-7.99075],[111.5436,-7.98922],[111.54403,-7.98885],[111.54461,-7.98882],[111.54529,-7.98887],[111.54547,-7.98881],[111.5455,-7.98891],[111.54558,-7.98884],[111.54547,-7.98881],[111.54509,-7.98845],[111.54479,-7.98831],[111.54431,-7.98798],[111.54472,-7.98689],[111.54469,-7.98632],[111.54538,-7.98592],[111.54553,-7.98575],[111.54551,-7.98541],[111.54578,-7.98491],[111.54588,-7.98402],[111.54659,-7.98347],[111.54669,-7.98303],[111.54632,-7.98215],[111.5469,-7.98181],[111.54839,-7.9814],[111.54851,-7.98103],[111.54914,-7.98016],[111.54922,-7.97935],[111.54934,-7.97913],[111.54859,-7.97872],[111.54823,-7.97847],[111.54875,-7.97831],[111.54858,-7.97799],[111.54895,-7.9779],[111.54984,-7.97747],[111.55022,-7.97717],[111.55099,-7.97677],[111.55133,-7.9764],[111.55198,-7.97597],[111.55221,-7.97536],[111.55261,-7.97528],[111.55327,-7.97551],[111.55339,-7.97473],[111.55349,-7.97454],[111.55315,-7.97424],[111.55339,-7.97402],[111.55348,-7.97373],[111.55391,-7.97342],[111.55402,-7.97324],[111.55384,-7.97256],[111.55375,-7.97205],[111.5543,-7.9722],[111.55464,-7.97201],[111.55498,-7.97197],[111.55483,-7.9722],[111.55484,-7.97243],[111.55511,-7.97255],[111.55529,-7.97283],[111.55566,-7.97319],[111.55547,-7.97366],[111.55548,-7.97393],[111.55612,-7.97457],[111.55611,-7.97473],[111.55623,-7.97495],[111.55603,-7.97541],[111.55657,-7.97554],[111.55689,-7.97576],[111.55705,-7.97658],[111.55772,-7.97707],[111.55885,-7.97742],[111.55883,-7.97812],[111.55897,-7.97852],[111.55939,-7.97879],[111.55948,-7.97954],[111.55981,-7.98017],[111.56048,-7.98069],[111.56057,-7.98087],[111.56128,-7.98121],[111.56171,-7.98163],[111.56233,-7.98188],[111.56278,-7.98211],[111.56299,-7.98188],[111.56311,-7.98072],[111.56343,-7.98025],[111.56386,-7.98048],[111.56461,-7.98021],[111.56611,-7.97842],[111.56628,-7.9786],[111.56665,-7.97869],[111.56692,-7.97887],[111.56731,-7.97907],[111.56718,-7.97945],[111.56721,-7.98038],[111.56648,-7.9814],[111.56701,-7.98204],[111.5671,-7.98246],[111.56683,-7.98285],[111.56698,-7.98342],[111.56766,-7.98448],[111.56764,-7.98583],[111.56802,-7.98611],[111.56802,-7.98648],[111.56781,-7.98686],[111.56866,-7.98801],[111.56864,-7.98851],[111.56805,-7.98928],[111.56821,-7.99],[111.56766,-7.99063],[111.56738,-7.99101],[111.5674,-7.9924],[111.56757,-7.99289],[111.56766,-7.99344],[111.56776,-7.99372],[111.56834,-7.9937],[111.56911,-7.99323],[111.57021,-7.99325],[111.57046,-7.99352],[111.5707,-7.99351],[111.5712,-7.99324],[111.57129,-7.99353],[111.5715,-7.99372],[111.57198,-7.99395],[111.57158,-7.99414],[111.57148,-7.9947],[111.57129,-7.99487],[111.57121,-7.9953],[111.57166,-7.99545],[111.57202,-7.99569],[111.57222,-7.99578],[111.57265,-7.99577],[111.57314,-7.9951],[111.57333,-7.9947],[111.5736,-7.99451],[111.57345,-7.99492],[111.57368,-7.99548],[111.57424,-7.99629],[111.574,-7.99702],[111.57422,-7.99744],[111.57411,-7.99777],[111.57411,-7.99795],[111.57384,-7.9982],[111.57375,-7.99849],[111.57366,-7.99867],[111.57366,-7.99881],[111.57393,-7.99894],[111.57419,-7.99921],[111.57458,-7.9993],[111.57395,-7.9994],[111.57384,-7.99985],[111.57364,-8.00034],[111.57366,-8.00084],[111.57357,-8.0012],[111.57358,-8.00135],[111.5742,-8.00164],[111.5743,-8.00173],[111.57375,-8.00184],[111.5735,-8.00197],[111.57423,-8.00264],[111.57372,-8.00312],[111.57234,-8.00286],[111.57182,-8.00247],[111.57077,-8.00251],[111.57049,-8.00266],[111.57014,-8.00264],[111.56986,-8.00284],[111.56924,-8.00305],[111.56913,-8.00293],[111.56853,-8.00265],[111.56813,-8.00275],[111.56782,-8.00274],[111.56693,-8.0023],[111.56657,-8.00269],[111.56608,-8.00252],[111.56568,-8.00294],[111.56532,-8.00293],[111.56456,-8.00366],[111.56441,-8.00411],[111.56396,-8.00433],[111.56415,-8.00486],[111.56498,-8.00563],[111.56551,-8.00648],[111.56604,-8.00697],[111.56669,-8.00709],[111.56695,-8.00728],[111.56666,-8.00756],[111.56551,-8.00784],[111.56516,-8.00839],[111.56505,-8.00872],[111.56495,-8.00882],[111.56442,-8.00882],[111.56368,-8.00852],[111.56241,-8.00837],[111.56205,-8.00818],[111.56161,-8.00819],[111.56119,-8.00797],[111.56088,-8.00764],[111.56034,-8.00738],[111.55952,-8.00729],[111.55925,-8.00753],[111.5596,-8.00839],[111.55918,-8.00878],[111.55888,-8.00928],[111.55839,-8.00951],[111.55769,-8.00968],[111.55771,-8.01013],[111.55845,-8.01139],[111.55889,-8.0118],[111.55899,-8.01261],[111.55973,-8.0129],[111.56005,-8.01289],[111.56054,-8.01213],[111.56111,-8.01157],[111.5618,-8.01181],[111.56177,-8.0125],[111.56144,-8.01312],[111.56134,-8.01338],[111.562,-8.01324],[111.56259,-8.01326],[111.56302,-8.01294],[111.56388,-8.0134],[111.56389,-8.01379],[111.56272,-8.01493],[111.56252,-8.01533],[111.56243,-8.0156],[111.56217,-8.01611],[111.56259,-8.01631],[111.5629,-8.01652],[111.56346,-8.01593],[111.56444,-8.01545],[111.56509,-8.01589],[111.56534,-8.01651],[111.56587,-8.017],[111.56613,-8.01768],[111.56635,-8.01786],[111.56664,-8.01754],[111.56697,-8.01675],[111.56677,-8.01617],[111.56691,-8.0159],[111.56742,-8.01578],[111.56751,-8.01532],[111.56815,-8.01514],[111.56885,-8.01505],[111.5699,-8.01536],[111.57011,-8.01581],[111.57081,-8.01598],[111.57169,-8.01634],[111.57219,-8.01621],[111.57266,-8.01633],[111.57294,-8.01618],[111.57315,-8.01651],[111.57332,-8.01667],[111.5736,-8.01759],[111.57393,-8.0179],[111.57311,-8.01815],[111.57271,-8.01794],[111.57222,-8.01832],[111.57174,-8.0183],[111.57098,-8.01833],[111.57048,-8.01859],[111.57006,-8.01966],[111.56994,-8.02014],[111.57016,-8.02074],[111.56979,-8.0212],[111.56965,-8.02149],[111.56947,-8.02143],[111.56944,-8.02132],[111.56936,-8.02139],[111.56947,-8.02143],[111.5694,-8.02157],[111.56953,-8.02164],[111.56956,-8.02179],[111.56946,-8.02182],[111.56953,-8.0219],[111.56956,-8.02179],[111.57013,-8.02168],[111.57024,-8.02155],[111.57041,-8.02191],[111.57104,-8.02191],[111.57144,-8.02211],[111.57176,-8.02246],[111.57231,-8.02245],[111.57259,-8.0227],[111.57277,-8.02307],[111.57315,-8.0231],[111.57342,-8.023],[111.57375,-8.02336],[111.57427,-8.02322],[111.57497,-8.02264],[111.57494,-8.02322],[111.57515,-8.02372],[111.57526,-8.02467],[111.57551,-8.0249],[111.57579,-8.02561],[111.57596,-8.02581],[111.57623,-8.02579],[111.57624,-8.02593],[111.57577,-8.0268],[111.57545,-8.02758],[111.57542,-8.02816],[111.57544,-8.02924],[111.57524,-8.02933],[111.57516,-8.02943],[111.57482,-8.02964],[111.57461,-8.02997],[111.57425,-8.03005],[111.57407,-8.03015],[111.57383,-8.03014],[111.57326,-8.0304],[111.57315,-8.03081],[111.57317,-8.03114],[111.57266,-8.03141],[111.57242,-8.03114],[111.57246,-8.03055],[111.57203,-8.03],[111.57151,-8.02972],[111.57079,-8.03001],[111.57081,-8.0298],[111.57063,-8.02961],[111.57052,-8.0297],[111.57053,-8.02987],[111.5702,-8.03024],[111.56954,-8.03039],[111.56942,-8.03075],[111.56944,-8.03115],[111.56926,-8.03124],[111.5688,-8.03169],[111.56876,-8.03183],[111.56865,-8.03186],[111.56873,-8.03194],[111.56876,-8.03183],[111.56949,-8.03165],[111.5697,-8.03141],[111.56997,-8.03156],[111.57009,-8.03194],[111.57067,-8.03245],[111.57085,-8.03303],[111.5716,-8.03313],[111.57207,-8.03277],[111.57226,-8.03269],[111.57262,-8.0324],[111.57286,-8.03242],[111.57367,-8.03231],[111.57489,-8.03238],[111.57488,-8.03259],[111.57499,-8.03268],[111.57477,-8.03329],[111.57516,-8.0343],[111.57531,-8.03508],[111.57585,-8.03542],[111.57611,-8.03572],[111.57641,-8.03635],[111.57718,-8.03661],[111.57744,-8.03647],[111.57759,-8.03648],[111.57759,-8.0365],[111.57747,-8.0371],[111.57671,-8.03871],[111.57634,-8.03876],[111.57462,-8.03971],[111.57432,-8.04],[111.57414,-8.04045],[111.574,-8.04026],[111.57399,-8.03991],[111.57479,-8.03878],[111.57454,-8.03831],[111.57438,-8.03781],[111.57392,-8.0369],[111.57371,-8.03632],[111.57362,-8.03571],[111.57327,-8.03518],[111.57217,-8.0346],[111.57159,-8.03448],[111.57113,-8.0345],[111.57038,-8.03401],[111.56996,-8.03314],[111.56999,-8.03415],[111.57026,-8.03466],[111.57039,-8.03534],[111.57171,-8.03656],[111.57181,-8.03684],[111.5719,-8.03766],[111.57203,-8.03802],[111.57172,-8.03847],[111.57149,-8.03905],[111.57111,-8.03946],[111.57064,-8.03948],[111.5702,-8.03925],[111.56998,-8.03966],[111.57036,-8.03964],[111.57045,-8.03992],[111.57095,-8.04004],[111.57122,-8.04096],[111.57091,-8.04126],[111.57079,-8.04194],[111.57091,-8.04227],[111.57113,-8.04324],[111.57096,-8.04375],[111.5712,-8.0441],[111.57118,-8.04463],[111.57145,-8.04566],[111.57121,-8.04624],[111.57082,-8.04644],[111.57015,-8.04621],[111.56937,-8.04688],[111.56841,-8.04692],[111.56784,-8.0464],[111.56738,-8.04548],[111.56736,-8.04382],[111.56759,-8.04327],[111.56708,-8.04336],[111.56658,-8.04363],[111.56619,-8.04336],[111.56493,-8.04314],[111.56459,-8.04298],[111.56426,-8.04241],[111.56393,-8.04272],[111.56392,-8.04292],[111.56402,-8.04321],[111.56401,-8.04364],[111.56445,-8.04378],[111.56465,-8.04436],[111.56481,-8.04467],[111.56451,-8.04495],[111.56473,-8.04516],[111.56492,-8.04569],[111.56482,-8.04593],[111.5642,-8.04608],[111.56365,-8.04654],[111.56311,-8.04662],[111.56261,-8.0468],[111.56233,-8.04636],[111.56217,-8.04635],[111.56201,-8.04685],[111.56175,-8.04699],[111.5607,-8.04735],[111.5603,-8.04724],[111.5606,-8.04681],[111.56109,-8.0465],[111.56164,-8.04591],[111.56181,-8.0459],[111.5632,-8.04603],[111.56302,-8.0459],[111.56256,-8.04569],[111.56219,-8.04545],[111.5622,-8.04526],[111.56175,-8.04484],[111.56166,-8.04427],[111.56131,-8.04396],[111.56102,-8.04346],[111.56065,-8.04294],[111.56077,-8.04245],[111.56136,-8.04226],[111.56148,-8.04159],[111.56128,-8.04137],[111.56103,-8.04165],[111.56057,-8.04155],[111.56022,-8.041],[111.55962,-8.04114],[111.55902,-8.04139],[111.55837,-8.04157],[111.55759,-8.04158],[111.55673,-8.04121],[111.55648,-8.04194],[111.55589,-8.04252]],[[111.53858,-7.98963],[111.53877,-7.98946],[111.53891,-7.98928],[111.53888,-7.98907],[111.53859,-7.98884],[111.53773,-7.98899],[111.53736,-7.98916],[111.53796,-7.98932],[111.53825,-7.9895],[111.53858,-7.98963]],[[111.54856,-7.99106],[111.5486,-7.99101],[111.5491,-7.9909],[111.54932,-7.99065],[111.54942,-7.98966],[111.54959,-7.98887],[111.54937,-7.98829],[111.54857,-7.9876],[111.54721,-7.98746],[111.54633,-7.98713],[111.54601,-7.98715],[111.54546,-7.98695],[111.54525,-7.98693],[111.54586,-7.98785],[111.54708,-7.98861],[111.54724,-7.98892],[111.54697,-7.98957],[111.54687,-7.9899],[111.54703,-7.99049],[111.54737,-7.99096],[111.54856,-7.99106]],[[111.53631,-7.99144],[111.53665,-7.99109],[111.53636,-7.99013],[111.53625,-7.98986],[111.5359,-7.99103],[111.53591,-7.99121],[111.53631,-7.99144]],[[111.56801,-8.01817],[111.56789,-8.01767],[111.56778,-8.0175],[111.5677,-8.01728],[111.56761,-8.01751],[111.56785,-8.01806],[111.56801,-8.01817],[111.56842,-8.01871],[111.56822,-8.01906],[111.56779,-8.01902],[111.5676,-8.01921],[111.56778,-8.01936],[111.56806,-8.01985],[111.56823,-8.01993],[111.56833,-8.01939],[111.56867,-8.01918],[111.56859,-8.01834],[111.56801,-8.01817]],[[111.55822,-8.02334],[111.55828,-8.02327],[111.55864,-8.02312],[111.5588,-8.02284],[111.55919,-8.02238],[111.55917,-8.0222],[111.55942,-8.02186],[111.55917,-8.02167],[111.55904,-8.02151],[111.55887,-8.0214],[111.55862,-8.02201],[111.55854,-8.02258],[111.55817,-8.02302],[111.558,-8.02328],[111.55822,-8.02334]],[[111.56576,-8.02894],[111.56572,-8.0288],[111.56559,-8.02858],[111.56479,-8.0281],[111.56415,-8.02789],[111.56392,-8.02791],[111.5638,-8.02822],[111.56382,-8.02843],[111.5642,-8.02873],[111.56445,-8.0287],[111.56486,-8.02875],[111.56526,-8.0289],[111.56576,-8.02894]],[[111.55787,-8.03193],[111.55805,-8.03193],[111.55805,-8.03184],[111.55837,-8.03179],[111.55898,-8.03187],[111.55918,-8.03235],[111.55936,-8.03227],[111.55913,-8.03167],[111.55868,-8.03144],[111.5581,-8.03178],[111.55805,-8.03184],[111.55787,-8.03184],[111.55787,-8.03193],[111.55757,-8.03219],[111.55751,-8.0327],[111.55777,-8.03227],[111.55787,-8.03193]],[[111.57239,-8.03336],[111.5725,-8.03333],[111.57242,-8.03325],[111.57239,-8.03336],[111.57136,-8.03349],[111.57078,-8.03327],[111.57049,-8.03289],[111.57055,-8.03334],[111.571,-8.03368],[111.57163,-8.03385],[111.57231,-8.03365],[111.57239,-8.03336]],[[111.55742,-8.03727],[111.55766,-8.03696],[111.55781,-8.03621],[111.55759,-8.03597],[111.55723,-8.03618],[111.5573,-8.03666],[111.55713,-8.03711],[111.55742,-8.03727]],[[111.56814,-8.04024],[111.56821,-8.04],[111.5686,-8.0395],[111.56882,-8.03929],[111.56923,-8.03856],[111.56936,-8.03775],[111.56945,-8.03748],[111.56925,-8.03739],[111.56907,-8.03739],[111.56908,-8.03819],[111.56827,-8.03802],[111.56792,-8.03804],[111.56763,-8.03849],[111.56682,-8.03875],[111.56615,-8.03904],[111.5655,-8.03901],[111.56519,-8.03915],[111.56564,-8.03929],[111.56595,-8.03945],[111.56721,-8.03912],[111.56807,-8.03896],[111.56818,-8.03931],[111.5679,-8.03983],[111.56791,-8.04003],[111.56814,-8.04024]]]}},{"type":"Feature","properties":{"KODE":5,"KELAS":5,"NAMA":"> 30 menit","LUAS_HA":1345.863,"_cls":"> 30 menit"},"geometry":{"type":"MultiPolygon","coordinates":[[[[111.55664,-8.05],[111.5565,-8.04997],[111.55638,-8.04989],[111.55616,-8.0494],[111.55603,-8.04924],[111.55568,-8.04917],[111.55511,-8.04919],[111.55474,-8.04902],[111.55424,-8.04893],[111.55433,-8.04838],[111.55429,-8.04834],[111.55394,-8.04823],[111.55362,-8.04794],[111.55343,-8.04729],[111.5531,-8.04681],[111.55271,-8.04634],[111.5525,-8.04622],[111.55184,-8.04614],[111.55126,-8.04566],[111.55126,-8.0452],[111.55104,-8.04461],[111.55061,-8.04391],[111.55023,-8.0437],[111.54917,-8.04278],[111.54702,-8.04184],[111.54655,-8.04206],[111.54592,-8.04179],[111.54553,-8.0413],[111.5451,-8.04123],[111.54473,-8.04127],[111.5442,-8.04141],[111.54374,-8.04127],[111.54318,-8.04081],[111.5425,-8.04189],[111.54235,-8.04195],[111.5422,-8.04184],[111.54192,-8.04183],[111.54175,-8.04158],[111.54167,-8.04156],[111.54131,-8.04199],[111.54103,-8.04203],[111.54048,-8.04221],[111.54024,-8.04212],[111.5398,-8.04225],[111.5396,-8.04207],[111.53947,-8.04208],[111.53878,-8.0425],[111.53887,-8.04218],[111.53933,-8.04136],[111.53964,-8.04106],[111.54022,-8.04074],[111.54058,-8.04026],[111.54085,-8.03893],[111.5404,-8.03757],[111.53998,-8.03677],[111.53986,-8.0366],[111.53969,-8.03646],[111.53854,-8.03685],[111.53913,-8.03557],[111.53873,-8.03527],[111.53861,-8.03507],[111.53864,-8.03472],[111.53919,-8.03392],[111.53953,-8.03316],[111.53963,-8.03281],[111.53964,-8.03241],[111.53956,-8.03192],[111.5393,-8.03113],[111.53907,-8.0306],[111.53863,-8.02982],[111.53804,-8.02886],[111.5375,-8.02769],[111.53726,-8.02686],[111.53719,-8.02646],[111.53712,-8.02528],[111.53719,-8.02303],[111.53712,-8.02265],[111.53717,-8.0222],[111.53745,-8.02129],[111.53748,-8.02085],[111.5376,-8.02024],[111.53772,-8.01991],[111.53812,-8.01922],[111.53817,-8.01906],[111.53814,-8.01875],[111.53791,-8.01814],[111.53779,-8.01759],[111.53764,-8.01667],[111.53766,-8.01618],[111.53794,-8.01487],[111.53809,-8.01443],[111.53833,-8.01403],[111.53892,-8.01271],[111.53954,-8.01105],[111.53964,-8.01047],[111.53968,-8.01],[111.53986,-8.00946],[111.54013,-8.00903],[111.54017,-8.00881],[111.54001,-8.0072],[111.53996,-8.00702],[111.53983,-8.00681],[111.53973,-8.00653],[111.53933,-8.00614],[111.53921,-8.00596],[111.53944,-8.00601],[111.54027,-8.00584],[111.54036,-8.00505],[111.54046,-8.00469],[111.54027,-8.00415],[111.54082,-8.00351],[111.54118,-8.00269],[111.54139,-8.00261],[111.54117,-8.00345],[111.54079,-8.00418],[111.54128,-8.00478],[111.54165,-8.00496],[111.54194,-8.00526],[111.54181,-8.0055],[111.54182,-8.00578],[111.54245,-8.0064],[111.54292,-8.00677],[111.54345,-8.00676],[111.54375,-8.00661],[111.54391,-8.00694],[111.54403,-8.00707],[111.54456,-8.00679],[111.54478,-8.00724],[111.54462,-8.00769],[111.54464,-8.00831],[111.54509,-8.00874],[111.54522,-8.00941],[111.54555,-8.00983],[111.54564,-8.01002],[111.546,-8.0102],[111.54681,-8.01181],[111.54754,-8.01195],[111.54782,-8.01238],[111.548,-8.01254],[111.54809,-8.01302],[111.5481,-8.014],[111.54844,-8.01434],[111.549,-8.01444],[111.54964,-8.01471],[111.55,-8.01508],[111.55065,-8.01506],[111.55091,-8.01479],[111.5509,-8.01434],[111.55072,-8.01417],[111.54989,-8.01416],[111.54952,-8.01378],[111.54927,-8.01326],[111.54927,-8.01174],[111.54906,-8.01143],[111.54918,-8.0111],[111.54908,-8.011],[111.5487,-8.01101],[111.54816,-8.01119],[111.54791,-8.01146],[111.54778,-8.01155],[111.54754,-8.01118],[111.54729,-8.01094],[111.54668,-8.01023],[111.54608,-8.00973],[111.54609,-8.00929],[111.54591,-8.00876],[111.54581,-8.00816],[111.54582,-8.00766],[111.54551,-8.00707],[111.54517,-8.00657],[111.54495,-8.0059],[111.54453,-8.00548],[111.54426,-8.00495],[111.54395,-8.00527],[111.54364,-8.00495],[111.54354,-8.00495],[111.54354,-8.00468],[111.54345,-8.0044],[111.54346,-8.00344],[111.54334,-8.0032],[111.54281,-8.0027],[111.54272,-8.00224],[111.54249,-8.00166],[111.54263,-8.00125],[111.54263,-8.00115],[111.5419,-8.00098],[111.54181,-8.00088],[111.54221,-8.0005],[111.54254,-8.00061],[111.54348,-8.00071],[111.54392,-8.00094],[111.54367,-8.00142],[111.54385,-8.00211],[111.54417,-8.00242],[111.54445,-8.00278],[111.5451,-8.00287],[111.54582,-8.0025],[111.54644,-8.00251],[111.5469,-8.00206],[111.54732,-8.00149],[111.54752,-8.00107],[111.54772,-8.00078],[111.5477,-8.00002],[111.54782,-7.99933],[111.54702,-7.99856],[111.54687,-7.99777],[111.54653,-7.99745],[111.54641,-7.9965],[111.54671,-7.99581],[111.5467,-7.99561],[111.54607,-7.99536],[111.54549,-7.99502],[111.54525,-7.99427],[111.54525,-7.99399],[111.54562,-7.99364],[111.54656,-7.99364],[111.5468,-7.99475],[111.54679,-7.99544],[111.547,-7.99596],[111.54761,-7.99608],[111.54796,-7.99626],[111.54876,-7.99649],[111.54916,-7.99635],[111.54954,-7.99655],[111.54971,-7.99738],[111.55005,-7.99762],[111.55016,-7.99706],[111.55015,-7.99685],[111.55089,-7.99649],[111.55088,-7.99606],[111.55015,-7.99535],[111.55052,-7.99464],[111.55051,-7.99397],[111.5507,-7.99436],[111.55102,-7.9949],[111.55115,-7.99463],[111.55132,-7.9948],[111.55183,-7.9952],[111.5524,-7.99535],[111.55252,-7.9945],[111.55325,-7.99389],[111.55342,-7.99372],[111.55397,-7.99354],[111.55451,-7.9939],[111.55478,-7.99398],[111.55457,-7.99336],[111.55396,-7.99259],[111.55423,-7.99219],[111.55433,-7.9918],[111.55452,-7.99164],[111.55524,-7.992],[111.55558,-7.99164],[111.55596,-7.99155],[111.55607,-7.99143],[111.55566,-7.9902],[111.55541,-7.98983],[111.55513,-7.98909],[111.55434,-7.98911],[111.55419,-7.98836],[111.55368,-7.98811],[111.55369,-7.98775],[111.55331,-7.98766],[111.55262,-7.9879],[111.55233,-7.98731],[111.55187,-7.98685],[111.55168,-7.98676],[111.55186,-7.98623],[111.55132,-7.98613],[111.55113,-7.98585],[111.55078,-7.98551],[111.55068,-7.98504],[111.5505,-7.98496],[111.55041,-7.98459],[111.54994,-7.98431],[111.5495,-7.98387],[111.54972,-7.98366],[111.54959,-7.98342],[111.54987,-7.98323],[111.55022,-7.98324],[111.55081,-7.98304],[111.55111,-7.98258],[111.5515,-7.98233],[111.55232,-7.9815],[111.55231,-7.98106],[111.55245,-7.98079],[111.55196,-7.97981],[111.55158,-7.97934],[111.5514,-7.97897],[111.5514,-7.97856],[111.55186,-7.97887],[111.55231,-7.97853],[111.55303,-7.97844],[111.5537,-7.97811],[111.55385,-7.97735],[111.55411,-7.97708],[111.55446,-7.97697],[111.55464,-7.97645],[111.55485,-7.97718],[111.55504,-7.97735],[111.55566,-7.97734],[111.55595,-7.97774],[111.55648,-7.97824],[111.55666,-7.97879],[111.55685,-7.97907],[111.55703,-7.97962],[111.55739,-7.97997],[111.5574,-7.98139],[111.55815,-7.98228],[111.55905,-7.98287],[111.55957,-7.98286],[111.55957,-7.98313],[111.56003,-7.98374],[111.561,-7.98431],[111.56084,-7.98476],[111.56076,-7.9854],[111.56094,-7.98575],[111.56105,-7.98611],[111.56172,-7.98621],[111.56106,-7.9866],[111.56094,-7.98682],[111.56148,-7.98693],[111.56248,-7.98736],[111.56248,-7.98756],[111.56273,-7.98756],[111.56248,-7.98792],[111.56239,-7.98811],[111.56294,-7.98828],[111.56313,-7.98838],[111.56368,-7.98895],[111.56387,-7.9891],[111.56412,-7.98846],[111.56467,-7.98828],[111.56466,-7.98765],[111.56475,-7.98747],[111.56485,-7.98699],[111.56483,-7.9864],[111.56496,-7.98616],[111.56538,-7.98603],[111.56501,-7.98639],[111.56502,-7.9869],[111.56575,-7.98701],[111.56611,-7.98783],[111.56592,-7.9882],[111.56593,-7.98884],[111.5663,-7.98955],[111.56596,-7.98987],[111.56585,-7.99072],[111.56566,-7.99162],[111.56567,-7.99172],[111.56598,-7.99172],[111.56612,-7.99199],[111.5663,-7.99226],[111.56594,-7.99263],[111.56594,-7.99281],[111.56648,-7.99333],[111.56659,-7.994],[111.56677,-7.99416],[111.56721,-7.99416],[111.5672,-7.99519],[111.5678,-7.99498],[111.56804,-7.99449],[111.56871,-7.99474],[111.56864,-7.9952],[111.5691,-7.99567],[111.56913,-7.99632],[111.56885,-7.99684],[111.56921,-7.99696],[111.5693,-7.99759],[111.56961,-7.99835],[111.56935,-7.99884],[111.56953,-7.9997],[111.5693,-8.00003],[111.56922,-8.00076],[111.56902,-8.00085],[111.56882,-8.00106],[111.56835,-8.00082],[111.56816,-8.00099],[111.56804,-8.00149],[111.56794,-8.00071],[111.56691,-7.99953],[111.56604,-7.99949],[111.56567,-7.99959],[111.56533,-7.99941],[111.56487,-7.99983],[111.56475,-8.00006],[111.56477,-8.00057],[111.56359,-8.00167],[111.56313,-8.00189],[111.56315,-8.0023],[111.56296,-8.00285],[111.56285,-8.00385],[111.56245,-8.00425],[111.56302,-8.00482],[111.56359,-8.0052],[111.56405,-8.00541],[111.56431,-8.00637],[111.56414,-8.00628],[111.56361,-8.00585],[111.56351,-8.00638],[111.56337,-8.00669],[111.56309,-8.00629],[111.56242,-8.0063],[111.56162,-8.00575],[111.56111,-8.00589],[111.56093,-8.00628],[111.56061,-8.00617],[111.55996,-8.00577],[111.55904,-8.00544],[111.55845,-8.00503],[111.55825,-8.00517],[111.55815,-8.00557],[111.55743,-8.00574],[111.55734,-8.00675],[111.55722,-8.00718],[111.55755,-8.0074],[111.55797,-8.00759],[111.55798,-8.00774],[111.5576,-8.00831],[111.55734,-8.00854],[111.55733,-8.00882],[111.55736,-8.00943],[111.55698,-8.01005],[111.55751,-8.01076],[111.55751,-8.01142],[111.55766,-8.0117],[111.5575,-8.01269],[111.55704,-8.01338],[111.55719,-8.01443],[111.55753,-8.01407],[111.55781,-8.01364],[111.55821,-8.01404],[111.55891,-8.01417],[111.55924,-8.01415],[111.55943,-8.01425],[111.5597,-8.01423],[111.55969,-8.01492],[111.56059,-8.0152],[111.56062,-8.01567],[111.56014,-8.01629],[111.56043,-8.01698],[111.56026,-8.01705],[111.55959,-8.01721],[111.55908,-8.01744],[111.55907,-8.0176],[111.55953,-8.01777],[111.56014,-8.01828],[111.56056,-8.01842],[111.56104,-8.01867],[111.56179,-8.01872],[111.56179,-8.01827],[111.56194,-8.01776],[111.56252,-8.01732],[111.56305,-8.01768],[111.56325,-8.01753],[111.56335,-8.01707],[111.56415,-8.0167],[111.56414,-8.01614],[111.56433,-8.01613],[111.56451,-8.01633],[111.5647,-8.01632],[111.56488,-8.0166],[111.56537,-8.01717],[111.56531,-8.01829],[111.56561,-8.01855],[111.56564,-8.01903],[111.5656,-8.01971],[111.56595,-8.02048],[111.56635,-8.02083],[111.56664,-8.02116],[111.56715,-8.02132],[111.56706,-8.02149],[111.56638,-8.02145],[111.56609,-8.02174],[111.56577,-8.02176],[111.56494,-8.02148],[111.56479,-8.02175],[111.56514,-8.02205],[111.56446,-8.02201],[111.56405,-8.0222],[111.56372,-8.02257],[111.56338,-8.02239],[111.56317,-8.02285],[111.56297,-8.02254],[111.5628,-8.02239],[111.56282,-8.02196],[111.56265,-8.02176],[111.5618,-8.02121],[111.56133,-8.02069],[111.5608,-8.02045],[111.56044,-8.02022],[111.56008,-8.01994],[111.55954,-8.0197],[111.55944,-8.01941],[111.55945,-8.01923],[111.5591,-8.01905],[111.55806,-8.01915],[111.55754,-8.02068],[111.55737,-8.02099],[111.55754,-8.02239],[111.55772,-8.0229],[111.55752,-8.02294],[111.55691,-8.02161],[111.5562,-8.02142],[111.55604,-8.02194],[111.5557,-8.02155],[111.55552,-8.02042],[111.55519,-8.0204],[111.55488,-8.02051],[111.55436,-8.02048],[111.55445,-8.02104],[111.55462,-8.02135],[111.55487,-8.02228],[111.55465,-8.02275],[111.5545,-8.02289],[111.55419,-8.0238],[111.55407,-8.02445],[111.55356,-8.02463],[111.5527,-8.02443],[111.55227,-8.02401],[111.55192,-8.02404],[111.55149,-8.02401],[111.5512,-8.02487],[111.55164,-8.02503],[111.55228,-8.02517],[111.5521,-8.02566],[111.55154,-8.02551],[111.55047,-8.0262],[111.55002,-8.02634],[111.55001,-8.02656],[111.55017,-8.02686],[111.54984,-8.02753],[111.54994,-8.0279],[111.55015,-8.02824],[111.54983,-8.0282],[111.54946,-8.02793],[111.54901,-8.02801],[111.54877,-8.0284],[111.54818,-8.02876],[111.54799,-8.02965],[111.54783,-8.03018],[111.54808,-8.03094],[111.54825,-8.03115],[111.54874,-8.0315],[111.5488,-8.03195],[111.5487,-8.03195],[111.5487,-8.03204],[111.5486,-8.03207],[111.54867,-8.03215],[111.5487,-8.03204],[111.5488,-8.03204],[111.5488,-8.03195],[111.54915,-8.03188],[111.54909,-8.03106],[111.54866,-8.03088],[111.54855,-8.03024],[111.54884,-8.03001],[111.54894,-8.02978],[111.5489,-8.02947],[111.54907,-8.02933],[111.5492,-8.02918],[111.54961,-8.02885],[111.5498,-8.02909],[111.55021,-8.02926],[111.55069,-8.02954],[111.55079,-8.02941],[111.55123,-8.02956],[111.55138,-8.02974],[111.55091,-8.02971],[111.55102,-8.02991],[111.55122,-8.03055],[111.55173,-8.03128],[111.55231,-8.03173],[111.5533,-8.03159],[111.55328,-8.03191],[111.55295,-8.03221],[111.55227,-8.03237],[111.55149,-8.03214],[111.55139,-8.03269],[111.55203,-8.0331],[111.55197,-8.03393],[111.55156,-8.03397],[111.55111,-8.03408],[111.55097,-8.03389],[111.55065,-8.03381],[111.55035,-8.03368],[111.54998,-8.03394],[111.54975,-8.03427],[111.54966,-8.03414],[111.54928,-8.0339],[111.54889,-8.03398],[111.54876,-8.03417],[111.54824,-8.03425],[111.54778,-8.03442],[111.54757,-8.03473],[111.54749,-8.03425],[111.54744,-8.03412],[111.54784,-8.03388],[111.54774,-8.03344],[111.54738,-8.03383],[111.54744,-8.03412],[111.54731,-8.03424],[111.54721,-8.03444],[111.54699,-8.03476],[111.54718,-8.03494],[111.54735,-8.03561],[111.54749,-8.03589],[111.54839,-8.03624],[111.54851,-8.03659],[111.54936,-8.03699],[111.54977,-8.03778],[111.55152,-8.03833],[111.55216,-8.0383],[111.55288,-8.03833],[111.5534,-8.0386],[111.55425,-8.03857],[111.55447,-8.03866],[111.55365,-8.03886],[111.55367,-8.03927],[111.55387,-8.03984],[111.55466,-8.04021],[111.55484,-8.04058],[111.55517,-8.04091],[111.55531,-8.04134],[111.55591,-8.04173],[111.55575,-8.0422],[111.55589,-8.04252],[111.55578,-8.04255],[111.55586,-8.04263],[111.55589,-8.04252],[111.55648,-8.04194],[111.55673,-8.04121],[111.55759,-8.04158],[111.55837,-8.04157],[111.55902,-8.04139],[111.55962,-8.04114],[111.56022,-8.041],[111.56057,-8.04155],[111.56103,-8.04165],[111.56128,-8.04137],[111.56148,-8.04159],[111.56136,-8.04226],[111.56077,-8.04245],[111.56065,-8.04294],[111.56102,-8.04346],[111.56131,-8.04396],[111.56166,-8.04427],[111.56175,-8.04484],[111.5622,-8.04526],[111.56219,-8.04545],[111.56256,-8.04569],[111.56302,-8.0459],[111.5632,-8.04603],[111.56181,-8.0459],[111.56164,-8.04591],[111.56109,-8.0465],[111.5606,-8.04681],[111.5603,-8.04724],[111.5607,-8.04735],[111.56175,-8.04699],[111.56201,-8.04685],[111.56217,-8.04635],[111.56233,-8.04636],[111.56261,-8.0468],[111.56311,-8.04662],[111.56365,-8.04654],[111.5642,-8.04608],[111.56482,-8.04593],[111.56492,-8.04569],[111.56473,-8.04516],[111.56451,-8.04495],[111.56481,-8.04467],[111.56465,-8.04436],[111.56445,-8.04378],[111.56401,-8.04364],[111.56402,-8.04321],[111.56392,-8.04292],[111.56393,-8.04272],[111.56426,-8.04241],[111.56459,-8.04298],[111.56493,-8.04314],[111.56619,-8.04336],[111.56658,-8.04363],[111.56708,-8.04336],[111.56759,-8.04327],[111.56736,-8.04382],[111.56738,-8.04548],[111.56784,-8.0464],[111.56841,-8.04692],[111.56937,-8.04688],[111.57015,-8.04621],[111.57082,-8.04644],[111.57121,-8.04624],[111.57145,-8.04566],[111.57118,-8.04463],[111.5712,-8.0441],[111.57096,-8.04375],[111.57113,-8.04324],[111.57091,-8.04227],[111.57079,-8.04194],[111.57091,-8.04126],[111.57122,-8.04096],[111.57095,-8.04004],[111.57045,-8.03992],[111.57036,-8.03964],[111.56998,-8.03966],[111.5702,-8.03925],[111.57064,-8.03948],[111.57111,-8.03946],[111.57149,-8.03905],[111.57172,-8.03847],[111.57203,-8.03802],[111.5719,-8.03766],[111.57181,-8.03684],[111.57171,-8.03656],[111.57039,-8.03534],[111.57026,-8.03466],[111.56999,-8.03415],[111.56996,-8.03314],[111.57038,-8.03401],[111.57113,-8.0345],[111.57159,-8.03448],[111.57217,-8.0346],[111.57327,-8.03518],[111.57362,-8.03571],[111.57371,-8.03632],[111.57392,-8.0369],[111.57438,-8.03781],[111.57454,-8.03831],[111.57479,-8.03878],[111.57399,-8.03991],[111.574,-8.04026],[111.57414,-8.04045],[111.57409,-8.04211],[111.57375,-8.04283],[111.57366,-8.0431],[111.57359,-8.04369],[111.57384,-8.04466],[111.5735,-8.0463],[111.57352,-8.0468],[111.57345,-8.04763],[111.57339,-8.04782],[111.57327,-8.04795],[111.57268,-8.04823],[111.57189,-8.04837],[111.57092,-8.04834],[111.57026,-8.0484],[111.56979,-8.04867],[111.5696,-8.0487],[111.56911,-8.04872],[111.56851,-8.04892],[111.56828,-8.04891],[111.56761,-8.0488],[111.56716,-8.04869],[111.56577,-8.04796],[111.56542,-8.04795],[111.56486,-8.04799],[111.56468,-8.04806],[111.56463,-8.04815],[111.56457,-8.04852],[111.56426,-8.0492],[111.56408,-8.04944],[111.5637,-8.04957],[111.56308,-8.04968],[111.56286,-8.04967],[111.56263,-8.04957],[111.56239,-8.04932],[111.56164,-8.04916],[111.56147,-8.04904],[111.56098,-8.04889],[111.56052,-8.04931],[111.55964,-8.04938],[111.5594,-8.04944],[111.55869,-8.0497],[111.55746,-8.04988],[111.55738,-8.04978],[111.55685,-8.04979],[111.55671,-8.04998],[111.55664,-8.05]],[[111.5485,-8.01557],[111.54847,-8.01547],[111.54839,-8.01554],[111.5485,-8.01557],[111.54846,-8.01562],[111.54842,-8.01609],[111.548,-8.01684],[111.54789,-8.01812],[111.54808,-8.01845],[111.54849,-8.01871],[111.54879,-8.01869],[111.54909,-8.01809],[111.54882,-8.0177],[111.54885,-8.01733],[111.54871,-8.01682],[111.54892,-8.01624],[111.54863,-8.01569],[111.5485,-8.01557]],[[111.54562,-8.03123],[111.54579,-8.03096],[111.54593,-8.03045],[111.5464,-8.03028],[111.5465,-8.03003],[111.54638,-8.02974],[111.54576,-8.02985],[111.54557,-8.03063],[111.54549,-8.03113],[111.54562,-8.03123]]],[[[111.53814,-8.00553],[111.53555,-8.00518],[111.53537,-8.00506],[111.53477,-8.00409],[111.53429,-8.00116],[111.53412,-8.00034],[111.53429,-8.00026],[111.53483,-7.99971],[111.53569,-7.99981],[111.53546,-8.00032],[111.53582,-8.00044],[111.53594,-8.00056],[111.53581,-8.00132],[111.53597,-8.00163],[111.53572,-8.00199],[111.53552,-8.0024],[111.53537,-8.00334],[111.53599,-8.00364],[111.5361,-8.00433],[111.53655,-8.00442],[111.53711,-8.00461],[111.53783,-8.0046],[111.53814,-8.00553]]]]}}]}