{"type":"FeatureCollection","features":[{"type":"Feature","properties":{"tahun":2016,"zona":"002","namobj":"Zona Kerentanan Gerakan Tanah Rendah","remark":"Rendah","klsgtn":3,"_cls":"Zona Kerentanan Gerakan Tanah Rendah"},"geometry":{"type":"Polygon","coordinates":[[[111.65408,-8.01679],[111.65384,-8.01705],[111.65373,-8.01726],[111.65379,-8.01819],[111.65356,-8.01856],[111.65332,-8.01885],[111.65335,-8.01902],[111.65239,-8.02054],[111.65205,-8.02117],[111.65165,-8.0214],[111.65142,-8.02146],[111.65096,-8.0214],[111.65086,-8.02148],[111.65079,-8.02162],[111.65074,-8.02203],[111.65064,-8.02214],[111.64983,-8.02207],[111.64933,-8.02173],[111.64923,-8.02174],[111.64901,-8.02184],[111.6489,-8.02194],[111.64816,-8.0209],[111.64828,-8.02004],[111.64885,-8.01935],[111.64966,-8.01824],[111.65026,-8.01741],[111.65157,-8.0154],[111.65153,-8.01546],[111.65204,-8.01482],[111.65255,-8.01442],[111.65286,-8.01435],[111.65324,-8.01446],[111.65358,-8.0147],[111.65387,-8.01513],[111.65403,-8.01567],[111.6541,-8.01655],[111.65408,-8.01679]]]}},{"type":"Feature","properties":{"tahun":2016,"zona":"002","namobj":"Zona Kerentanan Gerakan Tanah Rendah","remark":"Rendah","klsgtn":3,"_cls":"Zona Kerentanan Gerakan Tanah Rendah"},"geometry":{"type":"Polygon","coordinates":[[[111.59487,-8.01848],[111.59423,-8.01851],[111.5924,-8.01895],[111.59046,-8.01938],[111.58995,-8.01988],[111.59029,-8.0185],[111.59044,-8.01698],[111.5903,-8.01394],[111.59045,-8.01209],[111.59095,-8.01035],[111.59167,-8.00937],[111.59234,-8.00832],[111.59324,-8.00673],[111.59427,-8.00441],[111.59467,-8.00378],[111.59509,-8.00338],[111.59588,-8.00324],[111.59663,-8.00337],[111.59717,-8.00356],[111.59749,-8.00381],[111.59777,-8.00422],[111.59787,-8.00461],[111.59794,-8.00506],[111.59791,-8.00562],[111.59741,-8.00648],[111.59684,-8.00756],[111.5964,-8.00855],[111.59597,-8.00981],[111.59572,-8.01152],[111.59546,-8.01468],[111.59521,-8.0158],[111.59485,-8.01795],[111.59487,-8.01848]]]}},{"type":"Feature","properties":{"tahun":2016,"zona":"003","namobj":"Zona Kerentanan Gerakan Tanah Menengah","remark":"Menengah","klsgtn":4,"_cls":"Zona Kerentanan Gerakan Tanah Menengah"},"geometry":{"type":"Polygon","coordinates":[[[111.55794,-7.93725],[111.55713,-7.93746],[111.55646,-7.93769],[111.5557,-7.93801],[111.55508,-7.93832],[111.55449,-7.93867],[111.55357,-7.93929],[111.55328,-7.93946],[111.55296,-7.93959],[111.5525,-7.93971],[111.55203,-7.93978],[111.55141,-7.93982],[111.55115,-7.93969],[111.5508,-7.93958],[111.55024,-7.93951],[111.54895,-7.93948],[111.54818,-7.93951],[111.54803,-7.93948],[111.54791,-7.9394],[111.54784,-7.93928],[111.54774,-7.93886],[111.54871,-7.93854],[111.54918,-7.93846],[111.55025,-7.93837],[111.55071,-7.93828],[111.55127,-7.93812],[111.55192,-7.93785],[111.55275,-7.93746],[111.5531,-7.93741],[111.55323,-7.93734],[111.55335,-7.93717],[111.55376,-7.93701],[111.55421,-7.93689],[111.55479,-7.9368],[111.5569,-7.9366],[111.5576,-7.9365],[111.55806,-7.93639],[111.55839,-7.93627],[111.55869,-7.93611],[111.55939,-7.93555],[111.55967,-7.93538],[111.56,-7.93526],[111.56045,-7.93515],[111.56163,-7.93497],[111.56304,-7.93467],[111.56348,-7.93454],[111.56418,-7.93424],[111.5648,-7.93389],[111.56525,-7.93372],[111.56545,-7.93372],[111.56553,-7.93376],[111.5656,-7.93382],[111.56571,-7.93401],[111.56576,-7.93426],[111.56575,-7.9345],[111.56567,-7.9347],[111.56554,-7.93487],[111.56536,-7.93503],[111.56505,-7.93521],[111.56456,-7.93542],[111.56204,-7.93629],[111.56101,-7.93659],[111.55994,-7.93684],[111.55794,-7.93725]]]}},{"type":"Feature","properties":{"tahun":2016,"zona":"003","namobj":"Zona Kerentanan Gerakan Tanah Menengah","remark":"Menengah","klsgtn":4,"_cls":"Zona Kerentanan Gerakan Tanah Menengah"},"geometry":{"type":"Polygon","coordinates":[[[111.6059,-7.96459],[111.60608,-7.96489],[111.60616,-7.96509],[111.60625,-7.96561],[111.60629,-7.9665],[111.60622,-7.96693],[111.60615,-7.96714],[111.60597,-7.96744],[111.60588,-7.96753],[111.60566,-7.96763],[111.60532,-7.96766],[111.60503,-7.96763],[111.60452,-7.96752],[111.6043,-7.96738],[111.60423,-7.96728],[111.60418,-7.96709],[111.60419,-7.96695],[111.60426,-7.96677],[111.60435,-7.96667],[111.60455,-7.96657],[111.60493,-7.96647],[111.60515,-7.96634],[111.60519,-7.96617],[111.60514,-7.96597],[111.60503,-7.9658],[111.60492,-7.96572],[111.60466,-7.96568],[111.60375,-7.96586],[111.60356,-7.96587],[111.60316,-7.9658],[111.60293,-7.96567],[111.60284,-7.96558],[111.60276,-7.96541],[111.60265,-7.96501],[111.6025,-7.96477],[111.60232,-7.96464],[111.60219,-7.9646],[111.60198,-7.96463],[111.60185,-7.9647],[111.60174,-7.96481],[111.60167,-7.96502],[111.6017,-7.96545],[111.60165,-7.96556],[111.60155,-7.96564],[111.60126,-7.96572],[111.6008,-7.96569],[111.60055,-7.96559],[111.60036,-7.96542],[111.6002,-7.96514],[111.59998,-7.9645],[111.59986,-7.96382],[111.59986,-7.96311],[111.5999,-7.96277],[111.60002,-7.96231],[111.60024,-7.96197],[111.60061,-7.96164],[111.60116,-7.96131],[111.60147,-7.96117],[111.60179,-7.96106],[111.60233,-7.96096],[111.60283,-7.96098],[111.60322,-7.9611],[111.6035,-7.96129],[111.60364,-7.96145],[111.60405,-7.96204],[111.60442,-7.96276],[111.60463,-7.96335],[111.60484,-7.96376],[111.60508,-7.96399],[111.60565,-7.96437],[111.6059,-7.96459]]]}},{"type":"Feature","properties":{"tahun":2016,"zona":"002","namobj":"Zona Kerentanan Gerakan Tanah Rendah","remark":"Rendah","klsgtn":3,"_cls":"Zona Kerentanan Gerakan Tanah Rendah"},"geometry":{"type":"Polygon","coordinates":[[[111.59325,-7.97349],[111.5931,-7.97347],[111.59298,-7.97344],[111.59323,-7.97348],[111.59325,-7.97349]]]}},{"type":"Feature","properties":{"tahun":2016,"zona":"003","namobj":"Zona Kerentanan Gerakan Tanah Menengah","remark":"Menengah","klsgtn":4,"_cls":"Zona Kerentanan Gerakan Tanah Menengah"},"geometry":{"type":"Polygon","coordinates":[[[111.57903,-7.96422],[111.57854,-7.96419],[111.57834,-7.96373],[111.57824,-7.96335],[111.57816,-7.9628],[111.57818,-7.96263],[111.57824,-7.96248],[111.57844,-7.96231],[111.57895,-7.96282],[111.57915,-7.96306],[111.57934,-7.96345],[111.5794,-7.96387],[111.57937,-7.96403],[111.57927,-7.96415],[111.57903,-7.96422]]]}},{"type":"Feature","properties":{"tahun":2016,"zona":"002","namobj":"Zona Kerentanan Gerakan Tanah Rendah","remark":"Rendah","klsgtn":3,"_cls":"Zona Kerentanan Gerakan Tanah Rendah"},"geometry":{"type":"Polygon","coordinates":[[[111.65123,-8.00349],[111.65048,-8.00363],[111.64963,-8.00353],[111.64894,-8.00331],[111.64872,-8.00286],[111.64872,-8.00228],[111.64889,-8.00163],[111.64974,-8.00017],[111.64987,-8.00001],[111.64999,-7.9997],[111.65032,-7.99906],[111.65078,-7.99838],[111.65112,-7.99801],[111.65155,-7.99774],[111.65186,-7.99765],[111.65236,-7.99766],[111.65282,-7.99781],[111.65309,-7.99799],[111.65321,-7.99811],[111.65338,-7.99839],[111.65348,-7.99869],[111.65347,-7.99918],[111.65334,-7.99975],[111.65287,-8.0013],[111.65257,-8.00214],[111.6522,-8.00282],[111.65175,-8.00327],[111.65123,-8.00349]]]}},{"type":"Feature","properties":{"tahun":2016,"zona":"003","namobj":"Zona Kerentanan Gerakan Tanah Menengah","remark":"Menengah","klsgtn":4,"_cls":"Zona Kerentanan Gerakan Tanah Menengah"},"geometry":{"type":"Polygon","coordinates":[[[111.57642,-7.94237],[111.57601,-7.94237],[111.57582,-7.94233],[111.57553,-7.94222],[111.57545,-7.94133],[111.57545,-7.94078],[111.57557,-7.94041],[111.57584,-7.93999],[111.57592,-7.94015],[111.57605,-7.94025],[111.57675,-7.94045],[111.57715,-7.94067],[111.57748,-7.94099],[111.57759,-7.94118],[111.57765,-7.94137],[111.57763,-7.94163],[111.57755,-7.94179],[111.57742,-7.94194],[111.57706,-7.94217],[111.57685,-7.94226],[111.57642,-7.94237]]]}},{"type":"Feature","properties":{"tahun":2016,"zona":"003","namobj":"Zona Kerentanan Gerakan Tanah Menengah","remark":"Menengah","klsgtn":4,"_cls":"Zona Kerentanan Gerakan Tanah Menengah"},"geometry":{"type":"Polygon","coordinates":[[[111.5535,-7.93386],[111.55372,-7.93387],[111.55409,-7.93398],[111.5544,-7.93403],[111.55483,-7.93404],[111.55537,-7.93401],[111.55689,-7.93377],[111.55732,-7.93373],[111.55861,-7.93374],[111.55903,-7.93381],[111.55919,-7.93391],[111.55929,-7.93407],[111.55932,-7.93441],[111.55925,-7.93463],[111.55912,-7.9348],[111.55895,-7.93493],[111.55866,-7.93508],[111.55835,-7.93518],[111.55793,-7.93527],[111.5574,-7.93533],[111.55664,-7.93536],[111.55472,-7.93534],[111.5541,-7.93536],[111.55234,-7.93556],[111.55217,-7.93562],[111.5512,-7.93574],[111.55002,-7.93536],[111.54952,-7.93524],[111.54884,-7.93514],[111.54884,-7.93496],[111.54894,-7.93457],[111.5491,-7.93421],[111.54932,-7.93389],[111.54959,-7.9336],[111.54991,-7.93334],[111.55025,-7.93314],[111.55062,-7.933],[111.55098,-7.93296],[111.55132,-7.933],[111.55167,-7.9331],[111.55294,-7.9337],[111.5535,-7.93386]]]}},{"type":"Feature","properties":{"tahun":2016,"zona":"003","namobj":"Zona Kerentanan Gerakan Tanah Menengah","remark":"Menengah","klsgtn":4,"_cls":"Zona Kerentanan Gerakan Tanah Menengah"},"geometry":{"type":"MultiPolygon","coordinates":[[[[111.56406,-8.04945],[111.56401,-8.04947],[111.56441,-8.04886],[111.56426,-8.0492],[111.56406,-8.04945]]],[[[111.65294,-8.02067],[111.65205,-8.02117],[111.65239,-8.02054],[111.65335,-8.01902],[111.65358,-8.01946],[111.65337,-8.02015],[111.6533,-8.02048],[111.65319,-8.02058],[111.65294,-8.02067]]],[[[111.65589,-8.00881],[111.65566,-8.00936],[111.65561,-8.00931],[111.65565,-8.01131],[111.65532,-8.01204],[111.65497,-8.01353],[111.65496,-8.01426],[111.65505,-8.01507],[111.655,-8.01551],[111.65452,-8.01637],[111.65408,-8.01679],[111.6541,-8.01655],[111.65403,-8.01567],[111.65387,-8.01513],[111.65358,-8.0147],[111.65324,-8.01446],[111.65286,-8.01435],[111.65255,-8.01442],[111.65204,-8.01482],[111.65153,-8.01546],[111.65157,-8.0154],[111.65026,-8.01741],[111.64885,-8.01935],[111.64828,-8.02004],[111.64827,-8.01931],[111.64806,-8.01876],[111.64775,-8.01826],[111.64742,-8.01787],[111.64718,-8.01729],[111.6471,-8.01668],[111.64739,-8.01626],[111.64767,-8.01577],[111.64775,-8.01506],[111.64767,-8.01444],[111.6473,-8.01361],[111.64714,-8.01332],[111.64722,-8.01295],[111.64725,-8.01255],[111.64754,-8.01217],[111.6477,-8.01174],[111.6477,-8.01104],[111.64781,-8.01059],[111.64784,-8.01007],[111.64799,-8.00953],[111.64799,-8.00919],[111.64886,-8.00903],[111.64988,-8.00895],[111.65076,-8.00873],[111.65152,-8.00845],[111.65291,-8.00756],[111.65356,-8.00724],[111.65474,-8.00697],[111.65556,-8.00693],[111.65562,-8.00722],[111.65562,-8.00761],[111.65592,-8.0084],[111.65589,-8.00881]],[[111.6492,-8.00938],[111.6492,-8.00955],[111.64927,-8.0094],[111.6492,-8.00938]],[[111.6498,-8.01172],[111.6498,-8.01182],[111.64982,-8.0118],[111.6498,-8.01172]],[[111.6516,-8.0148],[111.6516,-8.01484],[111.6516,-8.01479],[111.6516,-8.0148]]],[[[111.538,-8.00509],[111.53826,-8.00554],[111.53555,-8.00518],[111.53537,-8.00506],[111.53477,-8.00409],[111.53429,-8.00116],[111.5341,-8.00025],[111.53397,-8.0],[111.53639,-8.0],[111.53602,-8.00107],[111.53599,-8.00157],[111.53614,-8.00221],[111.53651,-8.00312],[111.53696,-8.00377],[111.53721,-8.00404],[111.538,-8.00509]]],[[[111.6435,-7.99335],[111.643,-7.99335],[111.64252,-7.99331],[111.64216,-7.99323],[111.64182,-7.99312],[111.64149,-7.99296],[111.64119,-7.99274],[111.64091,-7.99248],[111.64067,-7.99218],[111.64047,-7.99185],[111.6403,-7.9915],[111.64018,-7.99115],[111.64005,-7.99043],[111.64004,-7.99007],[111.64007,-7.98971],[111.64014,-7.98936],[111.64042,-7.9887],[111.64068,-7.98829],[111.64105,-7.98779],[111.64155,-7.98723],[111.64217,-7.9866],[111.64416,-7.98476],[111.64476,-7.98415],[111.6454,-7.98341],[111.646,-7.98263],[111.64657,-7.98181],[111.6471,-7.98095],[111.64806,-7.97909],[111.64838,-7.97855],[111.64881,-7.97793],[111.64921,-7.97743],[111.64965,-7.97697],[111.6501,-7.97657],[111.65059,-7.97622],[111.65133,-7.97583],[111.65168,-7.97571],[111.65216,-7.9756],[111.65266,-7.97555],[111.65315,-7.97555],[111.65365,-7.9756],[111.65523,-7.97588],[111.65624,-7.97598],[111.65613,-7.97621],[111.65598,-7.9767],[111.6558,-7.97712],[111.65569,-7.97753],[111.65565,-7.9778],[111.65545,-7.97824],[111.6553,-7.97871],[111.65535,-7.97968],[111.65527,-7.98003],[111.6551,-7.98043],[111.65499,-7.98059],[111.65388,-7.9814],[111.65372,-7.98154],[111.65369,-7.98166],[111.65376,-7.98223],[111.65338,-7.98336],[111.65335,-7.98357],[111.65342,-7.98378],[111.65351,-7.98448],[111.65367,-7.98499],[111.65371,-7.98551],[111.65369,-7.98584],[111.65358,-7.98614],[111.65367,-7.98644],[111.65382,-7.98659],[111.65407,-7.98675],[111.65443,-7.98727],[111.65503,-7.988],[111.65496,-7.98807],[111.65516,-7.98829],[111.65538,-7.98847],[111.65481,-7.9889],[111.65419,-7.98929],[111.65332,-7.98975],[111.65197,-7.99038],[111.64991,-7.99128],[111.64782,-7.99213],[111.64652,-7.99261],[111.64545,-7.99295],[111.6446,-7.99317],[111.64399,-7.99329],[111.6435,-7.99335]]],[[[111.66083,-7.97553],[111.66077,-7.97552],[111.66102,-7.97541],[111.661,-7.97545],[111.66083,-7.97553]]],[[[111.65564,-7.96799],[111.6549,-7.96797],[111.65454,-7.96789],[111.65419,-7.96777],[111.65374,-7.96756],[111.6532,-7.96724],[111.65267,-7.96686],[111.65217,-7.96645],[111.65174,-7.96602],[111.65143,-7.96566],[111.65125,-7.96536],[111.65111,-7.96504],[111.65078,-7.96375],[111.65066,-7.9634],[111.6505,-7.96306],[111.6503,-7.96273],[111.65006,-7.96243],[111.6498,-7.96217],[111.64884,-7.96139],[111.64859,-7.96113],[111.64836,-7.96083],[111.64817,-7.96051],[111.64801,-7.96015],[111.64831,-7.96014],[111.64837,-7.96037],[111.64878,-7.96081],[111.64977,-7.96131],[111.64986,-7.96141],[111.64986,-7.9615],[111.65026,-7.96185],[111.65076,-7.96194],[111.65099,-7.96202],[111.6514,-7.96229],[111.65149,-7.9624],[111.65175,-7.96315],[111.65216,-7.9637],[111.65237,-7.96389],[111.65285,-7.96397],[111.65302,-7.96405],[111.65319,-7.96427],[111.65317,-7.96437],[111.65367,-7.96454],[111.65436,-7.96505],[111.65487,-7.96526],[111.65582,-7.96572],[111.65692,-7.96611],[111.65777,-7.96667],[111.6582,-7.96707],[111.65755,-7.96747],[111.6571,-7.96767],[111.65662,-7.96782],[111.65613,-7.96793],[111.65564,-7.96799]]],[[[111.57486,-7.92434],[111.57535,-7.92488],[111.57664,-7.92581],[111.57818,-7.92709],[111.57898,-7.92795],[111.58067,-7.93001],[111.58188,-7.9299],[111.58244,-7.93003],[111.58296,-7.93006],[111.58459,-7.93005],[111.58544,-7.93023],[111.58635,-7.93073],[111.58699,-7.9313],[111.58803,-7.93159],[111.59005,-7.93154],[111.59112,-7.9314],[111.59245,-7.93163],[111.59246,-7.93689],[111.59308,-7.93685],[111.59323,-7.93674],[111.59332,-7.93654],[111.59335,-7.9363],[111.5933,-7.93571],[111.59331,-7.93535],[111.59339,-7.93504],[111.59367,-7.93438],[111.594,-7.93409],[111.59483,-7.93395],[111.59496,-7.93389],[111.5951,-7.93364],[111.59511,-7.93346],[111.59508,-7.93339],[111.59512,-7.93331],[111.59553,-7.93318],[111.5961,-7.9332],[111.59631,-7.93318],[111.59703,-7.93294],[111.59747,-7.93291],[111.59822,-7.93293],[111.59961,-7.93303],[111.59988,-7.93307],[111.60008,-7.93313],[111.60024,-7.93336],[111.60026,-7.93352],[111.60019,-7.93362],[111.60007,-7.93416],[111.60009,-7.93424],[111.60021,-7.93431],[111.60027,-7.93449],[111.60032,-7.93452],[111.60052,-7.93442],[111.60071,-7.93442],[111.60112,-7.93434],[111.60134,-7.93422],[111.60157,-7.93404],[111.6017,-7.93399],[111.60208,-7.93409],[111.60226,-7.9341],[111.60235,-7.93408],[111.60239,-7.934],[111.6025,-7.93397],[111.60255,-7.9339],[111.60262,-7.93388],[111.60279,-7.93371],[111.60313,-7.93369],[111.60337,-7.93374],[111.60384,-7.93399],[111.60414,-7.93436],[111.6044,-7.93458],[111.60443,-7.93472],[111.60441,-7.93491],[111.60445,-7.93505],[111.60458,-7.93517],[111.60469,-7.93567],[111.60476,-7.93571],[111.60494,-7.93577],[111.60583,-7.93593],[111.6059,-7.93599],[111.60618,-7.93582],[111.6063,-7.93561],[111.60636,-7.93538],[111.60637,-7.93515],[111.60627,-7.93473],[111.60633,-7.93465],[111.6065,-7.93463],[111.60733,-7.93527],[111.60795,-7.93594],[111.60822,-7.93609],[111.60836,-7.93608],[111.60853,-7.93614],[111.6092,-7.93583],[111.60938,-7.93577],[111.60954,-7.93567],[111.61007,-7.93573],[111.61036,-7.93567],[111.61069,-7.93571],[111.61107,-7.93594],[111.61115,-7.93644],[111.61125,-7.93681],[111.61118,-7.93712],[111.61119,-7.93722],[111.61132,-7.93728],[111.61153,-7.93719],[111.6117,-7.93705],[111.612,-7.93649],[111.61199,-7.93636],[111.61207,-7.93603],[111.61236,-7.93538],[111.61255,-7.93515],[111.61267,-7.9351],[111.61289,-7.93531],[111.61355,-7.93614],[111.61377,-7.93631],[111.61402,-7.93657],[111.61435,-7.93681],[111.61521,-7.93719],[111.61564,-7.93727],[111.61573,-7.93726],[111.61622,-7.93684],[111.61658,-7.93671],[111.61734,-7.93659],[111.61753,-7.93659],[111.61782,-7.93685],[111.61797,-7.93704],[111.61827,-7.93729],[111.61841,-7.93737],[111.61905,-7.93739],[111.6193,-7.93746],[111.61979,-7.9379],[111.6199,-7.93806],[111.62006,-7.93815],[111.62062,-7.93802],[111.62074,-7.93807],[111.62086,-7.93838],[111.62102,-7.93854],[111.62126,-7.93858],[111.62155,-7.93857],[111.62201,-7.93842],[111.62215,-7.93843],[111.62258,-7.93864],[111.62263,-7.93867],[111.62266,-7.93878],[111.62259,-7.93898],[111.62257,-7.93917],[111.62261,-7.9394],[111.62266,-7.9395],[111.62284,-7.93964],[111.62289,-7.94006],[111.623,-7.94035],[111.62317,-7.9406],[111.62337,-7.94082],[111.62359,-7.94098],[111.62397,-7.94117],[111.62438,-7.94131],[111.62497,-7.94144],[111.62557,-7.94151],[111.62554,-7.94155],[111.62554,-7.94165],[111.62555,-7.94174],[111.62562,-7.94181],[111.62565,-7.9421],[111.62575,-7.94237],[111.62584,-7.94241],[111.62586,-7.94248],[111.62592,-7.9425],[111.62596,-7.94257],[111.626,-7.9428],[111.62533,-7.94254],[111.62495,-7.94244],[111.62416,-7.94231],[111.62329,-7.94223],[111.62301,-7.94218],[111.62257,-7.94204],[111.62226,-7.94191],[111.62178,-7.94163],[111.62082,-7.94079],[111.61991,-7.94027],[111.61975,-7.94022],[111.6194,-7.94021],[111.61894,-7.9403],[111.61866,-7.94039],[111.6184,-7.94051],[111.61795,-7.94078],[111.6177,-7.94101],[111.61756,-7.94118],[111.61741,-7.94142],[111.61716,-7.94195],[111.61707,-7.94223],[111.61698,-7.94268],[111.61697,-7.94307],[111.61706,-7.94346],[111.61756,-7.94444],[111.61775,-7.94491],[111.61782,-7.94543],[111.61777,-7.94593],[111.61779,-7.94626],[111.61794,-7.94662],[111.61808,-7.94686],[111.61825,-7.94709],[111.6186,-7.94745],[111.61889,-7.9476],[111.61973,-7.94776],[111.61993,-7.94787],[111.62007,-7.94798],[111.62034,-7.94829],[111.62043,-7.94845],[111.62054,-7.94895],[111.62063,-7.94918],[111.62077,-7.94935],[111.62086,-7.94941],[111.621,-7.94941],[111.62115,-7.94934],[111.62139,-7.94907],[111.62147,-7.94886],[111.62149,-7.94869],[111.62148,-7.94835],[111.6214,-7.94806],[111.62128,-7.94787],[111.62079,-7.94747],[111.62056,-7.94721],[111.62042,-7.94688],[111.62042,-7.94665],[111.6205,-7.94645],[111.62067,-7.9463],[111.62095,-7.94618],[111.62129,-7.94615],[111.62167,-7.94621],[111.62189,-7.94628],[111.62246,-7.94657],[111.62296,-7.9469],[111.62309,-7.94702],[111.62321,-7.94721],[111.62325,-7.94755],[111.62322,-7.94772],[111.62313,-7.94793],[111.62292,-7.94818],[111.6223,-7.94862],[111.62221,-7.94875],[111.62218,-7.94885],[111.62218,-7.94907],[111.62228,-7.94936],[111.62244,-7.9496],[111.62256,-7.94971],[111.6227,-7.9498],[111.62301,-7.94991],[111.6234,-7.94995],[111.62363,-7.94993],[111.62407,-7.94983],[111.62557,-7.94921],[111.62574,-7.94926],[111.62586,-7.94954],[111.62612,-7.94965],[111.62615,-7.94971],[111.62615,-7.94987],[111.6261,-7.95016],[111.62594,-7.9502],[111.62574,-7.95002],[111.62563,-7.94998],[111.62554,-7.95],[111.62554,-7.95027],[111.62549,-7.95041],[111.62574,-7.95062],[111.62576,-7.9507],[111.62574,-7.95079],[111.62563,-7.95086],[111.62553,-7.95087],[111.6254,-7.95106],[111.62546,-7.95114],[111.62581,-7.95131],[111.62597,-7.95135],[111.62617,-7.95132],[111.62625,-7.95134],[111.62632,-7.9514],[111.62642,-7.95167],[111.62628,-7.9519],[111.62633,-7.95195],[111.62632,-7.95233],[111.62606,-7.95253],[111.62607,-7.95279],[111.62612,-7.95298],[111.62607,-7.95325],[111.62581,-7.9535],[111.62572,-7.95381],[111.62574,-7.95394],[111.62586,-7.95411],[111.6258,-7.95437],[111.62585,-7.95448],[111.62588,-7.95479],[111.62588,-7.95494],[111.62583,-7.955],[111.62589,-7.95521],[111.62605,-7.95521],[111.62614,-7.95525],[111.62618,-7.95528],[111.62619,-7.95535],[111.62636,-7.95544],[111.62642,-7.95556],[111.62643,-7.95581],[111.62656,-7.956],[111.62659,-7.95612],[111.6269,-7.95618],[111.62736,-7.95657],[111.62753,-7.95685],[111.62754,-7.95768],[111.6278,-7.95767],[111.62797,-7.95793],[111.62816,-7.95854],[111.62823,-7.95861],[111.62838,-7.95856],[111.62851,-7.95857],[111.62877,-7.95841],[111.62896,-7.95842],[111.62929,-7.9586],[111.62938,-7.95872],[111.62963,-7.95803],[111.62977,-7.95815],[111.63005,-7.95817],[111.63006,-7.95794],[111.62999,-7.95783],[111.63003,-7.95772],[111.63051,-7.95775],[111.63081,-7.9577],[111.63119,-7.95774],[111.63129,-7.9578],[111.63145,-7.95775],[111.63161,-7.95781],[111.63165,-7.95819],[111.63183,-7.95815],[111.63202,-7.95822],[111.6326,-7.95814],[111.63273,-7.95807],[111.63281,-7.95795],[111.63279,-7.95784],[111.63297,-7.95769],[111.63346,-7.95707],[111.63364,-7.95697],[111.63396,-7.95689],[111.63455,-7.95636],[111.63495,-7.95592],[111.63511,-7.95588],[111.63581,-7.95587],[111.63604,-7.95596],[111.63673,-7.95634],[111.63753,-7.95685],[111.63824,-7.95697],[111.63841,-7.95696],[111.63856,-7.9569],[111.6389,-7.95696],[111.63876,-7.9573],[111.63851,-7.95734],[111.63831,-7.95742],[111.63815,-7.95756],[111.6376,-7.95821],[111.63742,-7.95837],[111.63719,-7.9585],[111.63618,-7.95879],[111.63596,-7.95888],[111.63578,-7.959],[111.63561,-7.95927],[111.63541,-7.96021],[111.63526,-7.96069],[111.63494,-7.96134],[111.63473,-7.96162],[111.63447,-7.96187],[111.63408,-7.96217],[111.63284,-7.96298],[111.63236,-7.96334],[111.63203,-7.96367],[111.63181,-7.96394],[111.63113,-7.96507],[111.63091,-7.96539],[111.63065,-7.96568],[111.63046,-7.96583],[111.63016,-7.96597],[111.62995,-7.96599],[111.62915,-7.96589],[111.62875,-7.96595],[111.62852,-7.96605],[111.62841,-7.96621],[111.62841,-7.9664],[111.62871,-7.96713],[111.62878,-7.9674],[111.62877,-7.96766],[111.62865,-7.96802],[111.62851,-7.96823],[111.62833,-7.9684],[111.62812,-7.9685],[111.62789,-7.96854],[111.62766,-7.96851],[111.62741,-7.96844],[111.62706,-7.96827],[111.62675,-7.96806],[111.62648,-7.96782],[111.62625,-7.96755],[111.62613,-7.96734],[111.62598,-7.96689],[111.62595,-7.9664],[111.62604,-7.96592],[111.62614,-7.9657],[111.62628,-7.9655],[111.62653,-7.96522],[111.62683,-7.96499],[111.62725,-7.96472],[111.6277,-7.96451],[111.62827,-7.96429],[111.6298,-7.96384],[111.63017,-7.96369],[111.63038,-7.96356],[111.63061,-7.96331],[111.63068,-7.96309],[111.63066,-7.96272],[111.6305,-7.96239],[111.63022,-7.96216],[111.62999,-7.96205],[111.62793,-7.96147],[111.62736,-7.96136],[111.62677,-7.96131],[111.6258,-7.9613],[111.6249,-7.96132],[111.62439,-7.96137],[111.62402,-7.96145],[111.62367,-7.96157],[111.62345,-7.96168],[111.62315,-7.96189],[111.62275,-7.96229],[111.62257,-7.96202],[111.62243,-7.96162],[111.62235,-7.96153],[111.62173,-7.96106],[111.62158,-7.96083],[111.6215,-7.96047],[111.62147,-7.9601],[111.62149,-7.95923],[111.62159,-7.95868],[111.62174,-7.95839],[111.62187,-7.95824],[111.62267,-7.95765],[111.62315,-7.95703],[111.62327,-7.95694],[111.62375,-7.95676],[111.62388,-7.95667],[111.62391,-7.95658],[111.62386,-7.95642],[111.62363,-7.9561],[111.62344,-7.95592],[111.62303,-7.95566],[111.6225,-7.95549],[111.62164,-7.95531],[111.62143,-7.95531],[111.62101,-7.9554],[111.62003,-7.95578],[111.61969,-7.95581],[111.61941,-7.95576],[111.61923,-7.95565],[111.61913,-7.95547],[111.61911,-7.95532],[111.61912,-7.9546],[111.61904,-7.95445],[111.61894,-7.95441],[111.61873,-7.95441],[111.6184,-7.95452],[111.61765,-7.95498],[111.61743,-7.95507],[111.61735,-7.95505],[111.61728,-7.95498],[111.61723,-7.95479],[111.61724,-7.95445],[111.61737,-7.95409],[111.61765,-7.9536],[111.61775,-7.9533],[111.6177,-7.95297],[111.61754,-7.95238],[111.61755,-7.95166],[111.61752,-7.95146],[111.61746,-7.95137],[111.61736,-7.9513],[111.61707,-7.95125],[111.61683,-7.95127],[111.61638,-7.95138],[111.61582,-7.95165],[111.61499,-7.95219],[111.61456,-7.95241],[111.61414,-7.95251],[111.61384,-7.9525],[111.6136,-7.95241],[111.61352,-7.95228],[111.61354,-7.9521],[111.61378,-7.95144],[111.61377,-7.95115],[111.61366,-7.95089],[111.61344,-7.95072],[111.61331,-7.95066],[111.61304,-7.95063],[111.61285,-7.95067],[111.61274,-7.95075],[111.61253,-7.95099],[111.61235,-7.9507],[111.61222,-7.95041],[111.61209,-7.94992],[111.6121,-7.94973],[111.61219,-7.94936],[111.61238,-7.94904],[111.61253,-7.9489],[111.61337,-7.94834],[111.61351,-7.9482],[111.61362,-7.94805],[111.6137,-7.94787],[111.61374,-7.94766],[111.61374,-7.94745],[111.61366,-7.94704],[111.61323,-7.94626],[111.61294,-7.94563],[111.61287,-7.94535],[111.61285,-7.94507],[111.61293,-7.94471],[111.61317,-7.94437],[111.61351,-7.94411],[111.61388,-7.94397],[111.61478,-7.94381],[111.615,-7.94373],[111.61527,-7.94354],[111.61537,-7.94339],[111.61535,-7.94312],[111.61525,-7.94293],[111.61493,-7.94261],[111.61458,-7.94242],[111.61337,-7.94215],[111.61309,-7.94205],[111.61281,-7.9419],[111.61253,-7.94169],[111.61199,-7.94119],[111.61183,-7.94108],[111.61171,-7.94104],[111.61162,-7.9411],[111.61156,-7.94125],[111.61146,-7.94234],[111.6114,-7.94249],[111.61131,-7.94257],[111.61118,-7.9426],[111.61101,-7.94256],[111.60973,-7.94197],[111.60935,-7.94189],[111.60911,-7.94197],[111.60867,-7.9425],[111.6086,-7.94254],[111.60842,-7.94255],[111.60814,-7.94241],[111.60791,-7.94215],[111.60784,-7.94194],[111.60783,-7.94126],[111.6078,-7.9412],[111.60767,-7.94112],[111.60643,-7.94097],[111.605,-7.94052],[111.60471,-7.94048],[111.60433,-7.94053],[111.60338,-7.94085],[111.60308,-7.94089],[111.6027,-7.94084],[111.60252,-7.94077],[111.60221,-7.94052],[111.60209,-7.94036],[111.60201,-7.94019],[111.60186,-7.93965],[111.60177,-7.93949],[111.60164,-7.93935],[111.60129,-7.93914],[111.6009,-7.93905],[111.60061,-7.93905],[111.60033,-7.9391],[111.59909,-7.93954],[111.59881,-7.93962],[111.59843,-7.93964],[111.59815,-7.93958],[111.5976,-7.93935],[111.59725,-7.93913],[111.5965,-7.93857],[111.59624,-7.93841],[111.59597,-7.9383],[111.5954,-7.93818],[111.59461,-7.93817],[111.59411,-7.93823],[111.59352,-7.93835],[111.59294,-7.93851],[111.59247,-7.93868],[111.59166,-7.93908],[111.59112,-7.9395],[111.5907,-7.94003],[111.59029,-7.94082],[111.59006,-7.94139],[111.58987,-7.94198],[111.5896,-7.94306],[111.58949,-7.94334],[111.58923,-7.94371],[111.58906,-7.94385],[111.58888,-7.94394],[111.58871,-7.94395],[111.58854,-7.94387],[111.58838,-7.94374],[111.58778,-7.9431],[111.58673,-7.94221],[111.5864,-7.94197],[111.58615,-7.94184],[111.58579,-7.94175],[111.58515,-7.94182],[111.585,-7.9417],[111.58475,-7.9416],[111.5844,-7.94134],[111.58397,-7.94101],[111.5838,-7.94058],[111.58347,-7.94007],[111.5832,-7.93977],[111.58289,-7.93949],[111.58256,-7.93925],[111.58194,-7.93894],[111.58148,-7.93879],[111.58013,-7.93843],[111.57949,-7.93818],[111.57925,-7.93803],[111.57904,-7.93785],[111.57871,-7.93748],[111.57856,-7.93815],[111.57854,-7.93856],[111.57857,-7.93897],[111.57866,-7.93951],[111.57882,-7.94004],[111.57902,-7.94054],[111.57958,-7.94174],[111.57977,-7.94225],[111.5799,-7.94278],[111.57997,-7.94333],[111.57998,-7.94374],[111.57993,-7.94427],[111.5798,-7.94493],[111.57961,-7.94559],[111.57897,-7.94725],[111.57881,-7.94778],[111.57875,-7.94818],[111.57874,-7.94859],[111.57878,-7.949],[111.57887,-7.9494],[111.57902,-7.94978],[111.57923,-7.95013],[111.57948,-7.95046],[111.57977,-7.95076],[111.58019,-7.95112],[111.58066,-7.95144],[111.58116,-7.95171],[111.58206,-7.95213],[111.58264,-7.9525],[111.583,-7.9529],[111.5832,-7.95327],[111.58334,-7.95367],[111.58342,-7.95409],[111.58341,-7.95464],[111.58335,-7.95491],[111.58324,-7.95516],[111.58284,-7.95587],[111.58267,-7.95637],[111.58263,-7.95676],[111.58269,-7.95758],[111.5828,-7.95798],[111.58291,-7.95823],[111.58305,-7.95845],[111.58324,-7.95864],[111.58349,-7.9588],[111.58445,-7.95923],[111.58473,-7.95946],[111.5848,-7.95965],[111.58475,-7.95999],[111.58458,-7.96037],[111.58386,-7.96163],[111.58369,-7.96199],[111.58358,-7.96235],[111.58352,-7.96274],[111.58353,-7.96315],[111.5836,-7.96358],[111.58371,-7.96399],[111.58386,-7.96439],[111.58409,-7.96487],[111.58542,-7.96696],[111.58569,-7.96728],[111.58588,-7.96747],[111.5861,-7.96762],[111.58633,-7.96774],[111.5875,-7.96808],[111.58787,-7.96824],[111.58891,-7.96887],[111.58926,-7.96903],[111.58961,-7.96913],[111.59011,-7.96921],[111.59068,-7.96926],[111.59097,-7.96924],[111.59119,-7.96914],[111.59127,-7.96904],[111.59152,-7.96854],[111.59169,-7.96836],[111.5919,-7.96826],[111.59229,-7.96816],[111.59285,-7.96807],[111.59341,-7.96804],[111.59396,-7.96806],[111.59437,-7.96813],[111.59476,-7.96823],[111.59511,-7.96836],[111.59545,-7.96854],[111.59578,-7.96875],[111.59611,-7.96903],[111.59648,-7.96949],[111.59661,-7.96975],[111.59669,-7.97001],[111.59669,-7.97028],[111.59661,-7.97056],[111.59648,-7.97082],[111.59629,-7.97105],[111.59607,-7.97124],[111.59583,-7.97139],[111.59543,-7.97154],[111.59408,-7.97186],[111.59266,-7.97237],[111.59244,-7.9725],[111.59231,-7.97267],[111.59234,-7.97288],[111.59248,-7.9731],[111.5927,-7.9733],[111.59296,-7.97344],[111.5931,-7.97347],[111.59338,-7.9735],[111.5942,-7.97345],[111.59445,-7.97348],[111.59469,-7.97357],[111.59492,-7.97371],[111.5957,-7.97437],[111.59606,-7.97463],[111.59657,-7.97486],[111.59682,-7.97491],[111.59719,-7.97492],[111.59816,-7.9749],[111.59842,-7.97496],[111.59863,-7.97509],[111.59871,-7.97519],[111.59881,-7.97545],[111.59884,-7.9757],[111.60067,-7.9763],[111.60087,-7.97714],[111.60142,-7.97707],[111.60184,-7.97707],[111.60226,-7.97712],[111.60287,-7.97728],[111.60383,-7.97767],[111.60423,-7.97771],[111.60445,-7.97767],[111.60487,-7.97747],[111.60511,-7.97725],[111.60517,-7.9771],[111.60517,-7.97704],[111.60511,-7.97691],[111.60489,-7.97674],[111.60395,-7.97619],[111.60362,-7.97587],[111.60351,-7.9757],[111.60344,-7.97552],[111.60343,-7.97534],[111.60351,-7.97506],[111.60363,-7.97488],[111.60396,-7.97459],[111.60416,-7.97449],[111.60436,-7.97444],[111.60457,-7.97442],[111.605,-7.9745],[111.60538,-7.97469],[111.60568,-7.97498],[111.60615,-7.97599],[111.60634,-7.97616],[111.6065,-7.97623],[111.60669,-7.97625],[111.60689,-7.97625],[111.60732,-7.97616],[111.60787,-7.97589],[111.60817,-7.97568],[111.60844,-7.97544],[111.60864,-7.97519],[111.60881,-7.97486],[111.60883,-7.9747],[111.60879,-7.97456],[111.60859,-7.97431],[111.60795,-7.97373],[111.60767,-7.97334],[111.60749,-7.97291],[111.60745,-7.97272],[111.60747,-7.97249],[111.60756,-7.9724],[111.60762,-7.97237],[111.60788,-7.97237],[111.60845,-7.97255],[111.60878,-7.97273],[111.60907,-7.97293],[111.60949,-7.97337],[111.6097,-7.97369],[111.61038,-7.97492],[111.61056,-7.97516],[111.61092,-7.9755],[111.61127,-7.97567],[111.61147,-7.97572],[111.6119,-7.97575],[111.61232,-7.97567],[111.61253,-7.97559],[111.61273,-7.97548],[111.61307,-7.97516],[111.61332,-7.97477],[111.61341,-7.97457],[111.61345,-7.97438],[111.61343,-7.97413],[111.61335,-7.97401],[111.61313,-7.97389],[111.61293,-7.97386],[111.61248,-7.97387],[111.61224,-7.97392],[111.61159,-7.97414],[111.61142,-7.97417],[111.61129,-7.97414],[111.6112,-7.97403],[111.61113,-7.97386],[111.61097,-7.97312],[111.61085,-7.97284],[111.6106,-7.9724],[111.61036,-7.97204],[111.61015,-7.97181],[111.60983,-7.97159],[111.60966,-7.97154],[111.60878,-7.97153],[111.60845,-7.97149],[111.60813,-7.97141],[111.60776,-7.97121],[111.60757,-7.97099],[111.6075,-7.97081],[111.60749,-7.97061],[111.60754,-7.9704],[111.60765,-7.97025],[111.60781,-7.97017],[111.60842,-7.97011],[111.6086,-7.97004],[111.60872,-7.96991],[111.60882,-7.96963],[111.60881,-7.96933],[111.60874,-7.96914],[111.60847,-7.96883],[111.60785,-7.96832],[111.60757,-7.96806],[111.60723,-7.96759],[111.60707,-7.96714],[111.60705,-7.96694],[111.60707,-7.96663],[111.60714,-7.96633],[111.60728,-7.96592],[111.60772,-7.96502],[111.60799,-7.96461],[111.60824,-7.9643],[111.60848,-7.96461],[111.60871,-7.96519],[111.60882,-7.96558],[111.60896,-7.9663],[111.60908,-7.96662],[111.60915,-7.96672],[111.60937,-7.96686],[111.61022,-7.96714],[111.61048,-7.96732],[111.61063,-7.96753],[111.6107,-7.96772],[111.61086,-7.96847],[111.61101,-7.9689],[111.61117,-7.96909],[111.61135,-7.96916],[111.61171,-7.96916],[111.61194,-7.96911],[111.61275,-7.96885],[111.61307,-7.9688],[111.61332,-7.96884],[111.61351,-7.96892],[111.61408,-7.96926],[111.61442,-7.96939],[111.61472,-7.96941],[111.61487,-7.96938],[111.61514,-7.96927],[111.61536,-7.96906],[111.61544,-7.96893],[111.61556,-7.96866],[111.61559,-7.96838],[111.61545,-7.96761],[111.61544,-7.96721],[111.61556,-7.96671],[111.61567,-7.96648],[111.61583,-7.96623],[111.61598,-7.96611],[111.61614,-7.96607],[111.61636,-7.96616],[111.61688,-7.96653],[111.61717,-7.96668],[111.61764,-7.96677],[111.61792,-7.96673],[111.61805,-7.96668],[111.61815,-7.96661],[111.61831,-7.96642],[111.61864,-7.96549],[111.61886,-7.96503],[111.61904,-7.96481],[111.61915,-7.96474],[111.61926,-7.96471],[111.61943,-7.96475],[111.61955,-7.96482],[111.61982,-7.96509],[111.62004,-7.96546],[111.62017,-7.96608],[111.62023,-7.96621],[111.62032,-7.96633],[111.62055,-7.96651],[111.62089,-7.96663],[111.62109,-7.96667],[111.62158,-7.96668],[111.6218,-7.96665],[111.62211,-7.9665],[111.62256,-7.96611],[111.62281,-7.96637],[111.62308,-7.96659],[111.62397,-7.96716],[111.62424,-7.96738],[111.62448,-7.96763],[111.62461,-7.96782],[111.6247,-7.96803],[111.62475,-7.96826],[111.62477,-7.9685],[111.62475,-7.96874],[111.62466,-7.9691],[111.62452,-7.96943],[111.62433,-7.96974],[111.62404,-7.97011],[111.62338,-7.97084],[111.6231,-7.9711],[111.62267,-7.97136],[111.62242,-7.97143],[111.62215,-7.97146],[111.62188,-7.97144],[111.62162,-7.97138],[111.62141,-7.97127],[111.62128,-7.97112],[111.62124,-7.97102],[111.62127,-7.97005],[111.62121,-7.96983],[111.6211,-7.96963],[111.62095,-7.96945],[111.62072,-7.96931],[111.62046,-7.96921],[111.62019,-7.96917],[111.61983,-7.96923],[111.61965,-7.96937],[111.61948,-7.96969],[111.61921,-7.9706],[111.61906,-7.97093],[111.61873,-7.97135],[111.61842,-7.9716],[111.61821,-7.97168],[111.61801,-7.97167],[111.61792,-7.97162],[111.61744,-7.97119],[111.61721,-7.97113],[111.61683,-7.97121],[111.61659,-7.97134],[111.61638,-7.97151],[111.61623,-7.97171],[111.61604,-7.97217],[111.61595,-7.97291],[111.61596,-7.97329],[111.61603,-7.97366],[111.61642,-7.97475],[111.61651,-7.97511],[111.61654,-7.97559],[111.61649,-7.97583],[111.61637,-7.97618],[111.61619,-7.97652],[111.61553,-7.97745],[111.61534,-7.97777],[111.61524,-7.978],[111.61515,-7.97839],[111.61506,-7.97905],[111.61499,-7.97929],[111.6149,-7.9795],[111.61475,-7.97966],[111.61457,-7.97977],[111.61404,-7.98],[111.61384,-7.98013],[111.6132,-7.98085],[111.613,-7.98097],[111.61277,-7.98106],[111.61252,-7.9811],[111.61202,-7.98107],[111.61119,-7.98082],[111.61096,-7.98078],[111.61073,-7.98078],[111.61027,-7.98091],[111.60995,-7.98109],[111.60964,-7.98132],[111.60928,-7.98166],[111.60896,-7.98202],[111.6086,-7.98251],[111.60802,-7.98341],[111.60777,-7.98372],[111.60759,-7.98389],[111.60739,-7.98402],[111.60717,-7.9841],[111.60695,-7.98411],[111.60671,-7.98406],[111.60625,-7.98385],[111.60585,-7.98351],[111.6057,-7.9833],[111.6056,-7.98308],[111.60541,-7.98223],[111.60529,-7.98189],[111.60512,-7.98157],[111.60444,-7.98052],[111.60408,-7.97978],[111.60383,-7.97943],[111.60366,-7.97929],[111.60334,-7.97912],[111.60222,-7.97861],[111.602,-7.97855],[111.60179,-7.97856],[111.60158,-7.97864],[111.6014,-7.97878],[111.60124,-7.97897],[111.60114,-7.97919],[111.60109,-7.97944],[111.60112,-7.97969],[111.60119,-7.97994],[111.60131,-7.98018],[111.60154,-7.9805],[111.60229,-7.98133],[111.60252,-7.98172],[111.60259,-7.98194],[111.6027,-7.98303],[111.60277,-7.98337],[111.60301,-7.98402],[111.60321,-7.98433],[111.60351,-7.98472],[111.60493,-7.98611],[111.60534,-7.98655],[111.60574,-7.98715],[111.60589,-7.98749],[111.60599,-7.98783],[111.60603,-7.98829],[111.60599,-7.98853],[111.60568,-7.98948],[111.60562,-7.98972],[111.60559,-7.99008],[111.60561,-7.99045],[111.60577,-7.99157],[111.6058,-7.99206],[111.60579,-7.99328],[111.60582,-7.99378],[111.60591,-7.99429],[111.60603,-7.99478],[111.60619,-7.99526],[111.6064,-7.9957],[111.60671,-7.99624],[111.60713,-7.99685],[111.60752,-7.99732],[111.60786,-7.99765],[111.60815,-7.99787],[111.60846,-7.99804],[111.60889,-7.99822],[111.60947,-7.99839],[111.61031,-7.99858],[111.61111,-7.9987],[111.61115,-7.9992],[111.61112,-8.0004],[111.61121,-8.001],[111.6114,-8.00127],[111.612,-8.00145],[111.6126,-8.00095],[111.61297,-8.0004],[111.61273,-7.9998],[111.61267,-7.9992],[111.6126,-7.99895],[111.61248,-7.99871],[111.61325,-7.99857],[111.61398,-7.99838],[111.615,-7.99804],[111.61722,-7.99723],[111.61824,-7.99691],[111.61904,-7.99671],[111.61987,-7.99655],[111.62096,-7.9964],[111.62229,-7.99628],[111.62364,-7.99621],[111.62474,-7.9962],[111.62584,-7.99625],[111.6278,-7.99642],[111.62952,-7.99661],[111.63037,-7.99674],[111.63121,-7.99692],[111.63228,-7.99722],[111.63357,-7.99763],[111.63402,-7.9978],[111.63434,-7.99797],[111.63464,-7.99818],[111.63497,-7.99857],[111.63519,-7.99904],[111.63523,-7.99941],[111.63519,-7.99963],[111.63499,-8.0],[111.63446,-8.00137],[111.63385,-8.00268],[111.63341,-8.00334],[111.63268,-8.0041],[111.6306,-8.00566],[111.6302,-8.00618],[111.63002,-8.00676],[111.62999,-8.00729],[111.63007,-8.00783],[111.62988,-8.00789],[111.62932,-8.00859],[111.62859,-8.00917],[111.62763,-8.00965],[111.62685,-8.01014],[111.62592,-8.01092],[111.62588,-8.01089],[111.62508,-8.00919],[111.62484,-8.00859],[111.62457,-8.00846],[111.62436,-8.00828],[111.62422,-8.00738],[111.62404,-8.00704],[111.62376,-8.00693],[111.62318,-8.0065],[111.62286,-8.00674],[111.62252,-8.00688],[111.62178,-8.00699],[111.62132,-8.00748],[111.6194,-8.00823],[111.61858,-8.00849],[111.61818,-8.00896],[111.61744,-8.0094],[111.61705,-8.0095],[111.61552,-8.00961],[111.61515,-8.00979],[111.61494,-8.01006],[111.61437,-8.01069],[111.61355,-8.01114],[111.61296,-8.0116],[111.61252,-8.01169],[111.61177,-8.01167],[111.61138,-8.01196],[111.61082,-8.01259],[111.61006,-8.01324],[111.6097,-8.01408],[111.60861,-8.01508],[111.60801,-8.0155],[111.60736,-8.01556],[111.60662,-8.01588],[111.60637,-8.01607],[111.60642,-8.01638],[111.60652,-8.01648],[111.6067,-8.01655],[111.60689,-8.01666],[111.60704,-8.01687],[111.60713,-8.01742],[111.60719,-8.01762],[111.60708,-8.01757],[111.60624,-8.01742],[111.6057,-8.01749],[111.6052,-8.01767],[111.60492,-8.01786],[111.60467,-8.01814],[111.60459,-8.01854],[111.6047,-8.01914],[111.60449,-8.01906],[111.60387,-8.01868],[111.60346,-8.01859],[111.60286,-8.01859],[111.60201,-8.01829],[111.60185,-8.01826],[111.60156,-8.01827],[111.60096,-8.01834],[111.6005,-8.01829],[111.6003,-8.01824],[111.59969,-8.01827],[111.59918,-8.01847],[111.59838,-8.0184],[111.59786,-8.0185],[111.59732,-8.01869],[111.59713,-8.01871],[111.59702,-8.01867],[111.59646,-8.01795],[111.59625,-8.01754],[111.59562,-8.01789],[111.59514,-8.01842],[111.59498,-8.01847],[111.59487,-8.01848],[111.59485,-8.01795],[111.59521,-8.0158],[111.59546,-8.01468],[111.59572,-8.01152],[111.59597,-8.00981],[111.5964,-8.00855],[111.59684,-8.00756],[111.59741,-8.00648],[111.59791,-8.00562],[111.59794,-8.00506],[111.59787,-8.00461],[111.59777,-8.00422],[111.59749,-8.00381],[111.59717,-8.00356],[111.59663,-8.00337],[111.59588,-8.00324],[111.59509,-8.00338],[111.59467,-8.00378],[111.59427,-8.00441],[111.59324,-8.00673],[111.59234,-8.00832],[111.59167,-8.00937],[111.59095,-8.01035],[111.59045,-8.01209],[111.5903,-8.01394],[111.59044,-8.01698],[111.59029,-8.0185],[111.58995,-8.01988],[111.58928,-8.02054],[111.58764,-8.02264],[111.58668,-8.02361],[111.58598,-8.02406],[111.58527,-8.02444],[111.58462,-8.02468],[111.58496,-8.02391],[111.58526,-8.02349],[111.58643,-8.0225],[111.58684,-8.02192],[111.58707,-8.02124],[111.5871,-8.02067],[111.5871,-8.02008],[111.58702,-8.01932],[111.58685,-8.0187],[111.58634,-8.01798],[111.58579,-8.01765],[111.58482,-8.01739],[111.58306,-8.01739],[111.58141,-8.01729],[111.58095,-8.01704],[111.58075,-8.01672],[111.58075,-8.01629],[111.581,-8.01576],[111.58145,-8.01541],[111.58236,-8.01502],[111.58674,-8.01366],[111.58709,-8.01325],[111.58727,-8.01271],[111.58739,-8.01204],[111.58757,-8.01128],[111.58839,-8.00987],[111.58852,-8.00917],[111.58854,-8.00817],[111.58834,-8.00624],[111.58833,-8.0055],[111.5884,-8.00477],[111.5889,-8.00327],[111.5891,-8.00243],[111.58927,-8.00148],[111.58924,-8.0],[111.5894,-7.99911],[111.58948,-7.99883],[111.58961,-7.99856],[111.58996,-7.9981],[111.59048,-7.99769],[111.59151,-7.99709],[111.59196,-7.99686],[111.59234,-7.99671],[111.59292,-7.9966],[111.59332,-7.99658],[111.59412,-7.99666],[111.59473,-7.99679],[111.59715,-7.99746],[111.59765,-7.99756],[111.59806,-7.9976],[111.59836,-7.9976],[111.59895,-7.99748],[111.59933,-7.99734],[111.5997,-7.99716],[111.60003,-7.99695],[111.60034,-7.9967],[111.60061,-7.99642],[111.60104,-7.99585],[111.60117,-7.99557],[111.60131,-7.99509],[111.60128,-7.99462],[111.6012,-7.99434],[111.60091,-7.99371],[111.6006,-7.9932],[111.59979,-7.99206],[111.59869,-7.99061],[111.59843,-7.99017],[111.59826,-7.98981],[111.59814,-7.98943],[111.5971,-7.98962],[111.59598,-7.98962],[111.59313,-7.98932],[111.59079,-7.98851],[111.58865,-7.98912],[111.588,-7.98871],[111.58815,-7.98905],[111.58876,-7.99076],[111.58887,-7.99126],[111.58887,-7.99145],[111.58875,-7.99182],[111.58846,-7.99224],[111.58823,-7.99246],[111.58798,-7.99264],[111.58743,-7.99288],[111.58674,-7.993],[111.58634,-7.99301],[111.58594,-7.99298],[111.58553,-7.99291],[111.58475,-7.99267],[111.58407,-7.99234],[111.58379,-7.99224],[111.58349,-7.9922],[111.58318,-7.99219],[111.58268,-7.9923],[111.58231,-7.9925],[111.58201,-7.99278],[111.58182,-7.99313],[111.58173,-7.99362],[111.58176,-7.99423],[111.58195,-7.99501],[111.58213,-7.99547],[111.58304,-7.99741],[111.58347,-7.99819],[111.58508,-8.0],[111.58508,-8.0002],[111.58495,-8.00121],[111.58473,-8.00171],[111.58445,-8.00199],[111.58395,-8.00229],[111.58299,-8.00299],[111.58251,-8.00358],[111.58204,-8.00443],[111.58166,-8.00591],[111.58148,-8.00735],[111.58131,-8.00795],[111.58109,-8.0083],[111.58072,-8.00858],[111.57992,-8.00885],[111.57914,-8.00879],[111.57793,-8.00842],[111.57718,-8.00782],[111.57646,-8.00757],[111.57595,-8.00771],[111.57547,-8.00806],[111.57472,-8.00908],[111.57397,-8.00976],[111.57326,-8.01023],[111.57258,-8.01048],[111.57081,-8.01097],[111.5698,-8.01087],[111.56895,-8.01065],[111.56828,-8.01019],[111.56796,-8.0106],[111.56774,-8.01109],[111.56773,-8.01152],[111.56778,-8.012],[111.56818,-8.01265],[111.56888,-8.01309],[111.57064,-8.01354],[111.5726,-8.01393],[111.57369,-8.01427],[111.57461,-8.01475],[111.57535,-8.01545],[111.5757,-8.0159],[111.57605,-8.01646],[111.57634,-8.01711],[111.5765,-8.01785],[111.57662,-8.0189],[111.57672,-8.01933],[111.57704,-8.01975],[111.5776,-8.0201],[111.57865,-8.0204],[111.57975,-8.02065],[111.58014,-8.02096],[111.58022,-8.02128],[111.58019,-8.02161],[111.57997,-8.02185],[111.57957,-8.02201],[111.57887,-8.02223],[111.57849,-8.02245],[111.57819,-8.02302],[111.57799,-8.02383],[111.57782,-8.02482],[111.5779,-8.02602],[111.57782,-8.027],[111.57757,-8.02827],[111.57756,-8.02892],[111.57761,-8.02949],[111.57771,-8.03009],[111.57835,-8.03181],[111.57842,-8.03227],[111.57837,-8.03289],[111.5782,-8.03341],[111.57788,-8.03391],[111.57753,-8.03421],[111.57691,-8.03429],[111.57608,-8.03421],[111.57512,-8.03393],[111.57358,-8.03315],[111.57241,-8.0324],[111.57154,-8.03192],[111.5706,-8.03172],[111.56929,-8.03179],[111.56856,-8.03205],[111.56794,-8.03249],[111.56762,-8.03316],[111.56756,-8.03362],[111.56769,-8.03419],[111.56821,-8.03476],[111.56953,-8.0358],[111.57014,-8.03655],[111.57044,-8.03722],[111.57066,-8.03784],[111.57079,-8.03857],[111.57084,-8.03922],[111.57076,-8.03987],[111.57053,-8.04041],[111.57011,-8.04076],[111.56922,-8.04141],[111.56901,-8.04191],[111.56894,-8.04229],[111.56894,-8.04271],[111.56904,-8.04316],[111.56928,-8.04358],[111.56958,-8.04378],[111.57,-8.04394],[111.57058,-8.04406],[111.57114,-8.04406],[111.57167,-8.04414],[111.57165,-8.0454],[111.57158,-8.046],[111.5718,-8.0463],[111.57199,-8.046],[111.5724,-8.04557],[111.57272,-8.04475],[111.57284,-8.04492],[111.57291,-8.04572],[111.57296,-8.04701],[111.57322,-8.04778],[111.5733,-8.04792],[111.57268,-8.04823],[111.57189,-8.04837],[111.57092,-8.04834],[111.57026,-8.0484],[111.56979,-8.04867],[111.5696,-8.0487],[111.56911,-8.04872],[111.56851,-8.04892],[111.56828,-8.04891],[111.56761,-8.0488],[111.56716,-8.04869],[111.56577,-8.04796],[111.56527,-8.04796],[111.56548,-8.04767],[111.56553,-8.04715],[111.56535,-8.04685],[111.56501,-8.04652],[111.56459,-8.04625],[111.56413,-8.04612],[111.56282,-8.04616],[111.56209,-8.04651],[111.56173,-8.04676],[111.56158,-8.04707],[111.56152,-8.04746],[111.56138,-8.04793],[111.56117,-8.04823],[111.56065,-8.04841],[111.55944,-8.04845],[111.55839,-8.04856],[111.55642,-8.04905],[111.55598,-8.04922],[111.55568,-8.04917],[111.55511,-8.04919],[111.55474,-8.04902],[111.55424,-8.04893],[111.55433,-8.04838],[111.55429,-8.04834],[111.55394,-8.04823],[111.55362,-8.04794],[111.55343,-8.04729],[111.5531,-8.04681],[111.55271,-8.04634],[111.5525,-8.04622],[111.55184,-8.04614],[111.55126,-8.04566],[111.55126,-8.0452],[111.55104,-8.04461],[111.55061,-8.04391],[111.55023,-8.0437],[111.54917,-8.04278],[111.54702,-8.04184],[111.54655,-8.04206],[111.54592,-8.04179],[111.54553,-8.0413],[111.5451,-8.04123],[111.54473,-8.04127],[111.5442,-8.04141],[111.54374,-8.04127],[111.54318,-8.04081],[111.5425,-8.04189],[111.54235,-8.04195],[111.5422,-8.04184],[111.54192,-8.04183],[111.54175,-8.04158],[111.54167,-8.04156],[111.54131,-8.04199],[111.54103,-8.04203],[111.54048,-8.04221],[111.54024,-8.04212],[111.5398,-8.04225],[111.5396,-8.04207],[111.53947,-8.04208],[111.53878,-8.0425],[111.53887,-8.04218],[111.53933,-8.04136],[111.53964,-8.04106],[111.54022,-8.04074],[111.54058,-8.04026],[111.54085,-8.03893],[111.5404,-8.03757],[111.53998,-8.03677],[111.53986,-8.0366],[111.53969,-8.03646],[111.53854,-8.03685],[111.53913,-8.03557],[111.53873,-8.03527],[111.53861,-8.03507],[111.53864,-8.03472],[111.53888,-8.03435],[111.5394,-8.03411],[111.53945,-8.034],[111.54,-8.03337],[111.5404,-8.0328],[111.5406,-8.03257],[111.54078,-8.0322],[111.5407,-8.0316],[111.5406,-8.03144],[111.53962,-8.0304],[111.53943,-8.0298],[111.53938,-8.0286],[111.53898,-8.0274],[111.53893,-8.0268],[111.53894,-8.0262],[111.53899,-8.0256],[111.53882,-8.025],[111.5382,-8.02479],[111.53713,-8.02495],[111.53716,-8.02391],[111.5376,-8.02395],[111.5382,-8.02381],[111.5388,-8.02387],[111.5394,-8.02444],[111.54051,-8.025],[111.54029,-8.0256],[111.5406,-8.02597],[111.54103,-8.0262],[111.5412,-8.02649],[111.54131,-8.0268],[111.54115,-8.0274],[111.54046,-8.028],[111.54019,-8.0286],[111.54027,-8.0292],[111.54048,-8.0298],[111.54064,-8.0304],[111.54106,-8.031],[111.5412,-8.03125],[111.54133,-8.0316],[111.54136,-8.0322],[111.5412,-8.03258],[111.54046,-8.034],[111.54051,-8.0346],[111.5406,-8.03477],[111.5412,-8.03487],[111.54158,-8.0346],[111.5424,-8.03416],[111.54261,-8.034],[111.54299,-8.0334],[111.543,-8.03332],[111.54324,-8.0328],[111.543,-8.03244],[111.54291,-8.0316],[111.54279,-8.031],[111.54221,-8.0298],[111.54209,-8.0292],[111.54231,-8.0286],[111.5424,-8.02851],[111.54275,-8.028],[111.543,-8.02757],[111.54306,-8.0274],[111.54317,-8.0268],[111.543,-8.02656],[111.54193,-8.0262],[111.54193,-8.0256],[111.54198,-8.025],[111.54196,-8.0244],[111.54154,-8.0238],[111.54,-8.0228],[111.53979,-8.0226],[111.53962,-8.022],[111.53974,-8.0214],[111.54006,-8.0208],[111.5406,-8.02008],[111.54087,-8.0196],[111.5412,-8.01921],[111.5418,-8.01871],[111.5424,-8.01814],[111.5436,-8.01737],[111.54402,-8.0172],[111.5448,-8.01645],[111.54513,-8.016],[111.5454,-8.01576],[111.5457,-8.0154],[111.546,-8.01497],[111.5461,-8.0148],[111.54624,-8.0142],[111.54611,-8.0136],[111.546,-8.01334],[111.5454,-8.01315],[111.54493,-8.0136],[111.54459,-8.0142],[111.5442,-8.01445],[111.5436,-8.01435],[111.543,-8.01433],[111.5424,-8.01449],[111.54186,-8.0148],[111.5418,-8.01498],[111.5412,-8.01502],[111.5406,-8.01529],[111.53998,-8.016],[111.5394,-8.01628],[111.53887,-8.0166],[111.5388,-8.01667],[111.53864,-8.0172],[111.5386,-8.0178],[111.53866,-8.0184],[111.53862,-8.019],[111.5382,-8.01933],[111.5381,-8.01926],[111.53817,-8.01906],[111.53814,-8.01875],[111.53791,-8.01814],[111.53779,-8.01759],[111.53764,-8.01667],[111.53766,-8.01618],[111.53794,-8.01487],[111.53809,-8.01443],[111.53833,-8.01403],[111.53892,-8.01271],[111.53954,-8.01105],[111.53964,-8.01047],[111.53968,-8.01],[111.53986,-8.00946],[111.54013,-8.00903],[111.54017,-8.00881],[111.54001,-8.0072],[111.53996,-8.00702],[111.53988,-8.00689],[111.54009,-8.00659],[111.54013,-8.00619],[111.53895,-8.00377],[111.53887,-8.00315],[111.53892,-8.00279],[111.53905,-8.00242],[111.53932,-8.00197],[111.53938,-8.0007],[111.53957,-8.00018],[111.53972,-8.0],[111.53992,-7.99947],[111.54015,-7.99911],[111.54056,-7.9987],[111.5416,-7.9979],[111.54183,-7.99763],[111.54194,-7.99736],[111.54197,-7.99699],[111.5419,-7.99658],[111.54181,-7.99632],[111.54201,-7.99576],[111.54215,-7.99593],[111.54246,-7.99646],[111.54249,-7.99612],[111.54257,-7.9959],[111.5427,-7.99571],[111.543,-7.99549],[111.54338,-7.99541],[111.54362,-7.99544],[111.54383,-7.99552],[111.54403,-7.99566],[111.5443,-7.99594],[111.5447,-7.99646],[111.54487,-7.99659],[111.54507,-7.9966],[111.54518,-7.99655],[111.54548,-7.99625],[111.54566,-7.99584],[111.54568,-7.99557],[111.54563,-7.99531],[111.54543,-7.99495],[111.54522,-7.99475],[111.5445,-7.99428],[111.54435,-7.99412],[111.54431,-7.99403],[111.54433,-7.99383],[111.54456,-7.99354],[111.54477,-7.9934],[111.54502,-7.99335],[111.54515,-7.99336],[111.54591,-7.99365],[111.54613,-7.99365],[111.54651,-7.9941],[111.54687,-7.99438],[111.54707,-7.99449],[111.54741,-7.99463],[111.54768,-7.99463],[111.54784,-7.99448],[111.54795,-7.99414],[111.54795,-7.9934],[111.54812,-7.99263],[111.54815,-7.99235],[111.54817,-7.99141],[111.54822,-7.99113],[111.54832,-7.99096],[111.54858,-7.99073],[111.5487,-7.99069],[111.5488,-7.99071],[111.54886,-7.99081],[111.54897,-7.99138],[111.54908,-7.99164],[111.54933,-7.99196],[111.54954,-7.99205],[111.54974,-7.99201],[111.54987,-7.9919],[111.54989,-7.99172],[111.54982,-7.99137],[111.54988,-7.99123],[111.54996,-7.99119],[111.55016,-7.99115],[111.55061,-7.99118],[111.55067,-7.99114],[111.55071,-7.99103],[111.55068,-7.99082],[111.5506,-7.99063],[111.55034,-7.99036],[111.5499,-7.99019],[111.549,-7.99],[111.54882,-7.98995],[111.54863,-7.98984],[111.54786,-7.98889],[111.54767,-7.98852],[111.54746,-7.98797],[111.54733,-7.98779],[111.54711,-7.98767],[111.54646,-7.98756],[111.54628,-7.98746],[111.54623,-7.98727],[111.54624,-7.98678],[111.54619,-7.98658],[111.54611,-7.98648],[111.54605,-7.98644],[111.54593,-7.98647],[111.54554,-7.98677],[111.54542,-7.98681],[111.54535,-7.98666],[111.54527,-7.98616],[111.54515,-7.98588],[111.54495,-7.98572],[111.54439,-7.98555],[111.5446,-7.98509],[111.5451,-7.98445],[111.54532,-7.98452],[111.54541,-7.98452],[111.54553,-7.98447],[111.54564,-7.98433],[111.54563,-7.98421],[111.54549,-7.98392],[111.54567,-7.98351],[111.54575,-7.98315],[111.54576,-7.9829],[111.54573,-7.98253],[111.54567,-7.98226],[111.54594,-7.98215],[111.54637,-7.9821],[111.54687,-7.98221],[111.5473,-7.98241],[111.54751,-7.98226],[111.54787,-7.98214],[111.548,-7.982],[111.54804,-7.98191],[111.54807,-7.98171],[111.54804,-7.9816],[111.54774,-7.98112],[111.54778,-7.98104],[111.54803,-7.9809],[111.54807,-7.98079],[111.54779,-7.98018],[111.54765,-7.97951],[111.54753,-7.97938],[111.54726,-7.9793],[111.54707,-7.97933],[111.54675,-7.9795],[111.54658,-7.97956],[111.54632,-7.97952],[111.54618,-7.97935],[111.54596,-7.97863],[111.54621,-7.97833],[111.54685,-7.97767],[111.54715,-7.9774],[111.54747,-7.97717],[111.54769,-7.97705],[111.54805,-7.97693],[111.54843,-7.97686],[111.54881,-7.97685],[111.54932,-7.97693],[111.54964,-7.97687],[111.55004,-7.97685],[111.55053,-7.97686],[111.55088,-7.97692],[111.55122,-7.97703],[111.55174,-7.97729],[111.55206,-7.97739],[111.55294,-7.97739],[111.55349,-7.97721],[111.554,-7.97717],[111.55442,-7.97708],[111.55534,-7.97705],[111.55543,-7.97708],[111.5556,-7.97718],[111.55599,-7.97758],[111.55609,-7.97765],[111.55632,-7.97774],[111.55653,-7.97776],[111.55626,-7.9782],[111.55629,-7.9788],[111.55641,-7.9794],[111.55636,-7.98],[111.5562,-7.98038],[111.55616,-7.9806],[111.5562,-7.98184],[111.55627,-7.9824],[111.55631,-7.983],[111.55644,-7.98376],[111.55627,-7.98364],[111.55598,-7.98338],[111.55574,-7.98308],[111.55554,-7.98275],[111.55507,-7.98174],[111.55487,-7.9814],[111.55462,-7.9811],[111.55422,-7.98078],[111.55322,-7.98022],[111.55308,-7.98032],[111.55303,-7.98023],[111.55275,-7.98007],[111.55244,-7.97995],[111.55211,-7.97989],[111.55179,-7.97991],[111.55163,-7.97995],[111.55133,-7.98008],[111.55107,-7.98028],[111.55096,-7.98041],[111.55079,-7.98069],[111.5507,-7.981],[111.55068,-7.98132],[111.55073,-7.98164],[111.55114,-7.98301],[111.55117,-7.98336],[111.55112,-7.9837],[111.551,-7.98402],[111.55082,-7.98429],[111.55057,-7.98451],[111.55029,-7.98471],[111.54972,-7.98502],[111.54953,-7.98521],[111.54946,-7.98547],[111.54957,-7.98594],[111.5498,-7.98641],[111.55016,-7.98696],[111.55123,-7.98839],[111.55157,-7.98875],[111.55183,-7.98896],[111.55227,-7.98922],[111.55379,-7.9898],[111.5542,-7.99002],[111.55446,-7.99023],[111.55469,-7.99047],[111.55485,-7.99072],[111.55488,-7.99082],[111.55486,-7.99092],[111.55479,-7.991],[111.55467,-7.99105],[111.55349,-7.99124],[111.55309,-7.99135],[111.55293,-7.99144],[111.5528,-7.99156],[111.55266,-7.99185],[111.55252,-7.9927],[111.55247,-7.99283],[111.55239,-7.99293],[111.55228,-7.99299],[111.55214,-7.99302],[111.55128,-7.99302],[111.55093,-7.99304],[111.55061,-7.99311],[111.55031,-7.99325],[111.55005,-7.99344],[111.54983,-7.99369],[111.54966,-7.99399],[111.54957,-7.99434],[111.54954,-7.99529],[111.54948,-7.99542],[111.54939,-7.99553],[111.54928,-7.99558],[111.54798,-7.99589],[111.5477,-7.99603],[111.54752,-7.99623],[111.54743,-7.99649],[111.5474,-7.99678],[111.54744,-7.9971],[111.54754,-7.99739],[111.54777,-7.99781],[111.54807,-7.99819],[111.54842,-7.9985],[111.54882,-7.99874],[111.54953,-7.99909],[111.54982,-7.99929],[111.55072,-7.99919],[111.55203,-7.999],[111.55308,-7.9988],[111.55396,-7.99857],[111.5547,-7.99832],[111.55529,-7.99807],[111.55574,-7.99784],[111.55627,-7.9975],[111.55795,-7.9963],[111.55829,-7.99612],[111.55865,-7.99598],[111.55915,-7.99585],[111.55966,-7.99577],[111.56033,-7.99572],[111.56152,-7.99569],[111.56283,-7.99572],[111.56386,-7.9958],[111.56462,-7.99591],[111.56539,-7.99608],[111.56654,-7.99641],[111.57116,-7.99793],[111.57178,-7.99808],[111.57229,-7.99816],[111.57279,-7.99818],[111.57329,-7.99816],[111.57392,-7.99807],[111.57454,-7.99792],[111.57503,-7.99776],[111.57539,-7.99761],[111.57571,-7.99741],[111.57608,-7.99706],[111.57635,-7.99662],[111.57644,-7.99637],[111.57649,-7.99612],[111.57646,-7.99562],[111.57639,-7.99539],[111.57614,-7.99494],[111.57582,-7.99456],[111.57527,-7.994],[111.57474,-7.99357],[111.57441,-7.99337],[111.57394,-7.99316],[111.57332,-7.99294],[111.57146,-7.99241],[111.571,-7.99222],[111.57065,-7.99203],[111.57022,-7.99174],[111.56982,-7.99139],[111.56945,-7.99102],[111.56912,-7.99061],[111.56877,-7.99007],[111.5684,-7.98938],[111.56803,-7.98863],[111.56789,-7.98825],[111.56779,-7.98786],[111.56777,-7.9876],[111.56779,-7.98734],[111.56787,-7.98708],[111.56809,-7.98658],[111.56819,-7.98621],[111.56816,-7.98596],[111.56795,-7.98562],[111.56775,-7.98545],[111.56751,-7.98532],[111.56726,-7.98524],[111.56633,-7.98509],[111.56608,-7.98502],[111.56565,-7.98478],[111.56537,-7.98452],[111.56512,-7.98421],[111.56483,-7.98377],[111.56426,-7.98274],[111.56405,-7.98243],[111.56379,-7.98217],[111.56349,-7.98195],[111.56316,-7.98177],[111.56281,-7.98163],[111.56243,-7.98155],[111.56205,-7.98151],[111.5617,-7.98154],[111.56168,-7.98035],[111.56281,-7.9795],[111.56366,-7.97892],[111.56437,-7.97837],[111.5647,-7.97823],[111.56487,-7.97822],[111.56505,-7.97826],[111.56538,-7.97844],[111.56571,-7.97877],[111.56587,-7.979],[111.56643,-7.98008],[111.56652,-7.98052],[111.56652,-7.98133],[111.56664,-7.98165],[111.56696,-7.98209],[111.5678,-7.98296],[111.568,-7.98326],[111.56817,-7.98359],[111.5683,-7.98393],[111.56867,-7.98515],[111.56883,-7.98549],[111.56918,-7.98604],[111.56904,-7.98685],[111.56904,-7.98713],[111.56913,-7.9876],[111.56932,-7.98793],[111.56958,-7.9882],[111.56973,-7.98829],[111.56989,-7.98833],[111.57005,-7.98833],[111.57036,-7.9882],[111.57098,-7.98768],[111.57129,-7.98818],[111.57191,-7.98938],[111.57212,-7.98969],[111.57237,-7.98997],[111.57272,-7.99031],[111.57349,-7.99088],[111.57611,-7.99222],[111.57662,-7.99238],[111.57691,-7.9924],[111.57699,-7.99331],[111.5771,-7.99364],[111.5772,-7.99378],[111.57748,-7.99399],[111.57766,-7.99405],[111.57826,-7.9941],[111.57843,-7.99413],[111.57855,-7.99421],[111.57861,-7.99438],[111.5786,-7.99458],[111.57855,-7.99479],[111.57846,-7.99496],[111.57834,-7.9951],[111.57814,-7.99527],[111.57753,-7.9957],[111.57732,-7.99589],[111.57691,-7.99642],[111.57658,-7.99709],[111.57644,-7.99754],[111.57625,-7.99847],[111.57622,-7.99886],[111.57627,-7.99942],[111.57645,-7.99996],[111.57666,-8.0],[111.57718,-8.0],[111.57678,-8.00052],[111.57586,-8.00192],[111.5754,-8.00297],[111.57508,-8.00379],[111.57463,-8.00447],[111.57309,-8.00534],[111.57245,-8.00591],[111.57128,-8.0067],[111.56971,-8.00747],[111.56861,-8.00817],[111.56812,-8.00875],[111.56803,-8.009],[111.56831,-8.00902],[111.56846,-8.00908],[111.56875,-8.00924],[111.56951,-8.00976],[111.56978,-8.00987],[111.57009,-8.00992],[111.57041,-8.00992],[111.5709,-8.00984],[111.57138,-8.0097],[111.57168,-8.00956],[111.57195,-8.00938],[111.57217,-8.0092],[111.57236,-8.00898],[111.5725,-8.00873],[111.57276,-8.008],[111.5729,-8.00774],[111.57311,-8.00755],[111.57336,-8.00744],[111.5735,-8.00742],[111.5742,-8.00739],[111.57462,-8.00727],[111.57513,-8.00708],[111.57607,-8.0066],[111.57649,-8.00644],[111.57799,-8.00605],[111.57842,-8.00587],[111.57882,-8.00563],[111.57921,-8.00535],[111.57968,-8.00493],[111.58012,-8.00445],[111.58052,-8.00391],[111.58085,-8.00335],[111.58106,-8.0029],[111.58122,-8.00244],[111.58133,-8.00196],[111.58141,-8.0013],[111.58145,-8.00031],[111.5814,-7.99862],[111.58141,-7.99674],[111.58136,-7.9961],[111.58108,-7.99432],[111.58103,-7.99368],[111.58106,-7.9932],[111.58116,-7.99274],[111.58167,-7.99118],[111.58174,-7.99105],[111.58198,-7.99084],[111.58229,-7.99071],[111.58262,-7.99065],[111.58294,-7.99069],[111.58307,-7.99074],[111.58371,-7.99113],[111.58405,-7.99122],[111.58442,-7.99125],[111.58482,-7.99122],[111.58519,-7.99113],[111.58553,-7.99099],[111.58581,-7.99081],[111.58591,-7.99071],[111.58603,-7.99047],[111.58602,-7.9902],[111.5858,-7.98956],[111.58571,-7.9892],[111.58569,-7.98884],[111.58577,-7.98835],[111.58592,-7.9881],[111.58603,-7.98801],[111.5863,-7.98792],[111.5868,-7.98793],[111.58713,-7.98801],[111.58774,-7.98823],[111.58803,-7.98829],[111.58833,-7.98825],[111.5886,-7.9881],[111.58894,-7.98773],[111.58915,-7.98725],[111.58917,-7.98708],[111.58917,-7.98637],[111.58921,-7.98623],[111.58938,-7.98598],[111.58963,-7.98576],[111.58993,-7.98558],[111.59028,-7.98544],[111.59082,-7.9853],[111.59131,-7.98526],[111.5921,-7.98528],[111.59263,-7.98526],[111.59312,-7.98513],[111.59337,-7.98495],[111.59351,-7.9847],[111.59358,-7.9844],[111.59359,-7.98408],[111.59356,-7.9838],[111.59348,-7.98354],[111.59334,-7.9833],[111.59296,-7.98283],[111.59279,-7.98257],[111.59267,-7.98227],[111.59261,-7.98194],[111.5926,-7.98162],[111.59271,-7.98063],[111.5927,-7.98031],[111.59257,-7.97964],[111.59254,-7.97916],[111.59262,-7.97888],[111.59277,-7.97861],[111.5937,-7.97735],[111.59401,-7.97702],[111.59437,-7.97673],[111.59464,-7.97659],[111.59473,-7.97648],[111.59497,-7.9761],[111.59509,-7.97584],[111.59516,-7.97557],[111.59518,-7.97532],[111.59513,-7.97507],[111.59501,-7.97484],[111.59483,-7.97463],[111.59461,-7.97444],[111.59422,-7.9742],[111.59381,-7.97403],[111.5934,-7.97393],[111.59299,-7.97388],[111.5926,-7.9739],[111.59221,-7.97398],[111.59183,-7.97413],[111.59071,-7.97473],[111.59033,-7.97488],[111.58994,-7.97498],[111.58954,-7.97502],[111.58902,-7.97496],[111.58877,-7.97487],[111.58841,-7.97468],[111.58808,-7.97443],[111.58779,-7.97412],[111.58748,-7.97362],[111.58731,-7.97306],[111.5873,-7.9728],[111.58736,-7.97257],[111.58752,-7.97238],[111.58789,-7.9722],[111.5889,-7.97203],[111.58916,-7.97196],[111.58971,-7.97168],[111.5902,-7.97128],[111.59037,-7.97107],[111.59049,-7.97075],[111.59044,-7.97055],[111.59029,-7.97038],[111.59007,-7.97023],[111.58978,-7.97011],[111.58931,-7.96997],[111.58885,-7.96991],[111.58841,-7.9699],[111.5872,-7.96997],[111.58681,-7.96994],[111.58643,-7.96986],[111.58606,-7.96972],[111.58557,-7.96948],[111.5851,-7.96918],[111.58467,-7.96883],[111.58428,-7.96844],[111.58385,-7.9679],[111.58279,-7.96644],[111.58233,-7.9659],[111.58164,-7.96517],[111.58139,-7.96484],[111.58126,-7.96461],[111.58116,-7.96437],[111.58111,-7.96412],[111.58108,-7.96372],[111.58112,-7.96316],[111.58133,-7.96173],[111.58139,-7.9609],[111.58143,-7.95871],[111.5814,-7.95746],[111.58133,-7.95651],[111.58123,-7.95584],[111.58111,-7.95531],[111.58093,-7.95476],[111.58071,-7.95424],[111.5805,-7.95386],[111.58026,-7.95351],[111.57999,-7.95319],[111.57957,-7.95281],[111.57845,-7.95195],[111.57814,-7.95168],[111.57786,-7.95137],[111.57762,-7.95103],[111.57735,-7.95053],[111.57707,-7.94986],[111.57689,-7.9493],[111.57682,-7.94889],[111.57683,-7.94835],[111.57689,-7.9481],[111.57704,-7.94774],[111.57724,-7.9474],[111.57758,-7.94696],[111.57861,-7.94578],[111.57893,-7.94533],[111.57913,-7.94498],[111.57927,-7.94461],[111.57934,-7.94423],[111.57935,-7.94383],[111.5793,-7.94342],[111.57921,-7.94303],[111.57907,-7.94263],[111.57883,-7.94213],[111.57823,-7.94105],[111.57757,-7.93971],[111.5771,-7.93886],[111.57694,-7.93838],[111.57693,-7.93813],[111.57698,-7.93788],[111.57708,-7.93763],[111.5773,-7.93727],[111.57756,-7.93694],[111.57796,-7.93653],[111.57773,-7.9364],[111.57749,-7.93641],[111.57716,-7.93661],[111.57693,-7.93684],[111.57664,-7.93719],[111.5762,-7.93788],[111.57604,-7.93824],[111.57588,-7.93877],[111.5749,-7.93859],[111.57467,-7.93859],[111.57437,-7.93866],[111.57411,-7.93882],[111.57393,-7.93899],[111.57327,-7.93982],[111.573,-7.94004],[111.57274,-7.94012],[111.57229,-7.9401],[111.57171,-7.93993],[111.57087,-7.9396],[111.57059,-7.93957],[111.57048,-7.93961],[111.57038,-7.9397],[111.57025,-7.93997],[111.56989,-7.94104],[111.56975,-7.94131],[111.5695,-7.94167],[111.56915,-7.94192],[111.56795,-7.94235],[111.56766,-7.94248],[111.56714,-7.94282],[111.56684,-7.94307],[111.56658,-7.94334],[111.56616,-7.94391],[111.56596,-7.94427],[111.56562,-7.94502],[111.56549,-7.94521],[111.56529,-7.94539],[111.56517,-7.94543],[111.56481,-7.94544],[111.56406,-7.94534],[111.56379,-7.94534],[111.56336,-7.94542],[111.56272,-7.94566],[111.56244,-7.94569],[111.56227,-7.9456],[111.56209,-7.94536],[111.562,-7.94504],[111.56201,-7.94471],[111.56206,-7.94457],[111.56222,-7.94438],[111.56251,-7.94422],[111.56299,-7.94409],[111.56398,-7.94399],[111.56442,-7.94382],[111.56481,-7.94357],[111.56557,-7.94283],[111.56588,-7.94246],[111.56648,-7.94153],[111.56662,-7.94136],[111.56685,-7.94118],[111.56781,-7.94081],[111.56802,-7.94069],[111.56837,-7.94036],[111.56896,-7.93958],[111.56926,-7.93936],[111.56954,-7.93927],[111.57033,-7.93917],[111.57048,-7.93911],[111.57069,-7.93894],[111.57094,-7.93886],[111.57117,-7.9389],[111.57176,-7.93875],[111.57196,-7.93864],[111.57215,-7.93801],[111.57252,-7.93756],[111.57259,-7.93736],[111.57248,-7.93721],[111.57229,-7.93705],[111.57172,-7.93689],[111.57133,-7.937],[111.57083,-7.93687],[111.5705,-7.93689],[111.57015,-7.93701],[111.56997,-7.93691],[111.56965,-7.93696],[111.56939,-7.93723],[111.56892,-7.93752],[111.56864,-7.93766],[111.56853,-7.9376],[111.5685,-7.93783],[111.56842,-7.93804],[111.56833,-7.93814],[111.56808,-7.93828],[111.56768,-7.93835],[111.56744,-7.93834],[111.56649,-7.93817],[111.56628,-7.93816],[111.56606,-7.93818],[111.56562,-7.93832],[111.56508,-7.93862],[111.5646,-7.93901],[111.56439,-7.93926],[111.56415,-7.93964],[111.56381,-7.94062],[111.56371,-7.94081],[111.56351,-7.94103],[111.56339,-7.94113],[111.56295,-7.94131],[111.56265,-7.94134],[111.56243,-7.9413],[111.56136,-7.94091],[111.56114,-7.94087],[111.56068,-7.94088],[111.56022,-7.941],[111.56001,-7.9411],[111.55923,-7.94169],[111.55907,-7.94155],[111.55862,-7.94128],[111.55828,-7.94116],[111.55791,-7.9411],[111.5577,-7.9411],[111.5586,-7.9406],[111.55882,-7.94039],[111.55889,-7.94026],[111.55894,-7.94011],[111.55895,-7.93987],[111.55878,-7.93938],[111.55897,-7.93935],[111.55872,-7.93921],[111.55873,-7.939],[111.55887,-7.93889],[111.5598,-7.93866],[111.56036,-7.93846],[111.56139,-7.93785],[111.56195,-7.9374],[111.56278,-7.93713],[111.56413,-7.93694],[111.56475,-7.93673],[111.56522,-7.93652],[111.56542,-7.93641],[111.5657,-7.93616],[111.56618,-7.93538],[111.56629,-7.93529],[111.56656,-7.93515],[111.56686,-7.9351],[111.56708,-7.93511],[111.56814,-7.93539],[111.56864,-7.93545],[111.56908,-7.93538],[111.56933,-7.93528],[111.56955,-7.93512],[111.56975,-7.9351],[111.56995,-7.93521],[111.57048,-7.93564],[111.57068,-7.93568],[111.57088,-7.93561],[111.57114,-7.93538],[111.57157,-7.93474],[111.57168,-7.93465],[111.57173,-7.9347],[111.57185,-7.93509],[111.57202,-7.93526],[111.57216,-7.93532],[111.57241,-7.93533],[111.57272,-7.93525],[111.57304,-7.935],[111.5732,-7.93481],[111.57375,-7.93403],[111.57395,-7.9338],[111.5743,-7.93351],[111.57472,-7.93337],[111.57566,-7.93319],[111.57596,-7.9331],[111.57618,-7.93301],[111.57656,-7.93276],[111.57706,-7.93226],[111.57802,-7.93111],[111.57911,-7.93018],[111.57922,-7.93006],[111.57931,-7.92993],[111.57935,-7.92978],[111.57932,-7.92956],[111.57924,-7.92944],[111.57905,-7.92937],[111.57829,-7.92944],[111.57813,-7.92942],[111.57785,-7.92929],[111.5774,-7.92895],[111.57727,-7.92889],[111.57698,-7.92885],[111.57675,-7.92886],[111.57581,-7.92908],[111.5756,-7.92906],[111.57526,-7.92924],[111.57479,-7.92938],[111.57459,-7.92939],[111.57396,-7.92933],[111.57369,-7.92939],[111.57348,-7.92956],[111.57311,-7.93007],[111.57297,-7.93022],[111.57265,-7.93041],[111.57209,-7.93056],[111.57148,-7.93059],[111.57119,-7.93054],[111.57083,-7.9304],[111.57026,-7.93009],[111.56988,-7.93005],[111.56958,-7.93009],[111.56929,-7.93017],[111.56875,-7.93044],[111.56851,-7.93061],[111.56794,-7.93112],[111.56762,-7.93131],[111.56744,-7.93136],[111.56655,-7.93146],[111.56607,-7.93154],[111.56476,-7.93184],[111.56372,-7.93212],[111.56295,-7.93244],[111.56275,-7.9325],[111.56247,-7.93252],[111.56221,-7.93245],[111.56161,-7.93216],[111.56143,-7.93213],[111.56084,-7.93216],[111.56064,-7.93213],[111.56044,-7.93207],[111.56009,-7.93187],[111.55983,-7.93157],[111.55936,-7.93071],[111.55912,-7.93031],[111.55889,-7.93003],[111.55806,-7.92923],[111.55788,-7.929],[111.55771,-7.92865],[111.55761,-7.92855],[111.55726,-7.92812],[111.55681,-7.92776],[111.55634,-7.92755],[111.55604,-7.92751],[111.55576,-7.92759],[111.55532,-7.9278],[111.55505,-7.92785],[111.55468,-7.92774],[111.55411,-7.92745],[111.55384,-7.92735],[111.55356,-7.92729],[111.55316,-7.92729],[111.55318,-7.92727],[111.55343,-7.92704],[111.55374,-7.92687],[111.55498,-7.92638],[111.5551,-7.92662],[111.55514,-7.92686],[111.55524,-7.92707],[111.55539,-7.92714],[111.55578,-7.92713],[111.55601,-7.92704],[111.55617,-7.92693],[111.55643,-7.9267],[111.55665,-7.92628],[111.55681,-7.92605],[111.5569,-7.92596],[111.5573,-7.9258],[111.5575,-7.92562],[111.55762,-7.92556],[111.55775,-7.92557],[111.55805,-7.92569],[111.55832,-7.92567],[111.55848,-7.92553],[111.55867,-7.92518],[111.55902,-7.92495],[111.55921,-7.92494],[111.55941,-7.92497],[111.55983,-7.92515],[111.56026,-7.92547],[111.56062,-7.92568],[111.56105,-7.92572],[111.56123,-7.92567],[111.56143,-7.92548],[111.56164,-7.92519],[111.56195,-7.92519],[111.56225,-7.92528],[111.56236,-7.92529],[111.56282,-7.92514],[111.56299,-7.92498],[111.56311,-7.92474],[111.56325,-7.92464],[111.56344,-7.92458],[111.56378,-7.92452],[111.56386,-7.92447],[111.56413,-7.92407],[111.56426,-7.92397],[111.56443,-7.92398],[111.56478,-7.92413],[111.56498,-7.92417],[111.56504,-7.92413],[111.5651,-7.924],[111.56501,-7.92378],[111.56516,-7.9237],[111.56558,-7.92379],[111.56579,-7.92365],[111.56609,-7.92366],[111.56634,-7.92352],[111.56648,-7.92352],[111.56658,-7.92359],[111.56663,-7.92367],[111.56671,-7.92396],[111.56687,-7.92409],[111.56731,-7.92422],[111.56751,-7.92413],[111.56761,-7.92413],[111.56812,-7.9244],[111.56796,-7.92409],[111.56771,-7.92389],[111.5677,-7.92378],[111.56773,-7.92371],[111.56782,-7.92361],[111.56825,-7.92332],[111.56851,-7.92281],[111.56866,-7.92265],[111.5689,-7.92246],[111.56988,-7.92188],[111.57031,-7.92177],[111.57053,-7.92152],[111.57058,-7.92139],[111.57095,-7.92101],[111.57099,-7.92078],[111.57096,-7.9207],[111.57056,-7.92008],[111.57048,-7.91988],[111.57049,-7.91977],[111.5707,-7.91931],[111.57066,-7.91906],[111.57082,-7.91877],[111.57091,-7.91871],[111.57128,-7.91858],[111.57154,-7.91843],[111.57175,-7.9184],[111.57185,-7.91841],[111.57194,-7.91854],[111.57208,-7.91897],[111.57179,-7.91909],[111.57154,-7.91925],[111.57156,-7.91971],[111.57173,-7.92009],[111.57203,-7.92103],[111.57242,-7.9218],[111.57285,-7.92236],[111.57486,-7.92434]],[[111.56298,-7.9412],[111.56255,-7.94128],[111.56277,-7.94126],[111.56298,-7.9412],[111.56315,-7.9411],[111.56331,-7.94097],[111.56298,-7.9412]],[[111.5623,-7.94123],[111.56215,-7.94114],[111.56223,-7.9412],[111.5623,-7.94123]],[[111.59374,-7.9374],[111.594,-7.9377],[111.5946,-7.93781],[111.5952,-7.93743],[111.59535,-7.9368],[111.5952,-7.9365],[111.5946,-7.93644],[111.59402,-7.9368],[111.59374,-7.9374]],[[111.55882,-8.01],[111.55875,-8.0088],[111.55866,-8.0082],[111.5586,-8.00804],[111.55827,-8.0076],[111.5579,-8.007],[111.558,-8.00672],[111.55806,-8.0064],[111.5586,-8.00561],[111.5592,-8.00557],[111.5598,-8.00584],[111.5604,-8.00632],[111.56056,-8.0064],[111.561,-8.00657],[111.5616,-8.00673],[111.56197,-8.0064],[111.5616,-8.00602],[111.56147,-8.0058],[111.56092,-8.0046],[111.5604,-8.00426],[111.5598,-8.00408],[111.5592,-8.00413],[111.55782,-8.0052],[111.5574,-8.00556],[111.55726,-8.0058],[111.5571,-8.0064],[111.55717,-8.007],[111.55731,-8.0076],[111.55727,-8.0082],[111.55702,-8.0088],[111.5568,-8.00918],[111.55672,-8.0094],[111.55672,-8.01],[111.5568,-8.01023],[111.55702,-8.0112],[111.5568,-8.01226],[111.55674,-8.0124],[111.5568,-8.0127],[111.55734,-8.01291],[111.55709,-8.0142],[111.55697,-8.01549],[111.55694,-8.01641],[111.55697,-8.01727],[111.55709,-8.01807],[111.55741,-8.01867],[111.55817,-8.01929],[111.56224,-8.02182],[111.56381,-8.0226],[111.56441,-8.02273],[111.56498,-8.02282],[111.56548,-8.02273],[111.56582,-8.02253],[111.56597,-8.02222],[111.56605,-8.02188],[111.56595,-8.02157],[111.5656,-8.02127],[111.56486,-8.02092],[111.56419,-8.02048],[111.56367,-8.02008],[111.56345,-8.01958],[111.56349,-8.01908],[111.56375,-8.01847],[111.56427,-8.01776],[111.5646,-8.01793],[111.56487,-8.0184],[111.56506,-8.019],[111.5652,-8.01928],[111.56578,-8.0184],[111.56563,-8.0172],[111.5652,-8.01651],[111.56502,-8.01649],[111.56524,-8.01589],[111.56526,-8.01549],[111.56515,-8.01484],[111.56462,-8.01383],[111.56249,-8.01191],[111.56142,-8.01108],[111.56073,-8.01085],[111.55999,-8.01073],[111.55914,-8.0109],[111.55897,-8.01098],[111.55895,-8.0106],[111.55882,-8.01]],[[111.5646,-8.02016],[111.5646,-8.02021],[111.5648,-8.0202],[111.5646,-8.02016]],[[111.5652,-8.02092],[111.5658,-8.02095],[111.56596,-8.0208],[111.5658,-8.02056],[111.5652,-8.02025],[111.56497,-8.0208],[111.5652,-8.02092]],[[111.54579,-8.0112],[111.54546,-8.01],[111.5454,-8.00995],[111.5448,-8.00985],[111.54467,-8.01],[111.54451,-8.0106],[111.54423,-8.0112],[111.54417,-8.0118],[111.5442,-8.01191],[111.5448,-8.01228],[111.5454,-8.01213],[111.54566,-8.0118],[111.54579,-8.0112]],[[111.54767,-8.0106],[111.5478,-8.01061],[111.5484,-8.01034],[111.54894,-8.01],[111.54936,-8.0094],[111.54948,-8.0088],[111.5496,-8.00857],[111.54989,-8.0082],[111.5502,-8.008],[111.5508,-8.00753],[111.552,-8.00705],[111.55261,-8.0064],[111.55335,-8.0058],[111.55402,-8.0052],[111.55449,-8.0046],[111.55463,-8.004],[111.55459,-8.0028],[111.5544,-8.00263],[111.55359,-8.0028],[111.5538,-8.00289],[111.5541,-8.0034],[111.55379,-8.004],[111.5532,-8.00454],[111.5526,-8.0048],[111.552,-8.00489],[111.5508,-8.00468],[111.5502,-8.00455],[111.54983,-8.0052],[111.5496,-8.0055],[111.549,-8.00576],[111.5484,-8.00583],[111.54786,-8.0064],[111.54798,-8.007],[111.54772,-8.0076],[111.5472,-8.0084],[111.54679,-8.0088],[111.5466,-8.0094],[111.54685,-8.01],[111.5472,-8.01043],[111.54767,-8.0106]],[[111.5628,-8.00393],[111.5634,-8.00432],[111.56364,-8.0046],[111.5639,-8.0052],[111.564,-8.00535],[111.5646,-8.00569],[111.56504,-8.0052],[111.56438,-8.0046],[111.56402,-8.004],[111.56379,-8.0034],[111.56376,-8.0028],[111.56388,-8.0022],[111.564,-8.00203],[111.56444,-8.0016],[111.5648,-8.001],[111.56497,-7.9998],[111.5646,-7.99925],[111.564,-7.99923],[111.5634,-7.99967],[111.5628,-8.00033],[111.56242,-8.001],[111.56246,-8.0016],[111.56242,-8.0022],[111.56227,-8.0028],[111.56218,-8.0034],[111.5622,-8.00348],[111.5628,-8.00393]],[[111.562,-8.007],[111.5622,-8.0071],[111.56266,-8.007],[111.5622,-8.00676],[111.562,-8.007]],[[111.5646,-8.00771],[111.564,-8.00779],[111.5634,-8.00779],[111.56303,-8.0082],[111.5634,-8.00833],[111.564,-8.00845],[111.5646,-8.00846],[111.5652,-8.00835],[111.56559,-8.0082],[111.56571,-8.0076],[111.5652,-8.00753],[111.5646,-8.00771]],[[111.5586,-7.99829],[111.5592,-7.99813],[111.55945,-7.998],[111.5598,-7.99757],[111.55986,-7.9974],[111.55988,-7.9968],[111.5598,-7.99658],[111.558,-7.99711],[111.5574,-7.99725],[111.5568,-7.9973],[111.55667,-7.9974],[111.55655,-7.998],[111.55636,-7.9986],[111.5568,-7.99883],[111.5574,-7.99874],[111.55788,-7.9986],[111.5586,-7.99829]],[[111.54392,-8.0328],[111.5442,-8.03316],[111.54461,-8.0328],[111.54476,-8.0322],[111.54433,-8.0316],[111.5442,-8.03156],[111.54392,-8.0328]],[[111.54452,-8.0352],[111.5448,-8.0354],[111.54533,-8.0352],[111.5448,-8.03499],[111.54452,-8.0352]],[[111.56925,-8.0394],[111.5694,-8.0398],[111.56962,-8.0394],[111.56958,-8.0388],[111.5694,-8.03859],[111.56927,-8.0388],[111.56925,-8.0394]],[[111.5568,-8.04634],[111.5574,-8.0464],[111.558,-8.04627],[111.55844,-8.046],[111.558,-8.04565],[111.5574,-8.04552],[111.5568,-8.0457],[111.55624,-8.046],[111.5568,-8.04634]],[[111.5706,-8.04668],[111.5712,-8.04671],[111.57148,-8.0466],[111.5712,-8.04639],[111.57049,-8.0466],[111.5706,-8.04668]],[[111.59638,-7.9998],[111.5964,-7.99983],[111.5965,-7.9998],[111.5964,-7.99972],[111.59638,-7.9998]],[[111.61122,-8.004],[111.6114,-8.00425],[111.61167,-8.004],[111.6114,-8.00338],[111.61131,-8.0034],[111.61122,-8.004]],[[111.60118,-8.0076],[111.6012,-8.0082],[111.60125,-8.0076],[111.6012,-8.00756],[111.60118,-8.0076]],[[111.60056,-8.0088],[111.6006,-8.00912],[111.60074,-8.0088],[111.6006,-8.00863],[111.60056,-8.0088]],[[111.6276,-7.9596],[111.6276,-7.9596],[111.62762,-7.9596],[111.6276,-7.9596]],[[111.627,-7.96018],[111.627,-7.96021],[111.6271,-7.9602],[111.627,-7.96018]]]]}},{"type":"Feature","properties":{"tahun":2016,"zona":"003","namobj":"Zona Kerentanan Gerakan Tanah Menengah","remark":"Menengah","klsgtn":4,"_cls":"Zona Kerentanan Gerakan Tanah Menengah"},"geometry":{"type":"Polygon","coordinates":[[[111.57423,-7.94559],[111.57425,-7.94676],[111.57402,-7.94664],[111.57382,-7.94644],[111.57378,-7.94626],[111.57384,-7.94597],[111.57395,-7.94573],[111.57409,-7.9455],[111.57441,-7.94511],[111.57427,-7.94539],[111.57423,-7.94559]]]}},{"type":"Feature","properties":{"tahun":2016,"zona":"003","namobj":"Zona Kerentanan Gerakan Tanah Menengah","remark":"Menengah","klsgtn":4,"_cls":"Zona Kerentanan Gerakan Tanah Menengah"},"geometry":{"type":"Polygon","coordinates":[[[111.65653,-7.99016],[111.65558,-7.99081],[111.65586,-7.99147],[111.65606,-7.99212],[111.65626,-7.99358],[111.65621,-7.99485],[111.65631,-7.99635],[111.65621,-7.99677],[111.6554,-7.99683],[111.65495,-7.99677],[111.65476,-7.99668],[111.65458,-7.99655],[111.65443,-7.99638],[111.65419,-7.99596],[111.65408,-7.99551],[111.65407,-7.99529],[111.65411,-7.99495],[111.6542,-7.99462],[111.65437,-7.9942],[111.65478,-7.99337],[111.65491,-7.99304],[111.65498,-7.9927],[111.655,-7.99234],[111.65496,-7.99199],[111.65472,-7.99111],[111.65469,-7.99088],[111.65475,-7.99044],[111.65483,-7.99023],[111.65496,-7.99004],[111.65512,-7.98988],[111.65546,-7.98971],[111.65572,-7.98966],[111.65609,-7.98966],[111.65629,-7.98972],[111.65637,-7.98978],[111.65648,-7.98992],[111.65653,-7.99016]]]}},{"type":"Feature","properties":{"tahun":2016,"zona":"002","namobj":"Zona Kerentanan Gerakan Tanah Rendah","remark":"Rendah","klsgtn":3,"_cls":"Zona Kerentanan Gerakan Tanah Rendah"},"geometry":{"type":"MultiPolygon","coordinates":[[[[111.56298,-7.9412],[111.56277,-7.94126],[111.56255,-7.94128],[111.56298,-7.9412]]],[[[111.56215,-7.94114],[111.5623,-7.94123],[111.56223,-7.9412],[111.56215,-7.94114]]],[[[111.56298,-7.9412],[111.56331,-7.94097],[111.56315,-7.9411],[111.56298,-7.9412]]],[[[111.53935,-7.9359],[111.53974,-7.93639],[111.53897,-7.93665],[111.53817,-7.93696],[111.53629,-7.93781],[111.53533,-7.93818],[111.53454,-7.93845],[111.53406,-7.93858],[111.53349,-7.93863],[111.53329,-7.93859],[111.53312,-7.93852],[111.53313,-7.93844],[111.53321,-7.93838],[111.53363,-7.93838],[111.53376,-7.93828],[111.53388,-7.93812],[111.53399,-7.93773],[111.53413,-7.93748],[111.5342,-7.93722],[111.53429,-7.9371],[111.53448,-7.93696],[111.53465,-7.93693],[111.53471,-7.93696],[111.53485,-7.93724],[111.53507,-7.93746],[111.5352,-7.93743],[111.53537,-7.93727],[111.53541,-7.93718],[111.53548,-7.93716],[111.53556,-7.93716],[111.53574,-7.93739],[111.53594,-7.93754],[111.53611,-7.93759],[111.53625,-7.93758],[111.53643,-7.9375],[111.5365,-7.93743],[111.53663,-7.9371],[111.53666,-7.93692],[111.53672,-7.93683],[111.5368,-7.9368],[111.53704,-7.93692],[111.53715,-7.93692],[111.53733,-7.93673],[111.53744,-7.93649],[111.53763,-7.93633],[111.53766,-7.93622],[111.5377,-7.9362],[111.53803,-7.93625],[111.53823,-7.93607],[111.53841,-7.93601],[111.53864,-7.93575],[111.53891,-7.93553],[111.53917,-7.93563],[111.53928,-7.93574],[111.53935,-7.9359]]],[[[111.55492,-7.92628],[111.55498,-7.92638],[111.55374,-7.92687],[111.55343,-7.92704],[111.55316,-7.92729],[111.55356,-7.92729],[111.55384,-7.92735],[111.55411,-7.92745],[111.55468,-7.92774],[111.55505,-7.92785],[111.55532,-7.9278],[111.55576,-7.92759],[111.55604,-7.92751],[111.55634,-7.92755],[111.55681,-7.92776],[111.55726,-7.92812],[111.55761,-7.92855],[111.55771,-7.92865],[111.55788,-7.929],[111.55806,-7.92923],[111.55889,-7.93003],[111.55912,-7.93031],[111.55936,-7.93071],[111.55983,-7.93157],[111.56009,-7.93187],[111.56044,-7.93207],[111.56064,-7.93213],[111.56084,-7.93216],[111.56143,-7.93213],[111.56161,-7.93216],[111.56221,-7.93245],[111.56247,-7.93252],[111.56275,-7.9325],[111.56295,-7.93244],[111.56372,-7.93212],[111.56476,-7.93184],[111.56607,-7.93154],[111.56655,-7.93146],[111.56744,-7.93136],[111.56762,-7.93131],[111.56794,-7.93112],[111.56851,-7.93061],[111.56875,-7.93044],[111.56929,-7.93017],[111.56958,-7.93009],[111.56988,-7.93005],[111.57026,-7.93009],[111.57083,-7.9304],[111.57119,-7.93054],[111.57148,-7.93059],[111.57209,-7.93056],[111.57265,-7.93041],[111.57297,-7.93022],[111.57311,-7.93007],[111.57348,-7.92956],[111.57369,-7.92939],[111.57396,-7.92933],[111.57459,-7.92939],[111.57479,-7.92938],[111.57526,-7.92924],[111.5756,-7.92906],[111.57581,-7.92908],[111.57675,-7.92886],[111.57698,-7.92885],[111.57727,-7.92889],[111.5774,-7.92895],[111.57785,-7.92929],[111.57813,-7.92942],[111.57829,-7.92944],[111.57905,-7.92937],[111.57918,-7.92941],[111.57928,-7.92949],[111.57934,-7.92963],[111.57935,-7.92978],[111.57931,-7.92993],[111.57922,-7.93006],[111.57911,-7.93018],[111.57802,-7.93111],[111.57706,-7.93226],[111.57656,-7.93276],[111.57618,-7.93301],[111.57596,-7.9331],[111.57566,-7.93319],[111.57472,-7.93337],[111.5743,-7.93351],[111.57395,-7.9338],[111.57375,-7.93403],[111.5732,-7.93481],[111.57304,-7.935],[111.57272,-7.93525],[111.57241,-7.93533],[111.57216,-7.93532],[111.57202,-7.93526],[111.57185,-7.93509],[111.57173,-7.9347],[111.57168,-7.93465],[111.57157,-7.93474],[111.57114,-7.93538],[111.57088,-7.93561],[111.57068,-7.93568],[111.57048,-7.93564],[111.56995,-7.93521],[111.56975,-7.9351],[111.56955,-7.93512],[111.56933,-7.93528],[111.56908,-7.93538],[111.56864,-7.93545],[111.56814,-7.93539],[111.56708,-7.93511],[111.56686,-7.9351],[111.56656,-7.93515],[111.56629,-7.93529],[111.56618,-7.93538],[111.5657,-7.93616],[111.56542,-7.93641],[111.56522,-7.93652],[111.56475,-7.93673],[111.56413,-7.93694],[111.56278,-7.93713],[111.56195,-7.9374],[111.56139,-7.93785],[111.56036,-7.93846],[111.5598,-7.93866],[111.55887,-7.93889],[111.55873,-7.939],[111.55872,-7.93921],[111.55897,-7.93935],[111.55878,-7.93938],[111.55895,-7.93987],[111.55894,-7.94011],[111.55889,-7.94026],[111.55882,-7.94039],[111.5586,-7.9406],[111.5577,-7.9411],[111.55791,-7.9411],[111.55828,-7.94116],[111.55862,-7.94128],[111.55907,-7.94155],[111.55923,-7.94169],[111.56001,-7.9411],[111.56022,-7.941],[111.56068,-7.94088],[111.56114,-7.94087],[111.56136,-7.94091],[111.56243,-7.9413],[111.56265,-7.94134],[111.56295,-7.94131],[111.56339,-7.94113],[111.56351,-7.94103],[111.56371,-7.94081],[111.56381,-7.94062],[111.56415,-7.93964],[111.56439,-7.93926],[111.5646,-7.93901],[111.56508,-7.93862],[111.56562,-7.93832],[111.56606,-7.93818],[111.56628,-7.93816],[111.56649,-7.93817],[111.56744,-7.93834],[111.56768,-7.93835],[111.56808,-7.93828],[111.56833,-7.93814],[111.56842,-7.93804],[111.5685,-7.93783],[111.56853,-7.9376],[111.56864,-7.93766],[111.56892,-7.93752],[111.56939,-7.93723],[111.56965,-7.93696],[111.56997,-7.93691],[111.57015,-7.93701],[111.5705,-7.93689],[111.57083,-7.93687],[111.57133,-7.937],[111.57172,-7.93689],[111.57229,-7.93705],[111.57248,-7.93721],[111.57259,-7.93736],[111.57252,-7.93756],[111.57215,-7.93801],[111.57196,-7.93864],[111.57176,-7.93875],[111.57117,-7.9389],[111.57094,-7.93886],[111.57069,-7.93894],[111.57048,-7.93911],[111.57033,-7.93917],[111.56954,-7.93927],[111.56926,-7.93936],[111.56896,-7.93958],[111.56837,-7.94036],[111.56802,-7.94069],[111.56781,-7.94081],[111.56685,-7.94118],[111.56662,-7.94136],[111.56648,-7.94153],[111.56588,-7.94246],[111.56557,-7.94283],[111.56481,-7.94357],[111.56442,-7.94382],[111.56398,-7.94399],[111.56299,-7.94409],[111.56251,-7.94422],[111.56222,-7.94438],[111.56206,-7.94457],[111.56201,-7.94471],[111.562,-7.94504],[111.56209,-7.94536],[111.56227,-7.9456],[111.56244,-7.94569],[111.56272,-7.94566],[111.56336,-7.94542],[111.56379,-7.94534],[111.56406,-7.94534],[111.56481,-7.94544],[111.56517,-7.94543],[111.56529,-7.94539],[111.56549,-7.94521],[111.56562,-7.94502],[111.56596,-7.94427],[111.56616,-7.94391],[111.56658,-7.94334],[111.56684,-7.94307],[111.56714,-7.94282],[111.56766,-7.94248],[111.56795,-7.94235],[111.56915,-7.94192],[111.5695,-7.94167],[111.56975,-7.94131],[111.56989,-7.94104],[111.57025,-7.93997],[111.57038,-7.9397],[111.57048,-7.93961],[111.57059,-7.93957],[111.57087,-7.9396],[111.57171,-7.93993],[111.57229,-7.9401],[111.57274,-7.94012],[111.573,-7.94004],[111.57327,-7.93982],[111.57393,-7.93899],[111.57411,-7.93882],[111.57437,-7.93866],[111.57467,-7.93859],[111.5749,-7.93859],[111.57588,-7.93877],[111.57604,-7.93824],[111.5762,-7.93788],[111.57664,-7.93719],[111.57693,-7.93684],[111.57716,-7.93661],[111.57749,-7.93641],[111.57765,-7.93639],[111.57786,-7.93647],[111.57788,-7.93661],[111.57756,-7.93694],[111.5773,-7.93727],[111.57708,-7.93763],[111.57698,-7.93788],[111.57693,-7.93813],[111.57694,-7.93838],[111.5771,-7.93886],[111.57757,-7.93971],[111.57823,-7.94105],[111.57883,-7.94213],[111.57907,-7.94263],[111.57921,-7.94303],[111.5793,-7.94342],[111.57935,-7.94383],[111.57934,-7.94423],[111.57927,-7.94461],[111.57913,-7.94498],[111.57893,-7.94533],[111.57861,-7.94578],[111.57758,-7.94696],[111.57724,-7.9474],[111.57704,-7.94774],[111.57689,-7.9481],[111.57683,-7.94835],[111.57682,-7.94889],[111.57689,-7.9493],[111.57707,-7.94986],[111.57735,-7.95053],[111.57762,-7.95103],[111.57786,-7.95137],[111.57814,-7.95168],[111.57845,-7.95195],[111.57957,-7.95281],[111.57999,-7.95319],[111.58026,-7.95351],[111.5805,-7.95386],[111.58071,-7.95424],[111.58093,-7.95476],[111.58111,-7.95531],[111.58123,-7.95584],[111.58133,-7.95651],[111.5814,-7.95746],[111.58143,-7.95871],[111.58139,-7.9609],[111.58133,-7.96173],[111.58112,-7.96316],[111.58108,-7.96372],[111.58111,-7.96412],[111.58116,-7.96437],[111.58126,-7.96461],[111.58139,-7.96484],[111.58164,-7.96517],[111.58233,-7.9659],[111.58279,-7.96644],[111.58385,-7.9679],[111.58428,-7.96844],[111.58467,-7.96883],[111.5851,-7.96918],[111.58557,-7.96948],[111.58606,-7.96972],[111.58643,-7.96986],[111.58681,-7.96994],[111.5872,-7.96997],[111.58841,-7.9699],[111.58885,-7.96991],[111.58931,-7.96997],[111.58978,-7.97011],[111.59007,-7.97023],[111.59038,-7.97046],[111.59048,-7.97065],[111.59049,-7.97075],[111.59043,-7.97096],[111.5902,-7.97128],[111.58971,-7.97168],[111.58916,-7.97196],[111.5889,-7.97203],[111.58789,-7.9722],[111.58752,-7.97238],[111.58736,-7.97257],[111.5873,-7.9728],[111.58731,-7.97306],[111.58748,-7.97362],[111.58779,-7.97412],[111.58808,-7.97443],[111.58841,-7.97468],[111.58877,-7.97487],[111.58902,-7.97496],[111.58954,-7.97502],[111.58994,-7.97498],[111.59033,-7.97488],[111.59071,-7.97473],[111.59183,-7.97413],[111.59221,-7.97398],[111.5926,-7.9739],[111.59299,-7.97388],[111.5934,-7.97393],[111.59381,-7.97403],[111.59422,-7.9742],[111.59461,-7.97444],[111.59483,-7.97463],[111.59501,-7.97484],[111.59517,-7.97519],[111.59516,-7.97557],[111.59509,-7.97584],[111.59497,-7.9761],[111.59473,-7.97648],[111.59464,-7.97659],[111.59437,-7.97673],[111.59401,-7.97702],[111.5937,-7.97735],[111.59277,-7.97861],[111.59262,-7.97888],[111.59254,-7.97916],[111.59257,-7.97964],[111.5927,-7.98031],[111.59271,-7.98063],[111.5926,-7.98162],[111.59261,-7.98194],[111.59267,-7.98227],[111.59279,-7.98257],[111.59296,-7.98283],[111.59334,-7.9833],[111.59348,-7.98354],[111.59356,-7.9838],[111.59359,-7.98408],[111.59358,-7.9844],[111.59351,-7.9847],[111.59337,-7.98495],[111.59312,-7.98513],[111.59263,-7.98526],[111.5921,-7.98528],[111.59131,-7.98526],[111.59082,-7.9853],[111.59028,-7.98544],[111.58993,-7.98558],[111.58963,-7.98576],[111.58938,-7.98598],[111.58921,-7.98623],[111.58917,-7.98637],[111.58917,-7.98708],[111.58915,-7.98725],[111.58894,-7.98773],[111.5886,-7.9881],[111.58833,-7.98825],[111.58803,-7.98829],[111.58774,-7.98823],[111.58713,-7.98801],[111.5868,-7.98793],[111.5863,-7.98792],[111.58603,-7.98801],[111.58592,-7.9881],[111.58577,-7.98835],[111.58569,-7.98884],[111.58571,-7.9892],[111.5858,-7.98956],[111.58602,-7.9902],[111.58603,-7.99047],[111.58591,-7.99071],[111.58581,-7.99081],[111.58553,-7.99099],[111.58519,-7.99113],[111.58482,-7.99122],[111.58442,-7.99125],[111.58405,-7.99122],[111.58371,-7.99113],[111.58307,-7.99074],[111.58294,-7.99069],[111.58262,-7.99065],[111.58229,-7.99071],[111.58198,-7.99084],[111.58174,-7.99105],[111.58167,-7.99118],[111.58116,-7.99274],[111.58106,-7.9932],[111.58103,-7.99368],[111.58108,-7.99432],[111.58136,-7.9961],[111.58141,-7.99674],[111.5814,-7.99862],[111.58145,-8.00031],[111.58141,-8.0013],[111.58133,-8.00196],[111.58122,-8.00244],[111.58106,-8.0029],[111.58085,-8.00335],[111.58052,-8.00391],[111.58012,-8.00445],[111.57968,-8.00493],[111.57921,-8.00535],[111.57882,-8.00563],[111.57842,-8.00587],[111.57799,-8.00605],[111.57649,-8.00644],[111.57607,-8.0066],[111.57513,-8.00708],[111.57462,-8.00727],[111.5742,-8.00739],[111.5735,-8.00742],[111.57336,-8.00744],[111.57311,-8.00755],[111.5729,-8.00774],[111.57276,-8.008],[111.5725,-8.00873],[111.57236,-8.00898],[111.57217,-8.0092],[111.57195,-8.00938],[111.57168,-8.00956],[111.57138,-8.0097],[111.5709,-8.00984],[111.57041,-8.00992],[111.57009,-8.00992],[111.56978,-8.00987],[111.56951,-8.00976],[111.56875,-8.00924],[111.56846,-8.00908],[111.56831,-8.00902],[111.56803,-8.009],[111.56812,-8.00875],[111.56861,-8.00817],[111.56971,-8.00747],[111.57128,-8.0067],[111.57245,-8.00591],[111.57309,-8.00534],[111.57463,-8.00447],[111.57508,-8.00379],[111.5754,-8.00297],[111.57586,-8.00192],[111.57678,-8.00052],[111.57718,-8.0],[111.57666,-8.0],[111.57645,-7.99996],[111.57627,-7.99942],[111.57622,-7.99886],[111.57625,-7.99847],[111.57644,-7.99754],[111.57658,-7.99709],[111.57691,-7.99642],[111.57732,-7.99589],[111.57753,-7.9957],[111.57814,-7.99527],[111.57834,-7.9951],[111.57846,-7.99496],[111.57858,-7.99469],[111.57861,-7.99438],[111.57855,-7.99421],[111.57843,-7.99413],[111.57766,-7.99405],[111.57748,-7.99399],[111.5772,-7.99378],[111.5771,-7.99364],[111.57699,-7.99331],[111.57691,-7.9924],[111.57662,-7.99238],[111.57611,-7.99222],[111.57349,-7.99088],[111.57272,-7.99031],[111.57237,-7.98997],[111.57212,-7.98969],[111.57191,-7.98938],[111.57129,-7.98818],[111.57098,-7.98768],[111.57036,-7.9882],[111.57005,-7.98833],[111.56989,-7.98833],[111.56973,-7.98829],[111.56958,-7.9882],[111.56932,-7.98793],[111.56913,-7.9876],[111.56904,-7.98713],[111.56904,-7.98685],[111.56918,-7.98604],[111.56883,-7.98549],[111.56867,-7.98515],[111.5683,-7.98393],[111.56817,-7.98359],[111.568,-7.98326],[111.5678,-7.98296],[111.56696,-7.98209],[111.56664,-7.98165],[111.56652,-7.98133],[111.56652,-7.98052],[111.56643,-7.98008],[111.56587,-7.979],[111.56571,-7.97877],[111.56553,-7.97857],[111.56522,-7.97834],[111.56487,-7.97822],[111.5647,-7.97823],[111.56453,-7.97828],[111.56437,-7.97837],[111.56366,-7.97892],[111.56281,-7.9795],[111.56168,-7.98035],[111.5617,-7.98154],[111.5612,-7.98168],[111.56087,-7.98186],[111.56063,-7.98202],[111.56022,-7.98194],[111.55964,-7.98171],[111.55944,-7.98158],[111.55913,-7.98124],[111.55895,-7.98093],[111.55882,-7.98058],[111.5587,-7.98009],[111.55851,-7.97886],[111.55834,-7.97828],[111.55823,-7.97806],[111.55807,-7.97786],[111.55798,-7.97778],[111.55778,-7.97768],[111.55758,-7.97766],[111.55691,-7.97774],[111.55687,-7.9776],[111.5568,-7.97751],[111.55663,-7.9776],[111.55653,-7.97776],[111.55632,-7.97774],[111.55599,-7.97758],[111.5556,-7.97718],[111.55543,-7.97708],[111.55534,-7.97705],[111.55442,-7.97708],[111.554,-7.97717],[111.55349,-7.97721],[111.55294,-7.97739],[111.55206,-7.97739],[111.55174,-7.97729],[111.55122,-7.97703],[111.55088,-7.97692],[111.55053,-7.97686],[111.55004,-7.97685],[111.54964,-7.97687],[111.54932,-7.97693],[111.54881,-7.97685],[111.54843,-7.97686],[111.54805,-7.97693],[111.54769,-7.97705],[111.54747,-7.97717],[111.54715,-7.9774],[111.54685,-7.97767],[111.54621,-7.97833],[111.54596,-7.97863],[111.54618,-7.97935],[111.54632,-7.97952],[111.54658,-7.97956],[111.54675,-7.9795],[111.54707,-7.97933],[111.54726,-7.9793],[111.54753,-7.97938],[111.54765,-7.97951],[111.54779,-7.98018],[111.54807,-7.98079],[111.54803,-7.9809],[111.54778,-7.98104],[111.54774,-7.98112],[111.54804,-7.9816],[111.54807,-7.98171],[111.54804,-7.98191],[111.548,-7.982],[111.54787,-7.98214],[111.54751,-7.98226],[111.5473,-7.98241],[111.54687,-7.98221],[111.54637,-7.9821],[111.54594,-7.98215],[111.54567,-7.98226],[111.54573,-7.98253],[111.54576,-7.9829],[111.54575,-7.98315],[111.54567,-7.98351],[111.54549,-7.98392],[111.54563,-7.98421],[111.54564,-7.98433],[111.54553,-7.98447],[111.54541,-7.98452],[111.54532,-7.98452],[111.5451,-7.98445],[111.5446,-7.98509],[111.54439,-7.98555],[111.54495,-7.98572],[111.54515,-7.98588],[111.54527,-7.98616],[111.54535,-7.98666],[111.54542,-7.98681],[111.54554,-7.98677],[111.54593,-7.98647],[111.54605,-7.98644],[111.54611,-7.98648],[111.54619,-7.98658],[111.54624,-7.98678],[111.54623,-7.98727],[111.54628,-7.98746],[111.54646,-7.98756],[111.54711,-7.98767],[111.54733,-7.98779],[111.54746,-7.98797],[111.54767,-7.98852],[111.54786,-7.98889],[111.54863,-7.98984],[111.54882,-7.98995],[111.549,-7.99],[111.5499,-7.99019],[111.55034,-7.99036],[111.55055,-7.99055],[111.55065,-7.99072],[111.55071,-7.99093],[111.5507,-7.99108],[111.55067,-7.99114],[111.55061,-7.99118],[111.55016,-7.99115],[111.54996,-7.99119],[111.54988,-7.99123],[111.54982,-7.99137],[111.54989,-7.99172],[111.54987,-7.9919],[111.54974,-7.99201],[111.54954,-7.99205],[111.54933,-7.99196],[111.54908,-7.99164],[111.54897,-7.99138],[111.54886,-7.99081],[111.5488,-7.99071],[111.5487,-7.99069],[111.54858,-7.99073],[111.54832,-7.99096],[111.54822,-7.99113],[111.54817,-7.99141],[111.54815,-7.99235],[111.54812,-7.99263],[111.54795,-7.9934],[111.54795,-7.99414],[111.54784,-7.99448],[111.54768,-7.99463],[111.54741,-7.99463],[111.54707,-7.99449],[111.54687,-7.99438],[111.54651,-7.9941],[111.54613,-7.99365],[111.54603,-7.99366],[111.54578,-7.99361],[111.54531,-7.99342],[111.5449,-7.99313],[111.5446,-7.99274],[111.54446,-7.99263],[111.54432,-7.9926],[111.54412,-7.99266],[111.54401,-7.99276],[111.54397,-7.99285],[111.544,-7.99332],[111.54397,-7.99344],[111.54391,-7.9935],[111.54355,-7.99371],[111.54344,-7.99391],[111.54337,-7.9947],[111.54321,-7.99543],[111.54288,-7.99555],[111.5427,-7.99571],[111.54257,-7.9959],[111.54249,-7.99612],[111.54246,-7.99646],[111.54215,-7.99593],[111.54213,-7.99584],[111.54213,-7.9958],[111.54218,-7.99587],[111.54213,-7.99541],[111.5422,-7.99491],[111.54228,-7.99472],[111.54258,-7.99442],[111.54268,-7.99421],[111.54262,-7.99366],[111.54264,-7.99356],[111.5428,-7.99345],[111.54321,-7.99327],[111.54328,-7.99313],[111.54314,-7.9929],[111.54257,-7.99244],[111.54249,-7.9923],[111.54251,-7.99203],[111.54278,-7.9916],[111.54298,-7.99108],[111.54302,-7.99052],[111.54298,-7.99014],[111.54286,-7.98957],[111.54246,-7.98812],[111.54212,-7.98735],[111.54172,-7.98667],[111.54151,-7.98614],[111.54148,-7.98587],[111.5415,-7.9856],[111.54156,-7.98523],[111.54205,-7.98364],[111.54236,-7.98295],[111.5427,-7.98253],[111.54298,-7.98229],[111.54431,-7.98139],[111.5446,-7.98116],[111.54478,-7.98097],[111.54495,-7.98075],[111.54517,-7.98036],[111.54534,-7.97999],[111.5455,-7.9795],[111.54551,-7.97932],[111.54547,-7.97916],[111.54531,-7.97901],[111.54469,-7.97874],[111.54443,-7.97868],[111.54367,-7.9786],[111.54321,-7.97846],[111.54289,-7.97826],[111.54266,-7.97797],[111.54255,-7.97759],[111.54255,-7.97739],[111.54264,-7.97701],[111.54282,-7.97675],[111.54352,-7.97616],[111.54393,-7.97551],[111.54415,-7.97537],[111.54432,-7.97531],[111.54489,-7.97522],[111.54527,-7.97522],[111.5459,-7.97533],[111.54669,-7.97556],[111.54743,-7.97566],[111.54838,-7.97561],[111.54872,-7.97552],[111.54941,-7.97557],[111.54982,-7.97532],[111.55015,-7.97468],[111.55026,-7.97467],[111.55059,-7.97481],[111.55071,-7.97479],[111.55081,-7.97464],[111.55082,-7.97428],[111.55071,-7.97414],[111.55025,-7.97383],[111.55007,-7.97362],[111.54973,-7.973],[111.54968,-7.97268],[111.54972,-7.97253],[111.54981,-7.97241],[111.54996,-7.97231],[111.55005,-7.97228],[111.55039,-7.9723],[111.55095,-7.97251],[111.55113,-7.97251],[111.55128,-7.97244],[111.55132,-7.97235],[111.5513,-7.97223],[111.55074,-7.97156],[111.55064,-7.9713],[111.55061,-7.97115],[111.55063,-7.97095],[111.55073,-7.97076],[111.55097,-7.97053],[111.55108,-7.97048],[111.55129,-7.97048],[111.55186,-7.97054],[111.55208,-7.97051],[111.55253,-7.97033],[111.55285,-7.97036],[111.55316,-7.9705],[111.55374,-7.97084],[111.55434,-7.97112],[111.55472,-7.97122],[111.555,-7.97132],[111.55525,-7.97146],[111.55583,-7.97199],[111.55607,-7.97217],[111.55634,-7.9723],[111.55663,-7.97239],[111.55694,-7.97243],[111.55756,-7.97238],[111.55857,-7.97213],[111.55896,-7.97207],[111.55996,-7.972],[111.56123,-7.97173],[111.56155,-7.97169],[111.56174,-7.97171],[111.56195,-7.97181],[111.56205,-7.97194],[111.5621,-7.97212],[111.56219,-7.97266],[111.56228,-7.97293],[111.56247,-7.97308],[111.56274,-7.97312],[111.56306,-7.97308],[111.56361,-7.97294],[111.56529,-7.97237],[111.5656,-7.9723],[111.56602,-7.97229],[111.56624,-7.97235],[111.56685,-7.97265],[111.56702,-7.9727],[111.56714,-7.97267],[111.56718,-7.97262],[111.56725,-7.97237],[111.5672,-7.97201],[111.56711,-7.97179],[111.56699,-7.97166],[111.56648,-7.97126],[111.56603,-7.9711],[111.56477,-7.97094],[111.56403,-7.97075],[111.56331,-7.97042],[111.56285,-7.97005],[111.56272,-7.9699],[111.56252,-7.96953],[111.56242,-7.96912],[111.56242,-7.96892],[111.5625,-7.96858],[111.56264,-7.96839],[111.5628,-7.96828],[111.56319,-7.96816],[111.56361,-7.96816],[111.56381,-7.9682],[111.56408,-7.9683],[111.56507,-7.9688],[111.56535,-7.96891],[111.56564,-7.96899],[111.56656,-7.96906],[111.56684,-7.96911],[111.56711,-7.96921],[111.56846,-7.9699],[111.56877,-7.97001],[111.5691,-7.97007],[111.56943,-7.97009],[111.56964,-7.97006],[111.56991,-7.96997],[111.57012,-7.96978],[111.57024,-7.96954],[111.5703,-7.96934],[111.57031,-7.96889],[111.57025,-7.96868],[111.57006,-7.96835],[111.56986,-7.96816],[111.56928,-7.96775],[111.569,-7.96762],[111.56845,-7.96743],[111.5682,-7.9673],[111.56763,-7.96689],[111.56652,-7.96632],[111.56632,-7.96613],[111.56626,-7.96598],[111.56626,-7.96574],[111.56662,-7.96482],[111.56671,-7.96444],[111.56665,-7.96423],[111.56645,-7.96409],[111.56593,-7.96399],[111.56546,-7.96398],[111.56491,-7.96401],[111.56452,-7.96407],[111.56397,-7.96425],[111.56323,-7.96462],[111.56304,-7.96469],[111.56285,-7.96471],[111.56266,-7.96469],[111.56185,-7.96444],[111.56123,-7.96416],[111.56092,-7.96393],[111.56082,-7.96379],[111.56078,-7.96362],[111.56079,-7.96342],[111.56091,-7.96279],[111.56091,-7.96259],[111.56087,-7.96241],[111.56071,-7.9622],[111.56056,-7.96208],[111.56008,-7.96186],[111.55943,-7.96171],[111.55901,-7.96168],[111.55811,-7.96174],[111.55714,-7.96196],[111.55579,-7.96243],[111.5554,-7.96254],[111.555,-7.96261],[111.55459,-7.96263],[111.55418,-7.96262],[111.55376,-7.96256],[111.55304,-7.96234],[111.55247,-7.96203],[111.55221,-7.96184],[111.55199,-7.96163],[111.55177,-7.9613],[111.55166,-7.96093],[111.55168,-7.96052],[111.55177,-7.96021],[111.55193,-7.95989],[111.55206,-7.95973],[111.55228,-7.95952],[111.55292,-7.95905],[111.55312,-7.95884],[111.55327,-7.95861],[111.55343,-7.9583],[111.55357,-7.95792],[111.55388,-7.95665],[111.55394,-7.95621],[111.55394,-7.9559],[111.55386,-7.95554],[111.55377,-7.95538],[111.55349,-7.95513],[111.55323,-7.95498],[111.55292,-7.95485],[111.55216,-7.95467],[111.55062,-7.95457],[111.55032,-7.95449],[111.55002,-7.95435],[111.54973,-7.95418],[111.54948,-7.95397],[111.54921,-7.95364],[111.54913,-7.95347],[111.54909,-7.95328],[111.54913,-7.953],[111.54937,-7.95242],[111.54942,-7.95223],[111.54938,-7.95196],[111.54928,-7.9518],[111.54907,-7.95156],[111.54843,-7.95093],[111.5483,-7.95069],[111.54828,-7.95052],[111.54835,-7.95028],[111.54864,-7.94989],[111.5489,-7.94967],[111.54917,-7.94949],[111.54972,-7.94924],[111.55011,-7.94914],[111.55082,-7.94901],[111.55111,-7.94893],[111.55138,-7.94881],[111.55173,-7.94861],[111.55306,-7.94771],[111.55336,-7.94747],[111.55357,-7.94725],[111.55374,-7.947],[111.55391,-7.94666],[111.554,-7.94636],[111.55404,-7.94595],[111.55395,-7.94557],[111.55372,-7.94525],[111.55341,-7.94501],[111.55303,-7.94489],[111.55252,-7.94488],[111.55222,-7.94495],[111.55193,-7.94506],[111.55106,-7.94561],[111.55079,-7.94575],[111.55042,-7.94588],[111.54878,-7.94634],[111.54802,-7.94658],[111.54681,-7.94707],[111.54652,-7.94715],[111.54608,-7.9472],[111.54565,-7.94714],[111.54547,-7.94707],[111.54532,-7.94689],[111.54531,-7.94674],[111.54535,-7.94657],[111.54556,-7.94624],[111.5464,-7.9454],[111.54649,-7.94518],[111.54647,-7.94502],[111.54636,-7.94486],[111.54621,-7.94473],[111.54602,-7.94463],[111.54581,-7.94461],[111.5455,-7.94469],[111.54482,-7.94507],[111.54467,-7.94512],[111.54454,-7.9451],[111.54444,-7.94499],[111.54435,-7.9447],[111.54435,-7.94424],[111.54448,-7.94389],[111.54461,-7.94373],[111.54494,-7.94349],[111.54553,-7.94326],[111.5465,-7.9431],[111.547,-7.94296],[111.54736,-7.94274],[111.5475,-7.94259],[111.54768,-7.94227],[111.54773,-7.94208],[111.54772,-7.94188],[111.54767,-7.94168],[111.54743,-7.94121],[111.54722,-7.94096],[111.54673,-7.94099],[111.54651,-7.94094],[111.54641,-7.94089],[111.54625,-7.94073],[111.54611,-7.94041],[111.54607,-7.94016],[111.54608,-7.93991],[111.54615,-7.93971],[111.54623,-7.93956],[111.54651,-7.93925],[111.54665,-7.939],[111.54676,-7.93871],[111.54674,-7.93846],[111.54662,-7.93832],[111.54645,-7.93822],[111.54546,-7.93786],[111.54489,-7.93772],[111.54306,-7.93741],[111.54237,-7.9372],[111.5421,-7.93706],[111.54172,-7.93673],[111.54137,-7.93621],[111.54128,-7.93603],[111.54131,-7.93595],[111.53989,-7.93634],[111.53999,-7.93618],[111.53993,-7.93598],[111.53996,-7.93589],[111.54013,-7.93586],[111.54024,-7.93567],[111.54035,-7.9358],[111.54054,-7.93582],[111.54073,-7.93581],[111.54086,-7.93574],[111.5409,-7.93567],[111.54092,-7.93532],[111.5409,-7.93515],[111.54096,-7.93502],[111.54102,-7.93498],[111.54111,-7.93495],[111.54129,-7.93504],[111.54149,-7.93502],[111.54153,-7.93513],[111.54163,-7.93528],[111.5417,-7.93528],[111.54195,-7.93507],[111.54198,-7.93498],[111.54191,-7.9347],[111.54195,-7.93442],[111.54202,-7.93432],[111.54272,-7.93386],[111.54288,-7.93379],[111.54316,-7.93378],[111.54332,-7.93386],[111.5434,-7.93393],[111.54366,-7.93404],[111.54405,-7.93431],[111.54446,-7.93427],[111.54458,-7.9342],[111.54494,-7.93386],[111.54502,-7.93367],[111.54531,-7.93355],[111.54542,-7.93343],[111.54546,-7.93322],[111.54551,-7.93315],[111.54563,-7.93309],[111.54577,-7.93281],[111.54594,-7.93282],[111.5462,-7.93276],[111.54657,-7.93294],[111.5467,-7.93292],[111.54694,-7.93276],[111.54699,-7.93276],[111.54709,-7.93287],[111.5473,-7.93291],[111.54744,-7.93285],[111.54764,-7.93262],[111.54784,-7.93259],[111.54808,-7.93242],[111.54823,-7.93226],[111.54841,-7.93196],[111.54851,-7.932],[111.54881,-7.932],[111.5493,-7.93226],[111.54944,-7.93228],[111.54959,-7.93214],[111.54974,-7.93186],[111.54989,-7.93178],[111.55015,-7.93177],[111.55024,-7.93181],[111.55037,-7.93181],[111.55071,-7.93175],[111.55082,-7.93165],[111.55091,-7.9315],[111.55091,-7.93141],[111.55105,-7.93101],[111.55098,-7.93083],[111.55081,-7.93075],[111.55044,-7.93047],[111.55033,-7.93024],[111.55037,-7.92992],[111.55061,-7.92953],[111.55072,-7.92929],[111.55077,-7.9291],[111.55079,-7.92854],[111.55099,-7.92854],[111.55153,-7.92877],[111.55161,-7.92877],[111.55177,-7.92862],[111.55178,-7.92845],[111.55173,-7.92839],[111.55159,-7.92831],[111.55147,-7.92818],[111.55143,-7.928],[111.55154,-7.92785],[111.55164,-7.92781],[111.55179,-7.9279],[111.55196,-7.92791],[111.55214,-7.92742],[111.55214,-7.92726],[111.55208,-7.92712],[111.55202,-7.92706],[111.55191,-7.92701],[111.55179,-7.92685],[111.55179,-7.9266],[111.55192,-7.9264],[111.55218,-7.92617],[111.55248,-7.92619],[111.55306,-7.92634],[111.55345,-7.92635],[111.55375,-7.9263],[111.55427,-7.92613],[111.55469,-7.92611],[111.55492,-7.92628]],[[111.5491,-7.93421],[111.54894,-7.93457],[111.54884,-7.93496],[111.54884,-7.93514],[111.54952,-7.93524],[111.55002,-7.93536],[111.5512,-7.93574],[111.55217,-7.93562],[111.55234,-7.93556],[111.5541,-7.93536],[111.55472,-7.93534],[111.55664,-7.93536],[111.5574,-7.93533],[111.55793,-7.93527],[111.55835,-7.93518],[111.55866,-7.93508],[111.55895,-7.93493],[111.55912,-7.9348],[111.55925,-7.93463],[111.55933,-7.93429],[111.55929,-7.93407],[111.55919,-7.93391],[111.55903,-7.93381],[111.55861,-7.93374],[111.55732,-7.93373],[111.55689,-7.93377],[111.55537,-7.93401],[111.55483,-7.93404],[111.55409,-7.93398],[111.55372,-7.93387],[111.55331,-7.93383],[111.55294,-7.9337],[111.55167,-7.9331],[111.55132,-7.933],[111.55098,-7.93296],[111.55062,-7.933],[111.55025,-7.93314],[111.54991,-7.93334],[111.54959,-7.9336],[111.54932,-7.93389],[111.5491,-7.93421]],[[111.56525,-7.93372],[111.5648,-7.93389],[111.56418,-7.93424],[111.56348,-7.93454],[111.56304,-7.93467],[111.56163,-7.93497],[111.56045,-7.93515],[111.56,-7.93526],[111.55967,-7.93538],[111.55939,-7.93555],[111.55869,-7.93611],[111.55839,-7.93627],[111.55806,-7.93639],[111.5576,-7.9365],[111.5569,-7.9366],[111.55479,-7.9368],[111.55421,-7.93689],[111.55376,-7.93701],[111.55335,-7.93717],[111.55323,-7.93734],[111.5531,-7.93741],[111.55275,-7.93746],[111.55192,-7.93785],[111.55127,-7.93812],[111.55071,-7.93828],[111.55025,-7.93837],[111.54918,-7.93846],[111.54871,-7.93854],[111.54825,-7.93867],[111.54774,-7.93886],[111.54784,-7.93928],[111.54791,-7.9394],[111.54803,-7.93948],[111.54818,-7.93951],[111.54895,-7.93948],[111.55024,-7.93951],[111.5508,-7.93958],[111.55115,-7.93969],[111.55141,-7.93982],[111.55203,-7.93978],[111.5525,-7.93971],[111.55296,-7.93959],[111.55328,-7.93946],[111.55357,-7.93929],[111.55449,-7.93867],[111.55508,-7.93832],[111.5557,-7.93801],[111.55646,-7.93769],[111.55713,-7.93746],[111.55794,-7.93725],[111.55994,-7.93684],[111.56101,-7.93659],[111.56204,-7.93629],[111.56456,-7.93542],[111.56505,-7.93521],[111.56536,-7.93503],[111.56554,-7.93487],[111.56567,-7.9347],[111.56575,-7.9345],[111.56574,-7.93413],[111.56566,-7.9339],[111.56553,-7.93376],[111.56545,-7.93372],[111.56525,-7.93372]],[[111.54601,-7.94453],[111.54616,-7.94455],[111.54646,-7.9445],[111.54707,-7.94417],[111.54746,-7.94403],[111.54809,-7.94394],[111.54939,-7.94388],[111.54979,-7.94377],[111.54998,-7.94368],[111.5503,-7.94343],[111.55053,-7.94309],[111.55067,-7.94268],[111.5507,-7.94246],[111.5507,-7.94232],[111.55066,-7.94211],[111.55053,-7.94195],[111.55028,-7.94182],[111.55013,-7.94179],[111.54985,-7.94181],[111.54953,-7.94197],[111.54824,-7.94292],[111.5477,-7.94324],[111.54724,-7.94339],[111.54676,-7.94348],[111.54595,-7.94356],[111.54571,-7.94363],[111.54562,-7.94371],[111.54555,-7.94385],[111.54552,-7.944],[111.54555,-7.94423],[111.54562,-7.94434],[111.54573,-7.94443],[111.54601,-7.94453]],[[111.5567,-7.94441],[111.55659,-7.94463],[111.55638,-7.94491],[111.5562,-7.94505],[111.5561,-7.94509],[111.5558,-7.94511],[111.5551,-7.94502],[111.55481,-7.94507],[111.55462,-7.94519],[111.55447,-7.94545],[111.55442,-7.9457],[111.55444,-7.94595],[111.55448,-7.94607],[111.55462,-7.94626],[111.55491,-7.94648],[111.55515,-7.94655],[111.55533,-7.94657],[111.5557,-7.94651],[111.55605,-7.94638],[111.55641,-7.94614],[111.5566,-7.94598],[111.55733,-7.94519],[111.55758,-7.945],[111.55781,-7.94492],[111.55793,-7.94491],[111.55854,-7.945],[111.55866,-7.94499],[111.55888,-7.94493],[111.55913,-7.94475],[111.55926,-7.94461],[111.55938,-7.94441],[111.55945,-7.94412],[111.55945,-7.94394],[111.55938,-7.94358],[111.55924,-7.94325],[111.55914,-7.94311],[111.55888,-7.9429],[111.55859,-7.94282],[111.55834,-7.9428],[111.55802,-7.9428],[111.55765,-7.94285],[111.55734,-7.94302],[111.5571,-7.94332],[111.55694,-7.94369],[111.5567,-7.94441]],[[111.57391,-7.94655],[111.57425,-7.94676],[111.57423,-7.94559],[111.57427,-7.94539],[111.57441,-7.94511],[111.57409,-7.9455],[111.57384,-7.94597],[111.57379,-7.94612],[111.57378,-7.94632],[111.57382,-7.94644],[111.57391,-7.94655]],[[111.57834,-7.96373],[111.57854,-7.96419],[111.57882,-7.96422],[111.57912,-7.96421],[111.57933,-7.9641],[111.57939,-7.96396],[111.57939,-7.96367],[111.57934,-7.96345],[111.57915,-7.96306],[111.57895,-7.96282],[111.57844,-7.96231],[111.57824,-7.96248],[111.57818,-7.96263],[111.57816,-7.9628],[111.57824,-7.96335],[111.57834,-7.96373]],[[111.57587,-7.94008],[111.57584,-7.93999],[111.57557,-7.94041],[111.57545,-7.94078],[111.57545,-7.94133],[111.57553,-7.94222],[111.57582,-7.94233],[111.57601,-7.94237],[111.57642,-7.94237],[111.57685,-7.94226],[111.57725,-7.94206],[111.57755,-7.94179],[111.57765,-7.94155],[111.57765,-7.94137],[111.57759,-7.94118],[111.57748,-7.94099],[111.57715,-7.94067],[111.57696,-7.94054],[111.57675,-7.94045],[111.57605,-7.94025],[111.57587,-7.94008]]]]}},{"type":"Feature","properties":{"tahun":2016,"zona":"003","namobj":"Zona Kerentanan Gerakan Tanah Menengah","remark":"Menengah","klsgtn":4,"_cls":"Zona Kerentanan Gerakan Tanah Menengah"},"geometry":{"type":"Polygon","coordinates":[[[111.56063,-7.98202],[111.56025,-7.98234],[111.55932,-7.98329],[111.55901,-7.98354],[111.55868,-7.98373],[111.55832,-7.98388],[111.55794,-7.98399],[111.55756,-7.98406],[111.55719,-7.98405],[111.55729,-7.9836],[111.558,-7.9826],[111.55823,-7.9824],[111.55805,-7.9818],[111.55765,-7.9812],[111.55749,-7.9806],[111.55757,-7.98],[111.55759,-7.9794],[111.55737,-7.9788],[111.55703,-7.9782],[111.55691,-7.97774],[111.55758,-7.97766],[111.55788,-7.97771],[111.55807,-7.97786],[111.55823,-7.97806],[111.55843,-7.97851],[111.55851,-7.97886],[111.5587,-7.98009],[111.55882,-7.98058],[111.55895,-7.98093],[111.55913,-7.98124],[111.55944,-7.98158],[111.55964,-7.98171],[111.56022,-7.98194],[111.56063,-7.98202]]]}},{"type":"Feature","properties":{"tahun":2016,"zona":"002","namobj":"Zona Kerentanan Gerakan Tanah Rendah","remark":"Rendah","klsgtn":3,"_cls":"Zona Kerentanan Gerakan Tanah Rendah"},"geometry":{"type":"Polygon","coordinates":[[[111.62557,-7.94151],[111.62497,-7.94144],[111.62438,-7.94131],[111.62397,-7.94117],[111.62359,-7.94098],[111.62337,-7.94082],[111.62317,-7.9406],[111.623,-7.94035],[111.62289,-7.94006],[111.62284,-7.93964],[111.62326,-7.93983],[111.62385,-7.93998],[111.62392,-7.94007],[111.62392,-7.94019],[111.62398,-7.94033],[111.62397,-7.94038],[111.62402,-7.94048],[111.62411,-7.94052],[111.62451,-7.94057],[111.62464,-7.94051],[111.62476,-7.94041],[111.62493,-7.94044],[111.62499,-7.94051],[111.62514,-7.94053],[111.62521,-7.94058],[111.62531,-7.94068],[111.62536,-7.94083],[111.62536,-7.94097],[111.62554,-7.94106],[111.6256,-7.94117],[111.62565,-7.94144],[111.62557,-7.94151]]]}},{"type":"Feature","properties":{"tahun":2016,"zona":"003","namobj":"Zona Kerentanan Gerakan Tanah Menengah","remark":"Menengah","klsgtn":4,"_cls":"Zona Kerentanan Gerakan Tanah Menengah"},"geometry":{"type":"Polygon","coordinates":[[[111.54801,-7.93248],[111.54826,-7.9322],[111.54839,-7.932],[111.54823,-7.93226],[111.54801,-7.93248]]]}},{"type":"Feature","properties":{"tahun":2016,"zona":"002","namobj":"Zona Kerentanan Gerakan Tanah Rendah","remark":"Rendah","klsgtn":3,"_cls":"Zona Kerentanan Gerakan Tanah Rendah"},"geometry":{"type":"Polygon","coordinates":[[[111.62275,-7.96229],[111.6224,-7.96277],[111.62223,-7.9631],[111.62199,-7.96377],[111.62194,-7.96411],[111.62193,-7.96446],[111.62196,-7.96482],[111.62205,-7.96516],[111.62217,-7.9655],[111.62235,-7.96581],[111.62256,-7.96611],[111.62211,-7.9665],[111.6218,-7.96665],[111.62136,-7.96668],[111.62089,-7.96663],[111.62055,-7.96651],[111.62032,-7.96633],[111.62023,-7.96621],[111.62017,-7.96608],[111.62004,-7.96546],[111.61982,-7.96509],[111.61966,-7.96492],[111.61943,-7.96475],[111.61931,-7.96472],[111.6192,-7.96472],[111.61904,-7.96481],[111.61886,-7.96503],[111.61864,-7.96549],[111.61831,-7.96642],[111.61815,-7.96661],[111.61805,-7.96668],[111.61792,-7.96673],[111.61764,-7.96677],[111.61717,-7.96668],[111.61688,-7.96653],[111.61636,-7.96616],[111.61614,-7.96607],[111.61598,-7.96611],[111.61583,-7.96623],[111.61567,-7.96648],[111.61556,-7.96671],[111.61544,-7.96721],[111.61545,-7.96761],[111.61559,-7.96838],[111.61556,-7.96866],[111.61544,-7.96893],[111.61536,-7.96906],[111.61514,-7.96927],[111.61501,-7.96934],[111.61472,-7.96941],[111.61442,-7.96939],[111.61428,-7.96935],[111.61408,-7.96926],[111.61351,-7.96892],[111.6132,-7.9688],[111.61294,-7.96881],[111.61275,-7.96885],[111.61194,-7.96911],[111.61171,-7.96916],[111.61148,-7.96918],[111.61123,-7.96912],[111.61108,-7.96901],[111.61093,-7.96869],[111.6107,-7.96772],[111.61063,-7.96753],[111.61048,-7.96732],[111.61022,-7.96714],[111.60937,-7.96686],[111.60915,-7.96672],[111.60908,-7.96662],[111.60896,-7.9663],[111.60882,-7.96558],[111.60871,-7.96519],[111.60848,-7.96461],[111.60821,-7.96427],[111.60769,-7.96385],[111.60754,-7.9637],[111.60739,-7.96345],[111.60733,-7.96324],[111.60728,-7.96279],[111.60735,-7.96235],[111.60777,-7.96153],[111.60787,-7.9612],[111.60788,-7.9604],[111.60793,-7.96005],[111.60809,-7.95975],[111.60882,-7.95892],[111.60899,-7.95861],[111.60905,-7.95824],[111.60906,-7.95739],[111.60915,-7.95712],[111.6093,-7.95696],[111.60989,-7.95672],[111.61,-7.95663],[111.60998,-7.95656],[111.60984,-7.95644],[111.6092,-7.95607],[111.60882,-7.95577],[111.60868,-7.95555],[111.60865,-7.95543],[111.60866,-7.95531],[111.60873,-7.95512],[111.60882,-7.95499],[111.60906,-7.95478],[111.60919,-7.95471],[111.60949,-7.95463],[111.60979,-7.95464],[111.61007,-7.95474],[111.61063,-7.95518],[111.61087,-7.95529],[111.611,-7.9553],[111.61127,-7.95524],[111.61153,-7.9551],[111.61163,-7.95501],[111.61183,-7.95473],[111.61231,-7.95375],[111.6124,-7.95348],[111.61246,-7.95311],[111.61245,-7.95296],[111.61238,-7.95277],[111.61218,-7.95257],[111.61168,-7.95223],[111.61156,-7.95207],[111.61155,-7.95187],[111.61166,-7.95171],[111.61225,-7.95132],[111.61264,-7.95085],[111.61285,-7.95067],[111.61304,-7.95063],[111.61331,-7.95066],[111.61356,-7.95079],[111.61373,-7.95101],[111.61377,-7.95115],[111.61378,-7.95144],[111.61354,-7.9521],[111.61352,-7.95228],[111.6136,-7.95241],[111.61384,-7.9525],[111.61414,-7.95251],[111.61456,-7.95241],[111.61499,-7.95219],[111.61582,-7.95165],[111.61638,-7.95138],[111.61683,-7.95127],[111.61707,-7.95125],[111.61736,-7.9513],[111.61746,-7.95137],[111.61753,-7.95152],[111.61754,-7.95238],[111.6177,-7.95297],[111.61775,-7.9533],[111.61765,-7.9536],[111.61737,-7.95409],[111.61724,-7.95445],[111.61723,-7.95479],[111.61731,-7.95503],[111.61739,-7.95507],[111.61753,-7.95504],[111.6184,-7.95452],[111.61873,-7.95441],[111.61894,-7.95441],[111.61904,-7.95445],[111.61912,-7.9546],[111.61911,-7.95532],[111.61913,-7.95547],[111.61923,-7.95565],[111.61941,-7.95576],[111.61969,-7.95581],[111.62003,-7.95578],[111.62122,-7.95534],[111.62164,-7.95531],[111.62193,-7.95535],[111.62283,-7.95558],[111.62323,-7.95577],[111.62363,-7.9561],[111.62386,-7.95642],[111.62391,-7.95658],[111.62385,-7.95671],[111.62327,-7.95694],[111.62315,-7.95703],[111.62267,-7.95765],[111.62187,-7.95824],[111.62167,-7.9585],[111.62154,-7.95888],[111.62147,-7.95959],[111.62147,-7.9601],[111.6215,-7.96047],[111.62158,-7.96083],[111.62173,-7.96106],[111.62235,-7.96153],[111.62243,-7.96162],[111.62257,-7.96202],[111.62275,-7.96229]]]}},{"type":"Feature","properties":{"tahun":2016,"zona":"002","namobj":"Zona Kerentanan Gerakan Tanah Rendah","remark":"Rendah","klsgtn":3,"_cls":"Zona Kerentanan Gerakan Tanah Rendah"},"geometry":{"type":"MultiPolygon","coordinates":[[[[111.54201,-7.99576],[111.54184,-7.99626],[111.54201,-7.99576],[111.54201,-7.99576]]],[[[111.53316,-7.99493],[111.53315,-7.99539],[111.53309,-7.99469],[111.53316,-7.99493]]],[[[111.53849,-7.99233],[111.53882,-7.99318],[111.53907,-7.99351],[111.53955,-7.99395],[111.5402,-7.99462],[111.54112,-7.99524],[111.54141,-7.99556],[111.54167,-7.996],[111.54181,-7.99632],[111.5419,-7.99658],[111.54197,-7.99699],[111.54194,-7.99736],[111.54189,-7.9975],[111.54175,-7.99775],[111.54138,-7.99809],[111.54056,-7.9987],[111.54034,-7.99889],[111.54015,-7.99911],[111.53992,-7.99947],[111.53972,-8.0],[111.53957,-8.00018],[111.53938,-8.0007],[111.53932,-8.00197],[111.53905,-8.00242],[111.53892,-8.00279],[111.53887,-8.00315],[111.53895,-8.00377],[111.54013,-8.00619],[111.54009,-8.00659],[111.53988,-8.00689],[111.53973,-8.00653],[111.53933,-8.00614],[111.53917,-8.00589],[111.53912,-8.00566],[111.53897,-8.00556],[111.53876,-8.00549],[111.53861,-8.00556],[111.53826,-8.00554],[111.538,-8.00509],[111.53721,-8.00404],[111.53696,-8.00377],[111.53651,-8.00312],[111.53614,-8.00221],[111.53599,-8.00157],[111.53602,-8.00107],[111.53639,-8.0],[111.53397,-8.0],[111.53381,-7.99967],[111.5341,-7.99892],[111.53405,-7.99882],[111.53386,-7.99866],[111.53355,-7.99851],[111.53342,-7.99841],[111.53329,-7.99755],[111.53378,-7.997],[111.53416,-7.99616],[111.53436,-7.99599],[111.53463,-7.99592],[111.53491,-7.99596],[111.53513,-7.99609],[111.53545,-7.99644],[111.53611,-7.99741],[111.53626,-7.99755],[111.53655,-7.99773],[111.53696,-7.99781],[111.53723,-7.99775],[111.53746,-7.99759],[111.53765,-7.9973],[111.53773,-7.99704],[111.53773,-7.99669],[111.53763,-7.99628],[111.53743,-7.99592],[111.53662,-7.99516],[111.53639,-7.99498],[111.53601,-7.99479],[111.53538,-7.99458],[111.53502,-7.99437],[111.53486,-7.99422],[111.53459,-7.99387],[111.53438,-7.99346],[111.5343,-7.99311],[111.5343,-7.99297],[111.53437,-7.99278],[111.53447,-7.99266],[111.53473,-7.99249],[111.53501,-7.99242],[111.53575,-7.99246],[111.53622,-7.99243],[111.53661,-7.99226],[111.53683,-7.99208],[111.53692,-7.99197],[111.53705,-7.99166],[111.53708,-7.99131],[111.537,-7.99089],[111.53677,-7.99031],[111.53673,-7.98999],[111.53677,-7.98977],[111.53692,-7.98964],[111.53712,-7.98958],[111.53727,-7.98958],[111.53754,-7.98965],[111.53776,-7.9898],[111.53792,-7.99002],[111.53808,-7.99049],[111.53826,-7.99147],[111.53849,-7.99233]]]]}},{"type":"Feature","properties":{"tahun":2016,"zona":"001","namobj":"Zona Kerentanan Gerakan Tanah Sangat Rendah","remark":"Sangat Rendah","klsgtn":2,"_cls":"Zona Kerentanan Gerakan Tanah Sangat Rendah"},"geometry":{"type":"MultiPolygon","coordinates":[[[[111.53465,-7.93693],[111.53448,-7.93696],[111.53451,-7.93694],[111.53465,-7.93693]]],[[[111.54137,-7.93621],[111.54172,-7.93673],[111.5421,-7.93706],[111.54237,-7.9372],[111.54306,-7.93741],[111.54489,-7.93772],[111.54546,-7.93786],[111.54645,-7.93822],[111.54662,-7.93832],[111.54674,-7.93846],[111.54676,-7.93871],[111.54665,-7.939],[111.54651,-7.93925],[111.54623,-7.93956],[111.54615,-7.93971],[111.54608,-7.93991],[111.54607,-7.94016],[111.54611,-7.94041],[111.54625,-7.94073],[111.54641,-7.94089],[111.54651,-7.94094],[111.54673,-7.94099],[111.54722,-7.94096],[111.54743,-7.94121],[111.54759,-7.94149],[111.54772,-7.94188],[111.54773,-7.94208],[111.54768,-7.94227],[111.5475,-7.94259],[111.54719,-7.94286],[111.54681,-7.94303],[111.54553,-7.94326],[111.54522,-7.94336],[111.54476,-7.9436],[111.54461,-7.94373],[111.54441,-7.94403],[111.54435,-7.94424],[111.54435,-7.9447],[111.54444,-7.94499],[111.54454,-7.9451],[111.54467,-7.94512],[111.54482,-7.94507],[111.5455,-7.94469],[111.54581,-7.94461],[111.54602,-7.94463],[111.54621,-7.94473],[111.54636,-7.94486],[111.54647,-7.94502],[111.54649,-7.94518],[111.5464,-7.9454],[111.54627,-7.94555],[111.54581,-7.94596],[111.54543,-7.94643],[111.54531,-7.94674],[111.54532,-7.94689],[111.5454,-7.94702],[111.54565,-7.94714],[111.54608,-7.9472],[111.54652,-7.94715],[111.54681,-7.94707],[111.54802,-7.94658],[111.54878,-7.94634],[111.55042,-7.94588],[111.55079,-7.94575],[111.55106,-7.94561],[111.55193,-7.94506],[111.55222,-7.94495],[111.55252,-7.94488],[111.55303,-7.94489],[111.55341,-7.94501],[111.55372,-7.94525],[111.55395,-7.94557],[111.55404,-7.94595],[111.554,-7.94636],[111.55391,-7.94666],[111.55374,-7.947],[111.55357,-7.94725],[111.55336,-7.94747],[111.55306,-7.94771],[111.55173,-7.94861],[111.55138,-7.94881],[111.55111,-7.94893],[111.55082,-7.94901],[111.55011,-7.94914],[111.54972,-7.94924],[111.54917,-7.94949],[111.5489,-7.94967],[111.54864,-7.94989],[111.54835,-7.95028],[111.54828,-7.95052],[111.5483,-7.95069],[111.54843,-7.95093],[111.54907,-7.95156],[111.54928,-7.9518],[111.54938,-7.95196],[111.54942,-7.95223],[111.54937,-7.95242],[111.54913,-7.953],[111.54909,-7.95328],[111.54913,-7.95347],[111.54921,-7.95364],[111.54948,-7.95397],[111.54973,-7.95418],[111.55002,-7.95435],[111.55032,-7.95449],[111.55062,-7.95457],[111.55216,-7.95467],[111.55292,-7.95485],[111.55323,-7.95498],[111.55349,-7.95513],[111.55377,-7.95538],[111.55386,-7.95554],[111.55394,-7.9559],[111.55394,-7.95621],[111.55388,-7.95665],[111.55357,-7.95792],[111.55343,-7.9583],[111.55327,-7.95861],[111.55312,-7.95884],[111.55292,-7.95905],[111.55228,-7.95952],[111.55206,-7.95973],[111.55193,-7.95989],[111.55177,-7.96021],[111.55168,-7.96052],[111.55166,-7.96093],[111.55177,-7.9613],[111.55199,-7.96163],[111.55221,-7.96184],[111.55247,-7.96203],[111.55304,-7.96234],[111.55376,-7.96256],[111.55418,-7.96262],[111.55459,-7.96263],[111.555,-7.96261],[111.5554,-7.96254],[111.55579,-7.96243],[111.55714,-7.96196],[111.55811,-7.96174],[111.55901,-7.96168],[111.55943,-7.96171],[111.56008,-7.96186],[111.56056,-7.96208],[111.56071,-7.9622],[111.56087,-7.96241],[111.56091,-7.96259],[111.56091,-7.96279],[111.56079,-7.96342],[111.56078,-7.96362],[111.56082,-7.96379],[111.56092,-7.96393],[111.56123,-7.96416],[111.56185,-7.96444],[111.56266,-7.96469],[111.56285,-7.96471],[111.56304,-7.96469],[111.56323,-7.96462],[111.56397,-7.96425],[111.56452,-7.96407],[111.56491,-7.96401],[111.56546,-7.96398],[111.56593,-7.96399],[111.56645,-7.96409],[111.56665,-7.96423],[111.56671,-7.96444],[111.56662,-7.96482],[111.56626,-7.96574],[111.56626,-7.96598],[111.56632,-7.96613],[111.56652,-7.96632],[111.56763,-7.96689],[111.5682,-7.9673],[111.56845,-7.96743],[111.569,-7.96762],[111.56928,-7.96775],[111.56986,-7.96816],[111.57006,-7.96835],[111.57025,-7.96868],[111.57031,-7.96889],[111.5703,-7.96934],[111.57024,-7.96954],[111.57012,-7.96978],[111.56991,-7.96997],[111.56964,-7.97006],[111.56943,-7.97009],[111.5691,-7.97007],[111.56877,-7.97001],[111.56846,-7.9699],[111.56711,-7.96921],[111.56684,-7.96911],[111.56656,-7.96906],[111.56564,-7.96899],[111.56535,-7.96891],[111.56507,-7.9688],[111.56408,-7.9683],[111.56381,-7.9682],[111.56361,-7.96816],[111.56319,-7.96816],[111.5628,-7.96828],[111.56264,-7.96839],[111.5625,-7.96858],[111.56242,-7.96892],[111.56242,-7.96912],[111.56252,-7.96953],[111.56272,-7.9699],[111.56285,-7.97005],[111.56331,-7.97042],[111.56403,-7.97075],[111.56477,-7.97094],[111.56603,-7.9711],[111.56648,-7.97126],[111.56699,-7.97166],[111.56711,-7.97179],[111.5672,-7.97201],[111.56725,-7.97237],[111.56718,-7.97262],[111.56714,-7.97267],[111.56702,-7.9727],[111.56685,-7.97265],[111.56624,-7.97235],[111.56602,-7.97229],[111.5656,-7.9723],[111.56529,-7.97237],[111.56361,-7.97294],[111.56306,-7.97308],[111.56274,-7.97312],[111.56247,-7.97308],[111.56228,-7.97293],[111.56219,-7.97266],[111.5621,-7.97212],[111.56205,-7.97194],[111.56195,-7.97181],[111.56174,-7.97171],[111.56155,-7.97169],[111.56123,-7.97173],[111.55996,-7.972],[111.55896,-7.97207],[111.55857,-7.97213],[111.55756,-7.97238],[111.55694,-7.97243],[111.55663,-7.97239],[111.55634,-7.9723],[111.55607,-7.97217],[111.55583,-7.97199],[111.55525,-7.97146],[111.555,-7.97132],[111.55472,-7.97122],[111.55434,-7.97112],[111.55374,-7.97084],[111.55316,-7.9705],[111.55285,-7.97036],[111.55253,-7.97033],[111.55208,-7.97051],[111.55186,-7.97054],[111.55129,-7.97048],[111.55108,-7.97048],[111.55097,-7.97053],[111.55073,-7.97076],[111.55063,-7.97095],[111.55061,-7.97115],[111.55064,-7.9713],[111.55074,-7.97156],[111.5513,-7.97223],[111.55132,-7.97235],[111.55128,-7.97244],[111.55113,-7.97251],[111.55095,-7.97251],[111.55039,-7.9723],[111.55005,-7.97228],[111.54996,-7.97231],[111.54981,-7.97241],[111.54972,-7.97253],[111.54968,-7.97268],[111.54973,-7.973],[111.55007,-7.97362],[111.55025,-7.97383],[111.55071,-7.97414],[111.55082,-7.97428],[111.55081,-7.97464],[111.55071,-7.97479],[111.55059,-7.97481],[111.55026,-7.97467],[111.55015,-7.97468],[111.54982,-7.97532],[111.54941,-7.97557],[111.54872,-7.97552],[111.54838,-7.97561],[111.54743,-7.97566],[111.54669,-7.97556],[111.5459,-7.97533],[111.54527,-7.97522],[111.5446,-7.97526],[111.54432,-7.97531],[111.54399,-7.97546],[111.54382,-7.97566],[111.54352,-7.97616],[111.54282,-7.97675],[111.54271,-7.97689],[111.54258,-7.97719],[111.54255,-7.97739],[111.54259,-7.97778],[111.54266,-7.97797],[111.54276,-7.97812],[111.54289,-7.97826],[111.54321,-7.97846],[111.54367,-7.9786],[111.54443,-7.97868],[111.54469,-7.97874],[111.54531,-7.97901],[111.54547,-7.97916],[111.54551,-7.97932],[111.5455,-7.9795],[111.54534,-7.97999],[111.54517,-7.98036],[111.54495,-7.98075],[111.54478,-7.98097],[111.5446,-7.98116],[111.54431,-7.98139],[111.54298,-7.98229],[111.5427,-7.98253],[111.54236,-7.98295],[111.54205,-7.98364],[111.54156,-7.98523],[111.5415,-7.9856],[111.54148,-7.98587],[111.54151,-7.98614],[111.54172,-7.98667],[111.54212,-7.98735],[111.54246,-7.98812],[111.54286,-7.98957],[111.54298,-7.99014],[111.54302,-7.99052],[111.54298,-7.99108],[111.54278,-7.9916],[111.54251,-7.99203],[111.54249,-7.9923],[111.54257,-7.99244],[111.54314,-7.9929],[111.54328,-7.99313],[111.54321,-7.99327],[111.5428,-7.99345],[111.54264,-7.99356],[111.54263,-7.99376],[111.54268,-7.99406],[111.54267,-7.99425],[111.54258,-7.99442],[111.54228,-7.99472],[111.54217,-7.99504],[111.54213,-7.99541],[111.54218,-7.99587],[111.54213,-7.9958],[111.54215,-7.99593],[111.54201,-7.99576],[111.54181,-7.99632],[111.54153,-7.99574],[111.54128,-7.99539],[111.54088,-7.99507],[111.5402,-7.99462],[111.53893,-7.99335],[111.5387,-7.99292],[111.53837,-7.99194],[111.53808,-7.99049],[111.53792,-7.99002],[111.53776,-7.9898],[111.53754,-7.98965],[111.53727,-7.98958],[111.53712,-7.98958],[111.53686,-7.98967],[111.53677,-7.98977],[111.53675,-7.98984],[111.53673,-7.98999],[111.53677,-7.99031],[111.537,-7.99089],[111.53708,-7.99131],[111.53708,-7.99152],[111.53701,-7.99179],[111.53683,-7.99208],[111.53661,-7.99226],[111.53622,-7.99243],[111.53575,-7.99246],[111.53501,-7.99242],[111.53473,-7.99249],[111.53447,-7.99266],[111.53437,-7.99278],[111.5343,-7.99297],[111.5343,-7.99311],[111.53438,-7.99346],[111.53459,-7.99387],[111.53486,-7.99422],[111.53502,-7.99437],[111.53538,-7.99458],[111.53601,-7.99479],[111.53639,-7.99498],[111.53662,-7.99516],[111.53743,-7.99592],[111.53763,-7.99628],[111.53773,-7.99669],[111.53773,-7.99704],[111.53765,-7.9973],[111.53746,-7.99759],[111.53723,-7.99775],[111.53696,-7.99781],[111.53655,-7.99773],[111.53626,-7.99755],[111.53611,-7.99741],[111.53545,-7.99644],[111.53513,-7.99609],[111.53491,-7.99596],[111.53463,-7.99592],[111.53436,-7.99599],[111.53416,-7.99616],[111.53378,-7.997],[111.53329,-7.99755],[111.53324,-7.99709],[111.53315,-7.99539],[111.53316,-7.99493],[111.53309,-7.99469],[111.53257,-7.9895],[111.53232,-7.98772],[111.53207,-7.98367],[111.53198,-7.98174],[111.53198,-7.97973],[111.53107,-7.97973],[111.52943,-7.97961],[111.52939,-7.97748],[111.52953,-7.97087],[111.52851,-7.97083],[111.52803,-7.97087],[111.52307,-7.97103],[111.523,-7.97043],[111.52301,-7.97019],[111.52296,-7.96966],[111.52291,-7.96807],[111.52182,-7.96818],[111.52158,-7.96831],[111.52148,-7.96669],[111.52144,-7.96664],[111.52134,-7.96662],[111.52131,-7.96658],[111.52127,-7.96611],[111.51877,-7.96601],[111.5188,-7.96352],[111.52011,-7.96337],[111.52025,-7.96334],[111.52053,-7.9632],[111.52129,-7.96315],[111.52245,-7.9633],[111.52346,-7.96335],[111.52501,-7.96351],[111.52578,-7.96365],[111.527,-7.96378],[111.52713,-7.96382],[111.52722,-7.96388],[111.52724,-7.96394],[111.52728,-7.96428],[111.52739,-7.96434],[111.52763,-7.96457],[111.52782,-7.96463],[111.52829,-7.96459],[111.52842,-7.96464],[111.52861,-7.96482],[111.52881,-7.96481],[111.52903,-7.96485],[111.5291,-7.96483],[111.52913,-7.96481],[111.52923,-7.96457],[111.5293,-7.96452],[111.52939,-7.96451],[111.5296,-7.9647],[111.52967,-7.96491],[111.52978,-7.96493],[111.53009,-7.9649],[111.53027,-7.96518],[111.53042,-7.96531],[111.53059,-7.96529],[111.53058,-7.96503],[111.5307,-7.96497],[111.53077,-7.96489],[111.53082,-7.9664],[111.53089,-7.96641],[111.5309,-7.96636],[111.53125,-7.96641],[111.53185,-7.96644],[111.53192,-7.96659],[111.53192,-7.96678],[111.53232,-7.96683],[111.5328,-7.96687],[111.53281,-7.96681],[111.53345,-7.96681],[111.53354,-7.96684],[111.53363,-7.96693],[111.53378,-7.96688],[111.53401,-7.96685],[111.53408,-7.96678],[111.53596,-7.96686],[111.53608,-7.96894],[111.53625,-7.96879],[111.53635,-7.96866],[111.53656,-7.96869],[111.5367,-7.96874],[111.53684,-7.96896],[111.53716,-7.96922],[111.5372,-7.96958],[111.53732,-7.9698],[111.53769,-7.97013],[111.5379,-7.97055],[111.53826,-7.97102],[111.53835,-7.97107],[111.53846,-7.97107],[111.5389,-7.97095],[111.53889,-7.97061],[111.53892,-7.97015],[111.5411,-7.97045],[111.5412,-7.96891],[111.54093,-7.9688],[111.54089,-7.96867],[111.54088,-7.96856],[111.54091,-7.96842],[111.54089,-7.96825],[111.54083,-7.96817],[111.54066,-7.96681],[111.54078,-7.96606],[111.5407,-7.96594],[111.5407,-7.9658],[111.54079,-7.96572],[111.54083,-7.96549],[111.54073,-7.96545],[111.54107,-7.96508],[111.54151,-7.96511],[111.54153,-7.96499],[111.5416,-7.9649],[111.54149,-7.96459],[111.54145,-7.96457],[111.54149,-7.96446],[111.54145,-7.96436],[111.54164,-7.96388],[111.54177,-7.96382],[111.54193,-7.96349],[111.54261,-7.96313],[111.543,-7.96314],[111.54299,-7.96322],[111.54427,-7.96283],[111.54461,-7.96268],[111.54475,-7.96287],[111.54491,-7.96351],[111.54498,-7.96364],[111.54507,-7.96375],[111.54519,-7.96382],[111.54533,-7.96388],[111.54556,-7.96388],[111.54563,-7.96381],[111.54567,-7.96371],[111.54563,-7.96307],[111.54571,-7.96297],[111.54592,-7.96286],[111.54594,-7.96275],[111.54577,-7.96259],[111.54556,-7.96227],[111.54534,-7.96223],[111.54523,-7.96227],[111.54504,-7.96226],[111.54499,-7.96209],[111.54503,-7.96189],[111.5452,-7.96163],[111.54525,-7.96147],[111.54538,-7.9613],[111.54565,-7.96128],[111.54687,-7.9616],[111.54723,-7.96175],[111.5476,-7.96174],[111.54772,-7.96043],[111.54715,-7.96041],[111.54627,-7.96027],[111.54451,-7.96011],[111.54429,-7.96044],[111.54413,-7.96055],[111.54377,-7.96069],[111.54246,-7.96066],[111.54246,-7.9606],[111.54192,-7.96059],[111.54185,-7.96054],[111.54165,-7.96053],[111.5412,-7.96044],[111.5409,-7.96045],[111.54087,-7.95988],[111.54083,-7.95986],[111.54007,-7.95998],[111.53999,-7.95983],[111.53999,-7.95971],[111.53958,-7.95985],[111.53952,-7.95978],[111.53935,-7.95974],[111.53916,-7.95959],[111.53899,-7.95959],[111.53887,-7.95948],[111.53881,-7.95937],[111.53868,-7.9589],[111.53868,-7.95887],[111.53887,-7.95876],[111.53871,-7.95839],[111.5385,-7.95803],[111.53811,-7.95746],[111.53818,-7.95742],[111.53827,-7.9573],[111.53847,-7.95688],[111.53852,-7.95671],[111.53858,-7.95623],[111.53866,-7.95602],[111.53872,-7.95594],[111.53893,-7.95583],[111.53896,-7.9557],[111.53888,-7.95553],[111.53888,-7.95523],[111.5388,-7.95502],[111.5388,-7.95491],[111.53816,-7.95476],[111.53758,-7.95472],[111.53759,-7.95514],[111.53685,-7.95514],[111.53692,-7.9557],[111.5368,-7.95577],[111.53642,-7.95579],[111.53642,-7.95586],[111.5362,-7.95595],[111.53567,-7.95633],[111.53496,-7.95636],[111.53386,-7.95625],[111.53327,-7.95625],[111.53302,-7.95703],[111.53297,-7.95707],[111.53248,-7.95711],[111.53214,-7.95708],[111.53185,-7.9571],[111.53171,-7.95639],[111.53161,-7.95402],[111.53147,-7.95333],[111.53147,-7.95269],[111.53126,-7.95226],[111.53126,-7.95195],[111.53132,-7.95187],[111.53156,-7.95174],[111.53144,-7.9511],[111.5318,-7.95102],[111.5321,-7.95078],[111.53222,-7.95073],[111.53198,-7.95013],[111.53178,-7.94975],[111.53105,-7.9502],[111.53078,-7.94975],[111.53042,-7.94932],[111.53099,-7.94912],[111.53101,-7.94909],[111.53012,-7.94628],[111.52929,-7.94394],[111.52946,-7.94382],[111.52977,-7.94367],[111.53009,-7.94357],[111.53032,-7.9434],[111.53074,-7.94321],[111.5308,-7.94317],[111.53077,-7.94303],[111.53139,-7.94287],[111.53195,-7.9431],[111.53327,-7.94344],[111.53344,-7.94343],[111.53379,-7.94327],[111.53353,-7.94232],[111.5328,-7.94018],[111.53277,-7.93999],[111.53267,-7.9398],[111.5325,-7.93963],[111.53246,-7.93954],[111.53248,-7.93945],[111.53258,-7.93935],[111.53306,-7.93928],[111.53317,-7.93919],[111.53323,-7.93907],[111.53323,-7.93899],[111.53312,-7.93852],[111.53329,-7.93859],[111.53371,-7.93863],[111.53406,-7.93858],[111.53454,-7.93845],[111.53629,-7.93781],[111.53817,-7.93696],[111.53897,-7.93665],[111.53974,-7.93639],[111.53983,-7.9364],[111.53998,-7.93632],[111.54131,-7.93595],[111.54128,-7.93603],[111.54137,-7.93621]]],[[[111.5462,-7.93276],[111.54594,-7.93282],[111.54577,-7.93281],[111.54586,-7.93275],[111.5461,-7.93271],[111.5462,-7.93276]]],[[[111.54784,-7.93259],[111.54764,-7.93262],[111.54764,-7.93249],[111.54788,-7.9321],[111.54795,-7.93188],[111.5481,-7.93185],[111.54841,-7.93196],[111.54826,-7.9322],[111.54801,-7.93248],[111.54784,-7.93259]]]]}},{"type":"Feature","properties":{"tahun":2016,"zona":"002","namobj":"Zona Kerentanan Gerakan Tanah Rendah","remark":"Rendah","klsgtn":3,"_cls":"Zona Kerentanan Gerakan Tanah Rendah"},"geometry":{"type":"Polygon","coordinates":[[[111.53888,-8.03435],[111.53919,-8.03392],[111.53953,-8.03316],[111.53963,-8.03281],[111.53964,-8.03241],[111.53956,-8.03192],[111.5393,-8.03113],[111.53907,-8.0306],[111.53863,-8.02982],[111.53804,-8.02886],[111.5375,-8.02769],[111.53726,-8.02686],[111.53719,-8.02646],[111.53715,-8.02587],[111.53713,-8.02495],[111.5382,-8.02479],[111.53882,-8.025],[111.53899,-8.0256],[111.53894,-8.0262],[111.53893,-8.0268],[111.53898,-8.0274],[111.53938,-8.0286],[111.53943,-8.0298],[111.53962,-8.0304],[111.5406,-8.03144],[111.5407,-8.0316],[111.54078,-8.0322],[111.5406,-8.03257],[111.5404,-8.0328],[111.54,-8.03337],[111.53945,-8.034],[111.5394,-8.03411],[111.53888,-8.03435]]]}},{"type":"Feature","properties":{"tahun":2016,"zona":"004","namobj":"Zona Kerentanan Gerakan Tanah Tinggi","remark":"Tinggi","klsgtn":5,"_cls":"Zona Kerentanan Gerakan Tanah Tinggi"},"geometry":{"type":"Polygon","coordinates":[[[111.56962,-8.0394],[111.5694,-8.0398],[111.56925,-8.0394],[111.56927,-8.0388],[111.5694,-8.03859],[111.56958,-8.0388],[111.56962,-8.0394]]]}},{"type":"Feature","properties":{"tahun":2016,"zona":"004","namobj":"Zona Kerentanan Gerakan Tanah Tinggi","remark":"Tinggi","klsgtn":5,"_cls":"Zona Kerentanan Gerakan Tanah Tinggi"},"geometry":{"type":"Polygon","coordinates":[[[111.53716,-8.02391],[111.53719,-8.02303],[111.53712,-8.02265],[111.53717,-8.0222],[111.53745,-8.02129],[111.53748,-8.02085],[111.5376,-8.02024],[111.53772,-8.01991],[111.5381,-8.01926],[111.5382,-8.01933],[111.53862,-8.019],[111.53866,-8.0184],[111.5386,-8.0178],[111.53864,-8.0172],[111.5388,-8.01667],[111.53887,-8.0166],[111.5394,-8.01628],[111.53998,-8.016],[111.5406,-8.01529],[111.5412,-8.01502],[111.5418,-8.01498],[111.54186,-8.0148],[111.5424,-8.01449],[111.543,-8.01433],[111.5436,-8.01435],[111.5442,-8.01445],[111.54459,-8.0142],[111.54493,-8.0136],[111.5454,-8.01315],[111.546,-8.01334],[111.54611,-8.0136],[111.54624,-8.0142],[111.5461,-8.0148],[111.5457,-8.0154],[111.5454,-8.01576],[111.54513,-8.016],[111.5448,-8.01645],[111.54402,-8.0172],[111.5436,-8.01737],[111.5424,-8.01814],[111.5418,-8.01871],[111.5412,-8.01921],[111.54087,-8.0196],[111.5406,-8.02008],[111.54006,-8.0208],[111.53974,-8.0214],[111.53962,-8.022],[111.53979,-8.0226],[111.54,-8.0228],[111.54154,-8.0238],[111.54196,-8.0244],[111.54198,-8.025],[111.54193,-8.0256],[111.54193,-8.0262],[111.543,-8.02656],[111.54317,-8.0268],[111.54306,-8.0274],[111.543,-8.02757],[111.54275,-8.028],[111.5424,-8.02851],[111.54231,-8.0286],[111.54209,-8.0292],[111.54221,-8.0298],[111.54279,-8.031],[111.54291,-8.0316],[111.543,-8.03244],[111.54324,-8.0328],[111.543,-8.03332],[111.54299,-8.0334],[111.54261,-8.034],[111.5424,-8.03416],[111.54158,-8.0346],[111.5412,-8.03487],[111.5406,-8.03477],[111.54051,-8.0346],[111.54046,-8.034],[111.5412,-8.03258],[111.54136,-8.0322],[111.54133,-8.0316],[111.5412,-8.03125],[111.54106,-8.031],[111.54064,-8.0304],[111.54048,-8.0298],[111.54027,-8.0292],[111.54019,-8.0286],[111.54046,-8.028],[111.54115,-8.0274],[111.54131,-8.0268],[111.5412,-8.02649],[111.54103,-8.0262],[111.5406,-8.02597],[111.54029,-8.0256],[111.54051,-8.025],[111.5394,-8.02444],[111.5388,-8.02387],[111.5382,-8.02381],[111.5376,-8.02395],[111.53716,-8.02391]]]}},{"type":"Feature","properties":{"tahun":2016,"zona":"004","namobj":"Zona Kerentanan Gerakan Tanah Tinggi","remark":"Tinggi","klsgtn":5,"_cls":"Zona Kerentanan Gerakan Tanah Tinggi"},"geometry":{"type":"Polygon","coordinates":[[[111.5454,-8.01213],[111.5448,-8.01228],[111.5442,-8.01191],[111.54417,-8.0118],[111.54423,-8.0112],[111.54451,-8.0106],[111.54467,-8.01],[111.5448,-8.00985],[111.5454,-8.00995],[111.54546,-8.01],[111.54564,-8.0106],[111.54579,-8.0112],[111.54566,-8.0118],[111.5454,-8.01213]]]}},{"type":"Feature","properties":{"tahun":2016,"zona":"004","namobj":"Zona Kerentanan Gerakan Tanah Tinggi","remark":"Tinggi","klsgtn":5,"_cls":"Zona Kerentanan Gerakan Tanah Tinggi"},"geometry":{"type":"Polygon","coordinates":[[[111.61167,-8.004],[111.6114,-8.00425],[111.61122,-8.004],[111.61131,-8.0034],[111.6114,-8.00338],[111.61167,-8.004]]]}},{"type":"Feature","properties":{"tahun":2016,"zona":"004","namobj":"Zona Kerentanan Gerakan Tanah Tinggi","remark":"Tinggi","klsgtn":5,"_cls":"Zona Kerentanan Gerakan Tanah Tinggi"},"geometry":{"type":"Polygon","coordinates":[[[111.56092,-8.0046],[111.5616,-8.00602],[111.56197,-8.0064],[111.5616,-8.00673],[111.561,-8.00657],[111.56056,-8.0064],[111.5604,-8.00632],[111.5598,-8.00584],[111.5592,-8.00557],[111.5586,-8.00561],[111.55806,-8.0064],[111.558,-8.00672],[111.5579,-8.007],[111.55827,-8.0076],[111.5586,-8.00804],[111.55866,-8.0082],[111.55875,-8.0088],[111.55882,-8.01],[111.55895,-8.0106],[111.55897,-8.01098],[111.55914,-8.0109],[111.55999,-8.01073],[111.56073,-8.01085],[111.56142,-8.01108],[111.56249,-8.01191],[111.56462,-8.01383],[111.56515,-8.01484],[111.56526,-8.01549],[111.56524,-8.01589],[111.56502,-8.01649],[111.5652,-8.01651],[111.56563,-8.0172],[111.56578,-8.0184],[111.5652,-8.01928],[111.56506,-8.019],[111.56487,-8.0184],[111.5646,-8.01793],[111.56427,-8.01776],[111.56375,-8.01847],[111.56349,-8.01908],[111.56345,-8.01958],[111.56367,-8.02008],[111.56419,-8.02048],[111.56486,-8.02092],[111.5656,-8.02127],[111.56595,-8.02157],[111.56605,-8.02188],[111.56597,-8.02222],[111.56582,-8.02253],[111.56548,-8.02273],[111.56498,-8.02282],[111.56441,-8.02273],[111.56381,-8.0226],[111.56224,-8.02182],[111.55817,-8.01929],[111.55741,-8.01867],[111.55709,-8.01807],[111.55697,-8.01727],[111.55694,-8.01641],[111.55697,-8.01549],[111.55709,-8.0142],[111.55734,-8.01291],[111.5568,-8.0127],[111.55674,-8.0124],[111.5568,-8.01226],[111.55702,-8.0112],[111.5568,-8.01023],[111.55672,-8.01],[111.55672,-8.0094],[111.5568,-8.00918],[111.55702,-8.0088],[111.55727,-8.0082],[111.55731,-8.0076],[111.55717,-8.007],[111.5571,-8.0064],[111.55726,-8.0058],[111.5574,-8.00556],[111.55782,-8.0052],[111.5592,-8.00413],[111.5598,-8.00408],[111.5604,-8.00426],[111.56092,-8.0046]]]}},{"type":"Feature","properties":{"tahun":2016,"zona":"004","namobj":"Zona Kerentanan Gerakan Tanah Tinggi","remark":"Tinggi","klsgtn":5,"_cls":"Zona Kerentanan Gerakan Tanah Tinggi"},"geometry":{"type":"Polygon","coordinates":[[[111.56527,-8.04796],[111.56486,-8.04799],[111.56468,-8.04806],[111.56459,-8.04828],[111.56457,-8.04852],[111.56441,-8.04886],[111.56401,-8.04947],[111.5637,-8.04957],[111.56308,-8.04968],[111.56286,-8.04967],[111.56263,-8.04957],[111.56239,-8.04932],[111.56164,-8.04916],[111.56147,-8.04904],[111.56098,-8.04889],[111.56052,-8.04931],[111.55964,-8.04938],[111.5594,-8.04944],[111.55869,-8.0497],[111.55746,-8.04988],[111.55738,-8.04978],[111.55685,-8.04979],[111.55671,-8.04998],[111.55664,-8.05],[111.5565,-8.04997],[111.55638,-8.04989],[111.55616,-8.0494],[111.55603,-8.04924],[111.55598,-8.04922],[111.55642,-8.04905],[111.55839,-8.04856],[111.55944,-8.04845],[111.56065,-8.04841],[111.56117,-8.04823],[111.56138,-8.04793],[111.56152,-8.04746],[111.56158,-8.04707],[111.56173,-8.04676],[111.56209,-8.04651],[111.56282,-8.04616],[111.56413,-8.04612],[111.56459,-8.04625],[111.56501,-8.04652],[111.56535,-8.04685],[111.56553,-8.04715],[111.56548,-8.04767],[111.56527,-8.04796]]]}},{"type":"Feature","properties":{"tahun":2016,"zona":"004","namobj":"Zona Kerentanan Gerakan Tanah Tinggi","remark":"Tinggi","klsgtn":5,"_cls":"Zona Kerentanan Gerakan Tanah Tinggi"},"geometry":{"type":"Polygon","coordinates":[[[111.57148,-8.0466],[111.5712,-8.04671],[111.5706,-8.04668],[111.57049,-8.0466],[111.5712,-8.04639],[111.57148,-8.0466]]]}},{"type":"Feature","properties":{"tahun":2016,"zona":"004","namobj":"Zona Kerentanan Gerakan Tanah Tinggi","remark":"Tinggi","klsgtn":5,"_cls":"Zona Kerentanan Gerakan Tanah Tinggi"},"geometry":{"type":"Polygon","coordinates":[[[111.54533,-8.0352],[111.5448,-8.0354],[111.54452,-8.0352],[111.5448,-8.03499],[111.54533,-8.0352]]]}},{"type":"Feature","properties":{"tahun":2016,"zona":"004","namobj":"Zona Kerentanan Gerakan Tanah Tinggi","remark":"Tinggi","klsgtn":5,"_cls":"Zona Kerentanan Gerakan Tanah Tinggi"},"geometry":{"type":"MultiPolygon","coordinates":[[[[111.64739,-8.01626],[111.6471,-8.01668],[111.64695,-8.01605],[111.64686,-8.01546],[111.64686,-8.01488],[111.64714,-8.01332],[111.6473,-8.01361],[111.64767,-8.01444],[111.64775,-8.01506],[111.64767,-8.01577],[111.64739,-8.01626]]],[[[111.65613,-7.9926],[111.65616,-7.99288],[111.65613,-7.99264],[111.65613,-7.9926]]],[[[111.64131,-7.96081],[111.64142,-7.96081],[111.64148,-7.96077],[111.64162,-7.96054],[111.64169,-7.96052],[111.64182,-7.96057],[111.64202,-7.96077],[111.64248,-7.96101],[111.6426,-7.961],[111.64275,-7.96086],[111.64282,-7.96085],[111.64295,-7.96093],[111.64308,-7.96091],[111.64314,-7.96087],[111.64321,-7.96071],[111.64321,-7.96017],[111.64328,-7.96011],[111.64348,-7.96014],[111.64405,-7.96043],[111.64422,-7.96046],[111.64434,-7.96042],[111.64441,-7.96026],[111.64448,-7.96023],[111.64459,-7.96026],[111.64801,-7.96015],[111.64817,-7.96051],[111.64836,-7.96083],[111.64859,-7.96113],[111.64884,-7.96139],[111.6498,-7.96217],[111.65006,-7.96243],[111.6503,-7.96273],[111.6505,-7.96306],[111.65066,-7.9634],[111.65078,-7.96375],[111.65111,-7.96504],[111.65125,-7.96536],[111.65143,-7.96566],[111.65174,-7.96602],[111.65217,-7.96645],[111.65267,-7.96686],[111.6532,-7.96724],[111.65374,-7.96756],[111.65419,-7.96777],[111.65454,-7.96789],[111.6549,-7.96797],[111.65564,-7.96799],[111.65613,-7.96793],[111.65662,-7.96782],[111.6571,-7.96767],[111.65755,-7.96747],[111.6582,-7.96707],[111.65849,-7.96735],[111.65902,-7.96777],[111.66052,-7.96757],[111.66187,-7.96716],[111.66262,-7.96713],[111.66343,-7.96758],[111.66349,-7.96774],[111.6635,-7.96813],[111.66333,-7.96884],[111.66299,-7.96982],[111.6626,-7.97052],[111.66251,-7.97061],[111.6624,-7.97089],[111.66223,-7.97107],[111.66171,-7.97122],[111.66163,-7.97129],[111.66172,-7.97189],[111.66154,-7.97224],[111.66151,-7.97323],[111.66158,-7.97344],[111.66192,-7.97383],[111.66225,-7.97403],[111.66223,-7.97414],[111.66209,-7.9743],[111.66164,-7.97459],[111.66161,-7.97479],[111.6615,-7.97491],[111.66119,-7.97504],[111.66109,-7.97533],[111.66102,-7.97541],[111.66077,-7.97552],[111.66007,-7.97543],[111.65961,-7.97555],[111.65934,-7.97559],[111.65906,-7.97536],[111.65841,-7.97532],[111.65783,-7.97537],[111.65738,-7.97554],[111.65704,-7.97558],[111.65641,-7.97579],[111.65624,-7.97598],[111.65523,-7.97588],[111.65365,-7.9756],[111.65315,-7.97555],[111.65266,-7.97555],[111.65216,-7.9756],[111.65168,-7.97571],[111.651,-7.97598],[111.65059,-7.97622],[111.6501,-7.97657],[111.64965,-7.97697],[111.64921,-7.97743],[111.64881,-7.97793],[111.64838,-7.97855],[111.64806,-7.97909],[111.6471,-7.98095],[111.64657,-7.98181],[111.646,-7.98263],[111.6454,-7.98341],[111.64476,-7.98415],[111.64416,-7.98476],[111.64217,-7.9866],[111.64155,-7.98723],[111.64105,-7.98779],[111.64068,-7.98829],[111.64042,-7.9887],[111.64014,-7.98936],[111.64007,-7.98971],[111.64004,-7.99007],[111.64005,-7.99043],[111.64018,-7.99115],[111.6403,-7.9915],[111.64047,-7.99185],[111.64067,-7.99218],[111.64091,-7.99248],[111.64119,-7.99274],[111.64149,-7.99296],[111.64182,-7.99312],[111.64216,-7.99323],[111.64252,-7.99331],[111.643,-7.99335],[111.6435,-7.99335],[111.64399,-7.99329],[111.6446,-7.99317],[111.64545,-7.99295],[111.64652,-7.99261],[111.64782,-7.99213],[111.64991,-7.99128],[111.65197,-7.99038],[111.65332,-7.98975],[111.65419,-7.98929],[111.65481,-7.9889],[111.65538,-7.98847],[111.65579,-7.9888],[111.65637,-7.98956],[111.65686,-7.98998],[111.65653,-7.99016],[111.65648,-7.98992],[111.65637,-7.98978],[111.65629,-7.98972],[111.65609,-7.98966],[111.65572,-7.98966],[111.65546,-7.98971],[111.65523,-7.98981],[111.65503,-7.98996],[111.65483,-7.99023],[111.65475,-7.99044],[111.65469,-7.99088],[111.65472,-7.99111],[111.65496,-7.99199],[111.655,-7.99234],[111.65498,-7.9927],[111.65491,-7.99304],[111.65478,-7.99337],[111.65437,-7.9942],[111.6542,-7.99462],[111.65411,-7.99495],[111.65407,-7.99529],[111.65412,-7.99574],[111.6543,-7.99618],[111.65458,-7.99655],[111.65476,-7.99668],[111.65495,-7.99677],[111.65517,-7.99682],[111.6554,-7.99683],[111.65621,-7.99677],[111.65598,-7.99768],[111.65553,-7.99912],[111.65504,-7.99982],[111.65456,-8.00042],[111.65447,-8.00061],[111.65435,-8.00108],[111.65436,-8.0016],[111.65446,-8.00192],[111.6546,-8.00219],[111.65508,-8.00284],[111.65534,-8.00327],[111.6556,-8.00388],[111.65574,-8.00436],[111.65575,-8.00455],[111.65566,-8.00502],[111.65559,-8.00585],[111.65571,-8.00644],[111.65554,-8.00683],[111.65556,-8.00693],[111.65474,-8.00697],[111.65356,-8.00724],[111.65291,-8.00756],[111.65152,-8.00845],[111.65076,-8.00873],[111.64988,-8.00895],[111.64886,-8.00903],[111.64799,-8.00919],[111.64799,-8.00914],[111.64834,-8.00867],[111.64827,-8.00817],[111.64847,-8.00743],[111.64835,-8.00695],[111.64836,-8.00633],[111.64824,-8.00577],[111.64789,-8.00517],[111.64771,-8.00378],[111.64684,-8.00343],[111.64619,-8.00329],[111.64544,-8.00319],[111.64521,-8.00375],[111.64487,-8.00433],[111.64455,-8.00468],[111.64429,-8.00485],[111.64372,-8.00504],[111.643,-8.00521],[111.6426,-8.00526],[111.64242,-8.00536],[111.64147,-8.00526],[111.64145,-8.00535],[111.64135,-8.00524],[111.64121,-8.00523],[111.63929,-8.00326],[111.63799,-8.00249],[111.63723,-8.00208],[111.63611,-8.00215],[111.63528,-8.00258],[111.6343,-8.00326],[111.63376,-8.00353],[111.63334,-8.00395],[111.63304,-8.00462],[111.63254,-8.00479],[111.63177,-8.00668],[111.63108,-8.00754],[111.6306,-8.00764],[111.63007,-8.00783],[111.62999,-8.00729],[111.63002,-8.00676],[111.6302,-8.00618],[111.6306,-8.00566],[111.63268,-8.0041],[111.63341,-8.00334],[111.63385,-8.00268],[111.63446,-8.00137],[111.63499,-8.0],[111.63519,-7.99963],[111.63523,-7.99929],[111.63519,-7.99904],[111.6351,-7.9988],[111.63482,-7.99836],[111.63464,-7.99818],[111.63434,-7.99797],[111.63402,-7.9978],[111.63357,-7.99763],[111.63228,-7.99722],[111.63121,-7.99692],[111.63037,-7.99674],[111.62952,-7.99661],[111.6278,-7.99642],[111.62584,-7.99625],[111.62474,-7.9962],[111.62364,-7.99621],[111.62229,-7.99628],[111.62096,-7.9964],[111.61987,-7.99655],[111.61904,-7.99671],[111.61824,-7.99691],[111.61722,-7.99723],[111.615,-7.99804],[111.61398,-7.99838],[111.61325,-7.99857],[111.61248,-7.99871],[111.6126,-7.99895],[111.61267,-7.9992],[111.61273,-7.9998],[111.61297,-8.0004],[111.6126,-8.00095],[111.612,-8.00145],[111.6114,-8.00127],[111.61121,-8.001],[111.61112,-8.0004],[111.61115,-7.9992],[111.61111,-7.9987],[111.61031,-7.99858],[111.60947,-7.99839],[111.60889,-7.99822],[111.60846,-7.99804],[111.60815,-7.99787],[111.60786,-7.99765],[111.60752,-7.99732],[111.60713,-7.99685],[111.60671,-7.99624],[111.6064,-7.9957],[111.60619,-7.99526],[111.60603,-7.99478],[111.60591,-7.99429],[111.60582,-7.99378],[111.60579,-7.99328],[111.6058,-7.99206],[111.60577,-7.99157],[111.60561,-7.99045],[111.60559,-7.99008],[111.60562,-7.98972],[111.60568,-7.98948],[111.60599,-7.98853],[111.60603,-7.98829],[111.60599,-7.98783],[111.60589,-7.98749],[111.60574,-7.98715],[111.60534,-7.98655],[111.60493,-7.98611],[111.60351,-7.98472],[111.60321,-7.98433],[111.60301,-7.98402],[111.60277,-7.98337],[111.6027,-7.98303],[111.60259,-7.98194],[111.60252,-7.98172],[111.60229,-7.98133],[111.60154,-7.9805],[111.60131,-7.98018],[111.60119,-7.97994],[111.60112,-7.97969],[111.60109,-7.97944],[111.60114,-7.97919],[111.60124,-7.97897],[111.6014,-7.97878],[111.60158,-7.97864],[111.60179,-7.97856],[111.602,-7.97855],[111.60222,-7.97861],[111.60334,-7.97912],[111.60366,-7.97929],[111.60383,-7.97943],[111.60408,-7.97978],[111.60444,-7.98052],[111.60512,-7.98157],[111.60529,-7.98189],[111.60541,-7.98223],[111.6056,-7.98308],[111.6057,-7.9833],[111.60585,-7.98351],[111.60625,-7.98385],[111.60671,-7.98406],[111.60695,-7.98411],[111.60717,-7.9841],[111.60739,-7.98402],[111.60759,-7.98389],[111.60777,-7.98372],[111.60802,-7.98341],[111.6086,-7.98251],[111.60896,-7.98202],[111.60928,-7.98166],[111.60964,-7.98132],[111.60995,-7.98109],[111.61027,-7.98091],[111.61073,-7.98078],[111.61096,-7.98078],[111.61119,-7.98082],[111.61202,-7.98107],[111.61252,-7.9811],[111.61277,-7.98106],[111.613,-7.98097],[111.6132,-7.98085],[111.61384,-7.98013],[111.61404,-7.98],[111.61457,-7.97977],[111.61475,-7.97966],[111.6149,-7.9795],[111.61499,-7.97929],[111.61506,-7.97905],[111.61515,-7.97839],[111.61524,-7.978],[111.61534,-7.97777],[111.61553,-7.97745],[111.61619,-7.97652],[111.61637,-7.97618],[111.61649,-7.97583],[111.61654,-7.97559],[111.61651,-7.97511],[111.61642,-7.97475],[111.61603,-7.97366],[111.61596,-7.97329],[111.61595,-7.97291],[111.61604,-7.97217],[111.61623,-7.97171],[111.61638,-7.97151],[111.61659,-7.97134],[111.61683,-7.97121],[111.61721,-7.97113],[111.61744,-7.97119],[111.61792,-7.97162],[111.61801,-7.97167],[111.61821,-7.97168],[111.61853,-7.97153],[111.61873,-7.97135],[111.61906,-7.97093],[111.61921,-7.9706],[111.61948,-7.96969],[111.61958,-7.96947],[111.61973,-7.96929],[111.61994,-7.96919],[111.62019,-7.96917],[111.62046,-7.96921],[111.62084,-7.96937],[111.6211,-7.96963],[111.62121,-7.96983],[111.62127,-7.97005],[111.62122,-7.97091],[111.62128,-7.97112],[111.62133,-7.9712],[111.62151,-7.97133],[111.62188,-7.97144],[111.62215,-7.97146],[111.62242,-7.97143],[111.62267,-7.97136],[111.6229,-7.97124],[111.62338,-7.97084],[111.62404,-7.97011],[111.62433,-7.96974],[111.62452,-7.96943],[111.62466,-7.9691],[111.62475,-7.96874],[111.62475,-7.96826],[111.6247,-7.96803],[111.62461,-7.96782],[111.62448,-7.96763],[111.62424,-7.96738],[111.62397,-7.96716],[111.62308,-7.96659],[111.62281,-7.96637],[111.62256,-7.96611],[111.62235,-7.96581],[111.62217,-7.9655],[111.62205,-7.96516],[111.62196,-7.96482],[111.62193,-7.96446],[111.62194,-7.96411],[111.62199,-7.96377],[111.62223,-7.9631],[111.62262,-7.96245],[111.62287,-7.96215],[111.62315,-7.96189],[111.62345,-7.96168],[111.62367,-7.96157],[111.62402,-7.96145],[111.62439,-7.96137],[111.6249,-7.96132],[111.62677,-7.96131],[111.62736,-7.96136],[111.62793,-7.96147],[111.62999,-7.96205],[111.63022,-7.96216],[111.63042,-7.9623],[111.63057,-7.96249],[111.63066,-7.96272],[111.63068,-7.96309],[111.63061,-7.96331],[111.63038,-7.96356],[111.63017,-7.96369],[111.6298,-7.96384],[111.62827,-7.96429],[111.6277,-7.96451],[111.62725,-7.96472],[111.62683,-7.96499],[111.62653,-7.96522],[111.62628,-7.9655],[111.62614,-7.9657],[111.62604,-7.96592],[111.62595,-7.9664],[111.62598,-7.96689],[111.62604,-7.96712],[111.62625,-7.96755],[111.62648,-7.96782],[111.62675,-7.96806],[111.62706,-7.96827],[111.62741,-7.96844],[111.62766,-7.96851],[111.62789,-7.96854],[111.62812,-7.9685],[111.62833,-7.9684],[111.62851,-7.96823],[111.62865,-7.96802],[111.62874,-7.96778],[111.62878,-7.9674],[111.62871,-7.96713],[111.62841,-7.9664],[111.62841,-7.96621],[111.62845,-7.96613],[111.62863,-7.96599],[111.62888,-7.96591],[111.62915,-7.96589],[111.62995,-7.96599],[111.63016,-7.96597],[111.63046,-7.96583],[111.63065,-7.96568],[111.63091,-7.96539],[111.63113,-7.96507],[111.63181,-7.96394],[111.63203,-7.96367],[111.63236,-7.96334],[111.63284,-7.96298],[111.63408,-7.96217],[111.63447,-7.96187],[111.63473,-7.96162],[111.63494,-7.96134],[111.63526,-7.96069],[111.63541,-7.96021],[111.63561,-7.95927],[111.63578,-7.959],[111.63596,-7.95888],[111.63618,-7.95879],[111.63719,-7.9585],[111.63742,-7.95837],[111.6376,-7.95821],[111.63815,-7.95756],[111.63831,-7.95742],[111.63851,-7.95734],[111.63876,-7.9573],[111.63873,-7.95743],[111.63871,-7.95778],[111.63883,-7.95831],[111.63879,-7.95859],[111.63901,-7.95874],[111.6392,-7.95905],[111.63932,-7.95916],[111.63935,-7.9593],[111.63951,-7.95944],[111.63953,-7.95972],[111.63966,-7.9598],[111.64007,-7.95987],[111.64035,-7.96009],[111.64072,-7.96018],[111.64094,-7.96026],[111.64123,-7.96073],[111.64131,-7.96081]],[[111.64889,-8.00163],[111.64872,-8.00228],[111.64872,-8.00286],[111.64894,-8.00331],[111.64963,-8.00353],[111.65048,-8.00363],[111.65123,-8.00349],[111.65175,-8.00327],[111.6522,-8.00282],[111.65257,-8.00214],[111.65287,-8.0013],[111.65334,-7.99975],[111.65347,-7.99918],[111.65349,-7.99884],[111.65338,-7.99839],[111.65321,-7.99811],[111.65309,-7.99799],[111.65282,-7.99781],[111.65252,-7.99769],[111.65219,-7.99764],[111.6517,-7.99768],[111.6514,-7.99782],[111.65112,-7.99801],[111.65078,-7.99838],[111.65032,-7.99906],[111.64999,-7.9997],[111.64987,-8.00001],[111.64974,-8.00017],[111.64889,-8.00163]]]]}},{"type":"Feature","properties":{"tahun":2016,"zona":"004","namobj":"Zona Kerentanan Gerakan Tanah Tinggi","remark":"Tinggi","klsgtn":5,"_cls":"Zona Kerentanan Gerakan Tanah Tinggi"},"geometry":{"type":"Polygon","coordinates":[[[111.61253,-7.95099],[111.61225,-7.95132],[111.61166,-7.95171],[111.61155,-7.95187],[111.61156,-7.95207],[111.61168,-7.95223],[111.61218,-7.95257],[111.61238,-7.95277],[111.61245,-7.95296],[111.61246,-7.95311],[111.6124,-7.95348],[111.61231,-7.95375],[111.61183,-7.95473],[111.61163,-7.95501],[111.61153,-7.9551],[111.61127,-7.95524],[111.611,-7.9553],[111.61087,-7.95529],[111.61063,-7.95518],[111.61007,-7.95474],[111.60979,-7.95464],[111.60949,-7.95463],[111.60919,-7.95471],[111.60906,-7.95478],[111.60882,-7.95499],[111.60867,-7.95525],[111.60865,-7.95537],[111.60868,-7.95555],[111.60882,-7.95577],[111.6092,-7.95607],[111.60984,-7.95644],[111.60998,-7.95656],[111.61,-7.95663],[111.60989,-7.95672],[111.6093,-7.95696],[111.60915,-7.95712],[111.60906,-7.95739],[111.60905,-7.95824],[111.60899,-7.95861],[111.60882,-7.95892],[111.60809,-7.95975],[111.60793,-7.96005],[111.60788,-7.9604],[111.60787,-7.9612],[111.60777,-7.96153],[111.60735,-7.96235],[111.6073,-7.96257],[111.60729,-7.96302],[111.60739,-7.96345],[111.60754,-7.9637],[111.60824,-7.9643],[111.60799,-7.96461],[111.60772,-7.96502],[111.60749,-7.96545],[111.60728,-7.96592],[111.60714,-7.96633],[111.60707,-7.96663],[111.60705,-7.96694],[111.60711,-7.96732],[111.60723,-7.96759],[111.60738,-7.96783],[111.60757,-7.96806],[111.60785,-7.96832],[111.60862,-7.96897],[111.60878,-7.96923],[111.60883,-7.96943],[111.60882,-7.96963],[111.60877,-7.96982],[111.6086,-7.97004],[111.60842,-7.97011],[111.60781,-7.97017],[111.60765,-7.97025],[111.60759,-7.97032],[111.60751,-7.9705],[111.60749,-7.97071],[111.60753,-7.97091],[111.60763,-7.97107],[111.60776,-7.97121],[111.60794,-7.97132],[111.60813,-7.97141],[111.60845,-7.97149],[111.60878,-7.97153],[111.60966,-7.97154],[111.60983,-7.97159],[111.61,-7.97168],[111.61036,-7.97204],[111.61085,-7.97284],[111.61097,-7.97312],[111.61113,-7.97386],[111.61124,-7.97409],[111.61129,-7.97414],[111.61142,-7.97417],[111.61248,-7.97387],[111.61293,-7.97386],[111.61313,-7.97389],[111.61335,-7.97401],[111.61345,-7.97421],[111.61345,-7.97438],[111.61332,-7.97477],[111.61307,-7.97516],[111.61291,-7.97533],[111.61273,-7.97548],[111.61232,-7.97567],[111.61211,-7.97572],[111.61168,-7.97574],[111.61127,-7.97567],[111.61109,-7.9756],[111.61077,-7.97538],[111.61056,-7.97516],[111.61038,-7.97492],[111.6097,-7.97369],[111.60949,-7.97337],[111.60907,-7.97293],[111.60878,-7.97273],[111.60845,-7.97255],[111.60788,-7.97237],[111.60762,-7.97237],[111.60756,-7.9724],[111.60747,-7.97249],[111.60745,-7.97272],[111.60749,-7.97291],[111.60767,-7.97334],[111.60795,-7.97373],[111.60871,-7.97443],[111.60879,-7.97456],[111.60883,-7.9747],[111.60881,-7.97486],[111.60864,-7.97519],[111.60844,-7.97544],[111.60817,-7.97568],[111.60787,-7.97589],[111.60754,-7.97607],[111.6071,-7.97622],[111.60669,-7.97625],[111.6065,-7.97623],[111.60634,-7.97616],[111.60615,-7.97599],[111.60579,-7.97516],[111.60555,-7.97482],[111.6052,-7.97458],[111.605,-7.9745],[111.60457,-7.97442],[111.60436,-7.97444],[111.60416,-7.97449],[111.60396,-7.97459],[111.60363,-7.97488],[111.60351,-7.97506],[111.60344,-7.97524],[111.60344,-7.97552],[111.60351,-7.9757],[111.60362,-7.97587],[111.60395,-7.97619],[111.60489,-7.97674],[111.60511,-7.97691],[111.60517,-7.97704],[111.60515,-7.97718],[111.60504,-7.97732],[111.60487,-7.97747],[111.60445,-7.97767],[111.60423,-7.97771],[111.60403,-7.9777],[111.60354,-7.97757],[111.60257,-7.97718],[111.60226,-7.97712],[111.60184,-7.97707],[111.60142,-7.97707],[111.60087,-7.97714],[111.60067,-7.9763],[111.59884,-7.9757],[111.59877,-7.97531],[111.59863,-7.97509],[111.59854,-7.97501],[111.59816,-7.9749],[111.59719,-7.97492],[111.59682,-7.97491],[111.59657,-7.97486],[111.59606,-7.97463],[111.5957,-7.97437],[111.59492,-7.97371],[111.59469,-7.97357],[111.59445,-7.97348],[111.5942,-7.97345],[111.59338,-7.9735],[111.59298,-7.97344],[111.5927,-7.9733],[111.5924,-7.97299],[111.59231,-7.97277],[111.59231,-7.97267],[111.59244,-7.9725],[111.59266,-7.97237],[111.59408,-7.97186],[111.59543,-7.97154],[111.59583,-7.97139],[111.59607,-7.97124],[111.59629,-7.97105],[111.59648,-7.97082],[111.59661,-7.97056],[111.59669,-7.97028],[111.59669,-7.97001],[111.59661,-7.96975],[111.59648,-7.96949],[111.59611,-7.96903],[111.59578,-7.96875],[111.59545,-7.96854],[111.59511,-7.96836],[111.59476,-7.96823],[111.59437,-7.96813],[111.59396,-7.96806],[111.59341,-7.96804],[111.59285,-7.96807],[111.59229,-7.96816],[111.5919,-7.96826],[111.59169,-7.96836],[111.59152,-7.96854],[111.59127,-7.96904],[111.59119,-7.96914],[111.59097,-7.96924],[111.59068,-7.96926],[111.59011,-7.96921],[111.58961,-7.96913],[111.58926,-7.96903],[111.58891,-7.96887],[111.58787,-7.96824],[111.5875,-7.96808],[111.58633,-7.96774],[111.5861,-7.96762],[111.58588,-7.96747],[111.58569,-7.96728],[111.58542,-7.96696],[111.58409,-7.96487],[111.58386,-7.96439],[111.58371,-7.96399],[111.5836,-7.96358],[111.58353,-7.96315],[111.58352,-7.96274],[111.58358,-7.96235],[111.58369,-7.96199],[111.58386,-7.96163],[111.58458,-7.96037],[111.58475,-7.95999],[111.5848,-7.95965],[111.58473,-7.95946],[111.58445,-7.95923],[111.58349,-7.9588],[111.58324,-7.95864],[111.58305,-7.95845],[111.58291,-7.95823],[111.5828,-7.95798],[111.58269,-7.95758],[111.58263,-7.95676],[111.58267,-7.95637],[111.58284,-7.95587],[111.58324,-7.95516],[111.58335,-7.95491],[111.58341,-7.95464],[111.58342,-7.95409],[111.58334,-7.95367],[111.5832,-7.95327],[111.583,-7.9529],[111.58264,-7.9525],[111.58206,-7.95213],[111.58116,-7.95171],[111.58066,-7.95144],[111.58019,-7.95112],[111.57977,-7.95076],[111.57948,-7.95046],[111.57923,-7.95013],[111.57902,-7.94978],[111.57887,-7.9494],[111.57878,-7.949],[111.57874,-7.94859],[111.57875,-7.94818],[111.57881,-7.94778],[111.57897,-7.94725],[111.57961,-7.94559],[111.5798,-7.94493],[111.57993,-7.94427],[111.57998,-7.94374],[111.57997,-7.94333],[111.5799,-7.94278],[111.57977,-7.94225],[111.57958,-7.94174],[111.57902,-7.94054],[111.57882,-7.94004],[111.57866,-7.93951],[111.57857,-7.93897],[111.57854,-7.93856],[111.57856,-7.93815],[111.57871,-7.93748],[111.57904,-7.93785],[111.57925,-7.93803],[111.57949,-7.93818],[111.58013,-7.93843],[111.58148,-7.93879],[111.58194,-7.93894],[111.58256,-7.93925],[111.58289,-7.93949],[111.5832,-7.93977],[111.58347,-7.94007],[111.5838,-7.94058],[111.58397,-7.94101],[111.5844,-7.94134],[111.58475,-7.9416],[111.585,-7.9417],[111.58515,-7.94182],[111.58579,-7.94175],[111.58615,-7.94184],[111.5864,-7.94197],[111.58673,-7.94221],[111.58778,-7.9431],[111.58838,-7.94374],[111.58854,-7.94387],[111.58871,-7.94395],[111.58888,-7.94394],[111.58906,-7.94385],[111.58923,-7.94371],[111.58949,-7.94334],[111.5896,-7.94306],[111.58987,-7.94198],[111.59006,-7.94139],[111.59029,-7.94082],[111.5907,-7.94003],[111.59112,-7.9395],[111.59166,-7.93908],[111.59247,-7.93868],[111.59294,-7.93851],[111.59352,-7.93835],[111.59411,-7.93823],[111.59501,-7.93816],[111.5954,-7.93818],[111.59597,-7.9383],[111.59624,-7.93841],[111.5965,-7.93857],[111.59725,-7.93913],[111.5976,-7.93935],[111.59815,-7.93958],[111.59843,-7.93964],[111.59881,-7.93962],[111.59909,-7.93954],[111.60033,-7.9391],[111.60061,-7.93905],[111.6011,-7.93908],[111.60148,-7.93923],[111.60164,-7.93935],[111.60177,-7.93949],[111.60186,-7.93965],[111.60201,-7.94019],[111.60209,-7.94036],[111.60235,-7.94066],[111.6027,-7.94084],[111.60308,-7.94089],[111.60338,-7.94085],[111.60433,-7.94053],[111.60471,-7.94048],[111.605,-7.94052],[111.60643,-7.94097],[111.60684,-7.94104],[111.6075,-7.94108],[111.60774,-7.94115],[111.6078,-7.9412],[111.60785,-7.94133],[111.60783,-7.94183],[111.60791,-7.94215],[111.60814,-7.94241],[111.60842,-7.94255],[111.6086,-7.94254],[111.60867,-7.9425],[111.60911,-7.94197],[111.60935,-7.94189],[111.60973,-7.94197],[111.61101,-7.94256],[111.61118,-7.9426],[111.61131,-7.94257],[111.6114,-7.94249],[111.61146,-7.94234],[111.61153,-7.94146],[111.61158,-7.94116],[111.61165,-7.94106],[111.61177,-7.94105],[111.61199,-7.94119],[111.61253,-7.94169],[111.61281,-7.9419],[111.61309,-7.94205],[111.61337,-7.94215],[111.6143,-7.94234],[111.61476,-7.9425],[111.6151,-7.94276],[111.61525,-7.94293],[111.61535,-7.94312],[111.61538,-7.9433],[111.61537,-7.94339],[111.61527,-7.94354],[111.615,-7.94373],[111.61478,-7.94381],[111.61447,-7.94388],[111.61388,-7.94397],[111.61351,-7.94411],[111.61317,-7.94437],[111.61293,-7.94471],[111.61285,-7.94507],[111.61287,-7.94535],[111.61294,-7.94563],[111.61323,-7.94626],[111.61366,-7.94704],[111.61374,-7.94745],[111.61374,-7.94766],[111.6137,-7.94787],[111.61362,-7.94805],[111.61351,-7.9482],[111.61337,-7.94834],[111.61253,-7.9489],[111.61238,-7.94904],[111.61219,-7.94936],[111.6121,-7.94973],[111.61212,-7.95012],[111.61222,-7.95041],[111.61253,-7.95099]],[[111.6059,-7.96459],[111.60565,-7.96437],[111.60508,-7.96399],[111.60484,-7.96376],[111.60463,-7.96335],[111.60442,-7.96276],[111.60405,-7.96204],[111.60364,-7.96145],[111.6035,-7.96129],[111.60322,-7.9611],[111.60283,-7.96098],[111.60233,-7.96096],[111.60179,-7.96106],[111.60147,-7.96117],[111.60116,-7.96131],[111.60061,-7.96164],[111.60024,-7.96197],[111.60002,-7.96231],[111.5999,-7.96277],[111.59986,-7.96311],[111.59986,-7.96382],[111.59998,-7.9645],[111.6002,-7.96514],[111.60036,-7.96542],[111.60055,-7.96559],[111.6008,-7.96569],[111.60126,-7.96572],[111.60155,-7.96564],[111.60165,-7.96556],[111.6017,-7.96545],[111.60167,-7.96502],[111.60174,-7.96481],[111.60185,-7.9647],[111.60198,-7.96463],[111.60219,-7.9646],[111.60232,-7.96464],[111.6025,-7.96477],[111.60265,-7.96501],[111.60276,-7.96541],[111.60284,-7.96558],[111.60293,-7.96567],[111.60316,-7.9658],[111.60356,-7.96587],[111.60375,-7.96586],[111.60466,-7.96568],[111.60492,-7.96572],[111.60503,-7.9658],[111.60514,-7.96597],[111.60519,-7.96617],[111.60515,-7.96634],[111.60493,-7.96647],[111.60455,-7.96657],[111.60435,-7.96667],[111.60426,-7.96677],[111.60419,-7.96695],[111.60418,-7.96709],[111.60423,-7.96728],[111.6043,-7.96738],[111.60452,-7.96752],[111.60503,-7.96763],[111.60532,-7.96766],[111.60566,-7.96763],[111.60588,-7.96753],[111.60597,-7.96744],[111.60615,-7.96714],[111.60622,-7.96693],[111.60629,-7.9665],[111.60625,-7.96561],[111.60616,-7.96509],[111.60608,-7.96489],[111.6059,-7.96459]]]}},{"type":"Feature","properties":{"tahun":2016,"zona":"004","namobj":"Zona Kerentanan Gerakan Tanah Tinggi","remark":"Tinggi","klsgtn":5,"_cls":"Zona Kerentanan Gerakan Tanah Tinggi"},"geometry":{"type":"MultiPolygon","coordinates":[[[[111.60596,-8.01944],[111.60575,-8.01944],[111.60531,-8.01929],[111.60489,-8.01921],[111.6047,-8.01914],[111.60459,-8.01854],[111.60467,-8.01814],[111.60492,-8.01786],[111.6052,-8.01767],[111.6057,-8.01749],[111.60624,-8.01742],[111.60708,-8.01757],[111.60719,-8.01762],[111.60726,-8.0178],[111.60753,-8.01805],[111.60778,-8.01816],[111.60746,-8.01857],[111.60704,-8.0189],[111.60665,-8.01909],[111.60627,-8.01935],[111.60596,-8.01944]]],[[[111.59079,-7.98851],[111.59313,-7.98932],[111.59598,-7.98962],[111.5971,-7.98962],[111.59814,-7.98943],[111.59826,-7.98981],[111.59843,-7.99017],[111.59869,-7.99061],[111.59979,-7.99206],[111.6006,-7.9932],[111.60091,-7.99371],[111.6011,-7.99407],[111.60128,-7.99462],[111.60132,-7.9949],[111.60127,-7.99528],[111.60117,-7.99557],[111.60087,-7.99611],[111.60061,-7.99642],[111.60034,-7.9967],[111.60003,-7.99695],[111.5997,-7.99716],[111.59933,-7.99734],[111.59895,-7.99748],[111.59836,-7.9976],[111.59806,-7.9976],[111.59765,-7.99756],[111.59715,-7.99746],[111.59473,-7.99679],[111.59412,-7.99666],[111.59332,-7.99658],[111.59292,-7.9966],[111.59234,-7.99671],[111.59196,-7.99686],[111.59151,-7.99709],[111.59048,-7.99769],[111.58996,-7.9981],[111.58961,-7.99856],[111.58948,-7.99883],[111.5894,-7.99911],[111.58924,-8.0],[111.58927,-8.00148],[111.5891,-8.00243],[111.5889,-8.00327],[111.5884,-8.00477],[111.58833,-8.0055],[111.58834,-8.00624],[111.58854,-8.00817],[111.58852,-8.00917],[111.58839,-8.00987],[111.58757,-8.01128],[111.58739,-8.01204],[111.58727,-8.01271],[111.58709,-8.01325],[111.58674,-8.01366],[111.58236,-8.01502],[111.58145,-8.01541],[111.581,-8.01576],[111.58075,-8.01629],[111.58075,-8.01672],[111.58095,-8.01704],[111.58141,-8.01729],[111.58306,-8.01739],[111.58482,-8.01739],[111.58579,-8.01765],[111.58634,-8.01798],[111.58685,-8.0187],[111.58702,-8.01932],[111.5871,-8.02008],[111.58707,-8.02124],[111.58684,-8.02192],[111.58643,-8.0225],[111.58526,-8.02349],[111.58496,-8.02391],[111.58462,-8.02468],[111.58337,-8.02514],[111.58273,-8.02572],[111.58261,-8.0266],[111.58234,-8.02701],[111.58189,-8.02791],[111.58111,-8.02913],[111.58068,-8.03003],[111.58035,-8.03081],[111.57994,-8.03133],[111.57972,-8.03179],[111.57948,-8.03243],[111.57911,-8.0331],[111.57902,-8.03354],[111.57828,-8.03463],[111.57817,-8.03496],[111.57795,-8.03519],[111.57777,-8.03543],[111.57768,-8.03562],[111.57759,-8.03593],[111.57759,-8.0365],[111.57747,-8.0371],[111.57671,-8.03871],[111.57634,-8.03876],[111.57559,-8.03916],[111.57462,-8.03971],[111.57432,-8.04],[111.57412,-8.0405],[111.57409,-8.04211],[111.57375,-8.04283],[111.57366,-8.0431],[111.57359,-8.04369],[111.57384,-8.04466],[111.5735,-8.0463],[111.57352,-8.0468],[111.57345,-8.04763],[111.57339,-8.04782],[111.5733,-8.04792],[111.57322,-8.04778],[111.57296,-8.04701],[111.57291,-8.04572],[111.57284,-8.04492],[111.57272,-8.04475],[111.5724,-8.04557],[111.57199,-8.046],[111.5718,-8.0463],[111.57158,-8.046],[111.57165,-8.0454],[111.57167,-8.04414],[111.57114,-8.04406],[111.57058,-8.04406],[111.57,-8.04394],[111.56958,-8.04378],[111.56928,-8.04358],[111.56904,-8.04316],[111.56894,-8.04271],[111.56894,-8.04229],[111.56901,-8.04191],[111.56922,-8.04141],[111.57011,-8.04076],[111.57053,-8.04041],[111.57076,-8.03987],[111.57084,-8.03922],[111.57079,-8.03857],[111.57066,-8.03784],[111.57044,-8.03722],[111.57014,-8.03655],[111.56953,-8.0358],[111.56821,-8.03476],[111.56769,-8.03419],[111.56756,-8.03362],[111.56762,-8.03316],[111.56794,-8.03249],[111.56856,-8.03205],[111.56929,-8.03179],[111.5706,-8.03172],[111.57154,-8.03192],[111.57241,-8.0324],[111.57358,-8.03315],[111.57512,-8.03393],[111.57608,-8.03421],[111.57691,-8.03429],[111.57753,-8.03421],[111.57788,-8.03391],[111.5782,-8.03341],[111.57837,-8.03289],[111.57842,-8.03227],[111.57835,-8.03181],[111.57771,-8.03009],[111.57761,-8.02949],[111.57756,-8.02892],[111.57757,-8.02827],[111.57782,-8.027],[111.5779,-8.02602],[111.57782,-8.02482],[111.57799,-8.02383],[111.57819,-8.02302],[111.57849,-8.02245],[111.57887,-8.02223],[111.57957,-8.02201],[111.57997,-8.02185],[111.58019,-8.02161],[111.58022,-8.02128],[111.58014,-8.02096],[111.57975,-8.02065],[111.57865,-8.0204],[111.5776,-8.0201],[111.57704,-8.01975],[111.57672,-8.01933],[111.57662,-8.0189],[111.5765,-8.01785],[111.57634,-8.01711],[111.57605,-8.01646],[111.5757,-8.0159],[111.57535,-8.01545],[111.57461,-8.01475],[111.57369,-8.01427],[111.5726,-8.01393],[111.57064,-8.01354],[111.56888,-8.01309],[111.56818,-8.01265],[111.56778,-8.012],[111.56773,-8.01152],[111.56774,-8.01109],[111.56796,-8.0106],[111.56828,-8.01019],[111.56895,-8.01065],[111.5698,-8.01087],[111.57081,-8.01097],[111.57258,-8.01048],[111.57326,-8.01023],[111.57397,-8.00976],[111.57472,-8.00908],[111.57547,-8.00806],[111.57595,-8.00771],[111.57646,-8.00757],[111.57718,-8.00782],[111.57793,-8.00842],[111.57914,-8.00879],[111.57992,-8.00885],[111.58072,-8.00858],[111.58109,-8.0083],[111.58131,-8.00795],[111.58148,-8.00735],[111.58166,-8.00591],[111.58204,-8.00443],[111.58251,-8.00358],[111.58299,-8.00299],[111.58395,-8.00229],[111.58445,-8.00199],[111.58473,-8.00171],[111.58495,-8.00121],[111.58508,-8.0002],[111.58508,-8.0],[111.58347,-7.99819],[111.58304,-7.99741],[111.58213,-7.99547],[111.58184,-7.99463],[111.58173,-7.99393],[111.58177,-7.99332],[111.5819,-7.99295],[111.58214,-7.99263],[111.58248,-7.99239],[111.58288,-7.99224],[111.58318,-7.99219],[111.58349,-7.9922],[111.58379,-7.99224],[111.58407,-7.99234],[111.58475,-7.99267],[111.58514,-7.99281],[111.58594,-7.99298],[111.58634,-7.99301],[111.58674,-7.993],[111.58714,-7.99295],[111.58771,-7.99278],[111.58798,-7.99264],[111.58823,-7.99246],[111.58846,-7.99224],[111.58875,-7.99182],[111.58887,-7.99145],[111.58884,-7.99106],[111.58876,-7.99076],[111.58815,-7.98905],[111.588,-7.98871],[111.58865,-7.98912],[111.59079,-7.98851]]]]}},{"type":"Feature","properties":{"tahun":2016,"zona":"004","namobj":"Zona Kerentanan Gerakan Tanah Tinggi","remark":"Tinggi","klsgtn":5,"_cls":"Zona Kerentanan Gerakan Tanah Tinggi"},"geometry":{"type":"Polygon","coordinates":[[[111.56266,-8.007],[111.5622,-8.0071],[111.562,-8.007],[111.5622,-8.00676],[111.56266,-8.007]]]}},{"type":"Feature","properties":{"tahun":2016,"zona":"004","namobj":"Zona Kerentanan Gerakan Tanah Tinggi","remark":"Tinggi","klsgtn":5,"_cls":"Zona Kerentanan Gerakan Tanah Tinggi"},"geometry":{"type":"Polygon","coordinates":[[[111.626,-7.9428],[111.62599,-7.94287],[111.62589,-7.94297],[111.62587,-7.94304],[111.62566,-7.94337],[111.62562,-7.94339],[111.62543,-7.94334],[111.62532,-7.94338],[111.62533,-7.94366],[111.62523,-7.94382],[111.62493,-7.94389],[111.62494,-7.94399],[111.62503,-7.94409],[111.62492,-7.94418],[111.62471,-7.94418],[111.62457,-7.9442],[111.6245,-7.94424],[111.62447,-7.94434],[111.62447,-7.9447],[111.62429,-7.94486],[111.62419,-7.94502],[111.62423,-7.94513],[111.62441,-7.94542],[111.62459,-7.94551],[111.62476,-7.94549],[111.62482,-7.94552],[111.62485,-7.9456],[111.62483,-7.94577],[111.62478,-7.94589],[111.62486,-7.94603],[111.625,-7.94617],[111.62502,-7.94635],[111.625,-7.94653],[111.62483,-7.94674],[111.62486,-7.94684],[111.62506,-7.947],[111.62512,-7.94719],[111.62487,-7.94775],[111.62485,-7.94789],[111.62496,-7.94824],[111.62493,-7.94831],[111.62498,-7.94842],[111.62511,-7.94841],[111.62519,-7.94852],[111.62525,-7.94853],[111.62532,-7.94861],[111.62529,-7.9487],[111.62517,-7.94893],[111.62518,-7.94908],[111.62527,-7.94914],[111.62557,-7.94921],[111.62407,-7.94983],[111.62363,-7.94993],[111.6234,-7.94995],[111.62301,-7.94991],[111.6227,-7.9498],[111.62244,-7.9496],[111.62228,-7.94936],[111.62221,-7.94919],[111.62217,-7.94896],[111.62223,-7.9487],[111.62239,-7.94855],[111.62279,-7.94829],[111.62304,-7.94806],[111.62313,-7.94793],[111.62322,-7.94772],[111.62325,-7.94743],[111.62321,-7.94721],[111.62316,-7.94711],[111.62296,-7.9469],[111.62246,-7.94657],[111.62215,-7.9464],[111.62167,-7.94621],[111.62146,-7.94617],[111.62112,-7.94615],[111.62095,-7.94618],[111.62067,-7.9463],[111.6205,-7.94645],[111.62045,-7.94654],[111.62041,-7.94676],[111.6205,-7.94711],[111.62067,-7.94735],[111.62128,-7.94787],[111.6214,-7.94806],[111.62148,-7.94835],[111.62149,-7.94869],[111.62144,-7.94897],[111.62124,-7.94927],[111.621,-7.94941],[111.62091,-7.94942],[111.62082,-7.94938],[111.62063,-7.94918],[111.62054,-7.94895],[111.62043,-7.94845],[111.62034,-7.94829],[111.62007,-7.94798],[111.61993,-7.94787],[111.61973,-7.94776],[111.61889,-7.9476],[111.6186,-7.94745],[111.61844,-7.9473],[111.61808,-7.94686],[111.61784,-7.94641],[111.61776,-7.9461],[111.61782,-7.94543],[111.61775,-7.94491],[111.61756,-7.94444],[111.61706,-7.94346],[111.617,-7.94324],[111.61696,-7.9429],[111.61701,-7.94245],[111.61716,-7.94195],[111.61741,-7.94142],[111.61756,-7.94118],[111.61782,-7.94089],[111.61814,-7.94065],[111.61866,-7.94039],[111.61917,-7.94024],[111.61957,-7.94021],[111.61991,-7.94027],[111.62053,-7.94061],[111.62099,-7.94093],[111.62178,-7.94163],[111.62226,-7.94191],[111.62257,-7.94204],[111.62301,-7.94218],[111.62329,-7.94223],[111.62416,-7.94231],[111.62495,-7.94244],[111.62533,-7.94254],[111.626,-7.9428]]]}},{"type":"Feature","properties":{"tahun":2016,"zona":"004","namobj":"Zona Kerentanan Gerakan Tanah Tinggi","remark":"Tinggi","klsgtn":5,"_cls":"Zona Kerentanan Gerakan Tanah Tinggi"},"geometry":{"type":"Polygon","coordinates":[[[111.56504,-8.0052],[111.5646,-8.00569],[111.564,-8.00535],[111.5639,-8.0052],[111.56364,-8.0046],[111.5634,-8.00432],[111.5628,-8.00393],[111.5622,-8.00348],[111.56218,-8.0034],[111.56227,-8.0028],[111.56242,-8.0022],[111.56246,-8.0016],[111.56242,-8.001],[111.5628,-8.00033],[111.5634,-7.99967],[111.564,-7.99923],[111.5646,-7.99925],[111.56497,-7.9998],[111.5648,-8.001],[111.56444,-8.0016],[111.564,-8.00203],[111.56388,-8.0022],[111.56376,-8.0028],[111.56379,-8.0034],[111.56402,-8.004],[111.56438,-8.0046],[111.56504,-8.0052]]]}},{"type":"Feature","properties":{"tahun":2016,"zona":"004","namobj":"Zona Kerentanan Gerakan Tanah Tinggi","remark":"Tinggi","klsgtn":5,"_cls":"Zona Kerentanan Gerakan Tanah Tinggi"},"geometry":{"type":"Polygon","coordinates":[[[111.56571,-8.0076],[111.56559,-8.0082],[111.5652,-8.00835],[111.5646,-8.00846],[111.564,-8.00845],[111.5634,-8.00833],[111.56303,-8.0082],[111.5634,-8.00779],[111.564,-8.00779],[111.5646,-8.00771],[111.5652,-8.00753],[111.56571,-8.0076]]]}},{"type":"Feature","properties":{"tahun":2016,"zona":"004","namobj":"Zona Kerentanan Gerakan Tanah Tinggi","remark":"Tinggi","klsgtn":5,"_cls":"Zona Kerentanan Gerakan Tanah Tinggi"},"geometry":{"type":"Polygon","coordinates":[[[111.55687,-7.9776],[111.55703,-7.9782],[111.55737,-7.9788],[111.55759,-7.9794],[111.55757,-7.98],[111.55749,-7.9806],[111.55765,-7.9812],[111.55805,-7.9818],[111.55823,-7.9824],[111.558,-7.9826],[111.55729,-7.9836],[111.55719,-7.98405],[111.55756,-7.98406],[111.55794,-7.98399],[111.55832,-7.98388],[111.55868,-7.98373],[111.55901,-7.98354],[111.55932,-7.98329],[111.56025,-7.98234],[111.56055,-7.98208],[111.56087,-7.98186],[111.5612,-7.98168],[111.56144,-7.98159],[111.56168,-7.98154],[111.56205,-7.98151],[111.56243,-7.98155],[111.56281,-7.98163],[111.56316,-7.98177],[111.56349,-7.98195],[111.56379,-7.98217],[111.56405,-7.98243],[111.56426,-7.98274],[111.56483,-7.98377],[111.56512,-7.98421],[111.56537,-7.98452],[111.56565,-7.98478],[111.56608,-7.98502],[111.56633,-7.98509],[111.56726,-7.98524],[111.56751,-7.98532],[111.56775,-7.98545],[111.56804,-7.98573],[111.56816,-7.98596],[111.56819,-7.98621],[111.56809,-7.98658],[111.56787,-7.98708],[111.56779,-7.98734],[111.56777,-7.9876],[111.56779,-7.98786],[111.56789,-7.98825],[111.56803,-7.98863],[111.5684,-7.98938],[111.56877,-7.99007],[111.56912,-7.99061],[111.56945,-7.99102],[111.56982,-7.99139],[111.57022,-7.99174],[111.57065,-7.99203],[111.571,-7.99222],[111.57146,-7.99241],[111.57332,-7.99294],[111.57394,-7.99316],[111.57441,-7.99337],[111.57474,-7.99357],[111.57504,-7.99381],[111.57547,-7.99419],[111.57597,-7.99472],[111.57628,-7.99516],[111.57639,-7.99539],[111.57649,-7.99587],[111.57649,-7.99612],[111.57635,-7.99662],[111.57608,-7.99706],[111.57591,-7.99725],[111.57571,-7.99741],[111.57539,-7.99761],[111.57503,-7.99776],[111.57454,-7.99792],[111.57392,-7.99807],[111.57329,-7.99816],[111.57279,-7.99818],[111.57229,-7.99816],[111.57178,-7.99808],[111.57116,-7.99793],[111.56654,-7.99641],[111.56539,-7.99608],[111.56462,-7.99591],[111.56386,-7.9958],[111.56283,-7.99572],[111.56152,-7.99569],[111.56033,-7.99572],[111.55966,-7.99577],[111.55915,-7.99585],[111.55865,-7.99598],[111.55829,-7.99612],[111.55795,-7.9963],[111.55741,-7.99667],[111.55627,-7.9975],[111.55574,-7.99784],[111.55529,-7.99807],[111.5547,-7.99832],[111.55396,-7.99857],[111.55308,-7.9988],[111.55203,-7.999],[111.55072,-7.99919],[111.54982,-7.99929],[111.54953,-7.99909],[111.54882,-7.99874],[111.54842,-7.9985],[111.54807,-7.99819],[111.54777,-7.99781],[111.54754,-7.99739],[111.54744,-7.9971],[111.5474,-7.99678],[111.54743,-7.99649],[111.54752,-7.99623],[111.5477,-7.99603],[111.54798,-7.99589],[111.54928,-7.99558],[111.54939,-7.99553],[111.54948,-7.99542],[111.54954,-7.99529],[111.54957,-7.99434],[111.54961,-7.99416],[111.54966,-7.99399],[111.54983,-7.99369],[111.55005,-7.99344],[111.55031,-7.99325],[111.55061,-7.99311],[111.55093,-7.99304],[111.55128,-7.99302],[111.55214,-7.99302],[111.55228,-7.99299],[111.55239,-7.99293],[111.55247,-7.99283],[111.55252,-7.9927],[111.55266,-7.99185],[111.5528,-7.99156],[111.55293,-7.99144],[111.55309,-7.99135],[111.55349,-7.99124],[111.55467,-7.99105],[111.55479,-7.991],[111.55486,-7.99092],[111.55488,-7.99082],[111.55485,-7.99072],[111.55469,-7.99047],[111.55446,-7.99023],[111.5542,-7.99002],[111.55379,-7.9898],[111.55227,-7.98922],[111.55183,-7.98896],[111.55157,-7.98875],[111.55123,-7.98839],[111.55016,-7.98696],[111.5498,-7.98641],[111.54957,-7.98594],[111.54946,-7.98547],[111.54953,-7.98521],[111.54972,-7.98502],[111.55029,-7.98471],[111.55057,-7.98451],[111.55082,-7.98429],[111.551,-7.98402],[111.55112,-7.9837],[111.55117,-7.98336],[111.55114,-7.98301],[111.55073,-7.98164],[111.55068,-7.98132],[111.5507,-7.981],[111.55079,-7.98069],[111.55096,-7.98041],[111.55107,-7.98028],[111.55133,-7.98008],[111.55163,-7.97995],[111.55179,-7.97991],[111.55211,-7.97989],[111.55244,-7.97995],[111.55275,-7.98007],[111.55303,-7.98023],[111.55308,-7.98032],[111.55322,-7.98022],[111.55422,-7.98078],[111.55462,-7.9811],[111.55487,-7.9814],[111.55507,-7.98174],[111.55554,-7.98275],[111.55574,-7.98308],[111.55598,-7.98338],[111.55627,-7.98364],[111.55644,-7.98376],[111.55631,-7.983],[111.55616,-7.9812],[111.55616,-7.9806],[111.5562,-7.98038],[111.55636,-7.98],[111.55641,-7.9794],[111.55629,-7.9788],[111.55626,-7.9782],[111.55663,-7.9776],[111.5568,-7.97751],[111.55687,-7.9776]]]}},{"type":"Feature","properties":{"tahun":2016,"zona":"004","namobj":"Zona Kerentanan Gerakan Tanah Tinggi","remark":"Tinggi","klsgtn":5,"_cls":"Zona Kerentanan Gerakan Tanah Tinggi"},"geometry":{"type":"Polygon","coordinates":[[[111.5952,-7.93743],[111.5946,-7.93781],[111.594,-7.9377],[111.59374,-7.9374],[111.59402,-7.9368],[111.5946,-7.93644],[111.5952,-7.9365],[111.59535,-7.9368],[111.5952,-7.93743]]]}},{"type":"Feature","properties":{"tahun":2016,"zona":"004","namobj":"Zona Kerentanan Gerakan Tanah Tinggi","remark":"Tinggi","klsgtn":5,"_cls":"Zona Kerentanan Gerakan Tanah Tinggi"},"geometry":{"type":"Polygon","coordinates":[[[111.60074,-8.0088],[111.6006,-8.00912],[111.60056,-8.0088],[111.6006,-8.00863],[111.60074,-8.0088]]]}},{"type":"Feature","properties":{"tahun":2016,"zona":"004","namobj":"Zona Kerentanan Gerakan Tanah Tinggi","remark":"Tinggi","klsgtn":5,"_cls":"Zona Kerentanan Gerakan Tanah Tinggi"},"geometry":{"type":"Polygon","coordinates":[[[111.60125,-8.0076],[111.6012,-8.0082],[111.60118,-8.0076],[111.6012,-8.00756],[111.60125,-8.0076]]]}},{"type":"Feature","properties":{"tahun":2016,"zona":"001","namobj":"Zona Kerentanan Gerakan Tanah Sangat Rendah","remark":"Sangat Rendah","klsgtn":2,"_cls":"Zona Kerentanan Gerakan Tanah Sangat Rendah"},"geometry":{"type":"Polygon","coordinates":[[[111.55899,-7.94487],[111.55866,-7.94499],[111.55841,-7.94499],[111.55793,-7.94491],[111.55781,-7.94492],[111.55758,-7.945],[111.55733,-7.94519],[111.5566,-7.94598],[111.55641,-7.94614],[111.55605,-7.94638],[111.5557,-7.94651],[111.55533,-7.94657],[111.55515,-7.94655],[111.55491,-7.94648],[111.55462,-7.94626],[111.55448,-7.94607],[111.55444,-7.94595],[111.55442,-7.9457],[111.55447,-7.94545],[111.55458,-7.94523],[111.55471,-7.94512],[111.55493,-7.94504],[111.5551,-7.94502],[111.55598,-7.94511],[111.5562,-7.94505],[111.55638,-7.94491],[111.55659,-7.94463],[111.5567,-7.94441],[111.55694,-7.94369],[111.5571,-7.94332],[111.55734,-7.94302],[111.55765,-7.94285],[111.55802,-7.9428],[111.55834,-7.9428],[111.55877,-7.94286],[111.55907,-7.94303],[111.55924,-7.94325],[111.55932,-7.94341],[111.55943,-7.94376],[111.55945,-7.94412],[111.55942,-7.94429],[111.55933,-7.94451],[111.55913,-7.94475],[111.55899,-7.94487]]]}},{"type":"Feature","properties":{"tahun":2016,"zona":"004","namobj":"Zona Kerentanan Gerakan Tanah Tinggi","remark":"Tinggi","klsgtn":5,"_cls":"Zona Kerentanan Gerakan Tanah Tinggi"},"geometry":{"type":"Polygon","coordinates":[[[111.558,-8.04627],[111.5574,-8.0464],[111.5568,-8.04634],[111.55624,-8.046],[111.5568,-8.0457],[111.5574,-8.04552],[111.558,-8.04565],[111.55844,-8.046],[111.558,-8.04627]]]}},{"type":"Feature","properties":{"tahun":2016,"zona":"004","namobj":"Zona Kerentanan Gerakan Tanah Tinggi","remark":"Tinggi","klsgtn":5,"_cls":"Zona Kerentanan Gerakan Tanah Tinggi"},"geometry":{"type":"Polygon","coordinates":[[[111.5965,-7.9998],[111.5964,-7.99983],[111.59638,-7.9998],[111.5964,-7.99972],[111.5965,-7.9998]]]}},{"type":"Feature","properties":{"tahun":2016,"zona":"004","namobj":"Zona Kerentanan Gerakan Tanah Tinggi","remark":"Tinggi","klsgtn":5,"_cls":"Zona Kerentanan Gerakan Tanah Tinggi"},"geometry":{"type":"Polygon","coordinates":[[[111.64927,-8.0094],[111.6492,-8.00955],[111.6492,-8.00938],[111.64927,-8.0094]]]}},{"type":"Feature","properties":{"tahun":2016,"zona":"004","namobj":"Zona Kerentanan Gerakan Tanah Tinggi","remark":"Tinggi","klsgtn":5,"_cls":"Zona Kerentanan Gerakan Tanah Tinggi"},"geometry":{"type":"Polygon","coordinates":[[[111.57788,-7.93661],[111.57786,-7.93647],[111.57796,-7.93653],[111.57788,-7.93661]]]}},{"type":"Feature","properties":{"tahun":2016,"zona":"004","namobj":"Zona Kerentanan Gerakan Tanah Tinggi","remark":"Tinggi","klsgtn":5,"_cls":"Zona Kerentanan Gerakan Tanah Tinggi"},"geometry":{"type":"Polygon","coordinates":[[[111.5648,-8.0202],[111.5646,-8.02021],[111.56459,-8.0202],[111.5646,-8.02016],[111.5648,-8.0202]]]}},{"type":"Feature","properties":{"tahun":2016,"zona":"001","namobj":"Zona Kerentanan Gerakan Tanah Sangat Rendah","remark":"Sangat Rendah","klsgtn":2,"_cls":"Zona Kerentanan Gerakan Tanah Sangat Rendah"},"geometry":{"type":"Polygon","coordinates":[[[111.54632,-7.94454],[111.54601,-7.94453],[111.54586,-7.94449],[111.54567,-7.94439],[111.54558,-7.94429],[111.54553,-7.94415],[111.54553,-7.94392],[111.54558,-7.94378],[111.54571,-7.94363],[111.54595,-7.94356],[111.54676,-7.94348],[111.54724,-7.94339],[111.5477,-7.94324],[111.54824,-7.94292],[111.54953,-7.94197],[111.54985,-7.94181],[111.55013,-7.94179],[111.55028,-7.94182],[111.55053,-7.94195],[111.55063,-7.94206],[111.55068,-7.94218],[111.5507,-7.94246],[111.55067,-7.94268],[111.55053,-7.94309],[111.5503,-7.94343],[111.54998,-7.94368],[111.54979,-7.94377],[111.54939,-7.94388],[111.54809,-7.94394],[111.54746,-7.94403],[111.54707,-7.94417],[111.54659,-7.94445],[111.54632,-7.94454]]]}},{"type":"Feature","properties":{"tahun":2016,"zona":"001","namobj":"Zona Kerentanan Gerakan Tanah Sangat Rendah","remark":"Sangat Rendah","klsgtn":2,"_cls":"Zona Kerentanan Gerakan Tanah Sangat Rendah"},"geometry":{"type":"Polygon","coordinates":[[[111.54531,-7.99342],[111.54502,-7.99335],[111.54477,-7.9934],[111.54446,-7.99363],[111.54433,-7.99383],[111.54431,-7.99393],[111.54435,-7.99412],[111.5445,-7.99428],[111.54522,-7.99475],[111.54543,-7.99495],[111.54558,-7.99518],[111.54567,-7.99543],[111.54566,-7.99584],[111.54548,-7.99625],[111.54518,-7.99655],[111.54496,-7.99661],[111.54487,-7.99659],[111.5447,-7.99646],[111.5443,-7.99594],[111.54403,-7.99566],[111.54383,-7.99552],[111.54351,-7.99541],[111.54321,-7.99543],[111.54321,-7.99538],[111.54337,-7.9947],[111.54344,-7.99391],[111.54355,-7.99371],[111.54391,-7.9935],[111.54397,-7.99344],[111.544,-7.99332],[111.54397,-7.99285],[111.54404,-7.99273],[111.54427,-7.99261],[111.54446,-7.99263],[111.5446,-7.99274],[111.5449,-7.99313],[111.54531,-7.99342]]]}},{"type":"Feature","properties":{"tahun":2016,"zona":"004","namobj":"Zona Kerentanan Gerakan Tanah Tinggi","remark":"Tinggi","klsgtn":5,"_cls":"Zona Kerentanan Gerakan Tanah Tinggi"},"geometry":{"type":"Polygon","coordinates":[[[111.6516,-8.0148],[111.6516,-8.01484],[111.6516,-8.01479],[111.6516,-8.0148]]]}},{"type":"Feature","properties":{"tahun":2016,"zona":"004","namobj":"Zona Kerentanan Gerakan Tanah Tinggi","remark":"Tinggi","klsgtn":5,"_cls":"Zona Kerentanan Gerakan Tanah Tinggi"},"geometry":{"type":"Polygon","coordinates":[[[111.54461,-8.0328],[111.5442,-8.03316],[111.54392,-8.0328],[111.5442,-8.03156],[111.54433,-8.0316],[111.54476,-8.0322],[111.54461,-8.0328]]]}},{"type":"Feature","properties":{"tahun":2016,"zona":"004","namobj":"Zona Kerentanan Gerakan Tanah Tinggi","remark":"Tinggi","klsgtn":5,"_cls":"Zona Kerentanan Gerakan Tanah Tinggi"},"geometry":{"type":"Polygon","coordinates":[[[111.64982,-8.0118],[111.6498,-8.01182],[111.64979,-8.0118],[111.6498,-8.01172],[111.64982,-8.0118]]]}},{"type":"Feature","properties":{"tahun":2016,"zona":"004","namobj":"Zona Kerentanan Gerakan Tanah Tinggi","remark":"Tinggi","klsgtn":5,"_cls":"Zona Kerentanan Gerakan Tanah Tinggi"},"geometry":{"type":"Polygon","coordinates":[[[111.6271,-7.9602],[111.627,-7.96021],[111.62699,-7.9602],[111.627,-7.96018],[111.6271,-7.9602]]]}},{"type":"Feature","properties":{"tahun":2016,"zona":"004","namobj":"Zona Kerentanan Gerakan Tanah Tinggi","remark":"Tinggi","klsgtn":5,"_cls":"Zona Kerentanan Gerakan Tanah Tinggi"},"geometry":{"type":"Polygon","coordinates":[[[111.55449,-8.0046],[111.55402,-8.0052],[111.55335,-8.0058],[111.55261,-8.0064],[111.552,-8.00705],[111.5508,-8.00753],[111.5502,-8.008],[111.54989,-8.0082],[111.5496,-8.00857],[111.54948,-8.0088],[111.54936,-8.0094],[111.54894,-8.01],[111.5484,-8.01034],[111.5478,-8.01061],[111.54767,-8.0106],[111.5472,-8.01043],[111.54685,-8.01],[111.5466,-8.00938],[111.54679,-8.0088],[111.5472,-8.0084],[111.54772,-8.0076],[111.54798,-8.007],[111.54786,-8.0064],[111.5484,-8.00583],[111.549,-8.00576],[111.5496,-8.0055],[111.54983,-8.0052],[111.5502,-8.00455],[111.5508,-8.00468],[111.552,-8.00489],[111.5526,-8.0048],[111.55309,-8.0046],[111.5532,-8.00454],[111.55379,-8.004],[111.5541,-8.0034],[111.5538,-8.00289],[111.55359,-8.0028],[111.5544,-8.00263],[111.55459,-8.0028],[111.55463,-8.004],[111.55449,-8.0046]]]}},{"type":"Feature","properties":{"tahun":2016,"zona":"004","namobj":"Zona Kerentanan Gerakan Tanah Tinggi","remark":"Tinggi","klsgtn":5,"_cls":"Zona Kerentanan Gerakan Tanah Tinggi"},"geometry":{"type":"Polygon","coordinates":[[[111.5574,-7.99874],[111.5568,-7.99883],[111.55636,-7.9986],[111.55655,-7.998],[111.55667,-7.9974],[111.5568,-7.9973],[111.5574,-7.99725],[111.558,-7.99711],[111.5598,-7.99658],[111.55988,-7.9968],[111.55986,-7.9974],[111.5598,-7.99757],[111.55945,-7.998],[111.5592,-7.99813],[111.5586,-7.99829],[111.55788,-7.9986],[111.5574,-7.99874]]]}},{"type":"Feature","properties":{"tahun":2016,"zona":"004","namobj":"Zona Kerentanan Gerakan Tanah Tinggi","remark":"Tinggi","klsgtn":5,"_cls":"Zona Kerentanan Gerakan Tanah Tinggi"},"geometry":{"type":"Polygon","coordinates":[[[111.62762,-7.9596],[111.6276,-7.9596],[111.6276,-7.9596],[111.62762,-7.9596]]]}},{"type":"Feature","properties":{"tahun":2016,"zona":"004","namobj":"Zona Kerentanan Gerakan Tanah Tinggi","remark":"Tinggi","klsgtn":5,"_cls":"Zona Kerentanan Gerakan Tanah Tinggi"},"geometry":{"type":"Polygon","coordinates":[[[111.56596,-8.0208],[111.5658,-8.02095],[111.5652,-8.02092],[111.56497,-8.0208],[111.5652,-8.02025],[111.5658,-8.02056],[111.56596,-8.0208]]]}}]}